y,x,mass,size,ecc,signal,raw_mass,ep,frame,particle
1440.031858897405,735.8899252008496,441.6455289621149,3.4898769214887917,0.01575788861287423,6.56615847842834,2463.0,0.0026355696505781646,0,1
1434.0180954535174,2445.9462791223705,360.6085296041204,3.482352835541742,0.028434812332662866,5.628135838652863,2108.0,0.003211537819048478,0,4
1417.48883557852,2074.5420741834287,442.01258129941834,3.412672993789357,0.02019108957538496,7.7080990833723995,2677.0,0.0023784341747599847,0,5
1561.4458245908518,910.9117918590013,485.93651099673093,3.3641615417105486,0.06208518153879536,9.013174060451325,2743.0,0.0023089583421301335,0,22
1779.5761235228156,1060.4770982489433,472.80419403987423,3.4146567854837,0.04361040418620027,8.156718606743281,2736.0,0.0023161339782303294,0,25
1971.8925531914895,2135.51536643026,345.02919706524074,3.4484210249057208,0.057190024385657456,5.913620989888878,2122.0,0.0031840961927035276,0,35
1894.4906152889994,494.11547545059045,328.10400595624844,3.426489867986377,0.05472718761509038,5.750486617754013,1938.0,0.0035869128467686698,0,40
1882.4694887300714,229.49092908191315,296.74142291332055,3.4056432164023227,0.08133354768976601,5.546568652585431,1847.0,0.0038263135156094675,0,41
1866.5095103197086,273.93268582220423,302.32877515893966,3.357955735358334,0.08994727078604249,5.587352245619147,1894.0,0.0036988097547819144,0,42
1815.6219631768167,2507.650288702473,374.35260045648283,3.4153578661628017,0.032840820316201405,6.484591292360908,2266.0,0.0029268593800527297,0,45
419.4714640198511,71.98619727047146,262.97260788140335,3.4367963976511886,0.0381494148974534,4.608546012809954,1572.0,0.004793049126732119,0,53
395.1211511220458,969.5062998583463,547.030333361238,3.419566017102419,0.005771752956825989,9.17630843258619,3326.0,0.0018353787820526617,0,55
284.3124854684957,1993.7238626675967,526.2307009140427,3.4000948238665636,0.03295256344603972,8.931606874383892,3764.0,0.001590321634008033,0,60
158.1104263989663,1157.0770301162906,410.3237295122207,3.4854119714425273,0.0399286319439473,6.280673327192326,2448.0,0.0026556942115446196,0,65
92.0258516224586,332.90884610206007,302.8997454614117,3.500851038121089,0.0039452127413344635,4.771680384944819,1686.0,0.004338634418758381,0,68
484.76209548221726,820.6464274271067,254.57118771645779,2.9661661486294446,0.09251107132254961,6.892427222698072,1065.0,0.008972440059086087,0,73
29.407739876321564,2101.9766606822263,204.44815187802033,3.3749053373843845,0.07695261306174216,3.874441338203058,2127.0,0.0031744089173362405,0,74
1434.0827563825185,2446.6378191259196,382.6292408885569,3.4163522315937915,0.032452206742120834,6.58135539823459,2198.0,0.0029578649687307845,1,4
1439.8926476838078,2112.63178920527,486.9789072970437,3.4520699703689366,0.04438155159121258,7.823120567712814,2836.0,0.0021554846320484544,1,5
1561.4125407030142,910.9948234115387,495.75404782802315,3.360912597671592,0.04227160162416551,9.06488573719104,2817.0,0.0021730397000565664,1,22
1779.5649456289066,1061.9928932271598,483.41918047787277,3.405042522748855,0.048454842812313506,8.319826635504104,2816.0,0.0021739715754537535,1,25
1972.6330386338864,2133.8021073028945,341.77516681272334,3.4407738299498307,0.05268857813938396,6.126041502759241,2123.0,0.003093224021080058,1,35
1896.651382823872,490.03384279475983,341.23706857261607,3.473560634816349,0.033609574051612294,5.463766745704188,2010.0,0.0033222917494948132,1,40
1882.3280182232347,228.67774353477154,308.9097819938663,3.464817136844706,0.0646747333387966,5.09123719486072,1908.0,0.003560281703853782,1,41
1868.9326810176126,274.61409001956946,317.27100080168634,3.4636496480649015,0.017306577363111107,5.215413711808543,1996.0,0.003353055756555584,1,42
1814.1923366698957,2505.282746744161,384.57467298740613,3.4394997045544233,0.01866336321980694,6.539963225918649,2283.0,0.0028181025566301845,1,45
1443.017419754178,749.0906357768149,468.1040767209747,3.454772010115595,0.021587167574790834,7.243630155289643,2557.0,0.002445600112792556,1,1
417.8446311592139,72.74508686983765,290.65583400253644,3.41080345030139,0.035100459742784584,5.339590228756365,1689.0,0.0042073910632918895,1,53
395.810184830125,969.4876907738324,539.7125348275523,3.438859332497428,0.01755345238304194,8.982101392559157,3321.0,0.0017869801872153898,1,55
282.4430669323297,1994.0276732344475,560.905327053314,3.3818002523280413,0.041389106044761266,10.09969004508956,3985.0,0.0014480516145001007,1,60
158.12141949359665,1157.0584612376576,423.4005306197586,3.4546911578587327,0.04972200452802258,6.622747570550531,2461.0,0.0025643606365793933,1,65
93.47256235827665,332.72910052910055,273.8092198699485,3.3956755211442036,0.0696484322997552,5.298198056440424,1602.0,0.004534829306222989,1,68
27.932845150919807,2102.043043400607,231.75477279695264,3.483356698386532,0.04636262078839616,3.808079853066555,2531.0,0.0024766644641963684,1,74
484.71578452865646,820.6709990604447,264.33041240959807,2.9513223798052994,0.07760367518257456,7.491983189185288,1087.0,0.008408505424604435,1,73
1440.7365325366445,740.3315283353562,450.0687681516569,3.42565790866215,0.024232400694798647,7.353378249140133,2492.0,0.002475978957800313,2,1
1473.9059913121876,2140.7512498975493,512.67753153005,3.471074285012411,0.04070753774516034,7.9836678133521435,2911.0,0.002048415394533592,2,5
1434.8346637506834,2445.006342263532,384.2665376479229,3.454650355100761,0.043092031485937494,6.218857033558512,2200.0,0.002897449652888784,2,4
1561.382156448203,910.9465539112051,496.878273120469,3.3544517768249995,0.04607344503340739,9.202227637495366,2824.0,0.00212459434574978,2,22
1779.4977125593439,1061.925075528701,486.79364009307676,3.437172709730009,0.055932709263159165,8.067706421913746,2821.0,0.0021273223954145623,2,25
1972.637950838502,2132.1240523776705,365.8200630686514,3.4443826894216745,0.03790472404285552,6.134818424996911,2189.0,0.0029161495865309374,2,35
1890.9714180569185,493.5509077526987,342.5413684970878,3.431976001343518,0.011977377843432249,5.924721903592907,1950.0,0.0033917640023380974,2,40
1881.4584500466854,227.91636654661863,315.0187241931633,3.4137557261658076,0.07268184435787452,5.588567469346501,1932.0,0.0034339446365138342,2,41
1866.5464246119734,273.7771618625277,303.2112996902583,3.4092812215910806,0.09303413108324392,5.588567469346501,1927.0,0.003445848313498942,2,42
1813.1403527640352,2505.335663583566,390.6954912028854,3.435137854587092,0.02773820212920414,6.555011467804918,2281.0,0.0027668022670430887,2,45
416.05692908262847,74.40175666883539,258.33468271836307,3.3971073461704644,0.06182524926590385,4.748181383730485,1581.0,0.004533294821846808,2,53
396.54538834951455,969.4639158576052,519.3586009106973,3.4252890648810252,0.03195000256487302,8.992131116091363,3251.0,0.0017966570784261075,2,55
282.4873219596181,1994.0234778525592,536.9226701000721,3.411389777787968,0.026498732976320046,8.950111811810562,4004.0,0.0014122485663837585,2,60
157.4274825550188,1158.6252281266775,391.409819375659,3.4340500791810147,0.04119783862013961,6.681069380647321,2369.0,0.002637593964897417,2,65
92.89488717509283,332.8697514995716,294.21916857416693,3.4593159164118172,0.021773270821789283,4.748181383730485,1662.0,0.004221420724969949,2,68
40.82752067963335,2110.5712050078246,375.90469609604355,3.3465031584064335,0.07101062103210437,7.1853010320169295,3004.0,0.001972800754467819,2,74
484.36902640531343,820.7383768022031,259.38516532538307,2.9854390407437705,0.10348477462228374,6.933185206332125,1073.0,0.008447230862343282,2,73
1512.8479543476158,2158.1732275848726,495.0776014689949,3.475961694428124,0.019397537552334556,7.565747270732294,2814.0,0.0020755532313067094,3,5
1445.4388070342206,744.7231463878327,402.9957533574873,3.4119666117498597,0.02756213755271668,7.1826714595559755,2385.0,0.0025440363013520357,3,1
1434.8051275239106,2446.5160733262487,360.4743383169159,3.393436184638456,0.051160721951807826,6.320750884409258,2099.0,0.002994662760006272,3,4
1561.566370778492,911.5543311906948,469.31575316738747,3.3610873952824645,0.04985378912879922,8.85862813345237,2732.0,0.0021512754225056067,3,22
1779.649231070624,1061.9670878636498,488.8526195373797,3.4353808394981518,0.0374844234514553,7.948823081908613,2807.0,0.0020818085888886515,3,25
1896.4858832224686,493.2069475240207,323.9384828259745,3.394748346206598,0.047253663931108025,5.98555954962998,1929.0,0.0033470665945651646,3,40
1884.6463394203383,225.59976545485006,285.8224396139308,3.4120351085297327,0.03470962839008746,5.123638974483263,1845.0,0.00355370166563864,3,41
1867.3788512153585,273.7948598854312,309.2858330484803,3.4116817977752243,0.06769657022825877,5.458830309262542,1930.0,0.003344751292749759,3,42
1812.393172690763,2505.3989290495315,357.6970386858876,3.4134743633013658,0.03903877166304259,6.1292129788211,2170.0,0.0028685252158247606,3,45
1971.0967919592456,2131.3239708109595,347.78495207170033,3.4722796360391635,0.012432462419502736,5.650368214850701,2127.0,0.0029436161900878496,3,35
417.0416234887737,70.30362694300518,277.25111833886064,3.5243784591493665,0.019301344083311762,4.405371828527665,1658.0,0.004119930363306316,3,53
395.8642348008386,970.207463312369,571.0223810347001,3.448075451416091,0.03991353148166181,9.05016603904053,3418.0,0.001648220971758696,3,55
282.20812182741116,1993.7496936810783,547.1280273125772,3.400739203629778,0.01742350093258871,9.481126326613888,4016.0,0.0013691326971982081,3,60
158.2765931959751,1158.577383804504,399.73960896248855,3.4326115761720186,0.046035975554690085,6.895364601173736,2378.0,0.0025534406026044808,3,65
91.12178911442429,334.52344171007724,266.57288010232077,3.4623640467933745,0.038568814538972325,4.5011407813217446,1574.0,0.004437537794463091,3,68
77.40700013410219,2123.115596084216,357.07454049272604,3.41915578136007,0.0598344493404685,6.368635360806298,2653.0,0.002229643270241805,3,74
484.9226018143216,820.3456861609728,248.0894722130634,2.995976198756708,0.0684811090153973,6.799595648379657,1038.0,0.008733775602892905,3,73
1434.8452653372563,2445.0539391958155,382.5418337659843,3.4748900796583118,0.02775264157827186,6.127672394420801,2191.0,0.002917550835452328,4,4
1561.4860475549574,911.8678331090175,464.57761112802604,3.381765687558067,0.06035112068258434,8.420338936551033,2720.0,0.0022272490020210393,4,22
1542.7871381521927,2166.981452591437,480.95975569270206,3.476638723538282,0.04287541522223772,7.294848088596192,2793.0,0.0021568278279689383,4,5
1445.563903363335,743.9675982946471,439.9835518579017,3.398846183133148,0.03988296380826219,7.795066243242788,2480.0,0.0024950798618663295,4,1
1779.633633093525,1062.7431654676259,463.53548997251227,3.4143687072524473,0.051060590634732374,8.003490474345536,2725.0,0.0022222792632514373,4,25
1971.064649410621,2130.5402843601896,343.0245995489032,3.4310031652054795,0.04532060321172374,5.669139085994755,2086.0,0.003108798647433446,4,35
1894.9287999052244,489.10851794811043,351.8617869476597,3.496965021902821,0.0216479430162594,5.544084547333106,2022.0,0.003238179384751732,4,40
1884.028902604245,230.46740930302573,276.9124334431114,3.400020366357434,0.032425224393663195,4.752072469142662,1817.0,0.0037362446041510227,4,41
1867.1823489477258,273.8082824168364,307.0088924143483,3.4647874691503855,0.06026808155052917,5.252290623789258,1921.0,0.0034658057957631773,4,42
1812.3763037618658,2505.4379467947965,355.6967927999503,3.383527700144398,0.06477207678698026,6.419466317964648,2183.0,0.0029312900963181497,4,45
416.1116298811545,72.81989247311827,294.628493086845,3.536054093366892,0.022237061549976105,4.543648238039913,1681.0,0.004160813973170635,4,53
395.85952398828744,969.4967339890383,555.200466811501,3.4474920727553657,0.02416813955665946,9.045611629859277,3329.0,0.0017504529441317645,4,55
282.9677345885211,1993.6906316428788,549.0727944170802,3.4598912196406015,0.025740576095835743,8.712132860094881,4097.0,0.0013783471564355824,4,60
180.11688456810816,1138.4368085819644,373.03768882769896,3.4526149194630085,0.0061402741734168965,6.127672394420801,2289.0,0.002759129820076912,4,65
107.04303716360529,2105.450982486117,390.33690000922707,3.342987585594208,0.09646290164263942,7.50327231969894,2756.0,0.0021919551478465134,4,74
94.5834994632725,332.9457138475694,271.82688220420437,3.4052558670853164,0.06988802960553386,4.752072469142662,1586.0,0.00451956638036752,4,68
484.6924706649283,820.6515645371578,255.77821640929275,2.9896333272746842,0.05743523201534078,6.9196844726112445,1069.0,0.008515072712096498,4,73
1547.6292773801354,2170.4422002157075,426.3785476133611,3.4102732620617844,0.053578957635036305,7.357841394249588,2625.0,0.002264910949682464,5,5
1443.8209238357204,743.2838850422081,440.75978306575803,3.4753505251819536,0.030633781867947973,7.023394058147335,2474.0,0.002436779176026479,5,1
1434.671993371212,2446.6225142045455,353.17638692398026,3.417451868384875,0.07319003790844061,6.0618579668533545,2098.0,0.003004488307184607,5,4
1561.3397076321605,910.994135645079,491.8884195723901,3.3532213093909453,0.040023186956987526,9.155495825799203,2738.0,0.0021513591964653148,5,22
1778.5291134655438,1046.4645476772616,461.6627415721489,3.4050157164600363,0.071829467292627,7.984930149441315,2695.0,0.002193201075042827,5,25
1970.146680942184,2130.3859148227457,351.4205384094434,3.420261944323112,0.040675541518701584,5.978246132827791,2089.0,0.00302133689569056,5,35
1892.7358092162465,493.83691466898523,336.5794378699059,3.46936841555231,0.0018525934560005282,5.434769211661628,1938.0,0.003335127459432647,5,40
1881.4370956146656,226.93256649892163,290.7601528238971,3.477709650630797,0.06639033189107696,4.76587453945712,1831.0,0.003600074480847662,5,41
1867.2879419276785,273.80158623470896,310.9942166580835,3.4485444268269037,0.0727744130671928,5.392963294648846,1942.0,0.003325976997669522,5,42
1813.2169266005017,2505.316283127931,383.3184530901959,3.4119975908926707,0.03181415936498316,6.939782224121771,2237.0,0.0027662416699860254,5,45
416.95322166893015,70.28172627131433,277.04781204370465,3.5157066358326836,0.015987837129967472,4.431427203354866,1658.0,0.004130622135220007,5,53
395.02166115760605,971.8123637386595,594.4383340047438,3.4659689023152795,0.015466410523438235,9.280913576837548,3435.0,0.001643211006892392,5,55
283.00266078759313,1993.7063250722215,549.9150323861312,3.4231500865618614,0.03696892970215177,8.946466240735296,3948.0,0.001399853556231644,5,60
195.32646810308407,1132.2313054499366,395.81842227701765,3.4632630507975937,0.04985369485406401,6.3126934689300445,2366.0,0.002576622611871588,5,65
129.00562260010972,2541.529210093253,304.84874685720456,3.3880902052067126,0.05447063319841191,5.434769211661628,1832.0,0.0035974036154941733,5,113
104.86492915503155,2103.200641224532,404.2214115965868,3.4658328153774636,0.04872767424490416,6.605334888019517,2770.0,0.0021212426890290298,5,74
92.05347670250896,331.1883870967742,291.5962711641527,3.5289483847895764,0.02396518685698502,4.5568449543932115,1680.0,0.004054634796645365,5,68
478.0229239410961,857.6705632306057,275.37557536319343,2.9046640120021303,0.08458262141653611,8.235765651518005,1117.0,0.007661427399708013,5,73
1435.6665148063782,2445.7706150341687,345.74803534751015,3.4435241787929503,0.045492150599913087,5.828099001301993,2020.0,0.0032751724049192256,6,4
1442.2843340234645,744.7087646652864,399.42167682571704,3.4710674408233504,0.025206063935275736,6.379405663587317,2286.0,0.0027918163344393195,6,1
1561.555630878739,910.811541394797,464.7121372592218,3.324790623805465,0.04308636308980527,8.939043738483463,2643.0,0.0023302606605861494,6,22
1968.5339572834173,2132.1730261579073,328.18498024899196,3.4433953363336918,0.05949975722370653,5.670582812077615,2018.0,0.00327944142867128,6,35
1896.4564864237643,493.139823624971,339.36862968392285,3.403938172186002,0.043547029126274804,6.0643732851385606,1944.0,0.0034456153717892604,6,40
1885.6012580336387,226.29468070559278,287.97897294946944,3.434666936047115,0.05923582990163856,4.961759960567913,1818.0,0.0037709683276807497,6,41
1866.0963668850507,278.7159023228112,330.5871021346638,3.2807123095284663,0.08016536299908428,7.048849467790925,1943.0,0.003447976369726311,6,42
1813.274678111588,2505.4903708594697,357.8374028704812,3.4399692377975573,0.0534709540950759,5.946236143220277,2144.0,0.003030578349287526,6,45
1770.1077478717,1010.5305701264081,457.9389411225735,3.3890279376284242,0.026055585390228977,8.033325650443288,2718.0,0.002252042625160181,6,25
1588.6577311937667,2172.4673035896485,424.54550900700536,3.413594824549954,0.03634178152422373,7.166986609709208,2532.0,0.002456534958257184,6,5
419.4158979089791,72.66774292742927,256.12132367883896,3.4179002063281785,0.05304688178365087,4.883001865955724,1507.0,0.004916935977456014,6,53
394.37288617308513,970.2847093932073,554.2207117859747,3.4642349356058473,0.030764247337980152,8.702769454646896,3330.0,0.0017678326696478099,6,55
281.5622533467461,1992.8742552039,508.8954283366599,3.342167611856137,0.042017504649013306,9.60848754268707,3723.0,0.0015533606959015314,6,60
228.00998288648032,1126.6460353679406,414.1888195655025,3.434581359613058,0.01646749815172538,6.694438042036074,2378.0,0.0026562332794193115,6,65
113.45593368237347,2086.062172774869,361.02710570227487,3.4274136092490526,0.07481890075388983,6.418784710893412,2603.0,0.0023742405098083493,6,74
110.60543406229291,2499.553346587144,297.1149119244834,3.348896735334845,0.08976056418962086,5.631203764771521,1829.0,0.003740136620900177,6,113
94.54444768289129,331.9934421451472,270.2190226144208,3.3948586978766184,0.04249154318542531,4.686106629425251,1557.0,0.0046878981296849835,6,68
465.20473667809284,894.3946712371455,252.73472561051483,2.922895084443676,0.07530750662892834,7.560777082770154,1043.0,0.008995415616023746,6,73
1437.7063331079557,2449.9087221095333,352.6892913964214,3.440927486855748,0.024016615773702784,5.961617501629841,2013.0,0.0035529101202944223,7,4
1443.8801309022908,743.9092099111734,425.06332786620766,3.4765628159948063,0.019521115278409162,6.47829101843776,2360.0,0.002896069257381837,7,1
1561.4165376011013,910.8687833419377,461.9061240262801,3.330449621672532,0.060821539648666254,8.703961552379567,2607.0,0.002559277948959726,7,22
1611.0902242152467,2165.291659192825,443.14690095448486,3.4458007198468197,0.021634875242361257,7.153941001955809,2577.0,0.0025959446349151996,7,5
1769.1159270177675,1011.3145566090351,498.82840841970756,3.404302535750888,0.016534535026730787,8.386008618959309,2819.0,0.00232701009530777,7,25
1970.2071547420965,2130.568100784407,334.40699772475654,3.4046312785814035,0.027303311907110245,5.961617501629841,2025.0,0.0035252601820039684,7,35
1891.3896367792736,489.7607315214631,312.9451747188891,3.4653112438515583,0.04654087169004654,5.325711634789324,1856.0,0.003959192528817667,7,40
1882.3179562826874,228.6554914845112,296.37187806435816,3.4572040179647825,0.058074555947554604,5.007758701369067,1832.0,0.004029632773627225,7,41
1867.4314752462901,280.5997007108118,318.7080716371313,3.2325582125587076,0.1413749728626568,7.273173351988406,1866.0,0.003930564000899541,7,42
1813.2756982924348,2505.442609973991,351.4572237794179,3.412862566012997,0.04772377946814389,6.0013616183073735,2126.0,0.0033085460387340775,7,45
417.8043541364296,72.70566037735848,273.8369639081974,3.472763608817708,0.04938996481739319,4.650061651271276,1594.0,0.004892902503308929,7,53
395.08577958717234,972.6288836511678,556.4573776021293,3.43984185151457,0.018693938572343496,8.783449785734632,3298.0,0.0019310398590667319,7,55
249.0043633478778,1121.3225902419674,400.77967257623544,3.4276247843133114,0.023427785067819697,6.557779251792825,2362.0,0.0028929866168290433,7,65
102.89397249710834,2463.5253823416015,309.24897186787865,3.4089587664684085,0.06257325116258765,5.206479284756728,1899.0,0.0038389588709729296,7,113
99.16844076483343,2064.6404494382023,403.24380781024246,3.456995524494774,0.051764476925451434,6.597523368470357,2769.0,0.002377908112477169,7,74
93.67951625094483,332.85986394557824,262.90733182187597,3.441531941052554,0.03648168362003477,4.610317534593744,1562.0,0.005038017995237396,7,68
282.31865246098437,1993.5976890756303,529.7095870781501,3.3813160632108517,0.030754290995980944,9.538588002607746,3824.0,0.0016270167889042527,7,60
451.6355154028436,910.2202310426541,268.3522758066979,2.8928331117301385,0.08606861088083734,7.789846868796325,1096.0,0.00886818792518917,7,73
1561.451284490961,911.4768791627022,456.6384604404491,3.3425293384930765,0.053958127587733926,8.733047625930569,2645.0,0.0024352745578652512,8,22
1433.4192886456908,2452.4113543091657,317.60486639578335,3.3886024462878037,0.024874605234887725,5.908927746898295,1942.0,0.0036091097561224703,8,4
1444.6355415352261,744.6421661409044,413.19046230149104,3.4305640521768908,0.009996670168110552,6.9951277003722465,2381.0,0.0027741015454469035,8,1
1634.2762771579567,2157.3467410452145,443.95164498387334,3.4020706853519007,0.023821634743533587,7.5599516761787005,2574.0,0.002517985562867631,8,5
1969.3958038357575,2131.342386407517,337.54749754156506,3.4267992005621073,0.0498629383683248,5.691687756203504,2022.0,0.0034214365190553056,8,35
1892.8335473927561,492.3081171333162,338.28611350992736,3.477072532069179,0.035860535748888776,5.34410377109184,1937.0,0.0036215252899651825,8,40
1884.1922851276033,229.53666764447053,296.228451311416,3.4456344259428615,0.04674915866548858,4.996519785980176,1842.0,0.003874785258327631,8,41
1866.2095817050224,278.4437689969605,300.1822191420612,3.2651220276661532,0.11746492523097368,6.299959730148918,1849.0,0.003854921337249905,8,42
1813.2280894756143,2505.404473780711,355.4480727748158,3.392885702401597,0.04095294483789684,6.343407728287875,2137.0,0.0031834725427490845,8,45
1770.9104943625325,1006.3163920208152,500.9554185421863,3.3974124126273533,0.05219049607534335,8.385463640818903,2808.0,0.002264504214686977,8,25
419.76277247956403,944.22939373297,255.12664507196166,2.942280807260558,0.08585337539277367,7.299263687344952,1101.0,0.008524788169007863,8,73
417.0968734812895,70.33484529402236,268.20449251178803,3.4906322067294244,0.036718744246403125,4.562039804590595,1595.0,0.004735875459169555,8,53
395.8514556430045,970.289829601895,568.603951644544,3.451782285646816,0.033692905238516854,8.993735614764317,3339.0,0.001843398870251645,8,55
282.30028747433266,1993.6711293634496,528.9793773418143,3.3853167665458224,0.038529400884823824,9.254423603598065,3808.0,0.0015833407953888795,8,60
270.4144914491449,1126.2497749774977,386.1658074590591,3.441389154968033,0.03130029551737916,6.430303724565792,2358.0,0.002808140229634358,8,65
111.91301478352693,2422.361272439282,329.16203390074617,3.380912631487673,0.07858194555329145,6.126167737593085,1952.0,0.0035845323314693993,8,113
92.78216350123864,333.66473988439304,263.077628731391,3.471412090094867,0.05033300071429607,4.344799813895805,1577.0,0.00481383472407343,8,68
85.64464179988158,2086.1407933688574,366.91834428350074,3.390056158509012,0.07237413205536013,6.430303724565792,2558.0,0.0025374063587674405,8,74
1442.3123057799876,743.7925212347213,416.88605057657844,3.456288348581389,0.026025795586152863,6.563774568846066,2371.0,0.0026783431077330015,9,1
1431.2837259100643,2450.7712348322625,362.9940067481581,3.465200370732791,0.029679070217171838,5.959216384873402,2106.0,0.0031159479331317455,9,4
1561.3046568850816,910.8664904766244,473.8440680522887,3.3377837176504483,0.036848192575301954,8.938824577310102,2651.0,0.0023322595631957545,9,22
1673.751052786211,2188.323180883361,440.93882975320514,3.4354577559831307,0.002994716265397352,7.125150025392111,2572.0,0.0024205044782151753,9,5
1768.3625386127492,1005.3917438921651,461.3210770985692,3.3998144334887703,0.006048290263698775,7.988804573924488,2712.0,0.0022684028262957992,9,25
1970.0868374032161,2131.122572960095,362.5189967464653,3.4886013655604664,0.015229558953639803,5.700120020313689,2111.0,0.003106371727873768,9,35
1897.4136596156504,492.2810728605005,312.34066747673415,3.3922757714317435,0.06113978456798362,5.700120020313689,1847.0,0.0037080804793697027,9,40
1885.6913671184443,227.05126694166177,293.12435377188876,3.479229555934395,0.03918281078238853,4.7069172895014555,1831.0,0.0037521285271834297,9,41
1868.041095890411,280.74548713352965,337.3002839293199,3.282246249592655,0.11172578107763442,7.211515480245349,1953.0,0.003440498870194656,9,42
1812.3499814103359,2505.420869996282,348.44142760538756,3.405906382998643,0.049201716139640674,6.261495476859734,2100.0,0.003127517604692323,9,45
416.9611497157296,70.29974731522425,273.4330300653506,3.472389060356193,0.013455871575921156,4.404638197515124,1647.0,0.004345798273219042,9,53
395.89382902118393,972.4813698400737,515.731313656109,3.423962624443771,0.02273405491610527,8.766093667603627,3236.0,0.0018364708705797155,9,73
383.1084497671324,969.2789975604347,194.7109179666244,2.7904964975857554,0.040082290094748924,5.916033657446783,1679.0,0.004229417842711052,9,55
296.1041146455325,1143.4179785039626,397.7561023265863,3.4309574313717963,0.020111676084840196,6.563774568846066,2362.0,0.002691179150492876,9,65
282.2628285356696,1993.6349603671256,517.544988208027,3.373693909734411,0.034936251795875214,8.895641849883484,3758.0,0.0015436606648336394,9,60
117.48884960565678,2394.435953222736,317.56577749535506,3.381608096844137,0.0739559037655025,5.700120020313689,1918.0,0.003524476558460387,9,113
93.7462283627124,332.7945053199937,271.92163460541894,3.391785422632755,0.06287909625493049,4.966013654061168,1640.0,0.004372115434855067,9,68
82.61383042693927,2121.3066746843056,359.06437855233577,3.3879805943240786,0.08086108173670785,6.5205918414194475,2495.0,0.002513187754087503,9,74
1436.8653648509764,2449.860454493548,368.9656968335193,3.470704818603603,0.026922677600789438,5.645929356593764,2087.0,0.003334329128474685,10,4
1444.686827010164,743.0647076582469,418.68358221247934,3.431718689949949,0.013206537493952156,6.909943391652069,2381.0,0.0028176676900377295,10,1
1561.41033461918,910.1852516372118,469.66548162649764,3.4017103967557896,0.0377367681858546,7.963288420867324,2678.0,0.0024363048820034167,10,22
1703.310990635781,2193.3173977328734,427.4474128555503,3.442221823088895,0.015376943157807452,7.2048799998323405,2496.0,0.002656646908927366,10,5
1972.4493078444298,2133.691364535267,319.5848818639082,3.4200926330999923,0.04095769467525585,5.856598362436815,2019.0,0.003482004185721671,10,35
1896.794056499939,491.1215604745017,344.5280921557254,3.437273122800816,0.027418772642103968,5.730196958930984,1943.0,0.0036633386831518944,10,40
1882.29324055666,228.7306163021869,296.7062278293529,3.443626418220289,0.07707004286384422,5.224591344907662,1840.0,0.003941527272644503,10,41
1867.413774763994,280.52586092274964,316.88831858911715,3.2417959208512515,0.11929829366993756,6.9520771928206795,1863.0,0.0038758046729489197,10,42
1812.4119549592717,2505.3508624820315,351.7329721555578,3.388832812255603,0.053604164585945614,6.3200701752915265,2126.0,0.0032551510960002884,10,45
1769.0758138330023,1005.4375269838529,487.95155133367444,3.4164001523333716,0.02575534051684805,8.173957426710375,2813.0,0.002295106804230439,10,25
416.07814445828143,73.70345579078456,270.6675387071518,3.4524207761282653,0.020205560027012893,4.550450526209899,1568.0,0.00493021680909456,10,53
395.08978473581215,969.4830528375734,538.259309928995,3.4400427795091777,0.011157734990113532,8.637429239565087,3229.0,0.0019473329533846301,10,73
359.9873703202526,976.142384603819,280.23191157242627,2.960497708951835,0.0424079360441008,7.626218011518442,1177.0,0.00771046758964878,10,55
304.8340860003927,1162.0324955821716,429.17489870346327,3.477494894914822,0.04656039566151742,6.5728729823031875,2464.0,0.0026995748107625267,10,65
282.2269554180549,1993.6983182611455,531.1386975314999,3.381149975184219,0.031818385699510426,8.974499648913968,3851.0,0.0015876324505538042,10,60
119.44744904755561,2375.0531503929665,316.2984453727566,3.410524461336123,0.0584806781609445,5.645929356593764,1934.0,0.003686071002991854,10,113
91.97477744807122,332.959940652819,283.9818198764326,3.505019715315133,0.028569235937052677,4.339781520366849,1662.0,0.004536924125058497,10,68
90.73262366938009,2158.5561678146523,336.4384023313523,3.3161527602958873,0.12220288409346788,6.488605379965968,2407.0,0.0027795784302568154,10,74
1433.6896060134784,2445.0548211508553,350.2357061577916,3.5022395264120476,0.026782624931691576,5.5376822383684,2040.0,0.0030728363858107165,11,4
1442.3568031550865,744.5637397053706,391.3144145653605,3.4509000690245566,0.018229036231695712,6.40010816073725,2303.0,0.0026285183976820906,11,1
1561.4841696535245,910.7335722819594,455.90557706698536,3.3439645281360413,0.06828145198635528,8.715040899727319,2645.0,0.0022125035806505634,11,22
1721.5253496503497,2190.9175043706296,415.4169495536688,3.4547050363398446,0.052154612743437516,6.8994073789507935,2466.0,0.002412334271403074,11,5
1968.5870505542039,2132.154636388213,335.80141966761823,3.4487519830520674,0.06460939238537193,5.764636428465466,2023.0,0.0031067822494925874,11,35
1891.3511124208044,490.629585973184,308.0676176377568,3.4245536071553233,0.04181169776814987,5.219946372232508,1829.0,0.003554941887199765,11,40
1881.3298516500151,226.99182561307902,299.851875956243,3.438684841079516,0.03955455372311759,5.083773858174269,1834.0,0.003541774152623213,11,41
1867.253583567312,280.5377567607507,307.1598008773686,3.2256178648926723,0.1333202058822579,6.944798216970207,1847.0,0.003507990214009753,11,42
1813.127173025318,2505.2306615330767,389.0448726643898,3.480716751301156,0.00924873154303476,6.26393564667901,2212.0,0.0027669520698007503,11,45
1768.3312039312038,1005.3748402948403,461.85177684752847,3.4129396783648622,0.009110859308251801,7.8072241393390565,2710.0,0.002147893862644052,11,25
416.12168674698796,73.76144578313253,263.7207688927902,3.4635301800460034,0.03349908663967102,4.493692963921898,1555.0,0.004464534544400857,11,53
395.86490978157644,971.0110003165559,573.5586292133041,3.482898117551813,0.04644318891278017,8.624259223688492,3346.0,0.0016705621748037602,11,73
311.17095650219176,1188.8262335618747,403.84228585871847,3.488657579545042,0.031687212655993294,6.1731539706401835,2358.0,0.0025513686318968235,11,65
307.8056687662097,984.7104483141904,245.019743628792,2.9515665485931977,0.05609666924826581,6.944798216970207,1023.0,0.008872163876964066,11,55
283.2369659982563,1992.8111595466435,520.6329120826684,3.4270578300536196,0.04030655772506633,8.578868385669079,3713.0,0.0014806825534954542,11,60
114.78457545420838,2193.347670250896,367.2572704150715,3.430291750782842,0.04241585575672849,6.127763132620771,2564.0,0.0022986690254932283,11,74
111.23975832596523,2336.5122310639554,308.0222267997374,3.422869119486817,0.028484873076177784,5.356118886290748,1919.0,0.003331963418126271,11,113
93.64479440069991,332.70061242344707,259.408639280946,3.4108826914609858,0.044944822051722684,4.539083801941311,1566.0,0.004419140966206565,11,68
1437.7025850340135,2447.4297959183673,325.3482343677959,3.390242099997969,0.042330062285518,5.9315188306509725,1935.0,0.003390711572087393,12,4
1442.2374476987447,743.0037656903766,423.1740300076366,3.4742929204474295,0.018218179169162994,6.418434555555157,2364.0,0.0026169569438369393,12,1
1561.58803731128,910.75747668045,460.3124202980557,3.334696967605351,0.03820255734951523,8.897278245976459,2645.0,0.002276658931475437,12,22
1716.8433451118963,2193.4808866045614,413.3914504436525,3.388582708485278,0.04017499262845212,7.790651598466949,2468.0,0.002479773867586851,12,5
1970.2323271919508,2130.4589050045734,338.76054933561113,3.4495865255386153,0.03961132032532813,5.533133237547549,2033.0,0.003176184924531601,12,35
1896.6345616973758,494.0249860413177,317.1149321103251,3.4416448160207724,0.05043568427804113,5.444603105746788,1852.0,0.0035964430119567238,12,40
1882.1719572953737,226.30021352313167,310.96208795017225,3.476550832930561,0.030350813136243816,5.046217512643365,1855.0,0.0035885730113452098,12,41
1870.0773060434242,282.45802793527866,320.08069152565065,3.222277592115978,0.1221124649884118,7.436531071263906,1858.0,0.003580737378952777,12,42
1812.431198398799,2505.4357017763323,353.85493680764085,3.3945754310027603,0.05012659073816453,6.1085790942524945,2103.0,0.003038852834226703,12,45
1768.3669769245685,1005.3898584448323,456.5498896965234,3.409883091158042,0.009763347086974171,7.746386532566569,2688.0,0.00223224022566303,12,25
418.5332329128224,73.46883826021465,235.09176499692026,3.3995248153325983,0.06146498804155982,4.382241524137659,1482.0,0.004929868632863493,12,53
395.07836963921034,972.5459496255957,520.2030544612704,3.4373340667915397,0.025644067686158255,8.675952916474557,3160.0,0.0018385034954962105,12,73
310.2306533204176,1188.9381121515446,411.2667272804342,3.4466582706025233,0.07388530715810504,6.7282900168578195,2380.0,0.0025948722651022134,12,65
306.70478239285126,987.1042528545424,267.49379323599874,2.895670588689185,0.08261394658697405,7.436531071263906,1080.0,0.008255361712442275,12,55
283.47025469418105,1992.6307863915226,476.2035789562923,3.3739898338828502,0.045295235091332375,8.631687850574178,3471.0,0.0016470788777501646,12,60
152.87628622117091,2210.4286221170905,374.2611321877162,3.4617791442100976,0.05068593030679751,6.152844160152875,2603.0,0.0023217850326507604,12,74
129.50695991091314,2330.299832962138,318.00023342833276,3.422544150665068,0.04137097231632142,5.62166336934831,1920.0,0.003426131253114728,12,113
93.58643728077502,332.5734090529481,265.0149495455774,3.41481068572993,0.07240414290907296,4.603566853639561,1583.0,0.004476782038606583,12,68
1444.73371169126,744.6018161180476,374.35015960017415,3.441088442750143,0.026134634883524514,6.288742749242426,2195.0,0.003040592514408298,13,1
1436.734432466709,2451.739505389981,335.04551741740903,3.4159534701655527,0.030144149154213547,5.991302213805285,1924.0,0.0036124831475655077,13,4
1561.4395258381182,910.0893684015558,458.8232716643224,3.383975070153646,0.03576833663381205,8.243351982115072,2566.0,0.0024989944905650843,13,22
1708.7611662531017,2204.62841191067,410.97783696400506,3.422816692555329,0.04084462785112469,6.88362382011671,2439.0,0.0026612638791589896,13,5
1969.4326349206349,2131.2982857142856,334.6206023667845,3.422799374131583,0.04561800159347752,5.693861678368143,2002.0,0.0034269636452745923,13,35
1896.682568050591,491.2764641187792,309.0832078242528,3.4146573064085017,0.020238163410102532,5.481404153055899,1828.0,0.0038703572679888902,13,40
1882.2614032429155,229.59857554174874,280.4014419070998,3.4456796116381008,0.05803719880935586,4.886523082181615,1754.0,0.004095725808031236,13,41
1868.0221633677168,280.6011987733482,304.83405731800786,3.270024199598592,0.12024463459251988,6.50120027455467,1849.0,0.0038108497525296946,13,42
1812.4837503224142,2505.486974464792,329.4791302542282,3.3727847648344547,0.07034955040181395,6.118776728992631,2014.0,0.0034001001761211277,13,45
1768.4182671032834,1006.0823966722719,480.1115157006093,3.4122455614538074,0.008004697843801884,8.243351982115072,2742.0,0.0023042822386492804,13,25
416.0359815316032,70.30154434007324,266.8891432972411,3.4946680791289633,0.025065429390541162,4.419116526494678,1578.0,0.004754132902165549,13,53
395.1254065201872,969.4541921154914,535.6904043222924,3.438786967851329,0.02404469338744534,9.008199073239151,3182.0,0.0019286076100760248,13,73
311.9067111925024,1186.3506409565873,394.4486414947125,3.384336364715816,0.053814262191152734,6.841132315054261,2278.0,0.0028999840193956465,13,65
288.06067720090294,1987.4623927765238,470.59341856662076,3.369012957380506,0.05509728427229806,8.753250042864458,3542.0,0.0017016262498903787,13,60
192.2798780487805,2207.7710975609757,348.43034151208036,3.44043389209176,0.046392749173893404,5.906319203680387,2560.0,0.0025062141109202097,13,74
127.93212249767997,2329.297494365637,320.5134226860515,3.470754311364915,0.027640805727421853,5.268946627743655,1924.0,0.0036124831475655077,13,113
93.65596479791395,332.65042372881356,260.727875063186,3.4374651829456386,0.06650603421728746,4.5040995366195755,1549.0,0.004883486633336493,13,68
297.9367454514538,983.7196055092671,249.89254127226155,2.9115802889408973,0.05365751502861812,7.478504890990994,1034.0,0.009449266543851052,13,55
1561.4314527372433,910.1648852123803,459.60033522810215,3.368360133070421,0.052631745251975115,7.945502588756111,2584.0,0.0024353806309216674,14,22
1444.7842200276095,744.6370393968355,402.2731068726683,3.4219090595716213,0.011346924152972645,6.62125215729676,2293.0,0.0028271014971681086,14,1
1432.915909090909,2443.4541443850267,319.52881378438553,3.406112781173704,0.007879565287942923,5.553308260958572,1910.0,0.0035863153385492334,14,4
1768.351772236553,1005.4400496799465,447.12675051887214,3.3958032759827983,0.015381438341066738,7.902784832902584,2623.0,0.0023909806297653046,14,25
1969.432816702959,2131.3190726271296,333.497519948489,3.4207902700215804,0.05473140118332456,5.638743772665627,2003.0,0.0033667718416214784,14,35
1714.8817281913796,2206.313569808208,414.2767962675095,3.416928004665874,0.00851751233720196,6.8348409365643965,2394.0,0.0026776200822783962,14,5
1896.5275470653378,489.2523532668882,308.5930682858825,3.4613832299956035,0.04282598426831821,5.297001725837408,1853.0,0.0037356157469667383,14,40
1882.2825378841524,228.8120662795638,301.6300740817575,3.475163257426868,0.05563918152311663,4.741670899741551,1837.0,0.003779785482786375,14,41
1867.582298136646,280.5684641445511,302.6125824663887,3.2437665539930682,0.1332106587336589,6.663969913150287,1840.0,0.0037714242701563767,14,42
1814.84583090379,2508.694110787172,366.30475644399814,3.477994127178487,0.03377356120435776,5.93776806364032,2181.0,0.0030136664558929756,14,45
416.10262083049696,70.42358747447243,251.00953339532748,3.4343002156784608,0.03395478720252616,4.39992885291333,1562.0,0.004743850459506829,14,53
395.1247989707301,969.4857671276937,531.2380117944678,3.438390809748958,0.022061334375098118,8.97072872924077,3176.0,0.0018998509425128742,14,73
350.88255662963496,1962.8034915596595,296.076765820799,3.3696858695754144,0.011714825733168054,5.638743772665627,2487.0,0.002553308753625761,14,134
312.62103662103664,1186.3691353691354,365.10865928009935,3.415256310143598,0.04950493764618349,6.407663378029122,2217.0,0.002951069587843595,14,65
310.076026421448,1994.558606398135,329.82379294508564,3.4514975191913164,0.027351076472600325,5.510590505105045,2241.0,0.0029107632771422304,14,60
285.16436251920123,979.8388803550093,250.2833315458175,2.926096598538194,0.06881192385845773,6.877558692417924,1063.0,0.008830936260549227,14,55
227.30498633879782,2182.4928278688526,375.2327674173854,3.328172233966195,0.11117475842223162,7.4328895185137815,2616.0,0.002398830257933009,14,74
130.73060573857597,2327.296094580234,321.5792660653549,3.4572115021910417,0.04797635681589965,5.211566214130353,1918.0,0.0035663105901846976,14,113
93.5620019126554,332.72314313037936,268.0112002250314,3.405189274366703,0.07780914153760403,4.656235388034495,1539.0,0.0048472527018169394,14,68
1438.6144624410151,2450.5138375207243,325.8884604519305,3.3485411701771537,0.0554386777957229,6.068067239635487,1926.0,0.003495045665085663,15,4
1445.436995068723,743.9074598677998,396.1284168559303,3.4098242900807416,0.031922263156676366,6.774623014113591,2278.0,0.002809407493926846,15,1
1562.2381242387332,910.9288324343136,477.71482775596087,3.402971607984237,0.023980680915877642,8.52023139811832,2669.0,0.0023067456333253802,15,22
1713.941208541572,2208.1500227169468,457.3909587136201,3.4589301946955313,0.029216003825320174,7.148681953543176,2552.0,0.002437232646107054,15,5
1971.8186504754267,2131.995417573605,362.7956091423162,3.4679522248366643,0.039898120196676955,5.735570404586967,2111.0,0.0030977160616609207,15,35
1890.2643011332973,491.6635186184566,308.0583176724536,3.435533031413007,0.04273169191247149,5.2368251520141875,1827.0,0.0037526230465512182,15,40
1881.4326980345443,228.76533650982728,279.1310930232324,3.4875768631550663,0.05200499413279398,4.779642003822472,1750.0,0.003980805005763702,15,41
1867.2992317023857,280.58255829626637,308.34925240312106,3.2684409990432726,0.1465439554717153,6.608374596589331,1842.0,0.003711182710357127,15,42
1813.2057115198452,2505.511253630203,343.46923060512097,3.412277105330462,0.046967130312185426,5.901818822111227,2046.0,0.0032265956813187844,15,45
1768.244088692612,1005.456343729874,451.73851251779524,3.3794990594350547,0.002885477271916731,7.979924041164476,2654.0,0.002322688509425799,15,25
417.0124429043944,73.71145062214522,263.8778007153815,3.4861063481293555,0.0315027831657351,4.4055830643928875,1578.0,0.004606487463138882,15,53
396.59864321211643,970.2364912834266,526.8827972387608,3.416385353759581,0.0502132394682244,8.76960402440471,3156.0,0.001886367824741996,15,73
371.49630393673715,1964.800842358604,483.53352236930994,3.374674867663207,0.06713036978010659,8.811166128785775,3631.0,0.001601673553694897,15,134
311.8715355047542,1188.9539753186325,410.8829639112084,3.4695432153825148,0.05949998508652235,6.442126179065071,2375.0,0.002665321802150903,15,65
308.3091842555619,1992.7510553337136,364.2918449000345,3.406647640428251,0.037338421885741574,6.317439865921877,2186.0,0.0029612385790751404,15,60
249.4805670595731,957.8528193692258,260.9268913043259,2.9238775983713894,0.10412276738000305,7.481178788591696,1086.0,0.008369241487291533,15,55
230.48209718670077,2184.7223901418274,357.51722188592095,3.3800741390938085,0.034911691729811886,6.774623014113591,2516.0,0.0024804051103334327,15,74
128.72191745036574,2324.3262800417974,318.1994711414335,3.3784885604332087,0.06463440215967177,5.694008300205902,1927.0,0.003492624137399334,15,113
91.93729679516953,333.605356866388,268.4496321972987,3.4732516923583803,0.01877989454650564,4.530269377536082,1577.0,0.0046107007551835985,15,68
1443.920790103751,743.8920590582602,428.6385754552863,3.4660017882063996,0.019145654315686076,6.713513202960889,2313.0,0.0026057367458985916,16,1
1433.0111610006416,2451.8248877485566,333.3237924654785,3.467063019068322,0.008835484803579749,5.302392593421339,1927.0,0.0033026435269867503,16,4
1561.5003050640635,911.5165751474476,420.5139416427859,3.3242197969585208,0.06580749348141432,7.9963501207241166,2442.0,0.002434083925392923,16,22
1769.916871488764,1006.235867275281,487.1359389052895,3.443259985223697,0.038643792172313625,8.081872581908332,2738.0,0.002114471123873031,16,25
1969.4128536044843,2131.354321470473,328.0213998720572,3.4078937864854453,0.0666074451554276,5.687243668750307,1932.0,0.003291241381255533,16,35
1889.5090828533453,493.72175454142666,289.53629233916035,3.3904354336100635,0.03636887421711406,5.259631362829231,1739.0,0.0037972815486939987,16,40
1883.1682178080289,228.88623419919432,307.8380990325824,3.4959941753875476,0.03248177673867197,4.6609741345397255,1836.0,0.0035248948783481774,16,41
1869.0042413462854,281.61444794089476,312.54183439771424,3.2482248327718746,0.10795447442935634,6.6279907417766735,1840.0,0.0035144989154096114,16,42
1813.2847055856764,2505.440045391502,339.13931982600513,3.395020347101195,0.0450789840281477,5.901049821710845,2035.0,0.003072710060840743,16,45
1713.6990618741436,2210.476019816591,405.67579462732454,3.3985159119401427,0.03346601897932442,7.183886739474072,2384.0,0.0025083775584453945,16,5
417.0089464753972,73.75258368039488,277.2210579286334,3.5064999910536123,0.01459426032251243,4.5326904427634025,1585.0,0.004328294997507209,16,53
416.4796082073799,1965.9251034366293,506.42125390232997,3.4005453268263794,0.03682604109066076,8.97985842434259,3645.0,0.0015078053705363359,16,134
395.85225986569077,971.808420734928,566.7145890372017,3.468357356745901,0.022040512136668036,8.723291040789945,3263.0,0.001715048533097488,16,73
311.3929588697733,1186.4795488207815,375.31532090692815,3.38959395169142,0.06934245690164417,6.841796894737212,2204.0,0.0027708432335201067,16,65
226.81264266900791,938.6565408252853,243.52520822205264,2.9221986502823567,0.0821764068833847,6.927319355921427,1096.0,0.007785245652574009,16,55
225.18877035373384,2206.748343627176,380.78875842271793,3.3905771596551992,0.06700051053444381,6.7562744335529965,2618.0,0.0022333587464229633,16,74
125.44666580678447,2326.2869856829616,331.52782078061,3.3744550653790912,0.057370554050470805,6.114855974671383,1941.0,0.0032709146937778943,16,113
91.93654524089307,334.5801577975491,254.7286506371848,3.4137493669924366,0.04740770194582244,4.618212903947618,1502.0,0.0046811028794545816,16,68
314.9692418599063,2015.5695061876727,355.90172221811133,3.412752867385209,0.015699643764174827,6.114855974671383,2100.0,0.0029491366638866845,16,60
1442.3266712611992,744.6783827245578,379.1229907944651,3.447249425406414,0.01477843827982106,6.183719813096031,2187.0,0.002972551312834909,17,1
1434.013743815283,2452.470725673447,316.85031943723044,3.4044928759972133,0.02317235996428931,5.574057296311915,1840.0,0.0037330135667082154,17,4
1561.5285198555957,911.5028365136668,422.1912928730002,3.347564600883945,0.05175356369692333,7.969160040820942,2441.0,0.0025868171783505443,17,22
1719.9442866506445,2168.657745247979,398.63219133155684,3.4814185743014203,0.013496451047374325,6.401456426233215,2381.0,0.0026686189697774122,17,5
1768.3891588785048,1006.1809345794393,465.9563521135742,3.392460028759215,0.013897005867145129,8.273991299213,2653.0,0.002334023567510161,17,25
1969.465389696169,2131.245574636724,329.6532322896969,3.421163444367711,0.03721900521278766,5.661151941566789,1945.0,0.0034647968153890137,17,35
1893.7092343261254,494.93091255269957,320.2034632795431,3.462413044910623,0.03410849260496709,5.312773360547294,1852.0,0.0037002769118774786,17,40
1885.6710988843038,226.19960262876356,284.93013195131925,3.4739263737963486,0.019098229226500504,4.659563521135742,1782.0,0.0038997712905789383,17,41
1867.172521361725,279.9621592296216,321.07440973209185,3.3057701219657063,0.1489268549719141,6.7498350072527105,1871.0,0.003649602047215403,17,42
1813.1866546438232,2505.541414401649,338.0578655567922,3.411266388650968,0.06202530482915925,5.7917939094491,2006.0,0.003325966369292781,17,45
418.6771869639794,73.64048027444254,253.88089091795678,3.4071864320145866,0.0507229308268396,4.616016198508305,1501.0,0.004976887433538493,17,53
395.01437897694404,972.5965622675812,526.9661511146132,3.4388900529528166,0.014918615396559773,8.361085944467874,3140.0,0.0019061217797227271,17,73
315.96933107944943,2026.687394349191,360.6589260004319,3.441914603970984,0.007599175709416089,6.053077845213721,2105.0,0.0031228857833471486,17,60
219.0779617236116,2191.2940002348246,370.8925468178796,3.4353076280693764,0.005861928494772696,6.009530522586284,2557.0,0.0024420917130484354,17,74
197.6920283875227,906.0272322165374,263.8532277996398,2.9523083804143604,0.07638284382421284,7.577234137174011,1104.0,0.008161752110027972,17,55
121.44285714285715,2328.7627272727273,335.31438423126366,3.434791435850539,0.014824435254957708,5.704699264194226,2015.0,0.0033064194835917267,17,113
92.06486980356327,332.802801888229,285.97526769437775,3.46935067291712,0.013570453248023463,4.572468875880868,1591.0,0.004572401053336181,17,68
442.57609534425103,1966.6548057961074,507.8924238037959,3.3697134454505133,0.0265125481636036,9.493316332781232,3571.0,0.001640026042481931,17,134
311.2368710173588,1187.2166556800703,396.3677305549301,3.3955196869092203,0.06724558144156191,7.0982135882722055,2292.0,0.0027999559522185946,17,65
1443.8575504381495,743.8802730792745,415.57682088394193,3.474425472208597,0.008225543341981527,6.605867542072033,2309.0,0.003132394842519387,18,1
1436.6275104206138,2444.9117089806746,335.2477777601557,3.427297561338201,0.030575900620351804,5.716616142177721,1924.0,0.003968994961892586,18,4
1562.2408376963351,911.6538072931019,461.0133328880656,3.387350509449519,0.026791872660526746,8.21498912283317,2574.0,0.0027355129427048433,18,22
1769.1206542216132,1006.262116800822,494.50846895075136,3.4164106340047056,0.024608792737612562,8.21498912283317,2739.0,0.0025354878856974276,18,25
1971.0245368666422,2130.365599312968,345.15657907326374,3.4259970121016177,0.006181696031600331,5.589580227907105,2000.0,0.0037702203048655077,18,35
1713.6202758185073,2162.180018949363,402.23804988552723,3.4462012083905513,0.04374879133250647,6.9022846753701375,2377.0,0.003019963536123525,18,5
1892.083049068486,494.7978220939386,322.75591285687847,3.4831377741352663,0.04428257756976188,5.250817789852129,1857.0,0.004162461436610453,18,40
1886.0695187165775,231.5459001782531,285.06859162326236,3.4583293065285923,0.01683102467313232,4.700328828012793,1739.0,0.004553360284420218,18,41
1867.1940509915014,280.4429178470255,298.9578515835164,3.229138756771159,0.10583828609797154,6.94462998012701,1779.0,0.0044128803475616514,18,42
1813.2494079521375,2505.5416926336784,339.73638006438415,3.3977835888582493,0.03718511139121984,5.928342665962082,2051.0,0.0036476322659123412,18,45
418.69132217287324,73.74342330030748,247.88941404672875,3.4493009149951734,0.061927203343860746,4.319221085200945,1484.0,0.005712710196811406,18,53
396.5785885816097,971.7795336586877,546.6355391064608,3.4300779827653898,0.031383210684597006,9.019549913213739,3177.0,0.0021233382037765783,18,73
311.9014913259613,1187.978289540428,417.3976689884874,3.47595692647833,0.05573934472472107,6.436486323044545,2359.0,0.003048931772472314,18,65
310.00268880056115,2054.834229600187,362.2217368902832,3.483167043615515,0.023971245179608205,5.7589614469345936,2118.0,0.003498204537295311,18,60
173.10353027254436,874.6778854947869,231.50178110581928,2.9763103445161714,0.09444465585570408,6.605867542072033,995.0,0.011163307201535373,18,55
122.84061291708434,2325.505513389661,295.69726311723724,3.402347750212394,0.05345930235772869,5.208472485095258,1851.0,0.004180710969893192,18,113
93.48275862068965,333.4169121469416,244.37475375190837,3.371422194040094,0.05863941714785261,4.700328828012793,1486.0,0.005701324801434888,18,68
221.22381411028172,2199.480736816759,351.7201013105789,3.4137228199506713,0.058172398095709066,6.224759799260186,2516.0,0.0028135353393913655,18,74
483.2137275930749,1961.8714570246668,552.7756082962072,3.3961648897435692,0.04334835937084677,9.654729484566818,3741.0,0.0017558203086135375,18,134
1444.6905879951,743.0581870151082,414.08182942949503,3.466325786027554,0.018679069038446548,6.467386678512938,2294.0,0.0025949231519888606,19,1
1434.9211040229136,2452.589506574665,324.67971946181615,3.408043970174517,0.023641613257600003,5.579706154011162,1915.0,0.003282279707096969,19,4
1562.2114525638735,910.8896730391281,473.17599006061323,3.410039932658597,0.030035524938955952,8.031395221682732,2645.0,0.002173405993518974,19,22
1711.611856474259,2164.0252730109205,406.43086871831304,3.4394699007445793,0.04988130450681393,6.805550687846948,2367.0,0.002494313158921606,19,5
1969.448504103786,2130.4254699496955,319.31136581363876,3.389583632856735,0.05268218682757795,5.664247156344664,1927.0,0.0032549806264208316,19,35
1769.9522699810116,1006.2916450889004,489.7460265179797,3.4189084400517267,0.03601695779508267,8.28501822868324,2743.0,0.002079111258082075,19,25
1897.640277023357,492.0088267246062,311.27997059195604,3.4356029652634006,0.04585210655154375,5.326083147010654,1837.0,0.0034715287707908224,19,40
1886.5490981963928,226.24957607522737,274.2087410687152,3.425617363926199,0.0772361599533093,5.15700114234365,1741.0,0.0037366977736009873,19,41
1868.97132568685,281.5930914910643,316.9442177483007,3.2507872940989326,0.1088120251021831,6.847821189013699,1846.0,0.0034485859342436786,19,42
1812.365456674473,2506.2639344262293,360.99007996405544,3.4445592302061128,0.025532551695489472,6.044681666845425,2118.0,0.0028744579712263814,19,45
418.63745218692833,73.76101779477798,254.17252351567512,3.4039772865044333,0.04576843950635171,4.734296130676137,1498.0,0.004632347398973756,19,53
395.86575,972.5573333333333,507.2460140010147,3.42900617283395,0.045009224178737046,8.792264242684254,3088.0,0.0018036327524178887,19,73
311.90159657727224,1187.2768444119795,405.078212680977,3.460605505150356,0.05370199446262332,6.55192768084644,2292.0,0.002597793945639666,19,65
285.43935052531043,2092.444535407286,309.80050305111973,3.3950153278405595,0.053677689940387706,5.621976655177913,1934.0,0.003239264855584548,19,60
227.54672160950187,2213.5748394134043,348.77390512686435,3.3428317786099915,0.09132603872634407,6.763280186680196,2588.0,0.0022322916374550353,19,74
159.95989745467864,862.6383446255264,230.83920687162845,2.978406077931843,0.14445792025493226,6.256034172679182,983.0,0.009415058621285265,19,55
120.37119809574187,2328.964824120603,319.6495298229728,3.4574337576170526,0.04412708567859757,5.452894650510908,1934.0,0.003239264855584548,19,113
92.91000592066311,332.77368265245707,285.57950588257125,3.436495695370271,0.02109076999416971,4.734296130676137,1583.0,0.004274005261489418,19,68
529.2063751532489,1964.7400081732735,517.1795817752012,3.391592769194966,0.04371021685653497,8.91907574618451,3604.0,0.0015053213715252498,19,134
1442.2863446630888,743.8502087060226,399.33406608484364,3.4689353156566494,0.02157243459112121,6.238850644855637,2286.0,0.003078440136073183,20,1
1436.7604892618403,2445.0876120039825,334.8500678166411,3.4563330407333965,0.03365881830797247,5.524478433612625,1946.0,0.003794100317233757,20,4
1562.245014849385,911.7081035214255,449.0067471732744,3.379070323250119,0.06235169162045699,8.000968765921733,2556.0,0.0026773933246077354,20,22
1712.0178064922786,2167.465332492909,302.22707016987687,3.408892544057432,0.05422298589284762,5.42922880544689,1920.0,0.0038627707052659443,20,5
1970.1804138735063,2130.354852812591,326.8014742366365,3.4195803226729287,0.044917887635689324,6.0007265744413,1956.0,0.0037683343380191655,20,35
1770.0198552425666,1006.1845657276996,486.9160991832369,3.4173965783944227,0.0541629519194376,8.286717650418938,2733.0,0.002466727077550173,20,25
1893.8300492610838,488.367302955665,309.37079228230704,3.4758579760903263,0.024117958476377554,5.000605478701083,1833.0,0.0041117927610666545,20,40
1883.0076911002982,227.10312352848845,303.4176905219486,3.5003419345495783,0.02267839583210915,4.762481408286746,1839.0,0.004093592588724131,20,41
1868.6947107438016,281.44,288.1301252013481,3.290230969812111,0.09804271208346726,6.286475458938504,1776.0,0.0042931219474874535,20,42
1814.026108578533,2505.527559055118,344.7560291458775,3.407247907974398,0.036163125451569376,6.048351388524167,2059.0,0.003521979078269939,20,45
417.8712067748765,73.81863091037403,269.93744622169277,3.486489702351245,0.0020960761214339606,4.333858081540939,1565.0,0.0051306894616643985,20,53
395.82582412392554,972.5984698214792,504.20390669531776,3.4403113155166167,0.03461468450149668,8.23909283633607,3058.0,0.002155334937825002,20,73
312.6565831556503,1186.4578891257995,357.3766048778374,3.4036971933798323,0.04994121624649445,6.286475458938504,2186.0,0.003259256471810982,20,65
273.42573814494483,2127.4865791828215,319.37200323970916,3.3682434771972876,0.060490458633959715,5.905476946275565,1931.0,0.003833416787754013,20,60
223.37706410089714,2233.69964894032,366.28244511133363,3.328696988014749,0.10878169557029171,7.096097298347251,2604.0,0.0026167880564315162,20,74
135.09519779987306,844.3133065369155,225.12249616971448,3.016666208891249,0.16311747561657985,6.0959762026070345,985.0,0.011064212887114766,20,55
123.6458560948962,2327.560948962073,305.13218382893183,3.4124653286394775,0.04648191470334047,5.333979177281155,1866.0,0.004013646735542395,20,113
93.69713635501611,333.5531955243694,251.1256446589601,3.3845455930759876,0.0818315478910351,4.714856594203878,1479.0,0.0055739129609874835,20,68
570.0275384355465,1971.7243622233486,563.782549112985,3.3856055170401955,0.03949706577166092,9.858336515153564,3836.0,0.0016551592605746003,20,134
1445.4663796378372,744.698493098645,370.594127085066,3.3919770666853477,0.03038397361557144,6.476128851176283,2184.0,0.0031619921000800404,21,1
1438.642501068224,2447.7232587950434,329.48478742107744,3.438038844353794,0.04720164925225484,5.537559452455083,1933.0,0.0037096039364281816,21,4
1562.206279809221,911.6952503974563,472.2881214365081,3.366447533886452,0.04534141477302412,8.775623878043225,2599.0,0.002541645237870243,21,22
1770.7571469823852,1006.2398690923092,487.5398741657276,3.4190302753663064,0.07282109659973611,8.118625298938385,2732.0,0.002391292918733882,21,25
1731.0333333333333,2166.390508474576,415.3169589341312,3.448491031665912,0.008390843428632156,6.663842730920524,2377.0,0.0028396655611518063,21,5
1969.5596302470071,2130.4341566904077,309.68097310806013,3.366756713109438,0.07086834774771139,5.584487922391143,1903.0,0.0037880138799364117,21,35
1890.541935483871,493.87301337529505,298.2304264436615,3.4435312049866424,0.04697157191992699,5.115203223030543,1764.0,0.004199268496919971,21,40
1874.2453898414753,232.7403752830799,290.1118011447231,3.4168024502665535,0.05026286534561791,5.162131692966603,1823.0,0.004014280254744261,21,41
1867.9628912071535,280.6478390461997,314.89003327096276,3.3473970580263495,0.05896288561567091,6.100701091687803,1845.0,0.003949405919069684,21,42
1814.0175194660735,2505.4142102335927,337.5095557801437,3.4258188371874003,0.026675177275948023,5.866058742007503,2049.0,0.0034346975588323276,21,45
416.0777537796976,71.27105831533477,260.7345789647495,3.4758759274351214,0.02225556105413211,4.270490764181463,1541.0,0.005084946048466188,21,53
394.35843962387116,972.6677218136114,504.05869558322075,3.4456018416264316,0.011408794410468732,8.259410708746564,3066.0,0.0020819995202741638,21,73
310.53713123092575,1189.660478128179,369.04548757717606,3.42396704949871,0.05688476831473298,6.5230573211123435,2203.0,0.0031270491259714284,21,65
251.42720465890184,2154.0146977260124,338.4481251788649,3.453056552721815,0.05675679313036698,5.631416392327203,2008.0,0.003527081969292616,21,60
121.27794518582293,2328.1599942602957,327.0445069844023,3.478239345607101,0.013875279485494614,5.255988632838723,1937.0,0.003699393862478594,21,113
92.3078958078958,830.1760276760277,230.60650126579895,2.9479958769780685,0.10454384550720068,6.476128851176283,989.0,0.010639720447231266,21,55
92.10921333552308,332.9433404499918,285.7474534406695,3.4536558231701466,0.01722935661788022,4.739775463542062,1595.0,0.004837862185452806,21,68
199.16015315553207,2262.6568523897545,355.43623129571864,3.434359387027023,0.08511957544984083,6.194558031559923,2592.0,0.0025500839901299146,21,74
609.3722100256128,1978.5902854006586,513.0220333410082,3.418514622560732,0.04708674416404388,8.775623878043225,3647.0,0.0016996022124311535,21,134
1443.946457821458,743.9550573300573,437.8094460603777,3.4664355274799594,0.00711319364958591,6.678297242321486,2380.0,0.002745493158719481,22,1
1438.6648281714042,2450.548437279027,316.9277838956727,3.3837859079935337,0.02895061806939063,5.692239931374689,1922.0,0.003619748743867025,22,4
1562.1904805914971,911.0118299445471,484.96091383837904,3.3824735832803854,0.040715519619085115,8.336666356186553,2652.0,0.00240108672061071,22,22
1754.195294117647,2169.3508021390376,419.07435715238853,3.4456824103110946,0.025095672664872868,6.678297242321486,2388.0,0.0027339592493281126,22,5
1969.4365916215445,2130.433456825306,314.5522821920281,3.419013771895895,0.06308726129878629,5.288852849623727,1925.0,0.003612214366960703,22,35
1895.902981940361,494.7762844743105,320.15488054968034,3.460604063511212,0.017106530574938498,5.378494423346163,1854.0,0.00379937666135286,22,40
1874.3662042453618,234.48286812635803,268.16276779066743,3.3585900355022935,0.07014315851922644,5.288852849623727,1742.0,0.004137557130509264,22,41
1867.9508469869481,280.7463204665371,322.79930697449225,3.301413866583087,0.07034520601906571,6.857580389766358,1869.0,0.0037582368869318603,22,42
1814.0559322033898,2505.4642764015643,343.77543522554225,3.4270950443904424,0.023433875852567076,5.871523078819561,2046.0,0.0033324474593931525,22,45
1777.0440154440155,996.4418918918919,464.34335188221877,3.36605241793839,0.04689236621480422,8.60559107735386,2649.0,0.0024044134110323408,22,25
58.692919649960224,823.6839697692919,225.35891633820424,2.9558202767342303,0.11728651820653578,6.0508062262644335,962.0,0.010885080479529758,22,55
417.78770669784535,72.85986303657926,268.3420509381123,3.4914292923420467,0.005097100147976519,4.392437112399366,1573.0,0.004779484531209135,22,53
395.8449269311065,970.2724008350731,536.7289226630859,3.460592344338639,0.012312277853527648,8.38148714304777,3169.0,0.001938805047720113,22,73
312.0049492998551,1190.4880492515692,371.29539835833015,3.394865040493886,0.045657400029498606,6.678297242321486,2209.0,0.0030176088368241358,22,65
274.14134320735445,2176.6953524004084,351.0364026970596,3.4310105659375454,0.014470907012987522,5.871523078819561,2011.0,0.003408815023114268,22,60
191.1433017399915,2261.586362993351,316.8381423219502,3.389005548535852,0.03351202416424289,5.871523078819561,2346.0,0.0027956177938709185,22,74
121.30025598554434,2327.472218039452,297.6548455453489,3.4344157530100246,0.03195198766174726,5.468135997068599,1853.0,0.0038021513604824557,22,113
92.03578274760383,332.9105431309904,280.57812575122483,3.4849745943582837,0.000736143957253769,4.4820786861218025,1593.0,0.004693312822703357,22,68
850.4068466096115,481.01909150757075,204.24832572657056,3.3530140967532653,0.056739466338708446,4.033870817509622,1996.0,0.003442626075898755,22,152
642.086257188099,1994.5090424202017,537.8046215477551,3.3989159133144424,0.055033140369822715,9.188261306549695,3811.0,0.0015647133268183388,22,134
1443.0928814774968,743.9069392146315,433.3873123243021,3.4717538982477154,0.014668796375503963,6.566474429156093,2366.0,0.002818501762438863,23,1
1432.9802880075542,2451.4207979225685,329.1785287799433,3.3853472517761887,0.023289826665481923,5.63395735045937,1912.0,0.003714246976988337,23,4
1561.4818181818182,911.5792727272727,427.4036610693315,3.348486768133277,0.0820364246019326,8.120669560317298,2477.0,0.002661567309527768,23,22
1779.7784537626358,2157.8679333582927,415.12551953315796,3.497364895607667,0.03681683051273714,6.4499097943190025,2455.0,0.0026912673147722528,23,5
1969.40625,2130.3179133858266,315.81245065195696,3.3945011113970183,0.05661745848268384,5.905941498412581,1938.0,0.0036478541521424127,23,35
1894.0061567605967,490.70648827847504,328.16830194468855,3.489319314388499,0.026553176626662123,5.361973202506158,1867.0,0.0038350546169329688,23,40
1879.5305825947987,232.14848176667152,267.4381271945644,3.409803746041333,0.04051946032907975,4.701440271762646,1732.0,0.004249727842105558,23,41
1869.015047393365,281.7655213270142,327.93517267501437,3.294293500622925,0.11263015438628475,7.032732968504455,1877.0,0.0038075342055589128,23,42
1813.0833519055047,2505.3906841987964,348.68367767601643,3.385426099173684,0.048977003958550744,6.216780524644822,2059.0,0.0033677007596802744,23,45
1797.7124436986664,982.3948600194295,439.95378675345825,3.4110361121620953,0.0665627558947878,7.615556142689907,2571.0,0.002541718872295487,23,25
415.19402325923744,71.21522155159724,263.9411881494517,3.4658859863739324,0.022736892516349354,4.429456123809436,1580.0,0.004838820751073097,23,53
395.03280653134595,973.4471575162909,518.7514799033313,3.3875905309338985,0.01708052833237497,9.169751273851112,3082.0,0.0020418909512067646,23,73
312.4936572522738,2171.568812829105,324.6713628995758,3.4163392488294235,0.0382180294590024,5.905941498412581,1944.0,0.0036328684209056693,23,60
311.8269989615784,1186.4844236760125,374.1724778270602,3.4112239149799066,0.048959947892216756,6.527619550877063,2207.0,0.003078515526184229,23,65
189.2288551535213,2302.6995776737817,340.407588602583,3.385935445385076,0.08776805558004352,6.333345159481912,2439.0,0.0027132870512054353,23,74
121.29288085577278,2330.6546169924995,316.0067250433521,3.448573550792683,0.03788546603257051,5.361973202506158,1935.0,0.0036553934761491516,23,113
92.82481412639405,333.43664807930605,250.84709416941857,3.4587317442684693,0.06425373484036337,4.351746367251375,1490.0,0.005271488866558831,23,68
31.0945385413066,818.8491185620463,224.81432572246837,2.986835964207377,0.1653366372436494,5.983651254970641,970.0,0.010905609311611218,23,55
862.0082961862308,468.15564635958395,313.79199698144737,3.4243034887927353,0.025756834189173825,5.323118324227129,2185.0,0.0031183192922539437,23,152
670.4965075669382,2013.7361030267753,534.0214470669902,3.3868819214986847,0.07856610179696402,9.286315908688202,3728.0,0.0016353417280282377,23,134
1434.985816477553,2444.1012580167735,346.0924059813324,3.46602368393558,0.02500237563430781,5.591774196294344,1940.0,0.0034837835715028982,24,4
1443.17301458671,743.9032617504051,421.38927378486846,3.4744232174102065,0.01588238341870502,6.573536078086481,2306.0,0.002784047182218912,24,1
1971.8532194480947,2129.433114323259,324.8351269755722,3.446512644496288,0.001713686192264576,5.463718298669283,1928.0,0.003512730525028613,24,35
1562.2141567352835,910.9569339111592,472.7823740317264,3.36036797843981,0.03359395521829359,8.878542235337585,2587.0,0.0024120832574224637,24,22
1890.4171462298953,491.57045890512023,289.2782727350135,3.395828495829175,0.04881748424811556,5.207606503419161,1749.0,0.004009707377982872,24,40
1875.8375,236.08823529411765,290.2600346168057,3.514821558519763,0.022023244861774902,4.5246417160855,1828.0,0.0037740540880660755,24,41
1868.0421913540179,280.8530442684668,328.80485980194914,3.304743462388638,0.11586624632090613,6.915018471753311,1872.0,0.0036544333551583423,24,42
1822.5718402225755,968.3757949125596,429.5848512328724,3.3904177371575366,0.06515604621772832,7.726039156712033,2472.0,0.002551600685265183,24,25
1813.2326498422713,2505.4997371188224,324.7497563771555,3.4234531610263526,0.058374508246588734,5.549088897085991,1995.0,0.0033569921704167324,24,45
1789.6640711902114,2149.610678531702,383.7408398831004,3.3773438695079934,0.05926587438400028,6.957703770961665,2305.0,0.0027855758643823853,24,5
417.02465277777776,74.5328125,245.86732344011773,3.4297260580596425,0.031166013709581056,4.481956416877146,1490.0,0.005041814942546894,24,53
396.63711780042667,971.7844670933081,540.2678320801338,3.4523243038104883,0.03028967139395816,8.579745140879108,3171.0,0.0018878748722134825,24,73
322.43278472679395,2148.934035549704,324.1948474874469,3.4559201097732215,0.025885428827100612,5.421032999460929,1935.0,0.003495786623950072,24,60
311.96712452150416,1186.4845755460483,379.1308275685982,3.4122644607769588,0.029634148670894696,6.573536078086481,2196.0,0.002962907056392704,24,65
123.54390895040045,2327.5403962343685,303.7912744658538,3.3954817112903406,0.04675975842628655,5.463718298669283,1827.0,0.0037768638211321706,24,113
92.825543120474,333.51810401579985,259.35587798995755,3.4409339332678113,0.027530872791771382,4.567327015293854,1490.0,0.005041814942546894,24,68
31.49112996529117,817.8256845352873,221.36596169452267,3.00292311632785,0.10627695511142034,5.8905712907528205,947.0,0.010952139015240057,24,55
183.61120499155075,2299.552840244378,328.3780068098656,3.3741510575873233,0.10199759682059602,6.274738983628005,2337.0,0.002737476320655759,24,74
887.2006497725796,477.9137102014295,328.46337740828227,3.432747541767392,0.016049506679718044,5.591774196294344,2102.0,0.003135019279461278,24,152
704.338833523934,2026.1996405816044,522.5534329086669,3.391008416682675,0.03391723293845927,8.70780103850417,3627.0,0.001613991908854598,24,134
1444.74224119975,743.143303478442,408.3314518162743,3.4590020027803527,0.03196350110246902,6.676529674563119,2303.0,0.0025777780305436737,25,1
1435.0735053492763,2444.19509125236,337.8664220662674,3.454641809430658,0.023127964686652284,5.485811006488167,1934.0,0.0032339368240203517,25,4
1561.5223050080167,910.9083278317457,450.8996441999538,3.391519567940412,0.03969946870358269,8.37755634324162,2563.0,0.0022553463876650937,25,22
1792.8322155030237,2155.7217152281473,386.77093879077427,3.4410291619278732,0.03258831198677134,6.506427007695268,2287.0,0.0026006579384472944,25,5
924.1380002509095,482.5403337096977,338.9720894009084,3.4458005729086287,0.014925067859013109,5.655913673356017,1943.0,0.0032139831362456386,25,152
1969.4275200420554,2130.3715337100803,323.5777980493679,3.444278865930454,0.058582801028556265,5.570862339922092,1939.0,0.0032228209592974374,25,35
1892.8257228836844,492.3376946225304,325.02367071774466,3.485545187178679,0.03705847928387087,5.315708339620317,1864.0,0.0033980188036071782,25,40
1877.0420888542478,231.43616523772408,272.80215198931467,3.4588776737947695,0.023700008083573792,4.592772005431954,1749.0,0.0037070152837958724,25,41
1870.2037390829694,282.56468340611355,311.62808570190145,3.2374842988272294,0.13041515106831397,6.8041066747140055,1839.0,0.0034607291110946414,25,42
1845.5696903749135,953.2448313384114,429.89196484177427,3.3475296995731325,0.06417629133187722,8.037351009505919,2538.0,0.0022828017382281064,25,25
1813.9529512403765,2505.529879017475,347.98753074490446,3.4583996188619306,0.0200763181739009,5.826016340223868,2059.0,0.002977217998067063,25,45
417.7889766217681,73.84022294472828,274.673281324861,3.4704645910127496,0.026462033738229335,4.422669338564104,1577.0,0.004290557200222504,25,53
395.1663467690339,970.2607165706974,531.7409366288996,3.4443292105738874,0.019623702609799894,8.462607676675544,3158.0,0.0017534364576382209,25,73
334.44146251384956,2121.9391850301613,345.43599074188666,3.4348368445551425,0.042645470795990646,5.740965006789942,2023.0,0.003046876400686615,25,60
311.8876025626616,1186.45397324941,378.35085678081566,3.3920846183095557,0.044651292024397264,6.931683674864893,2211.0,0.0027151282079546568,25,65
184.99882339098718,2303.7202023767504,361.4256414274646,3.4343214855864543,0.050242707570679834,6.293798674110455,2546.0,0.0022739435805977184,25,74
124.45379561023347,2329.1908290227875,304.186094026433,3.4444321679483503,0.044253136455268335,5.18813133946943,1863.0,0.0034004835486027376,25,113
93.62673267326733,332.77623762376237,257.705540304793,3.4456171040501253,0.0602602384099407,4.252566671696254,1516.0,0.004544251944744572,25,68
31.17420132610006,819.0120554550934,211.65024325032255,3.0281314483215955,0.1348224797226473,5.230657006186392,939.0,0.010311408618298832,25,55
705.8118906316236,2059.48590504451,401.2721911412585,3.4108894763571125,0.011727164553703349,6.7615810079970435,3381.0,0.0016184472690014197,25,134
1437.686126641529,2451.659212066051,334.9481717346858,3.4052167677271274,0.03803058221670252,6.140643897359342,1938.0,0.0035915165677718646,26,4
1443.9398568529002,744.6443756008973,407.67778385234607,3.4677077918050068,0.009444309319076798,6.358397227052936,2291.0,0.002890128425142385,26,1
960.0196902389242,487.52167126905994,362.7334966035884,3.4341480098749293,0.020131348165077723,5.87933990172703,2005.0,0.0034333692297528555,26,152
1562.2335651367641,911.7212795549374,469.69393214908155,3.375509714424522,0.056507874200572704,8.579481189927591,2591.0,0.0024787351240582174,26,22
1969.279797576242,2130.3362631508858,327.021950533839,3.419176958671538,0.050294876097103786,5.6615865720334355,1945.0,0.003574315417605473,26,35
1897.517475447718,492.3382437897169,301.5448109596885,3.416390134079832,0.04494220677204417,5.226079912646249,1829.0,0.0038824538465442172,26,40
1872.936,234.6245925925926,293.96699508635146,3.3946799336390834,0.02658869588083376,5.226079912646249,1832.0,0.003873816996975827,26,41
1871.4825809949843,282.7591161718856,321.2732626299281,3.2910425544644952,0.042001110126832886,7.011657216133717,1880.0,0.0037406738315670113,26,42
1866.7979166666667,945.3842708333333,418.0863930116999,3.366795583340337,0.0622869572142405,7.92622120084681,2729.0,0.002326405845155557,26,25
1812.3635580708662,2506.2554133858266,353.9798127499059,3.4359472155020856,0.05527596322998488,5.6615865720334355,2076.0,0.0032803022813737513,26,45
1796.5010043719722,2154.595415337351,368.5692858393767,3.390755551038828,0.0585027060304901,6.489049224869092,2263.0,0.0029356022072987917,26,5
416.10315139701106,71.19314489928524,268.0978995187525,3.516645649078477,0.029242360560595575,4.355066593871873,1580.0,0.004764052420284123,26,53
396.675381085068,971.0895754794296,531.405225784246,3.4867863526469587,0.02581747318509121,8.056873198662966,3185.0,0.0019337294968644106,26,73
311.2694306246545,1187.1619679380874,393.915773415711,3.4184812962164264,0.07115890730375994,6.793903886440122,2294.0,0.0028853396544759147,26,65
298.5668292682927,2111.5896864111496,312.4760281103069,3.398031814015171,0.04760452083603534,5.6615865720334355,1921.0,0.0036339882054692045,26,60
165.25103039670273,2307.65752189593,338.12737034821225,3.410140347114324,0.0664287674595527,6.18419456329806,2506.0,0.002582906007568666,26,74
120.4343185550082,2329.0381773399013,318.2682666801565,3.465464140301782,0.037881025368132086,5.0954279148300925,1911.0,0.0036594440390025065,26,113
93.63121170864534,333.60874744724305,255.90371305591128,3.4477525952124837,0.08059678140134983,4.4857185916880296,1481.0,0.005236844392966439,26,68
20.289553445140434,818.1697312588402,215.53224573071904,3.0024237531725717,0.1504214653204289,5.7051372379721546,944.0,0.011342778254247987,26,55
695.0008674280757,2059.3492843718377,301.2399562981175,3.3335164520083476,0.03893505165030444,5.618035906094717,2756.0,0.002298766182213953,26,134
1444.098909016056,743.9114862083162,434.61044886859025,3.480153103487469,0.019450622104769576,6.620249735750448,2377.0,0.0024681965840946066,27,1
1436.8913480885312,2451.036217303823,355.70422904518625,3.450534324236816,0.024922584169116437,5.636158558814571,2011.0,0.0030598394969922594,27,4
986.6898826979473,502.87133431085044,366.0819178201464,3.4579409792861973,0.027499878582010497,5.904547061615265,2037.0,0.003008607913933402,27,152
1895.8146488750365,935.0270770429531,459.2574597091206,3.417921245921747,0.04621681572671707,8.051655084020815,2659.0,0.002148162538224085,27,25
1561.4140609636186,910.8738446411013,454.91851224717607,3.356439092624435,0.03222364816682984,8.498969255355306,2547.0,0.002264793528959519,27,22
1969.338911564626,2130.365714285714,328.77591593085,3.434181917455287,0.04820416610518418,5.68088997594802,1954.0,0.0031784970825562454,27,35
1894.1015691868758,488.2773181169757,313.5672341054773,3.4808217174707434,0.017395745200199614,4.920455884679387,1845.0,0.0034330820056974647,27,40
1876.8811925244734,235.9623257193711,301.57921431371295,3.4716506665616276,0.025473867848344746,4.830993050412489,1844.0,0.003435606577871427,27,41
1870.0932291666666,281.97864583333336,343.53728358488814,3.348818199504615,0.10993435489613981,6.709712570017346,1946.0,0.0031958912636259784,27,42
1813.242077922078,2505.4924675324673,344.4319119275571,3.4229553570888673,0.05541926927826157,5.904547061615265,2049.0,0.00298553675295589,27,45
1789.405676747645,2159.578953891919,360.8930734326663,3.3978470245992662,0.06544412344070959,6.396592650083203,2259.0,0.0026322918215430074,27,5
418.7609055770293,73.65507086324314,243.02578928602827,3.4350485084067843,0.04245963177741685,4.294216044811101,1479.0,0.004696073144802542,27,53
396.55807053238385,971.012970498474,527.6517965061641,3.455133147380012,0.04140627491770482,8.454237838221855,3148.0,0.001753829209652158,27,73
311.265243902439,1187.2489837398373,396.1414301338241,3.416476628993516,0.06923542394715622,6.799175404284244,2290.0,0.0025871051863592875,27,65
286.10973521275196,2125.659069951258,339.55618746001113,3.478503532627942,0.007144927962217098,5.457232890280775,2016.0,0.003049852207626213,27,60
169.7194155522536,2300.1508172362555,361.2509247697339,3.378764204304768,0.08723070410733161,6.754443987150795,2511.0,0.002305019440744482,27,74
123.72310235569638,2328.301832208293,324.7053569717061,3.4525297141652276,0.039131729964076246,5.323038638880428,1921.0,0.003251496472752408,27,113
92.706813734211,333.5892190001779,251.4352957071167,3.444505020640495,0.026534907810450245,4.294216044811101,1486.0,0.004663261886433247,27,68
13.422177822177822,814.2903096903096,223.8807427529121,2.8997571292422766,0.14189246436109054,6.799175404284244,962.0,0.009776713963737735,27,55
696.922471467926,2056.2400629673357,340.98759280828153,3.3186018433877207,0.016802653652135936,6.843906821417693,3005.0,0.001853317834821736,27,134
1443.8373239436619,743.0636820925554,435.86709023266553,3.4665402649400607,0.03316892558468884,6.665170796314403,2379.0,0.002349542238148407,28,1
1432.8906460708595,2446.9422581831554,357.6828827995828,3.4540895093504567,0.04038190971444083,5.612775407422655,2019.0,0.002900663144104525,28,4
1014.7807337220603,527.429664723032,360.9716183898695,3.4123767184771183,0.01501818010469463,6.270522525479997,2017.0,0.002904448046951056,28,152
1813.9655692385022,2509.546619753707,348.9567710333554,3.452910890319435,0.030383954351157712,5.656625215293144,2105.0,0.0027467489923591213,28,45
1561.5734353807402,910.9517535361364,452.6177168391925,3.3532714435536377,0.040694813184627684,8.68226195835692,2562.0,0.002142604285952972,28,22
1970.250406945198,2130.3948724905044,323.2607836212485,3.422361909818964,0.04833039579450169,5.7881746389046125,1949.0,0.0030392846273621958,28,35
1913.7392211404729,926.9863898271409,441.3921660243472,3.4267620565095034,0.05441724961958661,7.366767722242234,2552.0,0.0021529662725681786,28,25
1891.1245010746086,495.4358305188824,285.6376484683685,3.439819918028837,0.028397626480010048,4.911178481494823,1725.0,0.00358798289191291,28,40
1876.350549270372,233.55484505656665,267.4399782021154,3.3846920614551026,0.0417898465912794,4.911178481494823,1730.0,0.003573582047546315,28,41
1870.1258100873486,282.507326007326,311.2459362647344,3.2768818033824427,0.1396600830347617,6.402071949091465,1824.0,0.003322851969001741,28,42
1793.5298470646276,2151.511716822891,355.5342422139288,3.384885438631432,0.04085150194460688,6.5336213727029335,2178.0,0.002628365428128318,28,5
417.81478199220135,74.48918823112372,247.40061600530169,3.4267283537230004,0.06513101267931427,4.428830594919439,1486.0,0.0044440090368104085,28,53
395.1440548780488,972.6018800813008,517.7785313347399,3.4608975213254336,0.010152380235413296,8.331463495393002,3151.0,0.0016693721240952364,28,73
311.95815217391305,1189.785,403.4182324085033,3.459030399454134,0.04799413072007997,6.489771564832444,2298.0,0.0024544698551004873,28,65
282.4230081188936,2147.0121095362597,318.6565537948471,3.4615185847173304,0.05455550965553889,5.349676560199717,1933.0,0.0030728503965784726,28,60
122.87292239235703,2328.3197225494046,335.0563819384102,3.446489254614775,0.02083193956713895,5.612775407422655,1937.0,0.003064389639522114,28,113
92.8895879207298,332.8000943692985,278.7970784405722,3.479617548305958,0.015981524685402468,4.428830594919439,1582.0,0.004055374850131476,28,68
11.732316737093514,812.2212015432666,238.67450423907428,3.004650691216259,0.14992538533818323,6.358222141220976,988.0,0.008837254508025076,28,55
166.40806886804575,2306.789541307979,341.2830546560197,3.3982710571063177,0.07943198470359575,6.182822909739018,2498.0,0.0022106993217528214,28,74
695.107405076568,2058.7578141388713,418.0640682372468,3.2320083401247004,0.037089636802180345,8.901510997709366,3206.0,0.0016356381954799487,28,134
1436.853579175705,2446.825650759219,330.85900993787556,3.4433358567130528,0.0389652780074063,5.696731868507348,1948.0,0.003454871299164361,29,4
1442.1869282486498,741.2559241706161,406.9799074249383,3.4654694736768037,0.017119212028593487,6.369574215181443,2295.0,0.0027930002791499283,29,1
1031.3571884168898,564.4468682229876,351.62741037188266,3.4147911460653537,0.007421706817535613,6.100437276511805,2021.0,0.003290812722346418,29,152
1971.045692405871,2130.339502233567,351.4479857461029,3.4421094436152293,0.016725074479675518,5.696731868507348,2020.0,0.0032929547741621175,29,35
1934.5258917060594,914.2934035238504,417.5211041894991,3.35991052124702,0.06368499780954275,7.760115064974576,2445.0,0.0025793908445355847,29,25
1896.8624535315985,491.28362935426134,325.79026425959734,3.408346373748141,0.023380403790230632,5.786444181397227,1858.0,0.0036811251636548656,29,40
1872.123382686408,282.71281846071764,336.28660486771327,3.30609116059608,0.12967479137208765,6.638711153851082,1930.0,0.003497869373285979,29,42
1871.3714806227229,235.4637297118251,270.84147261454615,3.3736847694300955,0.047490776514028964,5.337882616947829,1754.0,0.003982502822052659,29,41
1819.034094903339,2130.5293497363796,382.8472952575607,3.4364086647018173,0.0028491644579948794,6.414430371626383,2276.0,0.0028226087722817493,29,5
1812.3669196177627,2505.538504777965,319.1964092621912,3.389196040842173,0.07256960461168174,5.831300337842166,1967.0,0.0034106165978202855,29,45
1561.5246271585556,910.8552786499215,457.17394648682586,3.348890957263624,0.03205863095416717,8.61238203742843,2557.0,0.002440051061584497,29,22
414.4571578762923,71.30891887156125,255.99408483127112,3.4482837169025298,0.02673370284291284,4.620184113828794,1543.0,0.004775777674324934,29,53
395.0886187315044,970.9904822842518,560.8365240310816,3.4671364195271597,0.0376279079548142,8.388101255203733,3247.0,0.0018307645769907125,29,73
311.90385291017685,1189.6678768005622,383.0267198833405,3.455182074989904,0.032795243976583156,6.235005745846625,2282.0,0.0028131911294630206,29,65
300.0773147527804,2171.61892000536,334.7614955485853,3.452497265897602,0.01693696662495846,5.427594929837709,1998.0,0.003340795680730356,29,60
164.45484508899142,2305.959261700725,340.23394663486795,3.4308884251210405,0.06797287879873852,6.145293432956745,2512.0,0.00249418646595367,29,74
124.47294804795574,2328.3493698124807,291.83415383077795,3.4036291005941455,0.05951126020306657,5.158457991168071,1821.0,0.0037829741522690543,29,113
92.8674739894252,333.5886065154358,262.99164523668173,3.4487302599559055,0.04169603682604473,4.485615644493975,1552.0,0.004735543280830796,29,68
11.02323252553575,811.907069897857,223.96678912958413,2.898855758846037,0.1747349218666169,6.459286528071323,977.0,0.010255496138586565,29,55
695.720520067835,2058.129677784059,396.752703755492,3.2835992054797503,0.014763165063484537,8.208676629423973,3213.0,0.0018535712396295246,29,134
1443.7424150115755,740.506518825393,374.8254250634036,3.4232876743387193,0.03082443827073547,6.3483287539677224,2149.0,0.003023661309959815,30,1
1438.6190616267097,2448.6372996028826,310.5200517858025,3.41044311253779,0.05454040254305224,5.434900156274525,1845.0,0.003698730278879072,30,4
1040.3244542084306,601.2820266373747,332.6250238499779,3.4233330420983092,0.014126110509666551,5.800271595351804,1858.0,0.0036637510104513865,30,152
1969.4900908340214,2130.317506193229,331.84860954193863,3.3956060401423724,0.07393409542511108,5.982957314890443,1948.0,0.003438617041395051,30,35
1561.5149101087306,911.4747550866616,424.2419121986056,3.2909967973755125,0.07322429967276713,8.768914537854696,2470.0,0.0025350972127401034,30,22
1895.7340127012258,489.4492689410722,309.241251749032,3.452250394581083,0.02477344452840656,5.252214436735885,1832.0,0.0037343839072867847,30,40
1880.5008185985594,232.1840209561231,278.9610937355025,3.4286869074948676,0.05376346987416896,5.1152001470819055,1753.0,0.003966748229845641,30,41
1870.0516119909503,282.53223981900453,322.9883521443146,3.2789564544019574,0.12133232208055672,6.942057342468301,1860.0,0.0036584282215632756,30,42
1854.5723001830384,2114.571934106162,374.2773679047877,3.4025615731834233,0.04009793485352472,6.531014473506362,2267.0,0.002823624100995852,30,5
1812.411658031088,2506.252590673575,352.58343870957424,3.4325099202087688,0.0324740778861223,5.9372858850057835,2062.0,0.003190298717653379,30,45
1935.7638820879445,913.9964743903633,466.35097055226197,3.40330854593851,0.06465087211547411,8.175185949354118,2590.0,0.0023906903137953877,30,25
417.859395750332,72.83266932270917,275.12469362519107,3.5079827387098588,0.044738821229781164,4.384457268927348,1585.0,0.004571683378650464,30,53
395.92902080980804,970.999274076464,566.2343877100132,3.4717419861118652,0.03596254996509497,8.357871668892757,3250.0,0.0018203731572056588,30,73
332.14950560316413,2193.749901120633,346.41779567514516,3.4901688841394805,0.01485521567740922,5.5262430160438445,2030.0,0.0032563065337863294,30,60
311.99931725079654,1187.2368001820664,401.360525826391,3.435950792956127,0.06447285916333498,6.576685903391022,2294.0,0.002781518358406832,30,65
170.76228878648234,2300.3312852022527,356.78521025896293,3.36895330780481,0.08874936815485203,6.439671613737042,2474.0,0.0025300031483901377,30,74
123.67837949565936,2328.230398236186,331.4375666729767,3.439630745665713,0.021739105219468063,5.571914445928504,1934.0,0.0034718031010606124,30,113
93.65582515918086,332.8022715539494,265.3966790597585,3.4858170731837306,0.06346507348672767,4.293114409158028,1519.0,0.004863034138282173,30,68
11.307692307692307,811.9087386165472,235.71024963472962,2.931861996169074,0.1313071191023963,6.531014473506362,988.0,0.009980208368602111,30,55
695.7719157701991,2057.9083314259556,399.076954332158,3.261334268837256,0.004805628582970595,8.129514519469458,3117.0,0.0019123032243336473,30,134
1431.386908537359,2449.029684130407,338.00401491011905,3.4261384177662424,0.03455119965802521,5.65984142688516,1928.0,0.00343818653775136,31,4
1441.4645978041676,740.4755769661663,382.72533769982533,3.4030208930809165,0.010804909077973919,6.517393158231396,2202.0,0.002889932766402842,31,1
1047.8146619735405,639.3922806165797,353.26843572808207,3.443490722066121,0.005840753660408225,5.788474186587096,2026.0,0.003219718784239385,31,152
1969.407496012759,2130.374269005848,322.6109613324541,3.4459832614158956,0.05887148164681418,5.445453494048601,1940.0,0.0034098556252318774,31,35
1562.1355739105668,911.6518560713947,451.6296193134954,3.40189156645887,0.06411806850603517,7.932353514952687,2567.0,0.0023836078487631143,31,22
1884.4577563952123,2089.5506923257453,365.40279272663133,3.3478250268244816,0.049822935919725635,6.7746586776352675,2186.0,0.0029170954233068798,31,5
1882.669114407402,503.39344984579236,291.9534869368262,3.433825674151804,0.0670489239188897,5.231065561212042,1738.0,0.003959000313460434,31,40
1875.227917282127,231.86336779911375,290.281261060701,3.4732146620423987,0.05679392399720259,4.7165345224043005,1822.0,0.003710508468976948,31,41
1872.979378912483,282.8755370074874,349.3236977638894,3.3170133608322425,0.08138012865841149,7.160556956741074,1964.0,0.003354571783763356,31,42
1812.3305116394872,2506.2748661770197,344.43565289521587,3.415443722233402,0.055750612796496804,6.174372465692902,2039.0,0.0031928066707138667,31,45
1942.7086480362539,912.0201095166163,454.1593969209668,3.4254440468980083,0.0771381011313385,7.374944889577633,2546.0,0.002407879692977301,31,25
417.9050176204061,73.660177882195,255.50753835461114,3.504007247385459,0.03034278241923606,4.030493137327311,1536.0,0.004718973635025522,31,53
395.1245710637619,972.6707365732982,537.2990372749845,3.447579325852278,0.014788684270365492,8.7041500731643,3195.0,0.0018315084564367384,31,73
364.709174198341,2187.2673022161694,346.3222667041776,3.4499552761885015,0.022703992781647756,5.65984142688516,2011.0,0.003251340508379792,31,60
311.3202682391028,1186.464909238062,370.8482462206799,3.3622918313431183,0.05477674031368714,6.731781091067956,2216.0,0.002866577045117389,31,65
164.4592548076923,2305.908173076923,356.74152024003433,3.4181887635232964,0.052207643423058864,6.303005225394838,2556.0,0.002396260320582873,31,74
124.44132903406701,2328.4617972802466,305.8458249846352,3.391278676851611,0.07394882825216038,5.5740862537505365,1844.0,0.0036504986671517746,31,113
90.29117926019602,332.9040467910212,271.24361262481455,3.4772873092828265,0.02177680192216382,4.459269003000429,1584.0,0.004513110471229472,31,68
11.271928184028427,811.9629698896578,229.2664553754163,2.9393851463085365,0.1648684713786559,6.560270744798708,992.0,0.009769404557413626,31,55
695.2575047902917,2058.1992761337024,402.79204821332723,3.2343858555978144,0.029329985873511155,8.618394900029676,3115.0,0.001887192267866714,31,134
1445.464234340264,740.4558650451157,367.8300271449876,3.4125093916132787,0.04192412194639737,6.49366466124929,2184.0,0.002863492886144078,32,1
1433.152767305082,2443.3645000754036,318.9591879166225,3.42421231532087,0.022974361706288974,5.339235388138305,1902.0,0.0034328933289672426,32,4
1037.943693978033,684.9564448933215,381.00976134633794,3.4462526006887644,0.02613050025438625,5.964551244406755,2101.0,0.0030104597052228238,32,152
1970.2394822006472,2129.5162582832486,312.1288147173825,3.3883576835463227,0.04861936444509488,5.675943926129009,1925.0,0.0033781067988534513,32,35
1948.7380952380952,907.9883645765999,446.4755213756734,3.4164544738897327,0.07515175106659512,7.3594866160825285,2544.0,0.0023631172505082275,32,25
1561.523157556958,910.8952829179591,449.6983030964416,3.3598015007912627,0.06211876517351661,7.984802472350979,2533.0,0.002375802545586818,32,22
1914.444566276803,2080.1879873294347,394.8148114039568,3.444137884867635,0.04383065659018928,6.541765880962248,2282.0,0.0027074326970815336,32,5
1873.8247554232241,283.1698567985255,339.25790263549067,3.3396508968543066,0.03407770463194629,6.782271979527036,1951.0,0.0033182426056362784,32,42
1873.237576357933,231.82136371140828,291.3490878013848,3.4652690824002392,0.040150269512074364,4.762020751582813,1828.0,0.0036218832990280348,32,41
1854.5609590205747,536.5269511987757,282.8832731319043,3.4177238906055964,0.0686203409584177,5.098729289573517,1742.0,0.003869451333025978,32,40
1812.4134926212228,2506.431482782853,342.2401782576941,3.4353787456102394,0.037288902719712934,5.964551244406755,2036.0,0.0031365285264202064,32,45
418.6339717546914,73.71909460243761,248.63520469627838,3.4208288517387673,0.045452385823815715,4.521514653018024,1529.0,0.0046580267746044665,32,53
395.8914156757226,971.0657928999219,554.1741523129857,3.4536498445127197,0.03622692990408469,8.513915889193514,3243.0,0.0017644514654728306,32,73
381.78144458281446,2172.428704856787,309.0022354360403,3.421918580941877,0.013997239894874395,5.579741486703093,1935.0,0.0033548282479509304,32,60
311.9832258064516,1186.420129032258,372.7844527754222,3.410950108864287,0.052963540186737997,6.445563441536332,2222.0,0.002800890891452393,32,65
169.95111345368295,2300.4976940308343,365.040156401636,3.380978938047824,0.07485112335049102,6.830373199239994,2527.0,0.0023827793685000354,32,74
122.86438809261301,2327.564183335958,305.39464395756846,3.4370105358939878,0.05503316098193522,5.050628069860559,1855.0,0.003550563875834117,32,113
92.90863537664941,332.04777016869883,287.9820024214778,3.472120463219472,0.0013805745986147846,4.6658183121568975,1594.0,0.0043853005055820675,32,68
11.35888795282224,812.0627632687448,228.38459119712317,2.9404364994124026,0.16756710282281934,6.445563441536332,990.0,0.009618199540959705,32,55
695.7945507246377,2058.8772173913044,414.8730200242602,3.256511870885379,0.029277895733683786,8.610118328619428,3293.0,0.0017330462236069667,32,134
1437.47924400945,2450.4765440431993,280.7355775252591,3.3670696882484377,0.05603855573485923,5.447956701890785,1760.0,0.003540014663103344,33,4
1442.2973836138067,740.2880481513328,385.6679609573294,3.445684678881234,0.010811003609386832,6.205933286501677,2181.0,0.002661879867867749,33,1
1010.8874548986955,710.4796003330558,341.3737042941304,3.404316373292865,0.02535070666622653,5.921692067272593,1933.0,0.0031174131011562265,33,152
1561.401727861771,910.977990332202,460.61289576073136,3.368395255724361,0.036403665155366416,8.195621821105268,2537.0,0.0022003359593030744,33,22
1969.29780427512,2130.340410062527,325.78781077306894,3.4689884768884207,0.06539052264001091,5.4953302384289655,1954.0,0.0030728838518391615,33,35
1963.693514986376,901.1665395095367,434.6521977378083,3.41166455573697,0.045813842310452824,7.437645236494376,2466.0,0.00227915042062343,33,25
1945.9713336614172,2063.435285433071,385.05210498233305,3.438595924084983,0.012277273596161875,6.537548042268942,2237.0,0.0025768538492109013,33,5
1876.5639086595493,282.8211743772242,319.4871304134909,3.2847061036607004,0.052695093780892155,6.821789261498027,1861.0,0.0032803946833805902,33,42
1871.5647101713453,232.65767407947502,259.89122144845953,3.3635584337457285,0.07484055736951321,5.11634194612352,1734.0,0.0036136368117673646,33,41
1838.7437102152167,566.2670506214005,312.57059407891654,3.473386453970221,0.05265630979910431,4.926847799970797,1832.0,0.003350957945904335,33,40
1812.3819180397127,2506.342205323194,336.39948295762144,3.4226726504447544,0.05743868011409215,5.684824384581689,2011.0,0.0029581919054972087,33,45
414.28574196048044,71.33184812088338,244.54219561008898,3.41464811869481,0.04663161212778484,4.358365361512628,1495.0,0.004467753442880435,33,53
395.09442862228553,972.623086507654,532.2890565429988,3.4304097319644318,0.0061076014220301095,8.811477796101618,3159.0,0.0016887394183954271,33,73
365.056345376288,2138.0413460284335,363.21290463823175,3.4590714689285247,0.01772205602787481,5.77957145765805,2106.0,0.002784950008350349,33,60
311.97224224945927,1187.2605142994473,394.2425710707401,3.4446040126047826,0.05786362345561636,6.4428009691925805,2289.0,0.0025026247078932104,33,65
165.36768412209466,2307.62083450014,338.34179795568684,3.351147209914047,0.1210826091398349,6.4428009691925805,2507.0,0.002232962974910225,33,74
122.83263718853522,2328.2363531614574,328.9144641845889,3.4819962455398517,0.010747221942059505,5.211089019199881,1943.0,0.00309604884690165,33,113
91.9947442186405,333.6841275402943,270.4081465599357,3.4495817972666827,0.051065172485996055,4.547859507665351,1552.0,0.004229344421374135,33,68
11.078335373317014,812.1613627090983,232.22507611016198,2.994793523716452,0.16243061133220577,6.111186213425316,978.0,0.00914188810223708,33,55
695.1703283139965,2058.6202172303133,383.82039303234035,3.2807984710663307,0.05551861909085261,7.958754138414364,3036.0,0.001770126923878606,33,134
1444.947266881029,738.2498392282959,442.2797391449038,3.447772942591434,0.028406194170435745,7.063202693739621,2391.0,0.0027447624203291695,34,1
1432.1853161691895,2446.5822605743388,335.09919357077433,3.4253347830552157,0.03152438367246586,5.735889435855665,1946.0,0.0035798911418891887,34,4
967.0215703192407,710.0746949340564,384.5890164718761,3.443921327240414,0.005012041426326139,6.399546064797643,2134.0,0.0031721369552557186,34,152
1983.7993965131873,891.7355833705856,424.17139398377265,3.4264577083860335,0.04924209802644894,7.395031008210609,2484.0,0.002617166191605797,34,25
1972.551886792453,2132.7900943396226,321.58904076731267,3.429804851701437,0.03976737710462464,5.593677301082384,2012.0,0.0034253181880295677,34,35
1970.1510379384395,2068.358625626342,397.340704556547,3.4440685544955256,0.013860334733196648,6.541758199570924,2287.0,0.002903036356260186,34,5
1561.5396962188947,911.567596682107,440.0517490334557,3.3213472604788397,0.05015067433628727,8.532728086396856,2540.0,0.0025459006468410536,34,22
1879.5018791105542,279.96414030692137,302.7222308873907,3.3339074565600924,0.058627165306884124,6.020313705402227,1861.0,0.003800783508866329,34,42
1879.561282323769,234.4194119730783,267.64323764331476,3.4064856563764994,0.07440710130185026,4.835212582291552,1736.0,0.0041800874383065125,34,41
1832.0612276136537,560.7627429970917,309.6906254912815,3.4336553824121037,0.008162293839379423,5.451465166309103,1771.0,0.004066458592710242,34,40
1812.3851565733205,2506.3818457718307,343.63192165717123,3.430045042611547,0.0386416136337358,5.878101570628946,2046.0,0.003350785750127854,34,45
10.979806478754732,812.6089608750526,225.35882957072587,2.963492635232027,0.1554269420454252,6.067717750326654,966.0,0.010850180129186761,34,55
418.45834186284543,74.41330603889458,231.5687594558258,3.352751356444011,0.07724631468557469,4.645596402593845,1477.0,0.005269756144597687,34,53
395.96894623655913,971.9194838709677,551.0720222464637,3.4596164869186206,0.03384341282822173,8.532728086396856,3241.0,0.001898704771746583,34,73
327.3847285567162,2123.5261144622627,322.2052933513302,3.40753563481664,0.03035394453168376,5.641081346006811,2003.0,0.0034456056552453866,34,60
312.04564768726476,1187.2969527740681,390.4671180425051,3.4505472836926763,0.049961328749103966,6.209929885099935,2274.0,0.0029241133594591815,34,65
169.92126663380975,2300.3252833908327,384.7312286066494,3.3852192272233625,0.06462139174703073,7.110606738664048,2600.0,0.0024737294785473077,34,74
123.73452102803738,2328.291910046729,324.622899642476,3.467788186516307,0.03175998529182097,5.404061121384676,1933.0,0.0036119966346136,34,113
92.01311022942902,333.6882870450233,274.8012484269032,3.4829484336222016,0.02865046584235483,4.550788312744991,1590.0,0.004731613894547819,34,68
695.1458622283865,2058.269764216366,410.1397966861423,3.1977873186865433,0.022593024459358138,9.148980670414408,3138.0,0.001972376933038969,34,134
1444.9490929705216,736.9233560090703,426.93426895774326,3.472258049701782,0.022124686147654317,6.583113444246381,2381.0,0.0025357720461842703,35,1
1433.850583090379,2444.248833819242,332.0599869671336,3.412761165905139,0.02179309362250959,5.80862950962916,1932.0,0.0033220695005846275,35,4
2014.4109722222222,2079.5981944444443,348.5177705777496,3.427462618322773,0.07504613945996914,6.1958714769377705,2190.0,0.002819670874555546,35,5
2008.2760525346753,875.5401988462011,394.3575384579064,3.4024662713434504,0.013563557624259936,6.72832918198711,2339.0,0.002593185637370307,35,25
1561.5896262395117,911.6411681377357,444.21494174889,3.33854882379801,0.03679138925266679,8.422512788962282,2548.0,0.0023306009386575466,35,22
1968.556110504136,2131.1924457624473,310.13241056828355,3.423310865390229,0.04965645274491073,5.566603280061278,1933.0,0.0033197768429286557,35,35
1878.688581314879,281.18399277869713,321.74966958754186,3.322652261862067,0.04669833150232811,6.389492460592076,1930.0,0.003326664328974323,35,42
1877.7830568529555,232.8014172974714,300.5481718773954,3.5062009353707495,0.00831219503205207,4.840524591357633,1847.0,0.0035292412792381875,35,41
1837.6577443609021,536.9224060150376,321.8948853252826,3.4133748431059945,0.022052716220461715,5.663413771888431,1853.0,0.003513773499878277,35,40
1812.2930064888249,2506.3910598413845,335.69038041065187,3.40121696698768,0.0559194563775623,6.147466231024194,2038.0,0.0030954681355277558,35,45
929.8773013715556,687.2196960336092,391.74365517857325,3.464297793104404,0.014370004003719045,6.1958714769377705,2185.0,0.002827959130544854,35,152
418.55720560552186,74.401380464338,231.42548071280845,3.396265035164627,0.08787497100887358,4.211256394481141,1459.0,0.004933692945278942,35,53
396.5799907364521,970.2513200555812,522.5346296370565,3.4257423979780364,0.02596143322321045,8.761349510357316,3156.0,0.0018002852981779378,35,73
310.3609059576563,1188.9516248153618,393.24421780189414,3.4377240762202717,0.03769039130859042,6.534708198332805,2287.0,0.0026679750849577864,35,65
300.02974121282347,2097.080854898931,375.9635450107474,3.493247915124799,0.02624689138223268,5.663413771888431,2117.0,0.0029457183352933733,35,60
167.24150219298247,2307.6134868421054,353.1646741854529,3.3771922704487745,0.08565366949727019,6.486302952419228,2560.0,0.002317129281151537,35,74
122.11727946519402,2330.765441069612,333.0764971313187,3.519559398248143,0.02738786807374736,5.130956066839091,2010.0,0.0031522655770774574,35,113
93.57992637085836,333.68106956016277,249.81947415996746,3.416113497531636,0.06167327232534719,4.453282624049023,1490.0,0.004781661221757386,35,68
11.071730850613626,812.1845112145578,228.76319218756174,2.943357211009886,0.15930461900953577,6.631518690159957,990.0,0.00950658805106864,35,55
695.1268498942918,2058.6542718567343,389.22658239106727,3.2793497919295875,0.022301775753033232,7.938460329826518,3128.0,0.001819350319808413,35,134
1445.5828989823779,736.090717299578,392.90369474235433,3.456318920688463,0.0366284537247943,6.436248164059416,2279.0,0.0026519818744025715,36,1
1438.6052060737527,2446.7045243259995,314.69352765787477,3.4126171769305413,0.027346521025430948,5.461059048292838,1889.0,0.0033881573405190246,36,4
1561.4467513686602,910.9504183452123,472.0402914868122,3.35508346595528,0.052617858342261216,8.679183130322546,2652.0,0.0021956984519524198,36,22
2046.2630742751226,2100.5180722891564,368.28016956924824,3.439746341243182,0.03269238200521075,6.2412103409061,2355.0,0.0025442542069494716,36,5
2020.5723815096549,854.9438267992979,416.64954971127054,3.3872027084918135,0.06965612248410169,7.216399456672678,2407.0,0.0024754522162880707,36,25
1968.4560061208874,2131.0566182096404,318.64304357672944,3.4321937726975054,0.04619869335272512,5.5585779598694955,1952.0,0.003242745556133463,36,35
1875.7477915194347,282.2311542991755,331.17422371432997,3.347225175007291,0.06832287987019277,6.485007619847745,1946.0,0.0032560543402046973,36,42
1870.5408107616797,233.47336847845847,268.2257662915973,3.367293527025224,0.05933535358635737,5.412299592504509,1753.0,0.003751290387809869,36,41
1832.660777385159,537.4966968812414,317.3752977262329,3.4104436856582976,0.042395492070274446,5.509818504081167,1855.0,0.003472186127884909,36,40
1814.0054794520547,2505.4180821917807,355.94402725480103,3.4189640343959677,0.017660405401192684,6.338729252482758,2075.0,0.0029920378523427007,36,45
417.0375022429571,73.76278485555356,271.736447108357,3.4922435907261,0.02888610770581412,4.534629388314588,1594.0,0.004288672637323657,36,53
396.6599484630959,971.7594330940549,529.820246595982,3.4529388459729606,0.041085847272805884,8.191588572439256,3188.0,0.001760444731592776,36,73
311.1400369429693,1188.9052181944123,422.35440603850503,3.4484360108990417,0.05929086098016422,6.875083266154376,2387.0,0.002501469525049627,36,65
169.4237580316565,2301.4778247923523,311.1340873853268,3.3539559522595908,0.11146081147412716,5.997413061964456,2323.0,0.002588527919873663,36,74
122.79172565675633,2327.5058990089665,309.9638604464069,3.429370042648248,0.030302909428279276,5.266021225139522,1866.0,0.0034445478792088477,36,113
91.11978253244476,333.6196071553841,278.02641690505146,3.4883179296407665,0.0203777216620754,4.632148299891247,1591.0,0.004300295820849813,36,68
10.97480247704463,812.0805039504592,228.3405314567443,2.920653295705163,0.16448300634294097,6.485007619847745,979.0,0.009617807326910062,36,55
276.83925290875686,2060.5394978567056,318.4967652093644,3.4245877988688895,0.017258992490279613,5.36354013671618,1948.0,0.0032516059573121253,36,60
907.781254006924,650.1233491473266,380.2749956931772,3.451605230024325,0.0266648059879332,6.192450885117772,2124.0,0.0029026376305470365,36,152
695.6539705353935,2057.9389148401006,407.09269637675806,3.277536358332161,0.02278125939711102,7.996550749285941,3267.0,0.001710470325451,36,134
1445.8867995961637,733.4452296819788,399.3381720224728,3.443072040815195,0.014828232791660189,6.551484397137994,2280.0,0.002656077213903463,37,1
1438.6683176226234,2448.4516695957823,315.4287757052823,3.3663276262376,0.015515085854367299,5.795543889775917,1907.0,0.003352304008674516,37,4
2060.2652671755727,2125.3660032715375,369.7053041338794,3.4465263912754107,0.04368155343461358,6.198712160369024,2290.0,0.002641370089674031,37,5
2021.5981809120358,837.4831796660852,404.4785674725349,3.317282144664701,0.09185724508875184,7.861781276565592,2377.0,0.002519974618810181,37,25
1970.1613919518832,2130.2580552771014,351.91550419395855,3.4735348927707643,0.00940060619743042,5.493167686831087,2038.0,0.0030697058886132865,37,35
1561.4270700636944,911.087898089172,474.73063862338387,3.3623524521886243,0.049362627756714954,8.768909885400083,2659.0,0.00219324386992448,37,22
1876.8143445435826,235.2614962251201,293.7080851270787,3.455422563545035,0.04672726873312899,4.888415280941426,1833.0,0.0035361988756129744,37,41
1874.8107501122922,282.7564006587813,336.5951099114205,3.330814539692809,0.06597986189793913,6.803464566258685,1941.0,0.003274074838264744,37,42
1859.7356752087533,549.1641232363951,350.0508509424654,3.424896567592121,0.03928171915486199,5.946731991248333,1932.0,0.0032944250320869647,37,40
1815.4995101241018,2509.426192031352,308.6253111390236,3.3931627183471362,0.04668610886287625,5.593959754479363,1995.0,0.0031570646581977704,37,45
913.7419691825542,611.9411073387307,385.932827025252,3.4301407786409257,0.018712636626915746,6.4506923294897165,2125.0,0.0029069589854459114,37,152
418.5659190945295,73.6799413120939,240.43947737496435,3.403673407366185,0.06699244081572087,4.535643044172457,1501.0,0.004690614923848497,37,53
395.8175141242938,972.5750470809793,535.2058792123499,3.441014938087762,0.027272472337482503,8.819305919224222,3175.0,0.0017726856201128248,37,73
310.40434124179706,1188.0702927814236,399.3381720224728,3.446845231435546,0.06581298679358702,6.954652667731101,2306.0,0.00261817448842925,37,65
257.57621440536013,2028.6701690269529,330.95075412311695,3.467001658856333,0.032264941398214966,5.795543889775917,2024.0,0.0030976126683028805,37,60
170.8740211567523,2300.4598159087786,366.8327302059035,3.3500291678126874,0.08898452472065109,6.853860600082824,2516.0,0.002347592768144724,37,74
123.68183220234422,2328.2483035163477,326.76788331571345,3.431604571063026,0.04562821114240479,5.493167686831087,1951.0,0.0032517563686883036,37,113
93.61927614477105,333.5770845830834,252.0305651545162,3.4079725856542753,0.08131960267977294,4.485247010348319,1493.0,0.004727805868748381,37,68
11.183095592931657,812.0523738556525,236.71017087197814,2.952393543323861,0.15611873380812788,6.753068532434547,1000.0,0.009245051337356753,37,55
695.2605924259468,2056.100862392201,403.21866662693145,3.2189602027520685,0.010141334676968962,8.768909885400083,3108.0,0.0018179488983329445,37,134
1432.2812775978805,2445.3095378274948,334.8230485122258,3.4534202285059528,0.029355584944777902,5.470320633626297,1937.0,0.0032164854692574695,38,4
1467.6231972622832,742.9594231239306,403.22669751648976,3.4390847383704424,0.054718319737559175,6.603810494647962,2289.0,0.002589176768152647,38,1
940.2898873460833,570.8443804034582,376.2200695234518,3.414684957069799,0.020015148649964218,6.4066818231659335,2112.0,0.002870702796088831,38,152
2075.5984743411927,2165.663661581137,355.3244303463568,3.4668631474602156,0.048667390729108716,5.815295808719847,2180.0,0.0027555941993619004,38,5
2025.6206977015518,821.9043285497609,422.39746081811705,3.393443546942935,0.07557165619124048,7.441607348446585,2380.0,0.0024648978749334943,38,25
1561.9775647562717,911.7686110544564,483.2609381381934,3.373103897015505,0.025040408020699692,8.72294371307977,2660.0,0.0021477027603671785,38,22
1970.1324150884332,2129.4656440757553,314.8637705246704,3.420016027143667,0.04795182992509371,5.371756297885283,1940.0,0.0032098574471771777,38,35
1876.1321550186476,231.89784335981838,303.92312925741777,3.5204929486634544,0.02560873243527397,4.681805947698182,1838.0,0.0034516889783197907,38,41
1871.2372717210847,282.08646928610955,356.21150936802593,3.392959604163337,0.09598253248028517,6.702374830388977,2037.0,0.0030093521531454385,38,42
1864.5160062294515,547.6938916767607,284.801648123661,3.399179486307684,0.05728322802776329,5.3224741300147755,1750.0,0.003691643793823835,38,40
1813.1428141006327,2505.5125037661946,327.1350303244267,3.376763373823523,0.07060950884013956,5.913860144460862,2004.0,0.003074692893076814,38,45
416.99406748238783,70.43511308861699,265.82801349351575,3.4300845708443157,0.025484359319119614,4.583241611957168,1579.0,0.004268222045628669,38,53
395.9002816405562,970.2342897377222,559.9439913447026,3.438255125809698,0.022841230131328768,9.117201056043829,3260.0,0.0016834780645571608,38,73
311.90465858328014,1186.4717294192726,386.12578526542376,3.3989187063957065,0.04392466719873178,6.800939166129991,2243.0,0.0026568923867584865,38,65
260.1407788390889,2015.4593681116826,335.36515235880137,3.4224697288391,0.056561826616572136,5.913860144460862,2023.0,0.0030367302092927594,38,60
165.0890540737502,2306.6912986445122,338.1249537595498,3.4342046884682107,0.07381155590291719,6.11098881594289,2591.0,0.002218040446938213,38,74
123.57176709546378,2327.5517941773865,291.15904777895645,3.4066524587854894,0.07230993919653757,5.07606329066224,1817.0,0.003506072483213879,38,113
93.83057933505873,333.48417280509653,247.54432921355757,3.4261353365876794,0.05894903675939553,4.533959444086661,1496.0,0.004618332995108861,38,68
11.244613434727503,811.9968314321926,233.301782698981,2.914533893403985,0.18423003582804615,6.850221334000498,1010.0,0.008886617371283255,38,55
699.5432026297253,2051.1709321436956,419.78550592098014,3.279802220598919,0.05390586949115395,8.624379377338757,3284.0,0.0016690475187482812,38,134
1469.81236814346,748.4237869198312,376.8587219489082,3.4303843691095643,0.011144113531588132,6.6089411945154,2202.0,0.002743227095788154,39,1
1438.6819338422392,2448.9115401885947,331.987489628251,3.4410379834915745,0.06383307182202473,5.615115450979249,1940.0,0.0032368317041063517,39,4
980.7172519509476,551.8474080267558,356.58467678077074,3.430184396563232,0.017865607840441326,6.062337035570517,2028.0,0.0030523580698679797,39,152
2074.6359725769594,2208.9731146659497,369.6534853082711,3.459636088643166,0.03166289991903996,6.211410897100939,2211.0,0.0027289318052150548,39,5
2021.6796473181485,786.3300269409748,405.7790510858102,3.363062382237864,0.05516699460040933,7.354310502167513,2376.0,0.002490953043082263,39,25
1970.1965865011637,2129.5455391776572,320.2603458545244,3.394903312719713,0.04828094766938626,5.664806738156057,1935.0,0.0032479849213425437,39,35
1561.3286457756617,911.5973867788728,448.76201449374867,3.313902692818351,0.01850505048386275,8.79535783029493,2558.0,0.0022723720472234647,39,22
1873.0470115344285,233.53844809507166,284.3335452256926,3.4332909711667114,0.035891194052745344,4.720672281796714,1804.0,0.003570304421609199,39,41
1867.468000690012,521.6907020872866,288.0603917639532,3.4412689869892783,0.06333164455863495,5.267276440741597,1768.0,0.00367040054130553,39,40
1866.1909830007392,278.8678492239468,336.16155775110286,3.3211900021382443,0.0473583013855823,6.41017604580817,1922.0,0.003277346250843708,39,42
1814.6563101050451,2509.46145879568,335.863410028042,3.4385739052045228,0.029127824096088255,6.01264574839371,2101.0,0.002914564775239256,39,45
417.76073279052554,73.72261287934863,268.53171590346784,3.455811783810301,0.01720303564364462,4.571598420266292,1583.0,0.00428821451083925,39,53
395.90317740511915,970.9789938217123,563.0022837132292,3.4825881357929416,0.03154199084670652,8.39782753288047,3265.0,0.001694693689194443,39,73
311.13647284959154,1188.083974050937,413.63027445974575,3.464327026878245,0.04469108936992604,6.559249907338592,2370.0,0.002498877285514172,39,65
260.13408769448375,2015.7294200848655,351.31740034002917,3.438466978561685,0.019985969233433664,5.962954461216902,2094.0,0.002927236203021952,39,60
170.69398016034788,2300.413099605925,365.6781823341265,3.374766277080809,0.10492239566400388,6.907088917576245,2532.0,0.0023012194592316867,39,74
123.7506577024262,2329.1233557439346,339.987786863717,3.4800975032287464,0.020975241086122733,5.316967727918405,2011.0,0.0030863381137760833,39,113
93.77488405280057,331.8467713164467,278.56935591318296,3.44766177931644,0.031214600809043962,4.720672281796714,1585.0,0.004280425371721375,39,68
11.17402431222009,812.04137342717,233.00244557205045,3.000390960520571,0.16183512752865178,6.161719609924132,986.0,0.009387178444081304,39,55
698.9795943008935,2051.3837237382277,411.5432403983198,3.278746881915794,0.010873774997067091,8.745666543118123,3213.0,0.0017269845059656255,39,134
1432.4278787878789,2450.749393939394,329.0309081163325,3.4387718032971475,0.008012696120780297,5.5835548043983705,1932.0,0.0031320908404895847,40,4
1468.7799420289855,747.992,429.98357310657093,3.476146458781412,0.007795457573673285,6.580618162326651,2381.0,0.0023907187749072313,40,1
1019.6548976507762,557.741448001099,362.8812091179976,3.4652911696576,0.021865066369761644,5.882673811776854,2109.0,0.0027909129062767763,40,152
2058.616691068814,2238.7961932650073,340.4971367325078,3.4593646112991943,0.039346943367867614,5.982380147569683,2103.0,0.002801256643269022,40,5
2023.5902414737366,782.0450585013692,400.5203508797902,3.427327974902303,0.019351924523474322,6.630471330223065,2373.0,0.002400844111670727,40,25
1970.944222044302,2131.0313584200694,373.59964021572665,3.5185087641127897,0.03544851535007602,5.633407972294784,2117.0,0.0027772395024507463,40,35
1875.7887186175415,235.31610694489729,305.7993318766036,3.4418405991765804,0.042045096648090044,5.284435797019886,1899.0,0.0032051412230528764,40,41
1871.9547626632686,283.4762663268557,312.97818805368723,3.2338505074926465,0.11771309367025991,7.029296673394377,1851.0,0.003317692807710972,40,42
1869.725114011637,520.2244063532002,317.01629465329677,3.4175987372873884,0.06259694818609238,5.882673811776854,1845.0,0.0033323200062958134,40,40
1814.6432995920834,2509.491010726696,329.9781183063644,3.4377462691110767,0.07091224046179871,5.683261140191198,2093.0,0.0028186676468766416,40,45
1561.3775719056339,911.6024991920715,462.78695758241133,3.312627347912545,0.04061174341567643,9.123129725043766,2577.0,0.002166828075496346,40,22
417.81777941718923,73.7700110660273,270.3038763343568,3.4625839013760533,0.037317008156950576,4.387078774884434,1573.0,0.004164711328981679,40,53
396.63647330853524,969.4690861566302,495.88946106563026,3.406685955404958,0.010268723363127386,8.774157549768868,3074.0,0.0017510153072961166,40,73
311.8495134108711,1188.08248279136,420.06279269518456,3.470280043367841,0.05620952377702902,6.530764994430236,2385.0,0.0023856880661317606,40,65
168.01514301738644,2307.6948962422885,355.5527934372248,3.3890970313057074,0.05052650811354869,6.231645987051753,2588.0,0.0021554990641102782,40,74
121.96438398043412,2327.415010700092,326.1394243783405,3.4314708737037747,0.010303818995670672,5.5835548043983705,1941.0,0.003112742350866136,40,113
92.06309204647006,332.75567470956213,278.92847438043646,3.500185109365113,0.016206799805267527,4.536638278573676,1586.0,0.004115576888853579,40,68
258.3886910696482,2014.6886483406922,350.01909180072283,3.444454143954847,0.038679345670814026,5.733114308087612,2084.0,0.002834523641837063,40,60
11.22385830132309,812.0232607767819,233.6119447625961,2.9177075759803266,0.17328003278522405,6.829884001808721,1002.0,0.00875642681325295,40,55
866.1877615062762,2394.2024058577404,190.63851403588723,3.4883248188551774,0.02220412701753542,3.4398685848525674,1625.0,0.003974891923809086,40,192
698.3895939086294,2051.1975888324873,392.84296302374247,3.3061433357229353,0.013056424273664678,7.876800527633415,3113.0,0.0017250388179226508,40,134
1467.9015384615384,747.0338461538462,439.95992190235154,3.4725906671596873,0.022460898432771638,6.90865447655682,2386.0,0.002631551080818695,41,1
1431.0356909399923,2448.1750555628187,357.0560681836697,3.4772480151207596,0.021754838748823897,5.601611737748773,2026.0,0.0032457975797303413,41,4
1053.9412583871376,578.4061273578934,368.726092637313,3.4453761091843726,0.006255221460973068,5.928372422450785,2098.0,0.0031010314220165365,41,152
1561.8731490621915,911.6996051332675,472.86939086162556,3.4010334646748337,0.017389674033324126,8.215697215364868,2646.0,0.0023151286680835963,41,22
2021.7596711147055,2266.7155950936785,346.31964568631787,3.4496943180896293,0.04296550443849373,5.741652031192492,2154.0,0.002997064025900351,41,5
2019.4482875935587,763.963823996371,411.62510252890564,3.397863323389624,0.055032445854482755,7.188735063444258,2379.0,0.0026412702611117445,41,25
1970.120687186829,2129.4536864710094,326.06048323479314,3.4130156363127173,0.018762080042421997,5.601611737748773,1949.0,0.003416359747026056,41,35
1879.6696124031007,233.96682170542636,301.08663090399654,3.495534249570798,0.04989240092658751,4.901410270530176,1846.0,0.0036746600663656623,41,41
1871.1824958586417,282.85795140806187,338.1506285687676,3.2910324418648558,0.11321429432759823,7.095374867815113,1957.0,0.0033978090809331928,41,42
1865.3964940239043,519.2699601593625,292.9176137864462,3.4243096259454444,0.009420477586103726,5.274851053046762,1754.0,0.003940790996486233,41,40
1813.2340575620767,2505.5303329571107,330.8685333096942,3.391747387203306,0.05346955539120312,6.068412715894504,2018.0,0.0032627213983733787,41,45
415.27603513174404,71.32407241441119,260.4282657075034,3.4505182737916646,0.019214491274072175,4.574649585828165,1577.0,0.004578780349910442,41,53
396.5297576621525,970.2704027084818,523.9374178707685,3.391598462126156,0.03221482591054556,9.14929917165633,3170.0,0.0018635324201994577,41,73
311.12250523762265,1188.0517146322638,423.34180708036354,3.449012700694072,0.044626749330698046,6.675253987483955,2378.0,0.002642664579123645,41,65
122.07181094137616,2329.0186708447577,357.52286916181544,3.4841891964940226,0.030238585525599344,5.601611737748773,2035.0,0.003226966925534031,41,113
92.9097967949777,331.9456467867173,282.554632071611,3.500607674230511,0.017381851845032555,4.621329683642737,1595.0,0.004504617369436635,41,68
10.96653977158886,812.0679222600681,232.98036819253437,2.9523701802833884,0.13171807890306184,6.4418534984110885,975.0,0.01018914233241562,41,55
169.56143390191897,2302.109408315565,350.2874540005566,3.423509278248213,0.06544642920940288,6.208453009338223,2521.0,0.002457174362287763,41,74
260.2704962243797,2013.8600323624596,346.1796053928742,3.4884228314716506,0.028616527793442037,5.508251542119627,2095.0,0.0031068050443953583,41,60
868.8064679643147,2409.66098945661,460.45248484294916,3.3355375923542088,0.01852102226237461,8.589137997881451,2822.0,0.0021408734657892073,41,192
699.7532066508313,2050.4326603325417,393.0464235987056,3.2118212472778676,0.01619896336507097,8.682498193510598,3091.0,0.0019199963899694545,41,134
1465.2925976781926,751.1530395705904,416.35941287077566,3.44215896927228,0.012884272625132446,6.652603276427323,2301.0,0.0030623224179649818,42,1
1436.7836897066136,2444.2565887618102,313.55590286473466,3.433413876451268,0.026161365616908506,5.353266699000111,1839.0,0.004105791601826871,42,4
1070.023069207623,634.0636194297177,362.72279895458036,3.4642877454153282,0.02751084424778188,5.717080940679731,2027.0,0.0036058166697818866,42,152
1561.2111215834118,911.5750471253534,441.1507547680868,3.3467351541870536,0.044743957112786115,8.1078602431458,2535.0,0.002713085541998866,42,22
1813.2433333333333,2505.556515151515,343.0248564407838,3.397213653284204,0.05423938489276146,5.873001329970996,2041.0,0.0035734122214069507,42,45
2017.6029920870426,756.0994065281899,420.3613695292514,3.4593334806814733,0.04833157697175942,6.652603276427323,2386.0,0.0029255293363114323,42,25
1988.6644253322909,2283.4849100860047,332.3702965058807,3.4000413923801514,0.054889450097362055,5.976948256165173,2090.0,0.003464443338738569,42,5
1874.4081832419733,232.4422474549726,265.48044949992783,3.374961933136056,0.07945502666496124,5.041425920417581,1735.0,0.004446887264892398,42,41
1871.8460471567269,282.78039759593156,337.255802037007,3.3036122978983307,0.08849793638428426,6.964444055009853,1937.0,0.0038290325271169673,42,42
1867.783950617284,515.3153153153153,311.5289378039482,3.4332619019363038,0.048088816569705935,5.301293235903023,1771.0,0.0043225813950862465,42,40
1968.5721098503536,2131.153757605657,316.0506290933949,3.423512920522915,0.06800390410306512,5.665107477582642,1936.0,0.0038316680498696686,42,35
417.8132699373244,74.44737410849362,240.48121375022828,3.4317262698631197,0.07545366288603039,4.313797437058342,1473.0,0.00562391259748668,42,53
396.64040073210674,971.7530103072921,539.5365204108753,3.437708580600791,0.040526372950716844,8.575621411019595,3228.0,0.0020281064630041845,42,73
311.87068738477745,1187.3417171451147,394.68647875928974,3.4178920079847437,0.0441569292545074,6.652603276427323,2295.0,0.003072463369670731,42,65
262.6100896520286,2011.3353593678771,342.03736064193913,3.4142412045113617,0.012924264592253907,5.924974793068084,2019.0,0.003624598737435152,42,60
169.9494676863098,2307.5754985754984,346.6110253944829,3.436068640365693,0.02896449003490761,5.873001329970996,2556.0,0.002685599396007553,42,74
123.6082191780822,2328.230298146656,322.4953385174339,3.454971076726303,0.03659433216915058,5.353266699000111,1918.0,0.003879735640491107,42,113
93.04310658421244,331.858675882139,285.7501001077923,3.511142166890277,0.007229934480695762,4.573664752543785,1597.0,0.0049978300876452305,42,68
11.172467302150299,812.0252715584128,234.45229203096602,2.919294242426393,0.16363614368223364,6.7565502026215,995.0,0.01087584915368509,42,55
868.7871674491392,2408.972432887926,431.7435579475138,3.359539456075474,0.04276712144157697,7.847992927660357,2645.0,0.0025750377064935135,42,192
699.9258025842547,2050.407086719062,390.164787469843,3.191148507949272,0.026119972848094142,8.627594874116683,3056.0,0.0021636890378301547,42,134
1451.739524838013,758.5555075593952,355.65982014382223,3.4341485887884367,0.014440447796540834,6.042888232825201,2110.0,0.0031637584920272224,43,1
1439.3201189296333,2437.3738024446648,310.03089289426924,3.4356369023818947,0.013878646913427169,5.274724474415218,1840.0,0.00379346904202357,43,4
1060.5338417540515,676.9467747060693,322.321513028829,3.371477024159585,0.023095510692478366,5.889255481143205,1918.0,0.0035872044807182305,43,152
2016.9940786357176,756.0479630506869,432.4249850675932,3.477698455395515,0.0430640449276085,6.503786487871191,2448.0,0.002619426792316636,43,25
1969.364026012415,2131.08838309193,346.49306596012974,3.480765100844903,0.03851764465358889,5.633200895006543,2032.0,0.003323119174152849,43,35
1561.1992251702277,911.5699694764029,436.2145929424158,3.318747928668409,0.05450272959822088,8.449801342509815,2526.0,0.002519395793548609,43,22
1874.6234544773324,237.57324840764332,273.36387615949934,3.439952163616963,0.02369317288397938,4.711404384914563,1751.0,0.0040598307668468815,43,41
1874.3843205574913,519.5756097560976,293.9506648848869,3.4734433005836354,0.07337694050620115,5.1210917227332216,1751.0,0.0040598307668468815,43,40
1866.3351254480287,279.83365917236887,314.33260994136515,3.2416521860627907,0.13142135334701863,6.964684742917181,1846.0,0.0037767640992989286,43,42
1814.028546073066,2505.5286200266232,346.2370113739931,3.425782509284123,0.031741079069191956,5.889255481143205,2060.0,0.0032640984499624414,43,45
1956.9877667140825,2294.485917496444,360.01274810814544,3.419507255728117,0.01882378060452555,6.042888232825201,2166.0,0.0030584578104806068,43,5
415.2883887671779,71.24517028480382,257.13001539843503,3.483623164539962,0.011309568741799864,4.40413888155057,1551.0,0.0048204407315955945,43,53
396.6290716612378,969.5105863192182,503.09605084131164,3.418549704873479,0.009811541754849351,8.757066845873808,3084.0,0.001978802761291224,43,73
311.097657749904,1187.350825547165,400.11089629714655,3.4095055385505515,0.032554768974708395,6.964684742917181,2292.0,0.00284537432835965,43,65
260.9849088838269,2011.3106492027334,359.7054826047815,3.492752013627878,0.015087199622181188,5.5819899777792115,2107.0,0.0031696046023209578,43,60
165.29545454545453,2306.575092137592,333.48549298438735,3.4342946301794792,0.07884125887510735,5.940466398370536,2505.0,0.0025455678415202314,43,74
121.26505276225947,2328.184978274364,330.0031506129288,3.470859447032571,0.01934964857097935,5.377146308869882,1940.0,0.0035330215566579536,43,113
93.80368783758614,330.99105978766994,274.95141459354664,3.4973315533474745,0.03318174621780942,4.301717047095906,1577.0,0.00470582784057773,43,68
11.264262295081966,812.0214207650273,234.2899463150449,2.9002732111740013,0.17162615917045312,6.913473825689849,1010.0,0.009773452418561842,43,55
868.7839128305583,2408.97110675808,418.2907719128495,3.3705056773513653,0.018845642265104517,7.476793915190503,2631.0,0.002396213429660279,43,192
701.9324150360453,2049.179325437693,397.80640502191665,3.2176457353583574,0.03409675033109921,8.501012259737147,3105.0,0.001962951323165255,43,134
1476.7336296296296,2426.4002962962963,306.86612340536954,3.360379167318496,0.052233483791771486,5.955475876459764,1852.0,0.004146087908431172,44,4
1433.8226815050346,755.8824589295177,428.93064804883875,3.47918330663779,0.037884142845833524,6.591938947226456,2392.0,0.0029733346659691733,44,1
1039.4580881391396,711.1348241140316,347.64522158234973,3.4202032078518183,0.03022157442249302,6.000937524371671,2090.0,0.003532076854032289,44,152
1560.426913485517,910.7590638787647,473.9831411295382,3.3443436676615015,0.05050031431004716,8.68317475117416,2636.0,0.0026363794933157506,44,22
2017.583998150075,754.3717192739045,393.19779279008014,3.4355638000360864,0.047168620073036314,6.591938947226456,2357.0,0.003028863964731032,44,25
1968.468642611684,2131.1245704467356,317.50414901675566,3.4327319060859836,0.07065348845659622,5.4553977494287915,1949.0,0.0038717722342590296,44,35
1918.518020370854,2290.6559153826065,348.1452997093807,3.4634607257027246,0.06552825553448423,5.819090932724045,2192.0,0.0033212789667534525,44,5
1875.058040770102,236.0847961494904,321.1410808497082,3.5228786296414754,0.008470444704946352,4.773473030750193,1924.0,0.003938939819857055,44,41
1868.591940345867,518.4253530065048,286.54476678874727,3.416161159556561,0.0687844815408529,5.182627861957352,1741.0,0.0045118940199593725,44,40
1866.4456413890857,279.7958894401134,320.73192601850104,3.2766164636764303,0.11326815511783547,6.910170482609803,1873.0,0.004083453071389143,44,42
1812.3037447988904,2506.2356575463373,360.5563295893312,3.4127635409973562,0.035029405639780214,6.13732246810739,2098.0,0.0035145814359687027,44,45
417.8416257883672,73.69639103013314,259.49508628116286,3.4471431759767754,0.04447751686681984,4.4097798474549394,1573.0,0.005207249978821322,44,53
396.6280629352592,972.5433754621271,528.7644268633857,3.396162242564083,0.03707786409657935,9.501484413588479,3167.0,0.002114817512351315,44,73
310.03457923008057,1190.873769024172,406.2452857407973,3.4485767048403337,0.01494759002003946,6.501015651402644,2362.0,0.0030208045596839097,44,65
261.04868368831853,2014.5385633020242,343.64459656610194,3.447525863759955,0.019012766742388422,5.637244341076418,2088.0,0.0035364779585083123,44,60
171.7043827703127,2302.1965339696094,362.0111023225122,3.4516629534606,0.06065724896485006,6.13732246810739,2575.0,0.0027132497103715294,44,74
121.99396660586503,2327.456433281886,324.00516466815833,3.444726816033219,0.011409004683250987,5.4553977494287915,1928.0,0.003928036833450636,44,113
92.0062966031483,332.6594863297432,274.3610451483563,3.491046661633642,0.017549384832152213,4.54616479119066,1589.0,0.00513192495312154,44,68
11.199410029498525,812.0477876106195,231.17247963204505,2.9711493758425074,0.19090402287461547,6.364630707666923,991.0,0.011172019840740129,44,55
868.7203129956646,2409.518346198583,429.9308043029007,3.3599095643856494,0.03762844511619452,7.955788384583655,2730.0,0.002526094613699534,44,192
705.5140789324889,2048.249915187154,402.01735248499006,3.2431174350811007,0.033350547297284955,8.41040486370272,3193.0,0.0020945283984035866,44,134
1522.8975660743617,2417.727937882634,336.3832539990788,3.4587524475387412,0.02940228920408717,5.675870942496029,1934.0,0.0037750041439965007,45,4
1427.8725241824045,746.8061953017043,436.1881704835002,3.429691258415484,0.01404164605472634,7.283197227096675,2397.0,0.0028613696503039026,45,1
1560.9030184156043,911.6043369292797,460.9510410556289,3.367229855027616,0.026059245209686884,8.48869194054716,2608.0,0.002577125174758789,45,22
992.8577159333082,716.9086122602482,400.67630538310465,3.4434124253786895,0.011744438962944866,6.5297630311901225,2212.0,0.00316769985187806,45,152
2017.6790738204904,752.974604755384,403.4891263811558,3.4409532607565763,0.04501460627701321,6.5297630311901225,2364.0,0.0029115945292376823,45,25
1968.5685411572942,2130.320782396088,308.15458612578,3.396820028801711,0.08461986360175329,5.4247262105271785,1901.0,0.003862915852014349,45,35
1890.726494527084,2274.517401066517,357.9314720020062,3.3894472280783705,0.06174760902297168,6.429305138402582,2185.0,0.0032179793740983375,45,5
1883.6501608866643,263.96031462281013,280.9807261267503,3.464179020905378,0.041905841389850956,4.5708341218330855,1809.0,0.004131123627762571,45,41
1875.0818634102216,518.1516659128599,333.1686014298775,3.448857465885036,0.00689650428095331,5.474955156920949,1862.0,0.003972239826933786,45,40
1870.7935435435436,926.3314564564564,267.61982638600745,3.4130666597686052,0.06187973890195586,4.671292014620626,1871.0,0.0039464655562481184,45,210
1866.270572450805,279.1896243291592,336.93577240941033,3.328133989149425,0.10256828722076522,6.8311367095527435,1955.0,0.0037211139441939173,45,42
1813.2009867943696,2505.514148889856,346.12766959947027,3.4096757676524927,0.05148987273843418,6.077702513646191,2056.0,0.0034820420865430326,45,45
416.95971169839214,73.73424505636666,271.7888289366904,3.494537279315474,0.011918132961734069,4.520605175439315,1595.0,0.004926823016463462,45,53
395.9014814141598,970.2526583659002,552.6690971706532,3.47850150707294,0.026195891873169515,8.338005101365848,3246.0,0.001981840197630907,45,73
308.52938062466916,1190.0018528321864,379.52991895132743,3.3945975825545864,0.056859418667523545,6.479534084796352,2264.0,0.0030751628168302586,45,65
262.6025999440872,2012.0753424657535,359.3378825010318,3.458730692597198,0.010498494806966989,5.77632883528357,2111.0,0.0033643367213830517,45,60
164.42410778271463,2306.7447326931347,350.4473589893345,3.3936260431997454,0.07835226040753997,6.379076192008812,2554.0,0.002644352958364333,45,74
121.96002441257248,2327.473451327434,329.2005146647697,3.426658667661064,0.010472821203112374,5.675870942496029,1937.0,0.0037672101756882847,45,113
92.08855410619144,332.6858350174536,273.39615522129105,3.4654272623445395,0.026773641639989118,4.520605175439315,1586.0,0.0049670584643886125,45,68
11.011066843736167,811.8891102257636,226.93437980705363,2.9243448546102186,0.16966313406472655,6.278618299221272,978.0,0.011079763480593616,45,55
867.2806451612903,2409.6550967741937,389.2743345517188,3.2662892035596487,0.020869446037756433,7.785486691034377,2519.0,0.002689832150852812,45,192
705.8566783090449,2048.180537155245,417.0509419074737,3.2468218834002576,0.04394128219777656,8.94075245809109,3213.0,0.0020058048619518067,45,134
1552.9138872043663,2412.945724681625,328.9134248766728,3.4483980865396697,0.03992677830413663,5.435349198234891,1919.0,0.0034816278192768163,46,4
1431.8415430267062,761.0293175074185,420.1175871112748,3.498808614524128,0.02194685044241398,6.332929799778268,2374.0,0.0026435290981797893,46,1
953.6793304994686,701.009962805526,375.3881538010299,3.406583143581542,0.03082797970419522,6.582257744651428,2129.0,0.003037207912927499,46,152
1560.9379266883732,911.7516017225081,474.7702726274715,3.3507300817379777,0.023182544375460277,8.975806015433765,2608.0,0.0023523147752307484,46,22
2017.5239000887536,735.0342335488779,393.2899002429228,3.4500364292283074,0.03459705472942187,6.332929799778268,2340.0,0.0026919516428664104,46,25
1971.8836979766409,2128.5466359598618,303.1329153767881,3.429500536030381,0.010286485350749268,5.435349198234891,1853.0,0.0036494587815143176,46,35
1884.542537587092,304.38907224055737,271.9669222676431,3.4250045837886454,0.054529038250658725,4.986558897463203,1753.0,0.003937007936326482,46,42
1877.6729471674093,2242.929980903883,391.6942013957346,3.463936233964567,0.047244914009503626,6.382795388752899,2284.0,0.0027756938069454984,46,5
1871.7917478307065,927.1009385514433,281.59098093974706,3.43360201662495,0.03152421102131128,4.737230952590043,1837.0,0.003692610619863228,46,210
1871.9092702169626,521.2361932938855,303.38224332166124,3.4416092974381938,0.0382678588436742,5.235886842336363,1766.0,0.0038970900601116663,46,40
1865.419217687075,275.72431972789116,293.20966317083634,3.289955854386123,0.06269235426875744,6.13346744387974,1834.0,0.0037008154489680564,46,41
1812.37921686747,2505.4509036144577,331.10751079155665,3.3373570092558147,0.09882830989210994,6.283064210803635,2005.0,0.003284791196327302,46,45
417.82227264133104,73.62431461523917,263.7391000868288,3.4585572791835957,0.03332967678558438,4.487903007716882,1559.0,0.004647394815824116,46,53
395.89519692603267,969.4184438040346,519.1007812259194,3.435490308521094,0.034970912140660816,8.676612481585973,3136.0,0.0018840088611837304,46,73
310.08785797589735,1188.3662044836076,384.81275011723534,3.4611825855481086,0.03639020593355395,6.233198621829003,2286.0,0.0027726133991622273,46,65
260.31297166453083,2013.6816175423608,350.20603136884074,3.474239529797659,0.02470200964121244,5.634811554133419,2096.0,0.0030993778356875235,46,60
168.99287347048542,2306.856528169961,370.85038520433835,3.4704616127105967,0.022086584995829453,6.033736265930475,2669.0,0.0022866485526537067,46,74
122.94115760782428,2327.5186788520123,311.0116784347799,3.3741607428061355,0.027084001796862343,5.584945965158787,1916.0,0.0034889209175617024,46,113
93.005,332.7182142857143,279.24729825793935,3.497499106504532,0.01855151780633669,4.537768596691515,1592.0,0.004508999609019097,46,68
11.02587128501176,811.9516784263417,233.22135963435397,2.944755397132609,0.1647069951657422,6.532392155676796,998.0,0.009718167762214193,46,55
868.4964311206281,2409.734713300024,419.1701409207568,3.298840090603632,0.007060674054370263,8.277687769788916,2646.0,0.0023109728012373244,46,192
707.5506988564168,2048.1517153748414,392.442185230354,3.2095790553955115,0.034576306667682244,8.527015714662076,3110.0,0.0019026612779655988,46,134
1429.7277429294597,775.6741498844503,397.16515771097403,3.4260089230722413,0.02099915933255249,6.599751162579188,2285.0,0.0028241657247336303,47,1
1560.9247067382014,911.8145857961263,480.6454538733995,3.3742225519839915,0.01906760707282737,8.566564422950469,2638.0,0.002361399618813109,47,22
1569.9452582883578,2412.716525314829,340.1275731602069,3.421701945607574,0.02277784177490267,5.638198013064339,1919.0,0.0035443321036156463,47,4
2007.5636551486625,692.6977384915624,380.7313402465384,3.426717769732641,0.009717217744722142,6.5560442012376035,2284.0,0.00282573445651767,47,25
1972.5243387732132,2129.4856499718626,310.66908121597925,3.4251995739742203,0.043459212464035606,5.507077129039587,1931.0,0.003514944693015574,47,35
1878.5490981963928,513.2566671805149,283.52705822285554,3.4406595027828195,0.04095589126982433,5.070007515623747,1736.0,0.004062275147336183,47,40
1876.817898022893,350.63862048461425,294.01672894483573,3.4415849851124913,0.015121611364666701,5.113714476965331,1763.0,0.003976538699943876,47,42
1875.6891599224894,2197.178730194916,383.4411718497166,3.483085113861981,0.031864204810870746,6.118974587821763,2277.0,0.002836764566721455,47,5
1875.651473221553,924.6693797818656,268.49186352135064,3.482520712469457,0.014185523973183237,4.7203518248910745,1747.0,0.004026903086010608,47,210
1867.5606124455683,269.78929624947324,311.1498577907367,3.2708213386312743,0.06236582473688113,6.818285969287108,1858.0,0.0037016532672921633,47,41
1813.2542219930385,2505.455072837437,339.03489912666726,3.419868541033824,0.04903823974797481,5.8130258584306755,2040.0,0.0032687630823671795,47,45
919.5977215189873,661.5636708860759,345.2849945985138,3.4061931681474227,0.030232462602129796,6.118974587821763,2026.0,0.0032984350665994032,47,152
416.9764099359475,73.79596937978441,279.7682595474793,3.475874851521569,0.015336070685411141,4.764058786232659,1596.0,0.004573581203067815,47,53
396.67897519316796,971.8108987393249,537.3770896947756,3.462246271954329,0.02222046944082048,8.391736577584133,3186.0,0.0018825283834907605,47,73
309.33453765383314,1189.2833916676075,387.1125566024097,3.4373865157245285,0.04464262834672125,6.2938024331881,2277.0,0.002836764566721455,47,65
261.10164968461913,2010.4547549733138,360.3201893000187,3.4249597581545634,0.01973664815783882,6.031560665138596,2105.0,0.003137713031747471,47,60
168.71559051122668,2301.351008499302,344.54197625570686,3.426230980827843,0.08467003366770108,5.8130258584306755,2500.0,0.002523020124145279,47,74
122.88582407026212,2327.5619596541787,318.4926272961228,3.3893131151226683,0.022864724522329804,5.638198013064339,1932.0,0.0035125177242293477,47,113
93.8259449370042,331.8707419505366,280.9920544650437,3.4494324951806963,0.04451318565968471,4.764058786232659,1599.0,0.004561278758011446,47,68
10.809605817068505,812.0939533103713,228.4125799711181,2.954172229737877,0.15005002747065208,6.424923317212851,979.0,0.010271097637334956,47,55
867.8837784881922,2408.8836753635146,423.8264041293403,3.345139108675239,0.03706537060616038,8.216908732217796,2653.0,0.0023450712067091973,47,192
710.9585770562254,2049.1031395487644,366.1332151584494,3.2894468813896456,0.02914034128672992,7.692425196118788,3101.0,0.0019436661109695494,47,134
1424.608262932531,781.6942483508853,377.93287674965796,3.4165875148310265,0.04329614173956667,6.560575339943142,2210.0,0.002933937177856724,48,1
1560.2826260211198,912.404961147639,439.0337017489951,3.34307204578773,0.044342874226646206,8.178850590462451,2457.0,0.002566719219353665,48,22
1568.7815190849506,2414.744377329392,340.31891146731726,3.446788297743869,0.010055714050110286,5.685831961284057,1941.0,0.003475454691660777,48,4
2003.6202934819703,665.3153224889091,384.4934520896011,3.4469177796259896,0.0607648379935637,6.385626664211325,2302.0,0.002785501006781754,48,25
1969.316118337159,2131.094618719714,342.9868787722275,3.4845269520512447,0.03330549103642785,5.598357623418148,2017.0,0.003303204968655396,48,35
1876.4980704293296,2167.8171731789676,362.6686047920569,3.455945609798731,0.030881575599711816,6.079466481680646,2211.0,0.0029322387467931557,48,5
1867.6840563537453,383.08676244943507,313.55176408034924,3.4559378995056065,0.05243572863955076,5.248460271954514,1844.0,0.003723256277550629,48,42
1868.4141108711303,513.89373650108,303.7546382393675,3.4614819732888815,0.04955401951116176,5.160985934088606,1765.0,0.003952792833394969,48,40
1866.406867695859,272.504111960756,303.1423178743061,3.3026748601921794,0.09358590375922225,6.035729312747691,1822.0,0.003784455628253301,48,41
1864.7852722772277,959.7232363861386,282.7170599826165,3.4004813651675088,0.02744801557688073,4.986037258356788,1667.0,0.004280121476318606,48,210
1813.248620961387,2505.580903598634,333.0148042555139,3.4206069074720107,0.06767965467163525,5.729569130217011,2005.0,0.003329258226423861,48,45
911.7925621830476,618.8413426708524,362.2312331027274,3.4354010243375956,0.03247159485560236,5.81704346808292,2029.0,0.0032775563065517745,48,152
415.221870604782,71.30573136427567,248.77701689064398,3.4670186043361433,0.002681058930158166,4.242505386496566,1559.0,0.00470994858510079,48,53
396.6340350596334,971.0106459617385,546.4084514793979,3.4500123837242667,0.03605447430859582,8.485010772993132,3241.0,0.0018369451838060288,48,73
310.07975253093366,1191.5784026996625,388.82343181396357,3.4293282816671358,0.03164469094163756,6.560575339943142,2284.0,0.0028133492147803174,48,65
262.676618705036,2011.1823741007195,364.7679889008387,3.470982832360593,0.022879534785887834,5.729569130217011,2109.0,0.0031162433331553127,48,60
170.74864441498977,2300.4330642246055,362.9747649745876,3.3705199699833246,0.08311274934430332,7.0416841982056395,2528.0,0.0024775813160940346,48,74
121.28080192868926,2329.884405532293,344.69262836061273,3.474890443739249,0.03933775488068565,5.467146116619285,2011.0,0.0033161804270905523,48,113
94.53068264342774,332.42846768336966,240.9043264827122,3.389638832696192,0.08625008391058026,4.5486655690272455,1478.0,0.005093587584019654,48,68
10.767097264437691,812.15273556231,230.23245726307135,2.9857182850717097,0.15470710870968948,6.473101002077234,983.0,0.010141896838110643,48,55
867.2705017016137,2408.8771544626193,398.40187181028057,3.3219166291643556,0.011130128970085015,7.741478901132909,2461.0,0.002561527214212604,48,192
710.8457769482035,2049.1931871208585,374.91501209328413,3.23041859409073,0.030605223012518286,8.266324928328359,3044.0,0.001978279583111314,48,134
1414.8002325581394,787.5110465116279,384.37698606643596,3.444054533236513,0.029987480791760442,6.436079766693812,2282.0,0.002740730047157534,49,1
1560.95617999607,912.4822165454902,454.905693509789,3.3186089934496636,0.04525729427973105,8.804914680824172,2550.0,0.002385282142349175,49,22
1564.9765258215962,2414.504761904762,333.2012129215442,3.423887365968057,0.024967621876282774,5.720959792616721,1934.0,0.0033983007640979554,49,4
1988.5033488477693,634.0065841752753,393.71824072781794,3.4086192857739643,0.025008553629705787,6.838334752112175,2286.0,0.002734647817666463,49,25
1971.0564751703992,2129.4565308109613,321.3123433525126,3.470640727301702,0.011797903047002092,5.408094803957995,1945.0,0.003372722547479999,49,35
1875.1741566191695,2128.4915357447326,366.9906316966867,3.4432256956002107,0.03701151878885012,6.033824781275448,2218.0,0.0028418610276985997,49,5
1872.0093693189763,984.0890784505664,319.6139334140795,3.489521241562421,0.03814657569139045,4.827059825020359,1764.0,0.003849478640111483,49,210
1870.4386551943912,519.1630019120458,280.50580983173865,3.387121788321595,0.06999146311850561,5.452789802337812,1747.0,0.0039012741910485673,49,40
1869.631762146483,416.7920232052212,308.17201382884605,3.4742396040984285,0.019261042244934322,5.095229815299267,1826.0,0.003671693612172446,49,42
1867.599054576708,269.8980088812491,312.0157836895104,3.2956761314117533,0.0740773352691925,6.301994771554357,1844.0,0.003623113774654075,49,41
1814.0780862990484,2505.4128536044846,342.85533257158494,3.4351925006644155,0.022632059774604762,5.944434784515812,2045.0,0.0031567232811783447,49,45
916.8051589682063,581.624475104979,372.53281149578413,3.444651923580244,0.02213763838119053,6.212604774794721,2114.0,0.0030231320747816388,49,152
417.77941675144115,73.72346558155307,263.61110044416733,3.4451079916691234,0.028800166421468237,4.603584833121268,1577.0,0.00450780951483924,49,53
396.6935352548445,971.020436411008,548.9439701009263,3.447078205055234,0.03880512936320655,8.760219682444355,3250.0,0.0017817299582386656,49,73
310.05720111611936,1189.8892466194463,416.4679949031454,3.4610487029310866,0.0507681538364876,6.570164761833266,2371.0,0.0026114949128194977,49,65
262.01576404780064,2013.5104246122553,351.57085725564946,3.448930012389133,0.028905162970549632,5.899739786135994,2107.0,0.003036167223650307,49,60
171.7130381303813,2301.357195571956,363.37033682792145,3.3639613794396666,0.09715792970560969,6.570164761833266,2504.0,0.002439588325708588,49,74
123.74618514750763,2329.009409969481,351.48146725888984,3.4950917480902657,0.017753372636466296,5.497484800717631,2034.0,0.0031791193180168665,49,113
93.84891620834681,331.8506955677774,276.3044799840357,3.4543985904179793,0.037021008997501846,4.469499837981814,1575.0,0.004516069729568933,49,68
10.169152276295133,812.193092621664,227.76571174355323,2.9690977756308206,0.14784928969572256,6.3466897699341756,986.0,0.009810049547503748,49,55
866.3582356995175,2409.747622329428,324.2622132455806,3.3527712598097827,0.014932833301236972,5.98912978289563,2254.0,0.0027840751860258293,49,192
711.6313266443701,2049.7054626532886,400.9141354669687,3.230550239432646,0.06010012180922936,8.715524684064537,3272.0,0.0017676726697664375,49,134
1405.3163233937903,803.9331898760119,396.16982741819675,3.4692004817803657,0.0242534374702096,6.2110855205435085,2287.0,0.002818270182839597,50,1
1560.7914220066377,911.715853969875,477.0357251758612,3.3638463867763955,0.017505537820788657,8.687400662720986,2588.0,0.002415205892080081,50,22
1566.4805548353643,2409.8515685766138,313.1523771599518,3.420946928025351,0.05407003663948178,5.561560237349417,1849.0,0.003722180129876503,50,4
1984.9028511087645,625.5155227032735,384.43777699050344,3.466204312167031,0.033802104027926674,6.2110855205435085,2277.0,0.0028339828854887523,50,25
1972.6809501074242,2131.8114108379086,340.10767641250663,3.4655656997782613,0.03794984343553433,5.520964907149786,2028.0,0.0032908326564236837,50,35
1891.5196597880647,1006.7417735638594,291.1497081917519,3.3754841011178014,0.051330309962155256,5.317988256151631,1665.0,0.004301789514887544,50,210
1877.301443855822,2084.28960216059,390.8112438318455,3.442655215829553,0.05074288003053183,6.332871511142401,2234.0,0.002903593018747381,50,5
1874.9069916613214,268.45182809493264,316.4405989061219,3.264146200300154,0.13240895757856172,6.657634152739448,1881.0,0.0036369571737102746,50,41
1868.6922586404796,416.28759086851164,318.3079840953049,3.4806660781242242,0.034555784527968265,5.196202265552739,1845.0,0.0037331146505152147,50,42
1868.9216970387245,517.5290432801822,285.14159932220656,3.4256668871721727,0.03340339002183922,4.993225614554586,1750.0,0.004013107381663913,50,40
1815.6068251066422,2505.3798903107863,333.0846842879705,3.453865880225552,0.03432979091191221,5.602155567549047,2026.0,0.0032950991915885732,50,45
926.56086031671,554.8944693925786,343.5176841492756,3.401429621442862,0.012016782685120525,5.967513539345724,1945.0,0.003477706201008222,50,152
414.3627648839556,71.29145644130507,241.37983336700458,3.4276433081390594,0.06832447504202736,4.303105001160862,1492.0,0.005039634924190236,50,53
395.9423381270213,971.0155508153857,589.971933791234,3.467040155466933,0.0310282502464605,8.930972643918771,3350.0,0.0017732012129069129,50,73
311.608171994597,1187.4971859522736,360.6489134935198,3.400644852373824,0.025502263914966287,6.332871511142401,2179.0,0.0029977751538470894,50,65
260.3371288233981,2011.0716677829873,363.65296792829247,3.489178883183963,0.05503817065737654,5.723941558147939,2118.0,0.003109644386818968,50,60
172.5931541977924,2302.2615676218084,364.09951656048844,3.366606521303475,0.11016250252623203,6.860610803737601,2506.0,0.0025131216444472604,50,74
122.87375582713872,2327.523749527529,322.20513579446947,3.4040234403884284,0.017834937918340125,5.602155567549047,1929.0,0.0035161970168468416,50,113
92.8836545324768,332.8107066381156,284.37028804841356,3.448137214471251,0.020554832314718257,4.749653633356801,1587.0,0.004605823471148129,50,68
10.315264684554025,812.183466279913,223.92384138116336,2.939719491534014,0.17613188481205153,6.089299529944617,973.0,0.01038161836541421,50,55
830.3756364684408,2414.8595446248437,422.5567920479567,3.343842912888342,0.028873390282996004,7.794303398329109,2546.0,0.00246438527763481,50,192
711.7006232538148,2049.2278100150443,377.780142837764,3.256859711685977,0.054483253292670376,8.037875379526893,3029.0,0.0019967995475070562,50,134
1561.5896604521301,912.5636314509592,432.0603619337961,3.340382531010639,0.0035482491848163166,8.055164813140214,2465.0,0.0024995714182107706,51,22
1400.8718770019218,806.8105609956988,425.21152615064307,3.4964977444033267,0.006998497268659074,6.459697386382974,2386.0,0.0026033836408408833,51,1
1566.9809788912085,2409.867432150313,335.51512569514455,3.45570439017713,0.030188987004770556,5.6035929134888445,1942.0,0.0033961034937659692,51,4
1980.6875125075046,594.291775065039,388.9049137319966,3.442965641339522,0.033850255193909405,6.381869707028962,2279.0,0.0027585586757821906,51,25
1970.1367791077257,2130.260174102285,357.6181866316839,3.441379129878077,0.019000257747970897,5.875989791227886,2027.0,0.0032090385314880814,51,35
1918.8440173752797,1023.9989469527445,295.6284400262136,3.471598221027326,0.01840440768537604,4.786402280271721,1670.0,0.004174877030054946,51,210
1889.4386326641345,2055.719370591427,358.59103262360907,3.446876116823959,0.041200580952702626,6.226214348320939,2188.0,0.0029058633337540494,51,5
1875.6393996247655,268.5971232020012,311.1161482176619,3.2686086300573374,0.14777951529157315,6.96557730218405,1856.0,0.003608955928922471,51,41
1869.684770889488,518.3176549865229,288.7406904033835,3.4165050473465532,0.07923045439023482,5.253368356395792,1768.0,0.0038562703253825284,51,40
1864.593352097574,417.807130411473,290.3361578301408,3.38535996751258,0.06849053055000016,5.525765234134833,1759.0,0.0038834879120309687,51,42
1813.2787850791085,2505.392539554221,336.9549377631938,3.4023252444388095,0.06388359864503808,5.992731310258903,2019.0,0.0032257615571935957,51,45
938.1272452068617,530.1275479313824,385.6361511991281,3.444954191924784,0.00963902611302589,6.226214348320939,2108.0,0.0030489963257475153,51,152
416.99357601713064,74.6910778015703,272.5914469374261,3.4899468140886816,0.012980749950616918,4.51400540253268,1582.0,0.004509430663066678,51,53
396.66497188198133,969.3940374393344,505.14055284721314,3.4183668999300756,0.026435188321132133,8.522130889264284,3078.0,0.0019089198148970435,51,73
310.1224390717545,1190.6721040877756,400.7736348334834,3.4452425294888513,0.048068668354467346,6.576438905413991,2292.0,0.0027387255226970593,51,65
261.38706988927254,2005.424931539469,326.83733944717227,3.4570657683408514,0.021646527440968618,5.759248272196868,2027.0,0.0032090385314880814,51,60
170.85937854388752,2300.498865955999,343.1422382718377,3.3141791096419375,0.10586677518164161,6.848835783153032,2424.0,0.0025523934006405533,51,74
122.90666666666667,2327.4340606060605,321.0391773352984,3.411335826507282,0.035465756256697505,5.486851394457827,1921.0,0.0034457283108660294,51,113
91.94691023262452,332.73583559297845,272.6692746167801,3.4606186241184607,0.032120622564681706,4.280522364470645,1538.0,0.004697653830392969,51,68
10.227249874308697,812.0777610189375,232.198881352694,2.95176575389414,0.13322655431531538,6.459697386382974,986.0,0.009861685902994313,51,55
711.7970675209463,2049.8883686545096,315.82472281857963,3.367007905775608,0.029134375478438165,6.148386668966927,2991.0,0.0019751608458672596,51,134
780.2692409649201,2409.242025271715,440.3879236246754,3.4267089956627603,0.014818793327397967,7.276888019600097,2713.0,0.0022214858455208743,51,192
1399.7835859455736,806.9327419910437,425.01946197112983,3.486082757688785,0.01232698889878587,6.4785088502316555,2378.0,0.0026696905679588745,52,1
1561.5944812547177,912.679023735637,436.4026046401809,3.3581285850494784,0.018636751715977798,8.198790861310117,2486.0,0.0025256910488223173,52,22
1024.4214743589744,2203.649654832347,296.91335476315925,3.3584176970722224,0.05369683469493089,5.5268634824010165,2317.0,0.0027585212993504757,52,227
1571.482290436836,2411.524321133412,310.0167794432888,3.404733145520775,0.029961248855882215,5.709872206983832,1851.0,0.00369869155776448,52,4
948.9441930618401,522.4232277526395,364.00435319521927,3.433312099979737,0.014235719741955314,6.441907105315092,2045.0,0.0032391015813513684,52,152
1974.657148103939,573.0601414011569,398.6296038862879,3.466737943323628,0.020216571071625923,6.405305360398529,2299.0,0.0027858743968123974,52,25
1970.2318791183823,2129.515791865485,322.16855875558775,3.4225119168455476,0.03577072962643564,5.56346522731758,1921.0,0.003518553115993128,52,35
1903.7371075656201,2031.4135872362326,355.58595186440976,3.4243684872978792,0.012216785201045743,6.222296635815714,2181.0,0.0029795573615231923,52,5
1877.9423123340575,270.355056722182,303.2820583786412,3.2868714633239353,0.11693123884846894,6.368703615481966,1873.0,0.0036401205498767233,52,41
1868.8836135448732,518.363604072934,309.1383375652913,3.449750923617358,0.03032242339604292,5.380456502734765,1837.0,0.003736955544497826,52,40
1866.2036802030457,419.48375634517765,288.4217499425166,3.4516419987173705,0.056704911724931584,5.270651267985075,1760.0,0.003962412961083876,52,42
1812.3399252911447,2506.284442979565,333.14908223055664,3.4093561085531365,0.06879326569872822,5.92948267648321,2026.0,0.0032790055838927443,52,45
1928.2764061182704,1031.1377815247502,303.9042880422228,3.4991955511228854,0.023903937670273837,4.941235563736008,1683.0,0.004216821580172139,52,210
417.78802760817626,73.65303955402177,275.7575462013858,3.44413876757002,0.036049934963448355,4.72162509423663,1596.0,0.004546653326256416,52,53
396.7137055138707,970.2588283885179,531.713548402911,3.4527861137649802,0.032548324322784726,8.381799585892932,3166.0,0.0018853875148842716,52,73
309.3230508136169,1191.5661375661375,366.6396788292118,3.4114828204816523,0.034374222293894134,6.4785088502316555,2191.0,0.00296210523437159,52,65
260.59752523607943,2002.209160968197,337.2118759162951,3.4328781105657566,0.04302559014858817,5.966084421399772,2023.0,0.003285396267318274,52,60
171.79115899707986,2301.2784211056287,363.4919287663874,3.39660192575315,0.10434827323667671,6.4785088502316555,2506.0,0.0025007123339281516,52,74
124.56401384083046,2329.0230680507498,317.3371284266014,3.4501558729811332,0.04930444441001648,5.307253012901638,1932.0,0.0034918288442636826,52,113
93.53348214285714,331.8909226190476,245.96372583930352,3.4460553708621133,0.05397181924893144,4.319005900154437,1492.0,0.005015624715794615,52,68
10.261353104726599,812.102718566574,236.959696589829,2.9881601395277437,0.1289619550655801,6.4785088502316555,991.0,0.009969209858953087,52,55
712.5112273539169,2049.7790252615464,286.884476656021,3.3726040043027945,0.024433164668088866,5.56346522731758,2807.0,0.002176723766863365,52,134
742.9416948334139,2401.288628681796,303.2088548888081,3.3917700832221587,0.035788662454772,5.343854757818201,2125.0,0.0030812193326538047,52,192
1394.5818991097922,805.4738872403561,387.3832097885131,3.3905961766678177,0.03481123462986594,6.858713605553298,2290.0,0.0029572205500753815,53,1
1560.8651166625443,912.5902382719103,464.74490123886005,3.3254751135454996,0.024224525762176683,9.004456409525279,2577.0,0.002551889989230126,53,22
1039.6599193991574,2206.891188862429,418.343213102966,3.4223519881230806,0.049783124210802825,7.35683247076108,3275.0,0.001913894999940995,53,227
975.319288587762,504.02551344484436,361.94083082713104,3.4478204120722675,0.017375161006310556,6.015743218278591,2032.0,0.003449803756468962,53,152
1567.0520522815868,2415.7066039899105,334.19944171863614,3.4360038488016267,0.02921239239557745,5.402673845715168,1908.0,0.0037500179429772696,53,4
1968.5503697417869,2131.134682991878,316.07557839222994,3.4145616734788296,0.078779391035244,5.670891696211665,1936.0,0.0036777484207020355,53,35
1967.6656537933738,531.870025485199,390.90835868075277,3.4218384870769185,0.019832833150726925,6.628812590842014,2293.0,0.002952318812988968,53,25
1929.7257334884323,1039.9760889233553,296.4573584702004,3.4704200656891833,0.05423370778986121,4.751287637366531,1664.0,0.004524853374690735,53,210
1925.5951918158569,2006.5855754475704,374.54706980046643,3.4083394041095936,0.03314752138708102,6.398911576130731,2293.0,0.002952318812988968,53,5
1879.555426506646,276.24970963995355,296.9171604996229,3.2950962129778554,0.051466562763963886,6.322277904560303,1849.0,0.003911999643149271,53,41
1869.5807098958987,519.1481249216105,305.50013171551086,3.425068238294646,0.0374946754949228,5.249406502574312,1834.0,0.003955437296886912,53,40
1868.7311866859625,418.7498794018331,317.7232023309941,3.4697542282192058,0.029322429293124768,5.211089666789098,1846.0,0.003920610682408905,53,42
1812.3600768163874,2506.3188946975356,359.1437018148104,3.403232408271476,0.03969100796223712,6.130693725634233,2080.0,0.0033461088366421566,53,45
417.9591394744441,73.73505630955819,265.38240464839186,3.4793645218885483,0.01590253449972753,4.329802443729177,1557.0,0.0049756947967089845,53,53
396.6412213740458,970.9799444829979,552.1456036649331,3.465333423939187,0.03564958698931803,8.544654380102711,3254.0,0.0019283999522022323,53,73
310.08415451320457,1188.3833267638943,388.83924954835123,3.4345906723105197,0.045009636632882315,6.513862083486373,2288.0,0.0029604974274393633,53,65
260.03394385825203,2000.0007963368505,384.9309322982594,3.5011871937782715,0.02350280228383644,5.747525367782093,2198.0,0.0031158677256964908,53,60
171.6902783547985,2301.1632737847945,368.91449494003996,3.408547627015584,0.08333312580529492,6.398911576130731,2538.0,0.002600322338017615,53,74
122.8322440087146,2327.5371580731057,316.5736972574377,3.394500514782104,0.04626597858988264,5.5942580246412374,1919.0,0.0037212902096673845,53,113
92.68042879907287,332.77082427929884,264.5011174253319,3.4952835504953,0.04398165431764506,4.253168772158749,1556.0,0.004980332402743065,53,68
10.355909694555113,812.296646746348,230.82061877012887,2.9491878820018593,0.16760426818291943,6.667129426627229,998.0,0.010377529926824494,53,55
712.4415384615385,2049.846153846154,298.87131912466884,3.3897658946471245,0.013215220809401464,5.5942580246412374,2817.0,0.0022894737823123197,53,134
711.921043100326,2387.2104310032596,317.3783508089272,3.3981089968269216,0.02370386120529646,5.670891696211665,2177.0,0.0031544964296213876,53,192
1378.0880390867237,810.4605844216857,410.2321130312801,3.4323436316312974,0.027806839379817313,6.706792038658531,2301.0,0.0029661041557250516,54,1
1560.9615324472245,911.9449569976545,492.9877596232334,3.3796289889876414,0.03394550449565248,8.788210257552558,2676.0,0.002458811552219913,54,22
997.4527393136665,500.97086092715233,320.11441310953506,3.43584883172429,0.0253560839342162,5.5504485837174045,1858.0,0.003922008031501259,54,152
1065.312101910828,2230.751094745223,387.2979678416145,3.446142147479837,0.03057740191153949,6.398433784007564,2838.0,0.0022896415419238814,54,227
1567.5879979172091,2415.5870866961727,296.101014028591,3.4534694793694376,0.037590605706655664,5.049366419909584,1825.0,0.004018479706313587,54,4
1969.3459034792368,2130.3664421997755,343.4340061175144,3.4192135534877983,0.061948817767010146,5.8202620565370005,2010.0,0.0035315024879710726,54,35
1965.8649514654603,516.8318725850532,408.9986800126763,3.421687388673486,0.017492454285965037,7.092239856972239,2307.0,0.0029563450865878935,54,25
1945.3937181154347,1983.1720516154846,385.33218396821457,3.4542118455361353,0.029663967605883558,6.24425465668208,2472.0,0.0027110482547849234,54,5
1923.775435955338,1057.105256555012,307.24045597785715,3.4720418553914736,0.02794659996095708,4.779552947089988,1681.0,0.004501664198881281,54,210
1872.8736829917796,282.7024429778858,332.91128067755017,3.2941016541692307,0.09905276388410784,6.783881602321273,1918.0,0.0037579757510446425,54,41
1868.6743408360128,416.332347266881,299.6856787389085,3.4590112521418215,0.05192683963618414,5.049366419909584,1819.0,0.0040365321945526654,54,42
1866.2087365942978,521.6339262359404,294.7134018826616,3.4518283584904976,0.002059338658301582,5.203545547235067,1759.0,0.004226397509054584,54,40
1814.0833426059864,2505.431400912429,346.40195431853,3.415253878112716,0.01916217136469365,6.167165093019339,2060.0,0.0034195049744388897,54,45
418.66397392290247,72.06306689342404,271.9719806021528,3.4712130052607195,0.054512636938759955,4.509739474270392,1582.0,0.004907330791540641,54,53
395.1397668108822,969.4950502309892,525.6351898344045,3.449751386701743,0.017885657090535093,8.634031130227074,3163.0,0.0020119381957016164,54,73
309.9908914728682,1191.5598837209302,397.78214849974734,3.4349717622932414,0.02954310000470925,6.629702474995789,2298.0,0.0029710078916849593,54,65
258.56710730022627,2000.62105513874,323.6605330380212,3.366324766242985,0.05857015624059337,6.167165093019339,2007.0,0.003538456095948568,54,60
170.83725510521407,2300.4358868041877,371.84151032723474,3.3551255445844785,0.08724223281277932,7.015150293309498,2526.0,0.0026393765103276826,54,74
122.1328743545611,2327.3414802065404,335.91777366039713,3.445269150309202,0.014883215717306964,5.627538147380147,1959.0,0.003653559140372425,54,113
90.98585387195567,333.62490885226777,264.30156901771005,3.4216793753510975,0.034155961994863766,4.586829037933133,1558.0,0.005016930727429132,54,68
10.224158348841144,812.0842497039419,227.8382054052332,2.9501296749410906,0.12236940212054799,6.167165093019339,972.0,0.011033978940819809,54,55
711.7002012072435,2049.247610663984,306.5081051230611,3.3424401922295917,0.034146157157790714,5.5504485837174045,2831.0,0.0022964687272487277,54,134
688.2790996298814,2359.836543545585,510.2943666655189,3.357368591816935,0.023192162735622225,9.058023730372154,2986.0,0.0021542355097458887,54,192
1384.0359488129316,825.8477858225291,456.90548112664834,3.471566849901095,0.01296923959997139,7.2317082380712145,2486.0,0.00269807658365427,55,1
1564.9662278191186,2408.0875787063537,336.0051673380429,3.462018958916123,0.023175738744377682,5.500714244915871,1937.0,0.003717128562091706,55,4
1560.9070130275372,912.7834464466807,493.10248885018564,3.339700604068384,0.0355798823146337,9.385834096220087,2671.0,0.0024699017145774073,55,22
1078.9598349381017,2236.730123796424,419.47754434131167,3.470805732774884,0.03169300887489236,6.731643306715227,3181.0,0.0020029411772974686,55,227
1813.2411954227307,2505.360515498278,346.23726516425,3.4217002266183263,0.045226885192866044,6.077712242634319,2044.0,0.0034622616909593703,55,45
1030.0260345832523,497.9461822420828,395.9744925675802,3.4721686199260464,0.003785732750928711,6.039245709453089,2122.0,0.0032974475299611043,55,152
2009.9280763698182,447.7244671112855,294.1535792368648,3.4873719019901843,0.02265771257785329,4.6929170481100435,1758.0,0.004239168089175827,55,236
1981.369591962272,1971.0959606315357,375.2025646497161,3.4851834956512184,0.060433001251599,6.077712242634319,2372.0,0.002860942572977252,55,5
1969.4344836368266,2129.526932382529,302.07768507219816,3.3834677955004375,0.09281520127347016,5.462247711734641,1901.0,0.0038115284293180293,55,35
1968.7259521005103,505.24685904986256,391.89704005036987,3.3934942029387463,0.06506115668201136,7.000909038983836,2286.0,0.0029974386046089066,55,25
1904.267621703854,1067.9520791075051,303.4240137335412,3.493165596182486,0.042338882320360365,4.769850114472503,1688.0,0.0044855186055888,55,210
1878.9192631058359,276.05637982195844,311.11732036978714,3.4743834355423577,0.023039113085811774,5.192981979466032,1909.0,0.003790138646019977,55,41
1869.6069755335764,518.2263144195731,295.5768409645703,3.39340926570317,0.04907562942640877,5.308381579009722,1804.0,0.004091501146439596,55,40
1864.5781778800595,417.77121971030186,284.15228060974505,3.454807932081038,0.08385459149376061,4.808316647653733,1752.0,0.004259218531057865,55,42
417.80249748815845,73.72355389694273,267.9963366736285,3.4815843515086655,0.02590326346117124,4.346718249478975,1578.0,0.004936303481607721,55,53
310.06053154260854,1189.9102430719759,406.7066553251434,3.4812464569425736,0.04721415138162034,6.270044908540468,2358.0,0.0028823093939162174,55,65
259.3185497283513,1999.8688324647965,346.9296627615122,3.4599701912530527,0.027135917022920546,5.76997997718448,2101.0,0.0033402569357851497,55,60
170.86117672321237,2300.411638393816,358.27729004997497,3.375711219886665,0.08720681078460157,6.270044908540468,2499.0,0.002680674396753603,55,74
122.80011933174224,2327.3059665871124,322.34954805870626,3.44383853662573,0.022638153061129946,5.385314645372182,1928.0,0.003740287423603836,55,113
92.70122380081587,332.85666057110706,273.4585843853631,3.466963226401843,0.02923053239205367,4.539050915385125,1573.0,0.004958956406451443,55,68
10.21155977830562,812.1832145684878,242.9161570394666,2.9588628489116955,0.14329234545996516,6.885509439440146,1012.0,0.010222354696848674,55,55
395.1689677843524,969.4777558623713,526.5683727178556,3.4490859694126432,0.02380685519593271,8.57803689941426,3175.0,0.0020074061296490617,55,73
672.4477929445134,2330.1425279205814,433.9794273506354,3.3706503022976686,0.025982539335209942,7.924105835333353,2723.0,0.0024125532157428676,55,192
1388.134620689655,825.7409655172414,423.8871667172154,3.4762775704949735,0.013476298107742963,6.782194667475447,2399.0,0.002705142778759115,56,1
1090.9973297730307,2247.5733358764064,408.7246740410778,3.420746522461533,0.036392719971717245,6.860150928021142,2991.0,0.002066490778400136,56,227
1071.0786438308285,509.48724222299893,334.5492921318492,3.421767603699799,0.015539028232939565,5.651828889562872,1933.0,0.003574796445930985,56,152
1554.4499677805395,935.1630304704041,423.4194291539412,3.368278575406014,0.04089114400375879,7.561757272932395,2501.0,0.0025683798106284615,56,22
1564.8908900766908,2408.1825470601907,335.44578912812466,3.4694644198271005,0.016111930340450994,5.37898197765294,1934.0,0.00357233198444421,56,4
2030.3375243033051,481.69773169151006,300.71627505501766,3.42976941080253,0.01866300513215641,5.223069456561551,1599.0,0.004645115341971287,56,236
2027.0953456845912,1970.5544509715319,345.0344091752451,3.4137424618772134,0.021138793943155376,6.080588322564194,2111.0,0.003183829510770049,56,5
1970.8475002514838,487.4758072628508,387.48159304237595,3.415350826118197,0.06794357297239652,6.899129058293989,2287.0,0.0028731325273090684,56,25
1969.523102954575,2129.497461928934,299.46897488628656,3.3543590426115637,0.07382571677453388,5.53489449874433,1894.0,0.0036736360410704453,56,35
1894.976065531806,1076.828618968386,304.53613182175667,3.4718151701902475,0.042895715838933354,4.755331893287382,1683.0,0.004319832189088177,56,210
1868.7138239681751,418.71456986573844,313.5400799147844,3.4531387289036335,0.019041822908381332,5.301025717107246,1851.0,0.003789147481108087,56,42
1867.2857142857142,276.79013322780634,295.4932055984561,3.3966354388490565,0.0656961243247826,5.223069456561551,1822.0,0.003871240951737602,56,41
1865.2648264553156,520.8699098114239,285.2419573366972,3.4191557224055305,0.021917060923948933,5.145113196015856,1743.0,0.004114050534524996,56,40
1814.0914599932667,2505.3614633598922,347.33411886134314,3.4325669682427487,0.02628452289081258,6.158544583109888,2051.0,0.0033056955841482506,56,45
10.329849211788897,812.003255654558,227.4763682723374,2.9366162284508377,0.17316708271416167,6.470369625292667,986.0,0.010311258923624328,56,55
418.5436028968015,73.61707905853953,258.34704744843253,3.4237314783681003,0.05192521565045731,4.599419372195992,1550.0,0.004858525956194368,56,53
396.72036673215456,970.172669722768,535.6764443397417,3.4544046231294816,0.019105886629842344,8.341319878389342,3217.0,0.0018956401012992273,56,73
309.3743763719816,1189.1989622829774,390.6388215944766,3.426597225994292,0.030554657013046205,6.470369625292667,2286.0,0.0028747264640890287,56,65
262.51990577149587,1997.5259128386338,330.92432601647437,3.4087637348803703,0.003929402538024231,5.729785150108567,2010.0,0.003394480447780557,56,60
171.70001054073995,2301.197006429851,369.78552189850325,3.3907064871073427,0.10044330541388961,6.470369625292667,2582.0,0.0024692447423335863,56,74
123.6762528819318,2327.4226428831453,321.2187715785354,3.3964834738101626,0.06063733553213294,5.651828889562872,1931.0,0.0035797355840167305,56,113
92.63745413491391,332.68825853796216,276.19903111339664,3.4021128730729946,0.049481856744059416,4.989200674924467,1582.0,0.004716998990685788,56,68
662.135923270684,2299.354873086611,402.3322606763308,3.384172788168792,0.020219677807097495,6.977085318839683,2590.0,0.0024598672933750696,56,192
1394.4713981978334,835.7508352738686,375.3885453903604,3.432420808269583,0.034546669969577,6.385063847887065,2199.0,0.003026106614826798,57,1
1102.188524590164,527.1210592686002,361.66825938388877,3.453133038963822,0.01941927405906441,5.70094986418488,1943.0,0.00355673647594175,57,152
1095.548401826484,2256.1019406392693,332.93547206839696,3.4294753782266776,0.050592461887640196,5.66294353175698,2495.0,0.0025808988526295853,57,227
1556.520146201375,934.9613610651814,436.7307659289896,3.37905005706316,0.02371479384616044,7.525253820724041,2493.0,0.002583466998604108,57,22
1566.0832455216016,2405.567439409905,288.54407579261067,3.4000867775450483,0.03458450098479872,5.434905537189585,1771.0,0.004031729621303075,57,4
2067.6439426834563,1986.4452887537993,350.11433432580736,3.4116540582156984,0.007748105367510106,6.11901952089177,2088.0,0.0032353976760139663,57,5
2035.0458574181118,497.4634553628773,295.8792979511952,3.4204042247978195,0.029240586667397872,5.282880207477988,1600.0,0.004648979393286238,57,236
1980.5620377122616,463.5125533909782,364.8227849754044,3.364448312757005,0.07711970261425129,7.069177831589251,2197.0,0.003029637802003626,57,25
1972.6538856555974,2131.014949218304,333.0494910656806,3.472426065757517,0.021458097674435742,5.3588928723337865,2012.0,0.0033962225461578867,57,35
1895.9557511306687,1076.859185918592,310.92980559264333,3.4803304669104023,0.029693003566960245,4.826804218343198,1672.0,0.0043674438356823275,57,210
1869.737543597409,518.2894867962133,305.11483673117476,3.456343863800748,0.061048299294401275,4.978829548054795,1785.0,0.003988375411747735,57,40
1866.4167714357557,276.96731204425447,302.3023681315102,3.3863048590522733,0.10409113570496017,5.70094986418488,1840.0,0.0038267160839586547,57,41
1865.4040934138022,418.51207032274993,289.68426576544766,3.4290996987783307,0.07545755786292623,5.130854877766391,1758.0,0.004072839658700228,57,42
1812.5004797313504,2505.542816023027,316.8967997838235,3.370269887901311,0.06745418407062505,6.081013188463872,1936.0,0.003573872283032839,57,45
418.6415562913907,72.8271247240618,275.46989743741335,3.4646790765888777,0.03905836536948837,4.674778888631601,1574.0,0.004759777784360821,57,53
396.6379196356424,972.5302284580915,517.3802033409918,3.416592833407231,0.03604023580278453,8.627437461133118,3132.0,0.001960258976779673,57,73
309.2367303609342,1191.5101910828025,358.0196514708104,3.4004807952796643,0.04276201815218158,6.499082845170762,2193.0,0.0030367249576096606,57,65
171.81248130794538,2301.202272953843,381.2415205842568,3.386421365694956,0.0715537040734871,6.8411398370218555,2595.0,0.002458693243660984,57,74
121.47479094933595,2330.5207820954256,309.06749530367625,3.4163102321887857,0.04566512373644802,5.624937199329081,1932.0,0.003583738510876043,57,113
92.71007880547491,332.70579289368175,274.89980245099486,3.4140712880041293,0.05462794022797819,5.20686754262219,1570.0,0.004777294168488648,57,68
259.42639429312584,1998.9717898832685,351.63458762292333,3.4628533351739295,0.042699258278435404,5.586930866901182,2092.0,0.0032273540830876487,57,60
10.304531427643333,812.0120188403444,234.00498875857534,2.9901304819099184,0.1444743298116692,6.4610765127428635,998.0,0.01008404238879521,57,55
661.8562461726883,2278.1488824249845,496.5147268380751,3.376019045084615,0.015396277648754687,9.007500785412109,2926.0,0.002125557649874842,57,192
1555.7446968982747,935.6425002356934,441.52134979464097,3.403562372682243,0.026784267540907836,7.492584421894539,2544.0,0.0022997205984024802,58,22
1392.9511632200886,835.8128692762186,450.8870803220091,3.4878455340968513,0.012807848670312757,6.78495144871561,2466.0,0.002390220336045497,58,1
1117.039375133747,571.9744275625936,389.0316333723687,3.4569437498863103,0.012029296850690749,6.077318475536681,2119.0,0.002897476084202532,58,152
1100.1158479103383,2258.71792186027,397.39835264348426,3.472964912482572,0.007870523482183232,6.285445820589308,2905.0,0.0019568168975905662,58,227
1570.930750605327,2410.966828087167,343.8263740269383,3.464660747029886,0.006279274148306865,5.619438316420904,1941.0,0.003251436635074912,58,4
2095.711246200608,2014.988785242637,397.1485998294211,3.4440745814008347,0.04348495630007867,6.451947696631408,2285.0,0.002630425429130448,58,5
2047.6246077405858,528.1867154811715,318.35158699249683,3.428113372843893,0.009894690499298649,5.369685502357753,1668.0,0.004001080383769489,58,236
1987.7035670356704,455.03656491110365,372.256569361127,3.4385713287908364,0.04860621077762015,6.285445820589308,2272.0,0.0026495495330482927,58,25
1970.914858728557,2133.525983854692,330.0067183154439,3.465029999302254,0.005030896283250421,5.452936440378803,2011.0,0.003102394173031488,58,35
1883.227323943662,1089.6445070422535,295.54082997472904,3.4805698092673127,0.03663776476124665,4.745303467199875,1704.0,0.0038830239785058924,58,210
1870.4836723002006,519.1761672873102,290.6290246314871,3.3640686514578695,0.058268762179096774,5.577812847410379,1761.0,0.0037097134304209093,58,40
1868.9757423672104,279.70723546633207,298.5794892124974,3.392408349064613,0.11323959503006431,5.369685502357753,1834.0,0.0035091267972514654,58,41
1867.8799252036863,419.6771737678643,311.6498864818023,3.4531727870634197,0.01026299611271332,5.244809095326177,1847.0,0.0034756595991523444,58,42
1813.279449699054,2505.496622036605,338.8729432146858,3.390377069897096,0.04882471730184051,5.910816599494581,2032.0,0.0030603097514817056,58,45
416.13583359596595,70.4751024267255,264.15522634079304,3.4338327069857493,0.020444039133941886,4.662052529178824,1583.0,0.004310512061685641,58,53
395.9975064173084,970.2457645764576,567.5632699585113,3.4640275136505774,0.03122267519588134,8.78297396122082,3333.0,0.0016628567240205617,58,73
310.1011179876223,1189.916150928329,417.0039485474416,3.4977533216425782,0.04597504324436115,6.2438203515787825,2367.0,0.0025158820909825645,58,65
264.0446675900277,1991.6640120036934,360.64306350719045,3.4507817573474715,0.043340264053797685,5.82756566147353,2102.0,0.0029279176753001174,58,60
171.66280597014926,2300.587462686567,348.61330296314867,3.3198813141885823,0.11430188798832298,7.117955200799812,2446.0,0.0024145844168659415,58,74
123.65807031049525,2327.4373877341545,324.4289054680335,3.4174528283091554,0.04302170536294038,5.785940192463005,1934.0,0.003267132301546859,58,113
91.09675443968156,333.61083894672385,271.8975635767507,3.4560932462302127,0.03583637518055313,4.620427060168299,1572.0,0.0043540891868329035,58,68
10.703729644545614,812.1588163193836,237.7230535191095,2.9204416041103674,0.1715243995880228,6.951453324757711,1017.0,0.008887170752010141,58,55
671.2347921595134,2243.0779824264955,492.6790512085765,3.3834078179135236,0.04269456433700316,8.69972302319977,2998.0,0.001884431141289631,58,192
1393.677515974441,835.8333666134185,407.915151984562,3.455487717734233,0.02788490752970871,6.353311073241979,2367.0,0.002616728692920903,59,1
1555.4276033881415,931.36711509716,408.6889526922004,3.3965309539552093,0.05066658437195741,7.249290839981233,2451.0,0.0025050126421507367,59,22
1112.0181929681112,614.1314390842191,398.4666380807662,3.4664317120622528,0.005644189987395446,6.271858367174775,2133.0,0.0029879330705087567,59,152
1108.9325950378022,2256.2663188158876,382.46118133856044,3.4900103876049506,0.03833553252888452,6.19040566110757,3171.0,0.0018339109519240726,59,227
1567.7852364745922,2414.891327309001,347.0292541993263,3.480021609829752,0.01749559608080363,5.498057659536329,1943.0,0.0033768976290610144,59,4
2098.690750059909,2051.721902707884,339.9021424184459,3.4374001957060125,0.0452420582855202,6.068226602006763,2101.0,0.003047043923748887,59,5
2072.4992012779553,557.6879659211928,305.9363639884215,3.428332120559572,0.04630503473328931,5.294425894368317,1608.0,0.004382878744454347,59,236
2008.0114310837546,436.46032094965926,370.5283598997149,3.376043515350819,0.036783585380617774,6.597669191443594,2602.0,0.002326466167107145,59,25
1970.250440695039,2129.5429362880886,323.4486957928705,3.429562474435171,0.030051371260780498,5.579510365603533,1931.0,0.003404891963569545,59,35
1884.1182046278227,1088.2782269305826,292.1708566630639,3.5249716518522334,0.012112046746315006,4.561351539763472,1675.0,0.004136429465582397,59,210
1868.3061059441973,279.6926809543065,302.14881315629646,3.414031921957689,0.11464218657862947,5.5387840125699315,1852.0,0.003601442667393494,59,41
1866.2139509236283,521.5464571271023,295.4289649057521,3.4541783714323153,0.02106418366393119,5.0907941292003045,1755.0,0.0038761814767004285,59,40
1866.164767635386,418.58097554730506,318.1135435454686,3.4807295459154806,0.011889647456135105,5.294425894368317,1845.0,0.0036199586097688348,59,42
1813.9433672262946,2505.4060061480254,344.46349395820937,3.4497884623685318,0.002971870118335528,5.742415777737944,2026.0,0.0031951950734663923,59,45
10.845461095100864,811.9827089337176,226.1127120425607,2.922880029304325,0.17295188620318633,6.4347637793091845,984.0,0.00984686785898239,59,55
417.8472995336242,71.17662103204454,270.7080686143554,3.514396876698832,0.03546409570988151,4.35771977459546,1585.0,0.004474393072632792,59,53
396.0106245513281,970.1830581478823,567.3180977580819,3.452851334806176,0.01949665705195526,8.919071314358932,3263.0,0.0017732102146641175,59,73
309.2746544736569,1189.946794139042,391.90969524235624,3.4456785719143634,0.044206853475531806,6.4347637793091845,2280.0,0.002743447866232714,59,65
265.21660649819495,1986.6223360894376,349.7171934995441,3.4346788422314183,0.02439753236593852,5.9867738959395576,2089.0,0.003069817972990449,59,60
171.7068607068607,2301.2161007161008,352.60876456492986,3.398343868524939,0.09820179627216706,6.149679308073967,2499.0,0.0024453557159707733,59,74
122.86680893798645,2327.4135074064775,324.426128265677,3.454139849357639,0.01207556165732195,5.294425894368317,1928.0,0.0034119632202532376,59,113
92.72668568854182,331.92191019672623,271.1967848507586,3.4722420616476146,0.024816680669990012,4.520625186729871,1576.0,0.004511251889483623,59,68
690.9454035579704,2221.5308912452897,464.72841446643736,3.3773046964305378,0.06778873300128017,8.308176018854896,2902.0,0.0020378865406090905,59,192
1392.0363274896079,833.3248689680102,427.57277797935825,3.453114745540645,0.004134512607036416,6.645808585979543,2373.0,0.002786827404906311,60,1
1108.5426948890035,2256.7539494062985,374.2131171814644,3.4845184558824838,0.061707155999800596,6.220785943852944,3000.0,0.0020925218894860286,60,227
1089.8301298178524,653.3633893529234,383.94999952836463,3.452797038132298,0.012137507098998012,6.259424365864453,2128.0,0.003201969024464065,60,152
1555.4032389396543,932.1038632045598,427.0704784932086,3.3776986657317467,0.03756361139745584,7.650407558278776,2519.0,0.0025869541640947467,60,22
2098.9351046896045,577.7170319578793,315.55999256799373,3.4800239820489884,0.018195212307525976,4.86844117345013,1603.0,0.0047033287292623455,60,236
2086.756906690336,2083.561633196494,348.2480975897303,3.4252571513328935,0.05642789589126237,6.220785943852944,2116.0,0.0032255031919752007,60,5
2008.8287059275626,435.70073974445194,402.18733471779683,3.4181479238219983,0.04428924555202043,7.070831228106141,2707.0,0.0023682407477228005,60,25
1971.0309350831967,2129.379775017577,329.74029344621755,3.4269469379040216,0.013462916397528812,5.6025711916688,1937.0,0.0036226795801449266,60,35
1885.5739142939315,1087.4608858211102,268.6915866680334,3.4206565997181424,0.048982070578956434,4.636610641381076,1621.0,0.004628913825102052,60,210
1870.4484280198567,519.0601213458357,280.20583642746305,3.4066221484363832,0.05997602377062651,4.945718017473148,1739.0,0.004193918960955532,60,40
1870.9413364413365,280.8130018130018,298.36589477287225,3.395782535931745,0.05077856145242272,5.448017503622765,1837.0,0.0038902978563678864,60,41
1868.6951100244498,416.29596577017116,316.06229205414337,3.4649661210535525,0.05128172981085518,5.370740659599747,1838.0,0.0038874260973615917,60,42
1813.3145572554474,2505.412726008345,333.37230511529935,3.3830380850961372,0.05768870068680372,5.98895541178389,2006.0,0.0034585178114771515,60,45
1565.8074651250472,2411.46386829207,307.44592394557685,3.4277768877741925,0.03909368180466961,5.448017503622765,1847.0,0.003861769797139446,60,4
417.8485689252336,73.60864485981308,264.59591393481344,3.4637011226850563,0.03812615818672808,4.48205695333504,1561.0,0.004886630700516451,60,53
395.9356378362742,972.5749927682962,534.292099575146,3.4336240870022117,0.01686002075564093,8.809560218624044,3167.0,0.0019623081867384613,60,73
309.4579924166833,1189.942326880862,387.23426539934286,3.41346834093243,0.053672986269143685,6.684447007991052,2280.0,0.0029310800176254466,60,65
263.5757504136138,1980.6782084613567,326.9583270613889,3.448321929781356,0.04526764276270169,5.950316989772381,2019.0,0.0034292402919839557,60,60
170.05972608382248,2300.229636494697,375.2177161537636,3.421810025901813,0.06501344935322531,6.568531741956525,2603.0,0.0024844364521740474,60,74
124.60016855285336,2328.2147844931374,320.93073322759346,3.4606069736468856,0.035099331406176736,5.409379081611256,1930.0,0.003640208583515,60,113
93.54339378238342,332.76020077720204,238.63089434307938,3.423833525503641,0.07299183826274148,4.327503265289004,1482.0,0.005273187019273687,60,68
10.965089344804765,812.0775976174718,233.5306226375602,2.9130346741112527,0.18298848720315522,6.723085430002561,1005.0,0.010094798230610873,60,55
716.6310423304507,2202.036231224397,424.443065796426,3.383391387071042,0.03325370052350648,7.4958538702327395,2705.0,0.0023703726901467487,60,192
1555.4534063486171,932.093187302766,417.1636780326544,3.371401029898324,0.03098483337480296,7.4341401691358495,2499.0,0.0026265123095342087,61,22
1394.6453049370764,834.6902226524685,399.9722288915278,3.4294719464603536,0.02544076931987113,6.775909008326947,2306.0,0.0029046196774375785,61,1
1056.0137542693622,678.0064617372842,419.4481273554618,3.4694935892311243,0.01633523081547859,6.272555767708373,2209.0,0.0030678820636791957,61,152
1103.4646667370866,2256.9096862786523,366.557317610464,3.4729636779797453,0.05690541017974882,6.117677847518043,2762.0,0.0023233740248835063,61,227
1565.8569853346564,2412.1135737126474,351.14696455152614,3.475526013047862,0.03518875644153635,5.730483047042218,1957.0,0.003592470738608104,61,4
2095.687915742794,580.422810421286,279.3997680233557,3.441968220773685,0.03337617116640647,4.878654485995401,1581.0,0.00482297288166231,61,236
2054.6222121074193,2105.7000455166135,340.26679065815546,3.4499807048598585,0.04357127773711373,5.7692025270898,2235.0,0.0030223473248564337,61,5
2008.7853403141362,435.7713787085515,399.35271721076646,3.406156239758978,0.0481680178829187,7.046945368660024,2704.0,0.0023840546146954794,61,25
1969.362787950384,2130.2315416420556,327.7603986027863,3.463436558370466,0.06956390911122222,5.45944668670914,1928.0,0.0036645818406196356,61,35
1885.323374340949,1091.5725294038123,286.4079939119681,3.4582427643876454,0.03510084369683528,4.762496045852654,1654.0,0.004522242050756456,61,210
1869.732797258107,518.3016082256789,293.7259756409612,3.4479099917722675,0.06586806478439569,5.227129806423644,1763.0,0.004137066044261719,61,40
1868.7288471053935,418.78809995051955,313.00827670465736,3.457685828909255,0.018407311025317927,5.227129806423644,1843.0,0.0038936623323853423,61,42
1869.2188431723316,279.8571258199165,324.66284019897967,3.4484879543270757,0.06461088379903356,5.61432460689947,1924.0,0.003674756020146467,61,41
1814.0957517793595,2505.367215302491,348.1655645878623,3.4405377228078837,0.021111498916145874,6.001519407375295,2046.0,0.003387874773247071,61,45
419.4084528767546,72.78651858707389,251.01838914847767,3.4109956396995074,0.03634470959174154,4.646337605709906,1504.0,0.005186796802377852,61,53
395.11413481992224,972.5887185505758,527.862671488693,3.451851546949628,0.010639368178048112,8.402127170325414,3169.0,0.0019712871058436506,61,73
308.5117536925317,1189.9918868317038,372.24908117745866,3.4130709725551815,0.05659089248630075,6.5435921280414515,2206.0,0.0030732245162366062,61,65
276.6950984589041,702.7359803082192,361.79482156461137,3.3175281687854485,0.06089150400088923,6.853347968422112,3606.0,0.0016954226378232734,61,255
265.0578689528475,1979.933149622372,379.37346550621385,3.503999988815162,0.038590973128009576,5.653044086947053,2188.0,0.003105674101062842,61,60
171.6666994782951,2301.154936509499,393.35119780339113,3.3743676333343084,0.10769678819586155,7.163103808802772,2604.0,0.00249647088590011,61,74
123.72968451242829,2327.3133365200765,324.00460903817077,3.4124532928817395,0.05561832898509362,5.7692025270898,1944.0,0.0036244423301332214,61,113
92.62185499478935,332.7366383802293,260.078747479612,3.434818086389187,0.05528567624567061,4.491459685519576,1542.0,0.005000633395554879,61,68
11.049034424853065,812.1007556675063,230.5745036833541,2.9181961924504396,0.17951942670330667,6.698470048231782,996.0,0.01032566426374985,61,55
738.6864335664336,2191.5475524475523,276.8442823402152,3.3478309437562745,0.03584154252450344,5.4207272066615575,2173.0,0.00313324352940308,61,192
1565.0413078747035,2412.9764133283416,353.88627658052695,3.466226488580345,0.037437377045423666,5.608830291492191,1941.0,0.003844547877453527,62,4
1392.9987465815861,836.4218322698268,387.58342234752337,3.436177440943901,0.019597005926391336,6.536274670400348,2285.0,0.003110785554419475,62,1
1553.9899201596807,931.7557884231537,442.52346079332085,3.446627557042691,0.03528841708503039,7.287062977135523,2559.0,0.0027002865503164305,62,22
1106.8579023147636,2256.692989256839,398.75691891246447,3.4732495126938816,0.0322507601348996,6.182962526054384,3029.0,0.0022018807161673266,62,227
1016.9117779783394,681.66809566787,391.46985593532895,3.4669337986034456,0.0034916089087236404,6.227126544097629,2120.0,0.0034242601793443633,62,152
2094.2995455171463,577.855942707616,320.6749350120063,3.4676977515218446,0.04247907324596343,5.123026093016489,1653.0,0.004790584325408665,62,236
2034.421540089971,2123.508600158772,333.7916483708502,3.3533622485408787,0.0956580808231088,6.447946634313857,2738.0,0.002485976961976311,62,5
2009.5127678978567,434.0656634746922,387.4067662753504,3.4403257568534835,0.06700912601026243,6.536274670400348,2690.0,0.0025400349207326,62,25
1971.0944353070176,2129.3791118421054,322.2206756435199,3.462577980627992,0.00921230352081143,5.255518147146226,1931.0,0.00387109150834592,62,35
1885.1150775719234,1088.368278355174,293.20491578910753,3.449133305676275,0.009680497907869155,4.725549930627279,1653.0,0.004790584325408665,62,210
1870.464967180583,519.0112959853458,289.3184822013019,3.3811233510846037,0.06844271100223347,5.299682165189472,1747.0,0.004434431866238,62,40
1870.1127091282654,280.63809803346055,300.9336189466755,3.4067303333880394,0.06317626346117963,5.5205022554057,1846.0,0.004112433486692393,62,41
1868.739843960183,417.85230024213075,328.31531013348774,3.486975651319851,0.026907726348661773,5.343846183232717,1864.0,0.004058846950476778,62,42
1814.0763299922899,2505.3635312259057,343.68438841253726,3.4407829642156,0.02591985601440913,5.741322345621928,2028.0,0.0036281131397217525,62,45
11.087824738270648,812.0339278790228,227.79800506706079,2.944095898433035,0.18018906008786553,6.536274670400348,987.0,0.011116128567901841,62,55
416.25892056661286,74.59835036758113,246.3027286271807,3.424170224294015,0.0144678664889663,4.504729840411051,1497.0,0.005527315330260542,62,53
396.0116509667823,969.4388530821352,534.4729463593582,3.423479448643357,0.027291720318659826,8.788639590605873,3155.0,0.002098064593213479,62,73
309.3555912120464,1191.5689953098001,357.8168741863758,3.4340239319698824,0.06020921309921624,6.31545458018412,2179.0,0.003305165172659041,62,65
274.51299843627834,702.5386043784206,451.8862326184889,3.3055855778530034,0.020655946857134788,8.788639590605873,3931.0,0.0016259315028587511,62,255
264.30372957465386,1980.5329923911688,354.06293265269994,3.3898313699912013,0.03547699297041925,6.182962526054384,2097.0,0.0034730452173109346,62,60
171.75246605547173,2301.079494023442,380.5613434786473,3.393602374744179,0.11330875300132795,6.6687667245300855,2579.0,0.002674525227144884,62,74
124.66180443003782,2328.2179902755265,326.9903895921904,3.4447479577912,0.035834742668624506,5.564666273448945,1938.0,0.0038524726665418183,62,113
91.97230434106115,332.9579897308231,283.84214396393946,3.4946000709864022,0.01744710930685003,4.548893858454297,1584.0,0.005090705892280976,62,68
780.9357473454942,2182.6046828205826,324.42887654568216,3.3277701102822745,0.010436257794281022,6.403782616270612,2346.0,0.0030089506655269966,62,192
1392.9881235154394,835.7867147186502,439.6944453359974,3.448544096373756,0.02331339914646622,6.986708362288762,2397.0,0.002797004461076798,63,1
982.9928647189278,670.9240188988525,373.5007856974059,3.4593107095613562,0.013853129555044398,5.726219740226356,2087.0,0.003337542174461219,63,152
1103.4784519827997,2254.9892021022456,376.8860979966592,3.4574749201835204,0.040491778335049064,6.410484992203091,2760.0,0.0023511229107098268,63,227
1553.9360814820755,931.7701499719304,449.05807509988955,3.427268665110318,0.023579192354122258,7.418875889853015,2558.0,0.0025799933333820095,63,22
1565.545830202855,2411.3129226145757,287.6074895940106,3.4222427667716326,0.03800473558326793,5.258038252031748,1757.0,0.004201993296534251,63,4
2093.4291113007434,576.6307448494454,295.42251905079746,3.3924678671898847,0.035587593910010366,5.294052212662103,1598.0,0.004801152705733055,63,236
2015.0767979173447,2134.9168564920274,221.3418020341584,3.458390100778639,0.04905197909660982,3.8534937874479254,2376.0,0.002828031554229345,63,5
2008.0368439653648,435.7518112740767,407.60600641435155,3.4192784214116427,0.0451706138260086,7.094750244179825,2705.0,0.002409316653540401,63,25
1968.5605726872247,2131.0972834067547,294.3060862712565,3.4190878209203595,0.07160639385744867,5.474122015813875,1841.0,0.003942093495769331,63,35
1884.3733678245874,1090.0764966740576,292.3613323972173,3.4682596260520757,0.06025221476155258,4.753842803206786,1659.0,0.004552132474766095,63,210
1872.699012947058,281.6336367132419,280.944906877395,3.3585085292558774,0.06156916658266423,5.546149937074584,1761.0,0.004188842448556504,63,41
1869.6534877864517,518.3321581465626,286.02287532627497,3.427928313249217,0.04156885736534588,5.113982409510331,1747.0,0.004235234535739131,63,40
1868.629909538532,416.23932211153095,314.50991818488535,3.4601988480127623,0.03205942588513098,5.222024291401394,1843.0,0.003936296684974908,63,42
1814.8617083091226,2507.861611466202,371.88015746903994,3.490572788584635,0.047716816037035314,5.726219740226356,2126.0,0.003258323075508821,63,45
418.49511689849066,73.52619118082274,243.3823459399353,3.382973575143817,0.04135749283998171,4.717828842576432,1495.0,0.005289763906014816,63,53
396.7656922876158,970.9906694506068,551.9499606208121,3.4592386046452384,0.026740845579918678,8.607336590654711,3176.0,0.001987946422705991,63,73
310.2240540272122,1188.3887178468567,362.6245695870389,3.4031001271954295,0.0349805103893577,6.374471031572736,2188.0,0.0031398448851615744,63,65
269.9685206926915,691.5131347226298,490.79825547047034,3.367845502460207,0.030519508720049184,9.147546000110028,4219.0,0.0014329737453503725,63,255
264.43411927877946,1979.646004480956,337.5588529883122,3.422411248189455,0.03542348026875966,6.050345385899546,2028.0,0.003464987780329888,63,60
170.87067359545054,2300.3317972350233,367.30638446898496,3.3909119931818434,0.08398975546711261,6.446498952833445,2498.0,0.0026568135079508056,63,74
123.7891406879098,2327.440584378235,313.06935975967116,3.4293077794670346,0.05768213279952602,5.546149937074584,1859.0,0.003890528801735974,63,113
93.63847283406754,332.6627019089574,245.25507189271374,3.413177366572505,0.06572795086977173,4.321675275642533,1482.0,0.0053585934408200316,63,68
10.966661399905199,812.027966503397,227.93235682951325,2.9554548253759605,0.14756706005339562,6.230415189051318,976.0,0.010857479681534497,63,55
796.7137034161491,2174.446331521739,371.08785033517216,3.349686529321885,0.029218197061530757,6.914680441028053,2509.0,0.002642389201961224,63,192
1555.6431023286018,932.8136190741257,420.0765324322532,3.392580434403356,0.022913535292725076,7.599491958835641,2486.0,0.002748999620276678,64,22
1394.0826293814935,835.5367511408874,401.37009068742697,3.4224233874401584,0.016178565932960104,6.975943900674768,2302.0,0.0030270317880292472,64,1
1105.180112371462,2257.4835153185627,367.6205520394697,3.458879921698916,0.04884191434824724,6.391367596148949,2771.0,0.002406616744628233,64,227
1567.1826712161833,2411.256763343895,319.8022103292578,3.4408054422115786,0.014342733264653,5.456045508907639,1855.0,0.004013049098048274,64,4
1939.2784810126582,2130.1299287065326,267.85286273373003,3.3006178629639993,0.12208901974309849,5.183243233462258,1887.0,0.003921601259258989,64,35
2092.5903317781235,578.393468118196,300.70605104808106,3.419158203434589,0.0327953132093496,5.37810200163753,1606.0,0.004902637630623276,64,236
2014.872425733552,2133.125022781119,213.83801219554442,3.491352017507153,0.0627902180160187,3.702316595330184,2277.0,0.003069208128192371,64,5
2006.3578406169665,435.76966580976864,379.0003041009057,3.440481821939351,0.05604680354285058,6.547254610689167,2644.0,0.002548033665886706,64,25
1884.5896485243957,1089.0590241732166,262.78653476117296,3.435384782594043,0.05567449028163505,4.6376386825714935,1580.0,0.005018806333737664,64,210
1869.728349075429,518.367832912066,292.9506720747052,3.4305089484802833,0.05609074319331472,5.105299726192149,1735.0,0.0043976030760381046,64,40
1868.611381899618,415.4872875773943,295.8345818436992,3.417565264672403,0.047009470527216386,5.339130248002475,1757.0,0.004321679470711256,64,42
1869.3721243105072,280.59720166823627,289.6770447693606,3.360288341365701,0.09193997212469775,5.495017262542694,1782.0,0.004238523635053819,64,41
1814.7691107644305,2509.4222968918757,324.7516230409097,3.417119703534357,0.02951763631843535,5.650904277082912,2003.0,0.0036223745618835313,64,45
950.0624237494917,649.7020130134201,383.32616875439675,3.4494107211080975,0.024946901672855105,6.196508827973676,2108.0,0.0033883525004244726,64,152
418.583864118896,73.57243181447004,238.62404750743912,3.4226002380283362,0.07246925101175641,4.286892899856002,1466.0,0.00560068434598326,64,53
395.20799505141883,969.4783886182634,504.02168976216075,3.476167325033522,0.024223141355721147,8.028181248821241,3058.0,0.002138412373934541,64,73
309.4093200288036,1190.207694681617,378.84441708636547,3.438198919417639,0.06821939546434157,6.31342408887884,2201.0,0.0032049607442998923,64,65
267.49916336415674,658.6908850726552,442.5242625260446,3.305666778271097,0.028612618441716038,8.729672814252224,3935.0,0.0015951793790043595,64,255
264.2219470170149,1979.0301529183716,361.89170425511674,3.4675971541820685,0.05674898508634862,5.689876030717967,2111.0,0.0033821096477768377,64,60
171.64666666666668,2300.510222222222,350.7457827154911,3.3345331174110586,0.1095379343133222,6.859028639769604,2420.0,0.0028426540193088653,64,74
123.7329560072035,2327.4111139696424,302.9664127589142,3.401145405515958,0.07151554864739783,5.495017262542694,1841.0,0.004054412476135744,64,113
92.74746117084827,330.3058542413381,260.9548623403254,3.482139957810794,0.013344115940959543,4.325864653491057,1544.0,0.005189052185160716,64,68
11.080399458361544,812.0868314150305,230.24512047590238,2.972851659120597,0.17672175804725676,6.5082828570541125,988.0,0.01089908021321394,64,55
802.8238808554853,2172.352411464196,450.0847827312452,3.3635081817862083,0.010127471308638088,8.067153002456296,2812.0,0.0023642553037211546,64,192
1555.5891835673426,932.9031027907783,435.7954627851878,3.379170029006639,0.02680142065436397,8.00733559633037,2481.0,0.002354297324112149,65,22
1394.0964065802775,835.7032441871152,410.98027652674887,3.433857811383404,0.01425489384293358,6.647599362991251,2303.0,0.0025846676527974807,65,1
1108.5063277329261,2256.579205760419,346.20395318851024,3.4137865293911154,0.08883250712078045,6.232124402804297,2916.0,0.0019332116291564496,65,227
1568.8131189560759,2412.88174298031,324.18378029860173,3.5006865057991066,0.021583058394762576,5.325633580578217,1866.0,0.003401906594444451,65,4
2088.5651320952134,580.6485744179963,288.79286778085856,3.439549332054707,0.05602178146462891,5.061240424095611,1578.0,0.004297396830829092,65,236
2016.950123806155,2133.06986204457,213.5541295360939,3.4274273993766635,0.08336153544588433,3.701504190756492,2354.0,0.0025141802012914193,65,5
2008.8521583092413,435.794736317416,378.8753932395752,3.447716791106514,0.03154488346349819,6.307665304656471,2609.0,0.0022124917011754146,65,25
1905.1381033990288,2161.1543844615826,264.4686973844587,3.3665440686273085,0.11385305304973968,5.099010875021698,1922.0,0.0032694347423079624,65,35
1886.7104311902917,1087.033436612445,292.5699128734672,3.4745580403900647,0.024874637855562116,4.683535914834745,1647.0,0.004042455460127294,65,210
1872.692409240924,280.98957095709574,286.11116576510636,3.4452818457565515,0.030838468660009045,4.910158620391265,1766.0,0.003667246790200208,65,41
1868.6485765124555,416.3167259786477,297.17790788644976,3.4519911659300897,0.04389200034158968,5.099010875021698,1775.0,0.0036416829962788244,65,42
1867.1094069529652,521.6519683026585,295.51600804570194,3.4607978382002633,0.007353871923720406,4.834617718539091,1756.0,0.00369607525164003,65,40
1813.3132758009222,2505.4961579382907,319.500244383767,3.4254080086914906,0.04917056681988668,5.665567638912997,1923.0,0.003267162869669566,65,45
926.5919521827303,617.6590884832959,353.87135472650584,3.4222374007339997,0.0323575431960048,6.118813050026038,2018.0,0.0030648409859343625,65,152
416.97266446380297,74.47536797837188,251.47566226588492,3.4144701181946897,0.04452206350894669,4.494683660204312,1490.0,0.004673277719560028,65,53
396.7736773125474,970.9683382768849,547.5582270754782,3.443009539022084,0.04120226265091455,8.838285516704277,3175.0,0.001747152687366816,65,73
310.03739626037395,1192.904509549045,377.7422797117926,3.4756426730607566,0.02618079954756926,5.778878991691258,2194.0,0.00274941241588354,65,65
265.9561668681983,1978.9481056025795,374.8339549904839,3.4921169935058196,0.03564904373888098,5.741108540765171,2112.0,0.0028878884706424056,65,60
263.89675024619345,617.9226573744413,498.6077226752699,3.4017200228272033,0.019932054389578985,8.838285516704277,4286.0,0.0012366215349937702,65,255
172.6074516261836,2302.1352408398516,366.9777011978579,3.395381068124293,0.0831032425405595,6.42097665743473,2487.0,0.002347245336070581,65,74
123.78932424758659,2328.300738216922,332.56882040419293,3.4681154968333097,0.04231188800187668,5.325633580578217,1932.0,0.0032468572144632468,65,113
91.93650793650794,333.55643738977074,256.99014810109355,3.466391930505409,0.022273285784751122,4.343601856499965,1494.0,0.004654771382805641,65,68
10.930789560621076,812.1476709613479,228.66230990652858,2.940018136038936,0.17411936644089435,6.458747108360817,978.0,0.009515930613466504,65,55
803.1989800736613,2173.1569553310037,399.95130485633155,3.38870650239482,0.030891737605384165,7.138615225030377,2626.0,0.002194933001005124,65,192
1555.6859729302162,933.6736684830374,438.06732504948775,3.3838614842454287,0.02122706748692234,7.8157555796313956,2478.0,0.0026727320671923217,66,22
1394.018697278024,834.0384381250543,442.72597739005624,3.4790691398966023,0.03719512160018445,6.583715291216594,2381.0,0.0028093218586737155,66,1
1106.0555041628122,2253.4771302292115,374.57874893711255,3.4534926035108073,0.033785149652833905,6.083198924048081,2890.0,0.002215257948674343,66,227
1569.803687907677,2413.5539387857502,306.93203685133733,3.4680644672528187,0.025308206521384248,4.928161153659205,1833.0,0.003949651520822713,66,4
2089.499133679861,574.6077568972411,288.87494637425795,3.3697069155622352,0.02440601261437809,5.351675002801793,1584.0,0.004842851902070675,66,236
2016.951485857501,2133.202649480845,215.06803284640873,3.4438621023111615,0.05470386490988628,3.734622124257366,2356.0,0.002846818369024084,66,5
2006.364018452076,435.7660686827268,375.57978167144955,3.4436371174409652,0.048677233799745236,6.314206478125857,2634.0,0.0024788987632155344,66,25
1887.6026643498408,2179.1421951925863,265.88969474351927,3.368565612990793,0.04692735847170692,5.3131737437888304,1960.0,0.0036100530904730134,66,35
1886.7493152471632,1090.1116473196817,295.18915285238376,3.523570227783733,0.04598262814518415,4.54314856352958,1677.0,0.004465662389891923,66,210
1871.7823847216987,280.8533735393894,306.43152048416886,3.3956543775597487,0.05053619380754978,5.544181297866605,1835.0,0.003943809081067731,66,41
1867.1110812625923,419.4232370718603,286.6418733515061,3.440738827682561,0.03225833416059419,4.966662412672167,1749.0,0.004211702210619825,66,42
1866.2498232715961,521.6099250671568,272.31940499868404,3.3824924949777078,0.011840509969493405,5.197669966749943,1670.0,0.004491996150747033,66,40
1813.3723502304147,2505.505529953917,334.1909282325148,3.3944926933433353,0.06676600650427793,5.813690110957343,1954.0,0.003624777428164063,66,45
921.9953246753247,582.4728311688311,370.5746179997644,3.446119594520808,0.006154513681673117,5.967695147009193,2029.0,0.003448937492298762,66,152
9.997813656239488,812.7013118062563,228.92848609107526,2.957229592330599,0.16783170255102192,6.2757052191128935,971.0,0.010925496127373684,66,55
417.9394877568252,71.22276949057135,273.5899465461118,3.510408310606764,0.020901922013785334,4.312141009451804,1583.0,0.004847254272426633,66,53
397.47601864381295,970.995865283416,512.1437473904277,3.426033948349874,0.035162374595186896,8.66278327791657,3083.0,0.0020508211597636485,66,73
310.83082823675755,1202.2640199025604,371.4216456980496,3.4510752212086215,0.014535791699227528,6.121700183061043,2184.0,0.0031346706747075806,66,65
264.4735602402544,1979.5786126486869,326.91419027906494,3.418499417002186,0.038918892776569444,5.659685074905493,2014.0,0.003482727293524704,66,60
171.74002680136067,2301.241109164004,373.5007136847496,3.3779697025596893,0.08407389484981653,6.814722845294369,2518.0,0.002620198226934831,66,74
123.7696573823022,2327.48804535371,312.39921563117804,3.4272070392261784,0.041960951519616124,5.582682556879568,1850.0,0.003900535684737517,66,113
91.00374181478017,334.52759588400374,246.94707530914172,3.4164717749217424,0.030073329200107773,4.312141009451804,1483.0,0.005331952779198582,66,68
269.860911979898,583.0758258813096,520.9605357043961,3.386165212653907,0.003605526782541712,9.009294609033233,4303.0,0.0013958563854857538,66,255
801.9302588996763,2169.9618932038834,475.87556140021695,3.40213382498496,0.013994652038339597,7.89275809765732,2892.0,0.0022134188396033456,66,192
1394.5405405405406,834.0389080355524,385.85091579105796,3.4378074207471285,0.02797877406497323,6.369024730090019,2177.0,0.0030755154027942546,67,1
1105.9626228303794,2256.6625034438425,381.0566499228034,3.4797341727143456,0.027465564924800734,6.159056881845293,2719.0,0.00233007499542994,67,227
1555.7375187844382,931.3817832693271,419.16581437922116,3.4092607617183748,0.056700381934514064,7.10391219894656,2382.0,0.0027435379573800683,67,22
1569.2535571365052,2409.9046242774566,314.8117938015924,3.4505172603773264,0.042906107579785496,5.284190847492269,1849.0,0.003813908984432607,67,4
2090.2689568014707,574.7718290441177,304.59335852034906,3.4191858389784238,0.03676215482448888,5.214201564744027,1599.0,0.004668151334648707,67,236
2015.9200808377732,2134.870108396105,190.47583299934053,3.546753424851617,0.053608002582830994,3.3244909305414936,2192.0,0.0030485240513939502,67,5
2009.5576771481124,434.14846281860383,399.5338205683393,3.4062861477181623,0.08309201405919145,7.173901481694802,2699.0,0.0023511029670749764,67,25
1870.5064729194187,518.3540290620872,264.90943520209584,3.3756842840723653,0.07830849530803147,5.179206923369906,1666.0,0.004403804796244894,67,40
1869.3473837209303,280.44428294573646,288.91575918474285,3.4041057631207092,0.09504055665710959,5.459164054362874,1764.0,0.004066945650777563,67,41
1866.3003907147781,418.60940013789934,304.52336923760083,3.471805868957255,0.041238814945510474,4.96923907512518,1755.0,0.00409571742889615,67,42
1853.9854085603113,2202.4155086158976,251.82143932817462,3.3422730779222865,0.06800802492810212,5.074222999247543,1908.0,0.0036560182902082823,67,35
1815.7369276068637,2507.866890039598,344.66222289371757,3.4936084540858245,0.03728752762616957,5.389174771614631,2025.0,0.0033786461901480084,67,45
1889.0988372093022,1103.7142684108528,288.91575918474285,3.5021276755443904,0.014964278612918828,4.409324813139244,1650.0,0.0044641739361543625,67,210
418.6192808171261,73.56541206100462,250.1067019008427,3.4509292705818058,0.05474183754798689,4.444319454513365,1470.0,0.0052781711520181575,67,53
396.70188756668034,972.5657912734237,511.69164617239704,3.4238296929178396,0.033631190637827976,8.713665702156126,3075.0,0.0020100698986810902,67,73
328.42094822455863,1206.252033326721,352.81597433388777,3.429179778544811,0.025910896172816646,5.9490890336005675,2098.0,0.0032259430024449954,67,65
269.05509507557286,577.7466044438253,502.41806620825497,3.3924946558909506,0.028510457645732446,8.573687136659641,4205.0,0.0013998396493767585,67,255
265.8738179121083,1978.986649360282,377.452201861269,3.471200150374606,0.02855264049466631,5.704126543981721,2109.0,0.0032041215229542423,67,60
170.0546348043939,2300.3002505299673,363.1743881806276,3.4439738483592897,0.03952361706240678,6.054072957722931,2511.0,0.0025690373511629296,67,74
123.85666180267145,2327.4212594006062,311.7672600020439,3.469799793540125,0.04745201461135271,5.284190847492269,1849.0,0.003813908984432607,67,113
92.98596680609904,333.50978275536363,259.3452872236106,3.4458041616340642,0.01915413353123554,4.514308737261607,1493.0,0.0051579950633712885,67,68
939.2231075697212,543.651017551416,324.9952344414616,3.4515365186245908,0.00829780807962887,5.389174771614631,1853.0,0.0038027748421629666,67,152
9.746566791510611,812.9970349563047,224.24566192536727,2.954106940385023,0.15765274089208337,6.054072957722931,966.0,0.010783922696087375,67,55
801.0451238390093,2174.5691176470586,452.1307665536431,3.381794273420537,0.013062514189945014,8.013772874673705,2721.0,0.002327992867650071,67,192
1392.9613783757623,832.36375955861,389.29229888864916,3.470759530159642,0.03185515532248134,6.066795094479965,2194.0,0.0031375769220491263,68,1
1104.2429348963785,2255.9572953736656,360.01341821528933,3.4812064588362657,0.04560995503618487,5.689975523394253,2590.0,0.002547989439716496,68,227
971.8552437223043,515.4599477332122,331.6389045125352,3.445387715738249,0.021681301863621088,5.576929652068539,1851.0,0.003924050535699515,68,152
1556.6787134997885,932.1228099873043,445.2123232377688,3.392942814060341,0.04192531260509486,8.026256864125667,2490.0,0.0026749210086434282,68,22
1870.4979394628392,518.4516129032259,265.16793217301563,3.38381321043508,0.05698509115646303,5.049382252548542,1666.0,0.00453750854152366,68,40
2089.48476770754,574.0158669713126,296.858458101324,3.408805407048431,0.010552745666546256,5.087064209657114,1578.0,0.004902042745802942,68,236
2017.8496083550913,2132.0463011314187,216.4828435887416,3.465508275363723,0.09448658248925787,3.768195710857121,2356.0,0.002866254771921342,68,5
2008.8983146067417,435.00234082397003,402.44330191954054,3.4329996928904274,0.06362554967769488,6.933480107977102,2705.0,0.0024161399039971626,68,25
1570.0034263338227,2410.6410915320607,307.9369534912439,3.410756501407609,0.020610457151103496,5.426201823634254,1841.0,0.0039529384178125515,68,4
1904.5063806679339,1105.678658702145,277.5652960617355,3.4195497748246617,0.04502261048371699,5.200110080982827,1597.0,0.004818463143729139,68,210
1871.026453100352,280.7012498483194,310.53700853173535,3.4378352667691296,0.09886174208840375,5.576929652068539,1852.0,0.003921184952766361,68,41
1867.967427842819,417.01078010896026,325.08224397564385,3.5423222368554566,0.02337664898918017,4.785608552788544,1847.0,0.0039355548733048884,68,42
1833.0027054882762,2220.017778922958,292.48735107672974,3.4801864915511733,0.04243724525479638,4.785608552788544,2162.0,0.0031973626217871322,68,35
1813.3403586399627,2505.4568001863063,323.61264764840956,3.3998753367649552,0.054151658766647306,5.6146116091771106,1919.0,0.0037382801788786294,68,45
417.03986842105263,71.98328947368421,286.3828740251412,3.5158288683579224,0.020257594813552073,4.37110702459426,1594.0,0.004831469934081497,68,53
395.20548880393227,971.8610731840524,551.965307726351,3.4549551241492718,0.04223044075945296,8.440758392319951,3166.0,0.0020010501296477148,68,73
344.3507679089249,1199.404467833745,350.85670263790655,3.4107363008050093,0.03882878246372463,6.029113137371394,2085.0,0.003351007868503408,68,65
264.4626799557032,1979.5728682170543,340.268072690398,3.3961576882102174,0.03824746631724206,6.029113137371394,2015.0,0.0035040845825696724,68,60
170.9406753246753,2300.2982857142856,362.6888371699979,3.3739413924193347,0.10450063704879317,6.51897857978282,2476.0,0.0026937077099039096,68,74
123.83002556921953,2327.397175210033,309.4819137326953,3.4134334716326884,0.05258802735790977,5.576929652068539,1849.0,0.003929794284882078,68,113
92.79043280182232,333.61289863325743,264.6780667306042,3.4351915524869794,0.041366116570403455,4.597198767245688,1501.0,0.005272690305805889,68,68
8.243645166868408,813.6508732491786,217.9147579588673,2.8979412155788067,0.16162613075350857,6.669706408217104,941.0,0.011714408368331038,68,55
269.5275840694251,577.8114055478072,486.32333844322005,3.340380741644234,0.003323190585065328,9.08135166316566,4086.0,0.0014901492703293297,68,255
801.8629840455384,2173.842700232502,470.0070510152087,3.389716623285514,0.02363076702922478,7.837847078582811,2802.0,0.0023150929319392896,68,192
1390.5774030675432,834.7014385062399,367.43322749472105,3.438333849257541,0.037134140763881246,6.405666441034006,2195.0,0.003268841352177734,69,1
1556.0155881682,932.8728613793628,460.3328927105913,3.4469705483980912,0.011862087022865356,7.525782977171099,2574.0,0.0026765153727366492,69,22
1104.985450639586,2257.5193828727665,358.47229520562433,3.4641157091982637,0.012686764902679988,5.915615456474027,2734.0,0.002486318052429968,69,227
1572.5193414690307,2409.7489062859772,304.04163227771244,3.470576297795669,0.029516475784967102,5.390560830159765,1825.0,0.004169704527047022,69,4
1014.5772073921971,516.0356262833676,340.93547068672797,3.443933451457768,0.03318564585825519,5.705593605948322,1941.0,0.003838087987672447,69,152
2089.4468855907444,574.0028047212808,299.52616249140976,3.3742108093527623,0.02609478412321524,5.530575397176901,1603.0,0.0049957795869407,69,236
2015.9050354849612,2135.8022980736737,207.1515519018538,3.4501225666499247,0.06599657997992703,3.7103860259541235,2207.0,0.003246095907992904,69,5
2007.1939028011482,436.42729882213206,353.6417926435331,3.428300105212867,0.043278712359524366,6.405666441034006,2520.0,0.002747448825426145,69,25
1911.9035045607297,1106.6415026404225,291.65034309669585,3.4377217556019612,0.023138184717252944,4.900509845599786,1662.0,0.0047458994150178365,69,210
1869.7760090248182,518.3629982451743,279.2590539156792,3.4490707799963918,0.03671756440390634,4.93551348735407,1716.0,0.004538145740389936,69,40
1869.2929091335993,279.7576895984973,298.16102046299267,3.4558735149864614,0.07183072363594041,5.005520770862638,1827.0,0.0041635022370994385,69,41
1867.0258942286591,416.18202764976957,319.0231909485461,3.5091497694533764,0.013566998509885159,4.725491636828365,1827.0,0.0041635022370994385,69,42
1812.5663185691994,2505.5430320489736,291.61533945494153,3.3635409547337414,0.07466374185306518,5.600582680685469,1830.0,0.0041542333214954555,69,45
1810.8821069141288,2232.2938178015947,267.81286306202827,3.315225507759373,0.09745747594084342,5.530575397176901,1908.0,0.003926934526280391,69,35
418.7307254623044,70.424466571835,246.0756015326178,3.4554469751406307,0.04022951833205807,4.060422443496965,1481.0,0.005606137896731836,69,53
396.7486052758454,972.5415662235691,508.21787463045206,3.4428215435095093,0.02761626934680024,8.36587037927392,3072.0,0.0021617947887558374,69,73
344.45061546036436,1196.6925652387986,355.4619820147559,3.431427147677453,0.0427293737486403,6.195644590508301,2107.0,0.003445908607817248,69,65
269.50501262170934,577.7780021637216,485.3254929231502,3.357237285711456,0.017472027637635085,8.680903155062477,4077.0,0.0015573819809030448,69,255
261.0822821657287,1974.1360372598485,360.7475319196528,3.4994662896006345,0.029127433692585004,5.390560830159765,2102.0,0.0034565469561432475,69,60
171.8458988444781,2301.2199280166697,369.5684496417324,3.4199225766098396,0.08600714252962384,6.370662799279722,2485.0,0.0027954674911403916,69,74
124.63527435610303,2328.239753639418,312.5825208657578,3.3849015924533914,0.04704049904822722,5.565579038931185,1840.0,0.004123632798017839,69,113
92.74471589349437,333.63862201482294,255.03653382171456,3.4495501303957945,0.03479490804343924,4.340451577531239,1487.0,0.005572654069168897,69,68
7.2088530574992395,814.0260115606936,230.11394089266423,2.9911134989318855,0.12956562704472366,6.0556300234911635,966.0,0.011576658835349465,69,55
801.2640485540878,2173.8059264548374,490.22600276875,3.358099120585522,0.020372717734416363,8.890925005588183,2916.0,0.0023003731222716087,69,192
1392.1882111546354,835.5008393956351,395.585587233161,3.3996115515944982,0.008570621839683969,6.899319605726647,2241.0,0.0027264087083109277,70,1
1042.973447582778,533.4720194647202,348.7661402830695,3.455341419083984,0.01525029702406352,5.681792616480768,1947.0,0.003274185946791207,70,152
1108.5027757410705,2256.4824552215355,352.23424746455777,3.4238028408409655,0.07737630711526554,6.161424460729145,2921.0,0.0019657491574779458,70,227
1556.7157474852584,933.581425598335,425.47034060555984,3.3919448151258043,0.02172301014308052,7.489635721724649,2471.0,0.0024108685241444883,70,22
1570.848041529023,2410.582940066069,312.7199624499415,3.4400927092218794,0.01728496868197344,5.423529315731642,1855.0,0.003493849342468766,70,4
2089.4934315531,574.0546347452424,300.5077978002328,3.3446217696587,0.01375009905255497,5.6080031019810175,1596.0,0.004307392824035726,70,236
2015.0851217312895,2134.0257889990985,204.58142895055752,3.4677179280463597,0.03536717987357931,3.5787914532378866,2121.0,0.002926230619351405,70,5
2007.2585614849188,435.75935034802785,397.5410093674044,3.462265931847325,0.03392789652612617,6.41968776147827,2693.0,0.002168614394547805,70,25
1909.3271505041703,1104.9599153491847,296.3755849882468,3.482416574171767,0.02657027822772404,4.7225289279840155,1654.0,0.004093919261104137,70,210
1869.4230668756531,280.5288662486938,282.4662615050439,3.3848809458773945,0.10402036169088492,5.497318830231393,1763.0,0.003745106551315589,70,41
1866.43018520951,521.5825561539472,280.8797869432993,3.3770654610672137,0.05902189216513793,5.3128450439820165,1676.0,0.004018379560053242,70,40
1865.4093035014537,417.8679054481102,291.87442460376207,3.46630857810436,0.0442055316069144,4.75942368523389,1752.0,0.0037775878803772063,70,42
1814.7086554164398,2507.772128470332,338.87834534010295,3.481798070072719,0.03356177678726325,5.681792616480768,2025.0,0.003108490766487145,70,45
1797.3869731800767,2264.4034340854264,259.99735433986996,3.315833159073424,0.07806010490640082,5.275950286732142,1905.0,0.0033709392745165686,70,35
416.951347004423,71.2452754322477,275.27178384131827,3.5212606033108984,0.02214674981142001,4.390476112735139,1582.0,0.004362298884687938,70,53
395.9714083008159,969.4131961688543,520.0316034369898,3.4512466194253735,0.016078687471630215,8.190636109472276,3045.0,0.0018705816271385842,70,73
340.99480519480517,1195.6960076960077,383.52100161245187,3.435882856747448,0.031200587318750816,6.41968776147827,2196.0,0.002798059800966247,70,65
268.9142917310122,577.7942580373439,525.6027117817209,3.3762181208658695,0.0050784311068652836,9.408163098718155,4315.0,0.0012505214096202178,70,255
170.85804382683057,2300.359914484233,345.15045407258174,3.38404152442262,0.09511543947026345,6.27210873247877,2411.0,0.002485922680113104,70,74
124.61621362711053,2328.2842773320563,308.1081177937071,3.4152412199007216,0.040035473387299896,5.3128450439820165,1836.0,0.0035429382892456993,70,113
92.79473091011553,333.6992110453649,261.8789869596136,3.4267276906021564,0.07153565211293673,4.5011603844847645,1514.0,0.004650210576773312,70,68
245.45220588235293,1969.458984375,321.13196710291305,3.391656203312858,0.04623657373331083,5.718687373730643,1939.0,0.003292184593684283,70,60
801.9396703717899,2173.8417018014566,481.2921083246209,3.3641402515416816,0.016302605182886197,8.670267953720654,2903.0,0.001980374643659713,70,192
1390.0077881619939,833.5187889408099,388.5600871382433,3.4496687050287638,0.007606954168278336,6.241473362325754,2258.0,0.002889594472885787,71,1
1108.6221301020407,2256.5681335034014,355.87746298642844,3.4259042204783188,0.05959338830016226,6.05233780589164,2875.0,0.0021442123098198177,71,227
1059.52955538422,562.5571832433822,294.3705800340547,3.3865009359295413,0.03624235412126512,5.63623958173659,1773.0,0.003976076399135464,71,152
1557.4542753690466,932.8816265899173,407.43581567036784,3.364041695575449,0.03950482158417991,7.338459589643614,2416.0,0.00265339194546019,71,22
2090.3229127899763,574.7121945168093,304.9243440830782,3.4183368282878197,0.0254166958084496,5.295795580155185,1598.0,0.004600180092264731,71,236
2016.9340359803743,2134.1083045611485,208.16259341138561,3.487289034233668,0.04501710861413253,3.5935755722481613,2279.0,0.002855805578660368,71,5
2008.1071894207487,435.9260569938536,406.1875209979027,3.4679035455057385,0.04399710819188022,6.430608918759868,2697.0,0.002316609322464376,71,25
1915.727163139566,1097.636753281543,282.4172128674187,3.471305203787313,0.011360311307298573,4.690561799566021,1610.0,0.00455119424759167,71,210
1872.7000267594326,281.48929622692,282.7198297577132,3.3838580126100077,0.049391904270198725,5.333622691442008,1756.0,0.004029178202080951,71,41
1868.690745802421,416.4148119224261,290.6256960166592,3.4517367409319797,0.06369026311227743,5.031005801147426,1758.0,0.004022857428091126,71,42
1866.3330111832113,521.6175617837913,273.9817670504572,3.3759346811952406,0.028072456846511426,5.068832912434249,1661.0,0.004354139442126362,71,40
1812.2534943531255,2505.240635133624,338.2878562380559,3.459466412742981,0.03447579615891253,5.522758247876122,1970.0,0.003449284473942571,71,45
1569.1517199017198,2410.74742014742,307.9126858747372,3.4380977255621996,0.02048411157876073,5.333622691442008,1837.0,0.0037881239354059996,71,4
417.73548675200954,73.77820779994046,254.12253362487525,3.4459419938627787,0.06176804260373092,4.3879449092714395,1512.0,0.0049846833364040714,71,53
396.79562589146235,970.9796916389323,556.9285594758913,3.4580377179932626,0.03629939635398774,8.39761870567465,3169.0,0.0019095057466487287,71,73
323.4408500837521,1202.6938860971525,361.32456701173095,3.4331831048104293,0.0213966366432988,6.279300473612577,2112.0,0.0031485917874266274,71,65
171.8001618941617,2301.2590306587067,373.84534084766926,3.389232463447745,0.07457332615738435,6.5062631413335135,2495.0,0.002549202901977155,71,74
124.57137659187386,2328.361916312917,311.8845325598536,3.4225379353249874,0.058828126651789464,5.257968468868363,1845.0,0.003765871945029511,71,113
93.62906821221578,332.06984693119335,254.5386318490303,3.4582622726165524,0.03334886343166375,4.3879449092714395,1484.0,0.00512412893250603,71,68
230.17058694218508,1964.5983732688503,344.1510584875134,3.44114859126583,0.0038893454124637374,5.711893804310235,2028.0,0.003319788412193287,71,60
268.00158844765343,577.7256317689531,523.9054913224951,3.4026110169768136,0.04925025451615306,9.040679597550637,4395.0,0.0013110615405881128,71,255
801.9021604938272,2173.7590277777776,490.2393622772229,3.378616032682065,0.005743974192686665,8.321964483101006,2913.0,0.002110680041393648,71,192
1385.0669376949986,830.7319655857049,403.5044934129433,3.4548780415972247,0.013783592728097038,6.447221271323382,2282.0,0.0027053017435069533,72,1
1556.0232230239694,932.8298084100522,459.9653660848877,3.454511326214512,0.019949323375574847,7.400952228619741,2561.0,0.0023419928531895565,72,22
1107.7065703824248,2256.7034174125306,375.0833108855118,3.4877590194895802,0.06689660232187421,6.1420273649885475,2956.0,0.0019678443953461367,72,227
1071.938683127572,595.7625514403292,370.8105961968241,3.466298650931359,0.023515013332371822,6.0657288884048395,2041.0,0.0031239033470210446,72,152
1570.0162057877812,2410.6495176848875,296.61032771916746,3.494212026321165,0.01775520394240321,4.692356309898083,1816.0,0.0036513863052561636,72,4
2090.996057985758,574.5546795523907,300.0056099271425,3.442763356962654,0.012600797974455192,5.111997931108481,1597.0,0.004369521719001682,72,236
2015.0145146088596,2135.8222431668237,202.38170913828725,3.5399430763752937,0.08253247959693442,3.4334314462668902,2198.0,0.002837843904176368,72,5
2009.5586686537506,435.0139095876801,383.9720834075139,3.4221452326055957,0.06271023043023596,6.370922794739673,2642.0,0.002254107646042138,72,25
1914.522201730742,1092.2559228259327,268.9139807192812,3.419586752303974,0.051744553618066805,4.806804024773646,1585.0,0.004417123725229478,72,210
1872.7093179377014,280.90225563909775,284.1355267977311,3.4254959577250967,0.006268374594618915,5.18829640769219,1758.0,0.0038175519655546035,72,41
1869.786541430777,519.1285383427689,296.4958800042919,3.4891199172887126,0.02258038824815445,4.730505548189938,1747.0,0.0038507871196998803,72,40
1866.2089369015468,418.81352811195677,310.7636951254454,3.4493814316819917,0.030306323198212918,5.2645948842758985,1765.0,0.0037966993875734743,72,42
1812.3014515584562,2505.268144480702,339.0322806997095,3.4824706912549215,0.03370665681692498,5.493490314027024,1984.0,0.0032425710367721488,72,45
418.56125444152633,72.88506102270972,246.94001946317312,3.4362504399939655,0.036888220238202735,4.387162403563249,1489.0,0.004838842384898007,72,53
395.90535674921006,972.6453817326769,519.1729839138457,3.459792884174057,0.02528615131944191,8.125787756164973,3103.0,0.0018574143069996396,72,73
297.5316129032258,1214.7259139784946,354.7879161142453,3.4563483745163053,0.03053160326012953,5.989430411821131,2110.0,0.002991381048079077,72,65
268.02584355296887,577.7520266056953,550.6079562663336,3.385096595068389,0.04204180615651604,9.651757287839146,4475.0,0.00121896668055054,72,255
208.9761333790111,1972.5781660385976,334.0728797217684,3.4820704234933206,0.017322395178026216,5.302744122567752,2013.0,0.003181090997823871,72,60
171.6466427127779,2300.532450033685,339.7571162272547,3.3587603447138865,0.11331770210039808,6.409072033031528,2334.0,0.0026292819372957274,72,74
124.53005731008413,2328.3586148030727,312.8619032314974,3.4117687250801376,0.06612676110787313,5.379042599151461,1847.0,0.003568370653951362,72,113
91.95319206008584,332.9416577253219,284.44072070406594,3.5304469680185564,0.019708964068240686,4.349013165271394,1589.0,0.004401141566560581,72,68
801.8913921690491,2173.810829707893,491.056995292749,3.377518166063397,0.01789550747160141,8.774324807126497,2925.0,0.001992830196973936,72,192
1373.4758832870186,821.6187971417229,370.42028126034336,3.4047756200119896,0.022900083542414303,6.543748517699595,2193.0,0.003095786114339241,73,1
1105.8156643356642,2257.5713752913753,394.2792295074616,3.460412145171759,0.028140133145610976,6.433460621333872,2913.0,0.0021785849781912193,73,227
1076.602648347272,624.9316009557945,369.24387703244236,3.4456004534864038,0.015079644006421289,6.065834300114793,2036.0,0.0034087168036505884,73,152
1558.4286371160567,933.0568328122126,399.75686169362586,3.356356332072958,0.055116278164071796,7.426051688625384,2361.0,0.002818873667434843,73,22
2090.2100890207716,573.6969732937686,309.72517562707355,3.433211851922051,0.005751837361501478,5.293819025554729,1606.0,0.004713712595296255,73,236
2016.8156609696548,2134.9495988838507,210.79693258701954,3.4739551153842245,0.067502294223699,3.56597531582506,2269.0,0.002964063982975445,73,5
2009.665140240412,434.1984354130891,385.34590990183796,3.408884314914058,0.0935590512901446,6.837849574674858,2685.0,0.0024041418570399926,73,25
1911.8727648704537,1096.012893808539,302.2255986742043,3.4917317667676904,0.013410305183863788,4.705616911604204,1673.0,0.004448359351888483,73,210
1871.2476824650737,281.52356704530615,281.56499942169216,3.388382107617183,0.03475009315314621,5.44086955404236,1750.0,0.004178055971254678,73,41
1869.6827392578125,518.346435546875,301.15948234266904,3.43577726718242,0.03704124269908325,5.183531129189006,1753.0,0.004168187964489439,73,40
1868.6358232101318,415.57159472731973,284.4692473593229,3.394593027854874,0.049476314894483515,5.036480600701374,1726.0,0.004258714568283547,73,42
1813.1942913819705,2504.4531628829623,333.58412387419173,3.375856530957848,0.04308043383140467,6.139359564358609,1977.0,0.0035433150291642296,73,45
1570.0134038800707,2410.645385067607,312.6661861968262,3.4156330436350024,0.011026203559391745,5.44086955404236,1850.0,0.003872459866605713,73,4
419.6505071599045,72.03714200477327,246.45668574527016,3.4784539676087807,0.06398408451708022,4.3747532225070325,1500.0,0.005204925936280151,73,53
396.00590975457135,970.288813182229,528.7569378094005,3.4679430010934933,0.017467667881698026,8.087779066819724,3137.0,0.001994723067894054,73,73
298.7169847696164,1223.959321380374,381.3755456326719,3.45334376926785,0.028341191269665132,6.212884828602425,2202.0,0.0030795795291516555,73,65
268.588962674605,577.619800015266,481.62724342911457,3.3325241365713274,0.024843264485537593,9.264183294720775,4060.0,0.00148003602730812,73,255
171.78225168183616,2301.2236842105262,371.5966854882444,3.416190877395952,0.06773709437617502,6.359935357090056,2497.0,0.002628539946718895,73,74
123.65774613307144,2327.591333169654,299.46840126506123,3.4051815631513724,0.04065920235284251,5.330581657676636,1840.0,0.0039009929513320082,73,113
92.76916438947217,333.67093341003886,255.6105811436252,3.428818401109421,0.035106284000219194,4.521803750994664,1494.0,0.005235810134327323,73,68
199.13744225115497,1988.7063208735826,350.12730832905027,3.4413243302160703,0.020526310326204954,5.808495875261438,2019.0,0.0034464390090119513,73,60
801.1481481481482,2173.834740740741,496.2955336457558,3.3661385724430435,0.017925095210757146,8.823031709257881,2916.0,0.002175898884826997,73,192
1373.5699598550866,809.7859590717712,365.3395159258315,3.427045255807399,0.014810229375033837,6.295873377356932,2107.0,0.003116853959621767,74,1
1557.0743306351183,933.0249844333748,459.59875654705604,3.438663762022115,0.013500379034403553,7.619437666914924,2496.0,0.0025145374013150626,74,22
1104.186844077961,2256.845108695652,381.7588675179158,3.4542550298283494,0.03411755131013637,6.47473341648639,2627.0,0.002360896451799207,74,227
1069.9431326903891,669.5122491963197,322.69928259736866,3.4214060396753903,0.022698073227179365,5.508889205187315,1834.0,0.003746690002760775,74,152
1569.2601589611552,2409.9354080376133,319.55134590869017,3.471800327615723,0.047305196468602116,5.330029166057857,1848.0,0.003708262083864956,74,4
2089.3035246487257,572.9331983805668,300.41332172183814,3.423612723010771,0.030621201686806977,5.3658011738837486,1604.0,0.004515421213945773,74,236
2013.3862587591864,2134.3030251239106,209.3020177892921,3.5029835660900126,0.023100655834046784,3.6845168060668407,2282.0,0.002813656078817041,74,5
2008.8324997548298,436.5275080906149,364.76716380061725,3.4005001103211576,0.025387243588236987,6.617821447789957,2530.0,0.00247277151957476,74,25
1915.7775138558986,1096.37951966218,271.08027530460697,3.435642897905996,0.03827570140618815,4.543044993888241,1574.0,0.004639586280866632,74,210
1870.53601859024,519.1532403821327,277.0899726193568,3.432296750911191,0.05652204004779929,5.0796251112766155,1672.0,0.0042571775960906786,74,40
1871.2522173641473,281.5963772642099,286.3549226462627,3.4187271301620337,0.07895414538767483,5.258485150406074,1759.0,0.003966912827834405,74,41
1866.3121934127541,418.70123802849804,306.27993100528437,3.453515519929081,0.045206833523470984,4.972309087798941,1768.0,0.003939128749803781,74,42
1814.715206185567,2507.7438788659792,333.10893687470315,3.4614500715651157,0.0295492644981726,5.580433220839099,1986.0,0.00336778028207712,74,45
418.79842219804135,73.68144722524482,262.9958015359555,3.4762132787735016,0.02852272884251278,4.256868931281107,1485.0,0.005051690070119259,74,53
396.7408920667348,970.3384405856316,525.311934923219,3.4421430323404967,0.019964219461616826,8.370649831258648,3070.0,0.0019566127816958473,74,73
330.0672862121348,1247.933875435618,400.3245395795536,3.485074190630511,0.028755776188453992,6.04546932257569,2211.0,0.002929264257723985,74,65
267.5713276212349,578.4569384330006,404.9749005969195,3.3732948955633173,0.020648062847222856,7.3690336121336815,3813.0,0.0015200456944195126,74,255
187.8376229752559,2008.920798966511,359.97371475194774,3.472053072607657,0.024291617225492824,5.616205228664991,2030.0,0.003271992659421726,74,60
171.705174488568,2301.3387484957884,356.71846203979163,3.3575534041341046,0.07554137594977625,6.90399751039709,2438.0,0.002589137934009782,74,74
123.86783350162683,2328.3692359474926,318.8359057521724,3.466934415606712,0.016579032064721992,5.294257158231965,1851.0,0.0037001298606748924,74,113
92.72855770550295,333.65733498010155,260.67062102727255,3.439791690279034,0.035478602850195065,4.256868931281107,1502.0,0.004967411643743882,74,68
801.8880083732057,2173.876943779904,478.4863766791268,3.3783985192726926,0.0068353830089996764,8.19178979212919,2814.0,0.002171497116440448,74,192
1378.0310391363023,795.9464687359424,418.24375636586,3.4877331464899384,0.00932895448460906,6.246375488684909,2305.0,0.0027371898922870373,75,1
1105.8568550418051,2257.5023672811526,373.5407799769584,3.481086197747462,0.04717163941267896,6.171117952676657,2846.0,0.00211048517337583,75,227
1050.6760383386581,707.40404685836,353.33413155874274,3.431638797270304,0.0198264951532354,6.05823164866428,2016.0,0.003253247721609569,75,152
1557.7447175506684,933.0282880551962,436.30556500784047,3.405244161064518,0.02913587798365622,7.713897440845821,2477.0,0.002501067460590811,75,22
2083.065423976608,570.9206871345029,308.85692777786585,3.4864329084253534,0.05233650808831878,4.741224768519871,1598.0,0.004472996690150124,75,236
2015.9345827439886,2134.888613861386,212.82831183133644,3.4965127100500757,0.03614050450844101,3.762876800412596,2289.0,0.002761441426177315,75,5
2009.6674024280123,434.20848801043445,375.0459306971234,3.4594209135472935,0.07810499694281346,6.321633024693161,2639.0,0.002313127769136633,75,25
1913.4040075819116,1095.0259951259138,277.9260804784743,3.4137074158674054,0.04950629724393129,4.816482304528122,1591.0,0.004501259093829635,75,210
1873.0034761018,281.64643078833024,303.0997262732346,3.455849043763873,0.033126279609391907,4.816482304528122,1831.0,0.0036997687416511563,75,41
1869.6281097717363,418.7181328545781,293.4291328961742,3.43368644696271,0.037307545906882095,5.042254912552878,1744.0,0.0039550533582566405,75,42
1865.5869686023896,520.106696304529,270.85187209369866,3.4280805990376297,0.06704158874477922,4.778853536523997,1667.0,0.004212294397385182,75,40
1813.9557369510233,2504.330765693263,327.2950240998876,3.4556281384468397,0.015950996231842197,5.49380012860239,1957.0,0.0033834776883208168,75,45
1569.1948967193196,2410.686269744836,309.68476067395665,3.4387541896260507,0.030303273426683763,5.418542592594138,1832.0,0.003697025869689719,75,4
417.84517841344734,74.55190209377764,255.19830460398225,3.413613525097992,0.01394854613767449,4.515452160495115,1494.0,0.004933187574458482,75,53
395.1549688774415,972.6741074622594,525.9372903936685,3.4481305587236073,0.026341596438391856,8.391215264920088,3086.0,0.0019158857207073254,75,73
344.21997918834546,1248.4526534859522,361.6124605196505,3.4100604051396735,0.027500591975118307,6.434519328705539,2123.0,0.003040975895364197,75,65
168.48581644815258,2023.4924910607867,315.7053635546168,3.3990463501670627,0.05489637227474731,5.644315200618894,1921.0,0.0034681901265352392,75,60
124.6039048200122,2328.2773642464917,308.36775379381226,3.426612284905855,0.03702619979281832,5.2303987525735085,1832.0,0.003697025869689719,75,113
93.60538850848467,333.5906519797559,252.7900634517182,3.4021646962518943,0.10194058055792149,4.590709696503367,1470.0,0.005053159702232505,75,68
171.7841625788367,2301.217839623586,375.8737635932142,3.3890166682055596,0.07997154380767123,6.773178240742673,2518.0,0.002450674103511739,75,74
265.2560635857096,577.6552769583743,459.2214847223532,3.3482458950295797,0.05946299620981914,8.504101568932466,4114.0,0.001373444847571328,75,255
801.9793082149475,2173.9429431747994,487.3678031894394,3.3834266157240824,0.013118731966579682,8.46647280092834,2914.0,0.002051447386630259,75,192
1377.2196894911604,793.6219151036526,409.4263669661929,3.4169549429709805,0.023115441779487513,6.981154960385592,2305.0,0.002989443326226438,76,1
1558.413218793829,933.0534712482469,419.1632409898886,3.3354160160315836,0.04528010431401043,8.267157189930305,2405.0,0.0028339494429876905,76,22
1568.513800153335,2410.645668285203,287.5500985261981,3.4107210593430315,0.02795742402082874,5.254237680711261,1758.0,0.004271422916229744,76,4
1107.703796528358,2256.790866054024,395.83148625386303,3.4869370740995826,0.0508528838090636,6.3565253060353015,3015.0,0.002151352432358504,76,227
2085.685024914765,575.3870967741935,280.2015143573712,3.435441084039902,0.0037626836952848143,4.923551393114049,1548.0,0.005113242778673589,76,236
2014.0614503816794,2136.8944656488547,192.5329052232658,3.536694234291428,0.05170067801058863,3.3803487176603917,2120.0,0.003327172223019907,76,5
2008.0971517752635,436.6082715567694,376.6884244940689,3.4224021563374856,0.03101885398351373,6.3565253060353015,2577.0,0.0026012312211085432,76,25
1914.1127430980553,1100.515843873249,270.1706969669224,3.4094332382552897,0.025016323143217133,4.739836788893375,1580.0,0.004964161476067616,76,210
1871.2163212435232,280.8884832783796,312.02088380839183,3.5105318965779517,0.03739667391960153,4.886808472269914,1846.0,0.003995755736031601,76,41
1869.8373896444762,519.1107134335481,307.979162515537,3.463119939255953,0.04284992119779682,5.217494759867127,1758.0,0.004271422916229744,76,40
1865.4839226315141,417.8804977208328,298.2422884918413,3.4329853903567455,0.04881423843612133,5.144008918178857,1764.0,0.00425142479431959,76,42
1812.2881863560733,2505.302273987798,331.23743140987426,3.425249625534881,0.053626006502697034,5.621666889152608,1945.0,0.003725282541714858,76,45
1018.0694195092759,736.3107919409535,368.38452438329443,3.461566934400162,0.01658076913460686,5.731895651685012,2118.0,0.0033312407967505658,76,152
419.64296102385106,72.11721931355439,252.64432372427015,3.4343125393302585,0.06678728918812918,4.519379263828568,1496.0,0.005375577497562521,76,53
396.02857741755173,970.3509642258244,525.8646831212558,3.4384104312921986,0.029334408940921083,8.487614714995114,3087.0,0.002091880531037352,76,73
346.8879176379176,1248.0895493395494,378.3051130112108,3.4739288735064537,0.013797087322403373,5.952353176749821,2199.0,0.0031740470407492817,76,65
171.00390351316184,2301.2320088079273,367.09852215374974,3.4042223571428445,0.052668317641172094,6.540239910255975,2519.0,0.002675313181741473,76,74
151.53527537551207,2029.027878925808,322.8967883782557,3.4334329086879705,0.035143665068173124,5.548181047464339,1929.0,0.0037664872254814644,76,60
124.63202042304887,2328.323972769268,302.24726686385196,3.429006288053555,0.06904132773519069,5.217494759867127,1831.0,0.004040200850925963,76,113
92.77113190991518,333.55337818075463,251.24809273219304,3.4439692575363976,0.03308755674726782,4.335664659607894,1485.0,0.005434558612283951,76,68
265.22459932362887,577.768563446552,499.7772093219201,3.3249158533042884,0.04921075945641951,9.369444815254347,4279.0,0.0014350938641328533,76,255
801.2605679251371,2174.6091481122944,455.46524678389363,3.3579480012294645,0.009280874969471662,8.193671348242036,2808.0,0.0023428471266259774,76,192
1383.6822636433512,792.6455611068409,386.12934039419747,3.4226940766749467,0.018945010856005515,6.566573140831375,2206.0,0.0028810922718241374,77,1
1569.9919933078395,2410.522586042065,310.44680249986976,3.4232572571406266,0.01982468528364701,5.379396075822313,1845.0,0.003644804054223748,77,4
1557.680724570367,933.5818857408268,399.37378452570476,3.334655257307803,0.0052993703607420424,7.679551639277371,2384.0,0.002611302607263832,77,22
1105.020233463035,2257.5922178988326,381.3806321341612,3.4894504712690346,0.02455913133211693,6.084282458171443,2815.0,0.0021286545196657317,77,227
1916.5844379639448,1093.3386797454932,279.8769930758864,3.3943296862691485,0.07125512926950604,4.971303959725447,1585.0,0.004504843027091583,77,210
2085.616648141287,574.0133382734346,300.39289673057425,3.4445447057933096,0.030897197517475265,5.268098225977713,1600.0,0.00444434109548038,77,236
2016.1137633316405,2135.5818520399525,219.14546634401654,3.425079037442882,0.05792295205735783,4.043821877687118,2291.0,0.002745632768585189,77,5
2008.901842870999,435.86954413191074,382.4936106326072,3.4279192604068274,0.06562456308292013,6.529473857549841,2613.0,0.0023305394719528656,77,25
1871.2090709393979,281.6252745832795,287.1113533157854,3.4089792727632524,0.06561372109085184,5.268098225977713,1768.0,0.0038632311656899274,77,41
1869.7756962657675,519.3583114774573,297.0539612352363,3.4438709737193736,0.033432307559338056,5.156800376133114,1748.0,0.003924316314110394,77,40
1869.552780511811,417.92913385826773,301.5429745123018,3.4366274841138846,0.03446836738778607,5.268098225977713,1765.0,0.0038722724221802434,77,42
1812.291582942621,2505.2812011609735,332.33537963597433,3.4487767649369943,0.051113628155231024,5.490693925666912,1975.0,0.0033271991030718595,77,45
978.7341772151899,743.0859534503879,363.4245790258991,3.4138765177911767,0.022105919556912112,5.972984608326843,2127.0,0.003019550073093201,77,152
418.6806392822094,73.69241553343615,264.62918764717625,3.4643039610677704,0.04401504381493257,4.266417577376317,1490.0,0.004929884114768835,77,53
395.95366239746727,970.2650741113829,515.6058390467483,3.4548669894107467,0.028314989616924035,8.087643755374236,3069.0,0.0019195648299868643,77,73
356.0905871938625,1243.0335398839381,377.18841312334797,3.427594155052172,0.04524411003058066,6.1955803080160425,2201.0,0.0028894779364710176,77,65
265.8010798967055,576.9235464433837,474.09174105471266,3.408617206072264,0.04506706635716047,8.198941605218835,4277.0,0.001308358911182851,77,255
171.80790077131542,2301.257869501772,355.9305238030294,3.3418434206894334,0.06388563580003694,6.640771707394441,2425.0,0.002556168359959656,77,74
123.84663519596003,2329.0144911625866,337.93737141148586,3.4785070041834723,0.01962513846055282,5.1938996594146465,1935.0,0.0034188658409828525,77,113
105.18426251097453,2029.8347234416156,338.0486692613304,3.5065941894496433,0.02617470054353533,5.305197509259246,2015.0,0.0032403195537998564,77,60
93.54233841684822,332.7689179375454,255.42856539335602,3.459234533601389,0.035841231803359005,4.340616143939383,1486.0,0.004949547265744143,77,68
801.9914031317163,2173.815858151673,483.3294625918144,3.3863290507079205,0.012238996825829466,8.161842321937302,2900.0,0.002053790825711615,77,192
1386.9846609726337,786.2095171692522,419.2184662732848,3.4902938200062548,0.019702168850609977,6.466939910264198,2300.0,0.002567389815206166,78,1
1106.9179996322853,2254.347122632837,397.4427816036946,3.4956438102439837,0.005918577035696003,6.284257991895153,3004.0,0.0018502578271944003,78,227
1557.8092839150775,933.5168225980568,406.1384409180612,3.3719974849491003,0.007666766050417099,7.453422269457042,2379.0,0.002460380035211341,78,22
1570.7965088474414,2410.6148971783837,305.59031304773873,3.444389806367941,0.031450509208145586,5.188166481680882,1831.0,0.003461056914000873,78,4
947.8195087578015,730.7746124421179,362.9524354156189,3.435944955476532,0.02301894654441928,6.138112457199917,2106.0,0.0028743923520655,78,152
2085.6348205625604,573.9643549951503,301.3520925415769,3.4167741066434716,0.026340491307800924,5.370848400049927,1594.0,0.004199788933383628,78,236
2019.5113678717853,2132.8486768542675,196.05423479365925,3.4812741165367713,0.05379334927828037,3.4709564490118576,2271.0,0.002609045456925226,78,5
2008.9158525969628,436.5161040719605,377.74967080351155,3.4041814720049537,0.034958159161444874,6.941912898023715,2535.0,0.0022732767255671995,78,25
1912.8569013404178,1095.0340538582298,302.55779320281255,3.48042987322013,0.018747161583478784,4.713193493921365,1672.0,0.0039241325180778604,78,210
1871.2473968630552,281.6765519968367,277.2015429331891,3.4333166338029186,0.03150006527686029,4.89587541229041,1743.0,0.0037029012466220264,78,41
1869.6347393874262,518.3459161740999,271.9768400678344,3.4039756128874843,0.050654489144332106,5.151630098007073,1671.0,0.003927437395130726,78,40
1867.9228687415425,419.67905031369173,297.0042628843936,3.4803279998927183,0.01613827329710118,4.786266261268983,1743.0,0.0037029012466220264,78,42
1834.5898628795298,2486.537708129285,298.42918184767217,3.3694339599668464,0.0677695799024118,5.6631394694404,1837.0,0.003445712813274253,78,45
417.0526463568721,74.56479011652394,260.2486609085417,3.4398830169897052,0.020996653136005808,4.6401207265737465,1488.0,0.004643026840920796,78,53
395.2154460352423,972.7265280837005,530.8005820130976,3.4540824501866227,0.024128944528117504,8.366831861302268,3087.0,0.0017912685052619561,78,73
388.25626929012344,1250.091049382716,378.809225930052,3.4298666649749188,0.038631420394416055,6.174648840873726,2186.0,0.002739315638962281,78,65
264.4222148431015,576.8874315125353,440.1172777347036,3.385983551200277,0.07593797091860241,7.855322489868941,4099.0,0.0012898646118550262,78,255
171.7430570277719,2301.301144795421,344.68424357871436,3.3520550495043753,0.10045532299128379,6.39386714291658,2413.0,0.0024170225401425327,78,74
122.12493210211841,2329.8588810429114,336.3174117174121,3.4952749979427784,0.06298698186815746,5.407384783723736,1941.0,0.003199822890988837,78,113
100.47811560307383,2024.117162267513,328.06018900713127,3.4441755868088078,0.05109441906982479,5.6266030857665905,1935.0,0.0032130509821613347,78,60
92.02265495736286,332.83085147002674,287.06636652511753,3.4872264591281166,0.023142770932663835,4.49397519187851,1582.0,0.0042456725431680425,78,68
801.204658646847,2173.2661864991187,476.8363433268816,3.388571253581995,0.021902478514580912,8.184149942933223,2827.0,0.001990011584436046,78,192
1379.7731768813032,783.9540341349883,394.57477224128115,3.419684155110488,0.04309751264183417,6.466557070284766,2202.0,0.0028459171971586365,79,1
1569.9205584978333,2410.6967982667306,317.894415029147,3.4554562855794186,0.019782344508236894,5.433438485091342,1844.0,0.0035946693671405038,79,4
1557.7840793253638,933.5216384023723,412.90306121563856,3.359281820418545,0.004499869996733488,7.844048517209332,2378.0,0.002581560072265444,79,22
1104.1313729425933,2255.240566037736,381.259021587677,3.4814413050946227,0.029484897198961697,6.083920557250165,2687.0,0.0022195794897875948,79,227
2086.2223981005145,574.3223849096426,290.07674053153147,3.404606700930768,0.0433269112009318,5.203856577270582,1564.0,0.004526004051663961,79,236
2016.966449386503,2135.659509202454,199.5832051988482,3.5152221565380404,0.050645447722428696,3.443728617311414,2194.0,0.0028592258644299815,79,5
2008.0739231664727,435.8222739619713,394.4217176360673,3.480808295105035,0.037885455107628516,6.351766116374386,2693.0,0.002213552705086608,79,25
1916.4209536601745,1097.8310275352585,284.8728839542609,3.444640379954473,0.05998766580948069,4.8212200642359795,1601.0,0.00437617861281272,79,210
1874.0714285714287,2458.308677590584,331.59280219578574,3.445765219221392,0.0535466249083256,5.509965787698262,1936.0,0.0033670200571912666,79,45
1869.6745433644144,519.1652829224678,299.56612605478955,3.4810950483980765,0.029485836291815743,4.78295641293252,1732.0,0.003917083167423641,79,40
1871.30837884641,281.49527108032504,287.2452303350754,3.394178484148493,0.07037104838298718,5.356911182484422,1771.0,0.003798449590904956,79,41
1866.2977016997845,418.81182666985876,319.6545429891062,3.454914996735235,0.026105350725113666,5.280383879877502,1811.0,0.003684013905264334,79,42
417.8388544891641,74.47012383900929,247.18318742035262,3.4724479458794058,0.04927324784146689,4.285528945987537,1489.0,0.004863525399575721,79,53
396.9323300676699,1245.2221997778001,378.84841155555904,3.431409072878338,0.0282713425477451,6.428293418981307,2205.0,0.00284095833272626,79,65
395.2163373246162,972.6579739954456,520.8830851940031,3.4226184708198457,0.030851353396374532,8.494530589368155,3075.0,0.0018872910935285236,79,73
171.67951251646903,2301.3211462450595,348.5053360719151,3.3573247291328148,0.10276894309867494,6.772666280712448,2435.0,0.0025061653966465596,79,74
125.4147771696638,2329.2514985665885,293.63526010275325,3.427323559476051,0.08370275632432514,5.242120228574041,1787.0,0.0037518326612151396,79,113
92.73513999101662,333.60907321455306,255.5629270558104,3.432753992067506,0.013136087558104137,4.4003198998979185,1488.0,0.004868366100761433,79,68
82.15512064939398,2016.7558100745023,344.1050161720172,3.5062334287189576,0.011157861776074977,5.356911182484422,2025.0,0.0031726490011064223,79,60
263.64864678741134,572.7165484470767,555.626480577545,3.376843409726675,0.030674282683659803,9.75723108238234,4528.0,0.0012093115780890478,79,255
928.9238716148445,685.1140421263791,381.4886034954978,3.422534327610318,0.01787321416874235,6.351766116374386,2041.0,0.0031400612800240907,79,152
800.4189920151111,2173.9359491714604,445.65674673140046,3.3703080809456694,0.028162922828658805,8.035366773726633,2715.0,0.0021917317476056923,79,192
1558.4910530947493,933.528209641146,397.8613645116097,3.310176728158738,0.012629363609492175,7.897316612482328,2368.0,0.002727930526322687,80,22
1383.9184314520214,789.4071334481711,383.93407708664085,3.4041751051792355,0.006963124609261552,6.730225487484939,2238.0,0.0029299843320633842,80,1
1105.898505325338,2256.843193412691,434.66363798652736,3.4951987884583073,0.008711339551792553,6.652419412485114,3023.0,0.0020245045022295677,80,227
1570.958628999866,2406.519212746017,290.5667870868498,3.4197766210925393,0.03872123160508678,5.057394874988683,1781.0,0.003961469198289669,80,4
2083.2614064734175,576.6009359157675,299.2810674868303,3.446853743333837,0.016131834108716468,5.290813099988161,1610.0,0.004562473894111394,80,236
2015.1156294927089,2136.6896693366193,189.41888958707614,3.482373536354714,0.05554196496364663,3.3067581874926004,2104.0,0.0031721719259313005,80,5
2007.2999796416939,436.54957247557,382.1834403991448,3.3816062139638934,0.04808542406647584,7.080352824984156,2613.0,0.002414173827891012,80,25
1917.4547244094488,1096.0112485939258,276.67840269938085,3.3977511917229744,0.06308716541390624,4.940685762488944,1592.0,0.0046365179018369425,80,210
1887.6030869619776,2447.4629188103904,310.01830583680623,3.4425350848269907,0.0643560815981402,5.524231324987638,1926.0,0.003563436798411391,80,45
1872.9360513822955,282.40407707344315,278.6235545743765,3.4367464140592348,0.038750486282635846,4.746170574989379,1744.0,0.004077693698282088,80,41
1868.9444657709532,518.3906589891235,304.0272380618197,3.4770612899877698,0.000877663795335426,4.785073612489292,1755.0,0.004042434264769615,80,40
1865.4653400962413,417.8607101053453,299.1254553368306,3.4469579418949796,0.04307459521893863,5.174103987488421,1762.0,0.004020312189582097,80,42
936.852815995249,652.0830446402059,393.03738786162046,3.455519020276867,0.013724811415945493,6.263389037485984,2122.0,0.003137336953896122,80,152
418.601710512071,1241.4629208617516,359.3473573866959,3.398491663722967,0.02201040670977568,6.380098149985723,2103.0,0.0031741298979994326,80,65
418.9399273540095,76.86853869796032,278.4679424243769,3.534150637996074,0.021220990204471175,4.201528049990598,1574.0,0.004713004864100644,80,53
396.12073772249624,970.2227464436343,544.2145915862822,3.469699729477838,0.038044705788461856,8.20854091248163,3171.0,0.0019130416949668697,80,73
170.97437238493723,2301.2232217573223,371.9130384991678,3.4068138712201574,0.0500545342295894,6.808031562484765,2534.0,0.0025071565286804245,80,74
124.5363186670138,2328.5299401197603,298.85313407433125,3.4010159745204054,0.04470037046834034,5.213007024988334,1817.0,0.003854573508175786,80,113
92.04264363087893,332.8398464280817,283.71985248686514,3.4974869040754606,0.029561903238961604,4.434946274990076,1583.0,0.004674448519117729,80,68
82.85657271139935,2016.4003492142679,311.924554674302,3.440184811756073,0.005603004665339461,5.602037399987464,1934.0,0.0035437917852785953,80,60
250.86628362496737,549.7797074954296,595.8389223486666,3.3887960052367245,0.04196748242364175,9.881371524977888,4763.0,0.001201483536858567,80,255
802.1818558066385,2174.53257180697,469.9875960364483,3.379875390086476,0.037235024290388385,8.403056099981196,2910.0,0.0021187593965714137,80,192
1373.2141422257935,781.2182603455203,379.00762213237397,3.4605769183003114,0.012401325183182441,6.167058536103313,2112.0,0.0032041000139653884,81,1
1558.515593895156,932.8269978196986,401.58210183551756,3.3525012133107106,0.009704467594265407,7.309106413159482,2329.0,0.0028275399946026602,81,22
1103.246418841726,2257.5536514632217,433.1787597674049,3.4226927346533014,0.029794879541719856,7.423311200865099,2797.0,0.0022557828990142177,81,227
1571.6041171813142,2410.6588809712325,288.4812937443883,3.4281256386782575,0.013103076580193275,5.253420234458377,1759.0,0.004090205827105954,81,4
2086.931801242236,570.6335403726708,306.44951367673866,3.409978051330977,0.06426392776392056,5.481829809869612,1608.0,0.004638995191482147,81,236
2016.8603372434018,2134.950513196481,207.7004405739486,3.4961751199286644,0.05593130781818375,3.578416681442663,2270.0,0.0029208725216074735,81,5
2009.742695289207,435.00655933214074,383.0428579646391,3.4574535848214354,0.06539007459781256,6.28126332380893,2607.0,0.0024575310524433958,81,25
1914.4797278911565,1094.751156462585,279.8017298787614,3.430614470653691,0.02670224343546045,4.910805871341527,1595.0,0.004693207346287015,81,210
1890.222529689842,2444.436181252162,330.16604125693846,3.4566879148895056,0.04468952830397034,5.5579663350066895,1947.0,0.003565113126708327,81,45
1870.573431154199,519.1349403904101,290.5750481856579,3.416577062047512,0.07056828394679686,5.405693284732533,1686.0,0.004338318598163652,81,40
1871.3072272602362,281.54204451772466,277.0608149738266,3.398369393835918,0.07818042230412907,5.101147184184222,1748.0,0.00412576089867556,81,41
1867.1787365177195,419.40677966101697,296.4756288837815,3.4294189343117476,0.04343746998806826,5.13921544675276,1750.0,0.004119250435289219,81,42
965.7821465310321,612.7327694593668,333.05922921214744,3.429348300100404,0.06343411223298574,5.672171122712306,1854.0,0.0038068730513924226,81,152
419.7262482168331,77.76990014265336,266.8585206054582,3.4380185382469257,0.05022296211225752,4.530123245656137,1504.0,0.005111331059395788,81,53
416.8054506481576,1240.5232213943043,372.9547683839763,3.434999891167704,0.02934802093676139,6.4335363740830855,2127.0,0.0031748730742414736,81,65
396.8720165521318,969.3871277617675,515.1777973400378,3.420233542848039,0.01296829298178786,8.603427340489807,3042.0,0.0020398488961740767,81,73
171.673758049678,2300.530013799448,331.0416112960149,3.359069613159775,0.09795038710517748,6.28126332380893,2329.0,0.0028275399946026602,81,74
125.44205529181792,2328.4738899748672,272.6448965158761,3.3910620564928853,0.07515704727082426,4.948874133910066,1727.0,0.004195384221127014,81,113
92.76255293405929,333.5632183908046,251.70735210317966,3.448611598900722,0.0207082733068341,4.339781932813442,1483.0,0.005218623449623386,81,68
78.12811346863468,1992.51360701107,330.12797299436994,3.434867744275492,0.0019188956033513822,5.672171122712306,1943.0,0.003574877719820999,81,60
250.84840571742717,544.8336311159978,553.969356897379,3.377387779527843,0.04464713358810157,9.707406954977436,4516.0,0.0012943937230290616,81,255
802.0126333059885,2173.9062346185397,464.05212071049,3.3732164186993843,0.023387701538315275,8.070471664530261,2728.0,0.002325101199155864,81,192
1372.6492024811696,790.6206247230838,351.74941850486346,3.42425475141231,0.007718310635962194,5.96119417714268,2097.0,0.0030333290674007377,82,1
1558.4913884345233,932.9063792937554,404.93262145780307,3.3438990315477226,0.02591384773626399,7.519676314957759,2404.0,0.002548510275898394,82,22
1103.2223145992684,2257.5989358164284,468.63557884099447,3.4343333889424676,0.015932508197819894,7.792410689075398,3054.0,0.00190414191048367,82,227
998.9617055673436,588.8565221784379,385.6074429488961,3.4350304470224575,0.029122947539700798,6.233928551260319,2050.0,0.0031243221430622236,82,152
1571.718671679198,2409.7085213032583,310.9171864941084,3.460174420104261,0.039079978619372506,5.298839268571271,1851.0,0.0035788824031527194,82,4
2087.953476350478,567.4967691910055,301.48836956032716,3.4146537787968247,0.03688990371061945,5.104029001344386,1590.0,0.004422848863793264,82,236
2015.8741141365163,2134.8795225662066,208.91453057411144,3.4920114513168925,0.052285595159245156,3.62347097042006,2207.0,0.002839762901994074,82,5
2009.6329679252945,435.81191636216,383.85415054385413,3.416734746754458,0.06306783184606052,6.506662925377958,2593.0,0.0023202079877833836,82,25
1910.5746657283603,1096.7190710767065,276.8253897294035,3.4408442084748727,0.0322153160248537,4.79233257378137,1596.0,0.004399001377889358,82,210
1888.5889275207276,2442.4699117411074,291.35823566452916,3.389488652351309,0.08477393637975182,5.493649535798156,1840.0,0.0036078978659285135,82,45
1872.0859501894965,281.54141851651326,287.8516508544452,3.4223737555037124,0.04499996033882393,5.142991054789763,1770.0,0.003804164615381167,82,41
1869.65112939026,418.83000391696044,298.41036733814235,3.482221273186156,0.0386908273149045,4.948180787562878,1767.0,0.003813054348131024,82,42
1865.5470886464896,521.5910278076509,253.60400587595885,3.3450835046980485,0.035941901858753435,5.104029001344386,1595.0,0.004402958084078782,82,40
416.8997143138607,1238.3226283124816,395.50380452402186,3.442978803889892,0.023661068232440068,6.584587032268711,2219.0,0.0028201307582152776,82,65
413.933893129771,77.59801526717557,255.2014500672193,3.437334312453841,0.017745700196334518,4.519598199663731,1496.0,0.004833348954164113,82,53
395.3444624777803,971.7291908184558,504.1300095297329,3.4521784616494826,0.017480621416247167,8.259955330419922,3071.0,0.0018916329775705363,82,73
251.64280771892058,544.52125778427,506.77942916401855,3.3879498290229035,0.0270346437025919,8.961272292436709,4279.0,0.0012896248474881513,82,255
170.8904078888391,2300.4436351411923,347.69736494654427,3.3746191909603973,0.07362459841832858,6.506662925377958,2427.0,0.002518354792614387,82,74
123.06472531506179,2331.5814266487214,318.43686280906616,3.440426562520043,0.040145928591257575,5.3767633754620245,1921.0,0.0034046407760789546,82,113
94.4669780927835,332.63273195876286,241.87642778890037,3.400391313139449,0.0615001031095025,4.285825878991469,1467.0,0.004975826535529469,82,68
77.0384481760278,1979.6774753908512,336.43733150083034,3.456755761367352,0.012174941466997713,5.610535696134287,2009.0,0.0032082771684920444,82,60
802.8389442073652,2173.940256045519,493.02582429780045,3.419211429009612,0.022633400300263833,8.065145063193038,2978.0,0.0019621488576235316,82,192
1378.5047619047618,782.2851127819549,377.88715037054664,3.413345473036056,0.043487736310036745,6.553832282115747,2200.0,0.002968343918455502,83,1
1036.254488601977,591.8683679644946,375.5762615311879,3.4226222918742257,0.004739425384099173,6.364415164135523,2045.0,0.0032628973608976627,83,152
1102.5577473751193,2256.867165128858,476.27040144947495,3.4184979016049026,0.041735780414359214,8.296469767533805,3065.0,0.0019739153024831858,83,227
1558.490327312735,932.8559640597781,413.1945011620604,3.357930092797355,0.02776000693088652,7.349384177632687,2419.0,0.0026325658339127513,83,22
1568.4533831865879,2409.0320829815464,314.09146503480724,3.481761497962456,0.04730664287936463,5.114262185466045,1838.0,0.0037613610868550817,83,4
2087.578081498355,571.7744874715262,299.3548132559458,3.4178725393905665,0.08963334484846586,5.2657958798502245,1587.0,0.004616523425922881,83,236
2016.9862838332115,2134.0967446964155,207.14656022317286,3.4445126149213907,0.05484698278167927,3.6746920888163435,2196.0,0.002975275241360529,83,5
2008.1045408678103,436.5465186680121,375.42472783680375,3.4063216590931136,0.04446577220140609,6.553832282115747,2606.0,0.002400682104603004,83,25
1913.6502739202447,1095.9970696904065,297.34699180535546,3.464175171532143,0.0616043486983806,4.811194796697687,1661.0,0.00432652179936713,83,210
1880.3768464445209,2448.483797091492,330.835938264259,3.4182474216626937,0.044167218376147004,5.6446301158106715,1958.0,0.0034553526340631454,83,45
1869.6640270024666,518.3463585615993,291.8160119603329,3.4526902138910165,0.05874595113064877,4.924845067485821,1731.0,0.004083848849105326,83,40
1871.2945904567491,281.7107680530748,296.930274145799,3.4261799214722464,0.06390470779241134,5.227912456254179,1831.0,0.003780893336522658,83,41
1866.2264450690457,418.773432726384,310.0000552864344,3.4899517078511737,0.007899975329836053,4.8869616438897765,1786.0,0.003911468802437344,83,42
420.5337797619048,76.59880952380952,254.57660656542092,3.432620996376079,0.05793953097617058,4.470243984333284,1496.0,0.005031234642903124,83,53
416.3334614645397,1238.0277724389775,394.21490594044195,3.435786946699365,0.05803478343436896,6.553832282115747,2209.0,0.002952865904760373,83,65
396.07665830046614,969.3751882395123,528.2843420468445,3.452209190776336,0.01702480119898512,8.523770309110075,3089.0,0.0019557365165973266,83,73
250.8747706085297,544.6834030683403,516.085879648918,3.378201296417834,0.051195647190457196,9.20567193383888,4381.0,0.0013075041532691518,83,255
171.70733825445072,2301.237299174989,348.9820981667645,3.358710750731257,0.11368213435202928,6.553832282115747,2436.0,0.0026096505473871172,83,74
123.04398826979472,2327.5422776148584,310.03793871003046,3.393938302960305,0.037488242302592796,5.530979845022538,1844.0,0.0037447790737904596,83,113
93.86571278550801,331.1442635862431,288.5959209546691,3.509878045749696,0.017665097555993655,4.394477137141195,1580.0,0.004645981567168989,83,68
77.9061320754717,1976.5043632075472,321.25143209445974,3.453549582238705,0.022656812013446135,5.6446301158106715,1952.0,0.0034694656878572388,83,60
802.0478571978149,2174.01200276987,492.370856477794,3.3824697770595673,0.01115286408898249,8.48588688551403,2913.0,0.0020973864045185885,83,192
1364.0357760582613,791.6182976786527,396.1300813468651,3.434702020548367,0.004464783646151409,6.454918940472358,2274.0,0.002641090309412489,84,1
1103.2657716072927,2257.6645815851707,472.72364464051475,3.442331373047548,0.02301521077986456,7.8973589271700915,3091.0,0.0018135359477362944,84,227
1558.4577901645239,933.5650454014204,401.1064993009723,3.319036438022592,0.023955293033364203,7.7531149285003185,2363.0,0.0025160204997690693,84,22
1083.1732522796353,611.875,379.6502044988435,3.429987992570722,0.010612081945492909,6.310674941802585,2040.0,0.0030381684860496853,84,152
1569.2956452710366,2410.648673168519,317.9858950675154,3.441719018554005,0.017938081646527243,5.300966951114171,1845.0,0.003473338121342587,84,4
2084.5610821302926,573.0955962634963,297.2508202587355,3.374839646893153,0.029525864383761563,5.697637947456048,1607.0,0.004209184255110666,84,236
2018.7099751508697,2133.95101171459,203.16767212637578,3.4873878956029967,0.07819129731666598,3.6421609664117773,2284.0,0.0026264208998989826,84,5
2007.3241646489105,436.5638740920097,372.3298215663525,3.4088902428284973,0.03889091730498924,6.599162939142132,2578.0,0.0022577400001689086,84,25
1916.7425480769232,1097.0782451923078,300.0275172331286,3.453868371951837,0.05821035140854331,4.796112955769964,1650.0,0.004054011171994969,84,210
1882.008728691723,2448.22550831793,351.1620147615632,3.4654205305686334,0.027591966769408456,5.589454948453718,2021.0,0.0030757156109823673,84,45
1872.2120535714287,282.4258140756302,274.6405734672485,3.401024005459868,0.046175486979101475,5.012478953774624,1736.0,0.0037756311838557854,84,41
1869.6542187101709,518.3778995666581,282.93460339076046,3.4139582429384148,0.020184569903352278,4.940356954439737,1715.0,0.0038400195416646923,84,40
1865.4641070535267,418.7463731865933,288.34375334087696,3.4527649489787815,0.0643410819831019,5.156722952444397,1751.0,0.0037309458685591294,84,42
416.83574834065627,1240.5758623913246,385.7445134426414,3.456428937542395,0.03353895273311643,6.274613942135141,2210.0,0.002738998745663295,84,65
411.22771403353926,73.49249779346867,245.14267573927984,3.460065115444876,0.02876150216724671,4.327319960093201,1488.0,0.004707879583452323,84,53
397.5505757429497,970.9729021581742,522.9926781769308,3.441706312712275,0.049551201472424894,8.29402992351197,3068.0,0.0018296755618631626,84,73
250.86425615629875,544.7380774709992,531.5751960977823,3.409325312167638,0.020424308690599313,9.123432915863166,4457.0,0.0011900684058994818,84,255
171.73479194356406,2301.3522134751047,352.71263774726333,3.383551448834694,0.10005740233659287,6.418857940804915,2417.0,0.0024457481109508524,84,74
123.80794912559618,2329.1167991520933,340.23553186232795,3.4563214437648173,0.024391215527195108,5.445210949783944,1948.0,0.0032290386191520188,84,113
105.55828220858896,335.9619353039598,258.62948961490366,3.446325751053708,0.0548617870939967,4.399441959428088,1492.0,0.004689205056166433,84,68
78.7053439932674,1978.038291605302,342.7958628387164,3.465513424409319,0.021294546306064158,5.481271949451388,2026.0,0.003065745103133412,84,60
801.2376454586671,2173.8722986247544,477.2312695989452,3.386348595201216,0.029613559370743982,8.257968923844524,2897.0,0.001959315759587434,84,192
1363.170494615458,793.0049556847422,395.76465716528656,3.509432362302363,0.017550788632964807,5.997005669425385,2209.0,0.0027558526829735788,85,1
1558.5470701248798,933.6614793467819,392.63414477181294,3.315364633233701,0.023592626367191474,7.958290542445008,2307.0,0.0026077491704531146,85,22
1571.7735779364689,2409.9043339079044,306.3376103589495,3.4628574087225346,0.013173764938449708,4.903212182549057,1830.0,0.0035315173781036747,85,4
1120.0522592905406,646.1108530405405,357.255583023882,3.4419197630690643,0.01722445960923584,5.695269535114674,1945.0,0.003253644148183835,85,152
1104.9354895412198,2258.402619089471,429.144217023409,3.3788059664894035,0.02352609172894956,7.392535290612424,2862.0,0.0019992678504453416,85,227
2087.594447468699,572.5366086009799,277.14463936438824,3.343902225000714,0.07618250306434833,5.46896743438164,1520.0,0.004587688953929193,85,236
2017.6140952380952,2134.755238095238,198.0143381414042,3.446378361341629,0.06204973315999514,3.7717016788838897,2208.0,0.0027574506993419245,85,5
2009.6679462571976,434.137892716436,373.36074919271624,3.4527682000471587,0.07037039836824666,6.2610247869472575,2629.0,0.002216382475978171,85,25
1910.5585460599334,1096.9352108768035,271.8642570139508,3.441016388319545,0.043576285329546646,4.714627098604862,1586.0,0.004313063242107522,85,210
1879.4117375763865,2448.5061685691226,327.1196866095998,3.3831569845085023,0.08390919375133456,5.959288652636546,1927.0,0.003294214795750774,85,45
1874.6787270566485,281.6944407764426,285.63096814187696,3.4655688856294833,0.051604030832675576,4.752344115393702,1764.0,0.003713533606330265,85,41
1870.452141948254,519.4486073801781,266.7724597474575,3.38374621417777,0.05571298065976634,5.054080249704413,1659.0,0.00404522716801471,85,40
1865.4560733384262,418.65431627196335,296.2294498595407,3.435553856808288,0.057975895269169096,4.978646216126735,1736.0,0.0037965476782526224,85,42
416.1449995223995,1238.939726812494,394.8594487623544,3.451989117331677,0.02781502928905104,6.600477938046807,2214.0,0.0027478903036557757,85,65
396.7405381431106,79.68021880544057,255.1179015597063,3.473776050252705,0.016232225296194218,4.375173947505313,1468.0,0.004829993359857739,85,53
395.98722816706936,971.8715222644115,546.3309881863314,3.4709703952906983,0.009838493935367301,8.22230965996688,3165.0,0.001773361538871282,85,73
251.64308462238398,545.4024112829845,497.4120174112074,3.3156644241009086,0.030754271969037728,9.61783928115392,4286.0,0.0012505701505722612,85,255
171.7730488613752,2301.3227946053503,341.18813387183667,3.3861084905398333,0.08754444907766139,6.298741803736096,2429.0,0.0024442241732451843,85,74
122.14769775678866,2330.702833530106,319.4631322014655,3.4838470234274963,0.032527273892988394,5.167231300070929,1922.0,0.0033056646029578,85,113
115.22307896835947,331.18984312682795,283.7074002856462,3.4900626199538523,0.018672902464065267,4.714627098604862,1590.0,0.004297472156436033,85,68
78.64380654529208,1978.9136602256226,337.68045131047467,3.4776174745725985,0.021780962199891955,5.393533400803962,2014.0,0.0031069635184682097,85,60
802.0558060879368,2173.936704783379,468.36991448380144,3.4076997312744477,0.019780338567038102,7.958290542445008,2820.0,0.0020352051916791183,85,192
1370.9827699018538,799.7817884405671,327.80316503173106,3.4657539413061897,0.006642900519860324,5.3621019361788065,1933.0,0.0034093727235745366,86,1
1124.0461538461539,666.5068550497122,341.56589333459,3.4119560768004766,0.028291354873113662,5.898312129796687,1927.0,0.003423540044583351,86,152
1105.776188720973,2257.727681533358,484.91275176177004,3.4599706613663166,0.02074246376425243,7.935910865544634,3221.0,0.001805491148066662,86,227
1558.5080718302195,933.5334663522583,394.1502396553835,3.3229355939235488,0.0375036231976761,7.614184749373905,2352.0,0.002645006021156124,86,22
1569.2256631997195,2410.657239686806,305.8900417858803,3.4547780551782306,0.011413879049274976,5.07612316624927,1836.0,0.003653816834378769,86,4
2085.3452825782347,571.6105791686128,306.14027320956865,3.4695243553959467,0.033387708773557116,5.183365204972846,1609.0,0.004390484621558618,86,236
2018.4849474066013,2134.920021762786,197.11086717393292,3.4705612034801985,0.06684870927232657,3.7534713553251646,2203.0,0.00287415028845644,86,5
2009.5606796116506,434.12817401045555,382.92557293564914,3.4096823213441647,0.08845721978901518,6.506017015896952,2667.0,0.0022634978119296795,86,25
1880.2344423906347,2448.3157732593963,348.1076576967281,3.4166121901792925,0.058948747190988936,6.0413015147614555,2010.0,0.0032374418861683936,86,45
1869.8489730660435,520.2999631041693,290.6616722871325,3.4609581707736714,0.0029591967444031744,4.790144396319734,1740.0,0.00393288883525077,86,40
1868.8875609190068,418.0582501740543,308.070629906593,3.5112622568447573,0.03627953712340463,4.754397050078541,1833.0,0.0036619370112035633,86,42
1869.5174903522968,279.8046806921449,287.1584323554957,3.4400848813709484,0.1116114765044782,5.290607243696423,1764.0,0.0038591991514370107,86,41
1916.0007911392406,1099.4322257383967,271.10787389320046,3.456404194796365,0.024081128384548137,4.718649703837349,1581.0,0.0045024558767893935,86,210
415.35996240601503,1239.9002819548873,380.35176400628336,3.441358907149841,0.028344090227946803,6.327280284690992,2194.0,0.0028892694118819594,86,65
396.008231292517,970.2809523809524,525.485989745523,3.444141234551425,0.01209519809988006,8.40062636668013,3084.0,0.0019005936158495614,86,73
391.98756007916313,76.49858637263218,252.8767273101925,3.4254242425084853,0.04033136595123239,4.396923587666621,1479.0,0.00496359569748224,86,53
123.0578879030513,2328.0924042415063,330.37697396109684,3.4604920762926765,0.031886086810089295,5.469343974902382,1939.0,0.003395322173985289,86,113
115.9707145646232,331.16569048548746,274.64686117107846,3.485975322485554,0.020773473692153377,4.396923587666621,1576.0,0.004523054485071389,86,68
78.70832897899467,1979.698401086843,342.0663561819667,3.450120821316324,0.02669786970877194,5.683828052349535,2024.0,0.0032080278423186662,86,60
171.88529470132963,2301.252629489978,360.2617554187334,3.3749600337207175,0.08535668872886075,6.506017015896952,2465.0,0.0024941985948268167,86,74
251.66439309576836,544.862263363029,513.6178707934473,3.39492899381581,0.02259775674785299,9.11557329150397,4386.0,0.0012665596849449465,86,255
802.088927260954,2173.894596733578,496.8523654063282,3.388177495995465,0.01648683678645971,8.686605136609666,2925.0,0.0020243472593606854,86,192
1372.0384509750068,796.6018950837682,279.3906360189239,3.461781764560493,0.00969903106128086,4.719177180764575,1748.0,0.00397512111336679,87,1
1558.5297088805216,932.9422352833134,417.78146602719886,3.35378365696208,0.030019356572822276,7.558356948053832,2413.0,0.002605497646858721,87,22
1103.2119256582343,2255.3637067630357,445.90469264102353,3.4302048456446164,0.026684470965276666,7.558356948053832,2881.0,0.0020970145931532144,87,227
1124.0176488801733,667.9933945711632,371.74071304412985,3.4449656331287137,0.015654078488313468,5.716726828731071,1941.0,0.0034489436261709674,87,152
1568.4057989858277,2410.6818359121053,295.0828593273199,3.427462191549699,0.045923545660606045,5.371421181358053,1768.0,0.003913254415323872,87,4
2086.9519043286105,572.4553490185883,295.159593915625,3.385535176842942,0.04719433234600777,5.639992240425956,1600.0,0.004501787448973932,87,236
2016.674213353799,2135.817728319263,199.9703371231298,3.465818175478867,0.06831801932083004,3.5681583561878494,2193.0,0.002940696098688471,87,5
2007.2855987872663,436.68024254674077,379.6443756395567,3.4407715035535995,0.03621261483207963,6.484072711782221,2607.0,0.002367525776538289,87,25
1915.9506520071593,1095.8889030938378,300.10897486130494,3.5211128560916185,0.01814999446563537,4.412238827544115,1664.0,0.004257841854508099,87,210
1878.5210749971288,2450.126564832893,334.06403018631835,3.4245044843878523,0.04869921471914923,5.793461417036186,1973.0,0.003374875338913936,87,45
1874.7190839694656,281.77150127226463,301.56693203910214,3.4431035174767937,0.04582653342094143,5.217952004747823,1836.0,0.003716588125717825,87,41
1871.5208391219783,521.4188663517643,276.16778331010903,3.3770633428082544,0.06500241270896664,5.141217416442708,1665.0,0.004254239802443466,87,40
1868.8340105162524,417.14483747609944,321.05751746860136,3.461323451837594,0.055700922728873344,5.294686593052938,1846.0,0.0036893216225474213,87,42
801.4475171232876,2174.6207191780823,448.12999570187185,3.358145382641869,0.03616791932856778,8.248968242799867,2738.0,0.002229992465036951,87,192
416.8934612721337,1238.2902364229894,387.85497658820395,3.4352395129634647,0.03132339268397229,6.484072711782221,2209.0,0.0029134368283654983,87,65
396.763247073321,970.3626001232286,498.16094727680684,3.4409909876665923,0.03457922269202762,8.095499066189637,3021.0,0.0019813427662821854,87,73
374.12906192519927,84.5801655426119,250.30822705128526,3.4731827133966973,0.003906276092319391,4.297136945086442,1489.0,0.004998475897476633,87,53
250.9231573444851,543.9826189231574,587.1730697107403,3.452708657367537,0.01653465995847501,9.323252479071478,4810.0,0.00116216712151544,87,255
171.74842562432138,2301.317372421281,353.3627791450548,3.374587279224402,0.10796471386408202,6.752643770850124,2441.0,0.0025682393748259276,87,74
122.0928422031141,2328.2859632814316,330.18893347691005,3.4465811585609094,0.0342121737437175,5.25631929890038,1913.0,0.0035164725535951733,87,113
116.1511205330103,334.6084191399152,253.37761058348988,3.4692558161118185,0.005988504624367211,4.373871533391557,1493.0,0.004978681130294143,87,68
75.31462002127408,1969.7215459165584,324.6256758247892,3.4747982538694187,0.03360320047446234,5.40978847551061,2004.0,0.003306093613104712,87,60
1372.5511934673366,763.4126884422111,367.5082705837273,3.4215147203504093,0.009766383759320154,6.309815365968517,2125.0,0.002934861896537214,88,1
1557.9060659874754,933.5230395364052,411.6385036615681,3.3564175597510477,0.010688399926590953,7.925743691399479,2392.0,0.0025243332890144267,88,22
1124.6296089385476,667.3174301675978,344.3466312525502,3.4555760137193015,0.021221029891359367,5.694223622947199,1868.0,0.0034795407589876424,88,152
1105.8313801534441,2257.6623387572718,456.34585399849135,3.466692662128878,0.009694981726940555,7.117779528683998,2983.0,0.0019275279915487282,88,227
1570.0729314573384,2411.5044533367754,298.0618270741348,3.399823076817304,0.03152156128130328,5.271004299620042,1773.0,0.0037358300407347848,88,4
2085.8915540540543,570.0263513513513,341.6534173768319,3.4418103606326946,0.04907748683630605,5.540325687191869,1692.0,0.003986167274397397,88,236
2016.7724829810104,2134.821748477248,214.76456934656258,3.4520049579954373,0.09407609826315765,3.732024942066745,2277.0,0.0026861695186536404,88,5
2009.6739367502726,435.0460989392287,388.0921194910026,3.4200639633830545,0.0631277426885009,6.540662269601512,2680.0,0.0021933904879070263,88,25
1877.3612429378531,2447.5109604519776,340.4991828586669,3.3646047274161957,0.05852443527122774,6.271340882029685,1970.0,0.0032408278717560384,88,45
1872.1589009875918,281.64510002532285,303.87147414889847,3.4383843161425487,0.0444698284367365,5.232529815681209,1838.0,0.0035565911644768766,88,41
1869.517539334537,417.20389476399276,298.3311484617066,3.3953267128852853,0.050822988431752945,5.463376719314204,1769.0,0.003747452043802829,88,42
1913.0179752839845,1093.0750218449632,308.2190908339865,3.4881077275023835,0.028174844078649192,4.732361524476388,1675.0,0.00404302754754961,88,210
1871.5315645013723,522.2202326493269,294.3682766160069,3.4038312503355224,0.04214910877977719,5.271004299620042,1751.0,0.0038006586123763364,88,40
415.30806293018685,1239.904424778761,391.28550165792575,3.4308880945042226,0.04639264093721796,6.502187785662679,2203.0,0.002801752170365174,88,65
395.21174284652545,973.5988851727982,517.6741813969902,3.4503001016617834,0.02377760806887301,8.425911982604301,3081.0,0.0018548128803056447,88,73
364.4479215319944,80.03285069282266,247.12161033912065,3.492836467071943,0.048071800565210536,4.001346329638572,1469.0,0.004887906782069364,88,53
250.82271448663855,544.868846694796,547.1071616101971,3.393673273034234,0.006625155347951865,9.272350629258614,4547.0,0.001185692806610672,88,255
172.51473998012588,2302.1553494534614,348.46340103400524,3.3909777740180322,0.08803669808046653,6.425238817785014,2433.0,0.0024712515303730196,88,74
124.54649165848872,2328.3256869479883,313.6439930693619,3.423852715733881,0.02935082419462083,5.540325687191869,1850.0,0.0035253651113689253,88,113
118.44505078065788,332.8747915719266,253.8161705444775,3.4251785077000627,0.039065240587793246,4.347616685088064,1492.0,0.004776463218932034,88,68
80.18785327720987,1954.0093806374023,319.9153339513916,3.437860023239261,0.030957083387109147,5.463376719314204,2095.0,0.002989488424926994,88,60
802.8588312541037,2174.0446487196323,468.77311231073423,3.3844784947683704,0.012894241608656319,8.156590595032474,2823.0,0.002059337261426461,88,192
1354.5923496164714,762.5894226887364,362.7988320950806,3.4199272362392112,0.03086315021408286,6.2980822689093525,2115.0,0.0031460010864528603,89,1
1123.9663809417789,669.4372703996438,328.92833152100417,3.4331613573010955,0.022630448302849396,5.602363878739133,1857.0,0.003736705408028255,89,152
1104.9224739358783,2257.6965587520576,467.1199738632361,3.478508806442891,0.0029631340469205183,7.3599682328533715,2981.0,0.0020553837576586438,89,227
1557.8760270072398,932.9860082974051,450.1297984401318,3.3946234902695505,0.017639395314705125,8.055686623023592,2493.0,0.0025543852627420115,89,22
1569.2380527590162,2407.386134828597,287.33169514030055,3.4248843859639,0.037017150421171124,5.272813062342714,1764.0,0.004007973936267896,89,4
2085.9070875521143,570.6144133412746,307.39767818310474,3.432406955828937,0.05242671593245581,5.492513606606994,1614.0,0.004539503210720697,89,236
2016.9635196492877,2134.9343979959294,233.8712293693258,3.4987752000411136,0.03586254865220315,3.844759524624896,2358.0,0.002738294269697083,89,5
2008.105515813253,436.6746046686747,389.0164303772847,3.417183940664791,0.03418112801753977,6.737483357437912,2655.0,0.0023638708351279773,89,25
1915.937737384699,1097.4286489419426,269.93873538604504,3.443974504938646,0.031425093192828775,4.796795216436775,1588.0,0.004646308417054984,89,210
1876.4612664738027,2448.3212257580626,341.7441966030872,3.4008747086426365,0.03633498339354211,5.9319146951355535,2004.0,0.003375580549711328,89,45
1871.4725872826232,521.3727598566309,275.8340333238032,3.3939725272113335,0.09267514311786132,5.309429819720094,1676.0,0.004303599599629043,89,40
1872.0814892869687,281.62393162393164,312.7437247602022,3.422584549979187,0.03887444048081815,5.455896849229614,1850.0,0.0037558390032287575,89,41
1868.6994877632328,417.28628343767787,321.6782135602829,3.4466913518475075,0.045594858297851835,5.455896849229614,1839.0,0.0037863051817071764,89,42
415.330170596128,1239.938757906843,382.0592464755825,3.428421389234166,0.05995331944783328,6.444549298418873,2199.0,0.0029920071924962616,89,65
395.89684794372295,971.9656385281386,541.3421410671853,3.475028808002923,0.03508715195730163,8.23877040991049,3160.0,0.0019179522073672906,89,73
367.98970792767733,83.7287899860918,263.2744855433619,3.485595233347833,0.0077087933367822195,4.540477914795114,1509.0,0.005004041177562607,89,53
251.6411706489467,544.7698289269051,517.9806498604169,3.372215378882579,0.027120191191843963,9.080955829590229,4356.0,0.0013256903455933007,89,255
170.05783720683434,2300.4879550037144,345.0397047670513,3.37916596250372,0.10407741753224903,6.444549298418873,2441.0,0.0026222215128863017,89,74
124.5309103657824,2328.312258969265,313.3295928782403,3.3911736068348595,0.04381956085254369,5.602363878739133,1847.0,0.0037640992305575014,89,113
116.9901282051282,331.12461538461537,285.61070754356365,3.455857161103265,0.016789701875988217,4.760178459059395,1594.0,0.004621217392390357,89,68
76.13292825924742,1955.700671570195,343.5018009572014,3.4625472642535966,0.03449344812107591,5.675597393493893,2085.0,0.003204912440551325,89,60
802.0333746321821,2173.9686386866965,472.8688047714848,3.366470977015747,0.00576740108120735,8.45847095417477,2827.0,0.0021904178151408325,89,192
1558.4849829036134,933.1171795582663,421.9184284056676,3.401226152459123,0.03945549708852452,7.2522712950239505,2441.0,0.0026998904302399833,90,22
1322.1982387876305,778.6322957198444,380.78323369464465,3.469521488181431,0.01095223761413069,6.160531530181636,2200.0,0.0030787603619146964,90,1
1124.7789175032738,667.9304888694893,357.3108287505349,3.4413303032088476,0.0357854583876658,6.043559412519959,1945.0,0.0036156042690521405,90,152
1105.8746318889357,2257.712831299958,463.40453946967557,3.481074500821441,0.01881860416349162,7.213280589136725,3056.0,0.0020546628817622752,90,227
1569.2702963473466,2411.407856650586,282.8775712118213,3.424463013838747,0.01536791907082516,5.341726706549899,1765.0,0.004123094591723224,90,4
2086.0201413427562,569.8047114252062,331.03109298254486,3.4341697381378196,0.06043172585738759,5.458698824211576,1691.0,0.004375583352347948,90,236
2017.0878580214373,2134.042523282376,221.89610720420058,3.504797525278713,0.03438145909153048,3.743107765173652,2372.0,0.0027984888329716565,90,5
2009.6844756073474,435.10576733162156,394.81988781404584,3.4405305756397384,0.05014791948347492,6.511447883166666,2719.0,0.0023642763015030727,90,25
1915.7073554477513,1093.9548970761768,297.3821138018692,3.4621329021764176,0.05661458631308394,4.795856824128742,1655.0,0.004509940362879542,90,210
1878.0420891941992,2447.350343473994,357.58376369174545,3.421837801473383,0.0315836550261421,6.160531530181636,2038.0,0.003399422037486581,90,45
1871.683680233329,521.2583852578549,294.10689450734225,3.395433294059546,0.03705035525046545,5.2247545888882225,1724.0,0.0042592682870226176,90,40
1872.1412183544303,281.72507911392404,295.70551344871853,3.4496835297888127,0.036148074023362266,5.107782471226546,1842.0,0.003889552719730568,90,41
1865.4762149652868,418.74530727693497,303.26971039084026,3.422788272407004,0.0718103604318042,5.302736000662674,1781.0,0.004072286523921154,90,42
416.04254032258063,1240.691129032258,386.78780240127736,3.454864499467008,0.046125464991153386,6.2385129419560865,2203.0,0.003073391699127299,90,65
397.48931211828994,971.1284956605593,485.2003440606347,3.4450734417374855,0.04787946954649639,8.071076118655688,2986.0,0.0021121151634089755,90,73
358.9436556568525,80.6351815872067,260.8868130914261,3.4959677436731975,0.025032030194666356,4.366959059369261,1496.0,0.00521753468468944,90,53
250.84538569800952,544.796059245359,581.7803225432923,3.3914268413713375,0.019991871938200872,9.942630001242513,4705.0,0.0012522438626922335,90,255
171.72561310898493,2301.3905201803586,354.54248863254185,3.3886101846972188,0.1161488908918153,6.589429294941117,2446.0,0.002693014903558339,90,74
123.7544547398432,2328.300427655025,328.2237621586646,3.4748869951936054,0.015034535732507067,5.41970811832435,1926.0,0.0036631975786087963,90,113
118.70090540118639,333.52294723696536,249.77446191356682,3.404006748220315,0.04178981180923272,4.639894000579839,1474.0,0.005333315437036816,90,68
49.107541899441344,1957.064030941126,362.9254903982953,3.5038041822159722,0.0347757811757833,5.341726706549899,2098.0,0.003273159482446927,90,60
802.8028543783261,2173.949524270279,483.5627344133712,3.3808061204673727,0.023609417002066833,8.421992471640717,2901.0,0.0021863499152799362,90,192
1326.9187140616832,778.9457222512633,433.5267352685188,3.4949245055052396,0.011939825059667923,6.496480089404534,2380.0,0.002567480991553724,91,1
1124.6925232597243,666.5103687927362,336.9482492882433,3.428518049557518,0.015553580887869978,6.1187777586252,1953.0,0.0033133966572587888,91,152
1102.4516654450688,2257.7257105627496,463.7806919639434,3.415113742339588,0.037310636216035316,8.0450596455998,3058.0,0.001891396815973245,91,227
1558.524812935409,933.8674636621656,439.15449999713087,3.3639629408244147,0.01858318393324837,7.8562084802101335,2500.0,0.002414712066796109,91,22
1570.9617298578198,2407.33163507109,318.78076717775735,3.4995598910833947,0.00946251388799666,5.023440999365134,1856.0,0.003547523744165343,91,4
2086.0494736842106,570.6240935672514,322.93549281633,3.3997419922745737,0.04803258492530822,5.5522242624562,1664.0,0.0041243781339315375,91,236
2017.7810048405943,2133.858454348189,226.2814663698986,3.4286489248937784,0.053203242102194584,4.3058065708844,2383.0,0.0025634265545483935,91,5
2008.1632280971116,436.71902888398427,393.60359890514326,3.43283814050084,0.05108847840666548,6.5720205555604,2670.0,0.0022269906377929377,91,25
1913.6778826971672,1095.9723367469078,283.99438251298074,3.4980282478213622,0.03836120704509154,4.532427969352,1644.0,0.004195441758457276,91,210
1876.4503141726786,2447.5969280893646,324.59738307175905,3.3501013360891876,0.09337927075902791,6.307628924014867,1928.0,0.003370731521343892,91,45
1871.9561265301177,525.7248818325052,311.6421931260279,3.4448403767352285,0.05041982761796949,5.287832630910667,1772.0,0.0037787481834411166,91,40
1871.1952670053277,281.7267996530789,304.84355117199993,3.4095022710929204,0.041757211075192924,5.589994495534134,1847.0,0.0035709353386543584,91,41
1865.4221238938053,418.8194690265487,298.7625436464527,3.4427409478322883,0.05140584499623412,5.287832630910667,1764.0,0.0038023514100759873,91,42
415.3078324225865,1240.6135397692774,373.2454432761372,3.4074783525256005,0.04031637743637972,6.5720205555604,2195.0,0.002844964377138333,91,65
396.7305524239008,971.9713218714769,536.0351478420299,3.47223850678882,0.04559988486322154,8.3849917433012,3157.0,0.001821364901636932,91,73
347.93804774856454,81.64687216681777,249.9634025097628,3.4791830097353587,0.012239666297117398,4.041414939338867,1494.0,0.004818060832450326,91,53
171.64572389157385,2301.306156755621,359.4970784357695,3.3834883295052607,0.10904903845792425,6.5720205555604,2467.0,0.002454881058805675,91,74
124.53951501444905,2328.4090966201784,300.6132850672714,3.4257878091514686,0.04512271992210471,5.174521931676867,1827.0,0.003624083887385119,91,113
117.83693602205136,333.65921949804147,260.35021660619446,3.470356946962337,0.04927981428461259,4.343576803962334,1551.0,0.004560858490410515,91,68
50.68436741002429,1956.173769043939,342.12277121992014,3.4583124393611735,0.03183661516658721,5.476683796300334,2012.0,0.0031855212203901833,91,60
250.88013611229263,544.4251807741387,443.98908983110636,3.3442752497335553,0.02621292905144337,8.649383374846733,4026.0,0.0013746037120536303,91,255
802.821745286534,2173.9493255831285,506.8387576727874,3.389445003536627,0.006036746543442602,8.536072675612933,2997.0,0.0019372943429137553,91,192
1332.8528235184667,773.6996929946972,418.31345291729195,3.441198301913639,0.023928272474937923,7.160635904435922,2320.0,0.002642557870472276,92,1
1123.2864859025601,667.2540779950308,360.250035692192,3.463727380640348,0.02629762210037344,5.9542244205363914,2022.0,0.003154338924126101,92,152
1103.295943675494,2255.3555484438757,486.4173270083945,3.4350289596910697,0.04255030670521378,8.328130888854822,3143.0,0.0018248650641108496,92,227
1559.969681397739,935.1017471736897,454.389047935836,3.404700215292432,0.039338411746777574,7.900049394567892,2494.0,0.002413879821868572,92,22
2086.6831659493064,569.9679579148733,325.4976016559894,3.4051680979398307,0.07757876581464332,5.526142926249461,1684.0,0.004042286234535851,92,236
2015.8499910921075,2135.772136112596,218.43831158477624,3.4267941615375492,0.06733458840996712,4.125148944946781,2286.0,0.00269239783617394,92,5
2009.658281127643,434.1884299138606,397.5709586941162,3.433362730586551,0.08639061313649832,6.810387409110252,2733.0,0.0021574390060886306,92,25
1915.9250670241288,1098.6257372654156,290.3170861254999,3.455752479717317,0.020413741140883918,4.942395434040011,1679.0,0.004059189533590356,92,210
1873.631123174357,522.2891301538064,301.0969564816344,3.403481859545667,0.07456837962271905,5.253727429885052,1760.0,0.003801656857201416,92,40
1871.305919745729,281.72440736326314,293.8584875782372,3.447757942464039,0.05007466290223443,4.942395434040011,1847.0,0.003559124114535846,92,41
1866.3202952985364,419.64305141821006,300.47429248994433,3.436982408548814,0.06374774293996728,5.292643929365681,1768.0,0.003777983598318307,92,42
1569.2998881014546,2407.4533134402586,313.0054053227072,3.4003093524930925,0.05149806300924591,5.642892424691351,1839.0,0.0035801264000518643,92,4
1876.5563909774437,2448.3979088345864,331.25724357912264,3.3447896019335817,0.0695569462459114,6.343389415342692,1943.0,0.0033250529026909183,92,45
415.34328830730266,1240.7248839172646,368.77274907845,3.435376997050185,0.050200753305156165,6.226639916900802,2187.0,0.002848849052545985,92,65
396.03396363636364,972.7557090909091,535.1018678586627,3.4562828167108823,0.018486416829607263,8.367047388335452,3167.0,0.001808545575922729,92,73
344.7360760433685,81.78434575969108,262.0247910030819,3.4545918230085024,0.04700891555316785,4.397564441311191,1493.0,0.004806938697180581,92,53
251.67534614589792,544.913411861955,564.9508229603058,3.384541561510804,0.003950516934132189,9.923707367560652,4631.0,0.0011701906290442843,92,255
171.01312390203574,2301.2185594709103,376.5949654740566,3.4186995273953524,0.06187166693974344,6.654721411187731,2535.0,0.002365642445006485,92,74
124.5762086513995,2328.515521628499,305.8836859177519,3.400250701728565,0.0531319199639798,5.6039759252107215,1845.0,0.003564351550705858,92,113
118.57059656855029,333.65528096962066,247.23652120044247,3.4461977487287787,0.05892105200521761,4.2418984433886715,1488.0,0.0048308607356121365,92,68
48.31732319741995,1957.9191430545957,337.8730484908298,3.4806041041376266,0.028912958762072474,5.6039759252107215,2021.0,0.003156390247487404,92,60
802.1083836242049,2173.378078616865,477.1941166314852,3.3621343152540044,0.017949598922334116,8.289214389374193,2890.0,0.0020166999771388367,92,192
1374.5950436764147,760.6416635017091,377.03254461196326,3.4143110489867228,0.02386177602282092,6.515374394167994,2201.0,0.0027763278994951085,93,1
1124.8345676541232,668.7243795036029,357.70121399190435,3.4637115697284346,0.015192488610561763,5.692002904795116,1946.0,0.003260497345215441,93,152
1102.4335515837904,2257.5898955937,404.5975901257509,3.438837897810561,0.04107097859456284,7.1597520815032905,2784.0,0.0020726573036330548,93,227
1561.6673412598027,935.958512522135,424.53749967273757,3.3738202317853894,0.027396344049308432,7.66093472720852,2392.0,0.002498436543179225,93,22
2085.907321201862,569.1034701650444,338.3698833718455,3.422622703442891,0.06246302275060406,5.692002904795116,1698.0,0.003926440469835439,93,236
2008.0718149598956,436.6852266368215,383.8343090893914,3.4360548122823604,0.057493749909322024,6.3363805921304115,2654.0,0.002196812964725857,93,25
1915.9492612530066,1097.858664528691,312.5589771180261,3.476198171579879,0.023336510376990617,4.761235134199688,1684.0,0.003972240437527923,93,210
1877.3673556816964,2452.4254043054516,334.2530259249811,3.3771846942754187,0.041144958378823676,6.121588029685313,1940.0,0.003273931404718259,93,45
1873.5861570790648,521.5258733911216,272.57176174283023,3.357614479572238,0.05841178711625111,5.369814061127467,1682.0,0.003978870657478504,93,40
1870.470166453265,281.5340588988476,279.5883187827035,3.353042458125503,0.09840117132517383,5.584606623572566,1760.0,0.003735690622324082,93,41
1868.6541761703052,418.87194525904204,329.599187072004,3.4898260172247175,0.020640187465590275,5.298216540312435,1851.0,0.0034870494786975845,93,42
1571.589811104751,2410.674298797939,312.7021721596562,3.459074656811657,0.032298745023595254,5.441411581942501,1838.0,0.0035205237655054353,93,4
416.8917203311868,1238.3783808647654,389.1325256297038,3.449090916585697,0.03369654504994514,6.443776873352961,2216.0,0.002752286582230544,93,65
397.4818886539817,971.9819591261452,507.98441018265845,3.4429611785841403,0.040188623085247385,8.341111174951333,3076.0,0.0018391835732953412,93,73
338.0551202749141,83.72563573883161,260.4359819646822,3.5229049244237642,0.00807350695859602,4.152656207271908,1505.0,0.004668494987841231,93,53
171.8773224043716,2302.1218579234974,393.0703892745306,3.4169965187971387,0.06690314798406516,6.586971914983027,2593.0,0.0022603461245717825,93,74
122.98077740016993,2328.255734919286,337.0811279971749,3.4557064967490723,0.005425343966783246,5.54880786316505,1935.0,0.0032852113107046097,93,113
117.04741214057508,331.1574440894569,280.12530018881625,3.489408895628967,0.013760815599828575,4.510643811347073,1582.0,0.004341171510216428,93,68
51.59778101535358,1956.3112182001569,319.4323391162693,3.4480502849696135,0.04172644069531832,5.369814061127467,1940.0,0.003273931404718259,93,60
232.7901719380174,595.3102313733815,337.29592055962,3.4813083080294804,0.021460256374980384,5.620405383980083,4207.0,0.0012804964574426325,93,255
800.2879595588236,2175.270220588235,389.490513233779,3.371226103538069,0.01782359138135882,7.016557039873224,2540.0,0.002318607487681516,93,192
1393.9635109578373,745.8128824118367,409.07603449085235,3.486158125489291,0.015402496140112807,6.234666450689373,2282.0,0.002760375252999381,94,1
1125.6879112372596,668.0354792929944,352.73649386345494,3.382508300780796,0.039867638399069365,6.32568347916659,1946.0,0.003394482372530691,94,152
1104.0607905673141,2257.6313907412778,470.8765968268828,3.4653429162223843,0.011101147002397033,7.5089048493704125,3055.0,0.001930651965251997,94,227
1562.000724187875,936.7702255327954,439.88529863039037,3.3452610925552517,0.04529224146630848,8.191532562949542,2467.0,0.002502937880749484,94,22
2086.8628034455755,571.5331245105716,290.57186341351564,3.356336706078998,0.07111478811154129,5.415513194394419,1579.0,0.004531486290942483,94,236
2007.1622792022793,436.6365811965812,399.3372124437901,3.4038523508241108,0.04343173115653381,6.96280267850711,2675.0,0.002265396488254041,94,25
1569.9513513513514,2409.8516216216217,336.76300536570335,3.5224760947148863,0.019528807417942835,5.05144508048555,1936.0,0.003417849653548003,94,4
1916.817125382263,1096.8261467889909,297.6256831205,3.4716193156483723,0.0365449533010826,4.823902509292507,1667.0,0.0041945912213851,94,210
1875.5529961340205,281.76240335051546,282.51685639328196,3.3990883404806875,0.014580416070146655,5.278987651678593,1756.0,0.0039012550225211917,94,41
1875.4640685461582,2456.32504145937,329.29960903057156,3.416904291376767,0.06787506581972687,5.825089822541896,1940.0,0.0034084642412204463,94,45
1872.1574487752273,521.417655214913,295.39576592280815,3.459629177692632,0.03426332848138308,5.096953594724159,1754.0,0.003907395517482507,94,40
1869.5527216174185,419.696734059098,292.619746554253,3.445103812650323,0.030322702121516623,5.142462108962768,1760.0,0.003889031750134638,94,42
415.31121624740365,1239.9471497807524,394.37678439178177,3.4275495630822297,0.034601162620512736,6.4167005076438075,2259.0,0.0027961301067454987,94,65
396.74581637268204,973.5510628674808,503.09662490781767,3.4083330983446767,0.019279331112428882,8.419075134142584,3046.0,0.001937432355930879,94,73
340.4863258026159,83.48711850971065,229.6359628480188,3.3573648198388977,0.042068052377420645,4.687376966576682,1412.0,0.005346374839566876,94,53
223.0920470350234,597.1182197496523,359.9268391131551,3.4985501756652697,0.02043922378158484,5.597547251348853,4356.0,0.0012820602547744296,94,255
171.0980010384216,2304.6653686396676,350.59759369424035,3.4757168291786247,0.054761063602456625,5.643055765587461,2539.0,0.0024152720617795563,94,74
122.93821646568408,2327.5615602203366,305.6806901407337,3.3871126908514606,0.042548672034391215,5.370004680155811,1836.0,0.0036705249626856114,94,113
115.57215812369964,331.3351617174201,240.60351477952346,3.4253088451551807,0.05274460770106333,4.323308852667814,1472.0,0.005021914486202421,94,68
50.63265306122449,1955.416726131012,318.87815926993017,3.441285119110984,0.024330879436594646,5.4610217086330275,1951.0,0.00338291814254571,94,60
800.9960130482059,2174.5817325117796,376.67397235296306,3.37342090283032,0.01644208476684058,6.917294164268501,2528.0,0.002428265875866439,94,192
1385.712649341052,733.7121566695406,366.7060730597167,3.442093961351614,0.03318779552591217,6.142631597009665,2103.0,0.00319133731664827,95,1
1125.658080598255,668.709735493699,326.1466379559323,3.4483347176807997,0.03155181828373246,5.419969056184999,1858.0,0.003760060266880888,95,152
1103.2593090608193,2257.5939180802648,436.66884029330475,3.416583834362618,0.008789897675980787,7.316958225849748,2863.0,0.002172167157682521,95,227
1566.3089778468714,938.0115623785464,464.85267938546673,3.3835781142206596,0.053409367954468885,8.17511999307904,2589.0,0.0024548032711820046,95,22
1569.214883579364,2411.515751027241,296.7884722349302,3.3939798278243476,0.02435443628151406,5.46513546498654,1766.0,0.004029725694285823,95,4
2085.9149918522544,569.9504345464421,332.60543441455275,3.4202126289080157,0.08059707770134354,5.510301873788082,1685.0,0.004301325840766189,95,236
2009.5830520311954,435.8737050401583,388.0246180140444,3.3918256786071566,0.03235982962938854,7.09112618184204,2628.0,0.00241016622479637,95,25
1914.7532524484725,1093.9811431077328,308.9834026113465,3.4829759087759813,0.05838476792706512,4.877972150566499,1681.0,0.004315689984015223,95,210
1876.7098637440758,524.8554502369668,304.96359222800925,3.4444431173450365,0.051194385269839666,5.239303420978832,1753.0,0.004070981504387493,95,40
1876.242081763639,2455.498534951863,323.70765188064905,3.393663610299999,0.05931652103697519,6.00713237060504,1928.0,0.0035778862125151914,95,45
1872.2086118451734,282.47007616974975,290.5555078203175,3.39925742386956,0.04915310111476838,5.148970603375749,1768.0,0.004023452748432971,95,41
1867.9617920086102,418.8949280236782,335.7219166218591,3.482094654529423,0.020150509503477222,5.284469829780374,1859.0,0.003757327258380571,95,42
416.9510825043885,1238.2880046811001,385.9469632091735,3.4373605615636387,0.027956211561756508,6.2781308234142905,2196.0,0.0030180566161743866,95,65
395.9648846960168,973.5682215234102,517.0650479600489,3.4194203251264956,0.02004898934182116,8.491284854689832,3071.0,0.001997574226126555,95,73
339.7997499106824,83.59807073954984,252.8415564710302,3.439597714872656,0.03330758738410066,4.471474471352624,1476.0,0.005206826798509736,95,53
221.628987425546,602.8341495698213,341.2322184956472,3.4674624483295817,0.024642373196396353,5.73613391779579,4450.0,0.0013031459420563872,95,255
167.18104667609617,2303.6201620162014,351.25916124958945,3.3933350705259735,0.05103783048166668,6.503962867421999,2516.0,0.002542958058945805,95,74
124.57763882685722,2328.3309513175523,303.3827679199553,3.426725046410217,0.06809086697285748,5.284469829780374,1826.0,0.0038496658292279393,95,113
117.99616928128421,330.506202116016,247.60225305005136,3.4678909708178183,0.006308094231610239,4.290808836146457,1502.0,0.005073946821618545,95,68
48.272926361894335,1956.8004379961676,329.98578270406335,3.469707791712236,0.032215603376349135,5.374802647383457,2007.0,0.00339239344349592,95,60
801.0557247602933,2175.2973491257753,400.4002140256668,3.3740324175462706,0.01906105120648655,7.000793364238957,2528.0,0.002528034561902865,95,192
1351.9753624896853,735.6404573853589,405.10390232280497,3.440112589962162,0.02163337338393786,6.59016132506744,2289.0,0.0026884819423872875,96,1
1124.845346306491,667.1232876712329,373.0126819572592,3.463639615416421,0.032122046658025406,5.730575065276034,2034.0,0.0031306367404676195,96,152
1104.866716445772,2257.6643643830503,511.6448437447286,3.4663910757139136,0.02338840154660248,7.975050299175814,3301.0,0.0017228245802294413,96,227
1566.309089074952,938.7514375063048,473.3932551840111,3.351826704595791,0.040153200728550165,8.834636558967219,2657.0,0.002233290123452367,96,22
1569.218667082878,2410.6046511627906,305.9649536935296,3.5045512115862816,0.005265505129646281,4.8232340132739955,1839.0,0.0035810035782195436,96,4
2087.009912536443,568.9492711370262,327.5978745649466,3.431801199839329,0.06305670520508364,5.4918011042228665,1693.0,0.0040132687155527745,96,236
2007.246728252502,436.5066717988196,372.20085048967843,3.3866028374386627,0.03626134785552837,6.781180493909974,2612.0,0.0022805054651040954,96,25
1914.8962694789864,1098.6760585550135,303.3861949141554,3.417784801792173,0.005655952978820434,5.348536727590965,1680.0,0.0040568728173617265,96,210
1880.4651162790697,519.0978533094813,266.9492884574419,3.40952574881648,0.015076557597809799,4.727724428852729,1660.0,0.004125837681770689,96,40
1876.1701256942415,2455.4595147617656,326.7382883051552,3.411382840597242,0.039841234111130684,5.730575065276034,1942.0,0.0033281120507737566,96,45
1871.3807302557504,281.68296606080105,296.8915431735092,3.4316319436042098,0.04486996702845049,5.109762766537798,1820.0,0.003631911809740165,96,41
1869.5219946272666,419.65245130960375,284.42754240653386,3.4539812634359435,0.027765986774517346,4.9664983899058965,1745.0,0.0038478392510365184,96,42
415.3276014666835,1239.9350107472499,377.6926515939013,3.463353293033818,0.03954609791813154,5.921594234118569,2198.0,0.002831177334480829,96,65
397.46480500722197,971.2157920077034,495.93351710743013,3.4526719607795076,0.042447756336468044,8.070559883597081,3060.0,0.0018839734404363494,96,73
340.4578452083733,82.76301133090071,248.65920304076926,3.418760024855142,0.027758623384971266,4.34568609116766,1490.0,0.0048226975342538555,96,53
166.30336581045174,2303.471213463242,323.4909624348321,3.3943413200136914,0.09343639938876576,5.778329857486668,2459.0,0.002457127375925568,96,74
124.47154597612032,2328.276787098775,307.97065496637623,3.438379428379432,0.03748746282093636,5.444046312012232,1847.0,0.0035599929883782014,96,113
115.59741550695826,331.3047713717694,240.2066048194871,3.4198578092353014,0.0461803342240085,4.2979312989570255,1469.0,0.004925463856994591,96,68
48.55603917301414,1959.4702316182186,307.20657829100605,3.397793744730105,0.05501057944913117,5.5395558964335,1918.0,0.0033837930911060155,96,60
216.7718761941154,609.0373200866131,374.92287364568455,3.4457788560201585,0.01987090261580934,6.446896948435539,4536.0,0.0011977940748247183,96,255
799.4651716361814,2175.290152843899,381.17875142527754,3.3896869249623682,0.012082664333836899,6.781180493909974,2529.0,0.002373041060296402,96,192
1569.2838394628413,2410.655424996185,306.0818401703063,3.4683280637008087,0.028135233080435033,5.231369769429927,1850.0,0.0037693297952328224,97,4
1566.3643056108237,938.7442300039793,469.5154368063359,3.3893603569299815,0.03866503596875863,8.267432582045508,2643.0,0.002385587865496336,97,22
1125.6230455919065,668.7213243988963,355.4996010279569,3.4394360209051547,0.018574125629267253,5.8385823319530425,2025.0,0.0033415917019799257,97,152
1341.1519295399235,748.1542473055974,403.0490155393825,3.489799382981341,0.013975609998267365,6.212251601198037,2291.0,0.0028500022240998,97,1
1104.0253083599816,2257.701416171768,511.2262689858084,3.473859834118114,0.01563533578107407,7.893763312800514,3257.0,0.0018575863600220513,97,227
2086.0704384724186,568.1325318246111,330.2302166952641,3.456805599176073,0.050188927050353424,5.324787086741175,1687.0,0.0042795694121378625,97,236
2008.031142279805,436.72185902769525,392.9599452697676,3.433496488106619,0.02400638117810379,6.819464163721154,2655.0,0.0023724086813304034,97,25
1915.5353237285194,1092.4447144592953,269.0885825150518,3.391919904534597,0.07626756435441454,5.091243793463053,1584.0,0.004679877277376314,97,210
1879.602742197366,514.2803535991341,258.90609492812575,3.346758699693538,0.010299338011578228,4.670865865562434,1634.0,0.004476606141396312,97,40
1876.989460190856,2455.323600626691,327.9414924211385,3.4188665286454527,0.02356959056195275,5.9319996492642915,1953.0,0.0035052457336705012,97,45
1869.5939044481054,417.30873146622736,283.5215580396398,3.447774632662013,0.04975931310196605,4.904409158840556,1743.0,0.004089387702304287,97,42
1870.5324404244216,281.5761001913376,268.52807861118436,3.3736415999343783,0.09924668931583513,5.231369769429927,1751.0,0.004063590030169714,97,41
415.35545487939265,1239.9373086812784,381.469615240484,3.4592734487096024,0.0384305225694142,6.118834283886789,2186.0,0.0030257070690736074,97,65
396.8045170673283,971.9875951749508,545.9775110255929,3.4602715702022584,0.033740851654242045,8.360849899356758,3160.0,0.001924891681442047,97,73
337.42280425364316,80.43284757778653,237.18656865326042,3.410678733189613,0.0425046343151984,4.063653303039318,1472.0,0.005209777391597265,97,53
219.09079397239458,615.8985690768646,368.8582774034654,3.466549937479464,0.060559570375568604,5.9319996492642915,4285.0,0.00135534342138779,97,255
167.06452491151646,2303.7077320991016,343.12180648421645,3.392850541129974,0.04725538729243271,6.072125625231164,2492.0,0.0025648802383684555,97,74
123.06685611725995,2331.4985043374213,312.2940917715044,3.4701409988930743,0.034524163378522994,5.231369769429927,1929.0,0.003563418388895206,97,113
116.32183511555709,332.0584684373922,270.8168028853099,3.480468342438727,0.04044884323717547,4.484031230939937,1576.0,0.004714126287464378,97,68
51.58107494322483,1957.7648750946253,308.51069042039876,3.421953437628278,0.06032565682992055,5.605039038674922,1938.0,0.003541378770787173,97,60
800.2624555160143,2175.993327402135,420.0042586313741,3.3851255121628925,0.04059378109484861,7.239842091621774,2692.0,0.0023326741887152898,97,192
1571.651793375665,2410.6957267890853,298.51440993898336,3.468211076731737,0.03469013240755382,4.969263388378477,1834.0,0.0033379069099094454,98,4
1567.253054699098,939.4941189905219,448.61690197969403,3.3858487384700187,0.0564514788172241,7.940575517511999,2619.0,0.002110696827780624,98,22
1348.4946221539321,746.7696605671183,366.7521298701187,3.417599045804289,0.03771923437840192,6.403689933477419,2189.0,0.0026429717634470777,98,1
1125.6073724817832,668.020288612659,358.55540675526765,3.4280721712441746,0.028627896099186263,5.891394738799225,2017.0,0.002939482959686458,98,152
1103.0985574498134,2257.7784727125995,507.83822648449325,3.4346957762156807,0.033053122050188226,8.247952634318915,3231.0,0.0016404806461702399,98,227
2086.8091095998734,569.0708524434604,323.92425159502176,3.44393196865341,0.07068833883010638,5.430329063588851,1688.0,0.0037426249514276367,98,236
2009.5254854368932,435.79611650485435,379.9181163733483,3.43146412811899,0.05206296217499761,6.506148972413057,2610.0,0.002119631485273638,98,25
1913.732441471572,1096.0051047350819,291.0349000966817,3.4643810816398575,0.04441504935232649,4.7643453105072,1656.0,0.0038448010555554766,98,210
1877.8911366363793,513.2446425510029,298.82178705579025,3.421325603320477,0.020318732526512184,5.327870024653213,1758.0,0.003537007707040764,98,40
1876.2423433328097,2455.47636249411,326.1783504516058,3.396151703837253,0.05805939494301753,5.840165219331406,1950.0,0.0030738127500922773,98,45
1871.2513764624914,281.7825189263593,297.74596714696605,3.4396527858190034,0.055328212202576485,5.327870024653213,1828.0,0.0033528068039482884,98,41
1865.476500361533,419.618582791034,283.40170169597667,3.3863107515622453,0.06870717958647282,5.071722427314116,1732.0,0.0036106875068510095,98,42
416.0105144573789,1239.0677181124045,409.2726310284088,3.435564621480581,0.034822794862597484,6.6086080113486965,2293.0,0.0024910376374792475,98,65
396.6796223762177,973.5179270864718,510.0923253410773,3.419338395475053,0.03368086749095249,8.606559270593651,3065.0,0.0017459846135326968,98,73
340.808009909166,82.76300578034682,248.15579230211694,3.469103930545301,0.03138517508300004,3.94467299902209,1472.0,0.00456074039693616,98,53
223.4468208933508,613.1168339880693,352.1004873023224,3.416267857757844,0.05095381106868052,6.198771855606141,4122.0,0.0012387173800082548,98,255
167.95231977159173,2303.6766595289077,358.86278387207454,3.446025133684358,0.06541622010419632,6.147542336138322,2554.0,0.002176970484635275,98,74
124.4562520404832,2328.4539666993146,313.83203625986135,3.3869022362743677,0.03593907973149027,5.737706180395767,1859.0,0.0032772235695726144,98,113
115.5325736400774,331.2676843689529,238.2684950448278,3.4265333705631535,0.06255909161588633,4.303279635296826,1485.0,0.004501517879574234,98,68
54.70814441645676,1958.4587741393786,305.0717884308642,3.426939258058347,0.02125885972255416,5.53278810252449,1923.0,0.0031314814546486414,98,60
800.2452944748027,2175.8807528840316,421.8750928174924,3.3989890993336815,0.030343940770796433,7.223362244962528,2718.0,0.002017166598276673,98,192
1570.0472203157171,2407.2894989704873,308.97796654275334,3.441340978195658,0.01250498382980943,5.42885102504769,1849.0,0.0035250475721631757,99,4
1567.443406121865,939.6678745112997,444.7840679662119,3.3463637116410925,0.05856542463034249,8.482579726637017,2618.0,0.0022550074344192274,99,22
1125.6733416770965,667.9848674479463,372.7669660870637,3.426154813690247,0.028182974854794398,6.2346960990782065,2035.0,0.003102420995799121,99,152
1102.4429536587686,2255.3623560757446,445.717151736142,3.4370900996104865,0.04462671901416346,7.464670159440574,3035.0,0.0018864483657746822,99,227
1349.1036218296654,742.9597355176157,429.7699018500644,3.489618897153381,0.028797115054574104,6.446760592244132,2375.0,0.0025447238158312537,99,1
2086.937605835613,569.7695714471799,325.6038228069619,3.4532173654788596,0.048209983766486095,5.59850261958043,1694.0,0.003976457576927569,99,236
2007.2356140541717,436.60807135864246,389.90177713487043,3.4220985061181364,0.04689507439410617,6.786063781309613,2689.0,0.002182410073960872,99,25
1912.3347332400062,1099.4753460880386,272.67252531274687,3.4327302029792253,0.01455914930894962,4.792657545549914,1592.0,0.004342392397803108,99,210
1878.655806451613,512.5953225806452,262.9599715257475,3.3814245900307336,0.043402102094128925,4.962309140082654,1652.0,0.004119398845848296,99,40
1876.2711697275977,2456.2035005546654,344.09584661103054,3.455212551410139,0.04924407788060477,5.640915518213616,2010.0,0.003153234025466305,99,45
1869.4974322396577,417.27032810271044,297.31441941862744,3.423631894567626,0.03273618884141489,5.34402522778132,1760.0,0.003770841659558715,99,42
1870.578313253012,281.5863962177825,278.1013763377946,3.389376867927833,0.08359468355443966,5.25919943051495,1755.0,0.003785671256405874,99,41
416.00845599749454,1239.8904896126944,406.2731560072799,3.4667224774069525,0.03862431250564852,6.446760592244132,2295.0,0.0026571114579107533,99,65
396.705351924522,973.5704266510812,507.9792869296577,3.4285366394939802,0.01999245136897507,8.482579726637017,3083.0,0.0018516134603803818,99,73
338.19450726979,80.31922455573506,262.5358425394156,3.489425521271027,0.03229427777500865,4.198876964685323,1540.0,0.004556143286632052,99,53
167.08177735759867,2303.7382415504608,358.8979482340121,3.448150573523217,0.03769507624564718,6.192283200445022,2544.0,0.0023359972038469613,99,74
122.2351957642469,2331.5347638288977,304.3973734903693,3.4456507955746023,0.035670083257596207,5.131960734615395,1901.0,0.0033957236660451533,99,113
116.39467693924006,330.45053405708285,242.22006409412,3.4095101167999227,0.06220284394784539,4.495767255117618,1502.0,0.004726150221876292,99,68
51.5216011042098,1957.4942719116632,307.28145059742593,3.404316668683501,0.04991193909911949,5.513676822314061,1924.0,0.003341501116505757,99,60
801.0334275903858,2175.282165219148,419.97252226579866,3.384398126200726,0.01177704073322002,7.464670159440574,2715.0,0.0021569807901327003,99,192
1571.7495819397993,2407.3422519509477,298.73695061421597,3.464644648705841,0.013997701936347546,4.787451131638076,1833.0,0.003951845830909879,100,4
1567.258007898201,939.6652040368583,474.37396213057286,3.37573875034411,0.05338991091824075,8.7006720566292,2682.0,0.0024260584315548366,100,22
1103.2151587166866,2257.6346969954166,490.484775938781,3.4469202991168446,0.019885167283079846,7.826441849982246,3203.0,0.0019613512016194924,100,227
1352.0753826899008,745.1111966881679,432.41091221151913,3.48651281908212,0.010846706557181177,6.535911544931983,2370.0,0.002827199782659908,100,1
1125.666402266289,667.9670254957507,367.38483684092193,3.419871939023465,0.013779726048835615,6.077981436688341,2030.0,0.0034485859022135175,100,152
1915.7065446868403,1096.3628430682618,295.78121991555247,3.4787178431876757,0.026773418821126844,4.829081141478407,1679.0,0.004460720469600746,100,210
2086.285165257494,569.735075582885,324.96385681362455,3.435769106296388,0.04175866526135011,5.3702712694027115,1685.0,0.004438452892850408,100,236
2009.6176726955764,435.0209195903247,382.08023031455883,3.4076395016487258,0.07686485202981004,6.952211643335294,2698.0,0.0024085333924925485,100,25
1878.7437625466016,513.3214797820476,290.32768862646907,3.4106859856971967,0.015205389127263587,5.203751230041387,1729.0,0.004281710429551397,100,40
1875.3004650053654,2458.2409681650174,349.15089253085694,3.436299678246509,0.05528290864049444,5.786571367806022,1998.0,0.0035214301372574353,100,45
1869.5602731591448,280.8383313539192,280.4197462844703,3.4205653364469755,0.100161154214917,5.245381239881718,1753.0,0.004200792484284877,100,41
1867.891809023215,420.417287195211,285.1239373964277,3.4458029809721347,0.01719614310695751,4.787451131638076,1746.0,0.004224075866178967,100,42
415.36417193977746,1240.6180449487235,381.58067019647484,3.4199329705448696,0.054917367565630905,6.619171564612645,2207.0,0.0030945137176040735,100,65
395.9609592045621,971.9792367305162,569.4152745960488,3.48075569154709,0.030747718638920202,8.534152017267875,3263.0,0.0019190189886981435,100,73
339.20860251615096,79.53094185651139,244.8677178808275,3.445697660843475,0.03488437714670911,4.121370974192779,1474.0,0.005383527487130334,100,53
167.05138607167004,2302.8759296822177,369.4247073230982,3.4597886467643466,0.022313647646763402,6.286131485889996,2614.0,0.0025034758451933036,100,74
123.78517039071276,2328.367994008239,333.49800883089245,3.446489858975574,0.02008925276303928,5.495161298923705,1931.0,0.003684375831019244,100,113
118.78125923736329,332.8244161986403,281.6686465796802,3.5033027784750073,0.01674272909754465,4.412781043075096,1590.0,0.004819370091566397,100,68
52.98975609756098,1954.4271951219512,341.366080690715,3.4562597858548005,0.00939748923148118,5.536791308764037,2015.0,0.003482352721140387,100,60
800.3344522144522,2175.9461072261074,446.48185553755104,3.4069584628178204,0.011541917101747247,7.410141751578935,2801.0,0.002301507849355791,100,192
