y,x,mass,size,ecc,signal,raw_mass,ep,frame,particle
1203.212829423368,1307.496604455103,47292.08213516605,25.552135468721268,0.16957255167127036,23.802948000542482,2080435.0,0.07263402171684714,0,2
1357.877082978913,1008.1080597208384,86419.40306279308,22.50081985492442,0.09465087247868047,37.80468211850865,1959999.0,0.12768535603560374,0,4
1581.894518861165,1772.046505060828,91110.50905734116,25.163390522351687,0.1545036209982038,33.95420523606795,2004047.0,0.09997265507219681,0,5
1205.9691361270309,1310.6665408894512,55789.066666666666,25.5204908001267,0.18371056952596254,24.15686274509804,2079812.0,0.088717898629516,1,2
1358.6956461334798,1012.396694657746,86938.99607843137,21.601377836214404,0.08460975402871733,37.96078431372549,1964539.0,0.22170273636336826,1,4
1581.7779118065853,1773.025377555462,93551.24705882353,26.072969965193824,0.12819629708994779,34.68235294117647,1998063.0,0.1543963637900653,1,5
1631.4376061336343,2135.369131509106,38543.812973982676,30.305129138804578,0.2638628453142846,28.219136431944854,1862617.0,,2,6
1573.875522007937,1761.4142589093474,118957.57366263831,29.56456654130457,0.10927927745434664,34.68602186426555,2015888.0,,2,5
1357.9340401179484,1013.9063824008691,101016.6697773537,22.003596045259183,0.06879360042431326,41.9367721974736,1940392.0,,2,4
1212.4457460229546,1319.232010215699,63687.06353484555,28.25569719784184,0.27784507454953256,25.279643053617267,2060603.0,,2,2
1205.769536430882,1317.1199575794788,81701.61342296137,27.206909942652054,0.18294799796840308,28.230404416903827,2050738.0,,3,2
1359.7873143290437,1014.7493772095414,109399.54898117097,22.371353722821173,0.09821004552814391,46.90590272347097,1896209.0,,3,4
1561.2544610874143,1768.2481314054571,137917.034895299,31.197597452445237,0.0832861858917082,37.785310527240505,1995233.0,,3,5
1643.3125923559248,2143.8626143216584,43499.14438122184,31.910934801327343,0.3542081774289919,35.396583999656336,1811353.0,,3,6
1552.2017073350257,1760.1872211407604,139584.76686816817,31.35940117696021,0.10485912116866668,35.631836112612405,2033395.0,,4,5
1651.424088496655,2136.9820769872094,53750.51547576503,29.55813189000983,0.16435764175737547,33.22723367556494,1826978.0,,4,6
1366.9386605091427,1014.7506604173915,114361.58030464803,21.654893207158498,0.0840055140521441,46.999047633200405,1902814.0,,4,4
1202.7897083607072,1315.771495901054,76529.75156235875,28.146412618464694,0.1763489833979028,26.23202658597232,2071951.0,,4,2
1200.3253306530098,1310.6885464031016,65130.47355108166,26.48165174896633,0.23468829943464536,25.76996672038203,2075540.0,,5,2
1383.7231019249268,1017.5166369350605,111256.63575744288,24.87426975936014,0.11239420955170339,43.642685574840534,1921312.0,,5,4
1550.1870075141373,1765.369322178325,134138.9114489563,30.373210545089396,0.1159658394187835,36.99237158248388,2004398.0,,5,5
1661.0984783125148,2140.5087087537668,49863.015203128874,26.74876377588038,0.261161667758957,34.08285921082784,1840300.0,,5,6
1664.354069681731,2146.026418123147,55063.79383075002,25.45623934405301,0.19169215851986574,31.027445294399595,1950184.0,,6,6
1395.3094218747096,1024.0034076616625,87346.40752258236,22.112863590933348,0.1034419677057794,36.980385379953006,1974871.0,,6,4
1556.2344783328908,1753.3654420039704,114127.60261474433,30.37775391309856,0.07900172499631769,31.027445294399595,2045862.0,,6,5
1553.7533948179664,1750.6924441415506,125603.1999558895,29.90682950635631,0.09263629717563372,34.79999998777861,2021487.0,,7,5
1401.0201461495221,1026.8641165448753,106739.99996251405,23.835734812992932,0.06905078071063313,41.79999998532029,1935381.0,,7,4
1662.9072797250294,2142.793409759812,48586.999982936766,26.944501672415313,0.14924784324277052,34.39999998791909,1875162.0,,7,6
1403.3296693804393,1035.796339286357,115483.3999973252,24.26480011338906,0.09132645123482537,44.88956745096537,1918081.0,,8,4
1557.2323756766793,1746.9354595287007,122003.60966957793,28.92404793313767,0.15483323036696173,38.86272737653021,1979434.0,,8,5
1664.478182411549,2141.7713117429116,54128.29764093142,25.912293906275618,0.2961130991318152,38.03143909040122,1829110.0,,8,6
1563.386710681227,1739.1416861125015,104494.11324522,27.434285365864937,0.13692103954326276,35.728386870312164,1998509.0,,9,5
1402.744539469755,1042.1428436564986,95590.56240374967,23.23438170719382,0.10150779210109662,40.88506126396547,1943503.0,,9,4
1665.5106798605727,2138.478905825545,30168.939373126017,26.428711770915132,0.22164093694806491,31.676714132441717,1858128.0,,9,6
1214.2192049387463,1306.5414045761688,55965.292332679885,27.481037670862076,0.2715335533968741,23.05881956244021,2085034.0,,10,2
1391.5665493906272,1045.020476233235,117698.94053573388,24.923025617809262,0.10656083133437538,39.96862057489636,1963556.0,,10,4
1577.8638050482539,1721.217893770862,114329.08621351293,25.3337045407124,0.0761647778311424,38.81567959677435,1981409.0,,10,5
1662.530358026347,2151.6202275869405,41557.56539957818,26.89617093093135,0.36713606623159056,30.74509274992028,1857479.0,,10,6
1389.5770319981316,1043.746803106388,101009.81960784314,25.22282949086799,0.08956702762937789,35.75686274509804,1992145.0,,11,4
1590.771631336706,1702.8290866738757,101756.10588235293,26.417863954040445,0.10516840176320826,34.83529411764706,1997761.0,,11,5
1660.1560654295647,2141.836279478909,52801.45882352941,25.967975246856824,0.022023540199732825,30.04313725490196,1907541.0,,11,6
1606.8087835740148,1692.6709953210852,106766.46886018787,28.06283382536592,0.15989551802275143,37.265303988808256,1978507.0,,12,5
1656.1922340851388,2139.096717499904,71534.08527055856,26.707328080702506,0.0713288204909745,34.519439484369755,1920337.0,,12,6
1381.9209190390525,1040.2632864963202,106517.7719893573,23.074423621082822,0.06869953592692336,39.8150353143583,1963960.0,,12,4
1213.1546713468051,1315.730155834808,39784.24240527281,37.59580922332315,0.39574083719180214,23.143715108838812,2004788.0,,12,2
1215.4642472961973,1305.3464319979066,53952.74037116992,27.95186807456716,0.2967983707672751,23.528640120000837,2079226.0,,13,2
1381.1923710118804,1036.867274068636,107902.73573432585,25.93165691976947,0.11104981893197524,37.44975219100134,1978749.0,,13,4
1616.3528749524307,1681.0659258763337,111288.89919159596,28.249527747945287,0.10005891666887416,36.4693921860013,1988796.0,,13,5
1655.7530240774163,2141.7188088015055,71482.75369257655,25.09767606796422,0.06145216847739004,34.11652817400122,1930916.0,,13,6
1378.1195503243205,1034.6874407841995,106194.9582701067,24.220352243397638,0.07999145903564171,36.95655752057135,1992462.0,,14,4
1619.5015375917783,1678.4490866272727,107466.96041220218,28.404157429175395,0.1105039190211098,34.828169391114365,2006925.0,,14,5
1649.3787786180037,2134.7897294497175,70594.57096765935,24.41997277076494,0.06866284371675321,32.89327109160801,1943327.0,,14,6
1215.4804322916948,1312.4030974808088,35968.40495901345,37.4830568040285,0.42361094536646643,22.4448202742737,2003439.0,,14,2
1225.265316419071,1163.7208351040263,106259.86270625757,30.02322912958648,0.06122102662967231,27.670588225179866,2093855.0,,15,7
1217.9276130312205,1298.8551346977133,58889.16076278835,27.946819159017334,0.23433018758622245,23.44313724633294,2096146.0,,15,2
1378.1979622448487,1033.6987105046692,111196.5646652374,26.79553552490904,0.10523907923791166,38.6235293976469,1963751.0,,15,4
1622.2147385940798,1682.2825891958814,112681.93721371406,28.30626044134872,0.1104333657990452,35.933333320198855,1991512.0,,15,5
1644.1611811892326,2133.658740985103,70714.1097780739,23.942177318279136,0.07295165499763473,34.39607841879997,1921866.0,,15,6
1620.045643650928,1673.3775314492018,99968.40462299221,26.34035908444858,0.11662293015609519,33.8359805797909,2010116.0,0.054640265353495525,16,5
1370.9908348016504,1022.5880863297876,97217.11645209797,22.68391228417961,0.08706769540054297,37.88924908674502,1977259.0,0.06491098975793796,16,4
1214.234088508598,1295.6867941247444,44548.769243670635,24.90043078159723,0.190302081627569,20.795029731329823,2116140.0,0.036171844093992024,16,2
1648.2967053271384,2135.3345830943517,45781.31532791572,23.562748719651005,0.14811198846218962,27.66796328659985,1934060.0,0.08621861853706884,16,6
1234.8235932532652,1160.286780830234,71121.29265899975,32.03590485528574,0.20049188285205907,24.49584010724445,2055235.0,0.044887277786382226,16,7
1255.1719511788376,1165.4679760720585,95599.18383419709,28.95419928682063,0.1578634423669488,29.259486867952422,2056041.0,,17,7
1367.552346577494,1016.4289480357869,95407.87180467586,21.56366269130726,0.08542869364574847,39.950453223550426,1951060.0,,17,4
1623.004174368285,1669.8653027966445,102893.23630091376,27.55630341018167,0.11919528364810571,36.574358584940526,1979064.0,,17,5
1639.8495672890533,2143.278066807569,59990.20075508574,27.37439124541088,0.11840312152546388,33.01070313307453,1909812.0,,17,6
1638.1251264118528,2146.2308371815334,59765.54835328342,29.358130820263536,0.28080090140459646,32.95104435059124,1906975.0,,18,6
1625.8660707944673,1667.2563497631236,105098.35723103909,28.77397774144201,0.15907728281862585,35.49974391362039,1986586.0,,18,5
1366.924486106711,1011.9033209713189,97686.19275184393,21.97538979344668,0.0482117659538249,40.9612429772543,1940133.0,,18,4
1243.9056776556777,1155.9902194211018,101387.26861729985,30.628397335405715,0.07942999450552067,28.399795130896315,2073059.0,,18,7
1215.5360953439836,1305.8504658617305,55998.9344990639,28.626728828991485,0.20106048643169439,22.392146160899017,2095092.0,,18,2
1626.0823706460174,1667.8130316213826,105330.88871521139,26.24909424699081,0.13216401593986865,35.929763846999805,1988797.0,,19,5
1638.0093543187932,2144.4404225768167,74149.42569147846,23.474795678818438,0.025970940253945394,34.5847994249196,1941479.0,,19,6
1366.599256430408,1008.9373173504658,100724.00129403752,23.627163321566726,0.09286542959833612,40.92534598615486,1945330.0,,19,4
1242.3288624439854,1150.6271564817316,105948.41952272078,31.405800241189024,0.127179304959109,28.820666187433,2070244.0,,19,7
1210.960886248298,1308.7479234662967,58986.681072495376,27.578691606412804,0.19581994333792765,22.48011962619774,2107080.0,,19,2
1198.487699044586,1306.6002089968154,76295.90633038647,30.151088899461797,0.2185874336220944,23.348916397883993,2100055.0,0.03982163254320826,20,2
1241.654302323883,1157.4917437155837,103969.87729094843,32.060389330790905,0.10624115082975061,28.8539454673038,2060149.0,0.04588753138834502,20,7
1365.4688516896726,1002.2934131272035,97887.38965500533,23.9308954836234,0.1346567570466553,40.62331796054614,1942658.0,0.08320184574474797,20,4
1627.3010976504306,1668.3184169332335,100409.45228315401,26.400381003655394,0.09807191894429078,35.877603245529066,1989954.0,0.06268309145993717,20,5
1643.8815816666822,2145.277817963194,80829.77234052517,23.791575552501506,0.023177902352536934,35.877603245529066,1953974.0,0.07715881686722474,20,6
1644.5353407707396,2129.820166937349,82440.14694225356,23.67606252076362,0.08653856288774459,36.37706694351814,1953899.0,,21,6
1626.4470694609813,1667.4566448528687,106372.44787413106,25.4765525699371,0.11547216264076783,37.90071372649272,1982661.0,,21,5
1368.1158713408074,999.6023606747647,110271.45999176301,26.983351398689447,0.10231324873961886,37.13889033500543,1978835.0,,21,4
1242.254529020667,1155.5438262807966,103038.70871298267,31.154453383423736,0.09766982675534658,27.425642093542468,2080958.0,,21,7
1200.7429044496648,1308.4907972063372,72237.42717176002,30.61381114505796,0.22699259673682137,22.854701744618726,2105231.0,,21,2
1231.573017868261,1152.59290673496,78446.6862745098,32.05684398372179,0.04913931484695451,24.145098039215686,2100601.0,0.04956512934547004,22,7
1211.9615805284297,1297.3063403728354,61171.698039215684,26.31677465416273,0.18988542210725132,23.4078431372549,2105576.0,0.048879956026766355,22,2
1365.3602645933731,1000.1639916259595,100894.43921568627,23.531688169669472,0.1201002045814405,36.86274509803921,1982198.0,0.07437857803789143,22,4
1626.8190197319261,1668.171679197995,103104.7294117647,26.37007965014023,0.1309350101483236,36.30980392156862,1987543.0,0.07273481864144864,22,5
1651.4269361725915,2127.639416335131,75839.38431372549,22.64373089742689,0.09038233475152814,35.75686274509804,1959445.0,0.08229563250767714,22,6
1622.9240006407495,1669.6632804842234,104708.48301656828,24.61238156725641,0.10885845577531242,37.93886902615244,1982387.0,,23,5
1363.763009702273,995.612366213558,110949.82632788643,24.817880208877085,0.1140479741642497,38.93726031631435,1967524.0,,23,4
1235.2879382241927,1158.5491915412636,72688.07755849563,31.528674351235416,0.04570922858985221,23.56203444782099,2091791.0,,23,7
1659.8668447646448,2123.27397432488,82592.91786993387,23.00545208460589,0.045331781298714215,36.940477735990534,1922148.0,,23,6
1202.9038865322304,1298.2388940995907,74938.45152652056,32.353851273240224,0.23216696890706703,23.761712705853373,2088155.0,,23,2
1240.772326808025,1158.631188825233,66780.52530442872,31.719771636130144,0.011303903582577237,23.29405465875471,2092425.0,,24,7
1213.9488900936494,1301.8203949469369,47523.75384630273,35.94087816136182,0.37278449442664635,21.70582365929416,2046795.0,,24,2
1368.5844980427973,988.9419833572031,100668.61013991844,28.137899153317008,0.1375150339324401,32.11756021131331,2020281.0,,24,4
1623.089176875458,1668.5810315730323,96096.26956258257,26.502052526744368,0.15460620070579933,35.470492321285576,1991941.0,,24,5
1666.4299920844621,2120.5065888491254,63315.35820382791,22.8625773372309,0.034136448683599344,32.47050043341565,1953237.0,,24,6
1624.358908035419,1669.1046515045743,106731.14981699917,25.67566921644521,0.0896701975314374,37.45021423199993,1979153.0,0.04213523621780148,25,5
1367.9603792427388,987.1892191104481,112109.66723374257,27.750002625397325,0.07192107050834179,33.33265141068057,2019153.0,0.035305694019409306,25,4
1215.7555400087967,1295.2782358167806,66422.75876374342,28.543852724441937,0.16831279101693078,23.528930407539224,2092806.0,0.027190573453343053,25,2
1664.5412832708955,2123.776057583028,69872.09996148867,22.370395183925364,0.09233181677529519,36.66591655174862,1906977.0,0.06472819857210638,25,6
1242.7409790565623,1157.3242821292688,84773.7558862635,32.15383100838355,0.0679824997450054,25.097525768041837,2069622.0,0.029311292410717508,25,7
1623.6571678472299,1670.5209485958728,102595.87122016962,26.08832647009838,0.12805173513800502,35.74059335366989,1993613.0,,26,5
1368.872626027202,985.9351254486922,103797.79278698255,27.07575906025697,0.08350469619717674,30.936750160972323,2033955.0,,26,4
1215.1887903503798,1302.1577407490763,67449.60934630028,31.46377832347312,0.1852905930539877,24.019215963487827,2089196.0,,26,2
1668.2488243936114,2128.363700460802,65135.11769605859,23.154270306149403,0.05165733725578793,34.58767098742247,1940685.0,,26,6
1246.2060531525758,1165.0086202685502,66872.76385572115,31.533496870358714,0.05113118670683546,23.634908508072023,2092931.0,,26,7
1252.244472558454,1162.1894115920632,98701.38540759224,32.37552575700088,0.05041942100425546,28.96811354112491,2056674.0,,27,7
1213.300844088712,1300.5707492652643,86394.98462694329,29.62050043229685,0.14641442705452692,25.23737164567701,2078938.0,,27,2
1386.6214661454399,975.4644751605352,129286.22692187979,27.34858025088928,0.08440379118518529,36.86850814324989,2003142.0,,27,4
1624.0102783541126,1669.766805737419,116983.33742772066,24.51470997684697,0.09802957132318496,40.81870544431238,1959081.0,,27,5
1668.5449073643967,2117.92257797522,77952.5351729503,23.212932128718553,0.04384965262559185,37.9657851713228,1897895.0,,27,6
1662.8630614729477,2121.9569269374106,75221.02268079897,23.041933542694984,0.022798299147651965,37.59071622919368,1890847.0,,28,6
1622.69421501671,1670.029073385143,105720.09033286067,26.011842682179008,0.14147839514876176,38.790419938636035,1962724.0,,28,5
1396.4897495938865,975.7043076389375,119887.59138828365,27.996149876512007,0.10400560560242426,34.5914569555878,2015014.0,,28,4
1198.351871700112,1297.6514625325813,80778.25021355417,31.679861467195543,0.15420184660958314,26.393481607731736,2034800.0,,28,2
1247.3122502471613,1152.1887023873699,91617.97312960231,32.97213744175653,0.09396581945905416,27.79313593541448,2032133.0,,28,7
1200.1125335696147,1297.863780441018,84144.58978971187,30.05958763301483,0.13804305930220923,25.172509596918573,2076859.0,,29,2
1240.17921461453,1157.6622423014119,89787.26722721962,31.616443236775098,0.123550078308866,27.478388338621038,2066747.0,,29,7
1396.3352360523475,970.9505675032542,107319.24761350708,28.047714418610642,0.08854835420323802,31.321519574791814,2034401.0,,29,4
1625.2223169224815,1668.706361376189,103258.78730593083,25.131987045661337,0.10972713862075661,34.972494249154046,1999433.0,,29,5
1658.450951372925,2123.383903388792,63360.55175137671,23.98547556765457,0.04954247373325914,34.78033768734551,1925075.0,,29,6
1664.5160909414653,2120.9414887635185,83690.98039215687,23.917301438867046,0.1010195580983207,35.88235294117647,1935636.0,,30,6
1626.6347164318797,1670.3710451442084,110195.88235294119,24.956681432167002,0.09682240989036243,36.86274509803922,1988746.0,,30,5
1393.711031504235,973.3777762897988,117133.33333333334,30.123339201227797,0.10498492381906058,32.35294117647059,2016909.0,,30,4
1245.0250978000295,1151.2744883801245,97086.86274509804,32.453454550835076,0.04206141419018317,27.450980392156865,2047709.0,,30,7
1195.2598183722869,1296.849474191809,82543.33333333334,30.730064961939895,0.1602789100721147,25.490196078431374,2075243.0,,30,2
1187.975514386721,1289.0165320240274,67778.95555612235,29.432316269213032,0.17108000569537543,22.022716050938286,2109370.0,,31,2
1249.0250166552821,1156.4872175980975,89281.2202405577,31.84228769052439,0.10286331458511194,24.46968450104254,2098303.0,,31,7
1399.2416408880813,969.1399957456321,104414.77896274094,26.786998289796838,0.049124891591398316,29.74007808588247,2052173.0,,31,4
1625.5446078950154,1670.1279356976167,104935.60678592851,25.139008750283164,0.11905318994261598,36.89275509387952,1985482.0,,31,5
1675.7698891123803,2124.461555601,61669.06356455435,22.169857479534773,0.02866993629861416,34.06932995914384,1912639.0,,31,6
1674.1319978867248,2132.3686332906314,90467.15871987827,23.128879339857498,0.08669066668769608,39.97057544219115,1917780.0,,32,6
1400.9360908944564,977.9986901302244,124804.42083903425,27.54304472149337,0.0733198274918811,34.894946814611316,2019508.0,,32,4
1242.2439467251152,1157.429371551276,104593.26764401137,32.04919817865842,0.06481745162488231,29.39634913473317,2049227.0,,32,7
1628.6017538107576,1669.8112900383019,111590.02170713016,26.539643199070504,0.10108113273235977,37.85573018069955,1974441.0,,32,5
1169.1692499714477,1293.658207023326,77772.58855324882,33.91201853254601,0.21640949205591348,26.6470502947941,2014764.0,,32,2
1409.2519805634458,977.2890392363303,126465.64809908922,27.420357445099356,0.07202455022731287,33.86918940572932,2032382.0,,33,4
1629.233632183908,1670.496079575597,119706.41630587456,27.902563065801424,0.10846155430682464,39.79629755173195,1962478.0,,33,5
1669.9901908413185,2129.5907358996296,89557.33399149704,24.120773098737963,0.05568325777110211,38.73788538280291,1914539.0,,33,6
1668.2454829054323,2134.6505588772366,91584.17387855965,24.116019358796308,0.058304857296648714,40.528798884185505,1878418.0,,34,6
1628.6099393657046,1670.002613486366,126190.64635436652,25.978290807738,0.08548209209384942,42.755655965734164,1939949.0,,34,5
1411.5703871346811,971.2878576605863,133029.9925089269,28.65341239443272,0.08724426393487493,36.74314184555279,2006239.0,,34,4
1172.039149796744,1302.835732743652,87209.06777044102,31.880303320571716,0.16644659280749852,27.390342103048447,2049497.0,,34,2
1247.6658107499209,1158.8547125595453,113174.88939842279,32.631466883516275,0.051877122241018585,29.171827768287372,2068004.0,,34,7
1628.314588086428,1670.8769608313044,104259.20763848211,26.628786883367592,0.09760654192266963,36.97914724806686,1978088.0,,35,5
1676.3664235588442,2137.4803125066255,94280.83449997673,24.87065844000142,0.0369410967165909,37.17903453048884,1958995.0,,35,6
1412.630365964754,974.7576246178185,118267.10850333226,28.026525801556815,0.07038611963266184,33.58106344689315,2019917.0,,35,4
1171.2533731413303,1296.9596089909642,78398.99036242049,30.143611675468055,0.14218300204176926,24.985910302747875,2095891.0,,35,2
1253.778200267936,1158.7265969272867,105189.68293815645,32.43238765090994,0.029286242365457762,25.785459432435808,2101984.0,,35,7
1171.2119471490798,1295.7973994247848,68415.77975222252,28.96604259097261,0.13802367522340234,22.824464372645778,2109112.0,0.03950413405129061,36,2
1255.840987355427,1152.9387271471492,75420.3133589698,31.727942772252028,0.13365218329314152,23.192600894785226,2086147.0,0.04279661860047738,36,7
1416.6350044702224,974.9227327708617,98000.1510126539,27.80540516808665,0.08323809283914783,29.450921771155844,2049228.0,0.04941802181610054,36,4
1628.8679795036674,1671.3725325355701,89769.53871892119,26.516277796616507,0.11324344089856007,33.50042351468977,1998521.0,0.06275302924796046,36,5
1668.40840198557,2139.846629946767,73754.49559628879,23.844393597956966,0.06253112797793652,32.39601394827143,1974448.0,0.07197324997631285,36,6
1630.2322520509179,1671.10108502582,111030.72684133795,28.026329858154906,0.13579700786567023,38.446046245360556,1967278.0,,37,5
1677.1716445102147,2130.960873948528,92966.48833413946,25.454697503511014,0.11803684889120492,37.82259684678714,1954556.0,,37,6
1417.6279679546308,976.7270113764476,121659.9156376161,27.988275008880727,0.050074619489189225,31.79591932724414,2042370.0,,37,4
1253.598181109279,1153.6342606293774,88478.69174674184,32.842586479896745,0.08562553697880948,26.600507672465685,2057015.0,,37,7
1167.3213853739614,1300.8816858241605,71121.50588235294,28.705816520250934,0.10668231921980416,22.58823529411765,2101778.0,0.04408175062126481,38,2
1261.7459649696295,1151.6764567414543,105954.44705882353,32.2759255683529,0.05448996425387291,26.352941176470587,2077253.0,0.04827958857298337,38,7
1419.4262867807774,974.817002082259,105496.28235294118,26.95353335109833,0.09306762284900835,30.870588235294118,2035534.0,0.05761227656638701,38,4
1630.341010899021,1671.1972189725896,101690.72941176471,26.46958683672238,0.11210698173582914,37.27058823529412,1969527.0,0.08299609480102625,38,5
1672.7026354899435,2130.163973050629,94992.94117647059,24.38695013662459,0.13413625100500606,38.4,1954108.0,0.09251825684336779,38,6
1262.4428266906211,1151.4246880046198,113814.21571473042,32.93207167917616,0.057658818424703814,26.77666526637582,2086583.0,,39,7
1422.6082057038998,976.8525058134873,113840.38381942257,27.97301461076993,0.10918000161927714,31.848003385007605,2031212.0,,39,4
1633.494715369292,1670.4642660128716,105905.76819901128,25.431898337206718,0.12035566365490814,38.54216970160156,1968192.0,,39,5
1679.9651434009847,2126.959687869555,93143.64439671201,25.899006984606615,0.14960537571946877,36.716487978894115,1950549.0,,39,6
1678.9701999981635,2131.3066385983598,78576.45924336312,23.2096128310539,0.11351897639175483,32.830083246003454,2000646.0,,40,6
1631.0825999333642,1670.6480208358728,88790.58360447137,26.163565970110593,0.12883494440807813,33.55162353712441,2002656.0,,40,5
1417.7208021352394,972.0084501198081,96509.9824090289,27.402959309188752,0.09420272622374803,27.59891613537653,2062429.0,,40,4
1157.8264778950506,1293.2808829208516,59321.976189727655,27.778012158076407,0.21707248501371287,21.826593806408887,2105499.0,,40,2
1263.741613864101,1152.7802910891876,86174.098123794,32.04918237898769,0.05367510215006014,23.810829606991515,2099083.0,,40,7
1156.2022059008602,1298.8361708339835,75004.24566893277,29.406067563489344,0.15437479142783997,24.542162147710936,2088834.0,,41,2
1263.2828434467617,1152.4680440335192,98968.53429099645,32.75249404784832,0.05358773775216154,26.99637836248203,2064139.0,,41,7
1409.5183708533023,973.5079088684481,105923.78304365774,28.786667012286486,0.07126259971774282,28.884236989229027,2052842.0,,41,4
1633.1766618292843,1671.0732467630373,100167.89087656881,24.6887878690437,0.06636071377154869,35.86931390819291,1987977.0,,41,5
1669.9795063949655,2126.2097617865197,92755.02519278406,23.061214670575644,0.13579575229211205,37.9459583976146,1959201.0,,41,6
1634.6706261868776,1670.446515727818,96041.20365629929,26.623191718449604,0.13538531031601472,33.64861579059194,2005135.0,0.03379615663591295,42,5
1666.9723320474284,2123.486272015871,89497.62177702246,22.868295630371478,0.0479034347748785,36.87029177054224,1976948.0,0.036429719447620905,42,6
1409.2193805110578,976.2400744696087,87484.6112355502,26.21528393370691,0.07591767836633026,27.92119182623587,2063288.0,0.02940980655179184,42,4
1151.5933692511908,1295.9884781759974,57305.56149336583,26.073973905975148,0.20892091818718747,21.835803864107536,2108142.0,0.026733584051693276,42,2
1261.40785144037,1152.9755449352092,85125.09154423437,31.54367924853194,0.09362104966567732,24.699515846285575,2082490.0,0.02820121878094938,42,7
1146.9789411120914,1299.1304273831,84523.9182713816,29.63612184497856,0.19323116420419167,26.33564425402211,2074907.0,,43,2
1262.6532691965733,1154.6107303194678,120723.69980011188,32.59012193057827,0.06304200855190388,28.770031538007345,2076599.0,,43,7
1407.4502897342293,974.0015047261363,126337.61818491675,27.11331402730751,0.03361130840099781,35.85188545505531,2002414.0,,43,4
1634.1208079554672,1670.6947565362657,114856.38382983765,25.071533166846397,0.08651092369947977,42.71243143719552,1938079.0,,43,5
1672.9783974800357,2114.274228142239,111849.91553411588,24.098550590457066,0.14540234161390808,45.810742525904004,1898130.0,,43,6
1672.2161229321862,2118.390521953622,90681.76248579581,23.68390695396336,0.13005389287712915,40.576414915631105,1934738.0,,44,6
1636.0916579162292,1670.7737253529342,104858.42781162035,27.114366405180647,0.11878837359917155,37.517891178271974,1972395.0,,44,5
1406.1258853209138,973.5936716064398,115012.93052123515,27.183434858326077,0.07622605564669897,35.07107218838467,1996680.0,,44,4
1144.1901908679765,1302.9209009377316,79800.96233934947,30.833904845462083,0.22076566368994674,27.11891047125094,2059424.0,,44,2
1267.2036650606533,1155.2388662493217,111979.89448168736,31.378355985575528,0.09707899124412644,29.76963104362885,2052955.0,,44,7
1150.9959240650285,1304.1722496178083,96909.55172628182,28.880526552296097,0.10431827249339701,28.230205185188733,2056374.0,,45,2
1267.5913457141917,1150.2698524758669,123480.72421314738,32.440333749340155,0.08266640212386812,31.166146524448365,2041078.0,,45,7
1404.1658541650827,974.9806149298788,121792.10625979013,27.981708435021925,0.11690643274900694,39.296445617782716,1969523.0,,45,4
1640.605386277132,1671.9229729451702,109770.32984208787,24.963255416215418,0.13848679332613553,41.1031787496348,1945242.0,,45,5
1680.6140159549702,2123.898268958167,109134.58562131743,23.046334264413908,0.11397896242977959,45.620011579265,1908278.0,,45,6
1677.2134630270757,2127.926690002467,104822.18323656003,23.24063705220079,0.13185709770211604,46.81193800491159,1887011.0,,46,6
1265.8518503180642,1152.9638236845753,123804.42409755169,32.30142792542261,0.038901008237311255,31.43087266044064,2038373.0,,46,7
1641.374066999056,1676.140735632523,120894.28195157969,26.2342232757427,0.13270943669546062,41.90783021392085,1946105.0,,46,5
1149.109194614124,1305.1109235082386,99150.58257627925,29.71106927838783,0.09978756514425872,27.641334821947797,2070185.0,,46,2
1403.9156395637672,973.8711100354308,122496.36480130015,26.731384360845727,0.02719726599139595,37.89537838492843,1985270.0,,46,4
1153.1245612037492,1304.7352929063393,99737.75692652391,30.42574356288218,0.1572841636654194,30.444906990316838,2027851.0,,47,2
1267.2764661612914,1153.1658019467413,145441.8446013843,31.642575137757003,0.05706277738295017,33.586048187730476,2049651.0,,47,7
1395.5384658528599,973.022353454156,133549.48402797626,26.5968322339501,0.09086434325390808,39.86833058255776,1974277.0,,47,4
1640.5390398809282,1682.2302022591036,142209.61030924568,28.178665654579135,0.09626545305091237,45.66736048547526,1917713.0,,47,5
1680.22392407934,2127.7526705394575,124656.6716718523,22.962497639844965,0.1570343255820428,51.94964288030254,1855683.0,,47,6
1677.1904811562767,2131.3896669997366,122029.81568627451,23.300377652114886,0.2111481076943175,51.82745098039216,1851660.0,,48,6
1639.4213171501817,1682.9235585070173,127797.23921568628,27.826443704703742,0.10226799655877847,43.72941176470588,1926483.0,,48,5
1259.0446470942115,1149.572572780163,123840.30588235294,32.73740001776523,0.0785753992536522,30.07843137254902,2045857.0,,48,7
1400.678748413717,974.247364465839,130543.16862745098,26.572091151424797,0.028676906896001334,37.713725490196076,1993527.0,,48,4
1146.5608229817565,1307.2097589819573,101345.10980392157,29.631025023226282,0.15075595294433786,29.152941176470588,2056963.0,,48,2
1149.2610573416891,1315.5321961409625,94696.66459672584,32.13115689438412,0.17747080618951155,29.731341772744912,2001819.0,,49,2
1269.473565482215,1148.0782339907541,128372.67651805934,33.034330384909524,0.0526720849720434,32.54060241268931,2019669.0,,49,7
1397.7832781880586,973.8213593089636,132663.8221455744,27.151018085363287,0.058026372539122094,39.79785906587902,1968913.0,,49,4
1637.4212573520265,1679.3589796897488,131747.30086179255,28.333498461433564,0.10594822337783771,42.607119705823415,1942844.0,,49,5
1675.9266091315278,2139.750121211669,125539.30305762208,23.22070475501976,0.11526162410583411,50.80079657232792,1865571.0,,49,6
1399.0032256901895,977.984904130325,137097.88235294117,27.704483784299015,0.09666517215787439,41.01176470588236,1957935.0,,50,4
1681.0232984967347,2141.859951492695,128553.10588235295,23.521975501125585,0.14590524892158052,50.89411764705883,1865117.0,,50,6
1277.139938500376,1137.7288074712644,147191.71764705883,32.45180046750187,0.019845734951416408,36.56470588235294,2024468.0,,50,7
1638.748179898738,1676.1666637243757,139946.96470588236,28.57446588523318,0.15446166542626816,43.48235294117647,1944892.0,,50,5
1149.171727136396,1309.9484929970206,124217.71764705883,31.178172125064368,0.11586155605482003,31.376470588235296,2043889.0,,50,2
1687.038655733732,2150.6585697187184,118051.20356836861,20.985306525045196,0.22800161117766377,62.74206527891559,1753888.0,,51,6
1636.7967051244734,1675.884039637023,156923.92850083468,29.064966578881005,0.06893231625343742,47.43300135086019,1916359.0,,51,5
1397.1493673067152,976.3401528591196,142740.45722388302,27.583531138110338,0.1058050238155089,43.417509173009584,1936597.0,,51,4
1284.442281484982,1128.8010522865268,150826.15266050742,31.627631379219483,0.08790608345242512,39.15104873404333,1986058.0,,51,7
1147.6115054558586,1310.0884481113012,116747.42345187275,29.137522381605045,0.06379106433847467,31.87296916168912,2037322.0,,51,2
1633.923532727246,1668.0353129986677,140579.72763040906,29.160768002855228,0.16212242007841143,41.675662589716765,1963876.0,,52,5
1395.923866687727,974.4330279576686,140067.7858492144,28.38605281992761,0.08425027604509526,39.6176051778789,1981651.0,,52,4
1288.816099644343,1127.4133721017974,153418.14702263015,32.369862819733676,0.05169074168340379,33.95794729532477,2044021.0,,52,7
1142.5720404960202,1314.9736792454787,124080.0241025284,30.532710891988263,0.07606629442389512,31.385375530527444,2038038.0,,52,2
1689.3964462731722,2150.14012814572,106038.06380165176,20.95036149096595,0.24797369650686552,65.60058000233195,1723913.0,,52,6
1686.7436667655384,2146.6818275510154,113886.06432753493,19.82707333160655,0.2555864915736747,72.99985019310498,1651928.0,,53,6
1640.6499473212616,1662.6109896710286,174442.1596649776,29.943424418370057,0.07488704284991371,45.517553649818396,1960688.0,,53,5
1390.861634520322,974.9356921101306,156941.66224535057,26.574967612761764,0.10936724284045259,46.94892326144791,1923945.0,,53,4
1292.2829873282099,1127.753110077909,173140.75841408406,31.20897518781068,0.03310252703741676,44.65873188284069,1958610.0,,53,7
1142.2325296713202,1313.2876898565723,154346.5891394663,31.763368882138437,0.11447319654898216,36.07051421306364,2028418.0,,53,2
1678.1980287493204,2146.3057736048463,93708.08211382068,19.504456778202343,0.2274979311385573,60.99992326117737,1754392.0,,54,6
1634.5576511541644,1666.3548931770613,142524.28736896557,31.48599606039676,0.06206536562513806,38.51367703941003,1985681.0,,54,5
1390.3053385735366,972.1759022916565,136828.32982868364,27.679357439347072,0.03427210578811143,38.75289242474798,1985079.0,,54,4
1299.575679275343,1143.422696705873,131832.07729051518,29.6889944132662,0.11555315217577641,37.79603088339618,1988748.0,,54,7
1138.3706174597908,1319.0482953765006,113199.83014192757,30.257185894540992,0.07443935169592072,29.662707781905862,2060796.0,,54,2
1142.08344874829,1318.2264217379893,108420.94509803921,30.37956831446879,0.11214101020222368,28.458823529411763,2070566.0,,55,2
1298.8500603470525,1152.408855075984,121922.2274509804,31.648982272961142,0.07247721268398541,33.31764705882353,2029778.0,,55,7
1391.9859475575072,971.7954131530363,111286.49411764706,25.89205122781751,0.06407309514965713,34.937254901960785,2005282.0,,55,4
1639.5804152510382,1659.0046659116647,122581.17647058824,25.04091879692188,0.10812943354630426,41.87843137254902,1957205.0,,55,5
1676.9716135563194,2147.0735917497946,87767.93725490196,18.548032353494058,0.2365800128428595,59.0,1770214.0,,55,6
1674.7746597701798,2149.611893106163,94813.07450980392,19.286331176045447,0.18411772109394406,61.99999999999999,1743161.0,,56,6
1634.3287689102274,1657.0841398677417,134199.60784313723,30.12740140214463,0.11482510558872601,40.36078431372549,1964509.0,,56,5
1387.3324242232738,971.1366291699911,123114.00784313724,26.91519699783483,0.10927120390822985,36.470588235294116,2000770.0,,56,4
1135.0762001949556,1318.9125898623126,127707.35686274509,31.194821334996206,0.11931647154442532,30.635294117647057,2062251.0,,56,2
1300.378225138675,1153.3167398253097,136537.3725490196,30.224247552247572,0.09681525936962158,38.4156862745098,1994929.0,,56,7
1143.0330157603014,1317.0204962818314,114719.08404068807,30.14531358863074,0.09039430200982265,29.416890398424858,2065242.0,,57,2
1302.1429909430462,1156.7075259779663,120075.67349846894,27.288286944443087,0.07478817658723297,37.78938997336116,1983083.0,,57,7
1392.6195614793335,976.029341289537,121728.22388754353,26.636350216390355,0.1324632513597178,37.33682242877001,1989896.0,,57,4
1634.7598580479666,1657.3028130032692,117324.74167867163,24.647933277829164,0.12417685118493918,39.825943924021345,1970921.0,,57,5
1675.8387683761912,2146.2805631374804,75607.74426957616,18.14549389425318,0.2395270322699901,56.79722684618953,1778100.0,,57,6
1393.427694785823,976.8135553457923,129499.65098039215,27.098571292911227,0.0905533434834316,36.83921568627451,1999009.0,,58,4
1634.6399298321307,1660.1524050661656,126412.81176470587,27.225443255847992,0.08887966247889609,40.90588235294117,1955761.0,,58,5
1300.7505116567952,1156.0197722145106,127869.8745098039,27.983913534252956,0.12250812439433853,39.470588235294116,1979609.0,,58,7
1676.2226506285808,2147.195028374379,88100.7450980392,18.951946661954096,0.22328042638987258,60.99999999999999,1751851.0,,58,6
1139.7770343654583,1310.6556367275286,140081.83529411763,30.094055849110823,0.08349189864586685,37.79607843137254,2001634.0,,58,2
1133.3998865713663,1296.394194884571,131589.14872343265,29.734770449972817,0.06350792875874728,35.76015404768502,2007331.0,,59,2
1303.7204604301307,1158.8466834240235,117436.12377983955,29.69066456143454,0.11088624995868844,34.8717030154444,2007699.0,,59,7
1390.8714389259753,976.6944025385761,116753.34916156264,25.598513043435695,0.024063062022760498,35.982266805745176,1999454.0,,59,4
1634.7236313573048,1660.4800757207645,109705.93346107197,25.924564642655827,0.057410604184227415,38.8697326605272,1971059.0,,59,5
1674.9178156315816,2152.6595650997597,83737.84246522695,20.03495152901637,0.21770105462892453,53.97340020861777,1808222.0,,59,6
1633.078259568575,1659.3052161536957,120624.2274509804,23.842396741528987,0.09645628425023957,41.87843137254902,1957430.0,,60,5
1389.1044234252677,972.2458934716531,119812.5725490196,26.94736914820059,0.08989639349309785,37.48235294117647,1994920.0,,60,4
1296.1956027685612,1157.484956652039,129702.82352941176,31.6398743857656,0.03177435431862832,33.780392156862746,2027085.0,,60,7
1675.53966084392,2151.7307679219603,81591.2156862745,18.788083827792157,0.21783765589586376,59.0,1770776.0,,60,6
1126.1915650613512,1286.0224666569668,119266.76470588235,26.511097797269958,0.12148290320606536,38.870588235294115,1978314.0,,60,2
1633.6146768046124,1658.7638690579836,123643.41176470587,25.693385736748862,0.11521397975491415,43.53725490196078,1932978.0,,61,5
1392.8681090996863,976.9196813902969,123883.82352941175,25.7638607619536,0.05741626059144455,39.70980392156862,1973103.0,,61,4
1296.245392542771,1158.4975407085276,136859.12156862742,31.19795906597404,0.029189186607262115,34.2078431372549,2025071.0,,61,7
1676.2127732276624,2152.8130555938164,90309.66274509803,19.329875551917794,0.22524475933898747,60.99999999999999,1747865.0,,61,6
1119.275830191319,1279.0303085579085,135075.29019607842,27.415447809664393,0.07847240368386514,43.29803921568627,1937353.0,,61,2
1116.1933688740148,1269.1911950827875,115682.95294117647,26.879425114577206,0.11010632771081619,39.56470588235294,1971524.0,,62,2
1291.6949712414194,1160.6618580658296,127354.31764705882,32.57691693455899,0.01996349177665538,29.72941176470588,2072035.0,,62,7
1394.798414612796,976.5458828564203,114909.76470588235,26.507673326611368,0.07427604996149163,34.870588235294115,2001987.0,,62,4
1635.9893731446027,1655.2729854149636,114300.8705882353,24.583435329910056,0.11272109969203999,38.67058823529412,1976416.0,,62,5
1676.842036885573,2153.9858587017234,89640.6588235294,19.560164592876383,0.23116641337921387,57.0,1788512.0,,62,6
1635.5985005380703,1656.3592366735966,114767.44313725492,25.035044178313594,0.11607633384093402,40.94117647058824,1945177.0,,63,5
1675.2129335661562,2153.3579309015454,80238.33725490197,18.02722890659376,0.21376181599090166,57.77254901960785,1772804.0,,63,6
1394.5055467059476,974.9373809347089,119513.43529411766,27.001878194376363,0.07797219466205037,36.16470588235295,1994264.0,,63,4
1110.8254374826288,1261.38355323273,125206.98823529413,26.710232016935283,0.07169592843543934,39.576470588235296,1971541.0,,63,2
1292.0659494294764,1159.8085687524667,115833.73333333335,32.67392405970081,0.04741437033247076,31.843137254901965,2034918.0,,63,7
1108.9600361108266,1257.7975057470194,120087.82349167753,26.50017915749094,0.0736644600692995,37.7764705763651,1986343.0,,64,2
1291.6201049467968,1159.9457001381077,119446.5176095261,32.17114949861451,0.017520018627724572,30.39999999044765,2058513.0,,64,7
1395.971959841377,975.6985371126734,112904.03525864072,25.53446345721128,0.060411071655733325,35.09411763603148,1996848.0,,64,4
1636.350116593218,1656.1216000493082,108799.58820110689,24.911978505041212,0.12032500887738026,40.90588234008765,1945748.0,,64,5
1676.277032439214,2152.958620551056,77858.19997553524,18.43113657170644,0.21093770160197242,56.99999998208935,1785698.0,,64,6
1674.7636654110781,2153.485036361261,76929.56158901141,19.506131893231956,0.2519764324464989,53.39073714617964,1812577.0,,65,6
1636.6184944645745,1656.1284139302984,100197.45421275629,23.279960857422456,0.08868704421628582,38.9438318007428,1963228.0,,65,5
1390.33261790021,975.4228191477692,114525.85305927259,26.621504463795862,0.13306192336974584,35.384449324330824,2006942.0,,65,4
1290.2463479346402,1157.5815207753053,120423.12169636786,32.10695203383431,0.05862092763211105,29.521937010240507,2074396.0,,65,7
1109.800652253846,1242.4021024173537,117872.30071341922,28.74561639307373,0.09921486203714557,34.12819668559718,2013409.0,,65,2
1114.6483789443282,1232.104090548054,119299.39833331545,30.08070162093868,0.12479553165611473,34.45718776325091,2008830.0,0.05185278388677442,66,2
1288.8666534512774,1160.5647419956938,109726.11478556675,32.452509299711366,0.01771636303009485,28.642537328202316,2064556.0,0.04498832628875348,66,7
1394.2896311493332,976.4114170870323,113263.14510946446,26.087654162132676,0.08412840011066854,34.88790261029154,2002534.0,0.05276235660155706,66,4
1638.1849596635857,1655.6221116980616,107341.24667750274,24.45506961854269,0.07582080759745594,39.84112335125886,1959698.0,0.05991272858397521,66,5
1676.7837699582283,2151.862746761095,81251.7716051338,21.69467592393054,0.2777552084110395,54.916142997681135,1809378.0,0.11424300773293217,66,6
1676.879839524485,2151.803014424524,78806.96470588235,20.022442157438665,0.2580299148089579,54.0,1802166.0,,67,6
1635.1410173583195,1650.6308942035648,104562.84705882352,23.028332586524357,0.09645838803884756,37.90588235294118,1977119.0,,67,5
1291.6434840157685,1157.8221196731217,117751.34117647058,33.079557024132626,0.026305723598902337,29.435294117647057,2056315.0,,67,7
1393.8427750768287,975.1285491797998,111768.98823529412,27.174261858285284,0.08935374023860944,34.305882352941175,2010321.0,,67,4
1109.183516457789,1210.8112266306962,117586.37647058823,27.83187895986011,0.0874620582470113,36.84705882352941,2000264.0,,67,2
1107.535585174689,1204.3480246202896,143911.27450980392,27.640038612320097,0.10396336988979284,47.411764705882355,1913060.0,,68,2
1290.4049069117916,1156.5754194170718,161723.05882352943,32.363224957428315,0.058973362988035544,37.470588235294116,2029976.0,,68,7
1396.367874145561,973.9327346585213,145956.35294117648,27.575232398319198,0.07907284894016267,40.7843137254902,1973934.0,,68,4
1637.86156197339,1634.8628469896423,144607.92156862747,27.198086363532177,0.07234525235231526,44.6078431372549,1934614.0,,68,5
1675.8653619680067,2153.0249735570897,93505.17647058824,18.40295194645966,0.23716778603223032,65.0,1709202.0,,68,6
1676.9867772630241,2152.028424058682,85650.44705882353,18.296537596699366,0.25087298947904935,61.99999999999999,1742882.0,,69,6
1640.7107183499288,1632.8392567567566,136740.39215686274,28.810011953528356,0.19210595243310896,43.035294117647055,1937954.0,,69,5
1287.320750329707,1159.610503763896,136978.42352941175,32.98922132957744,0.04167647587299963,33.55294117647058,2033783.0,,69,7
1401.4465098872122,970.2038557183213,127984.29019607842,26.49069153331714,0.08789640396119804,38.90196078431372,1976965.0,,69,4
1108.9442935649965,1204.935392792198,133304.13333333333,25.244004731632835,0.051102552056383345,45.70980392156862,1925509.0,,69,2
1104.5418645193567,1208.0829436040863,151566.39284036672,29.547072900285386,0.057559774590950005,42.70110083556671,1961426.0,,70,2
1289.801044748144,1156.863915442225,158782.10249792592,33.52938630370244,0.026682791022847232,37.52520982519499,2026150.0,,70,7
1403.3030161576082,968.4329436269569,146362.29322398847,25.99985055454709,0.07580028706988445,42.9598953860853,1952138.0,,70,4
1643.6905338975168,1629.8381599568966,147458.8057345357,28.121445817826142,0.08264082723866606,46.84181364386409,1919679.0,,70,5
1680.9503437301744,2150.8270246799307,99533.4193076503,20.50085039777775,0.28480147307410064,65.99261038223946,1718538.0,,70,6
1407.8774508944657,968.4027715290154,118665.46864029883,26.576388910004084,0.10368806165279161,35.592591410024674,2002710.0,,71,4
1682.8146606795422,2154.7707963335047,87191.21740128213,19.37421831911919,0.24334446158925516,58.935784477638265,1771806.0,,71,6
1287.8310603596487,1143.2540503074517,119374.77814054147,31.707931965395854,0.09477186686918682,29.352331877098273,2068534.0,,71,7
1651.5713361775076,1624.7963006253287,118641.20096433745,24.028659738078794,0.11654094603408761,42.757333836717955,1949874.0,,71,5
1101.7147580021172,1219.7525275486937,134714.95391753866,29.27052712283192,0.025567586362964353,38.59716081476702,1992253.0,,71,2
1097.4114103466616,1226.117301406715,129870.36188070169,28.965445940201416,0.07099171566235755,37.552940359549474,2003697.0,,72,2
1289.7725964732456,1147.1068086479509,117761.99743822291,32.69760831594533,0.05365774118677182,28.835293490368347,2077392.0,,72,7
1398.5071112393193,969.9124369597438,112358.17402636512,27.384342519715368,0.07990494056168637,34.87058747672451,2001806.0,,72,4
1652.7719659028112,1623.4375947117394,116087.53865111942,26.77026880773769,0.21998991439798884,43.36470493900356,1934715.0,,72,5
1683.4150412028337,2156.415214688449,77307.64537708444,18.672505626914724,0.29221653639273587,56.99999876003045,1789317.0,,72,6
1683.121971877266,2156.437330039884,84190.27453608994,19.25632155191747,0.23932334342758,60.813202520800104,1757966.0,,73,6
1651.9684952595828,1624.053927016376,128110.52332920034,26.567393199257204,0.14463667271141695,42.92696648527066,1943409.0,,73,5
1292.859987809884,1146.6813972787254,134206.62953640305,32.24473418663858,0.04270124301646921,32.43370801109339,2053044.0,,73,7
1395.3686125306563,974.4685532519964,123106.43145275349,27.585309694364625,0.10441223995334144,35.772472071058885,2007395.0,,73,4
1092.6715946558027,1229.8496557765407,137211.99415666627,29.399326017394174,0.048415040701097777,33.86460689393574,2044586.0,,73,2
1104.7257850213061,1224.0554684183217,109735.99999999999,29.99842510057074,0.09024338060691438,30.843137254901958,2049603.0,,74,2
1292.5746267467614,1141.33894541022,108290.03921568627,31.893581594632916,0.07621699387701916,31.274509803921568,2048292.0,,74,7
1400.168742402392,978.5090265246181,114264.54901960783,26.85773336605363,0.07832451491305611,34.94117647058823,2011945.0,,74,4
1647.9530134748322,1624.850931881651,111293.90196078431,26.414155996932863,0.1579612190477092,40.764705882352935,1953720.0,,74,5
1679.14282329589,2149.6484029684543,81930.80392156861,19.23710834360055,0.25980188367624457,54.99999999999999,1807565.0,,74,6
1409.9588465388752,970.03825590449,123972.19403522667,27.124340179771742,0.05130206325962179,36.542172799675654,1995946.0,,75,4
1649.8247222108046,1624.3372753269173,117419.65385477665,27.922981790005917,0.1611996091915435,40.44919756442085,1954784.0,,75,5
1295.308591564294,1148.4155432288792,118703.45622747469,33.09797999180675,0.03649111133265769,29.187773242508225,2057193.0,,75,7
1674.4250559842828,2150.7101609738907,82821.80043802713,18.9836059227266,0.2643303149799287,57.915896512693486,1766691.0,,75,6
1102.738035913073,1235.339213010019,118710.35097705953,32.46983324793246,0.02047607743643546,31.94567307644601,2006882.0,,75,2
1671.52176774882,2151.0025835972024,79792.98823529412,17.89260726556457,0.2474194726865966,59.0,1765665.0,,76,6
1652.4727461148286,1621.8598767756012,114311.4588235294,24.36151113214534,0.10520177853164907,43.498039215686276,1941936.0,,76,5
1410.019441651987,968.4006031707969,125435.15686274509,26.02279120776246,0.06125980752619434,36.78823529411765,1996448.0,,76,4
1106.1803137465774,1231.5279608301462,126502.24705882353,30.051193212324897,0.06972888451910043,32.62352941176471,2030787.0,,76,2
1291.3805562444384,1139.1898295379947,126882.85490196079,32.630440891955416,0.08785406856584493,30.541176470588233,2062696.0,,76,7
1655.175329705784,1620.4960830971359,128482.72502399095,25.657913519677557,0.13793238060778598,44.897367400375124,1932734.0,,77,5
1418.7146757927694,967.1547311319038,117447.23717962891,28.901724948163707,0.1517794827341026,34.92017464473621,2012007.0,,77,4
1290.2546697946577,1147.5756215976305,131130.00683515382,32.40554947223538,0.06532058478218149,29.93157826691675,2077150.0,,77,7
1672.6212690357975,2151.1375891550006,91192.01689095663,19.2287077656877,0.25616659339769643,60.575813159236276,1756001.0,,77,6
1106.08787091161,1237.7108415676898,129964.33814820333,31.672104636544933,0.07724021624680785,35.395279061671395,1999320.0,,77,2
1654.2546727151787,1618.0695019565778,123682.3411764706,24.31664515411901,0.09879757514148445,43.976470588235294,1929220.0,,78,5
1412.6044373603872,972.768300912137,106176.0,27.18091415298807,0.11344521919037688,36.31764705882353,1984779.0,,78,4
1669.2864310561806,2154.2862661911226,89913.10588235295,18.79957124657351,0.23840275790601406,63.0,1738413.0,,78,6
1108.60670630065,1240.9445730937034,137095.6588235294,29.873545685349292,0.06506578927774388,35.576470588235296,2018524.0,,78,2
1286.5632733431112,1142.6512187117632,121957.1294117647,32.86036343003449,0.030210689940836994,31.129411764705882,2041606.0,,78,7
1104.0321008769795,1245.796643643222,107451.70980392158,31.34906560145579,0.10419291875057925,31.38823529411765,2005787.0,,79,2
1290.4607274379262,1137.5084165540975,113150.49411764707,32.914297418100986,0.05035747100608006,28.203921568627454,2077929.0,,79,7
1414.5013874619528,969.455428384879,94753.34901960785,25.465198438877188,0.13765770814201114,32.75294117647059,2018986.0,,79,4
1654.0646074029228,1615.3954286699293,108199.3411764706,25.316767821140605,0.13709719086200806,40.031372549019615,1949133.0,,79,5
1665.3206476439411,2161.2951775212373,78317.05882352941,18.290287981048337,0.24242642423291028,57.77254901960785,1776512.0,,79,6
1660.8536579283516,2166.026176153571,77841.39215686274,19.250299622053472,0.2339582455735392,54.99999999999999,1804729.0,,80,6
1415.9654838008262,972.1231919982605,99194.11764705881,26.003503702907736,0.06392580529846884,33.431372549019606,2009643.0,,80,4
1657.65075785266,1617.1849934285738,110937.80392156861,25.14108575536969,0.15029931029251975,40.98039215686274,1952179.0,,80,5
1288.4525839877938,1138.6630060562945,115209.90196078431,32.163744113488484,0.05789153641326496,28.470588235294116,2084213.0,,80,7
1111.6794591348341,1251.2367522611876,118517.45098039215,30.868080441510898,0.09449555763753884,30.843137254901958,2043961.0,,80,2
1109.886435686676,1251.123090232686,121008.50347038238,30.198586329322623,0.07788547131826644,29.118358664362557,2057278.0,,81,2
1305.4220690967927,1141.402143333016,121407.37876446723,33.21142713234598,0.06302137489238524,31.42933951074054,2054106.0,,81,7
1410.2608724715851,980.079833468767,110628.73299887568,28.08674714115545,0.10817459157626952,35.35800694958311,2002491.0,,81,4
1660.4208284873778,2168.495159745502,81071.05687561668,18.379449411788325,0.23741208339508837,58.93001158263851,1776402.0,,81,6
1658.900220002403,1614.1537862372131,111556.12961252716,24.353938542447775,0.12642392017173776,42.98424374263044,1935309.0,,81,5
1657.837631144928,2171.191986473189,76397.29411764706,17.71213750053657,0.21331101470379016,54.0,1811704.0,,82,6
1662.2030722932432,1606.421485496745,103018.6588235294,23.438263534966037,0.07602510066931698,37.90588235294118,1974794.0,,82,5
1408.0808214711662,972.4598531064721,98722.16470588234,26.626981891259145,0.09843642568415789,31.552941176470586,2027070.0,,82,4
1293.4102895987912,1135.3483389138373,104544.63529411764,32.16646885866975,0.06287474760621516,29.223529411764705,2065469.0,,82,7
1107.1756110991755,1245.7330478512713,101524.8705882353,28.64317880135234,0.1320437070808071,27.741176470588236,2074045.0,,82,2
1109.7657499141576,1245.9814328032762,119267.69019607843,29.91273143405423,0.09063446615734994,28.92156862745098,2068513.0,,83,2
1296.1340737931616,1141.0917702850752,120801.4588235294,32.89065825684346,0.06275379598324654,29.384313725490195,2063958.0,,83,7
1412.3050883140672,980.9774841451398,106603.05098039216,27.128304082366995,0.08728580512094158,34.01176470588235,2007862.0,,83,4
1664.995176462885,1602.2072255831995,116608.7568627451,24.423953401708808,0.12668759760940806,41.87843137254902,1948132.0,,83,5
1660.7147357321385,2169.327570499319,87110.14509803921,19.248800422375986,0.2070505682403978,59.0,1765780.0,,83,6
1659.5376904297898,2169.7706905764758,98810.54117647058,19.165091641334616,0.24581133044580367,66.0,1708050.0,,84,6
1417.8389392145507,984.5008291710069,130945.81176470588,27.12384983575554,0.10261638937458419,38.8235294117647,1979407.0,,84,4
1300.1918541204632,1143.1567200819663,139695.6,32.5858418046059,0.011663237512078742,34.423529411764704,2030215.0,,84,7
1687.3455661022522,1592.3557664894893,147980.54117647058,28.336918304366154,0.15880772601182094,45.811764705882354,1926000.0,,84,5
1109.3998168437422,1240.001343268731,140465.0823529412,31.823283867555585,0.06585640623291078,35.71764705882353,1988898.0,,84,2
1110.6130227110518,1243.0672053144958,160714.62758890298,31.79924022228464,0.09246051409197481,39.41174550612704,1972185.0,,85,2
1301.521995822624,1148.7876839836586,150249.04445200358,33.31387264613417,0.04641022020627275,39.117628002349974,1978312.0,,85,7
1422.5878543320216,979.5145890304365,132291.11202388717,28.257348555609884,0.131350417283285,45.29409558166839,1921056.0,,85,4
1659.6446344946428,2170.794796312104,110600.24023783221,19.482512869522946,0.2171311067155895,74.9999634631522,1643570.0,,85,6
1691.1623648039463,1583.7396843381568,170286.38763182386,28.50304247036922,0.0693573386257391,47.941153115662,1932016.0,,85,5
1701.9603370582736,1581.9669097643662,148417.69411764704,26.87777064454562,0.1437676731119733,44.77647058823529,1942657.0,,86,5
1423.9954747814165,982.0913999052954,130635.22352941176,27.42896846524074,0.12987513177054166,38.8235294117647,1981397.0,,86,4
1307.2107401661294,1147.2662180811337,147975.36470588236,32.661567508917116,0.033877027496023254,33.38823529411765,2046094.0,,86,7
1660.2870279155004,2171.200636418352,95896.96470588235,18.35748962079674,0.2404236889142992,66.0,1711870.0,,86,6
1110.977361353287,1244.1578589854992,133741.10588235295,30.70842625407263,0.06512478961547162,32.35294117647059,2026855.0,,86,2
1662.1380755931164,2169.758272920255,89678.7072146343,19.762393805300228,0.2143799840517527,61.06212290819013,1747288.0,,87,6
1430.7247380499668,983.224743396977,111959.43775626355,26.77813480727904,0.08625934059978471,35.91889582834714,1994723.0,,87,4
1303.0386460670024,1143.62980599614,126923.24975835296,32.17083780015932,0.0738605413868947,33.28484346760168,2028993.0,,87,7
1699.7299532064726,1577.6821157240638,129827.41221572759,26.364360537940577,0.17032154211021786,43.581593605061194,1943903.0,,87,5
1119.447957189523,1247.7521137265371,127010.14117647058,30.727253000225218,0.09173945892439135,33.38823529411765,2022846.0,,88,2
1305.90175985534,1142.9348992331818,137981.9294117647,32.34343062879243,0.08965973888904086,35.976470588235294,2012049.0,,88,7
1423.3119835363555,987.8434437158631,122874.6588235294,26.948779284262965,0.12782355625109307,39.858823529411765,1971814.0,,88,4
1661.3564454552838,2171.9454390382584,95591.29411764705,19.036066346486912,0.1992937406951964,66.0,1703620.0,,88,6
1704.4219102948207,1577.4519634639876,141851.3411764706,28.42397491601222,0.1863882783206988,45.55294117647059,1920263.0,,88,5
1703.4382054748226,1578.5766925763207,129499.76470588233,28.155435688733803,0.21441429259388398,44.007843137254895,1921921.0,,89,5
1660.6434466278288,2171.3195037372484,84347.47450980391,17.54183868966207,0.24406093460237857,61.99999999999999,1735864.0,,89,6
1424.7207744748146,997.3944820806531,113771.2156862745,27.84524952404931,0.09927405527453306,35.984313725490196,1999618.0,,89,4
1124.7503346541291,1253.6131048706313,118243.23921568626,30.34823992495457,0.11893513297186853,31.121568627450976,2045263.0,,89,2
1306.6782856936775,1147.554904078491,128093.7019607843,32.80428217845606,0.033087150166761586,32.58039215686274,2041320.0,,89,7
1126.6777786277376,1249.9836731909122,110014.17254901961,31.7075708659437,0.18199694755798498,30.02352941176471,2024249.0,,90,2
1306.796169992524,1143.0753043111545,118654.35294117648,32.36073597921903,0.07060915985012917,30.47843137254902,2049028.0,,90,7
1429.044602144611,993.7004371899584,108941.7411764706,26.57871358940984,0.07762350245777098,34.34509803921569,2016730.0,,90,4
1660.0018689430535,2172.688230223709,84703.4274509804,18.911156771641217,0.18071192893239554,57.77254901960785,1773290.0,,90,6
1698.8837104175966,1578.451104931278,119249.36470588237,25.61716320796285,0.1356202268229768,41.62352941176471,1952246.0,,90,5
1694.7394667840915,1578.0394207481836,119514.54901960783,24.961192272672896,0.14122679758098924,42.81960784313725,1940412.0,,91,5
1658.7871712180681,2172.935713507992,92275.53725490195,18.609961697665607,0.2153685418990521,60.99999999999999,1760366.0,,91,6
1423.944606379166,1000.7545374905427,120148.47058823529,27.356393355056284,0.06888426869824785,35.882352941176464,2011026.0,,91,4
1303.547936769027,1148.3327290558987,123907.50588235293,33.16521868108308,0.01303842605117931,32.29411764705882,2037559.0,,91,7
1118.1400905576022,1249.226185859784,83896.76862745098,34.42304335038759,0.2987502711729839,30.14117647058823,1966109.0,,91,2
1132.4239048196723,1247.2395218693134,102450.25450819642,29.500449375239416,0.15537212339241194,27.88706085629919,2070744.0,,92,2
1309.7199351829488,1149.3992654981098,128191.9879269677,33.20542918316316,0.03928213623209294,31.180808201531377,2062263.0,,92,7
1429.438562668109,1007.1251565422534,122210.98191433876,26.002088470696766,0.03333887773378996,37.76830289199575,1984798.0,,92,4
1661.1806907847354,2171.9529767017534,82316.89448573014,18.875181040370478,0.22114790471602364,55.77412171259838,1798063.0,,92,6
1694.468997857123,1580.869556833949,110463.94179914633,26.740209318981666,0.08400461299541533,39.74455129913507,1961726.0,,92,5
1693.241053293685,1579.802643750012,114784.73682543385,25.80595221628675,0.13237626935910804,40.905696329118044,1960073.0,,93,5
1659.901484787996,2170.9236230084507,85329.28254254024,18.8926076864258,0.23280332888511118,56.99974078647597,1788378.0,,93,6
1425.4014119313501,1009.8956939502453,118038.86320335353,25.77226799383716,0.0884326362419333,37.776298795742896,1983487.0,,93,4
1307.385012896145,1146.6415790837946,121590.72940373432,32.79846822780679,0.04010939042466903,30.39986175278718,2045369.0,,93,7
1134.0204599876652,1238.6478255332856,89520.66348170578,28.885706681649072,0.1368232083728859,27.717521009894195,2067475.0,,93,2
1112.037728830489,1230.417896567758,71138.80943214757,35.08009611500164,0.36035861698493954,29.892829836988316,1933002.0,,94,2
1310.8886719105717,1145.96282183337,121080.90725472117,32.25574556569265,0.08164849304032319,32.34306179083982,2036646.0,,94,7
1418.2083738379179,1015.0652682886756,125270.31384941646,26.025899564900378,0.06766466096100483,38.95868806623887,1979500.0,,94,4
1656.9749616072484,2171.2576641272963,89188.68814339003,17.739633895012922,0.20827529765814734,62.48091482321328,1738365.0,,94,6
1694.9690359868086,1579.6291533584845,132102.2956063406,26.706019867374344,0.0385632512336277,45.32929114625277,1916520.0,,94,5
1694.858862424537,1579.0344318987172,118369.94509803921,27.1193475167219,0.10968816310723889,39.74901960784314,1961761.0,,95,5
1658.3921126686132,2168.346199680279,83111.6862745098,18.541513595550192,0.23617366925089037,56.0,1789923.0,,95,6
1413.3711095404726,1017.8253041400017,114031.59215686274,27.33583956462096,0.10454153511312027,36.45490196078431,1987207.0,,95,4
1312.8673379459694,1151.1793969699572,125341.39607843137,33.001220830347165,0.03098809355944882,30.305882352941175,2062126.0,,95,7
1129.8676213829226,1238.249404911309,79619.04313725489,32.31067397189128,0.2951630049871928,27.45098039215686,2035794.0,,95,2
1124.3139303577748,1225.46725180035,100052.43617967048,28.96196749271913,0.10489480799973601,28.70588148188283,2053720.0,,96,2
1311.4874033308222,1148.4876706490224,127966.75297969038,32.26417931292891,0.04924884860568658,31.815685309086803,2051051.0,,96,7
1400.3492230435072,1023.0904418878848,122139.21982318915,26.232032709157156,0.09571642909614522,37.79607728447906,1981887.0,,96,4
1660.3574998481308,2167.536296713553,86632.91501824828,18.346196576110565,0.19848042534968302,60.999998149001016,1752248.0,,96,6
1692.958213611362,1578.5691899126166,125297.10600187529,26.611289247437284,0.038351198956267145,42.819606543808554,1943302.0,,96,5
1658.8189089659488,2167.98907016941,100815.67094921431,19.568375483620606,0.23140838944900005,65.92774333631579,1716884.0,,97,6
1389.3487859330785,1018.5231116656812,130742.98832135249,27.743538124686626,0.10841343995795326,38.781025491950466,1984652.0,,97,4
1310.5775584736969,1146.6698690827811,129549.30835671026,31.967357666448798,0.07623698075326903,33.61022209302374,2026058.0,,97,7
1694.2567519792392,1578.9567237715553,137483.90617236332,27.775011413192118,0.04690797323874692,46.537230590340556,1917189.0,,97,5
1142.8591759427486,1225.1426111302153,85448.08511401784,29.473907900321297,0.15730022974249402,27.995359834712424,2041035.0,,98,2
1311.5863306951837,1146.521065938035,117869.25683532708,32.25493813328245,0.07180539171352453,30.07765932655054,2051536.0,,98,7
1393.9389330240529,1019.9821755719647,111513.84741962694,27.424206976271403,0.07129148920482624,32.85405864900136,2026381.0,,98,4
1654.8649773398636,2168.6530160593493,96180.9507947821,19.72356138796684,0.21390535254191725,58.9984856020799,1776913.0,,98,6
1697.6622345097967,1577.5021609076366,125110.33763488902,27.322240496519683,0.14123237940227837,41.41462322655805,1954390.0,,98,5
1697.7666515432577,1575.2524173524846,114653.00172159488,26.502962272573434,0.18946805569911118,40.82450972438381,1952406.0,,99,5
1398.8198284449245,1024.3792434279173,102018.91339495519,27.39595656996253,0.07965525584434505,32.48401849036991,2027450.0,,99,4
1309.5799930429969,1150.5815381895263,114207.44390040939,32.13997909897878,0.02710480105895236,28.7527460962058,2078412.0,,99,7
1654.1775719207762,2169.6950580227863,83069.53679788703,19.834698498777414,0.23623187782504607,55.96908591246167,1793889.0,,99,6
1150.367593069646,1233.334853810319,81367.41812631393,26.86955743885331,0.176948003705902,27.21633981625587,2059720.0,,99,2
1308.2510999475255,1150.092709338637,134653.48235294118,32.83716130893365,0.037346682822925054,33.847058823529416,2030083.0,,100,7
1407.2276319129135,1023.2225593878376,131406.88235294117,27.455968627932023,0.06651300983998812,37.05882352941177,2000483.0,,100,4
1648.9052361340562,2169.1625779163533,95560.62352941177,19.234024625477968,0.2010730573640179,63.0,1739183.0,,100,6
1699.9556020729976,1576.540244554693,133957.76470588235,26.512972181225628,0.16794866229095715,43.976470588235294,1930495.0,,100,5
1701.1760413582995,1576.6067922811956,116017.96862745099,26.01812959538912,0.06350767480561537,41.62352941176471,1942824.0,,101,5
1651.8806588794007,2167.0137559855743,86592.18039215686,18.933395326552375,0.21957117142692673,57.77254901960785,1777364.0,,101,6
1399.7339659772551,1025.3429825723315,120201.01960784315,26.77143489226346,0.10793885718887525,38.439215686274515,1977512.0,,101,4
1142.5110199041117,1237.6804736306842,93932.70588235295,28.148473512653343,0.11484699311820408,30.70588235294118,2036247.0,,101,2
1311.4429645061566,1147.6766143900059,129047.95294117648,31.650261373176036,0.05759204639025522,33.43529411764706,2027980.0,,101,7
1703.9024659143797,1575.0603450906788,119245.2705882353,26.24534788654833,0.19682909869788923,42.30588235294118,1942341.0,,102,5
1651.4650185618038,2168.004196342637,82712.54901960785,18.015534491637677,0.21130670461943268,57.77254901960785,1774684.0,,102,6
1403.4655749845026,1026.3467963039236,109341.6,25.320356539972767,0.08319829736100276,35.70980392156863,1994259.0,,102,4
1309.7661584808304,1147.408079191255,115668.14901960785,32.52641577779113,0.05561907667440778,28.658823529411766,2060893.0,,102,7
1146.7760322981258,1237.3677801005008,111802.51764705883,27.578288717765986,0.09933844774523197,31.870588235294118,2037700.0,,103,2
1313.9338309488203,1143.852946262468,130012.97647058824,31.977653093560924,0.06891250065019901,32.11764705882353,2040750.0,,103,7
1404.4236100718535,1026.2693895550115,123815.75294117647,26.13505272629133,0.052075334691741235,38.78823529411765,1978039.0,,103,4
1654.5244645893456,2171.5826980452234,101274.10588235295,19.820785218974997,0.2703097203791417,63.0,1739107.0,,103,6
1710.528511884202,1571.0809102899777,138048.31764705884,25.478812748661785,0.0979676383590406,46.94117647058824,1909010.0,,103,5
1715.2052878604738,1569.262258419148,135176.80392156864,26.619279292113596,0.09367458417975166,45.88235294117647,1911122.0,,104,5
1651.6643751559243,2177.0935924218866,101151.98039215687,19.545515936146057,0.2300117913417909,65.0,1717006.0,,104,6
1403.9280269266574,1024.2654659295963,128971.98039215687,24.996488101385683,0.06643198001241475,41.80392156862745,1967137.0,,104,4
1316.5566304425565,1147.3962587658707,135435.01960784313,32.515599151710695,0.026231201304333342,33.64705882352941,2031940.0,,104,7
1140.434972653209,1229.5046883755065,102811.64705882354,29.061550455018402,0.17652309648573783,30.07843137254902,2041720.0,,104,2
1138.4747103418013,1221.5873852804152,114105.12900999915,29.75811505595449,0.140277464061767,34.62282994729642,2019016.0,,105,2
1316.8892297400612,1143.052142584098,139343.57406481143,32.37692846676312,0.0635978695479713,35.15548886956252,2030162.0,,105,7
1403.9472817036847,1024.6553072057916,136265.87081195792,25.440001103300034,0.06142694630073005,43.944361086953144,1933141.0,,105,4
1652.279032064369,2177.8695312785544,102015.3694513255,18.9469221922288,0.1868654597673917,67.91401258892759,1700596.0,,105,6
1718.208267895577,1565.5388161734516,144653.38453142103,26.283705567696533,0.13579508779294044,46.87398515941669,1910638.0,,105,5
1722.33887002667,1561.4641774606093,148635.4705882353,25.677926755948697,0.09333874765129477,47.89411764705882,1907123.0,,106,5
1650.659178712287,2180.1382455591756,107301.22352941177,19.778865714567168,0.21330859650299666,69.0,1683456.0,,106,6
1403.773737121546,1022.7399712880209,138724.63529411764,25.585073655878464,0.08050428142801506,43.83529411764706,1942107.0,,106,4
1136.2664305267201,1222.9481813010225,111303.22352941177,27.954517725902505,0.14494978780489406,32.741176470588236,2024499.0,,106,2
1316.86885340283,1140.5368704673554,140998.38823529411,31.84745237062138,0.0976016352324612,36.8,2018179.0,,106,7
1147.1621083418038,1218.8982138752178,84835.27903577276,27.401271347157596,0.11615724755462481,30.309978080198874,2026921.0,,107,2
1318.0611788332471,1143.7490252052023,122145.21732500485,32.07790219485981,0.08705248805520771,29.840055939420598,2061624.0,,107,7
1404.993085349675,1025.3451633666339,113527.7851074128,26.33247494480219,0.09973087487755715,35.71408269914906,1994372.0,,107,4
1650.28494915909,2176.452295084229,85151.06671437576,18.20939335395052,0.23945785997296978,59.915072949230336,1762625.0,,107,6
1729.2348706363587,1555.4069744383355,120855.51600963887,24.191669458000764,0.16133992250681056,43.93772016276891,1933186.0,,107,5
1729.8351102802083,1551.314860098884,127493.41176470589,25.18116696357658,0.17734669075078865,44.94117647058823,1928679.0,0.03385907380429049,108,5
1651.619427402863,2176.8744812542604,86294.11764705883,18.390990429302292,0.18361529764633053,60.0,1758403.0,0.05063464384755012,108,6
1405.0126371069737,1024.35726423545,114788.0,25.15665367778603,0.054299494780812044,35.76470588235294,2000770.0,0.02969397358900806,108,4
1319.6905996944024,1146.7140118859659,129505.17647058824,32.542675248809054,0.0558545370034743,30.352941176470587,2063849.0,0.026808442759407906,108,7
1145.9001447780938,1220.8029976356383,90361.41176470589,26.127042762785443,0.06839363420725533,30.823529411764707,2034883.0,0.028060597619670863,108,2
1148.443357356447,1215.478749879425,83952.37252353416,25.963634087499347,0.16941640276661335,30.77254901026621,2021838.0,,109,2
1323.9770733194696,1145.784498795767,135069.27839036952,32.58962675675651,0.10286979783669666,30.77254901026621,2080174.0,,109,7
1404.9243926677789,1024.6088953069739,116642.07447439485,25.916122772199735,0.07694403774585504,36.788235282949834,1989315.0,,109,4
1653.6709445806468,2175.8027224164553,91260.04310955106,19.86965957071114,0.2552481163925453,58.99999998208935,1766875.0,,109,6
1730.5074532945775,1551.0793310784732,126484.66270670106,26.307346419076612,0.10859408958997342,43.72941175143093,1928518.0,,109,5
1733.0157050959895,1547.1201647633702,121728.7720313271,26.14776366021464,0.11372147845152548,44.47052644239626,1916027.0,,110,5
1653.67412750104,2175.6792706806964,88798.22955383731,19.153798016930445,0.25991028240821895,59.76462283792937,1768995.0,,110,6
1405.9518302367596,1024.5588355866666,114218.42952595754,25.20324123137286,0.07007610551764266,37.882300302782006,1980572.0,,110,4
1143.9589198389756,1219.5068570502256,87089.29075197953,26.85555251404897,0.10487394560580225,29.411723837563667,2035951.0,,110,2
1324.7798027866486,1147.8757580248619,115897.01542881498,32.63881282669602,0.10869290635134364,30.117605209665196,2060963.0,,110,7
1145.4524294035243,1229.287033350537,100525.76470588236,29.760073710750223,0.08838190896158138,32.858823529411765,1992753.0,,111,2
1313.036181152107,1141.5858378563084,124358.5411764706,32.896659244495055,0.049344520583369016,33.35294117647059,2021584.0,,111,7
1410.4589059966308,1024.4408523433933,125543.43529411765,24.709326727199855,0.08320184875021845,40.76470588235294,1958483.0,,111,4
1654.3686929658547,2176.3598759021347,93728.68235294118,18.22197647617947,0.2421739052739177,63.0,1735822.0,,111,6
1740.573817882218,1546.9914905430578,137937.88235294117,26.117628634795437,0.05222523527516162,47.92941176470588,1894448.0,,111,5
1319.7296852213578,1149.092790590529,121530.28235294117,32.159014135414466,0.035192356266264144,30.07843137254902,2059117.0,,112,7
1741.3413500147935,1544.4368492610283,131377.03529411764,26.518811205111817,0.18251684803923096,46.73725490196078,1903209.0,,112,5
1655.9912342744808,2177.140111190277,88978.0156862745,18.71303984491174,0.23319356359253526,59.0,1769972.0,,112,6
1411.7827573185607,1024.4231153235548,117028.92941176471,25.733652952908677,0.10056341492828445,40.258823529411764,1952806.0,,112,4
1150.4693365555809,1227.083093804243,82910.50196078431,27.305099212341226,0.17516883920767148,30.07843137254902,2009314.0,,112,2
1655.3271320091,2178.2711265333833,79683.78717343819,18.4876401969337,0.24131664164270222,56.99953638526028,1791871.0,,113,6
1148.7584353225952,1225.109280268754,79046.51000389163,26.0173793872147,0.11969244425967521,30.62328033247317,2008880.0,,113,2
1312.2200988180584,1141.8013795776012,115362.59109189345,32.529216265843026,0.08528469277078025,29.505642364134733,2063208.0,,113,7
1416.00042722297,1021.4483322182546,110920.65075052917,23.3352325797739,0.09386458472473948,42.693770390528286,1935323.0,,113,4
1751.7115099652121,1540.6902700788862,119320.5941929672,23.99044763569973,0.13305842974188084,42.917297984195976,1940975.0,,113,5
1427.7089514335607,1019.1992962206767,112403.77254901962,22.77097481424018,0.08433266592798598,44.58039215686275,1909313.0,,114,4
1657.979343811617,2176.8385514037545,84555.5843137255,19.432988340681725,0.2639087290808152,57.77254901960785,1769053.0,,114,6
1311.1145274428734,1136.8830206097714,115304.90980392158,32.61613020643855,0.07598016643731477,30.933333333333337,2052469.0,,114,7
1752.1520151156606,1542.5723240327995,123990.35294117648,26.39468770085377,0.06695669309825004,44.807843137254906,1918534.0,,114,5
1154.8887417603535,1228.4556359020899,70425.87450980392,27.570822904851678,0.07086661304555435,29.341176470588238,2005669.0,,114,2
1145.9498982863647,1228.0861973751682,83420.67585937097,26.022723652580673,0.15387512514887008,30.790516506848334,2012500.0,,115,2
1312.099657576878,1143.6497121081782,126505.0699684384,32.47442178657409,0.06301279617299782,29.850348063891133,2062053.0,,115,7
1439.9290737395986,1009.9350156527877,118551.24494102049,23.28526945774032,0.08624389202354517,43.95287470824915,1921161.0,,115,4
1657.191531784529,2178.097865713556,92065.99477658392,19.751320247492817,0.2336942093197238,59.935738238521566,1773176.0,,115,6
1749.9504372646113,1541.0406733601437,128872.41410780464,24.98339374964319,0.11222313922720259,46.77338003712075,1905252.0,,115,5
1658.4013942891302,2176.950452658929,87981.02792589234,19.03773977545199,0.2065109401049782,57.898493259010515,1778828.0,,116,6
1449.318861039638,1004.8414348867366,124344.04974800555,22.518120574379136,0.09318867356539172,49.82499818305287,1872748.0,,116,4
1310.9829013493513,1143.2154299871515,127648.18527566319,32.23938210858166,0.05439910279206192,32.52465159171507,2043076.0,,116,7
1749.5835738364678,1538.198579380844,124605.63098846658,25.838366636449894,0.1713435027112798,43.36620212228676,1940444.0,,116,5
1138.9698815262425,1227.2178006952859,87187.74936685753,27.525524374803886,0.16896837928821623,30.44861000075453,2013830.0,,116,2
1657.3264367615998,2176.73871654713,81097.40117244353,18.974615392473606,0.23727868493804044,59.764698076389344,1755609.0,,117,6
1455.927913047421,1008.5490652036385,108976.22106055767,23.633573497827705,0.1224833621393895,50.3529345997926,1858071.0,,117,4
1310.928070949185,1140.450866730585,122705.86632613008,31.881304854616314,0.07040628049697446,31.5294076465991,2041567.0,,117,7
1748.1211365971371,1536.3784526394763,118860.45506367958,25.02267426908589,0.14298519529127868,44.941170600749466,1932223.0,,117,5
1145.9381895417016,1221.6414203661602,78654.10737391902,25.3979678865327,0.12167523173099534,30.823525385854346,2007402.0,,117,2
1140.5400834136233,1222.9905169796878,70831.1094837255,26.813635635635716,0.08585177032652933,28.980484828427812,2022275.0,,118,2
1312.6937384331325,1142.3665848682213,108477.92784378985,32.778299758819664,0.06328290400339533,28.746771241101783,2058724.0,,118,7
1455.0396428555512,1009.7780771064793,104886.45114735073,20.995412480215297,0.12454273530921366,47.9112854018363,1873633.0,,118,4
1657.9759093004964,2175.927505492419,86167.86251123427,18.135686567883443,0.19428810785690864,59.59696476813784,1760254.0,,118,6
1748.5615532315205,1536.5995514620945,120989.31731411425,25.233559422384428,0.19525579109635638,43.93815441729378,1932472.0,,118,5
1658.3264537811353,2174.9289864138896,86524.34659020616,17.825627410083676,0.21694108316579128,60.924604505162456,1748197.0,,119,6
1751.8791505420816,1536.96786468642,131465.10196680506,25.704782660035413,0.07077005859993485,48.7882291057277,1885327.0,,119,5
1456.7320105207268,1009.7803501032188,118402.23566937745,23.323820192178847,0.09662905327820558,51.94368670958074,1853773.0,,119,4
1139.354469185779,1223.3166555864486,90181.27922556383,27.310256896474247,0.10808280409821669,31.31184853054166,2000388.0,,119,2
1313.891042503375,1142.2026725848818,129274.97166222306,32.48311378725493,0.03775310242631273,32.76821357847383,2034793.0,,119,7
1148.515749170616,1233.7965656049237,82365.61960784314,31.967293055336338,0.24800228743532082,27.99607843137255,2015331.0,,120,2
1319.9674708165496,1148.5461212241275,126137.83529411764,32.44036145985562,0.03948112284029008,30.07843137254902,2057839.0,,120,7
1458.2376550067895,1009.8511485932959,103086.88235294117,22.220309089561326,0.12358214565110705,46.96862745098039,1881097.0,,120,4
1658.7653118162918,2175.307033093092,89149.46274509803,19.67334287093234,0.23152453442348664,59.0,1766868.0,,120,6
1752.1349119613656,1537.6938142198362,125333.12156862745,26.726199214571857,0.09157887961580104,44.423529411764704,1917009.0,,120,5
1751.9224106055121,1536.8527165726696,124935.10588235293,26.04367067288326,0.06897465993621162,44.98039215686274,1925306.0,,121,5
1655.645980710017,2175.9493753448037,89465.5137254902,19.16087613652249,0.25702255408970837,61.99999999999999,1743015.0,,121,6
1459.2101426233041,1005.5082152986596,113928.52549019607,22.172311899894975,0.11271578603118279,47.89803921568627,1887007.0,,121,4
1315.0893823388344,1145.7892029204343,136869.25490196078,33.00621333154109,0.054477146096304635,31.36470588235294,2063007.0,,121,7
1145.1199393402856,1230.5324441211162,90906.34509803921,26.886781028722652,0.1398147773357053,29.905882352941173,2033807.0,,121,2
1137.2450293352765,1230.6651381333468,93638.33624861982,27.557595571068152,0.1132145716604209,31.527663246893866,2010868.0,,122,2
1314.5210594373316,1139.0931770327318,136100.2166154607,32.850897584703944,0.05310230300605074,32.93934966093389,2044875.0,,122,7
1452.296447527079,1000.3952777978172,114147.7870339313,21.06592509996711,0.11804310769550722,50.82071090544086,1863823.0,,122,4
1660.1421210660933,2173.3813566053623,88860.48358030136,18.9178624989432,0.2058471599295571,59.76139152769434,1759925.0,,122,6
1751.7740594444556,1534.9236012775232,129434.4686494327,24.755472532006994,0.07973013254876339,45.87980845630078,1913310.0,,122,5
1452.1337320871276,1006.2472166691372,117464.0,21.663456860460975,0.103064324657138,50.8235294117647,1865818.0,,123,4
1660.0005435025193,2170.8907297374644,89614.82352941176,20.105402515473763,0.23247047003682084,60.0,1762291.0,,123,6
1311.1153246958916,1140.2394880880504,118862.35294117648,32.60777004529008,0.04770525560600816,32.23529411764706,2026774.0,,123,7
1750.2145244242029,1534.38033884418,127506.11764705883,25.96096644923064,0.19105486864581558,45.88235294117647,1916155.0,,123,5
1136.9413590383606,1227.344915922228,85970.82352941176,26.10820581431304,0.15577210251340498,30.823529411764707,2022493.0,,123,2
1130.418893527932,1231.932201631946,95926.36470588236,28.088806859223343,0.17670169206450484,31.929411764705883,2023854.0,,124,2
1312.3609091098615,1139.9621709622336,122080.71764705882,32.27494839099317,0.06475827008988273,30.541176470588233,2049058.0,,124,7
1451.1222392607926,1006.1045159967455,106069.73725490196,20.760197273875193,0.13058424214546427,49.976470588235294,1862777.0,,124,4
1663.6151107511728,2170.4041839331917,87993.7568627451,19.25735840863666,0.23730644563004002,59.0,1769878.0,,124,6
1748.2774034010338,1535.104505803165,118453.95294117647,23.8898618897517,0.09903880550281285,46.73725490196078,1899565.0,,124,5
1661.9114691634165,2171.0513746361094,82337.08840501186,18.09132526233678,0.22142881408381151,58.99795868020891,1771249.0,,125,6
1452.2270100184287,1008.415556800145,99557.78276786138,21.81438093854657,0.11147412411469569,48.58655420723086,1866246.0,,125,4
1313.0662290525966,1138.2336299153808,111554.72845980206,31.59654654823341,0.044244604122054276,30.308755243558302,2048607.0,,125,7
1748.3439923487138,1533.6872967872046,118051.67621548421,24.864197939152966,0.09947060713559168,43.95926333035173,1923832.0,,125,5
1128.129001551161,1227.916045198712,80693.24332100055,27.167787753765197,0.12841233789617704,30.771484331246214,2013501.0,,125,2
1663.0901700121815,2170.795781473439,94775.2156862745,18.455418752508383,0.19807196328257742,64.0,1728225.0,,126,6
1453.5868652064603,1009.6046560907291,113704.40784313726,21.95743231377836,0.11695138235542454,50.949019607843134,1854366.0,,126,4
1316.2597817051142,1132.6664148801815,125596.61176470589,33.49847680924669,0.07913609734644997,32.12549019607843,2029951.0,,126,7
1748.9403007491585,1533.6141381057507,138696.78431372548,26.226071418489276,0.17267061638868497,47.937254901960785,1897273.0,,126,5
1129.1672530792814,1223.8536043461786,102004.9568627451,29.04057827299591,0.2070771956350348,31.372549019607842,2024073.0,,126,2
1124.4743186502787,1229.2587245845739,86299.29411764705,28.516296549399605,0.14885726745471564,30.745098039215684,2024285.0,,127,2
1315.1991508988572,1137.61087544469,125127.93725490196,31.963428444755294,0.04489985874254724,30.745098039215684,2042514.0,,127,7
1447.1606127786406,1019.5418066862663,119068.29803921568,25.73043382049403,0.11367727520279997,43.482352941176465,1919530.0,,127,4
1664.1091735703626,2170.543647082516,79604.98823529412,18.407343196908947,0.2193402495599504,56.0,1792250.0,,127,6
1748.2420193358364,1534.9801367195623,116165.08235294117,24.674247185177478,0.08463988646483503,43.92156862745098,1923994.0,,127,5
1748.2834962228876,1534.67508663799,121777.85098039216,26.2032479502692,0.048703393080388103,46.73725490196078,1900627.0,,128,5
1666.057383220956,2169.0983910505724,81737.90588235293,18.341468426548484,0.22044230997442257,59.0,1767663.0,,128,6
1449.5131060406197,1014.980827162236,113134.92941176471,21.282223502314395,0.06997703258894163,47.89411764705882,1880690.0,,128,4
1133.8078277059592,1232.3368501670386,87610.37254901961,26.46192533110684,0.07214143737705615,30.07843137254902,2035109.0,,128,2
1316.8709230725033,1134.0150330865806,120803.07843137255,31.555102740576377,0.08257195085097317,33.549019607843135,2023748.0,,128,7
1123.356877126253,1234.3716620826735,92280.26177297202,26.838021796623707,0.11845776292432061,30.764515483370857,2034995.0,,129,2
1318.6661622608808,1133.9123973872775,125063.58205268347,31.183656550965857,0.08508570739963295,34.49354766317339,2011202.0,,129,7
1448.4999702657815,1011.9384395482098,109735.62834211643,21.87764209137125,0.1113749884818369,48.94354735990818,1869184.0,,129,4
1667.7705501978928,2168.6410474385416,83618.88534184694,19.763975573641563,0.25954643122459914,59.198385854365135,1763652.0,,129,6
1747.305774403161,1535.5543680924159,117500.8717275327,24.520345189412314,0.08066555949189676,44.98145066886799,1908310.0,,129,5
1746.6346573770525,1536.3916338734682,124374.18819936473,23.77453635419911,0.06636269342235887,47.89803920184942,1903722.0,,130,5
1666.9995922431895,2170.1303462604264,87653.1686021296,18.795487593057842,0.23633073482925837,61.99999998208935,1753248.0,,130,6
1326.5632685259932,1129.9657292802542,132222.17251082306,26.7036320014361,0.053894052606436905,38.90196077307567,1984682.0,,130,7
1446.2430067575513,1012.7024454169009,113733.04310439953,20.950297087688636,0.08723917504265552,51.788235279156986,1841463.0,,130,4
1123.610280677672,1236.3391154619562,100961.52938259879,29.666898490454617,0.1300263573072815,30.63529410879709,2042874.0,,130,2
1110.4929158256084,1240.3375846950976,106145.45882352942,30.018820978899637,0.10404555392104127,29.341176470588238,2057803.0,,131,2
1323.1275468447125,1126.8888936750664,126726.58823529413,28.73556447438556,0.10595067195298874,40.48627450980393,1958062.0,,131,7
1447.1579467126194,1013.3956786850478,102953.41176470589,20.709959312430257,0.09562136546384822,48.90196078431373,1867667.0,,131,4
1668.13483543546,2168.8060138509054,83584.82352941178,18.519806624558765,0.20161378573962985,57.77254901960785,1775225.0,,131,6
1746.6910692059332,1535.3064526695055,121521.37254901962,26.308351710181537,0.18279543534303302,44.12549019607844,1933140.0,,131,5
1748.0233443422132,1535.1922240695742,125234.54373952294,25.7011123091543,0.10265395979741054,45.93023033863021,1915431.0,,132,5
1668.6253408790224,2169.5374521419353,87235.87533126726,19.682697399523462,0.2612599791387769,59.82706926160037,1756835.0,,132,6
1447.036813314511,1013.5536350646444,109454.32983302618,21.843405631135912,0.15741605061449068,52.76087997873419,1838586.0,,132,4
1120.4959018027284,1236.970907981917,118166.47013951465,30.288738187612893,0.13194828716159798,30.85569320184901,2055959.0,,132,2
1315.8416161616162,1119.2898442199776,131166.13856320357,29.091696633559888,0.11958812166097622,38.86404105576402,1978844.0,,132,7
1123.6487132040559,1236.3010163138913,96106.49861523038,28.651782580178295,0.0909144102958944,29.94198046017449,2056006.0,,133,2
1311.5028331343892,1116.7426742459531,124660.25998134223,27.559090052534366,0.07032845673584964,36.5201428340007,2009474.0,,133,7
1446.974012939615,1013.9047548938288,109388.0352811708,21.95347862048623,0.10640277246502608,49.903300766957486,1869777.0,,133,4
1669.522095857027,2168.53672972032,78184.86231070412,18.163804876447237,0.20542979036157027,56.935129511392404,1781696.0,,133,6
1747.7059227216298,1535.0248694934728,117669.26121026209,24.84591046375795,0.1580840962716119,42.87147202252257,1936103.0,,133,5
1744.5419707020453,1535.8711047934928,115208.47055265841,23.88845226677125,0.1294498936589833,43.89803920213037,1926666.0,,134,5
1670.8528948993765,2167.769945139861,81386.28232780873,18.448652798992853,0.18673470524680122,57.99999998208935,1783139.0,,134,6
1447.009721703134,1017.2596993003783,104066.32937962857,21.920471070448077,0.1321085959261213,49.81176469050026,1862364.0,,134,4
1301.8599150185955,1117.9397750881926,123599.81956967498,28.86097335798713,0.08965384343482534,36.84705881215088,1994661.0,,134,7
1129.1826409577602,1239.2284442649086,94593.90585314193,32.16643779925532,0.2175382663845607,29.79607842217139,2030837.0,,134,2
1113.8739060185808,1242.3201222053383,80735.85882352942,33.72686572252331,0.38026744869232537,33.90588235294118,1934287.0,,135,2
1293.1559350720777,1115.1407004035725,133653.36470588236,27.58680642648381,0.07716055390297799,38.8235294117647,1988858.0,,135,7
1445.5530872831298,1015.8602549991904,110289.62352941177,22.257587057886603,0.14025219226139835,52.28235294117647,1836333.0,,135,4
1670.7073001963788,2168.273504536885,92390.42352941177,17.866681749678996,0.20978567256535152,66.0,1706563.0,,135,6
1744.605206017633,1537.700537565856,140060.54117647058,26.207605430637443,0.14190967326145185,47.62352941176471,1911022.0,,135,5
1675.878689274188,2168.468276628438,88507.5347622398,19.568694906986515,0.20457489382029173,59.999844119681484,1766248.0,,136,6
1448.956274211983,1014.4371412089301,108903.01118631082,21.375269932415257,0.12099822887210177,51.99986490372395,1845029.0,,136,4
1287.0599779947738,1118.1350177810086,119757.33592782072,25.393377372031672,0.023703896179798428,36.94108049721566,1992235.0,,136,7
1741.0780577319426,1536.0348892932143,120785.09796356491,24.7460040968698,0.12994711190468872,43.76459218141473,1925206.0,,136,5
1119.209720840489,1236.8753372305382,82069.66913495115,34.349837818868274,0.3404966947024865,29.882275306664898,1978541.0,,136,2
1125.6965900454743,1232.3775967108952,92855.39087654866,28.924619852104147,0.1047768587043107,28.690135099213936,2053000.0,,137,2
1278.9358135050097,1129.4769799324315,127656.29337983791,31.414018232166,0.10938325601863706,33.54894830150017,2027426.0,,137,7
1447.5713500119548,1013.2008085726085,106447.34237980125,21.372506928921666,0.10562624429249175,47.894015851107135,1885913.0,,137,4
1673.2080608298652,2168.1859860034583,84835.3412560321,19.091094463088595,0.23601030179947272,58.99987459918995,1774308.0,,137,6
1738.4662755332743,1536.2122176963155,123316.91044608179,27.053940226837334,0.1392182148599716,43.26657470607263,1926957.0,,137,5
1676.217164906539,2168.544536028324,85410.47058823529,19.771513693407286,0.2122549763826917,54.99999999999999,1799342.0,,138,6
1451.0333885657476,1016.2170336765362,94372.45098039215,20.97883793465084,0.12252137097512113,45.94117647058823,1892610.0,,138,4
1270.94132807589,1128.5365354210717,113228.82352941176,28.278103106499678,0.09740941488413743,34.72549019607843,2004749.0,,138,7
1730.3446908033359,1538.7646213271175,109835.86274509803,24.51164635690404,0.13313358096415867,40.98039215686274,1952404.0,,138,5
1123.108663313544,1224.4287299440336,79890.41176470587,29.01187760928603,0.2134012350597632,26.313725490196077,2058479.0,,138,2
1675.5050100431408,2167.9312714875664,81610.48502312582,17.623329381431045,0.22093738690061887,59.972604504563606,1764628.0,,139,6
1448.3712453456571,1015.937476473176,103714.03517666465,22.047118736286983,0.10269274900716066,47.97808360365088,1872413.0,,139,4
1266.629500877863,1135.7019309076065,120424.75465847939,31.295161114540416,0.09477527818462053,29.86870891011599,2059620.0,,139,7
1727.4444433940325,1538.6025056107758,124388.59103620454,24.976623247972704,0.12595697415530668,43.97990997001331,1931538.0,,139,5
1129.2660780511392,1225.1876668501268,91445.75697518991,28.92617501555997,0.17059753032918815,28.69277548845788,2048831.0,,139,2
1122.303261107663,1232.6975968383776,109267.44188823007,29.563036315127455,0.05137154453483974,30.417445306770627,2047710.0,,140,2
1261.9612469069784,1138.4596416982438,130081.70079433771,31.541334017929625,0.08637841475321749,31.913385239890495,2049638.0,,140,7
1448.6524351063065,1017.9970703358986,114463.58924592192,22.21758723290265,0.1155260419582793,51.36060437044876,1848412.0,,140,4
1676.9863948673612,2167.5151214237344,93149.43707883006,19.541757031383657,0.2379300136846649,63.57744715759434,1727490.0,,140,6
1726.116885411166,1539.2466861888531,129841.35311174978,25.271501021141432,0.1583067965158366,47.6207545376491,1902997.0,,140,5
1444.047388331208,1023.5356150879032,116282.94901960786,23.08769188073278,0.1258640405894718,46.85490196078432,1903606.0,,141,4
1677.277703404565,2167.7201329830077,81892.81568627452,18.231576624867813,0.19694160378902112,57.77254901960785,1777683.0,,141,6
1258.9000881709746,1135.1024946336688,124081.56078431374,32.12892810898504,0.07895272208573921,31.615686274509805,2050531.0,,141,7
1725.8708228864411,1539.0287686283348,121107.41176470589,26.35401354833511,0.1679182438822842,42.98823529411765,1942043.0,,141,5
1111.103170136935,1234.293689739261,60627.05882352942,36.57121610376386,0.4460168049044151,31.615686274509805,1915800.0,,141,2
1130.4310263997995,1227.97601371212,86442.28421558125,28.530044734229982,0.1064126009132859,26.80234635740228,2065669.0,,142,2
1249.9484812993846,1139.1276773986278,105451.58034610524,28.32528620985346,0.08617208706045001,32.80607194146039,2019580.0,,142,7
1444.5440477635848,1028.5765369697046,100665.11012421492,22.515222995567765,0.11589008533152965,44.81352310957661,1906665.0,,142,4
1677.2065285245374,2167.8692425196987,74534.75219468542,17.782245487619477,0.2004199880294121,53.819111485663775,1801007.0,,142,6
1727.1640173167293,1538.9271740308875,114708.46752163941,26.376214834844973,0.08257504516143027,40.95398523411068,1948435.0,,142,5
1677.37809343082,2167.0841212256514,84314.10832710983,19.4503472242542,0.24412781635658087,59.999156174060964,1767202.0,,143,6
1444.2572275092552,1033.4917176909507,122854.03689119872,25.395045846674865,0.13702484287166627,45.41112604546575,1906598.0,,143,4
1245.287786527112,1150.5542057941243,115458.14090680947,28.207043350568437,0.09938508373575622,36.23478451296231,1993929.0,,143,7
1727.9912637096197,1539.931672626741,121789.11069181126,24.427333541650736,0.1356595972299707,43.999381194311376,1928281.0,,143,5
1132.0926016783703,1236.0175937567078,92076.8226819907,34.311444394549476,0.18479837686498185,29.64664187424189,2012365.0,,143,2
1251.1649443576998,1161.4051617619598,112505.09516024447,25.57972874593875,0.049049407175503955,34.86492656844964,2008745.0,,144,7
1448.0675629213943,1034.9345427138996,115056.26911395506,24.781503025027146,0.12324622147174719,45.145610043761714,1914020.0,,144,4
1678.812707774799,2167.205651474531,83362.9333976392,19.263425178245306,0.22234225687303247,56.99074535227345,1791621.0,,144,6
1730.4439408893327,1539.6620780366186,117072.6240338304,25.51896857738907,0.07632509433717637,41.56972013930534,1947959.0,,144,5
1729.5921227912438,1535.6508908420337,130368.58798616874,26.88504546823018,0.20380669660358433,46.88571027961811,1912329.0,,145,5
1681.0307350593096,2165.2670906954318,90789.39370032949,19.03792096500783,0.2537832403391899,60.999265925013354,1750529.0,,145,6
1448.851997342467,1028.750884231756,111256.20230142053,20.840204825590497,0.09927207434754394,51.90917923814862,1846457.0,,145,4
1117.1862616728588,1239.0641329450748,119116.01751906039,31.060081123873914,0.17332346960614756,33.01136744177193,2011851.0,,145,2
1254.1106641119238,1164.457759485755,131588.0948790539,28.400273249459584,0.0793141800828181,38.034836400302446,1986336.0,,145,7
1684.3692480820096,2162.592137471045,94428.22045447765,19.389515564824066,0.25467125238915045,65.92957844154523,1712338.0,-0.5003045700143759,146,6
1731.0065777863035,1537.0502781507769,134780.74212383345,25.775973902372115,0.08018555320292908,48.8654522566747,1884878.0,0.2999975450640735,146,5
1448.821894436215,1029.4712885884571,111531.9043864131,20.71983771375872,0.09794898900844458,52.74366275323619,1837470.0,0.5352537180513615,146,4
1116.1938355609261,1239.2511917743623,140362.26267048472,29.50967984193739,0.0922806313470178,37.48936813342768,2008454.0,0.139814585401435,146,2
1256.814069271682,1172.1657854320786,132319.88829008196,29.517982928146157,0.11771187886925827,40.333389164239435,1968898.0,0.16863694830710158,146,7
1119.303350783083,1238.3852861603245,140682.67455299033,30.561958223541403,0.1329397335441825,37.90991255294846,1993558.0,,147,2
1248.4240784050828,1176.541040398577,132701.87976234363,31.9466916330127,0.08963076729406731,33.36072304659464,2036431.0,,147,7
1448.5828867408022,1029.2600111316833,111249.1657141308,20.426207789845474,0.09204832376083073,52.82114482377486,1840526.0,,147,4
1683.629152879064,2164.53451636719,95165.50621441688,19.399342523424693,0.24030478158525934,64.44685134001239,1731013.0,,147,6
1730.1397384808442,1536.5671165624865,128492.86853796493,24.841384219535872,0.07010824577070453,48.77742081812702,1891481.0,,147,5
1729.3133967952922,1536.725393514491,112800.0222310058,25.35822550871001,0.1688059287604601,41.838250990482855,1949020.0,,148,5
1683.1559786669416,2165.0005152912686,75334.08413011598,18.98965640367522,0.2575354466689413,54.77791624527137,1802087.0,,148,6
1448.0105140107519,1030.7480194195432,95195.17632969086,21.814418970932103,0.11791343498389399,45.93581165449922,1894951.0,,148,4
1233.924107538244,1180.2767646906123,70615.41953386978,34.727081062840824,0.13403426430282686,23.72271963377894,2076138.0,,148,7
1112.3414254825252,1237.9686737959632,103031.4376079908,28.681680389878988,0.0644546026847686,31.48651878665205,2030896.0,,148,2
1105.8135233628304,1233.583868300954,104011.23503053993,29.175940159149988,0.04200877056409199,30.05141425302205,2025563.0,,149,2
1216.4127592556915,1198.0517368843168,97913.64953122966,29.29777997042685,0.10903980238402389,29.612707475605667,2049661.0,,149,7
1444.780972891625,1031.3233047265053,101445.89714959764,20.305850496785332,0.07934793477911631,48.9158056819264,1877765.0,,149,4
1681.46721742862,2165.036413983704,81274.15952399248,19.339442663648768,0.23644559931517453,55.715760731880295,1801082.0,,149,6
1729.7392319796393,1534.8162702358773,115146.05174814508,26.6294254121676,0.20328104341724076,41.457790465847935,1946715.0,,149,5
1680.406196286412,2165.031951103673,87253.04212454981,18.849117354780276,0.2315435007071204,62.90009765062479,1737031.0,,150,6
1730.1722993074923,1535.308798703753,127268.11091348043,24.661477163391904,0.08211104929429071,45.88007122751455,1909826.0,,150,5
1212.6547535714208,1206.599632336105,113114.3556068418,24.851222499811428,0.026587311666668403,37.98672563998517,1992492.0,,150,7
1445.6600095714916,1034.3020633927256,107207.4197698241,21.559023478273993,0.12222335688454036,51.5534133685513,1845537.0,,150,4
1099.696189364972,1232.3028581223618,126633.68326188276,29.777189776290484,0.0842940721814942,32.31338349894842,2037565.0,,150,2
1092.199110566681,1228.439497230507,116779.35686274509,31.69633716068501,0.09927191232417792,32.05490196078431,2035414.0,,151,2
1207.9413472300732,1211.2216211712087,106220.6156862745,26.926177996043307,0.019726378164626652,32.77254901960784,2033237.0,,151,7
1440.1184258683563,1036.7570145383831,108498.1882352941,21.08356560839009,0.08203747470164352,49.996078431372545,1860624.0,,151,4
1682.3473005708865,2163.3920454224617,84726.84705882352,18.53142902323826,0.2424139519674919,60.99999999999999,1754411.0,,151,6
1727.9427590452829,1533.915314884115,123947.93333333332,24.9342568945317,0.17701673701755147,45.929411764705875,1917064.0,,151,5
1093.2353508064423,1228.381552704742,93088.11127262423,27.632053780668684,0.10406400597684515,29.473036342131945,2057235.0,,152,2
1726.9168630438703,1535.371028300606,106172.41835531376,24.90791835045528,0.1877598730421656,40.65988225301414,1950610.0,,152,5
1683.489466610576,2162.2297677518754,78754.10442269788,19.14681132918353,0.2529985365687849,52.70725477242574,1824727.0,,152,6
1439.5380363615757,1037.1510241998976,106295.04339702919,21.657493239442616,0.0770660147919589,43.886857034999395,1911257.0,,152,4
1207.2157645068764,1214.207548080459,93604.642369394,24.859360468766777,0.014253407781291923,31.839484515587795,2037909.0,,152,7
1686.6731816824683,2163.0315638854618,84927.78823529411,18.24436264265465,0.23915353401354814,60.99999999999999,1747132.0,,153,6
1092.3583771238618,1229.0721745607857,94414.12549019606,27.1798869377011,0.0825241357997453,29.662745098039213,2055275.0,,153,2
1207.1394978003702,1215.6794201941336,101411.90196078431,24.93885534562893,0.02904111161153809,34.92549019607843,2013175.0,,153,7
1436.505627837194,1035.6906947527027,111768.98431372548,22.182893574311322,0.10179468055320899,46.88627450980392,1886177.0,,153,4
1726.4101598308393,1537.0659898063534,117429.5450980392,24.92991202048483,0.13336010021910982,44.73333333333333,1913632.0,,153,5
1725.4857572489398,1537.6425202846617,119708.91764705883,24.36021794183429,0.13545226008392966,43.96078431372549,1927640.0,,154,5
1687.9026389477676,2161.3335750462975,82959.09019607842,19.290114200781783,0.27490884775965146,59.0,1763723.0,,154,6
1205.2943469488253,1217.0506408273013,106185.65490196078,27.186718422685868,0.037599415651920966,31.929411764705883,2029085.0,,154,7
1435.08200404963,1031.5367809464333,120781.79215686275,23.37589972240132,0.08670409487387444,44.654901960784315,1922614.0,,154,4
1084.4045874030012,1231.047369709432,94518.0,28.724082683340185,0.11493360092097378,31.00392156862745,2028076.0,,154,2
1087.2644197560014,1230.948982334339,88990.85882352942,26.804365856917364,0.09278768534179506,29.72941176470588,2050931.0,,155,2
1205.3552827267108,1223.9352942736543,109568.08235294117,30.050342115285865,0.08886991081808014,31.070588235294117,2042281.0,,155,7
1434.9346611992921,1031.1276735638792,113549.14117647058,23.469591733996186,0.10158820281855953,45.37647058823529,1908925.0,,155,4
1687.1069801918807,2159.289872718459,79309.1294117647,18.46699796269206,0.22931381460095368,57.0,1779074.0,,155,6
1724.2430815394705,1534.4639667532215,110101.42352941177,25.475427203002376,0.06771325687278854,43.588235294117645,1918513.0,,155,5
1687.9256695993317,2155.913125980425,78147.81878088754,18.718754377598906,0.25939503515257756,57.76917404299007,1773798.0,,156,6
1723.5505093977677,1534.9655120317268,114411.39431675569,23.761037305148456,0.15614770044635634,42.9857239926186,1936623.0,,156,5
1434.5426524143127,1032.7619402786288,119535.33810421443,23.64276477639296,0.09007147677622905,46.85216477502345,1902257.0,,156,4
1087.5437273976133,1224.211506524633,85594.58372779927,25.114423102022485,0.1023543438175751,31.386401645404057,2040652.0,,156,2
1212.8293268238865,1230.360705296237,104725.73271913845,31.62497668430212,0.06105388306486472,29.339462407660314,2040095.0,,156,7
1089.0658640921242,1228.3601676906324,85764.8431372549,26.50959228731628,0.07890424999751433,29.76470588235294,2057926.0,,157,2
1434.2829424049685,1030.673127073359,117941.13725490196,23.276716230437778,0.10225946929722947,44.647058823529406,1919260.0,,157,4
1686.2937425520213,2155.2556805160875,75293.49019607842,17.71541082399038,0.2406865814990434,54.99999999999999,1794583.0,,157,6
1723.3092410622137,1535.1666568825547,113896.80392156861,23.977382441734214,0.15485953392153845,41.84313725490196,1944974.0,,157,5
1220.6850868539243,1245.350714807137,120581.54509803923,30.382175045167397,0.0375389578616529,29.568627450980394,2069163.0,,158,7
1435.4978863442811,1030.9040107436138,118048.42352941178,23.891563967701824,0.08955513494678634,45.490196078431374,1910954.0,,158,4
1090.1614742208799,1227.0981320358758,89849.73333333334,26.626955845507513,0.08871921711721234,30.70588235294118,2035778.0,,158,2
1684.398077703533,2155.1973740618587,79583.73333333334,18.803045633214317,0.24115572602726867,57.77254901960785,1768893.0,,158,6
1722.6279601375638,1537.5141918942018,111242.18039215688,23.590544528336082,0.133984759434705,43.89803921568628,1923386.0,,158,5
1434.7726014399839,1030.9986568025804,119373.72784797128,24.033289994177284,0.13099034156320005,44.80492083908941,1912353.0,,159,4
1722.2166961200007,1536.3971254350147,113126.0569066018,25.54800719619544,0.1755784642405847,42.757995521567565,1930309.0,,159,5
1226.9030046006171,1248.2521781934531,120129.49816242963,29.525654124852288,0.04234585952580773,30.70387976282777,2063974.0,,159,7
1682.8910426721739,2155.5536070633007,78412.70531904152,18.374190525289137,0.2596981051712506,57.99621732978579,1780644.0,,159,6
1090.533613814906,1226.6945698292152,95683.52396755894,27.593892606234064,0.11543182249710074,31.841060494784355,2043598.0,,159,2
1090.7386325731334,1222.5332806161841,100871.29411764706,28.179845200159516,0.06278972316671974,32.705882352941174,2027221.0,,160,2
1228.387628729184,1246.6552435257606,127673.41176470589,29.832938296894273,0.05575151499273914,31.294117647058822,2055011.0,,160,7
1433.4126200817238,1030.789974030319,115338.11764705883,22.56689355454048,0.11420936059268567,46.8235294117647,1899532.0,,160,4
1683.3263344228735,2155.4425274165765,89190.35294117648,19.181786070367792,0.22427587772116178,60.0,1766525.0,,160,6
1721.5681647637637,1535.0993849129366,119466.58823529411,25.449771260317963,0.1642700313698726,44.470588235294116,1919892.0,,160,5
1720.5800579634636,1534.161765184761,118605.18926476366,24.68156925822568,0.1580041848550893,42.93889848548008,1935495.0,,161,5
1682.986833666055,2155.7648162904925,81824.95564777244,21.14779283913725,0.2261988301437813,57.93343446453662,1774721.0,,161,6
1431.5650097333514,1028.4863095164603,110404.76841379327,22.237598775209097,0.0906452159431991,46.80112744978252,1899321.0,,161,4
1228.978017061095,1248.055336698863,116783.58033324737,31.997678910198786,0.054190183832528376,28.625932323653387,2075638.0,,161,7
1083.787441329318,1217.8249437032762,92112.11608916153,28.04780422817788,0.06953754330377467,30.4434518362663,2045591.0,,161,2
1081.0804873898448,1205.0855922982917,91169.7381140366,26.175531772578218,0.019636236500006624,32.9080016499815,2017652.0,,162,2
1226.4116912452394,1251.033140508976,128931.90506454502,31.880658018786306,0.04967954894953734,31.9677730314106,2052126.0,,162,7
1433.4224077871675,1026.9261431399793,119436.77130275214,23.58073203297027,0.09158418649578173,46.77637377390227,1899070.0,,162,4
1682.6054949795302,2154.7308724304175,86639.95168691665,19.548132033354808,0.24534967251068918,59.939574433894876,1760672.0,,162,6
1720.4190699460783,1535.0985629758075,123627.84037003193,25.45656981249235,0.15513617336097668,46.0712023099741,1908790.0,,162,5
1683.847158338884,2155.4820632738065,83680.51728387551,19.807062505840516,0.25864546686242584,60.999825356371126,1748996.0,,163,6
1434.8377991046648,1027.3761505649138,113337.43629713616,23.688870889689436,0.09400284796126498,47.12535527531416,1890200.0,,163,4
1224.5616369342426,1256.7736421540683,126302.4109428797,31.860155839559336,0.06262157198385208,30.61952017888433,2072301.0,,163,7
1719.3819610884675,1536.8461549225108,119670.41424413447,24.227009459664007,0.16462371249668836,45.929280268326494,1906542.0,,163,5
1085.6693856592308,1207.5217764560205,89445.59881755606,26.282851589007628,0.061259483779519563,33.49010019565474,2017155.0,,163,2
1080.123074991869,1198.3705858187027,79691.5697771248,26.519031055010068,0.05946148558640376,29.555983062285595,2036595.0,,164,2
1204.3259569018026,1269.519893975834,94437.5044343308,31.742960094227364,0.02858060396515137,26.145677324329565,2090806.0,,164,7
1436.4896168005525,1027.6876544542938,111594.52524827173,22.176892641728525,0.08082081831233341,44.788682025155865,1917210.0,,164,4
1679.6778977100776,2156.163854102117,78881.5084875023,17.94867779293401,0.21428045093190876,57.97519754525251,1786894.0,,164,6
1720.5321367317476,1535.798470384522,110554.38199819514,23.762630894737256,0.11114267633428283,42.96985229824598,1938374.0,,164,5
1678.0764639501435,2156.138392416165,78454.17840948631,17.365318714156185,0.21493480742501764,59.88348712256385,1766795.0,,165,6
1438.515134157949,1027.612938187904,110287.30081502364,24.71890593194245,0.13132502195985626,44.384231632017915,1909541.0,,165,4
1211.968405516126,1276.1466907627782,96418.98970905106,32.760171153603814,0.04542889812311705,26.06692968864544,2073375.0,,165,7
1722.0280516159264,1535.3433582914881,118274.11413674285,26.289231082965852,0.12373829780188217,42.740371201202436,1935811.0,,165,5
1086.224517688577,1201.9485050003316,92097.04579923277,26.66217316661215,0.09766704876611032,30.763673776689664,2034398.0,,165,2
1676.619086575161,2156.36554276908,79822.36051998466,18.674946939290635,0.25947882968756536,57.943094154012286,1773726.0,,166,6
1437.9439423256363,1028.1812106508992,117050.79851393757,24.256941082360257,0.1062697936873563,44.83691809536665,1911710.0,,166,4
1215.8638312515327,1267.4681302555907,116266.037480812,31.73552319778998,0.08272844848933708,28.74161416369657,2082396.0,,166,7
1722.327907668968,1538.152121520543,119734.11561226027,25.294692519449026,0.13572669373806837,43.45732061550922,1931908.0,,166,5
1084.2964153465007,1202.674776949611,87055.82003979052,25.268154482862425,0.047822044539919034,32.88040660326888,2012077.0,,166,2
1087.8247553208248,1205.4912248373512,81801.23195794439,23.126099754941347,0.09879268465816005,34.76651430622285,1994822.0,,167,2
1436.5031808300935,1027.2308780103938,124816.16256393804,23.736240715710238,0.0964765190913409,46.92263818951756,1899743.0,,167,4
1673.0587476739252,2158.4272741122827,89365.01536060803,19.63606459855744,0.20719438287470507,61.7531093271371,1744574.0,,167,6
1722.5629822838673,1539.3252342375517,118843.12953264236,24.119807290257533,0.16225876182169505,46.92263818951756,1898335.0,,167,5
1437.678555083493,1028.1539608030555,104428.25971339829,23.0493290984226,0.09086389448538192,40.81426230257925,1947969.0,,168,4
1722.405190925595,1540.3079460749293,104487.2606418046,25.54755445124092,0.19889778356526647,39.75689799422227,1958716.0,,168,5
1214.8733945256265,1276.0639202273305,89898.80527940342,33.080623531126584,0.08021878039841833,26.434107708924383,2063535.0,,168,7
1674.3020978404584,2160.6241427941823,71974.78846985931,18.060276302927736,0.2307718893311945,52.868215417848766,1814090.0,,168,6
1080.5230534301008,1202.4313651440018,77274.72132906782,25.812186735162125,0.11058182231495474,29.394727772323915,2034978.0,,168,2
1673.5368323759733,2163.2696041462295,88522.15818191913,19.38571200097071,0.2415771035066989,63.99990455617251,1729709.0,,169,6
1437.117912059343,1025.5305397471197,132258.68903553596,24.13191957517985,0.09073844403142639,48.941103484131915,1889172.0,,169,4
1200.389310058188,1275.1550124688279,105675.13652304484,33.74516079342683,0.04986870152996872,30.619562179815865,2041107.0,,169,7
1724.6186669508988,1540.6914790173046,134217.58807499058,25.064019426364734,0.13604100251760715,46.68228332332583,1913323.0,,169,5
1080.0642104193519,1198.3462527877462,93855.98552163591,26.66084862290089,0.014668933286450412,34.63524246569336,1982330.0,,169,2
1075.6310025123385,1197.0461556119521,89174.55089015904,29.566297916361684,0.0798045573194012,32.980015760328165,1988461.0,,170,2
1206.9258505111447,1276.4224819842466,108574.7608506914,32.94139256913964,0.10017111330055606,27.29380614647848,2093662.0,,170,7
1436.5787616718292,1025.235674503444,121452.43348736905,23.01279761019749,0.09096730062982898,45.94457367990544,1910141.0,,170,4
1676.4639745362183,2165.872914188342,84891.92525739201,19.580831607590703,0.27081250162502496,57.99933806126677,1783867.0,,170,6
1723.2676844634016,1539.498987105947,115981.61749369199,24.572554145188455,0.14800650819328276,42.98774468070361,1938961.0,,170,5
1684.9271323572318,2164.8995085664706,89084.01537590977,19.494009654465124,0.24789287019036615,57.407503952731766,1779921.0,,171,6
1724.6330793187992,1539.9574486212218,119377.096359345,24.80014545355814,0.20169355355965743,42.71660727191458,1937123.0,,171,5
1435.049536685705,1024.6898630027558,113174.1477531138,23.465194890529872,0.11519865731282071,43.846676247362055,1921097.0,,171,4
1081.612053674597,1195.0193011257738,75306.21442725416,25.60682558823982,0.08002389325663563,30.73787613217134,2010362.0,,171,2
1220.0295357048908,1283.320865962484,89355.00591622209,32.48970865018928,0.05214711128276304,27.34766920582891,2046315.0,,171,7
1087.037619211894,1201.1703603342942,79017.00402470928,27.930609111515054,0.03280320961341483,32.9746792371173,1997102.0,,172,2
1217.9712209767815,1287.9448258606885,109827.66497909203,32.693156347737094,0.06775552543654521,30.77636728797615,2053199.0,,172,7
1436.243738326753,1025.799994817032,118759.62625964746,21.98022456778569,0.0743174848816478,46.82404451670657,1898488.0,,172,4
1685.1724147680538,2163.0235827233096,85526.64536850607,19.82514346829326,0.24163773402814825,56.056954703099414,1792366.0,,172,6
1724.1068635612999,1539.3277188207378,112750.76037786502,25.372020673638875,0.1826664494983239,42.20758942351015,1943664.0,,172,5
1724.5688199685858,1539.7780222409165,121864.36279050648,26.54448895152727,0.07141241798259394,44.44804892733798,1915990.0,,173,5
1681.2605984778015,2161.5052379438134,80409.62709361922,18.078027315155857,0.2370180487420686,60.93684127135046,1758237.0,,173,6
1438.2262539717412,1028.6031818681117,117476.19331495429,23.16072586550028,0.0820527760727755,47.79360099713762,1891564.0,,173,4
1204.5920656992967,1294.0996121791109,105859.95859259999,32.96650542068144,0.020056547652549984,27.003384563382753,2088354.0,,173,7
1085.6153636843378,1199.5048401460015,86944.20718995287,27.61937354594148,0.013039140284649904,36.323136757824585,1969983.0,,173,2
1085.066261638668,1196.44743348828,79103.70588235294,28.847862864133518,0.12499174792791508,35.09411764705882,1979157.0,,174,2
1215.0005884204613,1296.3353194238416,108645.8,33.00813597670371,0.05705629659746823,26.376470588235293,2099862.0,,174,7
1441.1227918844131,1029.2458578623528,110911.04705882353,22.65519364448892,0.09932004369418855,45.8235294117647,1907931.0,,174,4
1682.8834199544615,2162.2717706163976,85114.85882352942,19.5731577537386,0.21794270689780249,57.0,1785869.0,,174,6
1721.5734504751981,1540.34049682675,113270.4,25.967266563456768,0.06311742619752007,41.8,1940792.0,,174,5
1720.5420795579812,1538.902180841068,131255.45074513135,24.412015582172064,0.16295380587999822,47.80535502373158,1896732.0,,175,5
1683.649503568906,2163.0040196849714,88563.48872231583,17.80719806814951,0.22714234835758101,64.8423698460189,1720180.0,,175,6
1440.921538513595,1028.7550435364533,135270.8462833215,22.84368394160235,0.09376086881083184,51.87389587681512,1865281.0,,175,4
1210.6977515541746,1300.146407745834,121360.25082282555,32.947273724758965,0.05803844350868337,31.02262400476198,2026635.0,,175,7
1082.4647814031932,1193.1399964241016,95288.02390105296,27.7230311655338,0.0533550755309981,37.63400289102273,1916981.0,,175,2
1082.7236305944282,1195.526937231938,83496.74237921847,28.849792337059586,0.0653373204755426,36.23520784530224,1963561.0,,176,2
1219.2128024802726,1301.2642996645677,107464.21472686896,33.201064143600426,0.04706350262058379,27.529346220132222,2071392.0,,176,7
1443.4653427826688,1025.9026683555435,112384.43830643465,22.151430639687494,0.08575792689253393,46.82341792996848,1885122.0,,176,4
1684.300803493699,2161.5045112674647,82433.92138027541,18.586154019528546,0.26792895164554487,59.999857146442025,1751952.0,,176,6
1722.8342006021599,1537.865462603112,122539.00236474445,26.74049386167708,0.22326856278000193,44.235188798161175,1922172.0,,176,5
1443.4793639725765,1023.7294783695606,122723.29365060847,22.826650180187155,0.08722524654512201,49.83603138216266,1880081.0,,177,4
1721.5743936173642,1538.2404655774878,128219.84325817284,26.810065302090866,0.18137141136463236,45.703287316324776,1920973.0,,177,5
1686.0038485038906,2164.6272684888904,83950.3750301017,18.583337245786574,0.2665841680419665,61.74805839546007,1742584.0,,177,6
1201.8131373117349,1300.228980017914,111550.29851731971,33.524835723785806,0.01536544260251862,26.011977355567826,2108726.0,,177,7
1086.283832303072,1198.050890873096,90255.48385901765,29.90179059506886,0.05264513147610422,35.249875855676024,1964140.0,,177,2
902.2774582523501,1427.1018999643013,36773.15669782545,33.15018597284951,0.019540157222046012,35.73608103989225,1718339.0,,177,39
1079.5569509324105,1210.3231836377004,63365.17647058824,26.89549588160488,0.08042022348850658,33.64705882352941,1955162.0,,178,2
1199.6814147214598,1308.9676501619329,89652.23529411765,32.81578019437006,0.04803621096699023,24.0,2078291.0,,178,7
1446.6959303480116,1024.2788913435602,113748.70588235294,22.527404104626157,0.06866937767013682,45.88235294117647,1896347.0,,178,4
1692.6822487164368,2163.472889131779,81803.5294117647,18.832770987163634,0.2317327562665148,60.0,1757902.0,,178,6
1717.7602774498466,1537.9913191156738,116794.82352941176,26.041820403217066,0.053961840906453735,44.470588235294116,1923696.0,,178,5
1717.0301494605562,1536.7293279223993,118858.82352941176,24.66598806128579,0.07607566154054936,44.705882352941174,1923615.0,,179,5
1696.7064634734031,2163.4924680068775,79097.88235294117,17.09016266853553,0.20629581640818956,60.0,1755178.0,,179,6
1444.6347693654775,1023.2946013407947,113400.70588235294,22.494350134445455,0.12101990649741981,46.8235294117647,1900005.0,,179,4
1200.3642783710202,1306.088276015271,91091.29411764706,32.70850912107953,0.12339174835379756,25.176470588235293,2086751.0,,179,7
1079.0533936876134,1207.5770048774955,66379.29411764706,29.177367680069707,0.03756666637761032,32.705882352941174,1959273.0,,179,2
895.1385175972848,1428.8290541168813,40487.529411764706,23.34966349932345,0.15715043477250853,34.8235294117647,1786344.0,,179,39
1071.3339828412604,1204.5737392432038,74618.58039215686,29.00595462205422,0.10478133272210859,34.52549019607843,1921073.0,,180,2
1212.8013980716682,1303.614325344055,116832.07058823528,32.33306210484175,0.034240363635242285,28.93333333333333,2077885.0,,180,7
1446.422362501661,1023.4205571010666,115279.39607843137,23.73375914853506,0.09721607812955933,47.65490196078431,1885646.0,,180,4
1714.1557754554335,1535.5821530956744,122213.67058823528,24.4912287881649,0.10594328871709341,45.95294117647058,1912040.0,,180,5
1704.4872158080977,2160.9434596894603,88911.89019607843,18.86693089415676,0.27049863399862034,61.99999999999999,1738690.0,,180,6
1703.701797467845,2161.1275911745506,83191.32156862745,17.448994792762413,0.19115995423605872,60.99999999999999,1743978.0,,181,6
1712.486735427291,1535.5819983531273,118818.19215686273,23.38953355645392,0.1296035582213625,44.97254901960784,1922451.0,,181,5
1446.1503364180194,1025.1216558080798,116686.06274509802,22.257422508088272,0.10653134346437128,46.88627450980392,1902482.0,,181,4
1212.4081859046705,1303.1432597564187,111701.52549019607,32.49700193095926,0.026482931661433094,26.552941176470586,2087566.0,,181,7
1080.9286288231299,1208.9935754618436,65495.81960784313,29.51664988011127,0.11135827348709572,36.121568627450976,1924905.0,,181,2
1087.5582649670862,1207.6496174162457,48422.65043790256,30.688597336838118,0.29001368767461977,31.05592075331128,1948212.0,,182,2
1210.2388526646048,1300.3273128126855,96647.31938100276,32.774301413647,0.04909427148472088,24.801603379380534,2085798.0,,182,7
1446.6214778445228,1025.7413961250509,102608.33083670778,24.28972004142966,0.10143498611688981,41.192228221405934,1933329.0,,182,4
1710.77283433496,1537.4143349192138,105755.97780472568,24.37571588613993,0.052924529041234195,40.97656210506349,1943716.0,,182,5
1707.445643175072,2159.1573574335885,74763.46288961908,18.171423841567645,0.2626575325769791,54.994859667322054,1797588.0,,182,6
1089.3507109339166,1207.8524891507602,65577.92156862745,28.67791637280237,0.14499482439408684,37.25098039215686,1907905.0,,183,2
1711.9478614132393,2154.4472635597494,80303.62745098039,18.399105077059534,0.2900882465628377,59.0,1762000.0,,183,6
1711.0669391966978,1539.0320507223369,116593.25490196078,24.44233541130608,0.14304133354273127,44.423529411764704,1923304.0,,183,5
1448.5440027524119,1023.000991195968,112978.9843137255,21.530598392625226,0.08467144765805604,46.96862745098039,1898148.0,,183,4
1218.4455040609353,1297.7585738350108,120046.72156862744,32.91021778817433,0.06335390084023246,31.466666666666665,2061092.0,,183,7
1709.2334927673185,2154.5938794795375,84969.7058581964,18.917243476487524,0.25469496328911734,62.99999998208935,1732846.0,,184,6
1089.3585849323338,1206.2624309392265,64661.71762867575,30.79235060821362,0.20310221070073542,34.094117637366004,1887724.0,,184,2
1219.6445424157864,1299.4649978975804,116336.54114339658,32.492267386755,0.08329727718941479,29.64705881510087,2068186.0,,184,7
1450.6819870359654,1022.3147740518058,117850.02349590747,22.798747051048288,0.07986642771826977,46.941176457243046,1899126.0,,184,4
1710.2242704843131,1540.8018133820692,121664.1176124702,23.7297812468243,0.1058931397888344,45.95294116340635,1913680.0,,184,5
1706.9243105733638,1541.2265267607456,108684.79999999999,23.584013492557098,0.0837892103384376,42.8235294117647,1933731.0,,185,5
1454.9073064652002,1019.3371349721548,115225.16078431372,24.25614566127953,0.11053398109271019,45.239215686274505,1905356.0,,185,4
1706.514914005887,2147.5193437256635,83188.54901960783,19.288570825927053,0.2776428267782733,56.0,1784991.0,,185,6
1203.6302353127155,1302.2423301709346,95855.09019607842,32.75802718101857,0.06050285281326602,25.474509803921567,2083316.0,,185,7
1092.8468385371027,1206.7840358806438,57141.08235294117,29.597864165511663,0.25998493456292887,32.72156862745098,1914617.0,,185,2
892.5640493565282,1430.0069208274251,57148.3294117647,21.748152361131105,0.15286146106174417,39.96862745098039,1796028.0,,185,39
894.7397291714483,1430.0882418400206,66421.40859775241,26.254384369435083,0.1457703996776019,43.655442043716505,1807263.0,,186,39
1094.6430677385683,1199.217946417126,63065.945070931935,25.416643100850564,0.041290688215233934,30.95147742782017,1940646.0,,186,2
1199.8467000038172,1303.9451964919647,96816.22139422149,32.01680910841362,0.06954792491420998,26.562835105965068,2095951.0,,186,7
1453.3618042585683,1017.5889871584219,123426.63862220246,25.523231363397255,0.11526580081216982,46.42721614173025,1898480.0,,186,4
1705.1933674275333,1543.7335222336308,116978.10618317347,23.611077552214432,0.07992734209703913,43.88642321855098,1931531.0,,186,5
1707.3228100801991,2144.0316734651547,80181.88110734166,18.76416408225403,0.2749264823117462,58.90019958279211,1759802.0,,186,6
1704.1548124419962,1543.852312666527,121822.70468175194,23.142299432249708,0.1116969451272411,45.95294072358993,1920720.0,,187,5
1703.54317255652,2144.4597224725176,83648.45407757901,18.606762802056448,0.26603611147754724,61.756862136464775,1742892.0,,187,6
1454.9249064211867,1016.3432271601272,124454.17916562186,23.748867002015857,0.14917316659637067,47.898038743636064,1887151.0,,187,4
1203.8478131079191,1309.0416084142234,97737.77158578318,33.57428817586974,0.07759122656940944,26.745097775634353,2089495.0,,187,7
897.9478841243547,1419.2046242046242,65608.39935340863,21.6797902234074,0.07134772801826773,44.7372544610611,1793276.0,,187,39
1096.4828828110465,1198.4947106822954,54885.317106146795,29.325578649394956,0.27786238168235106,35.011764360830426,1884903.0,,187,2
1089.3195560930496,1195.7469283224423,47479.30553207867,26.4263254028151,0.17265024353703676,34.017531072587595,1923566.0,,188,2
901.5209793435859,1418.4686352447068,65370.8380626604,22.373790611919684,0.09085631089478073,43.90915358305632,1819749.0,,188,39
1216.7531086933404,1309.350832224068,65792.07642615499,33.72985845308173,0.14643915021272522,25.81472216146718,2029806.0,,188,7
1458.1419918077981,1016.925184629796,126457.63854194536,25.78211124571681,0.11828981891322468,43.42663541181395,1924710.0,,188,4
1700.4460107743253,1548.0642240880463,129246.83483081192,24.455100368633204,0.11081259971583282,44.87418992554108,1928164.0,,188,5
1705.3466516771164,2142.3539851955284,87772.226680759,19.54317316393833,0.28243111887788364,61.52106683340309,1748168.0,,188,6
1693.922912375218,1548.286672552082,130971.81172747111,24.443490315144196,0.14279097494035245,46.941176457243046,1908478.0,,189,5
1458.5998886888442,1016.8706810898035,132284.18819768625,25.081747579901563,0.09053901935982907,44.71764704611048,1923641.0,,189,4
1705.3597692066048,2143.713996819351,100667.57644196885,20.709525317367206,0.2870961205858646,62.99999998208935,1735931.0,,189,6
906.8536880048061,1414.4075228622924,74023.76468483769,24.34999373264919,0.05587323998418088,45.70588233994717,1797724.0,,189,39
1087.8021504205299,1202.7349151267035,49907.611750517346,28.823929335107422,0.1564589965368493,33.84705881390683,1904207.0,,189,2
907.5379695057267,1401.4888253591528,53217.83529411764,22.535693978698983,0.041137833618010114,42.34117647058823,1795854.0,,190,39
1201.4590376939393,1304.9147452277168,71617.58823529411,31.348119098875664,0.08046334623245574,26.313725490196077,2087136.0,,190,7
1457.3063567725549,1019.696930297631,130630.66274509803,24.248860984033083,0.06985610972565486,42.81960784313725,1940041.0,,190,4
1690.7180424571388,1552.0344614097978,117846.73725490195,23.97565851717985,0.1507976210665953,44.97254901960784,1921823.0,,190,5
1704.9646008577793,2143.336847288948,83551.81960784314,18.40603377697058,0.24730349317640343,60.99999999999999,1740906.0,,190,6
1706.2401758082397,2141.974981741374,88070.10980392157,19.063399536972756,0.24800375213886655,59.0,1759817.0,,191,6
1691.1582223001403,1554.3913880211653,116137.9137254902,26.089096529031718,0.06114035796985856,44.423529411764704,1918109.0,,191,5
1456.5513035567565,1019.139050249097,128691.49411764706,25.441364346985576,0.09247686763582606,42.57254901960784,1947718.0,,191,4
1096.7698153972028,1219.0507274168392,36196.84705882353,29.44598593264799,0.24496381249868818,29.152941176470588,1918271.0,,191,2
913.1180710254473,1410.8719983063977,48088.70196078431,26.073382166415442,0.14721651574720915,42.57254901960784,1783212.0,,191,39
914.1899776887956,1416.8428722351098,63697.882352941175,24.260810858517463,0.07536691581890442,44.23529411764706,1786596.0,,192,39
1099.8334618207384,1214.8371869275886,38151.294117647056,30.067727484185234,0.32021472328130357,30.58823529411765,1916054.0,,192,2
1452.6550040837317,1022.9942468540141,124453.64705882352,27.333750391695755,0.1114673600581009,40.705882352941174,1950503.0,,192,4
1683.3647618603745,1560.9908947236852,111066.82352941176,22.997334046364227,0.09689344694272926,44.0,1918656.0,,192,5
1709.335957661459,2143.2177151902615,84428.70588235294,18.65078979627264,0.24580711587444531,60.0,1752686.0,,192,6
1449.5328230962991,1021.32489440031,131433.54744989256,26.922179036706517,0.0839364449107779,41.0013585340684,1950202.0,,193,4
1710.8372415048095,2141.880957864538,89566.06705014486,19.498255003974673,0.219517641414993,64.94003991420772,1715082.0,,193,6
1682.436535400791,1566.0806103501495,126726.28588999367,24.40796085504044,0.12072787378620482,46.60402864431377,1908780.0,,193,5
1092.9385955622677,1211.269744869534,55309.30466151911,27.240073408426156,0.2368362220124298,36.92668936298086,1888732.0,,193,2
913.820039449265,1421.5706410667497,78628.63632765312,26.67141881893649,0.18088399626907312,47.62269593708566,1759965.0,,193,39
914.0694566543766,1416.5231522181255,77707.37254901961,22.21759367659541,0.07511443171674177,51.23529411764706,1767959.0,,194,39
1099.6696960697975,1198.555635201835,49784.39215686275,29.46662346341938,0.25252251752063104,35.1764705882353,1874815.0,,194,2
1190.2148051394904,1301.7362078512103,89770.09803921569,32.25864817242659,0.07351697367802919,26.50980392156863,2069815.0,,194,7
1448.8404060139626,1016.0569745923578,128375.76470588236,25.517107305013937,0.04008451667715634,41.54901960784314,1953826.0,,194,4
1680.334300717002,1569.2520201247198,129903.64705882354,25.941855361215012,0.06916073811428138,47.92156862745098,1896761.0,,194,5
1714.3387578024185,2141.376168538079,87309.52941176471,18.617114084602196,0.24967208948143538,65.0,1710311.0,,194,6
1717.9616010713833,2138.428911183717,87372.19766691315,18.358469118226353,0.21702399638506553,64.30582450634071,1715294.0,,195,6
1678.1737196552497,1569.8332611511248,122860.18650477509,22.606987179115162,0.11196695765029263,49.93158138139396,1881625.0,,195,5
1451.250861991479,1009.8519316159419,140280.00391428292,25.554552084119283,0.06883001128416173,42.114010559054506,1947326.0,,195,4
1186.0480828200411,1304.1333459989867,75659.96349682496,33.43727539571861,0.1301398163607188,26.226689210429154,2038335.0,,195,7
911.2612005631337,1416.8929661528268,85263.97534192096,20.705481191904568,0.030940411832214278,48.92286256560823,1806409.0,,195,39
1100.128682948103,1202.891465329263,57824.80611491735,29.96785135996596,0.2506767644986994,35.052978848554346,1910361.0,,195,2
922.2050826548236,1426.9852670861092,72477.17647058824,22.529676607280024,0.02076608007536553,42.24705882352941,1858021.0,,196,39
1092.706149414656,1208.7614227953807,42292.882352941175,26.86853362980528,0.2507616981314958,31.517647058823528,1948143.0,,196,2
1456.9826994128518,1017.8906957493709,121787.09411764705,24.92807995177449,0.07735109461115186,38.89411764705882,1971308.0,,196,4
1678.196029742471,1573.499789297909,113514.04705882353,24.787607037761223,0.08483974420588125,41.8,1943237.0,,196,5
1720.551312122649,2135.0834666714,88151.28235294117,20.695670775448498,0.27608845132954746,57.0,1782230.0,,196,6
1677.4642488861218,1576.2228253702658,117790.27019126741,24.1298384226636,0.08658018275632046,45.835465179394674,1917062.0,,197,5
1719.4890087190972,2133.7695174055793,93689.72795846847,19.440654861573076,0.2236198850729167,64.93357567080912,1719903.0,,197,6
1463.062807113958,1012.9510607453169,134373.03221022597,25.893901225130577,0.05812143238149484,42.01584308111178,1946518.0,,197,4
1179.9856269296483,1302.7740475405415,50970.56512832619,35.16238812087652,0.2270652256865755,26.737354687980226,1984718.0,,197,7
918.4894842879196,1426.5536539417567,97321.42464951584,22.5289916454224,0.008465584774049587,52.710784956303876,1827303.0,,197,39
1093.2244501519906,1202.8130963798624,62659.11803201827,28.04904821804469,0.14607914238710248,33.61267446488943,1920953.0,,197,2
910.2350202387915,1436.690944486639,84901.01132151429,20.454043344582402,0.1069371192656718,49.65881638898164,1843813.0,,198,39
1094.0986133301435,1200.864746289825,57833.00344891122,29.108117989922558,0.21142105038957576,34.34117153267884,1965874.0,,198,2
1464.0912569726293,1010.0176100125957,123571.39399640272,25.08853077228824,0.08616460493704062,39.77646486878629,1968589.0,,198,4
1681.3164240830338,1575.9982815040855,123062.45289311266,25.238387389620357,0.056101421264950796,44.96469941688885,1911048.0,,198,5
1718.5677194754494,2134.5832335567193,87076.85806747331,18.33704999442153,0.24073109314858512,62.75293215324048,1737039.0,,198,6
1088.91904920621,1201.4224892553284,67023.05371309888,24.34700108255398,0.14256815854758176,34.80190141053814,1955119.0,,199,2
1718.5179390818057,2133.64195325383,78714.37625519716,18.38740952985891,0.24644276075399052,57.84640369589448,1766349.0,,199,6
1682.2532663461084,1575.82407226733,114483.91161373777,24.533060743560142,0.06872009425173838,42.79693281566177,1935636.0,,199,5
1453.5456871557253,1012.8904476005775,121492.96752822364,25.883651882829998,0.07250478163636316,40.21030500812177,1963294.0,,199,4
907.6211697717446,1434.222378328106,95066.56695850001,21.91022403369523,0.1147087785025646,49.851372290770854,1851674.0,,199,39
1187.6158379434994,1303.6170165965978,56659.61182819863,34.48065095867302,0.31902221411135284,23.985094215370882,2058153.0,,199,7
1718.8094449562284,2133.8307232354286,80490.80784313726,19.56114297443797,0.21713935878772345,57.77254901960785,1772155.0,,200,6
901.2608958952778,1431.2060981865507,95774.14901960785,22.152630757604246,0.030826780847038757,46.400000000000006,1891464.0,,200,39
1087.0398282520398,1198.0670466631927,63726.76078431373,27.597254502086574,0.21773607031412215,31.160784313725493,1969864.0,,200,2
1452.023136371798,1011.9183269242279,121608.03137254903,24.58284280341601,0.12083782891452671,41.85098039215686,1952183.0,,200,4
1681.5838302242837,1575.4681996584598,111614.29019607844,23.76998335690481,0.08831368752198512,42.98823529411765,1934196.0,,200,5
1685.9980469094696,1577.277738885915,126607.61021928769,25.81279363265698,0.06563292298945532,46.42634066331895,1903834.0,,201,5
1460.0248090203083,1009.9483120626996,125220.2819218191,25.49525593856217,0.05524935277825735,42.20576423938087,1944651.0,,201,4
1720.3826033656228,2131.879100966004,92753.62191527606,20.276997550584476,0.22858925709481617,63.3086463590713,1726331.0,,201,6
1093.636227469381,1198.5557100692474,78732.12222734952,25.188413128889543,0.04557646985883278,32.52326538446408,1979556.0,,201,2
896.3290623976071,1432.497958674978,123506.72789370023,22.513622588914938,0.051070650168294804,54.86749351119513,1829519.0,,201,39
881.2985828827893,1433.2423533968488,113924.73725490198,21.794605285623724,0.0647209943575317,50.94901960784314,1863304.0,,202,39
1092.7945458695394,1199.3798699315582,70752.49411764706,25.446451816919797,0.12651790437642257,33.66274509803922,1991041.0,,202,2
1451.1878231980893,1011.3971532526284,122276.73725490198,26.629665487875748,0.09525220730506756,40.031372549019615,1958340.0,,202,4
1689.3490768301235,1575.875143219142,112558.89411764707,24.785541593302497,0.08353122724352245,41.85098039215686,1936926.0,,202,5
1720.3185651052922,2129.3464939864975,76308.66666666667,17.55952157280602,0.24870730051671766,57.77254901960785,1764854.0,,202,6
1725.2888573222801,2128.8182915091,88574.97606342533,19.143666337468957,0.2551945052524822,61.938674265066616,1744556.0,,203,6
1692.5875818149655,1575.6213504542097,116713.10854014053,25.309523000368785,0.15584850419402005,43.47852036645853,1923666.0,,203,5
1093.249392318911,1202.694785441271,83439.65272494675,25.83706540962011,0.0414214933331889,34.73423694080206,1983168.0,,203,2
1453.5177464328208,1010.1708667496208,133715.88186780587,25.146207357952626,0.055270281230503086,42.74983008098716,1948402.0,,203,4
885.6347266961425,1436.3882031578817,116576.35766323374,21.206177348512387,0.07056758705880842,53.92308112488153,1831027.0,,203,39
886.0003573062594,1442.4696442188283,116997.45098039217,19.059544047736562,0.09635542119059264,63.98039215686275,1731715.0,,204,39
1091.587811359206,1202.3319737754703,89307.19607843137,27.63101436580676,0.06062048315094094,35.68627450980392,1968175.0,,204,2
1193.4868635563744,1302.7572877246055,86620.27450980393,32.887210391173745,0.1455555750277793,30.07843137254902,1993196.0,,204,7
1454.4741083978302,1003.1358819321372,141816.74509803922,24.90347125296957,0.09221771086104405,46.3921568627451,1922546.0,,204,4
1694.3453930970054,1576.7974026432826,129877.13725490197,26.24346072308184,0.13658411884880328,46.3921568627451,1906727.0,,204,5
1730.0516920001799,2124.9186295842906,96409.27450980393,19.205339606918876,0.2421390238194733,65.0,1716488.0,,204,6
1732.1456241418193,2121.4977716069743,98155.6705882353,19.186352624187876,0.2654519886042708,64.0,1727382.0,,205,6
1695.7400424941545,1576.087417655448,129346.50980392157,24.765439066286604,0.10626430127916203,46.93333333333333,1918672.0,,205,5
1450.484977635879,1002.6184018312978,133322.79215686274,24.990282444449555,0.08742408414306282,43.92156862745098,1939341.0,,205,4
1094.0872961630696,1202.6145803357315,83727.05882352941,23.82991615756838,0.07698959247726408,36.89411764705882,1975566.0,,205,2
880.2285075417296,1452.9086383914464,115161.6,19.229039045482203,0.08887675837036253,63.74901960784314,1740738.0,,205,39
1698.5846320918083,1575.289160869948,128267.29411764706,26.38115143817378,0.14114141438630157,45.42745098039216,1919672.0,,206,5
1456.9937579525626,1003.4737974963238,131761.69411764707,26.229599597646153,0.10850699131512698,44.674509803921566,1926445.0,,206,4
1733.4991026147447,2122.024636340259,94671.56078431373,19.98653322923712,0.27455856233031467,63.74901960784314,1731399.0,,206,6
883.0605287390256,1458.787030593572,107115.6705882353,18.748707712695477,0.10693505679407689,64.0,1731755.0,,206,39
1096.3490744752244,1207.9128588054402,88633.97647058824,26.114670403087597,0.048511523418961054,32.627450980392155,2001851.0,,206,2
883.8533396068374,1467.56756770731,102744.8471732637,17.95194195892423,0.057712929786038765,67.73299698350166,1703284.0,,207,39
1087.553576422878,1212.5616522164732,91173.39509252149,27.3927159616316,0.09452434046990493,37.18674344192248,1956860.0,,207,2
1449.8585507762639,1005.0267640336035,134218.90996371885,25.82724518103826,0.09553214726949141,44.62409213030698,1930155.0,,207,4
1697.6348837304663,1576.66852419087,129554.89547731372,25.289063612247944,0.17563007479402565,47.81152728247176,1901212.0,,207,5
1735.285740186477,2120.2013915927823,89367.44745922412,18.449168104560854,0.25490300478858846,65.87365981140553,1709593.0,,207,6
1455.8769940707446,1003.9527825325387,134122.8161807204,25.31432104414047,0.06852134648189029,44.08137803281063,1929541.0,,208,4
1700.3341192715,1577.0223931817172,126224.09573193951,26.260341283214974,0.18095729927203297,44.33618368617948,1914363.0,,208,5
1735.025270474141,2122.3023635408445,90697.81751098794,18.437656288093212,0.19449359132156444,64.97544160905613,1724344.0,,208,6
886.6869642628684,1473.8497857051473,95599.00425353771,17.383218847402656,0.08282485724395139,63.95621899558075,1729345.0,,208,39
1089.2691776175282,1215.0312916153673,81128.08158741413,25.073097800178562,0.04387851378394445,33.63434624468788,2002673.0,,208,2
1701.2936879955112,1581.248456925608,135611.62352941177,26.04832571074516,0.05976876420916408,45.811764705882354,1914162.0,,209,5
1465.6292776407545,1012.8770019695868,145865.17647058822,26.581531691509714,0.08467965404422449,44.0,1934387.0,,209,4
1737.3947682001674,2121.2786696827734,91877.95294117647,19.103217254255107,0.2430910734284342,66.0,1704737.0,,209,6
890.306289505608,1476.2674330133866,97290.7294117647,17.731733865980807,0.07904965432405407,63.92941176470588,1723905.0,,209,39
1087.3071036319363,1217.8356647145033,90775.10588235293,26.445399205669876,0.06669002375683979,34.16470588235294,1999929.0,,209,2
893.6382574439729,1476.9336532337056,96613.98423212252,17.420371742678626,0.06948415839948816,65.93346316468867,1713939.0,,210,39
1087.6541785171833,1217.9162005993658,94820.33547144233,25.42860354257253,0.04297834480430453,35.940201489771475,1986493.0,,210,2
1456.9713756772626,1007.7857622347129,135196.4369378938,26.051544142426962,0.10544998985929978,44.731329911729965,1937099.0,,210,4
1702.1985906957075,1578.2242220277847,132684.24271001885,24.735419538214977,0.10700692279082023,45.76558031431332,1920620.0,,210,5
1738.0614757900366,2120.949157166946,94763.7102619009,19.839486704892355,0.22726198980965587,63.864962359521975,1728258.0,,210,6
1736.5676876821879,2119.049069792287,87364.0,17.75362962507234,0.2559861354670098,68.0,1680862.0,,211,6
1701.4042654639898,1577.90089695909,142615.2,27.3627035366378,0.19564974337540897,47.733333333333334,1901707.0,,211,5
1457.079250156187,1006.3502343261915,146405.6,24.957984624184792,0.0871285274146555,47.46666666666667,1909187.0,,211,4
894.669095482895,1476.5718587979964,97313.06666666667,17.386500831222577,0.08824772908583334,68.0,1698361.0,,211,39
1088.7921174020735,1219.5195768746319,94635.46666666666,25.618324753746705,0.054231495576244494,36.266666666666666,1980550.0,,211,2
892.5745474099301,1475.5276880137249,99545.39511888051,17.325098712556915,0.045911488391352805,63.9794488895578,1722105.0,,212,39
1086.0114394564735,1221.4333506889327,100359.79487665795,26.875362370509414,0.07118443593335232,36.45044299285564,1995912.0,,212,2
1459.2162712638337,1009.6570689855444,127276.28039215849,25.004710824642682,0.06830509728736989,43.33269446703118,1931183.0,,212,4
1700.7482266938898,1576.106743292035,137453.09113684212,25.429547169310265,0.13439321455596498,46.90126930549257,1914856.0,,212,5
1739.956579061406,2118.801844201481,97055.2945762427,19.41276452156731,0.24706752360560547,64.99904170054677,1725093.0,,212,6
1459.6516675399553,1006.0987055781392,151339.87843137255,24.813543242355845,0.09737682960794489,50.09803921568627,1884505.0,,213,4
1740.65581295765,2116.3697512096946,100280.5294117647,19.070303199558634,0.21111943756861948,67.84705882352941,1695504.0,,213,6
1700.230007702415,1574.7675188750354,139004.02352941176,26.732428086779063,0.07095461364458729,49.52549019607843,1884118.0,,213,5
890.0693463803358,1473.8099812764506,107485.48627450979,17.455509945373638,0.07856450950844482,73.0,1656325.0,,213,39
1083.128456079563,1224.6000627414628,101293.36862745098,26.574438491894302,0.06503527828443452,38.64705882352941,1953899.0,,213,2
1744.3994354099955,2114.4233276625064,110113.3259086605,20.262019420662615,0.21742261808819405,73.22635719600264,1652701.0,,214,6
1462.0219012394668,1005.5995167165173,157116.70702108738,24.968538401393932,0.1145623012165702,52.64063428949587,1864510.0,,214,4
1703.6026329315346,1579.5572774382515,167071.37445516244,27.759875434894692,0.14457052692209402,50.5820619988452,1903496.0,,214,5
1082.398760789423,1221.0495462150038,119178.98419493026,26.711392464327762,0.09404576424204207,40.58328230139905,1954813.0,,214,2
892.1983370144212,1474.908991696883,124495.10009465774,18.364179566997606,0.06322038642432153,74.99084773084607,1644670.0,,214,39
1745.8936687332296,2112.9347050407664,111899.33793559171,19.425585319667785,0.2562818700293845,76.8323032119053,1620616.0,,215,6
1459.7252994340577,1008.3428655958619,168421.8736997207,24.48454267097776,0.09549407719818707,58.82975517899025,1814955.0,,215,4
1075.8941733710703,1220.0022784002592,126986.75908346259,26.735470205345425,0.049891905837832325,46.61374044236932,1885330.0,,215,2
1699.8592135257686,1576.0511328788346,181355.7400391541,29.291568013049183,0.18900827863609226,51.43585152261442,1895304.0,,215,5
891.5787172670945,1474.4820851570626,127944.75181807128,18.248707608398593,0.06072777271739193,81.97588836416674,1593002.0,,215,39
1752.4379586442387,2114.6410734396454,105236.63529411764,19.81916216776419,0.23606742774909756,69.0,1689167.0,,216,6
1703.481875121986,1571.4154225589525,152500.82352941178,27.840846638203455,0.15224180676575014,46.54117647058823,1927073.0,,216,5
1460.1226015811867,1008.9674839608653,145255.01176470588,26.602509415920345,0.1220749590199768,49.51764705882353,1878242.0,,216,4
1073.3147071827646,1215.1790693623807,100979.4705882353,25.40266875625953,0.07322405185407502,38.964705882352945,1940898.0,,216,2
889.2157623987652,1472.657854553186,97994.34117647058,17.736670958904085,0.0764139897957731,64.94117647058823,1717609.0,,216,39
1460.4729537265582,1009.784076186153,130620.91459582503,25.962126240753243,0.09934541261822048,41.75283866559694,1950545.0,,217,4
1752.7766376167692,2112.6268028024606,86747.08113765916,18.370189707839923,0.2460468216816464,61.76455423904873,1733918.0,,217,6
1707.8508488819969,1568.6083597618929,123473.52037928232,26.205366827479313,0.19533629974288924,42.741071533421724,1941392.0,,217,5
888.9967770924078,1469.2171873130471,97047.67937721379,17.72342424341276,0.09325774805418788,62.9998453238297,1744876.0,,217,39
1073.6598257757735,1216.9471302648012,95548.03600028969,28.10419315169385,0.13233230570641027,37.05873254342924,1947036.0,,217,2
892.1126532517274,1470.3051826510384,99431.43529411763,18.23869708100701,0.06329756237039208,60.76078431372549,1762709.0,,218,39
1062.4069212206268,1215.8035165186238,83862.79999999999,29.24695351254188,0.14343456891093043,32.29411764705882,1949602.0,,218,2
1464.864742995683,1014.0349366494186,134484.42745098038,26.10908772797286,0.06272043164372712,41.6235294117647,1956704.0,,218,4
1708.24548754394,1568.662484716491,125215.0588235294,25.137894689628812,0.14756288171030166,42.81960784313725,1941399.0,,218,5
1754.862581202017,2111.890417694357,89519.53333333333,18.581307915069715,0.20049096073085512,60.99999999999999,1745667.0,,218,6
1755.9759658953803,2113.257253934633,96298.61198258973,18.893920423587044,0.1984072998884934,65.83946713022598,1717171.0,,219,6
1707.403672672678,1565.1058275609266,139815.40142780417,27.462343147430293,0.07331419892462906,45.70033600803921,1916723.0,,219,5
1463.0502032876393,1011.551537248719,141488.24028088938,27.970211463446553,0.11141740801620426,44.1511720755633,1934857.0,,219,4
889.7394622822163,1470.7547396505552,104224.90924310271,18.649997492669897,0.09172526213717336,62.99933325402015,1744669.0,,219,39
1064.313732064463,1216.6169198035905,82397.1894345172,29.097357459478257,0.04739069615600281,34.339800503215905,1947777.0,,219,2
892.5575694711168,1471.8841662854388,97783.47843137254,17.557196258485867,0.03522588292868036,59.803921568627445,1762712.0,,220,39
1064.2012214777662,1220.7556455218837,69014.4431372549,30.678645521435634,0.12580776559923387,34.2078431372549,1914373.0,,220,2
1461.207169925454,1015.1723308484708,134455.9607843137,26.333820287112598,0.10650459177878349,41.384313725490195,1953295.0,,220,4
1708.4981251488377,1567.0659043482824,118532.80784313724,24.22102730220593,0.12378389024425175,41.86274509803921,1947663.0,,220,5
1757.7796517340807,2113.3143038171793,89101.62352941175,18.430871979946648,0.20705405961071988,60.99999999999999,1752236.0,,220,6
1759.8577561012232,2111.486588302168,89217.40392156862,19.31734698864805,0.25302736720654695,57.890196078431366,1776771.0,,221,6
1708.7312361597837,1569.0599945261167,124985.65098039215,26.430611944960468,0.2040377903383381,42.81960784313725,1939697.0,,221,5
1457.388378211467,1015.3421441550142,134022.5019607843,25.800109095409972,0.0696351839323244,39.949019607843134,1973855.0,,221,4
1065.0845582926618,1217.8951504606232,66266.5725490196,28.816275044232242,0.1413976883725341,34.686274509803916,1928979.0,,221,2
892.3410755143038,1472.1946702822877,95978.59607843136,17.234740834404015,0.07522181782976628,60.99999999999999,1746218.0,,221,39
891.5741862901785,1471.6836079900727,99086.48428943567,19.00224597293982,0.11038450447243996,60.9999987779411,1761012.0,,222,39
1073.8239011110998,1208.0750000853905,70035.89271456529,29.943810827861597,0.06827246524400192,34.447058133425564,1956022.0,,222,2
1454.6717893597938,1015.6143334567146,134425.81691478955,27.05929170885096,0.07981036993798682,37.55686199269315,1993188.0,,222,4
1710.1683605094747,1570.164154663514,130305.08758557851,27.97617941485193,0.14200943199630847,44.01568539271044,1927739.0,,222,5
1763.641157596259,2110.8989677644017,96174.2725830723,19.894723668545293,0.2433111475597045,59.80392037053049,1770680.0,,222,6
1450.1686377288743,1013.1170958961474,132528.36532414675,26.23149564526063,0.0774838477462795,38.752662707415986,1982020.0,,223,4
1766.6394487239381,2112.9852945969733,88069.97106798209,19.137505002979125,0.2580981611404699,60.99956166908072,1752005.0,,223,6
1709.3488073186406,1568.6663724341286,126558.54155546606,24.745875045312353,0.10626398657611211,43.77615602134028,1934724.0,,223,5
1079.3648512452012,1215.8536532824533,62185.58451910151,30.482583166508828,0.11237461786897357,33.011527491502505,1928625.0,,223,2
892.0661352775903,1471.5471146840298,98166.47498706794,18.33502643847593,0.06212413526980525,59.80349183243207,1760302.0,,223,39
890.8291012436556,1472.0520762221365,96712.9882352941,17.979058844778027,0.1067739186716545,60.99999999999999,1753810.0,,224,39
1071.5605508057265,1212.7845092133998,67038.76078431372,31.442661453936907,0.1016435188606937,34.2078431372549,1904388.0,,224,2
1453.7002060858001,1009.5613056692138,135460.42745098038,26.69685407074166,0.07830190505850326,39.70980392156862,1980223.0,,224,4
1710.4179082109586,1567.8170213802264,127695.96470588235,26.429985625317205,0.07683570890763709,44.97254901960784,1929621.0,,224,5
1762.1509342398854,2108.8626512025594,93165.18039215685,19.074867103018168,0.2544052679691673,59.803921568627445,1772457.0,,224,6
1765.3443563179133,2108.8523395696557,86803.29411764705,19.43028674281269,0.23371646278093164,53.803921568627445,1811961.0,,225,6
1710.417087808285,1567.9244025900982,106594.79215686274,24.801551943841808,0.09893546839784073,38.870588235294115,1968922.0,,225,5
1451.7532060326716,1016.1257200086318,119067.2,27.80241546392261,0.09745076546622164,36.674509803921566,1982567.0,,225,4
1066.2289393625933,1206.1955801404777,64751.59215686274,27.316931981562057,0.04996724869195647,31.843137254901958,1953899.0,,225,2
892.4256140759095,1472.1200576264725,88717.39607843137,17.381674964711504,0.04755879443321607,56.0,1797150.0,,225,39
891.766726670398,1472.0124343866762,90207.12122735108,17.54970165204228,0.06394040295801735,57.99389856085469,1788477.0,,226,39
1064.6951183257247,1205.2911411478674,55844.940335358544,28.646447793953147,0.0734149714202944,30.70265217927601,1944355.0,,226,2
1450.5560326986756,1017.9864177090998,118684.17226420935,25.905640139280035,0.08003843299268479,35.7060473492321,2002508.0,,226,4
1711.6796976684395,1569.6232063374737,113227.74240431905,27.0927136820077,0.08644360608634662,38.662599040569795,1965721.0,,226,5
1762.7191598682682,2109.6298200303368,83214.42162323109,19.143281779644063,0.29199318152342274,54.80991981633718,1796517.0,,226,6
1761.4396807869905,2108.934122164224,84562.46776964726,20.499261020070996,0.26852954617385305,51.99208141829848,1838115.0,,227,6
1712.0977989504254,1570.215617418705,108292.50257926756,26.784579118716977,0.11716533038341412,38.834901630810705,1965697.0,,227,5
1448.5133105066836,1019.6778589056057,112304.16913898803,27.551836851028245,0.1194191788679827,37.77383874472298,1968144.0,,227,4
1066.5264594914647,1204.6904489320602,53940.40508973276,30.13003581267023,0.07365806205148356,33.317374623154535,1936260.0,,227,2
892.3200186339714,1472.5778835575027,85641.35651222126,18.59323161493425,0.060694198889016886,54.11420719047393,1810122.0,,227,39
891.9678865671957,1472.4992320643482,88418.6225122937,16.99994124436093,0.03485323248160205,59.499835700391344,1765784.0,,228,39
1059.0669995513056,1204.5354489208692,56682.810145839096,30.3346726093196,0.06836234404929878,34.76657066415024,1918752.0,,228,2
1448.5496227230255,1020.49991660722,116116.84602792647,24.272376859121618,0.0752576872916037,42.69988209086908,1934296.0,,228,4
1710.3635310797333,1568.909365546461,113228.8873359118,26.749877001877085,0.07612987864172012,40.833220578699944,1952010.0,,228,5
1762.5137055024818,2109.4621577627154,87439.09188378295,19.738831750942907,0.2983695534979151,56.93317612115878,1792024.0,,228,6
1761.2894953870343,2109.38303158295,94636.07056089668,18.797004016226193,0.24627044185907504,61.99999998208935,1744573.0,,229,6
1710.9783945746847,1569.9245417001837,126343.35682624685,25.98367767409218,0.14319413403275236,43.76470586971013,1932972.0,,229,5
1446.3786228649647,1021.6414388367668,126648.49408106066,25.71257672717537,0.07675480836382151,45.46666665353219,1917657.0,,229,4
1071.8560868784282,1193.1227392679996,70390.18037182244,34.15878160436487,0.2433326805785637,34.76862744093638,1907304.0,,229,2
890.9982530838286,1473.0603781160944,93251.1607573752,18.613814482338224,0.08831954105028707,60.784313707930735,1752815.0,,229,39
891.4430836141328,1471.9247790787726,87150.48055025018,17.61664259290806,0.06684259094885266,56.989143806035,1784622.0,,230,39
1059.1990328412878,1201.2761883118835,66873.29621038602,31.15157878961188,0.04994408275449906,32.629078414435725,1944654.0,,230,2
1442.7873011306424,1022.5452611793588,116522.68526788063,23.586928610592835,0.12222775865521042,41.79203879109234,1956381.0,,230,4
1711.5975973347804,1569.741193242042,114912.23910997361,27.218864477181487,0.0833222450615524,39.78065724499698,1954885.0,,230,5
1760.2358538079711,2110.522575754429,86085.34227817347,19.5156588277089,0.2520299938541749,55.871709613759805,1791262.0,,230,6
1760.6975587522688,2110.9338125737986,92690.78823529412,20.077593187402968,0.2892598455927348,59.78823529411765,1763362.0,,231,6
1712.223016416341,1568.222314070783,125227.44705882354,25.3010353680926,0.14236886137840377,43.72941176470589,1930837.0,,231,5
1443.6746837300773,1022.8349623802675,126255.70588235295,25.48826375847261,0.08713060493779225,45.45882352941177,1915484.0,,231,4
1069.908175176336,1205.972226368302,64554.24705882353,31.822416803815337,0.06663541062832992,37.800000000000004,1896240.0,,231,2
891.3554604859917,1471.078113569409,99963.95294117648,18.037795712451835,0.06697566675920184,63.0,1740456.0,,231,39
891.5873220190251,1471.7183308179658,91988.79215686274,17.638841827157652,0.07313908788488573,61.99999999999999,1742601.0,,232,39
1069.3801702056185,1199.47049396022,69481.81960784314,29.257800005981988,0.08676466621260276,33.30980392156862,1933304.0,,232,2
1444.2966380739076,1021.88933984033,121911.20784313725,24.294844703100317,0.06115687802791654,45.2235294117647,1914395.0,,232,4
1711.4382843431545,1569.0362508662643,125952.14901960784,25.18062652155681,0.08624832348434287,44.73725490196078,1921495.0,,232,5
1760.629617987406,2108.6909781853124,95138.63529411764,19.82116618583041,0.2526718955153922,60.78431372549019,1754555.0,,232,6
1443.1750535081296,1022.3909960283205,131937.0705882353,24.486739030891137,0.08124109459346927,45.45882352941177,1924843.0,,233,4
1761.6250636188192,2111.0756217851504,95629.30588235294,19.37766275370782,0.28301208303511166,63.0,1741562.0,,233,6
1711.2932298318565,1569.701312829627,123997.09411764707,25.131271497169696,0.10649660490297666,44.964705882352945,1922705.0,,233,5
1066.1111392559294,1200.7390173753283,77052.45882352942,29.41999003345725,0.06872190323797796,34.588235294117645,1916835.0,,233,2
891.8531105326251,1472.5978652863255,98512.72941176471,18.17818752648342,0.08294522058050438,60.7764705882353,1754641.0,,233,39
891.3833895145717,1471.7433001082698,81507.79565397078,17.097753921484113,0.0666139134298807,57.77081430084657,1778378.0,,234,39
1067.5921496278388,1206.049875946307,50052.72448791379,32.804292954374155,0.24230869219259832,31.387292809121366,1920720.0,,234,2
1442.3697677002988,1022.5310707024144,110520.57152883688,23.50729385353045,0.10267461545663358,42.759500348658094,1933216.0,,234,4
1711.3402682771853,1570.3164085380115,109891.23356359891,26.692227233231577,0.06798223821329416,40.485058840750746,1942655.0,,234,5
1759.5195783555869,2111.7301110330286,80913.2566438038,18.414863607601813,0.22284077048926948,54.81404034056702,1805022.0,,234,6
1711.6304068395057,1569.0160038085414,120595.80392156861,26.408010344110284,0.1756219043249333,43.53725490196078,1928075.0,,235,5
1447.1000409912124,1021.7226587593734,117299.1725490196,26.438483133907738,0.13302675528589727,42.10196078431372,1938601.0,,235,4
1759.3045859407944,2110.948728628305,92469.06274509802,19.927259318871403,0.2849722099151734,57.890196078431366,1784033.0,,235,6
1069.0728748353097,1212.4132226613965,45391.17647058823,30.93073455191371,0.09136674631747543,38.27450980392157,1847398.0,,235,2
890.497758378674,1471.133350637961,94923.4156862745,18.357315531272427,0.07682201957824604,60.99999999999999,1755971.0,,235,39
889.7743527895235,1470.7789059677152,86739.6705882353,17.84096189636328,0.08707933024888738,54.0,1810746.0,,236,39
1066.7847618539656,1206.739026081391,39703.76470588235,32.02438192880578,0.17675411015361928,33.45882352941177,1911685.0,,236,2
1447.161262239018,1022.1551388259912,108486.21176470588,25.346298973157996,0.09981129633655846,37.48235294117647,1974728.0,,236,4
1711.1034753858037,1569.626716215577,107473.1294117647,24.644402989342517,0.10527048101338608,38.96470588235294,1968330.0,,236,5
1757.9114589325625,2110.009610512324,86508.21176470588,20.942822164081008,0.26996073244188273,52.305882352941175,1830666.0,,236,6
1757.7729243717313,2109.7238605292296,93711.99368198245,19.8911640203435,0.26545492931964665,57.88220370688662,1784229.0,,237,6
1711.3243842649665,1569.7414694777804,115853.5836544436,24.010344263665985,0.10374066331106913,43.999886557673975,1928978.0,,237,5
1448.1881026810916,1022.2671904014825,120881.10010405761,23.91368454321859,0.0883483719860675,42.82341900265595,1933975.0,,237,4
1063.969249504606,1206.8487594994717,55451.85703173039,30.253721766212944,0.01469222145180798,37.17637473856946,1892955.0,,237,2
890.7383096114077,1471.276987927305,89087.53501671761,17.557915451736864,0.05812225307173967,59.764551794915455,1767112.0,,237,39
890.0172209871399,1471.2691303323852,86369.30588235294,17.050134998383157,0.0730707460218375,57.0,1784113.0,,238,39
1062.505986994758,1204.6469917022353,46819.129411764705,30.933620894108138,0.2769316209244571,35.76470588235294,1891222.0,,238,2
1449.9649305198147,1023.4037611940298,108579.41176470587,24.95514394808998,0.10465253292650487,40.68235294117647,1953990.0,,238,4
1712.6572909452425,1570.8376285362053,110059.4,25.78125726343817,0.10943717250656045,41.576470588235296,1946602.0,,238,5
1756.8047903842369,2110.2134238658928,91980.34117647058,20.383867272973482,0.2350747586319892,55.65882352941176,1808941.0,,238,6
1452.781471426353,1024.3129994517842,129947.38039215685,23.599362942176153,0.10775158890572194,45.95294117647058,1916479.0,,239,4
1713.7531000411045,1569.4590833908599,123625.81176470587,27.245901903880036,0.18409350778032277,43.035294117647055,1930402.0,,239,5
1757.2948712978255,2110.0808553092393,94070.04705882352,19.50844423011913,0.2703763786184471,60.78431372549019,1748408.0,,239,6
1063.2538499877205,1203.3316876381446,67320.81568627451,29.487511493915733,0.015841133183495854,36.470588235294116,1907292.0,,239,2
889.8226898997159,1470.468128485425,90990.9568627451,16.945853657857874,0.07933175618370578,61.99999999999999,1738788.0,,239,39
889.7847859384433,1470.8530456561543,88033.31764705882,18.122201873816675,0.10684257081948036,56.0,1797449.0,,240,39
1059.5494241323336,1198.5937041045065,56821.33333333333,28.91253980321978,0.08633960264281001,31.40392156862745,1932593.0,,240,2
1449.8793131957302,1028.101979533053,107577.7568627451,25.614065571862987,0.11063007036101234,39.09019607843137,1958976.0,,240,4
1712.6925302205016,1570.8501956814544,103697.94509803921,25.687250570812182,0.19102787177604463,39.52941176470588,1958316.0,,240,5
1756.94441374528,2110.02193545591,81073.50588235294,18.50652689905952,0.2642217743207376,53.803921568627445,1814281.0,,240,6
1755.6746745642915,2109.994657025683,93165.8861317648,19.669794749052173,0.248983008193778,59.92964104213566,1768695.0,,241,6
1713.2130846103148,1570.3138740421348,118396.2650105039,25.569631865330223,0.16656004800134838,42.80688645866832,1932190.0,,241,5
1446.6802971918087,1028.7793471179693,128037.35428411506,24.114193631935073,0.1333144170277396,44.76377269677887,1919509.0,,241,4
1072.5828555181727,1205.7526694466821,61944.255424270465,30.1545813540038,0.05996725512714315,35.22395228598994,1895878.0,,241,2
890.7889599955463,1470.4262502498855,96665.53255784576,18.012339340848083,0.07788049596945734,62.37574883977384,1739745.0,,241,39
888.4080653096289,1470.250482604993,95789.37647058822,18.178128580893496,0.0378514595040169,60.99999999999999,1753544.0,,242,39
1061.2116731968115,1205.2037646445735,49576.015686274506,31.68449426844849,0.08471548319217669,36.121568627450976,1852488.0,,242,2
1447.1706677020452,1021.6943714953544,122606.1725490196,24.530434208723644,0.0979624737869612,42.81960784313725,1940575.0,,242,4
1712.567543865054,1570.3377675906927,116471.96470588235,25.33507232871925,0.12621709305380324,43.77647058823529,1926158.0,,242,5
1755.2681905214647,2111.070274267454,90577.82352941176,18.92175135670019,0.23450241464593788,59.803921568627445,1747221.0,,242,6
1754.8072932443715,2110.149647428215,85926.01007352927,19.78714380020369,0.26592478353909405,55.905016313291654,1795455.0,,243,6
1713.4471168129078,1569.923695232835,108183.67565746768,25.037518846793837,0.08560567720910389,40.966833816622625,1948318.0,,243,5
1443.6732288876497,1019.2974679318497,115256.67873354202,24.856176823141663,0.12044873161451833,38.929808930713214,1966266.0,,243,4
1060.4929424313661,1203.1583681120098,43711.38534623791,28.25301081574701,0.13194205942454787,36.44011184793504,1897071.0,,243,2
889.9297935823295,1470.4715769956867,87160.44715439038,17.28509800046614,0.07275114848006607,57.715705100766684,1778795.0,,243,39
889.8280332608113,1470.365652170379,82500.90588235293,17.301376496206057,0.09423160215053676,57.0,1783820.0,,244,39
1062.164094995304,1197.3126257882732,41649.117647058825,27.56873419884769,0.15820227464490108,35.54117647058823,1884666.0,,244,2
1441.46041445271,1017.3747805295014,116108.3294117647,24.550029172534266,0.1204375764706826,41.8,1953742.0,,244,4
1712.7798305937604,1570.2414164709828,106614.58823529411,23.97118355218027,0.1350027798094969,39.78823529411765,1962542.0,,244,5
1756.5689125972792,2109.803359346208,83094.59999999999,18.802412588111814,0.23625029753406848,53.870588235294115,1809777.0,,244,6
1754.7740841385885,2110.888043357026,94368.67445438742,19.133207692280088,0.23899149088944674,58.84705878897242,1777599.0,,245,6
1713.0657815575285,1568.6690896511418,111331.93718952406,25.967458759099795,0.09600753503869737,42.34117644572406,1926379.0,,245,5
1443.8592003371018,1019.3032465932039,120352.28228226623,23.83596635152737,0.09785753024970599,43.77647056252826,1935704.0,,245,4
1056.7556445936434,1197.3334481859038,48598.81957930426,30.891657025587694,0.17339253951679695,36.360784292373204,1856409.0,,245,2
889.4399340501344,1470.3545326206997,91841.5999460675,17.33097345540168,0.07939463248367631,60.99999996417873,1758266.0,,245,39
890.186189321214,1470.9676083276427,85432.25881565883,17.74931563266851,0.042715430319004065,56.999992145393605,1797509.0,,246,39
1070.3235689109324,1195.6784867569415,46104.94658790879,27.953592049353716,0.11370403475970317,33.52940714434918,1908583.0,,246,2
1445.852097934271,1023.8777623568022,116605.44275528411,25.0343673939466,0.09522574029623257,41.35293547803066,1946759.0,,246,4
1712.185108401985,1570.223069747576,110948.13765250855,24.98194106658434,0.15864378703787402,41.79999423995531,1944588.0,,246,5
1753.5348264266338,2109.908265688655,88008.88199001158,20.2582956623181,0.27941407004610247,54.98822771673266,1808861.0,,246,6
1755.0397410528383,2110.2724990054403,86529.57647058823,19.181181475453315,0.23474862390625373,51.858823529411765,1835124.0,,247,6
1712.7138406138886,1569.461538984834,98574.68235294118,24.916677916258333,0.07585687624591488,37.77647058823529,1966006.0,,247,5
1443.718828982698,1021.1234272408678,113469.56470588235,23.23862322349113,0.100928455637663,40.90588235294118,1954601.0,,247,4
1067.1540628560663,1197.5777850548623,49829.623529411765,29.22542866634084,0.21591939428113027,35.31764705882353,1899317.0,,247,2
888.70451813727,1470.9942675748143,87034.30588235294,17.569512888924002,0.033938784142303884,57.0,1787079.0,,247,39
889.0574251560791,1471.0694230464458,87546.10980392157,17.88747557316024,0.0796117938540584,57.77254901960785,1784455.0,,248,39
1074.5498026651617,1185.8953689601221,54806.815686274516,31.249879644192017,0.1683978831473095,30.02352941176471,1947954.0,,248,2
1443.4558223327895,1019.6927176179466,120319.06666666668,24.631023806636293,0.12320502296359642,40.94117647058824,1958239.0,,248,4
1713.8519786686356,1569.058101394977,112129.46666666667,24.118527464445773,0.08142323089123607,40.94117647058824,1949758.0,,248,5
1753.2443010947427,2109.6636680789816,95447.9843137255,20.48373936524968,0.2613502956499056,54.81568627450981,1807954.0,,248,6
1755.8182389576248,2111.071778046694,91722.94901960784,19.49557729220854,0.23018424389481265,59.803921568627445,1757716.0,,249,6
1713.6957116736078,1570.243114590769,125333.23137254901,24.85495618261049,0.12288174525078772,44.73333333333333,1918633.0,,249,5
1446.0008190087854,1019.8916087589196,122965.47450980391,25.19926894616233,0.11064241537662395,44.49411764705882,1928040.0,,249,4
1068.8594402763301,1195.9994056489195,55542.533333333326,31.306011022407205,0.10535441564907959,34.92549019607843,1895405.0,,249,2
889.0858307062938,1471.2840978040736,88706.67843137254,17.039246393987305,0.04903682407188811,60.99999999999999,1752586.0,,249,39
889.148949547463,1470.4836803363835,99415.97647058824,18.114409380268523,0.050785407805342415,63.0,1739442.0,,250,39
1076.230714813128,1190.6508261448196,55877.54117647059,30.45141623220753,0.21993570992505665,35.82352941176471,1873903.0,,250,2
1447.6548772796402,1024.549204623581,130444.3411764706,23.23872031774404,0.11794264759557938,45.95294117647059,1916607.0,,250,4
1712.4503837680975,1569.8178244952496,123700.62352941177,25.240804857480736,0.1677235469824495,45.95294117647059,1909988.0,,250,5
1753.6619699121259,2110.6632248835417,94297.90588235295,19.66688202949462,0.2553385643772512,62.50588235294118,1738120.0,,250,6
1752.3176383341008,2111.2410017241564,84951.91305734965,19.682712972752658,0.26287996065546665,57.99681360269482,1789227.0,,251,6
1713.7883497860457,1568.8154795310927,115497.58387022307,24.330876315128997,0.12782602224156783,42.985873611409104,1932533.0,,251,5
1445.200161035398,1022.1881728446605,122027.11532794764,23.508764341513565,0.11793775933134422,45.942573912722956,1915153.0,,251,4
889.9358596461835,1471.8902818280342,86882.8657925923,17.65493603904964,0.09370605669825387,56.85962117911257,1787997.0,,251,39
1068.956372662255,1193.5865095865097,50213.641217213175,28.685706723431295,0.22021377442836793,35.707842100482694,1886989.0,,251,2
1752.6343248288738,2110.758033602987,83062.6932094581,18.371412322065012,0.23426266762680445,58.579787785139494,1759424.0,,252,6
889.4702398628394,1470.3149257327275,82001.13556492818,16.586217551376066,0.05445532400573793,57.89061381119668,1773595.0,,252,39
1069.083225830828,1199.8073105302078,42560.398210154664,27.716316898039448,0.16594022362432928,37.21539459291215,1868084.0,,252,2
1447.4247303417044,1022.4736002470153,111600.23884714027,23.326612311054753,0.05663643660429533,41.80988775253093,1939420.0,,252,4
1712.89391596821,1569.7344624887141,118569.625520966,25.662208295220065,0.07656356512508693,42.95851104243563,1931302.0,,252,5
1753.957347517031,2111.5042803198457,88720.51925069392,18.585496711949936,0.24991351035943532,60.77980141911917,1753144.0,,253,6
1713.9563989599176,1570.4690653976352,123887.46923259059,24.570367325255113,0.1251290566650095,44.73393384447171,1924110.0,,253,5
1449.023258724505,1024.102568432261,122381.5888726305,24.978854820861002,0.12347841639825326,45.706410667177614,1913905.0,,253,4
892.0978471961689,1471.2153190033764,88131.6845345455,16.94850415475249,0.06419276110920576,61.752278241825074,1741081.0,,253,39
1077.7623864697816,1189.7748434922592,61165.14536011638,29.881483873503026,0.21546387984226248,34.27980800038321,1894310.0,,253,2
1445.7109189709756,1024.3147496182658,113267.90980392156,22.949058869932934,0.09508659569134638,42.81960784313725,1938944.0,,254,4
1713.4743495312696,1569.921576539359,112046.95294117645,26.416807766391003,0.061550927624457547,41.86274509803921,1935457.0,,254,5
1756.0987095518385,2112.022538292617,87255.59607843136,19.04585511569182,0.23541536281527656,59.803921568627445,1767675.0,,254,6
889.3586810264312,1470.2341737418935,90668.00784313724,17.86786750994994,0.04223573691324073,60.99999999999999,1758416.0,,254,39
1072.930042176791,1194.6894196785972,49003.811764705875,28.855004762870315,0.21369938188749601,37.55686274509804,1882513.0,,254,2
1757.1412056656561,2111.2580923711316,88558.01727040268,18.82070437450851,0.2432345735199731,59.99977257654689,1768418.0,,255,6
1450.3064716675005,1025.6098405586135,124138.82358119814,23.533051919995074,0.09873605016284417,45.88217902912409,1914670.0,,255,4
1712.1072911258366,1569.3011998990337,114656.27128862003,24.74703985157866,0.1757133962024199,44.705712900172195,1914427.0,,255,5
889.1130837657524,1471.4280816477815,88874.95724554232,17.826433607082727,0.060322927327233704,58.82330644759499,1767205.0,,255,39
1077.4770590432902,1191.3984060023972,60461.8884719992,31.990854720196836,0.1295765159081405,36.235156771718515,1886950.0,,255,2
890.8239968142788,1470.3524705162556,83273.53725490195,17.580326162872964,0.05563848916783097,54.90196078431372,1794947.0,,256,39
1075.8163603703192,1191.8590668324812,47679.05882352941,29.104451525730664,0.3163560790012405,33.160784313725486,1917698.0,,256,2
1451.2118216167505,1027.3797227822479,109907.79607843136,23.351810497847122,0.062190710625407326,39.96862745098039,1964763.0,,256,4
1713.1961046950034,1569.7670317894988,110669.17647058822,24.01267850977469,0.14724645799347338,41.94509803921569,1942595.0,,256,5
1757.1628018016584,2110.6946783169665,82789.08235294117,18.945215789687403,0.24596606680164312,56.0,1791152.0,,256,6
1757.8777721337947,2110.8587336225955,84297.45490196078,18.15621798492383,0.21918025641374714,59.803921568627445,1749148.0,,257,6
1713.0964280660776,1569.1645524968462,120031.9725490196,24.57877867963617,0.08368761992923952,43.77647058823529,1922964.0,,257,5
1454.2206614293054,1028.5583476818206,121982.29803921568,23.32878320525669,0.11161859942921248,47.843137254901954,1891857.0,,257,4
1071.6993207412263,1196.7998748733837,40147.56862745098,29.87098457496912,0.13568996032852376,34.92549019607843,1849082.0,,257,2
891.1890835241435,1469.4244845457117,89638.42352941175,17.75009360065752,0.08455883946232338,60.99999999999999,1756346.0,,257,39
891.8806969483438,1469.632946169133,89155.05882352941,17.12351031820601,0.0728172095713704,60.0,1762545.0,,258,39
1080.8115387412283,1187.5436906882885,51770.35294117647,30.07148754787799,0.24147035311994852,31.764705882352942,1897976.0,,258,2
1453.7900400400401,1031.1010607381575,116589.17647058824,24.895603331889895,0.10721913906610107,44.23529411764706,1921003.0,,258,4
1712.4391491987674,1570.1727869430542,117436.70588235294,24.512575038273567,0.1442659844080255,42.8235294117647,1930888.0,,258,5
1756.7955000968116,2110.0655806335135,89926.11764705883,18.989247369220514,0.20661818660317782,57.88235294117647,1768849.0,,258,6
1755.1980581057494,2109.5130426337246,87216.23529411765,18.255605824014477,0.24449464242289945,60.0,1755330.0,,259,6
1713.7703709300526,1569.0081104091878,127679.05882352941,25.77250196908055,0.15590749846671004,44.705882352941174,1928933.0,,259,5
1455.298444240606,1032.093333546963,117483.76470588235,23.67999028320028,0.09970458459820843,44.0,1925164.0,,259,4
1074.5484864915593,1199.7512382302953,45130.82352941176,29.54214099792975,0.24284398937969762,41.1764705882353,1863543.0,,259,2
890.416585747461,1470.0554718250723,86021.41176470589,17.033859186439496,0.07884550269875491,58.8235294117647,1765944.0,,259,39
1756.4418096756988,2108.7335772912184,87183.96205251158,18.528324972739448,0.2568900466684914,58.99546578899444,1772189.0,,260,6
1712.7226744329237,1569.2135823297128,112724.37164379017,23.63748708627904,0.07638858334507607,40.94979390059614,1946239.0,,260,5
1456.9730757171208,1030.8382985021724,118795.3521056294,23.4781598631257,0.11805230509643846,42.800632042995964,1936397.0,,260,4
890.9640905644592,1469.8089361813381,88490.88513581366,17.570770017431343,0.04275343669976405,56.913272878794636,1782748.0,,260,39
1074.992532469071,1202.5726449558629,48826.729679881995,29.445051441790373,0.17668743079862295,34.70321516999673,1897920.0,,260,2
1754.8037293669124,2110.140539139039,91899.31764705882,18.543138671427045,0.22977597214480525,61.99999999999999,1748357.0,,261,6
1714.2077109091617,1569.1319766761574,124675.92156862744,26.142871959304475,0.0707444344616206,44.73725490196078,1917311.0,,261,5
1455.6816004464329,1032.7957159609527,124609.5450980392,24.628110062596008,0.13834173389925797,43.764705882352935,1926099.0,,261,4
1082.0054581150766,1203.6798204524532,59691.65490196078,30.980505745562727,0.18920095968192832,37.199999999999996,1890156.0,,261,2
890.4279111868377,1469.8476944784622,91327.2156862745,17.63715004806033,0.07762201382996954,59.81176470588235,1758667.0,,261,39
1756.6718166839933,2110.539522220986,86685.41176470589,19.116692711326007,0.24216555232963644,59.76470588235294,1763404.0,1.6824519401627602,262,6
891.5458976503305,1469.110664698533,93409.88235294117,17.752804674049056,0.04608371964373999,60.0,1764245.0,1.6089547350658326,262,39
1076.1551041876608,1203.1739115474043,47866.117647058825,29.865960122312448,0.23219810109891273,33.64705882352941,1883175.0,0.22416164618779458,262,2
1449.7400516048885,1034.2527838708354,120462.82352941176,25.306451659496688,0.10849260086102588,43.529411764705884,1928772.0,0.1685452899138611,262,4
1712.1732873282235,1570.493192601835,110882.82352941176,25.10501265540343,0.07996904508568613,42.588235294117645,1932415.0,0.16526919823289052,262,5
1758.263056493488,2110.0301620179894,77396.39215686274,18.36288877735076,0.24112388480957334,53.803921568627445,1811598.0,,263,6
1451.6909226791788,1033.8520884742584,111955.63921568627,24.525642540910034,0.10005256589224146,38.870588235294115,1968613.0,,263,4
1713.459086292694,1570.6089169894772,103575.62352941177,24.294806621573233,0.07731347292291345,39.96862745098039,1954027.0,,263,5
889.8591719794475,1469.645620855431,82361.50588235294,16.848621137225855,0.0410078929893733,56.0,1792643.0,,263,39
1083.2280707987659,1204.8255552989524,37085.83529411764,28.467836834519417,0.18925264020729557,33.819607843137256,1934073.0,,263,2
889.6116278836661,1468.7198828240507,90766.13333333335,18.45151292890792,0.08414243596680618,57.77254901960785,1776011.0,,264,39
1074.966567917366,1205.6677968392714,40384.83137254902,27.92724165896233,0.16013065988181563,36.61960784313726,1878669.0,,264,2
1452.2728334786723,1032.9539729354935,122850.1411764706,24.40393863893362,0.09541311784062487,40.94117647058824,1955690.0,,264,4
1712.9021947938209,1569.5367108919017,111414.81568627452,24.891861802632185,0.08491069054941756,41.85098039215686,1937523.0,,264,5
1756.3830057233279,2110.130578189702,88543.0274509804,18.98523843054681,0.25660667376884483,57.77254901960785,1782036.0,,264,6
1757.4095154319807,2110.3892224729416,90745.47053314008,19.013622187435217,0.25155084529518557,58.99999996417873,1765531.0,,265,6
1713.718457929873,1570.3750947254466,115410.94110639997,24.896691219037553,0.14553671296585627,42.80392154263947,1934386.0,,265,5
1451.6166589737902,1033.9027980090436,115793.39992969717,24.156714214161155,0.09511952513623399,41.87843134712294,1941584.0,,265,4
889.8187436142514,1471.5282346220185,84240.89406650103,17.30252627792414,0.10368529280800334,57.84313721978307,1777640.0,,265,39
1081.4046140791072,1210.033607443087,37899.5176240485,28.271835771004977,0.05345717631307909,39.79607840721075,1853040.0,,265,2
890.7848514913658,1469.9411064364208,95237.7450980392,17.862359150215937,0.06607901739717995,60.99999999999999,1759642.0,,266,39
1080.4123291708108,1204.5435591409732,38963.9294117647,28.443703112557618,0.21095066237615626,38.51372549019607,1839530.0,,266,2
1454.2621920291008,1031.851774977769,112715.79999999999,23.389976159065014,0.08073843327490976,41.86274509803921,1942857.0,,266,4
1713.4017194028352,1570.0125658329914,114279.0745098039,23.634742966610727,0.09734151302990167,42.81960784313725,1933012.0,,266,5
1755.9568458378074,2109.7410777315868,88443.06274509802,18.340214373341823,0.245735339648059,59.803921568627445,1762444.0,,266,6
1755.919298690754,2111.026025068507,86551.84310957276,18.76717583348233,0.21678386815414163,55.99999998208935,1793292.0,,267,6
1713.2802424130623,1569.7201076646047,104761.0666331606,23.444209373629494,0.0843650207710227,39.9686274381971,1959079.0,,267,5
1452.8105718239826,1033.273252419852,107587.19996559006,23.380402942737035,0.11825313559208134,37.99215685059395,1975741.0,,267,4
890.2090982495997,1471.3925029766385,80232.62742531934,17.44449796482222,0.07380905645464116,53.80392155141918,1814097.0,,267,39
1081.1557067315566,1200.979795970893,37543.278419364964,27.751211628241442,0.20656238729948392,34.25882351845466,1867794.0,,267,2
891.0457798170107,1470.4086191299073,78183.95294117647,16.746667501988057,0.04686254393371621,54.0,1805935.0,,268,39
1091.8312119973093,1198.4856628460636,32110.729411764703,28.1089182948388,0.31209420333013327,31.976470588235294,1906586.0,,268,2
1451.4334503441805,1032.9709517936392,100443.17647058824,23.458917089999982,0.10591084647802422,36.84705882352941,1984250.0,,268,4
1713.9561312975707,1569.3787548589096,97461.95294117647,24.215178547282648,0.13241680668378428,37.90588235294118,1968780.0,,268,5
1759.4787576336466,2109.1311738914555,75490.09411764705,19.767579701533716,0.24563895973548586,53.78823529411765,1812958.0,,268,6
1758.9333563349203,2111.417661614042,89860.23921568628,19.13884382482616,0.23428499879654954,58.76862745098039,1773942.0,,269,6
1712.297414497075,1570.1229872734964,110500.29019607844,24.08738978807087,0.06602101050038144,42.80392156862745,1939479.0,,269,5
1452.780683555875,1031.0146578364786,123011.76078431372,24.885278090649813,0.11476580711492125,42.80392156862745,1938964.0,,269,4
892.1253622648011,1471.6664926595572,89974.53725490197,17.403537015572383,0.05518401346322481,59.0,1765745.0,,269,39
1085.727127263272,1184.816558076275,46271.50196078431,28.10594067725875,0.21393747426225934,31.466666666666665,1890894.0,,269,2
1713.3987797793184,1569.091088584879,106220.58039215686,24.769687693624665,0.06624559486169716,42.8235294117647,1931534.0,,270,5
892.7109664698406,1470.237634740404,83978.47843137254,16.89987805007279,0.0555920011320676,56.0,1788309.0,,270,39
1086.4181990758086,1186.7225727488449,43960.0,29.99763414342159,0.29468349617132755,32.501960784313724,1885875.0,,270,2
1453.6715606511798,1030.390020615951,111210.29019607842,24.064434904536324,0.15179467499944252,41.72549019607843,1938728.0,,270,4
1760.485231451166,2110.856044426535,87197.49019607843,20.274078616264607,0.24022413096301085,55.78039215686274,1800545.0,,270,6
