y,x,mass,size,ecc,signal,raw_mass,ep,frame,particle
1294.8153753933764,734.8989959538438,401.94065780883557,3.1090861847078566,0.03997763485688003,7.5894684375713,2644.0,0.02260968940848533,0,11
1304.1758849557523,685.1281605562579,381.1599704202475,3.0556883598819558,0.12671141795878357,7.950871696503267,2648.0,0.022566863721020982,0,13
1419.0064688366363,1335.2765170962111,586.6177231230705,3.3297101848022215,0.031717927987406254,10.480694509027034,3616.0,0.015473931802694104,0,23
1192.1002928257687,1544.2289897510982,411.3973764175554,3.088328759079597,0.01601447997519555,8.312274955435234,3689.0,0.01511564664392716,0,26
1009.9819053325344,1182.4538046734572,502.651699297877,3.1553923525833936,0.025052102321986344,10.059057373606406,3081.0,0.018727072996573477,0,30
1426.1044382115163,587.9800362976407,365.077525397775,3.1469010638865207,0.03324957060631589,6.987129672684689,2500.0,0.024267605571026564,0,54
1439.0284126003705,871.8040457072267,390.07458414056936,3.095978582743336,0.05292051276561997,7.7701700670372835,2684.0,0.022188610733013453,0,55
1794.6454094292803,1252.5913151364764,242.74252224930427,2.6729970354201225,0.18057887039335566,6.866661919707367,2090.0,0.030671130738963655,0,67
1830.9103078982598,1289.9892904953147,224.97352868514923,2.1513670508344998,0.15116815130641598,9.516952485208455,1514.0,0.048739032715086346,0,69
1831.835931410756,1639.198168355417,309.1202541398088,2.8136109999295202,0.05399656173930297,7.348532931616655,2340.0,0.026420196483950085,0,70
2063.5875209380233,504.2190117252931,431.5154911647682,3.3586559088775165,0.034906797916305014,7.167831302150672,2846.0,0.020632383281519284,0,79
1010.0076027928627,1540.2040341349884,388.20733396942086,3.0397419350674495,0.038050718388339844,7.950871696503267,2829.0,0.02078536322133204,0,84
1491.7097701149426,1536.3706896551723,230.57527919859473,2.6739386218453163,0.22450212842386244,6.5052586607754,3108.0,0.018530466184155308,0,96
1534.5410933432502,1513.1734845667534,323.9377877560195,2.9461827102694795,0.06923561146323565,7.288299055127994,2743.0,0.02159538281786065,0,104
1576.1212321232124,1942.1421342134213,273.76296864096474,2.688647035646038,0.14788277109330827,7.107597425662011,2829.0,0.02078536322133204,0,110
441.34109864826,935.3937302272074,418.86637710214933,3.134874390796895,0.08808256388293226,8.011105572991928,2785.0,0.021192051680409104,0,116
454.7035363964894,465.6711409395973,466.6920750341463,3.28685763975825,0.028166837834022684,8.19180720245791,2996.0,0.01937420251955391,0,119
474.1421934393918,659.6232577784035,427.8412246989599,3.1999401655675888,0.05892203842472782,7.950871696503267,2897.0,0.020186662739893165,0,121
596.1276689736416,1678.2666764835813,409.0482552344976,3.1308291238580592,0.07075635314336436,8.252041078946572,2830.0,0.020776301631312798,0,131
636.6720716360117,1602.3257502420136,248.8863776511477,2.725014098918206,0.15097097836962364,7.04736354917335,2872.0,0.020402721151619528,0,139
674.4752432432432,926.3991351351351,278.5816787600576,2.8545269878430513,0.10234521181125837,6.866661919707367,3063.0,0.01886047847476469,0,142
69.77891349611963,137.915956842703,318.21556948959665,2.932582114328269,0.3268862105468416,8.553210461389877,3803.0,0.01458816095915628,0,147
99.41458766458767,289.86573111573114,347.66993509255195,3.0713393549273307,0.0519917225062711,6.926895796196027,2682.0,0.022209291820254152,0,151
179.54133754607687,2205.0781990521327,228.7682629039349,2.6459005819220573,0.09151526058817289,6.5052586607754,2547.0,0.023700376373438508,0,158
246.46066602316603,1794.818774131274,249.60918416901163,2.6999213487757916,0.0886752122629526,7.107597425662011,3125.0,0.018408780681731754,0,164
940.3652858610066,1358.623930160904,351.8863064467582,2.991400432761721,0.08286904534158805,7.469000684593977,2693.0,0.0220960204879095,0,187
713.8651713709677,914.9861391129032,478.01604381401455,3.213857658389229,0.049589383580455226,8.794145967344521,3073.0,0.018786130594211053,0,204
721.3400454693082,1046.528905488795,370.9202114171751,3.0014341056374905,0.07514021095744702,8.011105572991928,2612.0,0.022958236651819855,0,206
755.2485643970467,1678.8133716160787,293.70038175871156,2.8469288894741864,0.08714264546540249,7.348532931616655,2749.0,0.021536826680647374,0,214
822.1391122547443,913.1053393374075,374.53424400649476,2.9507046767539817,0.09418328828038572,8.13157332596925,2649.0,0.02255618263634838,0,217
761.4321806633733,2283.298517995766,426.757014922164,3.137880652512816,0.08459387493058802,8.6736782143672,3069.0,0.018815799296423106,0,220
774.4883062995096,1505.4901923802338,319.3600131428812,2.9336302331370185,0.07252544319134936,7.2280651786393335,2589.0,0.02321546707919978,0,226
1304.5480798306621,684.7001814333232,396.77741894413185,3.169775236971551,0.04284255398136086,7.918751028216723,2651.0,0.022612008821327672,1,13
1294.7824528595918,735.39597942964,384.9592829398993,3.034809221270095,0.007286960967653415,7.618798337753968,2631.0,0.02282787900787034,1,11
1426.1645450259311,587.8796165330818,381.71979388290157,3.188730549064497,0.03253622065583726,7.318845647291213,2531.0,0.02397215449055658,1,54
1418.8841706743067,1335.1725161158292,586.2875287785002,3.3825319750389733,0.047801188274682556,10.138400937641107,3601.0,0.015603309403830036,1,23
1192.2704081632653,1544.1773303916161,435.05138224717933,3.1203785463428244,0.04438003330804825,8.878599637697537,3676.0,0.015230614568493658,1,26
1010.0309326485351,1182.4526672113925,513.9389398388838,3.2309276420667907,0.018013864560830536,9.71846717099325,3089.0,0.018732572395266656,1,30
1439.3055074971164,871.663783160323,416.0943722099332,3.193694226801024,0.025973284261141684,7.858760490124172,2727.0,0.02182764494837904,1,55
1794.2024746906636,1252.62120359955,213.3263534571111,2.5,0.21450546160989498,6.8989118806433565,2082.0,0.030934477266157175,1,67
1831.0408712677436,1289.9424865394028,245.12133864616308,2.2287227486955636,0.06845103427324842,9.6584766329007,1532.0,0.048017393777393634,1,69
1832.339210284665,1639.4727272727273,326.6484799139398,2.8817847240195245,0.055234901508545535,7.618798337753968,2319.0,0.02682251937772447,1,70
2064.4500070911927,504.1822436533825,422.9932840905766,3.33011000962673,0.04273380263920697,7.618798337753968,2841.0,0.020748082755878694,1,79
1009.321608040201,1540.0502512562814,417.8340978146172,3.149265801696387,0.04867914752037546,8.158713180586926,2820.0,0.02093885188363506,1,84
1491.5527059334927,1536.9671810475984,276.01646576382683,2.9750100224663556,0.2695563700831445,6.778930804458255,3100.0,0.01865220530314243,1,96
1533.9751243781095,1512.3101160862354,325.5686502282739,2.866156253170435,0.06965252723216367,7.558807799661417,2805.0,0.02107727754306583,1,104
1575.9183143598962,1942.6930297583383,300.3726242294025,2.7543019712645025,0.054420616963197284,7.798769952031621,2842.0,0.020739085179752443,1,110
454.7773963559546,465.5778980723528,454.36833551298076,3.2648070203079578,0.023866938247260827,8.038732104401824,2970.0,0.019648434959310766,1,119
474.85376406114796,659.7794923565042,415.97439113374816,3.187194054609222,0.12892077264016827,7.73877941393907,2898.0,0.020247380402701735,1,121
596.1135827931644,1678.5405126694166,407.2157725722357,3.1461643360548983,0.11943012070118109,8.038732104401824,2855.0,0.020622822849913274,1,131
636.6809392265193,1602.3950276243095,260.5988974740412,2.708607791731593,0.0701532958609346,6.598959190180603,2887.0,0.020342116530208128,1,139
440.79265055190723,936.0044711471287,429.352281128387,3.164839317934085,0.050598357301820385,7.918751028216723,2801.0,0.021114500706973863,1,116
69.69044922612306,137.8731596828992,317.8298708143348,2.7894532533497727,0.2287262103888287,9.298533404345394,3786.0,0.014715111066070645,1,147
98.7384948565241,291.56903086085543,332.4075715708247,3.055079999962713,0.02229114158104725,6.598959190180603,2675.0,0.02235829332117003,1,151
178.74081580947555,2205.272105396504,236.7826538512985,2.6899111493478483,0.10077212226210237,6.958902418735907,2580.0,0.02339746931128596,1,158
245.86311132956502,1794.6930449741951,244.10149949858973,2.599695617096027,0.15068815069955768,7.018892956828458,3230.0,0.01775212383308559,1,164
674.8712169993561,926.5329469843314,279.49591697319477,2.828047668738265,0.16073078739210117,7.018892956828458,3056.0,0.018977883437324507,1,142
940.2788010111954,1357.8067894546768,332.22759995654707,2.9110442119205038,0.06972747467326516,7.378836185383764,2704.0,0.022059215183693852,1,187
714.0850091407679,915.009271350222,459.407540712755,3.223744823472139,0.07718387444642252,8.158713180586926,3042.0,0.01908390667382161,1,204
721.6064484769929,1046.0894361633182,370.26160110722435,3.041700883456485,0.05297605574457776,7.798769952031621,2604.0,0.023125927166199007,1,206
755.3632653061225,1678.8102928127773,338.04668215152446,2.9375034218107654,0.08412611052783175,7.438826723476315,2766.0,0.021445899629825464,1,214
822.2759464751958,912.9528394255875,367.6220174311521,2.9936290053060888,0.08407825570810577,7.558807799661417,2636.0,0.02277352597207119,1,217
774.6010900140647,1505.5399085794656,341.2261806704297,2.9566131267777664,0.07966198738345841,7.438826723476315,2625.0,0.022893446103478862,1,226
761.5731411229135,2283.7288315629744,395.3376460299106,3.013122539079409,0.06745766983695847,8.818609099604986,3059.0,0.018955317257212778,1,220
1304.2472978815392,684.1196137772014,426.2532481158529,3.189865418673517,0.07626728036919983,7.924292982698519,2681.0,0.021797033365196415,2,13
1295.0790820055547,735.0868294109048,420.23324259411294,3.1032281337613745,0.02383110446378394,8.231436121562803,2652.0,0.02209555238134512,2,11
1009.9353582554517,1182.6841344014242,552.1205064224364,3.2740840197258683,0.01527427891716344,10.012866326975649,3138.0,0.01797093585136513,2,30
1419.6058953110248,1335.7611454945977,585.5991085586433,3.321255085114138,0.049661242554433244,10.627152604704216,3615.0,0.015188226272129133,2,23
1192.0968733297702,1544.4243719935864,459.7318502520598,3.146498737090486,0.033402339805331076,9.21429416592851,3677.0,0.014888569922673832,2,26
1426.095200752823,588.0923776662485,391.66893067973456,3.1768255898153104,0.05038672117910604,7.248578077197095,2570.0,0.022985670505485726,2,54
1794.1965155008968,1252.6443761209325,239.75593419745985,2.6341049408393626,0.14412350601045998,6.511434543922814,2125.0,0.02941674528247774,2,67
1831.0740384615385,1290.0139423076923,255.54309153508402,2.192645048267573,0.11882796827746768,10.381438093612788,1537.0,0.046670659561020685,2,69
1832.4030314097881,1639.2803140978817,336.3831656841635,2.91397228499534,0.07242396774118362,7.555721216061379,2313.0,0.026307187439011177,2,70
2063.8959875340865,504.2880145435658,473.06186247876974,3.4203231674881014,0.02899287633879952,7.740007099379949,2900.0,0.019779045354660695,2,79
1488.722914934885,1678.146162371848,443.39183526447994,3.228548361420077,0.02244933526813829,8.108578866017089,2826.0,0.020417775209040475,2,263
1491.5687285223369,1537.6585051546392,286.01169091042095,2.9599996517135487,0.24403431528771596,6.572863171695671,3017.0,0.01884686067799087,2,96
1534.262301359372,1513.0032548343863,320.84172285763077,2.864981315799685,0.06741961780620499,7.125720821651382,2759.0,0.021032740837344837,2,104
1576.069157577164,1943.0315618472964,264.6959570732397,2.54438437628015,0.022071669300107486,7.678578471607092,2807.0,0.020588484893111877,2,110
1439.5392048154602,871.6201488990971,387.7989271300446,3.126434408638045,0.08992121782908682,7.740007099379949,2729.0,0.021320269783536107,2,55
1010.3825457525267,1539.1393062004918,449.78041255285706,3.2136224997898277,0.09408660947659368,8.170007493789946,2879.0,0.01995620892113115,2,84
440.82883139038955,936.1165766278078,432.0889677542743,3.122510381617592,0.08914230473868882,8.231436121562803,2833.0,0.020355593596383652,2,116
454.9738036571132,465.70872779146674,473.6761487564983,3.257464518231516,0.03882675142939072,8.415722004881372,3021.0,0.018816541977930874,2,119
474.44950901363035,659.8250036640774,419.1275272942015,3.1635519547255253,0.046911538876106385,7.740007099379949,2918.0,0.01962967558711124,2,121
596.4502247912652,1678.490366088632,382.57749376935175,3.081164940801015,0.09050084051076847,8.231436121562803,2803.0,0.02062478815321506,2,131
69.4535998368346,138.43136854986741,301.18456197031657,2.8759448074659666,0.2760904796081533,8.784293771518513,3760.0,0.014505450602691738,2,147
99.21146245059289,292.0209486166008,310.8288565306551,2.8947273861827134,0.088168698728535,7.002863566105668,2673.0,0.02187857476352914,2,151
178.96901734104046,2205.132485549133,265.6788151176054,2.781649196849822,0.006275028025922663,6.572863171695671,2598.0,0.0226737738127509,2,158
246.3527140585964,1794.8721326368386,270.47024808388824,2.7010987745827135,0.09702416178412097,7.125720821651382,3110.0,0.01816631004510454,2,164
890.6481001727116,1949.2331606217617,142.2687019219362,2.2148228855842564,0.22982567953308494,6.265720032831387,2342.0,0.025885108044731625,2,280
822.3448800270362,913.4457587022642,363.5346191597662,3.0092512533484106,0.07090772210103283,7.740007099379949,2630.0,0.022327526702770877,2,217
637.5990666100976,1603.138311412813,289.57455132124664,2.866644302057452,0.118332361715569,6.9414349383328116,2883.0,0.0199222192080055,2,139
940.6139050922277,1358.9079300015765,389.6417859632303,3.1693242358978866,0.11143821909449647,7.187149449424238,2751.0,0.021108654186853495,2,187
674.0062071917808,926.9659674657535,286.9945489547867,2.8213805762719044,0.13949699696269835,7.371435332742808,3068.0,0.01846746854971585,2,142
714.4397496087637,915.5602503912363,471.0347177622655,3.28493820154993,0.06863575067425125,8.538579260427086,3093.0,0.01828701643190231,2,204
721.677472167649,1046.458742632613,375.20605843660894,3.0255948123576983,0.07404999641183978,7.924292982698519,2607.0,0.02257531109597833,2,206
774.5322718712549,1505.4915254237287,358.8046148212562,3.087160481031814,0.03408997311029663,7.064292193878525,2659.0,0.022022749896692315,2,226
762.2642494356659,2284.0125564334085,435.40611365400855,3.1543262777280487,0.08245821450831058,8.722865143745658,3118.0,0.01811005671063034,2,220
754.967380224261,1678.809887869521,361.56890307103475,2.952880611805581,0.0879678972521774,7.924292982698519,2782.0,0.020817500314691033,2,214
1304.9462055715658,684.7089337175793,371.78929969820945,3.042973249827784,0.05799008493045072,7.381023561091575,2628.0,0.022501888964682474,3,13
1295.110037054938,735.2506847108103,369.46784873947905,3.024282799405733,0.025487951273732965,7.797694245991905,2551.0,0.02336112950249348,3,11
1010.0574179743224,1182.3125297194483,500.7191144830833,3.290536004853796,0.021055438477285488,9.047706300692898,2930.0,0.019665064210548516,3,30
1010.1019313304721,1539.86572654813,388.3370783271083,3.0764577479104296,0.061180017917429746,7.976267396663475,2679.0,0.021966750474438038,3,84
1419.0369891081634,1335.8016823034616,551.969608725824,3.289149637532214,0.05967539777166355,9.821523286936369,3494.0,0.015917419903677076,3,23
1192.1002801946615,1544.460699011945,403.63484490130617,3.063213476535947,0.04219479509271293,8.571511232235377,3484.0,0.01597138668497973,3,26
1794.3445810694882,1252.892479267944,208.15676929949385,2.4075113607716956,0.05897592711144872,6.666730958405293,2050.0,0.03108402199483526,3,67
1830.993792491871,1290.411173514632,201.37098957397416,2.086441173888153,0.16728872154118526,9.523901369150419,1483.0,0.049665913028983044,3,69
1832.0833833233353,1639.758848230354,297.68144216950776,2.75693305396181,0.11260774915361299,7.559596711763145,2269.0,0.027159282515382854,3,70
1426.2320979899498,588.4773869346734,379.0512744921867,3.17649778702186,0.09459695697228068,7.2024504104200044,2487.0,0.024126878008318205,3,54
1439.137290664898,873.5251202122367,358.9915572334136,3.085795785946484,0.04480621381495805,7.142926026862814,2660.0,0.02216311427187821,3,55
1489.2039334341907,1678.4013615733736,393.4561753130267,3.0744420056314157,0.039485267588326795,7.857218629549095,2749.0,0.021272380135796673,3,263
1491.837299771167,1537.7100686498857,260.1215561449208,2.8264847458117717,0.23692254576385824,6.547682191290913,2968.0,0.019357985057201908,3,96
1534.156152404747,1513.0149906308557,285.89561422518415,2.7642463117978746,0.08293713006145363,7.083401643305624,2668.0,0.022080008492338453,3,104
1576.3156862745097,1942.581568627451,303.5743561416696,2.77099826281956,0.03354415317959429,7.678645478877526,2766.0,0.021110321909509077,3,110
2063.30227976358,505.70954123276107,422.980269557393,3.3249307736540765,0.059105123228131204,7.2024504104200044,2801.0,0.02078432754164877,3,79
441.14432109308285,936.2355536578423,418.21831887281775,3.1774764185670032,0.06624189607399154,7.559596711763145,2724.0,0.021515272670578393,3,116
454.2024669823075,465.92337403438825,477.7427024300079,3.2619272599630125,0.02483074460905266,8.452462465120997,2963.0,0.019397841154654913,3,119
475.2347184582957,660.038241493526,395.36095558685673,3.1094895115731713,0.09676046310884341,7.797694245991905,2866.0,0.020204876492697678,3,121
596.0744479495268,1678.7970031545742,377.3845917525853,3.0337481372474486,0.1195241575038952,7.976267396663475,2734.0,0.021417453067301723,3,131
636.8298903340984,1602.8538638102525,233.39510792774246,2.598628323948824,0.15308298926594505,6.607206574848103,2784.0,0.020941400652069148,3,139
670.9321826790897,1359.1530471971896,389.7061391489237,3.026788395551705,0.16416259218966142,8.392938081563807,2751.0,0.021253185435690568,3,291
674.1897619047619,925.9730952380952,250.0024109401985,2.6449412631879534,0.0975377485267608,6.607206574848103,3057.0,0.018674983638550833,3,142
69.54946171033923,138.52935202112533,293.03854025204697,2.8271341294215953,0.3191429249106751,8.631035615792568,3673.0,0.015009587500465655,3,147
99.44391614437001,291.3760535984439,275.41932271911867,2.785114341918086,0.04526458894138759,7.023877259748434,2555.0,0.023314880938868025,3,151
178.86613386613388,2205.8154345654348,238.33563176298924,2.6514561622285555,0.1599173061157507,6.547682191290913,2519.0,0.02373782987272568,3,158
246.2299313284395,1795.0499644802273,251.37147176201387,2.632516751528001,0.19940636861653654,7.321499177534385,3022.0,0.018937748837225897,3,164
891.6855800505963,1949.1301048066498,164.70396930274507,2.232914085363102,0.058272704625050034,6.428633424176533,2310.0,0.026532112624786264,3,280
940.6580193145238,1358.8129142207915,314.34826956552104,2.8665317642118935,0.026314161226805827,7.261974793977195,2579.0,0.023041189907618477,3,187
721.6603708196153,1047.2271703344309,343.51521750854414,2.927383131385545,0.10992255998546338,7.797694245991905,2555.0,0.023314880938868025,3,206
754.694571376348,1679.163407055383,325.65790244138714,2.8313013956062387,0.08055024962589658,7.976267396663475,2726.0,0.02149563733196568,3,214
714.0562797693658,915.1150664326899,474.88553201926277,3.1766137483161967,0.034847996086542786,8.869133150021327,3079.0,0.018513516906113654,3,204
761.980386583286,2284.0247299602047,418.81356270838967,3.1172829673212754,0.11087639753258967,8.511986848678188,3008.0,0.019044937079471226,3,220
822.279618192027,913.4673404454427,318.0387813460668,2.8972677791225316,0.10346053285272601,7.440547944648765,2528.0,0.023630660521313938,3,217
774.3648596693579,1505.7952710495963,309.645843264503,2.8995419171808257,0.09252707642306121,7.023877259748434,2552.0,0.023349550168682665,3,226
1297.5499917641246,736.521495634986,363.02807950310364,3.023026983500941,0.05383338872854265,7.713823464981119,2592.0,0.023044663269625995,4,11
1367.8755826461097,1192.9896020078882,166.77405925451427,2.191937375608005,0.12267991524614925,6.398287680255657,2730.0,0.021595460237559545,4,299
1304.538370520622,685.1379310344828,353.75953192890154,3.069815313361277,0.05941104363821342,7.47463514048558,2579.0,0.023191270563854956,4,13
1192.1936772426386,1544.3633873544852,523.9420248074772,3.250111932474531,0.06647544303356066,9.806721304317081,3808.0,0.014481492782520035,4,26
1009.9785320220676,1182.596785799952,498.58806241095016,3.2494256554704184,0.019457101440492404,9.14895341195435,3030.0,0.018998210394519627,4,30
1010.4827586206897,1539.6630369026013,395.37830039112526,3.1469360164437803,0.09785199292000195,8.072605951724427,2775.0,0.021161510961172074,4,84
1419.1400740095778,1335.799521114497,549.4155813662521,3.2713416359744367,0.036464741012875175,10.04590962881262,3506.0,0.015953812303762586,4,23
1426.565824350592,588.0341049655416,338.39168208006316,3.0307955818539933,0.03511119153101438,7.056055572618388,2443.0,0.024844817712240164,4,54
1794.5337440492858,1252.716325959115,213.53537669339207,2.5565023537079212,0.20625226279214245,6.936461410370619,2086.0,0.030565581407288236,4,67
1830.9920657410032,1290.3414565032588,211.0238992861889,2.050717102562106,0.15335986000168578,9.986112547688736,1504.0,0.04893480665102779,4,69
1831.9791427477994,1639.691733639495,312.49954595342115,2.7867847341028793,0.1442733763285265,7.833417627228888,2314.0,0.026646966383498047,4,70
2063.078162207592,505.6512116542933,426.89136214341244,3.3281558520512218,0.03875223330737605,7.833417627228888,2804.0,0.02089097764695519,4,79
1438.9923901226898,873.7599006056842,385.0334053566932,3.1359673210958703,0.07357569469720596,7.295243897113926,2663.0,0.02227557710865646,4,55
1491.4801912568305,1537.9899817850637,262.62878029610135,2.8123216397603743,0.2098655007825571,6.936461410370619,2947.0,0.0196521196772117,4,96
1490.456809099293,1679.3728865662465,389.0398097919935,3.099438184764184,0.032512549823014,8.13240303284831,2732.0,0.021575796022993893,4,263
1534.1505227855594,1512.6956007101992,303.11140421697127,2.8271713792227997,0.013057585531437928,7.295243897113926,2728.0,0.021615160328815684,4,104
1576.1057149311046,1942.77569460131,264.7216781354373,2.65461568100248,0.06013778892551357,7.175649734866157,2785.0,0.021067435649305723,4,110
454.7764023210832,465.861637653127,463.7263641157254,3.2948585467857168,0.07317876609355221,8.13240303284831,2948.0,0.01964397345868885,4,119
474.4204256981058,661.4823276703769,306.22085243541324,2.8567983166043702,0.1086459833727995,7.355040978237811,2675.0,0.02215063360480921,4,121
596.2311131668208,1678.7086031452359,387.84386816951576,3.021533367589795,0.0627037566867769,8.610779681839388,2787.0,0.021048720870536698,4,131
637.3021001615509,1603.2130163858758,259.10075250979213,2.6423908496400967,0.07680080675178372,7.056055572618388,2809.0,0.020845031548122034,4,139
670.1962838781783,1359.373707739592,428.02750668476625,3.1219956220136806,0.11384474202244955,8.730373844087158,2794.0,0.02098348017464309,4,291
674.5821976149915,926.6154173764907,280.8070929577623,2.9264842475412927,0.2155176894658724,7.175649734866157,2998.0,0.019245098476602534,4,142
440.85193042002544,936.0349314099844,422.8251606269883,3.151301774010395,0.10471945585911342,8.072605951724427,2755.0,0.021352204822652206,4,116
69.84085974815459,138.38037342596613,275.4253556566127,2.7041484028165055,0.25940549348656283,8.192200113972197,3709.0,0.014933266175680231,4,147
98.39431396786156,291.5758137618459,290.255031775336,2.93273723201092,0.057246519720154446,6.57767892362731,2592.0,0.023044663269625995,4,151
178.91319221723327,2204.8655120803933,279.67094841640846,2.8205922887800243,0.10290377851916416,7.056055572618388,2570.0,0.023293865501681704,4,158
246.29668411867365,1794.807737056428,205.5823649039154,2.47177199134468,0.19168626253915577,6.637476004751195,3011.0,0.019144030358008095,4,164
714.0042339243186,915.7722942577401,451.9463391343201,3.1911204203092254,0.07307810844508378,8.311794276219965,2980.0,0.019386813664160455,4,204
891.1209540034072,1949.234667802385,140.40354647888114,2.2006464901129252,0.12579267200099437,6.218896436884003,2307.0,0.026752265249184455,4,280
941.0014530190507,1358.50678075557,370.38312048134145,3.1193046259852935,0.04978824561436368,7.295243897113926,2675.0,0.02215063360480921,4,187
822.0480902777778,913.6300347222223,344.4311872735755,2.9321612241560735,0.08364035044694704,7.893214708352772,2558.0,0.02343207915683716,4,217
721.4215603316974,1047.2814350990016,353.34095236103434,2.9547555686501,0.09860731678956282,8.072605951724427,2600.0,0.02295536114321428,4,206
754.9225365483197,1679.4577558382382,314.9512262795004,2.9023078617929254,0.10640260193666758,7.534432221609465,2683.0,0.022068113709090717,4,214
761.8364815336904,2284.137158161827,424.20049349283767,3.04859153491771,0.02899262131034553,8.969562168582696,3099.0,0.018486832893884534,4,220
774.68951463505,1505.7137828825491,322.7846439067293,2.8555763715030413,0.09647555208077067,7.534432221609465,2597.0,0.02298876821442717,4,226
1192.3091492286544,1544.5156560256605,391.24859332190186,2.998293899066258,0.057017107897370654,8.844477136343588,3651.0,0.01496542288307093,5,26
1297.4571472065763,736.8706043537829,392.56331289622324,3.1034578704308764,0.011871423981931977,7.589517542673215,2625.0,0.022309452492613766,5,11
1305.1007523233516,683.8577961351232,405.11290883292696,3.203870833360935,0.07183811002690985,7.529757562022245,2670.0,0.021839394785485102,5,13
1371.0277671145234,1218.0729366602686,467.0242487873321,3.2300373673927796,0.05470199314422675,8.366397291135828,3847.0,0.014079988240594529,5,299
1009.3444946841012,1182.8259806916778,489.01592166688914,3.1922206246110414,0.05063892145382708,9.38231696220232,3011.0,0.0188325365680883,5,30
1010.1977089520577,1540.1308160090512,422.56282318301027,3.1796046055449856,0.046669842890113535,7.948077426579037,2815.0,0.020450942134574653,5,84
1418.5774744027303,1336.4306029579068,525.2902299220281,3.2546981881260004,0.03409703263877798,10.278716671966874,3524.0,0.015601131296132798,5,23
1426.6350947158523,588.2886340977069,359.63556355753866,3.1407388639456855,0.05182216414385613,6.693117832908662,2463.0,0.024183273797537697,5,54
1794.563099444725,1252.886673397274,236.76904333914393,2.5758557435755707,0.09253847853334754,7.051677716814483,2076.0,0.03025360422873029,5,67
1831.1419851380042,1290.333067940552,225.1756070928557,2.1812752653985443,0.1828077516016713,9.860396807410083,1490.0,0.04880304425360444,5,69
1832.2188948306596,1639.7563279857397,335.2534914519428,2.8531185052484394,0.13760686253874876,8.067597387880976,2311.0,0.02625214072613853,5,70
2063.1462599247807,505.6892324836328,429.016901093315,3.334551943288305,0.07267152708766497,7.589517542673215,2796.0,0.020622741865567666,5,79
1439.6723704076496,873.7985237376279,356.2292446604333,2.964080666743047,0.005422489099633689,7.529757562022245,2649.0,0.022056265559102266,5,55
1491.736635220126,1537.0379323899372,304.05878155213634,2.9217049924475744,0.14047536041148795,6.633357852257692,2989.0,0.01900131788717859,5,96
1491.9674623472577,1679.3107416879795,420.59074382152824,3.171878423094028,0.05954896516013984,8.127357368531946,2795.0,0.020631863948660956,5,263
1534.9848743076268,1513.9618662121857,280.5133491756541,2.7303155354061683,0.009698758222009475,6.8723977748615726,2700.0,0.02153687506165799,5,104
1576.714718505428,1942.7172431204242,236.70928335849294,2.6481834408667173,0.16561624643398196,6.812637794210603,2680.0,0.021737614973578925,5,110
440.78607120549657,936.6064959400375,382.70291608881314,3.058456089919597,0.1345047518893617,7.948077426579037,2704.0,0.021497171163588465,5,116
454.3412455334354,465.8273353751914,468.2792083810025,3.2935153698711255,0.02206207329709544,8.127357368531946,2954.0,0.0192761588218396,5,119
472.48229263746504,661.84311898105,384.7347554309461,3.069481196923438,0.05431998477860362,7.888317445928066,2762.0,0.020937487003836398,5,121
596.3865790278203,1678.9649954142465,390.949793418647,3.08366967244082,0.11791338714996821,8.127357368531946,2762.0,0.020937487003836398,5,131
69.97813322534927,138.25571978133226,295.1545444351418,2.916430682997714,0.36221213077719916,8.366397291135828,3656.0,0.014941453271766351,5,147
98.95855680156022,291.67747440273035,245.13544063027976,2.723885357044743,0.06735770064061007,6.454077910304782,2496.0,0.023776469480355812,5,151
180.03161141094833,2205.835260858391,232.52608471292504,2.649973450936967,0.10363603798073753,6.812637794210603,2521.0,0.023477281367816107,5,158
246.494375127838,1795.040908161178,292.1665454025933,2.8405502478884794,0.09473836774352351,7.111437697465454,3053.0,0.018518505086749223,5,164
637.0443262411347,1602.6618541033436,235.93240361003035,2.6070786657098775,0.18687619696358793,7.171197678116424,2787.0,0.020705132163833188,5,139
822.294292619446,913.5517754229411,321.4489359215687,2.897807057214821,0.11150368915298801,7.469997581371275,2549.0,0.023151005578704656,5,217
891.5609670637701,1949.3185003503854,170.55498477786895,2.3029185346327106,0.06300369849457585,6.334557949002841,2270.0,0.026872240555469693,5,280
941.6854599406528,1358.3994807121662,322.2258156700313,2.8988256089284206,0.03857326925870179,7.230957658767394,2609.0,0.022481497982962034,5,187
670.0063749637786,1361.0044914517532,412.4633864529963,2.941992063098323,0.046807437852670365,9.561596904155232,2806.0,0.020531962733546565,5,291
673.9385368506935,927.7353821049769,219.73744885361742,2.578282132432245,0.042836360849608214,6.633357852257692,2909.0,0.019641429880605493,5,142
714.0705432489451,915.51555907173,453.21969325695795,3.2125191884041686,0.03732118906661113,8.246877329833888,2978.0,0.019086848144759708,5,204
721.3117851815017,1047.4805237858445,360.5319632673032,3.0520649209647432,0.055533959478677015,7.529757562022245,2569.0,0.022923449221237284,5,206
755.1056313396292,1679.262854144806,341.70756936224757,2.890232734673909,0.022603344449672883,8.007837407230006,2779.0,0.02077892261616832,5,214
761.5384055862671,2284.2612743671807,410.79010699476913,3.101685652061043,0.03174564798565798,8.306637310484858,3066.0,0.01842341645470486,5,220
774.9286854709952,1505.521021820117,336.867010929519,2.973837788766809,0.03344909527479426,7.410237600720304,2587.0,0.022722439721310484,5,226
1298.1688269604667,736.7755994815295,382.93167749516095,3.0758134932885297,0.04900125046891767,7.507247727951146,2692.0,0.02154916063896375,6,11
1304.928714524207,683.8055091819699,371.63978421840795,3.026703634564476,0.007349274160410204,7.631334467256123,2668.0,0.02179150818115856,6,13
1419.175753153341,1335.9813405608256,595.1820450763252,3.359594595627834,0.03966400153199326,10.113069253355675,3651.0,0.01491927100023984,6,23
1360.2880065830077,1225.224439415758,301.5928198807481,2.824970211551452,0.20914148779360275,8.003594685171057,3662.0,0.014866806239118966,6,299
1425.8224880382775,588.7507177033493,389.0119277211048,3.222330380043288,0.03295565993434288,6.9488574010787465,2501.0,0.02364158647162562,6,54
1192.0492643194955,1544.3223857067787,472.27412979474485,3.1972096018317586,0.08253963854926778,8.8722018603059,3695.0,0.014711602799241445,6,26
1439.5370669538681,874.4089032489678,345.6436123340152,3.008514214918686,0.04621313160357739,7.383160988646169,2670.0,0.021771104549331184,6,55
1794.7367403314918,1254.2524861878453,224.5969981420095,2.5023193660971317,0.04641682692742048,6.576597183163814,2108.0,0.029544315213898296,6,67
1831.861201006832,1640.116504854369,345.08522200714276,2.9362763504453775,0.10352122470123776,7.3211176189936795,2315.0,0.02611055399889541,6,70
1831.2860262008733,1290.8748180494906,255.7427697075589,2.2517985695152736,0.11545215698936993,9.802852405093232,1547.0,0.04590529468995518,6,69
2064.721411192214,504.4808394160584,407.99719883476644,3.3097860502299596,0.02090762472137363,7.072944140383725,2816.0,0.02037823748574746,6,79
1491.294216826842,1538.8194233687404,367.97922540891113,3.042219637098988,0.05748991865937247,7.507247727951146,3113.0,0.018031499308086885,6,96
1492.8269152817186,1680.1414673692743,459.1829787980697,3.2196112343686636,0.04285407878686829,8.624028381695945,2858.0,0.020009962755155705,6,263
1576.6530011325028,1942.9157417893546,273.9214770157381,2.7669788832642634,0.11429051451442022,7.197030879688702,2759.0,0.020900276840490124,6,110
1534.3664049032752,1513.4769201302433,323.9284329556441,2.9865304462692173,0.04032664636573466,6.638640552816303,2712.0,0.021351284199911776,6,104
1010.8781401804303,1541.170159611381,447.0224783461819,3.2011881902326857,0.05495769162651821,8.127681424476034,2857.0,0.02001857644444073,6,84
454.4817113429288,466.0526871781328,469.85443837829774,3.348324492159227,0.060611974297803184,8.065638054823545,2984.0,0.018980896635052875,6,119
472.69234702573715,662.1568092722005,364.00844975115183,3.125165753231546,0.07284899768456868,7.134987510036213,2727.0,0.021205245387191603,6,121
596.2431318681319,1679.0257936507937,406.50815796310667,3.0946604138294522,0.07008137150051783,8.189724794128523,2817.0,0.020369311571687747,6,131
637.2638888888889,1603.3925318761385,272.4944795137309,2.788091054900995,0.0995294046753408,6.576597183163814,2828.0,0.020271640117309343,6,139
671.4053616143761,1361.582265429371,421.21243657074655,3.0067435377860163,0.09420361250449336,9.368548817525811,2802.0,0.020504026740770065,6,291
674.9643514259429,926.8130174793008,269.76457124902134,2.7821053890146175,0.03523235816940302,6.824770661773769,3073.0,0.018315567057613717,6,142
714.4057229748411,915.7062482720487,448.82173606610405,3.266480089612721,0.0423910295127977,8.127681424476034,2988.0,0.018949958458864095,6,204
440.8912666281087,936.6253614806246,429.0919445166126,3.127079990257904,0.07071190243954446,8.251768163781012,2794.0,0.020576606014707875,6,116
69.59121387283237,137.29387283236994,268.3375737470141,2.702257673093354,0.20388335591067733,8.81015849065341,3707.0,0.01465596558151463,6,147
98.81743651269745,291.5362927414517,310.27889163209653,2.9798362564370824,0.0323326493426903,7.010900770731236,2609.0,0.022411109580659123,6,151
179.6959111833198,2205.51015434606,229.12616412664119,2.706662558238476,0.14951273854839042,6.26638033490137,2563.0,0.022919187281972297,6,158
246.76186645213193,1795.166264414052,231.35972543413078,2.4386272070300654,0.030615739895099088,7.072944140383725,2995.0,0.018896058645538272,6,164
940.2870116518163,1358.8658327621658,362.0851052919247,2.983045534011327,0.03754894163865803,7.507247727951146,2704.0,0.02142999708498636,6,187
1009.7680353901997,1182.7424001814882,546.9743468563414,3.3119702603502716,0.029505044551793383,9.306505447873322,3128.0,0.01792723249965145,6,30
721.5364785172704,1047.6441449031172,368.2273988875211,2.9773930574753833,0.07710449101381923,8.065638054823545,2613.0,0.02236799143563716,6,206
891.3185811910186,1949.363813862675,190.6592749420981,2.3763259097096037,0.14542531185571567,6.638640552816303,2293.0,0.026437113659632624,6,280
755.2030403634458,1679.615236763935,355.07420452119345,2.9675865582623384,0.049222311283436904,7.6933778369086125,2781.0,0.020695649569538885,6,214
761.738670284939,2284.198236092266,457.25963433884255,3.186492012116707,0.06522862876996363,8.934245229958389,3173.0,0.017621543755357322,6,220
774.7104482531312,1506.1023401450232,376.4791670513021,3.0742835770623245,0.08848841211249517,7.755421206561102,2632.0,0.022165425510291683,6,226
822.091639029499,913.6845871879909,355.4464647391084,2.9078474666855403,0.055431118451208405,8.065638054823545,2615.0,0.02234649452161673,6,217
1298.316237859942,736.487817345374,379.8936807296445,3.0742224081141285,0.06341274984764782,7.508547787466137,2678.0,0.021497375089738095,7,11
1306.4430230600908,684.1565393031476,384.5541586666924,3.1158142220429537,0.0778860087520649,7.961649809123576,2660.0,0.021679361658533642,7,13
1351.6256182841548,1212.5790550912502,379.50530756822377,3.084239978380989,0.13002651242044497,8.026378669360353,3549.0,0.015287580310836919,7,299
1419.081847565426,1335.995516630174,620.8144985309286,3.4060364575135385,0.03523485050318573,10.162431057173995,3702.0,0.01454932280816276,7,23
1426.1302153432032,588.5072341857335,384.7483452474027,3.242628040393247,0.048413109741332,6.667072604388035,2489.0,0.023575349973540802,7,54
1192.3709677419354,1544.2883759733036,465.5299628229005,3.1600344262497244,0.026967879148612383,9.062040433148786,3716.0,0.014485314895720244,7,26
1439.470013477089,874.7063679245283,384.2305143655085,3.098479106962047,0.06805192562438793,7.573276647702913,2728.0,0.02100752274843726,7,55
1794.4005128205129,1254.7507692307693,252.44255492343046,2.7327078709024692,0.18399650042554966,6.925988045335143,2087.0,0.029676855178898173,7,67
1831.0211718365338,1290.0406203840473,262.92863028178834,2.2104336091640278,0.10001868816998087,10.874448519778543,1587.0,0.04376480454683658,7,69
1831.9604829857299,1639.906512989389,353.8079500542233,2.9760908456482658,0.1668509752573268,7.832192088650022,2360.0,0.02524061227931619,7,70
2066.010701545779,504.40626238604835,326.62182875477697,3.1660981612055585,0.14797521331835475,7.120174626045475,2842.0,0.019970011268304232,7,79
1491.2612268297344,1537.6676858398623,338.72612561905424,3.0605083328581184,0.08792184770540373,6.731801464624812,3021.0,0.018532840927064767,7,96
1495.0218763146825,1680.025662599916,461.5815023484571,3.21385218766634,0.02774566511468637,8.155836389833906,2891.0,0.019554899650026793,7,263
1534.52078817734,1513.7544827586207,328.4989657016435,2.9186338662669216,0.016722284951939868,7.314361206755805,2750.0,0.020798989805389745,7,104
1576.4513145965548,1942.944696282865,356.9796642058254,3.0255485105455757,0.13632819587324446,7.961649809123576,2924.0,0.019284925364157567,7,110
72.62090796788141,138.78922174181594,419.1840988933681,3.1205944857366728,0.2614134220273521,9.644600175279779,4257.0,0.0123805646646954,7,147
1010.6513002364067,1539.9835992907801,438.084926082507,3.2024619297264905,0.06298845548617986,8.155836389833906,2852.0,0.019883869433132622,7,84
440.7300073367571,936.2451944240646,441.12718251363555,3.2256082820818572,0.0695567834693641,8.09110752959713,2760.0,0.0207055645646098,7,116
454.71710868434735,465.9929797191888,497.894392941289,3.3764502094123445,0.052050084467270996,8.285294110307461,3010.0,0.018615166833893255,7,119
472.9784002699966,661.55180560243,383.5832257631407,3.117563713856723,0.0618213169176869,7.443818927229359,2811.0,0.02024185874155139,7,121
596.0487731897067,1679.0148114901256,432.64770182261776,3.231285018770616,0.14607810190435225,8.155836389833906,2852.0,0.019883869433132622,7,131
637.1020812685828,1603.179385530228,261.24567991563214,2.6118203517948078,0.09825186027520884,7.314361206755805,2827.0,0.02010063262864089,7,139
98.57168566286742,292.4283143371326,323.70903004412196,3.063971673419468,0.04101574274432605,7.314361206755805,2553.0,0.022828138505840753,7,151
180.29602713178295,2205.607073643411,267.2007350574156,2.8830566251594796,0.05110463120993926,6.861259185098366,2604.0,0.022265779712768653,7,158
246.74003840614498,1795.211953912626,269.66043174641317,2.7120576765796436,0.07333305093433601,7.055445765808697,3069.0,0.018181960730176996,7,164
674.6711093688749,927.0243041944335,330.24664492803646,3.04371649692952,0.0903547465570289,6.9907169055719205,3102.0,0.017948338686589693,7,142
891.3210332103321,1949.6769540422677,192.95673236583235,2.3523846451958854,0.055016961577368316,6.667072604388035,2277.0,0.02644235939634667,7,280
940.0768505421971,1358.017758918749,411.8697376866123,3.1765584109296796,0.0868694235125106,7.573276647702913,2775.0,0.020566989855166,7,187
1009.728241771114,1182.1262738666978,552.5902798413656,3.307482439006859,0.018026814762633195,9.450413594569447,3159.0,0.017558643553843144,7,30
672.2116666666667,1361.4110606060606,427.21047756272844,3.063717290541612,0.03400884693445327,9.191498153622339,2847.0,0.019926847255445947,7,291
714.0723871492477,915.8193032397994,477.50480196670424,3.213622387450906,0.04141913551031547,9.062040433148786,3063.0,0.01822509243382841,7,204
754.9882730923695,1679.0867469879518,402.9371549739371,3.0570742240326747,0.04481670589968953,8.09110752959713,2848.0,0.019918236834357228,7,214
721.1240431454419,1047.5452331245651,372.0614886409944,3.0281387380896203,0.044360483763733104,7.508547787466137,2610.0,0.022201436145613478,7,206
761.9282838825108,2284.2609214253766,434.1364656080636,3.1714818778178397,0.10002932755208682,8.414751830781015,3188.0,0.017366801546860537,7,220
822.0969082446809,913.5829454787234,389.4088231844507,3.1129021145015283,0.025453853843913316,7.767463228413245,2614.0,0.022158746636699332,7,217
774.2433123189641,1506.0533310615097,379.8936807296445,3.037926896686822,0.08427268415928849,8.026378669360353,2674.0,0.021537552012664725,7,226
1306.980241492865,684.660629345042,300.08489083153256,2.8752893234843584,0.07536821150498753,7.411536820756842,2456.0,0.02344955202038467,8,13
1298.648264086511,737.384557010055,289.3793376459949,2.8444462724492956,0.06040288453185867,6.917434366039719,2381.0,0.024400468054081248,8,11
1425.7270278833967,588.4729087452472,346.5305215749421,3.1181833130265955,0.06792647351517853,7.082135184278759,2425.0,0.0238334639528903,8,54
1351.877290157648,1212.4506462150264,386.55282040702906,3.0856494906963654,0.10384644469461057,7.905639275473964,3479.0,0.015310818956603495,8,299
1419.084142394822,1336.6917951646678,576.7822654731214,3.3060179107261747,0.02852657099419572,9.991849639835149,3491.0,0.015248737520393938,8,23
1439.144614892937,874.658836689038,343.5659068466394,3.0251423268657662,0.013109429254197655,6.862534093293371,2544.0,0.02242417880297008,8,55
1491.4305084745763,1538.0391713747647,291.52044828310244,3.0335226860871916,0.21624652955400106,6.752733547800678,2869.0,0.01930637461020512,8,96
1496.1661931818182,1677.756069214876,425.147712147711,3.133768689349472,0.07173168621048419,8.1801406392057,2759.0,0.020259777087082445,8,263
1192.3581666169005,1544.5610630038818,367.722026855032,2.9939473130945617,0.02587164951676524,8.289941184698392,3342.0,0.016057157471765317,8,26
1794.5995459704882,1254.5591373439274,241.8357014476584,2.6590602830893646,0.11559936999394752,6.642933002307984,2080.0,0.029143480559181676,8,67
1831.1910065139734,1290.0907753729775,261.2703979998652,2.2570195887117452,0.09220178592481966,10.101650185327843,1545.0,0.04452760235823731,8,69
1832.2396759847522,1639.9620393900889,345.65211721100053,2.8531954488568396,0.05094672307973257,7.905639275473964,2315.0,0.025303430517227197,8,70
2066.679703581721,504.91169205434335,266.7055250017536,2.973361905486161,0.1738981994472743,6.807633820547025,2748.0,0.02036032202022511,8,79
1535.0675036390103,1513.7159752547307,301.731899013923,2.8091268385998642,0.04335580207749312,7.137035457025107,2666.0,0.021142495227574668,8,104
1576.9936409587478,1943.4514919289093,336.703372753346,2.9378862482012416,0.1348088403595793,8.015439820966659,2798.0,0.019911163659364576,8,110
1009.9101709649377,1540.6160533178788,378.9216824952868,3.1592064411151273,0.037495485249892845,7.356636548010495,2608.0,0.021733040117442474,8,84
426.3756417064967,2503.2563285537262,310.13164074411407,2.885064487464933,0.11066933300523901,7.466437093503188,2834.0,0.01959984864988461,8,438
441.0265843179377,936.5993555316863,408.89723141479226,3.157136052794355,0.13496099995576183,7.960539548220312,2727.0,0.020555069155927842,8,116
454.6567109594051,466.5115201755455,450.34693733828425,3.3226840331943563,0.08512687256373878,8.070340093713005,2906.0,0.01900553790888542,8,119
472.80834822153645,662.5885983433491,338.02097929925833,2.932265494847322,0.0697913410423485,7.466437093503188,2710.0,0.020715471565122916,8,121
596.2630208333334,1679.1002604166667,379.47068522275026,2.979166666666667,0.01004665541198804,8.34484145744474,2722.0,0.02060198788866969,8,131
1009.833738566632,1182.9797383350701,474.17365571019883,3.255671657139157,0.021814544520684546,8.454642002937433,2842.0,0.019531984988674946,8,30
72.04888530754768,139.6631748589847,408.78743086929956,3.0442611892801863,0.231619822904811,9.936949367088802,4124.0,0.012561901397981048,8,147
98.60029221456898,292.39386349405135,263.02720672774836,2.8248827284606732,0.09862367330236528,6.588032729561637,2544.0,0.02242417880297008,8,151
179.76635754765584,2205.9307058217414,213.12285880131896,2.7192143605818275,0.172529972796587,6.478232184068943,2528.0,0.02260388698755878,8,158
181.76212755478946,1900.6037921694165,222.95000762291505,2.5641726797629003,0.19815562308491516,7.2468360025178,2857.0,0.01940599911631664,8,443
246.52520515826495,1795.559202813599,234.14966326316986,2.715894771152201,0.24442017455700446,7.137035457025107,3035.0,0.018026222040402596,8,164
637.5159027128157,1603.2006548175866,234.75356626337967,2.558574790367595,0.10338658016424096,6.807633820547025,2764.0,0.020214402386443786,8,139
891.1958874458875,1949.9610389610389,152.18355605287383,2.277232187500088,0.19385700940581496,6.258631093083555,2119.0,0.028427513408254345,8,280
940.241650671785,1358.668330134357,286.0304210084677,2.805020177427847,0.028012975627924184,6.588032729561637,2516.0,0.022740569802735748,8,187
822.5261443821241,913.6187805319341,303.43380746905973,2.889559952925144,0.10753692303325263,7.191935729771454,2383.0,0.024374110498695794,8,217
948.7389532389533,1184.1181896181897,255.9450715434696,2.644534929541486,0.044645948307467175,7.027234911532413,2328.0,0.025120327184961763,8,444
674.6730726750608,927.4192622045505,248.53353472271274,2.6218483557464096,0.08680209586214374,7.2468360025178,2875.0,0.019256944956544585,8,142
674.3021252153934,1359.6417288914417,382.3254994055603,2.922682589841901,0.02625798057853306,8.674243093922822,2730.0,0.02052702035440831,8,291
714.1296928327645,915.5299291152534,418.23027778167125,3.0764947851040447,0.05646595399002802,8.454642002937433,2883.0,0.019191431134408864,8,204
721.4819711538462,1046.9024725274726,319.73918847472476,2.886206063253357,0.05826096795812122,7.082135184278759,2441.0,0.023633759311953433,8,206
774.9733355144773,1506.2164240143954,335.6053672984191,2.937820084297474,0.08613111368806989,7.191935729771454,2504.0,0.022878915681266876,8,226
762.0788540632534,2283.7428733512975,387.1018231344925,3.018004874920863,0.010483781444690548,8.34484145744474,2972.0,0.018491558389555875,8,220
755.0899268617021,1679.2920545212767,330.2800408420234,2.9608482467741455,0.07891547854931269,7.137035457025107,2638.0,0.021423525702153327,8,214
1191.8665652654868,1544.3339325221239,455.8977535943209,3.1373428811627044,0.055433284455997094,8.762415341483766,3688.0,0.014840562523534174,9,26
1306.7650068884077,685.843141113954,320.3009521588419,2.922437613702485,0.047860359847019626,7.3125192777850145,2593.0,0.022737068350173226,9,13
1351.6624064837906,1213.1292082294265,404.4579628126608,3.140690038066789,0.1219074498129252,8.068986789280016,3622.0,0.015157861181032434,9,299
1298.5737313432835,743.5450746268657,316.7707704385319,2.8572679432462205,0.0604098021686633,8.005947829988765,2481.0,0.024045727104311174,9,11
1010.4045155221072,1540.0558168704922,402.0624823595933,3.1799781283576247,0.04850222872245932,7.375558237076264,2784.0,0.020806021184048423,9,84
1010.1537179487179,1182.7214102564103,491.70388247175094,3.182202108039377,0.006351260495975195,9.455843893687518,3110.0,0.018171861676669485,9,30
1419.4017836460505,1335.9880704192726,544.2783745206535,3.3079879596179804,0.07606824344909109,10.21231140518252,3529.0,0.01562870835888176,9,23
1425.7512978585335,588.8105126541207,388.57214507126577,3.1645597918485118,0.052684751664729745,7.186441359202514,2522.0,0.02354954588915818,9,54
1794.048459467544,1254.5877953933593,210.73924091064916,2.534063478807818,0.2061946437743496,6.6190907255812625,2080.0,0.030287025027024312,9,67
1831.3352160406664,1290.8251906241176,223.22095485031667,2.170766727248411,0.0982220024278277,9.707999730852519,1499.0,0.048542349214153915,9,69
1832.1279822078448,1639.8619086130207,311.7906926545231,2.7894144540316512,0.0997654555946611,7.564675114950015,2309.0,0.02637720408061918,9,70
2066.815491507977,504.92074112197633,244.96939580579797,2.8812935992260167,0.14629270590089474,7.060363440620014,2747.0,0.02115405415018842,9,79
1439.592908047975,874.6069876586129,362.66313280256196,3.0497639771557212,0.04836495098471412,7.438597196367515,2668.0,0.021937565223598066,9,55
1489.9423521638587,1539.9542451271886,381.63785954922827,3.0903688961200695,0.12187926340231857,7.564675114950015,3129.0,0.01803875629190569,9,96
1496.9662788985422,1675.0692092475335,428.0975725468796,3.1553084062055237,0.04186985791822126,7.942908870697515,2797.0,0.020686442379554002,9,263
1534.9086446104589,1513.7005336179295,295.3375242795068,2.8178043481968693,0.11523597132834863,6.997324481328763,2708.0,0.021533730461999714,9,104
1577.4776419054572,1942.9713451359737,345.3904579567594,2.8665964894755,0.08869950351181437,8.510259504318766,2903.0,0.01976041516801718,9,110
988.1681992337165,1195.2204980842912,329.0633675003256,2.8860544597820024,0.07636040512168903,7.816830952115015,2597.0,0.022692959918579655,9,444
441.4208569405099,936.4587464589235,356.0440420769807,2.991075014947384,0.0856527306301649,7.753791992823765,2723.0,0.02138609927185382,9,116
455.04713286713286,466.23874125874124,450.7285589324384,3.260829187953118,0.025731830896609714,8.068986789280016,2957.0,0.0193198307307816,9,119
472.1700261291527,661.9979469951475,337.7627438825182,2.933313821238847,0.11265172254335766,7.375558237076264,2736.0,0.021259779972844596,9,121
471.8114221724524,2505.16326987682,281.4689532354318,2.8396094553481426,0.03371286015227199,6.682129684872513,2739.0,0.021230840992246904,9,438
596.3895652173914,1679.0890118577074,398.721417517157,3.100656566962078,0.07736446091398747,8.321142626445017,2770.0,0.02093635410780023,9,131
72.19249962195676,139.0353848480266,416.87663779303705,3.0703973827024464,0.25811374449609253,9.771038690143769,4065.0,0.013255573542197552,9,147
98.5554663991976,292.2655967903711,314.24921206688185,2.9077422331912524,0.07584060252763286,7.123402399911264,2579.0,0.022892807417156383,9,151
153.9205821205821,1919.575051975052,151.60869709545653,2.127632281861489,0.20431847201677497,6.429973847707513,2809.0,0.020577275489935216,9,443
179.41001905799075,2205.4622924040295,231.5420974767617,2.834965070938979,0.2656846493164717,6.556051766290013,2523.0,0.02353769959361165,9,158
246.53762376237623,1795.804702970297,254.6773955366505,2.6487901217180063,0.20225955039388605,7.3125192777850145,3107.0,0.01819305809069813,9,164
637.2572309151257,1603.2788051209104,265.898330290493,2.687316326273949,0.15189887042215353,7.186441359202514,2826.0,0.020424580094579408,9,139
675.0461018585567,928.0388607289403,261.1704083436492,2.686625765053299,0.09198339273678448,7.123402399911264,3016.0,0.01886037707576069,9,142
822.5212347988775,913.955098222638,336.9432374117319,2.9428291180360286,0.10387302171400074,7.5016361556587645,2547.0,0.02325692132487027,9,217
891.2559800071404,1949.3905747947163,176.5721249747916,2.3375457123141268,0.1478621214874226,6.493012806998762,2273.0,0.026923590950919268,9,280
940.830696527635,1358.668378878159,306.81061487051437,2.839447389060312,0.03384464267437629,7.186441359202514,2676.0,0.02185559106290117,9,187
671.0877006967586,1357.1857013026356,416.1832092408333,3.0679717685293624,0.06432894617238571,8.573298463610017,2798.0,0.020677300917378225,9,291
714.310401432622,915.6504999253842,422.4240662106671,3.1180810586218084,0.07242764716116927,8.132025748571266,2967.0,0.01924038818413409,9,204
721.436394429808,1047.3936770794128,334.98902967370316,2.99777235069918,0.08927872440676085,7.186441359202514,2521.0,0.023561404114960025,9,206
755.1046846846847,1679.694954954955,349.8662240664382,2.94251225628346,0.033194464553090004,7.816830952115015,2728.0,0.02133733768573588,9,214
762.0612691466083,2284.4975593334457,374.51445714931697,2.9854328482424606,0.05987452271401343,8.321142626445017,3213.0,0.017472924319341308,9,220
774.4779021803182,1506.0151247299154,320.93134175175436,2.8490126207133053,0.015816294354700444,7.438597196367515,2603.0,0.022627117218240525,9,226
1296.7189499589829,743.9998359310911,378.0917529626002,3.020140215901897,0.03194384351642487,8.002270079109996,2625.0,0.022600480935920188,10,11
1305.564791740833,684.9466002135991,348.5019636003097,3.164669009466905,0.07823014049392649,6.823641152729453,2628.0,0.022568086808115843,10,13
1419.0056644880174,1336.5021786492375,569.4638707459671,3.2829526005987018,0.05056561056090073,10.669693438813328,3615.0,0.015336079464894821,10,23
1351.705978482909,1212.8725316628081,455.50906349538525,3.2067314804043985,0.0812102433767016,8.622601092994492,3702.0,0.01491478739744904,10,299
1426.6116259477674,589.1755686604886,368.1664567404482,3.167734341656381,0.03647716205340427,6.947707355506353,2477.0,0.024322851081477047,10,54
1191.9674412320994,1544.2831667116996,459.1690164773038,3.176536002962035,0.018086465450000297,8.93276659993674,3745.0,0.014714995319922748,10,26
1049.2318170136211,2188.915831405808,482.7415950049146,3.2516923217823703,0.08552816964637876,9.056832802713638,4053.0,0.013426707272992036,10,488
1173.4804260985352,2551.811185086551,232.93429571362816,2.529137787745223,0.03211527996840147,6.947707355506353,2787.0,0.020974703340003873,10,480
1439.8340870107595,874.5371900826447,397.8182792041271,3.184536941860059,0.04411874202435568,7.195839761060151,2708.0,0.021737238549408965,10,55
1794.2367647058823,1254.3372549019607,253.09505366487429,2.735299388567555,0.1897601909679351,6.637541848564105,2129.0,0.02963292934691103,10,67
1830.9132085020242,1290.8957489878542,245.15481668715273,2.196853196645451,0.1164172972063528,10.421561033259529,1528.0,0.047567567085793155,10,69
1832.204721362229,1639.9320820433436,320.5870679755074,2.8634087914792645,0.0979969961037609,7.506005268002399,2316.0,0.02652158371807937,10,70
1830.4941422594143,2261.2696652719665,296.518224636789,3.078165785416773,0.058876873255104746,6.141277037456508,2569.0,0.02322271136289364,10,485
2066.43996532293,504.95687039445164,286.22072980630634,2.947341635012933,0.14724662552691886,6.823641152729453,2753.0,0.02129622480991612,10,79
1491.1024721645595,1539.1851292696736,328.7134042573943,2.974890198439637,0.13999161108866004,7.2578728624486,3034.0,0.01890158705560699,10,96
1495.8649661334487,1673.6457702839025,430.4476905344516,3.1293164453582363,0.058951492411076604,8.68463419438294,2835.0,0.020536973533979437,10,263
1534.4911624038261,1513.9428155541693,298.31718457705404,2.843495165036688,0.07728688642792846,7.195839761060151,2711.0,0.021707270156821425,10,104
1577.5016734190594,1942.9068169807997,352.16191658222823,2.9153097911610213,0.018657942240912127,8.064303180498445,2964.0,0.019446297688037732,10,110
1029.680189517323,1199.1989931892213,209.48578338879423,2.502589715825706,0.04542949696288315,6.389409443010306,2361.0,0.025867990888376005,10,30
179.54080188679245,2205.3466981132074,263.0203498870262,2.9122788198468053,0.17661273909152997,6.4514425443987555,2592.0,0.022963052594534798,10,158
1010.2322086759285,1540.214346470088,437.5814971941233,3.1607979382530003,0.02672109582049018,8.250402484663793,2869.0,0.020237808077718248,10,84
455.13066771200835,466.00065333856,474.7393249258046,3.3211917904851473,0.038202270506822664,8.064303180498445,3055.0,0.018744074859177656,10,119
470.40433636097276,2506.9337825959565,423.4379500775568,3.103309576118224,0.05847996312901789,8.994799701325189,3038.0,0.018871380962546116,10,438
472.41583986074846,663.6995648389905,356.38016747664284,3.0219965273497893,0.036075664504213296,7.506005268002399,2754.0,0.021286627663990247,10,121
596.2240312601758,1679.2551286225985,381.0073087278573,3.0191778205034985,0.12712494850782316,8.188369383275344,2823.0,0.020644684158602978,10,131
637.198424796748,1603.5932418699188,244.16228706493754,2.6348778531106536,0.12320847430011436,6.637541848564105,2889.0,0.0200658652863785,10,139
669.2573518435587,1360.161815196298,415.55974620122373,3.0697227060702095,0.0990730893709804,8.93276659993674,2826.0,0.02061765072018438,10,291
674.7201028718389,927.6037291041578,289.44645107850573,2.7996004246151553,0.07881046352951698,7.133806659671701,3043.0,0.0188337588391691,10,142
71.90336009515313,138.83437407077014,417.23463993871184,3.0263978837977676,0.2613009162515948,9.987329323540381,4079.0,0.01332820479911366,10,147
98.67730173199635,292.721969006381,340.2515611156459,3.066833784568305,0.07214629069977496,6.947707355506353,2629.0,0.022557309391985664,10,151
149.19642857142858,1919.9854721549636,204.9573669874374,2.53397017397897,0.23314185853667105,6.389409443010306,2875.0,0.020185916627221093,10,443
246.7175869618098,1795.7098029676479,255.0180798079162,2.607457075557659,0.06373668469091666,6.885674254117903,3146.0,0.018090800229859937,10,164
714.5197663360956,916.0203776660779,456.62565932037734,3.221037861767848,0.07374460029619821,8.622601092994492,3022.0,0.018992788319457513,10,204
441.1024158885431,936.6905291240552,418.53733506786926,3.169650992874391,0.06429684713166711,8.064303180498445,2756.0,0.021267459298499925,10,116
721.5086784670906,1047.325313627771,360.97061697938807,3.0178480364197995,0.09335895545591763,7.6921045721677475,2564.0,0.023279937885653013,10,206
891.5829569406806,1949.6461909063535,206.01192971104103,2.57527445966593,0.04581177014830707,6.513475645787206,2281.0,0.027053225572357367,10,280
940.1886950687689,1359.39902717209,369.8413504779364,3.0382775536680504,0.003481027697540891,7.3819390652255,2763.0,0.021200641024244,10,187
1010.0412129727198,1182.8721461187215,529.8247189587478,3.302349856806128,0.03718040669953147,9.491064512432786,3188.0,0.017804404114278506,10,444
755.4018737672584,1679.8686719263642,377.40938884732725,3.062519707030476,0.07720624668550306,7.816170774944647,2794.0,0.020909709159674838,10,214
762.2607445738106,2284.3212591634324,431.5642863594437,3.109681081637709,0.05959458961345099,8.374468687440693,3188.0,0.017804404114278506,10,220
775.081179398813,1506.1290446103772,323.99888855187214,2.8658165435068796,0.027359670051248154,7.3819390652255,2636.0,0.022482154737795974,10,226
822.2670739348371,913.9182330827068,396.0193192638621,3.086955130861133,0.05935783604725632,8.064303180498445,2640.0,0.022439433637737934,10,217
1172.8795449475797,2551.673432968994,284.5026755397868,2.7520803073840927,0.04632536104230977,7.361657453182081,2905.0,0.019932271984875873,11,480
1192.2598324577596,1545.0168962090017,446.96684002380516,3.111652240812784,0.05284966875657178,9.075146687974462,3736.0,0.014756803619399617,11,26
1351.794981640147,1213.1450428396572,414.79131994825934,3.1627614477731636,0.060198379470091976,7.55204514593679,3662.0,0.015106085031860785,11,299
1294.346625766871,751.7625766871166,310.33193919017566,2.8479533784470155,0.02297829642888387,7.425120017433651,2617.0,0.022690230521247367,11,11
1306.6209648168299,684.4902067464635,349.9325792831551,3.080029158226285,0.023418922135315608,7.361657453182081,2637.0,0.022474280016502035,11,13
1010.4051249199231,1182.9697629724535,495.32531398350125,3.1908140093525645,0.04853793078597021,9.900160023244867,3070.0,0.018634612774552153,11,444
1010.4060289141803,1540.514149492464,412.63359276370596,3.17167465980464,0.039380858877931475,8.123208224200917,2812.0,0.020746574322452152,11,84
1054.2716408763597,2188.6574230121037,414.2201568699952,3.070466024179085,0.09144057966484787,8.630908738213474,3940.0,0.013872547224668318,11,488
1065.284611335322,1178.9656080014038,361.6731536696955,2.971939895343377,0.01013560632452474,7.805895402943069,2560.0,0.023329098699071727,11,30
1418.9469843803442,1336.5530726256984,556.6301510505175,3.2856448863207683,0.012269659068767397,9.836697458993298,3543.0,0.01570381293742038,11,23
1794.5129521016618,1254.6324535679375,259.6888129174231,2.7354431215725814,0.024888468845060758,6.600106682163245,2092.0,0.030343886769601182,11,67
1830.7366243794816,1290.8979591836735,230.1152579761916,2.1776455403216923,0.09415104680952058,9.963622587496438,1499.0,0.049020850569761965,11,69
1832.2306645938593,1640.2421298095608,326.5783556385775,2.863625287331033,0.09864633044433947,7.678970274439929,2306.0,0.02667607942131081,11,70
1832.0430645968954,2261.2849273910865,253.46948162076924,2.7929735142992973,0.1217974538796956,6.346256425156967,2526.0,0.023727600446569477,11,485
2065.910714285714,505.1484375,284.3122878470321,2.9273571088709254,0.1778007835354099,6.980882067672663,2875.0,0.02018787632688371,11,79
1583.2236894757903,1944.5354141656662,317.18589612934517,2.818080309475275,0.09026462954991055,7.805895402943069,2799.0,0.020865732241615764,11,110
1425.850441320693,588.7303040209218,388.2639680911032,3.256773061599932,0.028186352509384782,6.853956939169524,2497.0,0.024078416347883626,11,54
1439.5187137585663,874.9803198031981,361.16545315568294,3.0439295229659464,0.061719066817217505,7.48858258168522,2667.0,0.022157953053133363,11,55
1491.3341533415335,1539.829438294383,309.5703884191568,2.9677783065924532,0.21344350016986918,6.980882067672663,2976.0,0.01935237745572197,11,96
1492.055205479452,1674.1005479452056,463.27671903645853,3.2398841514888295,0.030640368334894502,8.313595916955625,2846.0,0.020441270161411496,11,263
1535.3117379870905,1514.1917284245756,265.4639062643159,2.743213650658297,0.04041434601527855,6.853956939169524,2720.0,0.021620342712675655,11,104
441.0322686862035,936.7711557458018,385.47161526403414,3.0280219111007147,0.04755918941094343,7.932820531446208,2771.0,0.021127087245321127,11,116
454.6425014645577,466.2854422964265,433.3223887097177,3.2270096212266184,0.08367344633537045,8.059745659949348,3071.0,0.018627263085709906,11,119
470.1193306913254,2504.6417143695876,432.37045024594414,3.1415549312211515,0.02003425409283123,8.757833866716613,3022.0,0.018994350166810427,11,438
472.81734693877553,664.1013605442176,373.1598777992296,3.018762191705075,0.13573490292383375,8.123208224200917,2743.0,0.02139507253318147,11,121
596.5064027939464,1679.2778978879096,381.6003988446884,3.0031581580620994,0.024927938242200087,8.123208224200917,2817.0,0.02070110594249107,11,131
72.09031944219231,139.7154207880655,391.37363373943015,2.9741331195073757,0.2588656260126919,10.090547715999577,4198.0,0.012895294866273999,11,147
98.90494876825812,292.6156529321997,291.10278222195006,2.8978315190044133,0.1099329708576097,6.600106682163245,2561.0,0.023317580595508234,11,151
149.9251675353686,1921.3961280714818,170.46044757971612,2.238148234696832,0.17602245096181549,6.536644117911676,2826.0,0.020619763115619603,11,443
179.84207635265037,2205.8909640208735,231.06719643996516,2.572326475982146,0.12372288841901619,6.663569246414815,2539.0,0.023573635002159626,11,158
246.83915343915345,1795.3111111111111,239.88849287093333,2.605041916408138,0.09863038780566609,6.727031810666385,2970.0,0.01940007417400378,11,164
822.5865301162993,913.9217149800381,365.60783265329286,2.9831733161510163,0.10807134090681399,8.123208224200917,2617.0,0.022690230521247367,11,217
637.5132092809556,1603.9161497817597,276.2525421870827,2.6560205590695007,0.14690821649703442,7.742432838691499,2953.0,0.019536500636995743,11,139
939.8456518439824,1358.0045530429504,418.15483585359254,3.1451697699927403,0.06058943701327564,8.059745659949348,2814.0,0.020728363023238862,11,187
891.6752741422002,1949.7895295366113,179.40866913918745,2.370151017801995,0.03797111924035046,6.600106682163245,2282.0,0.027042670893845402,11,280
672.3192823549904,1362.0595715032225,364.33858136826143,2.9567220347427523,0.1066717359452643,8.123208224200917,2752.0,0.02130819599889066,11,291
674.9277904907195,927.4820747520977,249.5982652014235,2.7057114869095154,0.04403160058533859,6.917419503421094,2983.0,0.01929702685998941,11,142
713.966007680273,916.1794908263405,446.2052892527863,3.1523899226514867,0.05693327029525789,8.503983609710335,3032.0,0.018918264078741455,11,204
721.531903190319,1048.1004767143381,346.12482542806094,3.0108896601593633,0.16952435820958742,7.361657453182081,2534.0,0.023632615424633224,11,206
774.9031770045386,1506.4417549167927,335.59003976230036,2.9368672267252753,0.0448512802880601,7.48858258168522,2601.0,0.0228660021034156,11,226
761.9183549124143,2284.318050266565,416.63173431155485,3.0724682145092794,0.09878701665084055,8.757833866716613,3180.0,0.01785947093528543,11,220
755.291705498602,1679.409506057782,340.47665720967126,2.9313041924041827,0.11637722296280674,7.932820531446208,2758.0,0.02125066921742864,11,214
1293.5595611285266,753.3230581678857,341.3225927388758,3.0110096365997023,0.05507746369509202,7.549280612650162,2652.0,0.02238450440349907,12,11
1306.87470336972,683.796234772979,375.74017915402897,3.165227943180269,0.0056907067471031365,6.5981901417651025,2650.0,0.022405680820522057,12,13
1351.5411797057611,1213.880929465145,432.33006217169,3.1698557854476963,0.04371042492918018,8.143712156953324,3695.0,0.01499409033446574,12,299
1419.1219376391982,1336.5064587973275,533.7995267842398,3.2310954378175025,0.028085206748071682,10.045893098723445,3520.0,0.015873406734146625,12,23
1009.8508733939657,1541.714017612242,411.7627307388006,3.1697556602323917,0.034258300852650324,7.608723767080479,2810.0,0.02082927125959673,12,84
1426.5564598168871,589.1826042726348,350.59572483000517,3.1655733330564764,0.09078216976771783,7.192621686068264,2439.0,0.024889840894704182,12,54
1054.1095486808624,2189.5601982054372,443.86203413117136,3.188888570025557,0.08348126118470105,8.916473164547435,3998.0,0.013681819532423806,12,488
1101.1030708918654,1159.4769683110094,363.910991422396,3.042307580318538,0.010668213446131258,7.43039430378953,2497.0,0.024153716952193035,12,30
1172.1378205128206,2552.4745726495726,278.19396273387997,2.7667130054815687,0.13766702702118544,7.489837458219846,2892.0,0.020104343579838056,12,480
1192.0992023205222,1544.4600435097898,409.86054979703044,3.049221539048728,0.056482526242537356,8.975916318977752,3820.0,0.014423382146995244,12,26
1439.5405679513185,874.4492900608519,351.66570160975084,3.019936013005977,0.09615986415336863,7.549280612650162,2673.0,0.022164545039057862,12,55
1794.0704419889503,1254.814364640884,215.18421903774478,2.524848882300293,0.15922143271426048,6.47930383290447,2081.0,0.030656831937938313,12,67
1830.089545129793,2263.4427244582043,249.60180545289788,2.7544157969471526,0.10957405765987929,6.419860678474154,2489.0,0.024252651973375138,12,485
1831.1701500535905,1291.1998928188639,221.8418523339402,2.1172111527621644,0.10865261992295284,10.164779407584076,1505.0,0.048878255963850155,12,69
1832.150035385704,1640.2231068648266,335.9727088401474,2.8179299042925137,0.09925329029617576,8.143712156953324,2321.0,0.026535129928262687,12,70
2065.1549350397518,504.9767306573589,306.54834739714084,3.0886645575835576,0.1180225636336394,6.776519605056051,2898.0,0.02005327622760188,12,79
1010.0541006202619,1182.9842637261659,517.5121024703332,3.2181928856293798,0.007292937646036184,9.62979101771123,3083.0,0.018596772813846564,12,444
1489.0561747659385,1677.8681824936841,399.99298616159797,3.0745674133629626,0.11945248363564444,8.262598465813957,2825.0,0.02069278118941197,12,263
1491.102299298519,1540.1416601714732,305.06226853638293,2.845597986953097,0.07207399466342582,6.9548490683469995,2992.0,0.019285795287190356,12,96
1534.8575592693353,1513.8746599300428,305.89447269840736,2.918107559617815,0.17838505584122735,6.895405913916684,2769.0,0.021211699769044107,12,104
1623.930297029703,1948.158811881188,150.0939649365485,2.122113648378348,0.07658764504064836,6.360417524043838,2530.0,0.023754000946650186,12,110
440.9146104381636,936.9059368924779,397.4963736755247,3.0430341481289083,0.09434306938881523,7.90593953923206,2751.0,0.02138406717404162,12,116
454.7957032833401,466.1606539656803,439.9387859387705,3.216819229604284,0.1136065008492861,7.90593953923206,2952.0,0.019605083657716068,12,119
472.38465322183964,662.8812920150845,362.54379887049873,3.0742572355640805,0.08108670401537432,7.370951149359214,2771.0,0.02119271920964352,12,121
471.976809673679,2506.110154050025,358.8583232958191,2.986718987410182,0.13432329106268537,7.8464963848017435,2922.0,0.01985157506343671,12,438
592.9207798236114,1677.0640569395018,384.18110708313384,3.1094332224999537,0.14472870650470473,7.549280612650162,2830.0,0.020647681140656585,12,131
636.8176339993657,1603.3780526482715,187.42426591878709,2.4986517138114865,0.19530805654853015,6.419860678474154,2832.0,0.020629696118880075,12,139
72.03003986332574,139.8152050113895,417.52871671854126,3.0285044836923842,0.25306896174963284,9.867563635432495,4179.0,0.013002065728721247,12,147
97.87058183795541,291.38200108754756,218.63192199470313,2.580145465926264,0.03582967892219761,6.5981901417651025,2492.0,0.02421545650713681,12,151
149.23459977867947,1921.8185171523423,161.15039166058733,2.3173204740108004,0.276497255365946,6.182088060752888,2774.0,0.021164311975546423,12,443
179.51911066699975,2205.553834624032,237.9509471845559,2.766588059845618,0.1661523742071519,6.895405913916684,2550.0,0.023518123569601108,12,158
246.91526757607556,1795.6429695697796,226.5973046883655,2.606795542624952,0.24596416936101337,6.657633296195419,3066.0,0.01872172655439206,12,164
674.5041850220264,927.9277533039648,269.8719211136357,2.7486881131936984,0.09112531847714793,7.073735377207632,3015.0,0.019106869970976506,12,142
891.3171880255634,1949.514968045745,176.72449812133019,2.3840060183635603,0.10072220172048436,6.419860678474154,2277.0,0.027205710274118045,12,280
933.9752990523535,1360.4236445549168,382.6355850679456,3.0941168548371425,0.05063702620144229,7.668166921510795,2793.0,0.02098615310558671,12,187
672.8297698710625,1360.3078178553942,364.2082071945476,2.960184070959848,0.02994613886924946,7.8464963848017435,2757.0,0.021326300953926482,12,291
714.0859250687112,916.5446260668306,410.9305265767762,3.0923862301719702,0.08502348966069571,8.262598465813957,2961.0,0.019532325445724457,12,204
721.4885614579294,1046.9476541295076,306.60779055157116,2.829181015608079,0.12435026325793647,7.489837458219846,2487.0,0.024277512497098086,12,206
754.8309954368768,1679.1203312489438,351.72514476418115,2.9888531575783936,0.11765587950942122,7.370951149359214,2785.0,0.021060800483062622,12,214
822.2175949155377,914.0837932764676,355.4106203388608,3.009990612200094,0.0501560958201209,7.489837458219846,2586.0,0.023105142002932434,12,217
762.0931276297335,2284.7199158485273,423.8296910881548,3.0568480131658613,0.05912403894517545,8.975916318977752,3128.0,0.018273924310196303,12,220
775.0923049455455,1506.6093554722372,332.94110796420125,2.8922505722381717,0.06340723375134141,7.489837458219846,2618.0,0.022750036361186006,12,226
1304.9887493885537,678.4744823088212,374.0293042850724,3.036948402730588,0.04846125621064859,7.745266858666915,2639.0,0.022210440354062454,13,13
1293.4237496164467,753.7680270021478,397.5090502739445,3.1540191438452387,0.07480068903710133,7.928225918320464,2593.0,0.02270677451287523,13,11
1419.7159237033861,1336.081547363909,569.1246482289737,3.335215213885282,0.04419057762511153,10.001761927727355,3584.0,0.015327609222013604,13,23
1351.4459058124735,1213.954179041154,431.2345036034154,3.1517056461074913,0.09868314993404995,8.294144037627563,3801.0,0.014309351258540777,13,299
1192.214068745004,1544.545803357314,381.46963937765,2.912828924280707,0.055920135738999115,9.208939335895309,3812.0,0.01426132527887813,13,26
1054.0341130604288,2189.9053188526873,438.00398881059675,3.1439297174880667,0.09691813639431333,8.72104851015251,4034.0,0.01335660824858766,13,488
1110.7811384162992,1135.090527200168,290.3560276701825,2.7725133900117744,0.09641035614643786,7.196389679706268,2422.0,0.024763969902754264,13,30
1173.3908330752554,2543.506658408176,393.84986908087353,3.160367376945647,0.0687258950664698,7.562307799013366,2940.0,0.019431194978984434,13,480
1426.2018257261411,589.3591701244814,367.4427781375446,3.249462132319377,0.04095260158582899,6.891457913617019,2596.0,0.022673729693367593,13,54
1794.2209038121687,1255.0159050744762,241.56694509590275,2.5834225755746756,0.14654706604572632,7.074416973270568,2148.0,0.02896944111394717,13,67
1828.093093093093,2262.757695195195,324.93528994470336,3.033502866265275,0.11161867539724937,6.64751250074562,2595.0,0.022684733941435328,13,485
1832.2449499236122,1640.5330164657953,359.27060680635276,2.9448907618194258,0.07762787204936966,8.233157684409713,2366.0,0.025521173469897383,13,70
1831.135571501794,1291.3065094823169,237.96875025604965,2.190504179341589,0.09134522875359631,9.696830161638106,1534.0,0.04676642301591056,13,69
2065.525493114998,504.5574990695943,327.7406621927244,3.0359464091418418,0.013007811827319995,7.623294152231216,2847.0,0.020212660192299982,13,79
1439.8754760721974,874.3883093227356,368.2965870825945,3.11168175402001,0.14275020931989266,7.379348739359817,2671.0,0.021877770138386904,13,55
1668.5518780788177,1947.655172413793,396.1673505031518,3.0675131131761098,0.06936987025365927,8.233157684409713,2928.0,0.019528616735369264,13,110
1489.6982062166232,1679.7190195809942,445.38333754995654,3.1846716266905775,0.06432016493379693,8.294144037627563,2899.0,0.0197681351446483,13,263
1491.3681241184768,1540.4397038081806,345.91459545164366,3.007512924583596,0.1376315810446042,7.989212271538314,3037.0,0.018678003474175628,13,96
1533.8274158125914,1513.571559297218,333.22943398233093,2.9430912723170635,0.08764134194246638,7.562307799013366,2811.0,0.020532304809818897,13,104
1009.9544069518113,1182.6884098860173,540.4000758633664,3.2798420280097016,0.01468638463705233,9.635843808420256,3126.0,0.018036532193945957,13,444
454.9224642190417,466.79141257000623,490.02534810542255,3.3192129880421284,0.01828055360644212,8.355130390845412,3042.0,0.018640758493501424,13,119
469.0357634112792,2506.397008253095,354.69663031501403,3.0310463689597436,0.1855927110067895,7.867239565102615,3215.0,0.017437658904457795,13,438
472.35799227799225,664.12277992278,394.886637085577,3.040346454551942,0.12231997338185426,8.477103097281113,2846.0,0.020221404763424433,13,121
636.9440782903935,1604.0001997203915,305.3586705617736,2.872463843472207,0.10554464659832255,7.013430620052718,2898.0,0.019776499237310837,13,139
669.9402485659656,1359.2888782664118,382.7503527952249,3.0273345736435484,0.15573970253057892,8.294144037627563,2784.0,0.020778752443910527,13,291
675.0020974131904,927.8408296434397,261.69244165779315,2.692333557718517,0.13502673579654237,6.76948520718132,3077.0,0.01838414541430906,13,142
595.6850882295909,1677.038200504169,314.50662354445103,2.914162059331518,0.15817236650099392,7.074416973270568,2696.0,0.02162472535916101,13,131
441.1421453287197,936.9469896193772,440.6264019989643,3.2624104277831076,0.08817765668521492,8.050198624756163,2794.0,0.020686788779839812,13,116
1010.1156007899134,1541.425793711074,401.47316323310474,3.082219322697984,0.03640125755542673,8.355130390845412,2847.0,0.020212660192299982,13,84
72.11355198019803,140.01191212871288,394.2157872001806,3.055767756907978,0.2619839081608273,8.96499392302391,4154.0,0.012913780771241817,13,147
97.8828903654485,290.77436323366555,220.28270782287322,2.570705570807934,0.1406056888434672,6.525539794309921,2405.0,0.02498904244731472,13,151
149.31314475873543,1921.8096505823628,183.26399141963842,2.391958240916743,0.21106881207782852,6.76948520718132,2840.0,0.020274031495989858,13,443
179.56344950848973,2205.634048257373,272.97491700309536,2.8672599506610625,0.08661227139069501,6.830471560399169,2579.0,0.022862265948237776,13,158
246.49496336996336,1795.216804029304,266.3883908555676,2.6987397004335136,0.03982152795966875,7.074416973270568,3015.0,0.01884366521843352,13,164
714.6493784253443,916.1716348081807,456.2389084227338,3.209709071221581,0.03614257444637549,8.477103097281113,3012.0,0.018866483414627884,13,204
891.1435053885423,1949.8533749290982,215.03788144613813,2.409861098936125,0.08718778265109386,7.074416973270568,2307.0,0.026370702183644068,13,280
935.0308441558442,1348.0886093073593,450.8111229863452,3.222053504813163,0.04341367324556114,8.111184977974014,2873.0,0.01998792645052657,13,187
721.4952105548527,1046.9492138080607,337.4374923543625,2.9203536721114918,0.08213264964933847,7.440335092577667,2544.0,0.02326047358702059,13,206
754.9723071695548,1679.7390417940876,358.9656750402635,2.9627601442646494,0.10109854036954263,7.867239565102615,2809.0,0.02055035953325127,13,214
762.2203916272789,2284.4413234301146,451.6039455781772,3.2023160086164495,0.029209037177151925,8.90400756980606,3156.0,0.01783012144270908,13,220
774.4197509512279,1506.6935316499482,352.62309430560714,3.049714901816077,0.08591010803944452,7.501321445795516,2635.0,0.022252736842220563,13,226
822.2276519666269,914.0710667461263,409.3404027982074,3.0932806180690386,0.03498861310273063,8.172171331191864,2666.0,0.021929091410703507,13,217
1192.0580487804878,1545.1769512195121,524.1757602199913,3.2750907639629045,0.026507406781439844,9.396809360041306,3667.0,0.014617675745694928,14,26
1292.7795006977826,753.1530469840285,412.2450582510638,3.162645402508241,0.012937304197186021,7.734788656904748,2614.0,0.02201676661135503,14,11
1350.4397427217332,1215.0876777251185,566.4933642767759,3.2598651552652145,0.026225138857160865,10.483515204399826,4166.0,0.012609527342590954,14,299
1177.4507737160798,2550.14442700157,285.03655058791963,2.83622642070171,0.05949206301236272,6.77593055894135,2872.0,0.01958752388707466,14,480
1305.1408106788215,674.1956698681425,392.6843530526105,3.158543318963636,0.04516876731244763,7.351245417719389,2662.0,0.02152022046117356,14,13
1419.0191846522782,1336.5707434052758,559.7813575910321,3.3042064193486693,0.016698040471277757,9.844276472424225,3588.0,0.014995763065259344,14,23
1010.1875291919664,1182.1078935077066,547.4440500639031,3.3208820851465033,0.015854395233609656,9.268961613646187,3155.0,0.01747283068127126,14,444
1010.9277439907327,1540.2686070083985,441.4582683023487,3.2665626442535736,0.04369527121287314,7.543017037312069,2871.0,0.0195959042528543,14,84
1050.8493968848811,2189.6966857945895,545.845953233964,3.3279575654685614,0.0222715406692147,9.716428726029106,4316.0,0.012109455049139009,14,488
1084.7983870967741,1112.7947054698457,364.6217727188817,2.994296823001291,0.02037552769650636,7.798712530102309,2524.0,0.023012344019302484,14,30
1439.8581391393095,874.633441061405,375.80845052845467,3.065620145308112,0.09631255491081257,7.479093164114509,2710.0,0.021045577624988713,14,55
1794.410070005385,1254.3311793214862,237.4132650557375,2.6646633562927633,0.058691607513741556,6.392387319755991,2102.0,0.029204487753654487,14,67
1831.3559455212153,1291.1870089051858,244.06134786828372,2.227206882542065,0.08165779438966067,9.844276472424225,1556.0,0.0448021338367242,14,69
1832.2790613718412,1640.664440433213,354.1382575144819,2.9156926343334164,0.10799040719635916,7.862636403299868,2363.0,0.025037689473714726,14,70
1834.0642947444464,2261.619107820119,353.9464858948892,3.1339662772682098,0.09148026892142218,7.03162605173159,2628.0,0.021869589480557883,14,485
2065.17759020192,505.38480635551144,386.22804185965697,3.2880572918848268,0.08495408728899134,7.223397671324269,3103.0,0.01782646131559123,14,79
1426.5733357387696,589.3088580191232,354.33002913407455,3.109783900587447,0.051576120308433046,7.095549924929149,2537.0,0.022863011028589987,14,54
1672.6425019127773,1944.590091813313,334.1940090768432,2.9077897121261094,0.06110004108479272,7.670864783707189,2811.0,0.020112194774767042,14,110
1491.487683856105,1539.210703526493,360.72241645383053,3.139245838384086,0.1914486054601315,7.351245417719389,3121.0,0.01770244210694456,14,96
1496.2899575671852,1683.0086280056578,451.94178350674855,3.249175719646886,0.09486199078906801,8.054408022892549,2884.0,0.01948751573767105,14,263
1533.6931795974203,1513.547391049443,327.098459151914,2.8788989926377124,0.033416090793184916,7.543017037312069,2805.0,0.020165324069307076,14,104
441.0343189826873,936.495633522292,417.23112036047354,3.132510891109098,0.06395420680426742,8.246179642485227,2786.0,0.020335434281069452,14,116
454.3238278741169,467.03365446371225,497.6473528430039,3.284165314227549,0.03208897135438603,8.949342247658388,3133.0,0.017620716881180328,14,119
469.4375560203167,2504.6496862862264,427.90640718446605,3.2294950816223404,0.05577062560894007,8.310103515682789,3070.0,0.018058401778276088,14,438
473.64292821606256,659.9093105899076,449.70444794483393,3.2795808146513825,0.07679185491625021,8.054408022892549,2952.0,0.018939550281911913,14,121
597.4172586711242,1677.4991642290013,305.9396571235217,2.906683509831572,0.11905346902784097,7.543017037312069,2709.0,0.021055252367787065,14,131
97.27425944841676,290.7854954034729,250.3258874416446,2.6574043261816573,0.06735829937760807,6.58415893934867,2497.0,0.023328816134039317,14,151
149.42537104452535,1921.862223466816,228.27215118848642,2.614823220804253,0.20014027624030592,6.96770217853403,2993.0,0.01862380271792652,14,443
180.0452488687783,2205.5386996904026,268.41634355655407,2.8710062395989575,0.07999248615652599,6.520235066151111,2599.0,0.022176670590168496,14,158
246.83552631578948,1796.0054041353383,272.06000432881495,2.7134013695878467,0.1430227151654303,7.095549924929149,3127.0,0.0176614849525107,14,164
72.09499054820415,139.7728418399496,405.7887470581103,3.0105098409082505,0.2568334990317814,10.291743584807145,4200.0,0.012492591302236391,14,147
822.4187963726298,914.1434460016488,387.69829094320085,3.056219585261967,0.1000485815360459,7.798712530102309,2670.0,0.021439632130594452,14,217
890.3206581352833,1949.471663619744,174.83179319532636,2.5337213853344083,0.21211072972708042,6.136691826965751,2289.0,0.026093222466233627,14,280
940.85051934367,1357.802649405389,424.6462896513905,3.232847370745331,0.05858945014984244,7.798712530102309,2806.0,0.02015644970257649,14,187
671.8640759930915,1363.7093264248704,370.1192258138719,2.9443895890003198,0.13766635238806732,8.501875135275467,2763.0,0.020545236735375005,14,291
674.8980202578269,927.7140883977901,277.68530517020025,2.7877246707268286,0.06095448205714335,6.58415893934867,3078.0,0.01800162129999203,14,142
714.1069165059245,916.5748139983466,463.95947166788983,3.2751980118894486,0.037497279512201366,8.182255769287668,3046.0,0.018230912898807742,14,204
721.581451314328,1047.3519067012219,345.31676301321863,2.8975471248945754,0.12461089950215898,8.054408022892549,2591.0,0.02226290613562353,14,206
637.2687719298245,1603.9738011695906,273.2745579195686,2.7400004268578657,0.010890140678402202,6.648082812546231,2902.0,0.01933940375643741,14,139
762.2072561062705,2284.887016140551,447.5310362561169,3.187382280049186,0.03440244357568816,8.374027388880348,3187.0,0.01726210132755415,14,220
754.7519492293744,1679.7062556663645,352.5401606845429,2.9120065953916923,0.05622774275894511,7.798712530102309,2848.0,0.019790651516092057,14,214
774.8137060414788,1506.307484220018,354.4578768804697,3.0408104847174444,0.07977508232538831,7.479093164114509,2639.0,0.021755323490132816,14,226
1291.9329921637614,753.5450183911722,371.09539037161267,3.040428059116729,0.016065906263611197,7.893121208927632,2473.0,0.0232261302275908,15,11
1305.6278363047002,666.0658427876823,292.93568637042705,2.9555732591349266,0.11139366817150669,6.943572792816037,2579.0,0.02202333783240599,15,13
1350.8733786944504,1215.0949394003828,558.2157751216039,3.254627546707383,0.045469519016686895,10.088951921185696,4023.0,0.012913395877052952,15,299
1419.257215245649,1336.5468164794008,538.7500325913162,3.2034797394499495,0.018049616576317984,10.445032577227543,3500.0,0.015188996516737927,15,23
1426.1888338739968,588.9450230493427,347.5940670728507,3.0689531800449212,0.08087454850433189,6.943572792816037,2492.0,0.023000964998681563,15,54
1439.5143352236926,874.6181474480152,376.7333340922753,3.111177685548079,0.05266431125786215,7.655734104899734,2583.0,0.021980383871687513,15,55
1009.9767643238563,1541.7347380574397,411.21381095232755,3.194042115690062,0.061502666091681625,7.418347000871835,2725.0,0.02055704253483679,15,84
1010.771875,1181.8628605769231,493.76517637802937,3.2386451048833083,0.0346629963123856,9.080056729067126,2933.0,0.0187760840315928,15,444
1050.9687009063443,2189.1405438066467,491.09457145771546,3.27812487849887,0.0628527058869017,8.427242192990406,3993.0,0.013025333318556561,15,488
1084.4389242455347,1112.6893861630056,289.0781459299737,2.8557318274253967,0.12512947350501,7.1809598968439365,2351.0,0.02478400669033596,15,30
1170.0700447093889,2543.9938524590166,318.5734936054401,2.919658177734803,0.037428564794186894,6.943572792816037,2742.0,0.020398902738976953,15,480
1192.039819587629,1545.964175257732,460.53098181412355,3.1507853709207563,0.08328739885119246,8.902016401046202,3510.0,0.015137990416601686,15,26
1803.0022805017104,1258.6285062713796,260.23561279058396,2.6485942141612564,0.12194169576513313,6.884226016809063,2126.0,0.028282643359181105,15,67
1831.3524178832117,1291.209169708029,260.176266014577,2.2257410805536733,0.10633825500136772,10.682419681255443,1583.0,0.042896584392307,15,69
1832.2650887573964,1640.5095519864751,351.0361800812552,2.9889907885548817,0.13025239138767494,7.774427656913684,2349.0,0.02481128865520686,15,70
1834.7452305246422,2265.6253974562796,298.6329768670966,2.9377822226838615,0.13368319550065993,6.587492136774189,2548.0,0.022362010772276775,15,485
1491.436182970704,1539.847524413226,346.40713155271123,3.0375977632532067,0.1311504257707789,7.299653448857886,3076.0,0.01772061691903506,15,96
1500.5062732662348,1682.165310905832,430.4421663785874,3.2038813838354843,0.04564770311407627,7.715080880906709,2835.0,0.019575108510991084,15,263
1534.5376307217555,1513.8254757414709,346.16974444868333,2.9624485635220403,0.027586505038044894,7.47769377687881,2802.0,0.01985969581469434,15,104
1674.6286008230452,1943.964197530864,288.42533139389695,2.749073918141782,0.04446161009885047,7.35900022486486,2763.0,0.020206881088396834,15,110
2065.840195121951,505.4368780487805,304.1522270357452,3.136939630261067,0.26826761470496496,6.884226016809063,2982.0,0.018400543715815756,15,79
441.2272151007184,937.140160585998,421.30276287351325,3.14279585687644,0.0891557023424245,7.952467984934607,2800.0,0.01987720971278598,15,116
454.48156801661474,466.92536344755973,457.20756235773297,3.276679771035109,0.03753710673091192,8.011814760941583,3008.0,0.018207313655860733,15,119
469.54422366801475,2505.85282222613,337.505115151665,3.04826078163613,0.05828766011892688,7.240306672850911,2895.0,0.019078042518108303,15,438
473.14595103578154,660.8595641646489,441.18393283584976,3.2234303302371723,0.0546116946905932,8.24920186496948,2939.0,0.018729277968189906,15,121
595.4305181997489,1677.2167832167831,330.9769697908978,3.002748128662914,0.11209796726074198,7.1809598968439365,2684.0,0.020948718353470078,15,131
72.14549863595029,139.56441345862382,391.57002809401894,3.024002194026254,0.23395791200973148,9.792218041150823,4194.0,0.012310374575317144,15,147
97.8059883898564,290.7653528872594,194.24199787082813,2.553850217194969,0.13856231138343703,6.409451808753266,2374.0,0.02447452255394071,15,151
149.5931946250542,1922.8361508452535,273.82602449618116,2.7186762759735474,0.15295416899819522,7.240306672850911,3009.0,0.01819996274454106,15,443
180.04940635771734,2205.5379165070854,309.9088643084218,2.9662663596566117,0.10075280984573685,7.002919568823012,2630.0,0.021487944448418107,15,158
246.28563337738342,1795.8939022087975,314.3598725089449,2.7765231156370698,0.1413929575062302,7.833774432920658,3176.0,0.017050366095557063,15,164
637.4869665513264,1604.0016147635524,257.26827399023523,2.7163055852196143,0.10004964196802833,6.824879240802089,2874.0,0.019249118389728516,15,139
822.3953757225433,914.4209744013212,359.3447287222317,3.028354852577492,0.01872066806586443,7.774427656913684,2540.0,0.0224511078430463,15,217
939.7964778867321,1357.4958975385232,296.5558397068525,2.8563429796035136,0.07672791908292399,7.121613120836962,2560.0,0.022229683249144337,15,187
890.0975903614458,1949.0875502008032,147.77347225736696,2.131330636275024,0.11640879354348878,6.2314114807323415,2207.0,0.02691484610468161,15,280
674.3045330088227,1360.4583206571342,390.1457054698516,3.0342081713783084,0.0278436389819375,8.427242192990406,2762.0,0.02021594296408334,15,291
675.3987526797895,927.443188462288,304.5083076917871,2.9758987708666313,0.12054897312508997,6.646838912781164,3107.0,0.01750727126393998,15,142
714.7522551967578,916.1486468819453,453.94348967734936,3.200413426032501,0.061904018659598235,8.36789541698343,2988.0,0.018355589022152542,15,204
721.6726869994889,1047.4818538081445,348.3062283849344,2.997528373562995,0.04288387670715253,7.35900022486486,2512.0,0.022768617752488993,15,206
774.67366447985,1506.323336457357,316.61504999720995,2.8639242056433867,0.06793625067925008,7.47769377687881,2552.0,0.02231772689758538,15,226
755.0224942110486,1679.2881243797551,358.8106077381689,3.0355158703924716,0.07830332335998826,7.418347000871835,2796.0,0.019912330343802936,15,214
762.1286075275967,2285.1306024737332,446.22840879644264,3.1859722124790504,0.02593095707318366,8.36789541698343,3084.0,0.01766506374928659,15,220
1295.948093706936,753.7326596233348,389.78781688596854,3.12528669638795,0.10489321413251415,7.579704906525494,2567.0,0.02270016789642817,16,11
1306.0888434446717,658.4230856623494,262.66363223321815,2.964878101811324,0.2364381751258438,6.565098737935468,2832.0,0.02008155972129262,16,13
1417.2789959607617,1332.6306982111944,620.5808788823,3.372395663337577,0.03919845198461998,10.384792549097922,3792.0,0.01416294204219371,16,23
1350.9919257165927,1215.2350625756965,591.3363481405875,3.293707069180506,0.04255306548258995,10.862254275493228,4187.0,0.012631175818676774,16,299
1192.421683705667,1545.3992174681307,472.8661572787519,3.1709666760283275,0.05114092673225527,9.191138233109655,3619.0,0.014957366973398183,16,26
1051.2682926829268,2189.138325890301,521.2091570762767,3.331815754394264,0.031844910167195546,9.191138233109655,4229.0,0.01248757094665452,16,488
1084.3448844884488,1112.9327099376603,325.50953197000035,2.8757422791398173,0.04519406174791292,7.579704906525494,2522.0,0.023214203868927613,16,30
1119.785741158766,1419.6452219714072,317.27331718968134,2.6111484662916635,0.04856895032626056,9.370186380507896,2704.0,0.021266514747166135,16,653
1178.337680928901,2545.8673453157307,375.22523423091167,3.0805680958589625,0.09792670517293181,7.520022190726081,2993.0,0.018766332301699447,16,480
1425.9556107954545,589.6400923295455,336.13305538229594,3.1293435722499083,0.075241738124719,6.624781453734881,2529.0,0.023132719059800008,16,54
1439.0434981684982,875.405525030525,391.0411539177562,3.102688975176029,0.005548939062763689,7.878118485522561,2653.0,0.021778542431510655,16,55
1831.4210171017103,1290.9826732673268,265.2299890125929,2.3069963639378197,0.10958417919664319,10.086378970100855,1631.0,0.04208238040467317,16,69
1830.5379969803723,1261.7639657775542,237.17911258686863,2.6585600652483796,0.20005962990163045,6.505416022136054,2101.0,0.029454144141566593,16,67
1832.444425087108,1640.3621951219511,342.5787886886326,2.9277002188455996,0.06338325262215834,8.0571666329208,2336.0,0.025611367263102144,16,70
1833.9587323301414,2264.910624715002,261.7683914962269,2.7280191464306647,0.05456736509530157,6.445733306336641,2504.0,0.023426396315559175,16,485
2066.0317156236697,505.5619412515964,280.38939882564387,3.1712509668526283,0.18235214423886167,6.445733306336641,2962.0,0.0190060114303476,16,79
1010.5292895720814,1540.8815953469048,430.96889078756374,3.179746527555966,0.0473944095706076,8.116849348720216,2876.0,0.019704156075311695,16,84
1472.0714535901927,1578.6966725043783,340.7883072146502,3.046631167552667,0.06054779990932289,7.102243180130188,2523.0,0.023202528053110207,16,660
1491.5025651988028,1538.622488242839,279.19574450965564,2.95784115257767,0.23727628205151655,6.624781453734881,3012.0,0.018622397198453006,16,96
1504.208281401468,1680.774961916632,430.96889078756374,3.195365186654515,0.03855722846132919,7.878118485522561,2845.0,0.019968557851601888,16,263
1533.548657457706,1513.4550675151327,384.5357378956202,3.1075950977619864,0.06635140082660415,7.878118485522561,2766.0,0.02067557428513399,16,104
1675.8406552494416,1944.3028046661702,240.46166195583635,2.5744800215741117,0.11482186142600936,7.042560464330775,2731.0,0.02100506855318209,16,110
1010.6818960593946,1181.887721302113,522.5221768238638,3.2786452328830573,0.04119145215218278,9.549234527906135,3094.0,0.018025719000430013,16,444
441.2322542322542,937.5126225126226,401.90340819324945,3.1563081222024194,0.10628625654268,7.878118485522561,2769.0,0.020647812268254667,16,116
454.72246984792866,466.82026743576296,455.259756117925,3.2580021287595216,0.0780165711095994,8.0571666329208,3002.0,0.018697876174491975,16,119
470.2190635451505,2505.6026755852845,356.9026404804918,3.0745475779965656,0.07696586730897469,7.400656759127255,2870.0,0.019754782759301627,16,438
473.9031018782015,660.204467842914,419.45012663827697,3.1715331706050547,0.10077915662852661,7.579704906525494,2929.0,0.019267973920915553,16,121
595.5193767479025,1677.2267279264881,298.7716752918632,2.9065550614446907,0.15526501048066882,6.803829601133121,2687.0,0.02143449437750988,16,131
637.3394789579158,1604.2360721442885,297.8167518390726,2.9092486065838066,0.13016912054653773,6.982877748531362,2910.0,0.01942210280509127,16,139
672.7592732778198,1360.9367146101438,394.2043378551251,3.078877269144666,0.16142132526086922,7.997483917121388,2824.0,0.020151737247486333,16,291
675.1693315353497,927.7582354074359,309.81297771475465,2.994633355637158,0.1906263985553634,6.684464169534294,3108.0,0.017927647668026948,16,142
72.0772022895435,140.00167527572245,427.5072932711978,3.064867139397451,0.25832449075024194,10.205744401699683,4195.0,0.012603568423889808,16,147
97.42202363793601,291.52464687229747,207.03934110816488,2.673336522725103,0.08857776629229448,6.505416022136054,2367.0,0.02517804147329988,16,151
149.57315891472868,1922.0574127906978,246.37025081997828,2.6329475480338904,0.1374700232503465,7.221608611729015,2966.0,0.018974741638981142,16,443
180.16231343283582,2205.7085406301826,287.90942101636995,2.8241363757185516,0.022928007501320867,7.102243180130188,2634.0,0.02197565869024857,16,158
246.8652644731362,1795.8769262807164,286.59640126878287,2.7204165837247394,0.1371121303337767,7.520022190726081,3200.0,0.01730881035702922,16,164
890.4116591928251,1948.89177877429,199.63868434903765,2.4772205843681623,0.04701599779449127,6.505416022136054,2315.0,0.02591348485513042,16,280
938.3011953752695,1356.1879286694102,304.5608987244063,2.917038273127397,0.10501399221596111,6.624781453734881,2621.0,0.02211259642147201,16,187
714.3381215469614,916.3314917127071,486.11572018622167,3.294395039158654,0.03938983496261621,8.534628359316109,3076.0,0.018153398501828122,16,204
721.5120981679917,1047.5060490839958,345.3241936154056,2.989005085296923,0.09138639511080403,7.579704906525494,2556.0,0.022823707465393837,16,206
755.35944551902,1679.7303352675692,370.2715688195604,2.933251640032341,0.06227558676660917,8.594311075115522,2932.0,0.019243861120386316,16,214
762.0102356902357,2284.6321885521884,443.1441648106441,3.1219220532225505,0.06483936768867207,9.131455517310242,3207.0,0.017263469317614296,16,220
822.4372190109184,914.4993577392421,371.70395399874633,3.0114052095163775,0.0794294893387946,8.116849348720216,2637.0,0.02194429818961841,16,217
774.9795311984153,1506.842687355563,361.55789231284604,2.990106940895716,0.1579165621944465,8.116849348720216,2697.0,0.02133536293785796,16,226
1300.3911269760326,752.8818629950705,343.73002895960394,3.0284502858351967,0.012440241800117149,7.245032056942187,2495.0,0.023585773242034407,17,11
1311.9723606705936,647.36905301314,257.89977015599044,3.0724892682610823,0.33370651924718703,6.251761533006564,3106.0,0.01798275934666818,17,13
1439.9663346613545,874.8940239043825,293.30694295040144,2.809949596179214,0.08344010853390849,6.952893667549357,3025.0,0.018567507692359275,17,55
1351.361413325044,1215.1374987047975,563.8855192060407,3.268222231068854,0.02126561902824148,10.516982018141885,4105.0,0.012952007077840675,17,299
1419.8289966060395,1334.7719084500914,671.3924465026022,3.3197326453840863,0.026824000349723646,11.74396325359177,3877.0,0.01383536471950584,17,23
1192.2564754856614,1545.13644773358,505.282558293839,3.2556078424284727,0.013603281394157157,9.348428460570563,3610.0,0.015036291856247401,17,26
1426.1716634429401,589.3362346872985,362.4853135586236,3.166378214830827,0.016583105457256532,6.777610633913659,2499.0,0.023537761296757165,17,54
1010.2323462414579,1182.17778500922,538.6447623625002,3.3056175007861115,0.016359492843977443,9.1147177490563,3082.0,0.018152142220756094,17,444
1010.1093387866395,1541.4939331970006,428.56701723928177,3.2021209739961947,0.029112973530458944,8.238302580877809,2843.0,0.020031040809829752,17,84
1051.6578332034294,2189.230931967487,524.7389750274015,3.280302277358428,0.044728199167905915,9.69899452784196,4236.0,0.012493682780180563,17,488
1084.3984,1113.136888888889,328.65568806693386,2.93306059338099,0.023528566836553893,7.1866043790636205,2475.0,0.023828801261514692,17,30
1144.114563631451,1398.7025128343691,216.24083582857284,2.5846908630639085,0.13426806547420542,6.368616888763697,2481.0,0.02375536860203646,17,653
1172.5921658986176,2544.9698815009874,355.00657079016713,3.136068285656032,0.03438894636714197,6.6023276002779605,2856.0,0.019918894204760795,17,480
1831.4366944655042,1291.4791508718727,231.19832136548575,2.217740405102126,0.05835592200694288,9.465283816327696,1532.0,0.046344570361102407,17,69
1832.3342516069788,1640.4040404040404,318.138706048792,2.865423524418046,0.1216315770612212,7.770881157849281,2333.0,0.0257096821098826,17,70
1833.1666423464176,2265.987012987013,400.40487650181296,3.323525138943609,0.017093174027592216,6.543899922399395,2728.0,0.021080985200086767,17,485
1848.3359940134696,1264.3619356447991,234.2365606151712,2.6092492390377937,0.08230698777672721,6.485472244520829,2091.0,0.02970568381589189,17,67
2064.309397010823,505.1168184160797,340.1075129311328,3.1474391932725054,0.1699724811332174,6.660755278156527,3132.0,0.017802792770253144,17,79
1491.3664091899386,1538.9023569023568,295.00134560887983,2.9177338680790665,0.21067071004593224,7.128176701185055,3025.0,0.018567507692359275,17,96
1493.3911725705625,1619.9899602197386,308.43971152095,2.915817040397195,0.003811483510306649,6.719182956035093,2422.0,0.024497726978814117,17,660
1507.4389766531526,1677.5284496015659,417.9331798653828,3.1914756095692796,0.030063758871339746,8.063019547242112,2812.0,0.02030363274124231,17,263
1534.410462074978,1513.655274629468,335.08273263357614,2.9898987161846673,0.09224829998068783,7.654025802092149,2667.0,0.021683866054548452,17,104
1673.574026529739,1944.4246897732135,273.0909664044176,2.7683336817580066,0.08342886028942219,7.1866043790636205,2694.0,0.021412816736987073,17,110
414.1039551977599,1425.003150157508,166.92787569906312,2.2476994033078315,0.10516052166654634,6.485472244520829,2490.0,0.02364606431707017,17,686
440.92308746915273,937.0475733479573,426.1714824462606,3.1211705354528796,0.0898465306076876,8.238302580877809,2826.0,0.020179613614425596,17,116
454.81243972999033,467.0220588235294,484.7160156805837,3.3155524635966933,0.019634162220270448,8.296730258756375,3013.0,0.018657386999637558,17,119
472.4719043552519,2506.051750640478,342.09405397900406,3.0498841517386315,0.07239311424007903,7.069749023306489,2827.0,0.020170813054819475,17,438
473.5292138268584,660.6324564086876,382.00015797006466,3.1442090865677277,0.10213151731960554,7.829308835727847,2875.0,0.019757228135666244,17,121
595.1006266786034,1677.30581915846,326.31858095179126,2.928940581077795,0.08461823960040615,7.1866043790636205,2684.0,0.021512411599591375,17,131
636.9594624860023,1603.9207166853303,260.8795817277973,2.649388782012387,0.07513165866501173,7.361887412699319,2882.0,0.019698326490637734,17,139
71.34936452917388,140.869728480647,404.55324163119116,3.034535474488181,0.22138069828845228,9.582139172084828,4136.0,0.012840537588528279,17,147
97.89778880866426,291.8066335740072,258.95146835780463,2.7526652656983104,0.13892487246011642,6.427044566642262,2505.0,0.02346610876801802,17,151
149.65491405905686,1922.1864257382106,265.14480221293263,2.6341487302037154,0.08007949844199462,7.420315090577885,3037.0,0.01847849019498379,17,443
179.9347471451876,2205.304853181077,286.5293323164878,2.8663471817619683,0.08304794062103772,6.543899922399395,2635.0,0.022014130844773678,17,158
246.84674329501917,1795.8472222222222,243.99398282089172,2.604336201378084,0.16932310325117927,6.952893667549357,3119.0,0.0178923235299022,17,164
671.1424959095642,1362.720511676335,392.80927837759936,3.0106904570401207,0.07011981709507067,8.64729632602777,2796.0,0.020447248682465044,17,291
674.7455190440627,928.0959671396564,312.93864271759963,2.9026718911277145,0.09569469097341154,7.712453479970715,3151.0,0.01767354015875584,17,142
936.9226140732075,1355.766505097777,349.57279674746053,3.0438875711903575,0.0833578749894506,7.361887412699319,2682.0,0.021532441851697823,17,187
890.0055338541666,1948.8518880208333,179.48982644295484,2.2455105674062934,0.04006413317386339,6.485472244520829,2272.0,0.026612039843613648,17,280
822.5265428002655,914.5228931652289,352.202042251996,3.001879526248981,0.10205461974844637,7.770881157849281,2607.0,0.022311476727055312,17,217
714.1019729023056,916.7444734965534,491.6104816702545,3.234073995595188,0.05382126389820447,9.231573104813432,3074.0,0.018209314500155258,17,204
721.6645171957672,1047.6040013227514,353.3705958095673,2.979482306511454,0.07106184416602598,7.887736513606413,2582.0,0.022583834671869744,17,206
754.9114955914157,1678.8808850440857,351.20877172806036,3.0394730256244396,0.15850279056107328,7.654025802092149,3009.0,0.018687540448664212,17,214
775.1457042371462,1506.5471445319042,348.87166461291775,2.9735055158440487,0.044823524408848646,7.478742768456451,2635.0,0.022014130844773678,17,226
762.1750124564026,2284.9569008470353,469.05739800912806,3.187055751743836,0.07549537002326624,9.348428460570563,3212.0,0.017270967667439647,17,220
1320.005897219882,642.870598146588,388.4464363337329,3.173792216661459,0.019982659920053252,7.264962836233252,2659.0,0.021617097696963298,18,13
1299.672810105612,753.6765375854214,316.0586084339673,2.8320123687478005,0.06431577655200546,7.461313183158476,2469.0,0.02373957242499578,18,11
1351.3047502230152,1214.9586306868866,586.9566370751334,3.2856159359397648,0.05536620144767206,10.930169312170749,4189.0,0.012568383284616584,18,299
1419.8131133848403,1334.460116934642,626.8812076165954,3.312860845654193,0.027762076177748632,11.453770237304678,3798.0,0.014073914370623651,18,23
1426.6258734993728,589.6179896075972,365.2770953965566,3.1354765258660926,0.09652270274885219,7.0686124893080295,2541.0,0.022887980541372487,18,54
1439.5752610441766,874.7487550200804,407.4269698698378,3.1881809848200073,0.03489579861990256,7.723113645725439,2684.0,0.021365750414611404,18,55
1051.733873810363,2189.037598402068,557.0459342268578,3.378921022004051,0.04623172312328059,9.228466305485483,4320.0,0.012133516684718546,18,488
1084.9747958821442,1113.4781682641108,368.74595152556884,3.047255322125972,0.021897345052361235,7.461313183158476,2540.0,0.02289938960575094,18,30
1141.4448537877045,1397.5470872668661,284.2498522320812,2.8271650247032567,0.0571449220463784,6.610461679815842,2446.0,0.024025124303123684,18,653
1171.1864440868865,2548.699316170555,325.4179749707363,2.944512329061226,0.042752435451771,7.461313183158476,2796.0,0.020307910237472325,18,480
1192.1436716077537,1545.408969973394,516.5977627602618,3.26912697551809,0.03686902391224815,9.424816652410705,3691.0,0.014550902148743695,18,26
1491.4202066590126,1538.6408725602755,285.0352536197821,2.9554674081199477,0.15642139974562203,6.414111332890619,2998.0,0.018643139959642802,18,96
1831.4594346127326,1291.0606757067342,284.77345315721516,2.33796915017811,0.09480335191118834,10.864719196529007,1579.0,0.04395559479005431,18,69
1832.4633167749332,1640.5880779518532,342.5659052688724,2.9631864310215863,0.12928283237282776,7.395863067516734,2340.0,0.025435141177590808,18,70
1832.9659598214287,2261.6819196428573,351.85982168999965,3.2212267978727196,0.07509259681077735,6.610461679815842,2735.0,0.020870706054130755,18,485
1870.733459869848,1275.2803687635576,241.38002648674086,2.6216084380782414,0.0767515017683667,6.872262142382806,2095.0,0.029426890487941983,18,67
2065.698906160046,505.47706774131643,341.0605526091124,3.186489180711433,0.05002755484328184,6.545011564174101,3053.0,0.01823610429331437,18,79
1010.7600284832661,1182.260740564918,551.4826743973098,3.2483083658262486,0.030892770832714092,9.948417577544634,3181.0,0.017354308544933264,18,444
1510.1314965560425,1627.9050302650803,313.57150403958116,2.859800624479279,0.14848959988795724,7.592213414441957,2489.0,0.023496727563348304,18,660
1513.9532520325204,1680.7116948092557,418.6189396445755,3.1109612742738006,0.04528382198919478,8.443064917784591,2833.0,0.019981093077940958,18,263
1534.4867147633292,1514.0371282773183,371.9530071920142,2.986302237848741,0.07382527307328202,7.9194639926506625,2703.0,0.0211786013433357,18,104
1672.4908689544452,1944.1533212923941,326.13792624279546,2.907221454307689,0.0806052900363564,7.461313183158476,2826.0,0.020042114097838654,18,110
1010.1436950146627,1541.5815249266861,446.3697886766737,3.185883452424777,0.05096660019316943,8.639415264709813,2908.0,0.019349877968954383,18,84
414.35578645646723,1425.2035112862773,182.67127275609917,2.291620115050027,0.1619774769585877,7.003162373666288,2531.0,0.023002585332788716,18,686
441.29124906507104,937.1352281226626,437.53402306503864,3.234282516364631,0.07138136111583678,8.181264455217626,2822.0,0.02007715088325682,18,116
454.798918063069,466.79773057131547,496.04642644875514,3.317141922157148,0.054137236607592704,8.443064917784591,3039.0,0.018338017657631604,18,119
472.10172349194454,2506.5775571375048,349.37271729561354,2.9976261371040556,0.08848958797251945,7.526763298800216,2900.0,0.019415301050374884,18,438
473.87966739880767,660.8313460935049,417.1790371004572,3.16550080652877,0.06735950457727513,8.050364223934144,2911.0,0.01932545784152678,18,121
596.7471552555448,1677.4744455159114,339.35884960242714,3.0478030090963077,0.11428776069286166,7.0686124893080295,2748.0,0.02074816577870213,18,131
637.0390266299357,1603.9864554637281,285.10070373542385,2.7506155918390256,0.1423340670150516,7.330412951874993,2909.0,0.019341731072059394,18,139
71.84890748489074,139.8495273516194,422.34959623615475,3.0741142157838715,0.26649419292743154,10.210218040111597,4146.0,0.012718001821646027,18,147
97.45916515426498,292.07000259268864,252.44109603019507,2.726016162312602,0.011788186678651195,6.610461679815842,2508.0,0.023270582616462036,18,151
667.7412868632708,823.1028820375335,195.30314507495518,2.2491434175260006,0.11862317958929885,7.330412951874993,2089.0,0.029540425817177588,18,726
180.42866878691504,2205.6585642889595,288.1114090549439,2.922208123669027,0.0700765325598976,6.6759117954575835,2617.0,0.02205294249791876,18,158
247.18324125230203,1795.6252302025782,284.31530234772293,2.7627987784562613,0.1830507933685771,7.264962836233252,3191.0,0.01728899613021997,18,164
148.69494807252244,1921.9646189051223,371.8221069607307,2.9508679905331663,0.10737698586731273,8.312164686501108,3210.0,0.017166247291645852,18,443
674.6748576565777,1360.9818699430625,436.8140717929795,3.161306179028959,0.01972130578989981,8.443064917784591,2860.0,0.019749166548956438,18,291
889.6038068382094,1948.7222418047234,185.68197807561924,2.3242601849018962,0.05162648942727832,6.414111332890619,2348.0,0.025322976132778903,18,280
675.4288954411431,927.5751871172602,288.56955986443614,2.94074697009423,0.07308259598541862,6.545011564174101,3063.0,0.018163999820607277,18,142
933.8056490560515,1353.5537831113713,447.22064018001635,3.2011678316841032,0.03847485212656728,8.312164686501108,2870.0,0.019664628316452867,18,187
714.6714121368997,916.5960598216853,455.140104172667,3.230614626613458,0.05541167836672578,8.573965149068073,3054.0,0.01822886809569783,18,204
721.8361400189215,1047.499526963103,345.90386116660125,2.9477313567168575,0.115771574095066,7.657663530083698,2615.0,0.02207413581325219,18,206
755.2715053763441,1679.7256272401435,365.21164528091487,2.978898307335789,0.07302817443050086,7.723113645725439,2875.0,0.0196226300261612,18,214
762.1614612381484,2284.9728109314,469.4082293825665,3.208870339646775,0.08237170365028734,8.573965149068073,3214.0,0.01714062719792138,18,220
774.7858998787459,1506.6041919279405,377.84351759977085,3.0419151661499377,0.06917759827860215,7.78856376136718,2697.0,0.021237345870819716,18,226
822.4234952864394,914.3257795503988,361.0228378798434,2.9853704206050127,0.08024497084790219,7.723113645725439,2639.0,0.021822473848592892,18,217
1297.4669434685404,753.9482593420632,390.45675174794997,3.165760206907613,0.038366838982582606,7.420050057171199,2564.0,0.022261729640443487,19,11
1324.4122484689415,639.2353455818022,356.34946282969247,3.0305819485095054,0.15089418445081748,7.918876951770944,2634.0,0.021520035098644308,19,13
1351.8397622906537,1215.0054024851431,577.0803636900794,3.3204667939727606,0.08418360295658692,10.101244615644825,4155.0,0.012483116424782762,19,299
1426.398038552587,589.6447412918499,368.7577818328611,3.1532012923789687,0.028589536875331462,6.796516438921518,2582.0,0.022066168079676134,19,54
1420.7360805860806,1335.0714285714287,680.8987111286513,3.3712042825996638,0.03285780446969497,11.784785384918964,3896.0,0.013444490239310065,19,23
1051.2021020363477,2189.2287059338732,569.5356069092583,3.3563779000343277,0.03333221223972367,9.664771082870049,4315.0,0.011955013889709465,19,488
1085.5335335335335,1113.4474474474475,373.74605077885855,3.1050992965832256,0.037934003550845107,7.981230313595912,2575.0,0.022141810122244754,19,30
1193.0001207437817,1545.4058198502778,516.4105426343855,3.263742701432561,0.045877270968190255,9.477710997395144,3655.0,0.014482316307058244,19,26
1142.7097620385985,1400.3994753606896,332.77989205985455,2.973211228672698,0.0823658977746599,7.295343333521263,2459.0,0.023475357629974467,19,653
1176.9461761199113,2547.685062169988,366.07658727438746,3.0789586508592874,0.05296559114932458,7.357696695346231,2903.0,0.019077494675351397,19,480
1439.6562186918563,874.9141262344353,435.6629390710518,3.2649782558704294,0.07675394633619895,7.918876951770944,2664.0,0.021217082241009995,19,55
1827.8682263891278,2263.7937381730603,362.46009228853933,3.163664558521331,0.04048590227593021,6.671809715271582,2644.0,0.02141809408191245,19,485
1831.5770447356529,1291.3990058743786,275.97597943730864,2.3639673470066187,0.13345296221002875,10.724778233894506,1594.0,0.04261357303336578,19,69
1832.544370860927,1640.5014900662252,376.6143054228071,3.097344515283635,0.07243887254504162,7.544756780821135,2378.0,0.024505967389676895,19,70
1868.6291221551323,1288.2601021830005,268.49357601831247,2.734709210051271,0.006818234433956179,6.858869800746486,2110.0,0.028670509071218136,19,67
2066.767475240419,505.4641883163485,434.4158718345525,3.4601630854021925,0.04330423044925307,7.170636609871327,3376.0,0.01590353555141096,19,79
1672.2156043190525,1944.9804946011843,358.0330035989666,2.9282610272443543,0.013318592531559738,7.981230313595912,2877.0,0.01928910257429424,19,110
1491.1266163793102,1538.1652298850574,347.18351864142215,3.0996674367407233,0.20457851202675248,7.295343333521263,3151.0,0.017270325883959107,19,96
1507.3866488204785,1627.1268194746528,372.68604362783407,3.1381924146318907,0.09986983994665602,7.108283248046359,2578.0,0.022109328695545744,19,660
1534.3644613100148,1514.4218775779575,377.9237260211314,3.0589813289982457,0.05102853538929839,8.105937037245848,2739.0,0.02049574910513291,19,104
1509.8735077470155,1671.9461518923038,245.48518550489925,2.638781902003243,0.05012935093694401,6.3600429061467425,2433.0,0.02379659461483379,19,263
1010.7768826228041,1182.2985341837305,557.2519946297396,3.2973553509773215,0.015377070854367491,9.976537891994889,3198.0,0.01696574923946563,19,444
441.6465899025686,936.5577206967818,422.3816730023336,3.182751714095122,0.09863235647796766,8.230643760895784,2820.0,0.019769848239883165,19,116
454.90168674698793,466.7598795180723,517.532903147235,3.4015411106895126,0.010018653217927307,8.230643760895784,3064.0,0.017863965421658676,19,119
470.0119412619009,2506.0755204131033,386.4037832293271,3.1223245768613728,0.04556398839642096,7.357696695346231,2878.0,0.019280877042768887,19,438
474.3369205298013,660.7833885209714,451.9371665073685,3.260362999332623,0.043001927781618536,8.292997122720752,3010.0,0.01825340554641947,19,121
595.7749690648753,1677.990277532261,352.73296784384434,3.0104995688811673,0.06875501490339626,7.482403418996167,2741.0,0.020477184351274987,19,131
637.1877782274382,1604.3654390934844,308.15031413899214,2.885302349480176,0.11693143234790836,7.170636609871327,2951.0,0.018698789504819995,19,139
369.6949019607843,1406.6682352941177,159.00107265366856,2.1919639327217366,0.12702805113445118,6.609456353446614,3263.0,0.01656180698697446,19,686
1010.1800342420651,1540.9836691689713,473.4490763369825,3.293153064348589,0.09087882048886922,8.292997122720752,2983.0,0.018454563218656274,19,84
72.88803369154807,139.36102236421726,429.36524952673005,3.066998028964446,0.26192912346077957,10.413011424769666,4228.0,0.012236496514446554,19,147
97.88856304985337,292.49120234604106,255.1499565877693,2.7136021011998723,0.039200428683573166,6.796516438921518,2515.0,0.022812087504551524,19,151
149.04185290532303,1922.4809020723283,306.9032469024928,2.8238621568162463,0.15767313937850316,7.420050057171199,3102.0,0.017599729041486576,19,443
667.7291794243723,795.7937844458053,407.29215944069136,3.0322819161657675,0.03175410572438642,8.667117293670561,2792.0,0.02001488979134561,19,726
231.0858134920635,1117.1815476190477,251.40875487827122,2.6165301753907135,0.09044240971981388,6.671809715271582,2439.0,0.023721685138106418,19,760
247.12944009632753,1795.8242022877785,310.70680197381586,2.9087051971869,0.12579309143670997,7.170636609871327,3231.0,0.016758238530199056,19,164
180.1839537405132,2206.082219009758,345.06350433937325,3.0068287537401854,0.07098658784541656,7.170636609871327,2697.0,0.020893535742901582,19,158
672.8994754005388,1361.3940167304693,439.7782609514997,3.187954074934797,0.09017082315191158,8.729470655495529,2876.0,0.019297335127102445,19,291
890.1082235671057,1949.002847988608,175.15059336633527,2.306367430111063,0.1359419648740194,6.42239626797171,2522.0,0.02273180477127337,19,280
949.8995101469559,1346.0064380685794,445.5147702393968,3.1856483631047534,0.048187900350423356,8.230643760895784,2908.0,0.019037332003874655,19,187
675.9703298848331,927.693148545774,319.43627262931136,3.030523359571809,0.12429575827915075,7.045929886221391,3155.0,0.01724397936863989,19,142
822.4342866323907,914.3113753213368,388.0873239986012,3.075396812234029,0.07447235120260662,8.230643760895784,2673.0,0.021127852693014107,19,217
714.1464960390006,916.7684338817794,511.60933377386294,3.29821845434436,0.023640118594537893,8.978884102795401,3135.0,0.017376521975390743,19,204
754.7739158681176,1678.471658275134,383.90964875632835,3.0946311443799113,0.038703821875703745,7.6694635044710715,2860.0,0.019430018252791236,19,214
762.1898160145115,2285.0199533557916,481.2432465651035,3.2180617183507834,0.054452156094399254,9.04123746462037,3273.0,0.0165013630558349,19,220
721.5267516978632,1045.9676991883387,376.4272453373322,3.092548499211744,0.09244669982928572,7.73181686629604,2642.0,0.021438404948391346,19,206
774.6026404765738,1506.6390275317983,387.27673029487664,3.0959538050444046,0.0996073512554366,7.981230313595912,2739.0,0.02049574910513291,19,226
1300.0838390290642,753.7350686681572,396.49140879925784,3.0660252802029895,0.032443702304326964,7.914632082386975,2602.0,0.022201583063880426,20,11
1325.526455026455,638.4567901234568,359.00771125707314,3.0958526048521784,0.02894994170049014,7.408095629114208,2628.0,0.021925924041635434,20,13
1420.8644759867782,1335.9331129690843,651.2792447954594,3.366954045574819,0.017217171611150984,11.017167858682669,3826.0,0.013946904063526893,20,23
1351.8179133858268,1214.9545056867892,578.9711660907719,3.2523798406968827,0.025605856146005572,11.017167858682669,4159.0,0.01266572691813361,20,299
1170.9476817042607,2546.7066102756894,404.21608971166756,3.092278563905907,0.02928603053042264,8.104583252364261,2941.0,0.01907478207076043,20,480
1009.4815404661937,1541.9384682206457,437.3309103443747,3.1945053811326445,0.07033904105512326,8.294534422341549,2941.0,0.01907478207076043,20,84
1010.7540057636887,1182.6833429394812,549.275466517656,3.300702920508365,0.03857657538427546,9.877460838818944,3190.0,0.017286548526552453,20,444
1051.1250422059652,2189.612718064153,562.5720484160661,3.3165399520884016,0.028464877490047013,9.940777895478039,4328.0,0.012101550588637173,20,488
1085.427802690583,1113.3944394618834,352.99259087445904,3.0459853751831436,0.033439933056413684,7.281461515796017,2531.0,0.02299090726099197,20,30
1144.5824295010846,1397.8047722342733,291.89163119843164,2.7886895825553073,0.08008321922802418,7.21814445913692,2425.0,0.02427963489858439,20,653
1192.4186104527878,1545.3833104652613,507.61284323597096,3.267138249489114,0.05689473242676303,9.750826725500753,3655.0,0.014711046850797127,20,26
1426.102516150969,589.7641958517511,372.43092726880144,3.1731189894246423,0.037477357289939554,6.77492506252325,2580.0,0.02244030503683407,20,54
1827.9884472292931,2263.1607597415314,323.36020835800224,3.065373482598921,0.11499609131742396,6.458339779227771,2606.0,0.022158723702875527,20,485
1831.6235565819861,1291.4844752373622,246.7465698004963,2.27012144451589,0.09364129725876248,10.004094952137136,1555.0,0.04496763125613823,20,69
1832.7008188916398,1640.509236335936,332.477864516912,2.8788129973083905,0.10480594277473575,7.851315025727878,2358.0,0.025171465715310717,20,70
1866.161046511628,1297.5811046511628,217.81067490728952,2.5642329647819477,0.1273758375442663,6.584973892545962,2083.0,0.029640137144411136,20,67
2066.1108725655577,508.57491182333996,412.8905264739637,3.3460397802951003,0.03343813443454679,6.964876232500537,3171.0,0.017411098915785742,20,79
1673.69139049623,1944.871997194459,361.0971741268233,3.0003798929496384,0.05095261983813572,7.914632082386975,2822.0,0.020066853258320926,20,110
1493.1572315558801,1627.431519357195,346.7242022652086,3.06026634379425,0.1530854430400426,6.901559175841442,2510.0,0.02323523881690883,20,660
1491.7082147214314,1538.8609190727939,311.3932846494331,2.9279333699087924,0.14254296477963724,7.028193289159633,3048.0,0.01826294086412053,20,96
1510.905552672548,1681.4732745199792,122.0119681820776,2.003499792041395,0.18245421254429248,6.331705665909579,2278.0,0.02632609328566929,20,263
1439.7730153939028,875.0537277392092,419.5388174231687,3.200843157860041,0.05611356489918569,7.5347297424324,2666.0,0.021535131695295945,20,55
1534.9432390210034,1514.5985072036106,364.7695634130509,3.006155808967134,0.05394221459350169,7.598046799091495,2711.0,0.021089994858557098,20,104
441.3411663562115,937.090700673449,441.88973842382956,3.2118672342633436,0.08207422976488038,8.167900309023358,2823.0,0.02005808676722283,20,116
454.8850296176629,466.9193591814755,470.31909686376355,3.318471175463211,0.05137897568364372,7.851315025727878,3016.0,0.018498397983044968,20,119
474.070385561936,661.8821985233798,385.91746033718886,3.083125099206727,0.1160972340654102,7.787997969068782,2823.0,0.02005808676722283,20,121
472.5103406326034,2505.878801703163,416.37296459021394,3.138989368874565,0.06022854264927175,8.104583252364261,2968.0,0.01886319187179183,20,438
596.5274087932647,1677.2119738072965,338.42966784286705,2.9672045913615723,0.11500764596630844,7.851315025727878,2731.0,0.020898009369368926,20,131
72.04761904761905,140.09086937527306,434.7982280780108,3.0096442234151755,0.23428569402043387,10.953850802023572,4211.0,0.012486610643002716,20,147
98.21656640444239,291.6728366496992,273.65631888061205,2.8585340699654376,0.06564660213792782,6.584973892545962,2560.0,0.022661823855640847,20,151
148.50045495905368,1921.9272065514103,347.9272263417314,2.9697289882876943,0.1567036161815518,8.231217365682454,3098.0,0.01790680489845502,20,443
180.04642785671402,2205.800880528317,316.3953321255017,2.925155366874076,0.06031001262350377,6.838242119182346,2685.0,0.021344913286941134,20,158
250.18479714667856,1799.4616584930895,284.04031617270374,2.8944887443891454,0.18882970084447753,6.901559175841442,3285.0,0.01668960271504396,20,164
261.81561269400044,1088.3734074588835,273.3397335973165,2.675223704110984,0.08587749850648217,7.3447785724551125,2401.0,0.024591739126797175,20,760
372.5329716193656,1410.8743739565944,303.415335510387,2.756840028893258,0.15770362452672312,8.294534422341549,3642.0,0.01477257874152229,20,686
822.5763744189774,914.5302131751884,395.0351164960987,3.134481129410913,0.04565384476611452,8.041266195705166,2650.0,0.02169796511243418,20,217
951.8393074119076,1324.431652490887,416.8795010434867,3.232016325163587,0.04783775476086789,7.851315025727878,2910.0,0.01932364914250644,20,187
637.207385303991,1604.3700111898545,339.5060578060716,2.997139006294353,0.14652689608544053,7.3447785724551125,2943.0,0.019058946071334296,20,139
890.1921931855773,1948.4872643069798,191.4074622804466,2.439272354531817,0.10154322684756469,6.395022722568675,2479.0,0.02360556138831154,20,280
675.8593410929177,927.6551588084435,320.95416020495657,2.977226641862719,0.11796673665811587,6.838242119182346,3167.0,0.017437549095866867,20,142
667.9981311098333,795.276883266245,440.43344612067034,3.1993610992443866,0.0722711799044662,8.167900309023358,2777.0,0.02046943555338182,20,726
676.4058461538461,1363.6196923076923,411.56086828412265,3.1190235158311475,0.07433446221322264,8.674436762296123,2824.0,0.0200493279323134,20,291
714.6389997339718,916.7230646448523,476.0176319630822,3.269731068600851,0.04609722413786794,8.484485592318837,3067.0,0.018125952973487763,20,204
721.6836377052205,1046.5712968087068,343.2417641489583,2.9455490138182654,0.08433567602165365,7.724680912409687,2595.0,0.022276987249609317,20,206
754.0666248628312,1678.8571876469666,403.8995044283721,3.1607405158041377,0.13711715153879414,8.041266195705166,2842.0,0.01989296676744534,20,214
762.1755641166758,2285.218767198679,460.1883677983082,3.1616684671028232,0.029612620916845026,9.0543391022507,3218.0,0.01710621467657769,20,220
774.6690046760187,1506.6626586506345,379.1425352746656,3.0871877369075715,0.0912847248785714,7.471412685773304,2704.0,0.02115802583000523,20,226
1296.7819616281154,753.4947104177874,339.67628258706407,2.9580474686806335,0.021866250162465354,7.491515646083715,2501.0,0.023716724787934584,21,11
1426.486978750599,589.6031314906535,381.2146051125038,3.224343219874808,0.035887056535483776,7.065169227200902,2587.0,0.022723058051466676,21,54
1351.8362759187025,1215.193492096079,593.3524018223378,3.2901500347366848,0.017740921407945837,10.780473734608274,4155.0,0.012882319276892006,21,299
1421.4435657098222,1336.7562975981255,623.8057174568245,3.2630403218715722,0.041231210796227796,11.876793097449792,3803.0,0.014269617615079685,21,23
1326.4633624238431,638.8737032767989,369.8859716964748,3.128511529453361,0.05545448252480112,7.0042625959319285,2611.0,0.022460444474775354,21,13
1439.8224165113945,874.9489752042425,424.94556636362665,3.1755073493243136,0.05966351454822637,7.8569554336975544,2680.0,0.021738155578796454,21,55
1051.0773184601924,2189.6933508311463,556.9302363234917,3.3008754373148372,0.027941863203353852,9.44052784669086,4338.0,0.01226252730806132,21,488
1084.786709367494,1113.6096076861488,380.3619122747382,3.0875664289473237,0.0593530314793068,7.735142171159608,2556.0,0.023071495664551342,21,30
1192.8765521398432,1545.3955394816155,505.22050637613347,3.2221169084797014,0.08567610473045782,9.135994690345994,3676.0,0.014846463612004536,21,26
1178.8988157436434,2547.763148728666,349.72587674644467,3.027707875168905,0.056585479520970934,7.186982489738848,2846.0,0.020177126790514362,21,480
1142.633100902379,1399.895816242822,296.98073406751377,2.787195320076429,0.04614049975761466,7.186982489738848,2406.0,0.02492053053308437,21,653
1827.9576315332522,2263.902760895989,350.7612894780172,3.102016103589452,0.06988332042972735,6.517009545780142,2628.0,0.022278069339239443,21,485
1675.330324521814,1944.1136900924134,283.39855529453274,2.7641747301019666,0.15073625819698114,7.126075858469875,2777.0,0.020797923194295014,21,110
1832.0990224475017,1640.5832729905865,336.44823112980845,2.850200394392815,0.06486482018053147,7.917862064966528,2362.0,0.025520486982391084,21,70
1865.164350742693,1298.2156205079061,254.22427891669452,2.700689365224463,0.16129376691426195,6.577916177049116,2116.0,0.02948981427617774,21,67
2065.969519898926,508.69204042956414,385.6607891951389,3.273995436003473,0.07736011560112861,6.821542702125009,3147.0,0.01785253584915005,21,79
1831.6079859367153,1291.7571572074335,242.53020571305166,2.209858737653092,0.10594937295088173,9.866874265573673,1548.0,0.0460146591399522,21,69
1489.1648544370396,1626.9773763591722,347.28961149568573,3.047242890195738,0.08125622202207289,6.699729439587062,2533.0,0.023336998641606856,21,660
1492.7573412698412,1539.4565476190476,306.96942159562536,2.923427538255151,0.13614929042626972,7.065169227200902,3012.0,0.01882527364026779,21,96
1513.816414686825,1680.8833693304537,338.3972433304156,3.0018592750612774,0.12125892588627254,7.126075858469875,2669.0,0.021850174424864862,21,263
1534.0303921568627,1514.2781045751633,372.7485833661165,3.021221239462244,0.015450012670236732,7.674235539890635,2726.0,0.021281896355601123,21,104
1009.8442587523411,1541.552081832589,422.7529276379436,3.2041429743335716,0.07932628465747708,7.917862064966528,2905.0,0.019674962240365954,21,84
1010.8352525367688,1182.6453084026907,534.2120628601648,3.280105556807763,0.029045090526877964,9.62324774049778,3168.0,0.017710184007323652,21,444
441.59849186400317,937.0658817303877,460.3932257621691,3.2228800701474722,0.08128007913299592,8.344208483849341,2861.0,0.020047043437685593,21,116
454.3210539779995,467.60079304169864,476.1680432608332,3.265300877157857,0.044978107303786714,8.770554902732155,3065.0,0.018431009659401372,21,119
470.1326003664834,2506.924704314509,365.6225075076467,3.1156293789195475,0.11682422105055588,7.0042625959319285,2877.0,0.019910124006075766,21,438
473.9177552007741,662.525560393485,377.6820204989034,3.030671570147818,0.0746055555054773,8.039675327504474,2806.0,0.020532414468254677,21,121
595.8771177791386,1677.867728107777,298.38158658670017,2.7751705802232407,0.10145151325695935,7.369702383545769,2694.0,0.021597236524026443,21,131
637.3830131445904,1604.5100101112234,301.1832916250729,2.7951279293723084,0.07990893230280158,7.369702383545769,2928.0,0.019485909389462687,21,139
72.86253143336127,139.95361832914222,435.96966662331084,3.0992252229222257,0.2340639751296754,9.927780896842647,4267.0,0.012495777729099149,21,147
98.54007520284979,292.790223629527,307.76120780212204,2.9803432808387376,0.102599409240783,7.126075858469875,2623.0,0.02233140090478467,21,151
149.46527415143603,1921.8468233246301,349.9085966402516,2.985984085247981,0.10951813931842604,7.674235539890635,3096.0,0.01820796438602382,21,443
667.2746556473829,790.9586776859504,442.1821430127461,3.193959519228182,0.07713707966107414,8.222395221311395,2782.0,0.02075165702273985,21,726
180.33965739546878,2205.986737889114,330.662101159256,3.0157687132855,0.030701289901658012,6.638822808318089,2683.0,0.02170780404459808,21,158
246.81018136850784,1795.9583676834295,295.5189749170584,2.787063804369936,0.09688847554306967,7.369702383545769,3206.0,0.01745828351250108,21,164
304.60841780520053,1076.4167033935655,276.3942926986008,2.764440829224091,0.1376339819719905,7.0042625959319285,2456.0,0.024272111644032184,21,760
675.2592523364486,927.1003738317758,325.85047728900713,3.071241339342446,0.18370788873909136,6.943355964662955,3207.0,0.017451751284041375,21,142
363.04411764705884,1419.2699049316695,410.0234417027282,2.9925139317320175,0.06093088065353894,8.953274796539073,3525.0,0.015596074842966849,21,686
890.0415496911847,1948.7142055025267,216.94942058008286,2.420783117915879,0.09467628105333371,7.065169227200902,2513.0,0.02357288813651849,21,280
942.788293370945,1317.655994358251,431.82801569702065,3.2149158716923276,0.04893762773305654,7.978768696235501,2904.0,0.01968326517960207,21,187
676.1597674096636,1359.5074068946421,439.9285976557941,3.1347290750689747,0.05107175855086076,8.953274796539073,2874.0,0.01993565375304121,21,291
714.3063690085357,916.7799080761655,463.8039971132316,3.2412921881936088,0.04804249906574578,8.344208483849341,3071.0,0.01838741414127749,21,204
721.8432536499278,1047.7750681854645,379.6310326995105,3.038947143880884,0.05809466292317255,7.674235539890635,2621.0,0.022352805095101097,21,206
754.532875837855,1678.226300670284,381.64095153138663,3.0875355605814634,0.06930341842203509,7.308795752276795,2837.0,0.02025599030398356,21,214
774.8637281292059,1506.6653768506058,362.02901626277725,3.0138475831359086,0.1270711888149362,7.613328908621662,2680.0,0.021738155578796454,21,226
822.5754347485508,914.3169356102146,388.76702738985654,3.1449399089929466,0.04484021580987793,7.491515646083715,2694.0,0.021597236524026443,21,217
762.1502725149235,2285.459382299507,469.34650055870816,3.2474310556098844,0.0744399512817653,9.135994690345994,3216.0,0.01739318045977308,21,220
1325.4564896755162,639.5813053097345,326.4240713493415,3.011623255201161,0.08765907982134358,7.28195291911326,2559.0,0.02243293182985435,22,13
1299.2300915529452,754.3485921575401,348.39029296484847,2.948923170691911,0.07123431122153151,8.004130068116227,2490.0,0.02322369059718188,22,11
1436.6734337187415,1376.7136326969614,447.629469523673,3.2129954259882396,0.029048490799371905,8.305037213534131,3283.0,0.016527923161671843,22,23
1351.5740091382424,1215.1655509510147,566.3674291055776,3.2472902969490813,0.05211591164516371,10.832657235044518,4117.0,0.012682345627380413,22,299
1426.4922842123112,589.2430049177548,354.88988730587516,3.09081908643382,0.08594377052806174,7.221771490029679,2569.0,0.022322774888720715,22,54
1439.7052792654936,875.5219586840092,393.2856390611996,3.173339591377437,0.04557840144914814,7.402315777280421,2589.0,0.02210567499666945,22,55
1009.4849734826164,1542.3431054802593,408.5115406193455,3.1919767198528404,0.07823396083803273,7.703222922698325,2812.0,0.019943065028030196,22,84
1011.0148642322098,1182.7083333333333,514.1901300901131,3.285904381292349,0.03792946022217333,9.08739579162068,3033.0,0.01818041673572484,22,444
1051.2257731958764,2189.357388316151,525.3838758996592,3.3129445172792202,0.06573375205467177,9.689210082456487,4072.0,0.01284358684784023,22,488
1084.9058846080122,1113.6200881732796,313.9665155290403,2.8733738973808984,0.015546464010143627,7.041227202778938,2428.0,0.02398333465571568,22,30
1192.7475912778905,1545.3433062880324,474.71111261128425,3.1752601273388215,0.04615963212321863,9.14757722070426,3524.0,0.015196385988477825,22,26
1143.7303779069769,1399.703730620155,248.42893925702097,2.6352926672118344,0.021633501930687325,6.559775770110292,2307.0,0.025618759882439144,22,653
1173.1480597014925,2548.6362189054726,302.4116811449928,2.8635294646685368,0.05008519289752037,7.161590060946098,2669.0,0.021277922238496554,22,480
1827.539393939394,2263.1988980716255,327.6878813600967,3.0157224980908435,0.08573435328265007,7.101408631862518,2631.0,0.021663235346352658,22,485
1831.5459122512586,1291.4684727883002,251.01674070761493,2.300334063071319,0.10995610576687252,9.99011722787439,1560.0,0.044244656217820755,22,69
1832.3536178726242,1640.8071023674559,360.9682116433168,2.9279442650444016,0.08119807695422111,8.004130068116227,2388.0,0.02450036953923553,22,70
1864.9906432748537,1299.0940350877192,257.27560933230734,2.679443077334983,0.0876456370946677,6.920864344611776,2090.0,0.029188225297490364,22,67
2065.2890212765956,509.1974468085106,353.5658958660364,3.1601238866100494,0.05373935488733941,6.860682915528195,3015.0,0.018312241039667693,22,79
1672.6771625045242,1944.392870068766,332.56257711586676,2.96166238496541,0.13790689805267028,7.161590060946098,2862.0,0.019515001573619784,22,110
1488.2785406041585,1620.5264809729306,306.8049254680942,2.9091783975217638,0.18115067638832244,7.28195291911326,2480.0,0.023342942271243148,22,660
1491.638802889577,1539.5589955280357,349.89482869193796,3.024893849399942,0.039325505185839556,7.402315777280421,3028.0,0.018216843838013957,22,96
1524.9474193994743,1682.6258475162585,434.93118798703745,3.2292166301253933,0.09446670936618434,7.943948639032647,2867.0,0.019473203751396648,22,263
1534.6256343100345,1514.7518415452612,367.64835027159427,2.9980896411136904,0.08105456379464483,7.703222922698325,2705.0,0.020925322864191263,22,104
360.19077429983525,1418.2012081274024,547.9519118060019,3.2029811758672437,0.040893188953601105,10.471568660543035,3788.0,0.013964039157834816,22,686
441.2550475446138,937.2487951022534,462.0128310746487,3.2607573893371327,0.10542838974061369,8.485581500784873,2840.0,0.019701063967422595,22,116
454.9044860734533,466.9885383288144,488.3121155841735,3.2723323086116625,0.0582002442846317,8.24485578445055,3068.0,0.01792944980885883,22,119
473.0274773458053,663.4273604209295,411.7613377898589,3.1493098588361983,0.06605756947184442,7.823585780865486,2871.0,0.019439894187440205,22,121
471.9205430225594,2506.462966660012,301.4487782796555,2.876301167275644,0.09754025684675785,7.221771490029679,2822.0,0.01985595656099719,22,438
311.0393944920664,1080.420755061098,329.9747756652728,2.9023564859647024,0.1020907724370932,7.28195291911326,2508.0,0.023012080069593797,22,760
72.6400453129425,139.77839139054092,425.0012521882466,3.0593811603185617,0.20938887316801066,10.351205802375874,4236.0,0.012274834163112236,22,147
98.4677289229528,292.82634126663976,298.3795253963929,2.9392120245968116,0.06001223022611507,7.041227202778938,2634.0,0.021632309249833215,22,151
148.96047358834244,1922.1081967213115,330.3960456688578,2.870203689071168,0.02951706267278907,7.703222922698325,3096.0,0.017733610525284046,22,443
595.9619686800895,1677.2810187575287,349.71428440468725,3.043537689237022,0.11669242990391862,7.161590060946098,2703.0,0.02094460486009179,22,131
180.11886446886447,2206.147619047619,328.5906027963504,3.052321520853704,0.07110444864790277,6.559775770110292,2697.0,0.021002664651523326,22,158
248.31801275239107,1794.258501594049,226.52289907059762,2.558663472844536,0.17914685139034867,7.041227202778938,2890.0,0.019283217404044473,22,164
637.2581825182904,1604.7945706584521,312.58234266011794,2.885506117228076,0.12063040315461561,7.28195291911326,2946.0,0.01883578352341624,22,139
822.7406206577119,914.5408368071638,389.79511617435196,3.1385582825961746,0.013567887917343395,7.643041493614744,2613.0,0.021850664926260872,22,217
890.060606060606,1949.0177638453501,172.78088289896007,2.3378073244030912,0.05280575574030423,6.319050053775969,2398.0,0.024369032093351263,22,280
954.0275257108287,1308.8830913490624,397.91960910063534,3.1080316695690478,0.03537123787604963,7.703222922698325,2812.0,0.019943065028030196,22,187
662.1637616538305,790.1252533441427,445.4027566475805,3.196932220882318,0.06782718258152615,8.18467435536697,2770.0,0.020317423337144855,22,726
675.4901112484549,1362.1073856613102,389.49420902893405,3.1170758618144907,0.05948725546429776,7.943948639032647,2810.0,0.019960578517147474,22,291
675.7511482254697,927.8979123173277,288.2690453103514,2.8587849441666187,0.14612004281453517,7.161590060946098,3116.0,0.017596324360698242,22,142
714.6970331158439,916.8056136895236,488.8537484459257,3.2855785591054847,0.09212164197471061,8.786488646202777,3091.0,0.01776826744053298,22,204
721.6826610279766,1047.0878334417696,369.9954260058539,3.0859778995671348,0.15225575119549403,7.5226786354475825,2597.0,0.022020012843373633,22,206
774.7716729725283,1507.1763447935516,365.84290739908687,2.994374283259871,0.06304670544434246,8.004130068116227,2694.0,0.021031815423884374,22,226
762.1819955406912,2285.04974916388,431.86193510377484,3.0953132839067425,0.061863828854761375,8.666125788035615,3442.0,0.015624680962812157,22,220
755.1911227916485,1677.1835304424003,412.18260779344394,3.1638932456929747,0.06312757812809931,7.582860064531164,2843.0,0.019675483175000206,22,214
1300.0036328871893,753.7455066921606,343.50589199614154,2.9405193282299766,0.05557389501747578,7.815908441212399,2489.0,0.023654672615466207,23,11
1325.508996937213,639.5740811638591,343.1118125789376,3.104238075207036,0.04164838371014355,7.2247893154064196,2552.0,0.02291625888866175,23,13
1352.0950056753688,1215.74494892168,578.6399442611869,3.3166932371734226,0.024658446781223874,9.983345235834324,4235.0,0.012495752804524354,23,299
1378.0656175771971,1369.0112826603327,221.20991285717108,2.632193796156082,0.2536387579912994,6.502310383865777,2235.0,0.027186528404938567,23,23
1010.8343512401844,1182.5067929702107,526.9498607045973,3.225788056864562,0.014562466596768391,9.917665332966994,3188.0,0.01742499756346406,23,444
1190.2918281381635,2546.740353833193,389.81022351761,3.160332274341734,0.044112316501954615,7.421829024008413,2904.0,0.01951290664470114,23,480
1426.1362184605557,589.6347812200574,411.28755175522724,3.3144091793621646,0.0032979438360395703,6.8963898010697635,2615.0,0.022222550848073667,23,54
1009.9507165837964,1542.8770108218778,449.11917580680995,3.246840208055848,0.05915169837738736,7.88158834407973,2949.0,0.01914933769232621,23,84
1051.297300511357,2189.942799381615,552.3023032113871,3.335574225949007,0.033681092769396376,9.523585915763007,4307.0,0.012257307619152388,23,488
1085.0956583127427,1114.1230144722908,372.1423296462979,2.9780050273323586,0.046975230425276945,7.487508926875743,2583.0,0.02256957996404462,23,30
1192.841067285383,1546.100928074246,509.5446864447546,3.227955358719518,0.06016629458212706,9.65494572149767,3677.0,0.014714096143864142,23,26
1143.675023430178,1400.1783036551078,280.32182543776906,2.7297864079772127,0.07309524701436668,7.29046921827375,2405.0,0.024716571096412374,23,653
1439.8228714524207,874.8415692821369,393.4226181753132,3.169343975555875,0.12918287784563473,7.553188829743075,2686.0,0.021489429781401132,23,55
1828.4321670831846,2264.0267761513746,367.9388158627887,3.0899579377594213,0.0423424673839444,7.356149121141081,2650.0,0.021855005089613178,23,485
1831.5253306713253,1291.449713002246,263.17937078939565,2.3417202237221186,0.12068766770825368,10.443104555905641,1585.0,0.04399755301925736,23,69
1832.6241904761905,1640.888,344.8194900534882,2.9167823106325654,0.08505973264265228,7.487508926875743,2375.0,0.025119302600603452,23,70
1865.1644392794888,1299.402091807089,226.0702256693536,2.5666026489245644,0.2264408061434585,6.962069703937095,2099.0,0.029548807290314835,23,67
2065.1061114842178,508.6188717259906,391.1895014778239,3.226974538833246,0.040170324027212094,6.8963898010697635,2772.0,0.02066371456580022,23,79
1673.8257590043372,1943.8127475014144,348.3005249054567,2.915395096506592,0.09580213489542973,7.618868732610406,2872.0,0.019779958669564092,23,110
1487.5427716849451,1619.5086739780659,329.38471287966536,3.0371577204589113,0.12024162408488571,7.093429509671757,2511.0,0.023391466711274532,23,660
1492.9039852689727,1539.8782059713271,499.3643015003182,3.2811603764151696,0.023466640342949884,8.669747178487704,3390.0,0.016192630581912372,23,96
1525.0924479166667,1689.5936053240741,453.97948861899243,3.302066903218851,0.07092445782301572,7.618868732610406,2892.0,0.019612201813115834,23,263
1534.7768759018759,1514.7258297258297,364.1293814964835,3.0024340774795357,0.07361724578164205,7.618868732610406,2691.0,0.021439620469802436,23,104
441.38897637795276,937.8214745884037,458.7741215283076,3.2539387508704904,0.08669247516333135,8.078628052681724,2871.0,0.01978842187905004,23,116
454.9183023872679,467.59615384615387,495.2264676196764,3.292806241535794,0.0381620017857935,8.801106984222365,3087.0,0.018114307247668333,23,119
474.0241823242867,663.2065066109951,377.52808168141905,3.0378040268420152,0.08299167430927706,7.947268246947061,2840.0,0.020054421826371266,23,121
472.87733990147785,2506.7806239737274,399.9906084620463,3.234486784932775,0.10749993708766813,7.2247893154064196,2931.0,0.019293127281473168,23,438
596.4238730895725,1677.1195589088798,339.4994179212344,3.006248731794387,0.10868869880831898,7.553188829743075,2744.0,0.020925497156182124,23,131
637.4851245816288,1604.5464856824099,353.22651762050657,3.0848904199238416,0.1395072254493924,7.487508926875743,2945.0,0.019181105403930657,23,139
658.9675032175032,793.9784427284427,408.26627622333,3.083876782605947,0.01583379227087497,8.078628052681724,2754.0,0.020831245374227723,23,726
675.860746078847,927.488554472234,309.87778172806804,2.91573038525945,0.10035968552813143,7.159109412539088,3141.0,0.01773912165564525,23,142
362.7786048745348,1416.6740304958578,547.0479109820006,3.186352064120943,0.05904401201630404,10.574464361640304,3838.0,0.013997132569417705,23,686
71.3007506788053,140.82766331256988,411.2218718523599,3.1366676451781275,0.3137268521839102,9.65494572149767,4195.0,0.012632274769519392,23,147
98.33148189291269,292.622306154188,295.6252428058572,2.812357281179813,0.01984891948471565,7.159109412539088,2623.0,0.022137454655199458,23,151
149.5389037945573,1922.9128018397853,342.7177331617336,3.0305395856424067,0.11665411978170306,7.750228538345068,3103.0,0.018001496914153498,23,443
679.0724701723376,1361.222271321255,445.9008605663107,3.1342758929931716,0.03014759708127154,8.604067275620372,2933.0,0.01927704411279895,23,291
180.47442872687705,2206.59042437432,301.7991536753863,2.8667164338452356,0.07367601129052258,7.421829024008413,2695.0,0.0213999389616832,23,158
247.00828347906122,1799.5506212609296,285.44485786142087,2.9722988603800387,0.2983683532276403,6.8963898010697635,3446.0,0.015881252009814186,23,164
310.2752808988764,1080.3785354513755,339.03965860116307,2.9440409279873254,0.11085569662807225,7.421829024008413,2545.0,0.02299602033015932,23,760
890.296706879687,1948.7375285295077,201.44026209410444,2.450354804861903,0.12018533273448528,6.63367018960044,2463.0,0.02397347371246006,23,280
953.6523055011572,1309.261527505786,368.9240144057987,3.077944189038353,0.016703211574117558,7.356149121141081,2795.0,0.02045352893136104,23,187
822.6781076066791,914.5715831787261,424.81761174589747,3.2415391032001692,0.02688599667364039,7.487508926875743,2687.0,0.021479449412669598,23,217
714.3879635449402,917.2165304839723,417.98690184769504,3.214786508332182,0.0784333071031343,7.947268246947061,3460.0,0.01580526957067854,23,204
722.4242835340003,1047.7554688824825,387.3143872086514,3.0847230611925296,0.08214945178806568,8.144307955549055,2644.0,0.021917147019065074,23,206
755.4300411522634,1678.6457475994514,383.0451935222749,3.1283692399569647,0.06587961374404945,7.487508926875743,2839.0,0.02006312158495267,23,214
762.4502212389381,2285.4810366624524,415.6224253444711,3.1130460365677437,0.07261335619129963,8.407027567018378,3265.0,0.01693373380111678,23,220
775.0972338642079,1506.9932942162616,391.7806206036299,3.027396558853817,0.040953703007731275,7.947268246947061,2735.0,0.021011055963963125,23,226
1300.029492928596,753.7614694722319,362.1135948077702,3.0422459523570136,0.08256356769442727,7.619499580294578,2527.0,0.023000564666740025,24,11
1378.2076005025126,1369.2430904522614,198.85644806276997,2.477600658929043,0.2047214763494736,6.183036544665272,2184.0,0.027781030965038297,24,23
1351.7352199188329,1215.2006142371395,569.4014563405383,3.3228033745763987,0.021401707787571528,10.180151078590297,4092.0,0.012884524830253472,24,299
1426.544365284974,589.4849417098445,385.7215525237649,3.244939264303038,0.03621741835140572,7.244770092739107,2595.0,0.02224180079880817,24,54
1439.2595588235295,875.2842647058824,424.69341922953384,3.172167564745521,0.036719492716893266,7.806864324072314,2705.0,0.021115010207958012,24,55
1325.723455178416,639.5950826805919,287.0427874674908,2.837336546324833,0.1374237837230382,7.432134836516843,2533.0,0.022931538742543434,24,13
1212.1452031114952,2547.0710890233363,289.04134473445333,2.847044290617876,0.03655435594679803,6.620220946813322,2682.0,0.02134107067467086,24,480
1010.0111718275652,1182.9701275045538,514.316221669884,3.275527924097457,0.10411788350178372,9.118417530516462,3354.0,0.01625607618035185,24,444
1010.0457007917767,1542.1655785525768,449.6129301519727,3.1656801430596624,0.09595364673289201,8.431413469998098,3025.0,0.01840284834240227,24,84
1051.7811716434921,2189.9434693412354,547.9794206352839,3.347477778363213,0.043298462627930724,9.305782274294199,4317.0,0.012118257374355255,24,488
1084.7516455289774,1113.8802375983305,389.03166299717157,3.051887135970917,0.032265206665576085,7.619499580294578,2616.0,0.02201749196769764,24,30
1142.126588348118,1398.634619995205,260.49944876564496,2.7122001639041606,0.025688484319827006,6.620220946813322,2362.0,0.025076316702859463,24,653
1192.5087256748275,1546.2335216572505,497.45339472988786,3.2212804650130904,0.04333197664796519,9.555601932664512,3687.0,0.014539374025223291,24,26
1827.7929301680817,2264.2079362328886,360.4273121137706,3.101723658737576,0.06498299239644106,6.932495519776214,2637.0,0.02179766227895248,24,485
1831.4453461831092,1291.668019274664,246.25972823853706,2.2624525081783746,0.09993057138726175,9.742966676442247,1550.0,0.04511174959759935,24,69
1832.3545831082297,1641.0653700702323,346.8121407325885,2.906862041719147,0.09718275783480618,7.806864324072314,2372.0,0.024939906188722587,24,70
1863.3487261146497,1299.241507430998,235.33011818483584,2.570451066185039,0.09479957381973318,6.557766032220743,2102.0,0.029233589488602954,24,67
2065.90576448381,507.6368520400755,430.1269967990882,3.398596384314577,0.012266970344652347,7.11986026355395,2827.0,0.019991723433356166,24,79
1674.362697988966,1945.8706175476063,350.93416509569863,2.94165244308782,0.02910682683669751,7.7444094094797356,2905.0,0.019334128113089908,24,110
1487.40733197556,1618.958587915818,275.98826758460444,2.7631886628190534,0.12164313765654654,7.307225007331685,2453.0,0.023887369029178932,24,660
1492.852322350139,1539.8520576948524,471.9717895761158,3.188738952457654,0.048717683691574816,8.993507701331305,3334.0,0.016372178656110264,24,96
1524.8811359547674,1689.1497044461578,486.024145359446,3.3480144443549453,0.048252388564189425,8.181593811627785,2958.0,0.018911445416624532,24,263
1534.4922970399862,1514.617275402458,360.80204160132604,3.007462877290898,0.08341416135620067,7.869319238664892,2709.0,0.02107618332392147,24,104
363.0328138718174,1416.7118086040387,569.0891817675754,3.175040527763571,0.058714548251132426,11.36679445584929,3865.0,0.013762497077051091,24,686
441.26618899553876,937.8330404217926,461.97900324130325,3.208242729920352,0.07525634802440366,8.80614295755357,2881.0,0.01953181033610768,24,116
454.5452827642057,467.6331488729923,462.7284622164142,3.2115327341258713,0.016142831378938453,8.993507701331305,3091.0,0.017927898602694142,24,119
468.9611369841015,2505.682190460896,388.9067531679864,3.120537604031151,0.06278577217257697,7.557044665702,2888.0,0.019473736687027884,24,438
595.3086082373609,1677.7958227601016,319.9565274577797,2.986958444565442,0.1259536835525777,6.994950434368793,2665.0,0.02151129474085592,24,131
473.2144140905823,663.5957943925233,347.49914479310684,2.972374603512975,0.1309817907035051,7.869319238664892,2861.0,0.019699660012823153,24,121
309.97993129632977,1080.3905261254747,345.43813261155174,2.9782857860027687,0.06586891106816803,7.307225007331685,2533.0,0.022931538742543434,24,760
72.0063752276867,140.41621129326046,411.45297733590724,3.0140835180120527,0.22689412729124744,9.742966676442247,4259.0,0.012306929244142895,24,147
98.03164282618118,292.9707412223667,288.16697593015726,2.8374928034486513,0.04628079994638029,7.244770092739107,2609.0,0.022091757180831458,24,151
149.01931212065477,1922.8933235240022,339.56737063984934,2.906076792655603,0.17949823519956307,8.056683982442628,3132.0,0.017645004238807133,24,443
180.25071809601968,2206.6027903159625,304.40525372422763,2.9242944008985816,0.07003973583812058,6.870040605183636,2674.0,0.021420839272428764,24,158
253.6335493160547,1797.5598752099831,260.24962910727464,2.7593243539549266,0.11157210706433501,6.745130775998479,3063.0,0.018126365202096074,24,164
637.0640553992642,1604.945466349275,288.6041603323053,2.824445795002475,0.15589342280478777,7.244770092739107,2933.0,0.019108497282373734,24,139
658.7371577976007,795.1939403260535,406.08185468094547,3.084326976934507,0.042722698716759794,8.056683982442628,2725.0,0.020922293281338045,24,726
675.305928853755,927.4867588932806,316.02186783844724,2.9854389710396645,0.17324204469642654,6.994950434368793,3163.0,0.017436965764642823,24,142
890.3221594918842,1949.3997882851095,176.9972279553675,2.291403344508892,0.18397295476859926,6.557766032220743,2453.0,0.023887369029178932,24,280
948.0058881256133,1311.7271835132483,445.4909057888625,3.2306102895774216,0.06376927552904792,7.994229067850049,2962.0,0.01888029364548308,24,187
822.574748257165,914.8754453911696,403.1464736950943,3.091529117613216,0.061451732165775645,8.36895855540552,2713.0,0.021037498969764253,24,217
676.5158995208363,1361.2966458545086,430.1269967990882,3.1595214618002827,0.08205652023717813,8.181593811627785,2851.0,0.019784671351586423,24,291
713.5647700508243,917.8594272963927,503.8237960183308,3.204914411536342,0.07037786678337002,9.992786334812562,3336.0,0.01636049383243263,24,204
721.5793991416309,1047.2426543413667,378.3518726018406,3.050201731715427,0.09749500918172693,7.7444094094797356,2647.0,0.02169451703911572,24,206
755.9939138576779,1677.614856429463,400.2110927092431,3.140116373075118,0.0532004430330948,7.869319238664892,2835.0,0.019922226222786547,24,214
762.1671309192201,2285.4385793871866,448.42628677471373,3.1810064804102893,0.04227347482305264,8.80614295755357,3217.0,0.01708605573802196,24,220
774.7472474093264,1506.864475388601,385.7215525237649,3.0654560387303875,0.08094686554467148,7.806864324072314,2718.0,0.02098934276682182,24,226
1300.005476864967,753.6003777148253,364.9960280561023,2.9658745268739177,0.03147667316959906,7.927203631057935,2553.0,0.022262326156398334,25,11
1325.457937088515,639.5523043160205,376.921299605433,3.1753208916862596,0.03367378562017545,7.0310849597209515,2632.0,0.021424514999680698,25,13
1351.958872983413,1215.3064076346284,606.7412727006256,3.2783987257430143,0.010856044600007567,10.891288467018729,4227.0,0.012174283457782578,25,299
1378.5466666666666,1368.984126984127,217.13644728549997,2.6215226400664466,0.1250466800911052,6.203898493871428,2273.0,0.02584438084696709,25,23
1213.132233273056,2546.2624321880653,304.9560770765244,2.8941544877416288,0.1343358992746297,6.962152754233491,2788.0,0.019942499660822507,25,480
1426.5491689750693,589.3331024930748,398.15241889557075,3.2344342777297097,0.06018383639094267,7.237881576183332,2597.0,0.021787785083378763,25,54
1010.4018357187306,1541.8699439950217,443.09621687339484,3.177369221718861,0.030959678333111456,8.409729069470158,3033.0,0.017988282248252194,25,84
1010.7409036385446,1182.6222844195654,517.1983377724147,3.3067042428204663,0.0538644140298947,9.0301189188573,3322.0,0.016124437951572177,25,444
1051.3183442158434,2189.9066157447332,559.5227119417153,3.365098532882929,0.04096608192975668,9.650508768244443,4315.0,0.01189102500316946,25,488
1085.3291070458251,1114.2307552979532,380.57470649626833,3.080311239763985,0.032197240824859134,7.858271425570475,2599.0,0.02176669525318971,25,30
1144.0271805273833,1398.4531440162273,339.8357730531793,2.978557582762783,0.03932518967728257,7.306813781670792,2416.0,0.023881886947158544,25,653
1192.7080589939426,1545.980905978404,523.4711684717736,3.2345335066328627,0.028053229290620006,9.719440973731903,3740.0,0.014022904315677725,25,26
1439.3747088186356,875.2276206322796,414.2825549796364,3.2568882589747514,0.03849374975973416,7.100017165208412,2653.0,0.021212309924982502,25,55
1828.7028438769587,2263.7475333720254,356.3105701646823,3.210635980774633,0.04484673686157415,6.5485595213087295,2648.0,0.021262452754521325,25,485
1831.4538185828508,1291.6195202646816,250.01710930301854,2.2494676636444875,0.03677826484359183,10.408763028606506,1584.0,0.04278403908631293,25,69
1832.5040665784,1640.9540382069226,364.44457041220267,2.950092406217194,0.08614209818150492,8.065068042032856,2404.0,0.024035042336348778,25,70
1859.8598474888247,1302.7899027083881,262.14917746881156,2.7116677997338825,0.08979533937942777,6.68642393228365,2124.0,0.028264466278589792,25,67
2065.1219333577446,508.4672281215672,376.5077063725082,3.1810381996808266,0.06928154494764943,7.720407014595555,2757.0,0.020220451559308593,25,79
1487.178537511871,1619.2689458689458,362.92806189147854,3.1100120158676887,0.0737106982061226,7.100017165208412,2527.0,0.02255257976256534,25,660
1491.9961195745905,1538.8114400689853,479.6302857817488,3.255680246285477,0.09732712249814994,8.616525685932539,3391.0,0.015735175271389686,25,96
1524.5573134328358,1689.7055223880598,461.84577676598406,3.277899764433263,0.04579563140014608,8.202932453007776,2963.0,0.018506422968899934,25,263
1534.6236389181595,1514.6789603090972,392.499978045599,3.1660241893492826,0.09920673941534251,7.789339220083015,2756.0,0.020229546806589747,25,104
1675.2033239801424,1944.4705374487373,319.3629080234036,2.9134207936573757,0.1619113825537174,7.996135836545395,2811.0,0.019741165381815334,25,110
441.2106555010107,937.3218307825584,477.42445520615007,3.2568814727465125,0.06935258748606987,8.478661274957618,2889.0,0.019087647750525065,25,116
455.0088192707648,467.0752928787679,523.677965088236,3.3829162981080785,0.024383552697798832,8.478661274957618,3151.0,0.01717756251151897,25,119
470.5598778004073,2505.6877800407333,338.4571289434301,3.0536279381289044,0.08002489235263505,7.168949370695872,2865.0,0.019284074194698953,25,438
473.9597304128054,663.8643639427128,409.11263956807693,3.107400737414023,0.09362651373865132,7.858271425570475,2918.0,0.018855573126843377,25,121
595.4832839610665,1677.8218366483284,325.7736031337374,3.019053613768723,0.18024241345185743,7.237881576183332,2755.0,0.020238650239716702,25,131
605.8252615265401,1211.8047268500582,177.91402236313505,2.248853511338416,0.1887061921652405,6.75535613777111,2825.0,0.019620592277317155,25,932
363.3644593253968,1413.673611111111,555.8693050508799,3.274688734753856,0.08105005155085539,10.270898617631586,3879.0,0.013440395725315257,25,686
72.05801785164667,140.79162819329025,447.92147125751706,3.0112388229763,0.20131316990754666,10.891288467018729,4321.0,0.011872191160806303,25,147
98.09893772130806,292.5305144761508,330.9435185452969,3.08354138169314,0.03683900635754685,7.168949370695872,2670.0,0.021043579265887125,25,151
180.08461989446943,2205.5540355677153,352.7260954793344,3.1048072442960044,0.03886943531957759,7.100017165208412,2741.0,0.020366964045131757,25,158
254.32648615001557,1796.0530656707128,442.95835246241995,3.176100253913113,0.09766201757622764,8.340796863982698,2959.0,0.01853693407050116,25,164
310.58369694565647,1080.1275287584292,347.55618006777485,3.1517862309894715,0.1299011863832591,6.68642393228365,2521.0,0.022620639436294596,25,760
149.07222029788707,1922.939729823346,398.0145544845958,3.0490448912527124,0.09668743817236385,8.202932453007776,3194.0,0.01690000415186893,25,443
660.1035087719298,793.8638596491228,392.91357127852376,3.067429348333478,0.040971220900358804,8.134000247520316,2699.0,0.020761856911439874,25,726
822.2792523951625,914.6752002512958,438.8913523386598,3.1833653550148338,0.01802697380190797,8.409729069470158,2746.0,0.02032095133175999,25,217
890.779655288949,1949.0378506252111,203.97039603739503,2.470371917604229,0.05547430734782126,6.4796273158212685,2491.0,0.02296719396445821,25,280
950.361262601223,1304.5813915055362,417.1087754046223,3.1891559360120603,0.09441585556284339,7.996135836545395,2980.0,0.018377863539759415,25,187
637.521129707113,1605.0353556485356,329.4959422300603,2.8972646167401117,0.06826822802947673,7.375745987158253,3051.0,0.01785970210163052,25,139
675.0666232638889,927.9375,317.6396028862171,2.8994656476093428,0.07494340086433142,7.306813781670792,3183.0,0.016970150115888885,25,142
678.6984825493172,1364.1273141122913,454.2632341623634,3.102595711939451,0.09561074396412574,9.0301189188573,2954.0,0.018575214716660945,25,291
714.1611632838534,916.742956679794,455.09042062821294,3.178450044192808,0.02843118506171816,8.409729069470158,3270.0,0.01643076347233103,25,204
721.771223814774,1047.305953693495,375.12906226275896,2.9879704916462804,0.12063327980241983,8.134000247520316,2657.0,0.021172365621940085,25,206
775.122869955157,1507.4313901345292,384.2970455925912,3.0847811007366284,0.020191445431682657,8.065068042032856,2755.0,0.020238650239716702,25,226
762.4890277354465,2285.7450472416945,452.3331324087145,3.2057837855937223,0.049844921776167006,8.685457891419999,3274.0,0.016406787358479398,25,220
756.1828085106383,1677.788255319149,404.9767072388293,3.0984965468858974,0.029279314853423756,7.858271425570475,2888.0,0.019095752259192918,25,214
1192.9826169782116,1546.0273842124063,545.1187023657212,3.316858122276248,0.05569737283654067,9.735421520997521,3741.0,0.0142943294209536,26,26
1213.3,2546.5472837022135,322.5669663957179,2.9934536220768733,0.09012861715416667,6.749892254558281,2756.0,0.020631148500304973,26,480
1300.2090753424657,753.688698630137,379.0324112175035,3.0438856295904744,0.05258289935440836,7.918142837077984,2559.0,0.022638305952147,26,11
1324.9738636363636,639.6011363636363,342.68683753911273,3.047104934991325,0.08600112670838395,7.1393091153981825,2619.0,0.021986819378299504,26,13
1351.0514028699936,1391.08095952024,303.03122054358283,2.5452848658235077,0.1109921242125313,9.54071309057757,2493.0,0.023401035955260777,26,23
1352.4325526932084,1215.2700234192037,554.2699985954589,3.2231597512691494,0.03991609321096117,10.708963673097273,4093.0,0.012880529208509779,26,299
1010.8915880066629,1542.7093281510272,467.559844248441,3.2032526154139918,0.04846800028961558,8.95658779931772,2973.0,0.018795517773316485,26,84
1010.765385059462,1182.776007389447,562.1232386223969,3.295373278995256,0.05523273103878064,10.44935243253734,3268.0,0.016767413540281887,26,444
1052.0671256454389,2189.7006392918615,527.9194576786256,3.252601992204873,0.05311811457514315,9.15129622973767,4256.0,0.012316431801402057,26,488
1085.014656895403,1113.9332111925382,389.67647208046077,3.05716685084367,0.09092770455558864,7.853240026938001,2617.0,0.022007930898346902,26,30
1143.0513628778046,1397.323382162062,350.0208550849309,3.0091953765731168,0.05576459279753519,7.26911473567815,2428.0,0.02420416710220595,26,653
1827.5281806879402,2263.7963116452547,313.22096173556025,3.025790509198093,0.09149631438334074,6.555183824138331,2530.0,0.022967232153138974,26,485
1831.5265131226568,1291.6877343331548,242.3470930626983,2.263092006784745,0.0926038613044398,9.34600466015762,1541.0,0.04552568667441604,26,69
1832.836750483559,1641.0526112185687,335.5475284237146,2.9084017558952184,0.10786940029995701,7.983045647217968,2361.0,0.025091823854982213,26,70
1856.2473452473453,1309.034447034447,250.5897499504762,2.6637513201444114,0.08456387117458897,6.490281013998348,2114.0,0.029014601371603287,26,67
2064.0001688903903,508.5732139841243,384.28953883884213,3.1735799226454033,0.02092494338648457,7.398920355958116,2758.0,0.020612594654218948,26,79
1673.7095314164005,1944.4022896698616,243.77495488577793,2.587345299249906,0.06646180399634055,7.1393091153981825,2804.0,0.020194880050873762,26,110
1426.5198281559815,589.8458360872439,392.79180696718,3.2330446424813863,0.080342506520417,7.26911473567815,2595.0,0.02224286196317458,26,54
1440.1174389216512,875.6761583824768,385.1981781808019,3.0494105663262046,0.017406755285442513,7.983045647217968,2693.0,0.021233190937969333,26,55
1487.5579281183932,1618.93044397463,306.99029196212183,2.8938222454326175,0.12451489475442384,7.074406305258199,2483.0,0.0235211076774733,26,660
1492.1321753515301,1539.9401157981804,392.3374872962001,3.132132885152929,0.09492219290920863,7.463823166098099,3271.0,0.016749034408532374,26,96
1525.5517780938833,1689.6910384068278,456.26675528408384,3.30736924501965,0.048786408617486045,7.788337216798017,2932.0,0.019116886188620407,26,263
1534.6778162911612,1514.6776429809358,374.4892145077047,3.089564253908545,0.057694998384860356,7.528725976238083,2697.0,0.021193923325061145,26,104
362.4350232059979,1414.1910032131382,363.58554240418744,2.9226308005193258,0.08785428456257999,8.307559697917885,3261.0,0.016810455444967152,26,686
441.28587242285874,937.8036529680365,469.0526088816606,3.2553135879620974,0.06873266020726516,8.242656887777901,2872.0,0.019607498545398016,26,116
454.95330584009577,467.4742583477451,487.8744238222558,3.3229962549907355,0.03440546889322968,8.437365318197852,3066.0,0.018105139670748095,26,119
469.7993893129771,2504.4986259541984,425.1134064168918,3.2770774542603314,0.06849500182449156,7.463823166098099,3018.0,0.01845500850046058,26,438
474.10776493569915,662.9033045743122,398.6979626899185,3.0999939611248046,0.022334901309913106,7.723434406658034,2918.0,0.019229153479283494,26,121
596.813991433816,1676.9153579441158,318.218478116339,3.020056688641895,0.18161504913346416,6.879697874838248,2744.0,0.02074317681593458,26,131
310.21077467558,1080.2581596539521,330.095692371956,2.9401889346254175,0.11385847492059914,7.1393091153981825,2525.0,0.02302491205736561,26,760
72.74347158218126,140.16559139784945,422.51729401129245,3.089748174010601,0.27613725444171167,9.865227141277488,4237.0,0.012379628443558378,26,147
98.896628216504,292.52218278615794,292.5818681110455,2.9625734035211866,0.16686099273687507,6.620086634278315,2566.0,0.02256031664863283,26,151
149.2701780977643,1922.9759378552483,342.55703191883276,2.8924448501336717,0.07503139163737554,7.853240026938001,3177.0,0.017344742317902544,26,443
180.271546635183,2205.999409681228,329.83608113139604,3.0093975857638187,0.010771920943955222,7.1393091153981825,2700.0,0.021164567796562183,26,158
254.38159490600364,1796.2207398423286,428.098935683331,3.18770473723857,0.06460888452634703,8.112851267497934,2902.0,0.019359084499882644,26,164
603.4182892906815,1213.6613351877609,186.66048196259248,2.3506132126874126,0.14375015136889494,6.684989444418298,2743.0,0.02075256745155751,26,932
822.8295081967213,914.9680327868853,395.9071418538992,3.0241378665771133,0.07504406461229378,8.567170938477819,2713.0,0.02103829460001173,26,217
890.4047399199753,1949.3554939981532,210.86923014480632,2.5099984733269096,0.05305886871114375,6.490281013998348,2465.0,0.023740370832794858,26,280
947.9109831709477,1311.7508119279598,439.65163588824805,3.1693887574665123,0.030124176180813134,8.177754077637918,2982.0,0.018726414388763105,26,187
637.3130767499438,1604.5975692099933,288.3631854519466,2.892943131827568,0.09413540565289026,6.749892254558281,2884.0,0.019507371803411073,26,139
660.7412901000345,792.4946533287341,376.3064931916242,3.066526935141152,0.06284952986739356,7.853240026938001,2686.0,0.021302260528740433,26,726
675.5732533889468,927.7197601668405,248.96717969697661,2.7336584324752735,0.05036246839005047,6.555183824138331,3085.0,0.01797028736136613,26,142
678.7236033519553,1360.9143854748604,464.7041206022817,3.1999476252697128,0.07412702892196736,8.696976558757786,2945.0,0.019013805469624775,26,291
714.8831912457056,916.9506298511261,510.07118489013016,3.3032274931859305,0.07436011953110924,9.086393419597687,3131.0,0.017651974612074628,26,204
722.1054469273743,1047.3828561452515,371.76329648182536,3.036124450014797,0.06316126782151846,7.463823166098099,2620.0,0.021976278799710126,26,206
756.0547169811321,1678.077358490566,412.7818724902949,3.1999410371926285,0.10538616273687011,7.5936287863780665,2842.0,0.019862370714730307,26,214
762.7338026145669,2285.693291193794,451.788461384425,3.19094934713127,0.08592989251006981,8.567170938477819,3282.0,0.016681987595411674,26,220
775.0352357320099,1507.0428453267164,392.3374872962001,3.136856333851217,0.10720183949430497,7.463823166098099,2717.0,0.020999743887651003,26,226
1213.3222772277227,2546.6799504950495,251.01692776488088,2.633326022465517,0.04679754553718178,7.083150931979312,2610.0,0.02140961118522979,27,480
1325.8230753605526,639.5453991468617,305.88028103626453,3.0168798595467567,0.04524687607947848,6.834619320330916,2505.0,0.022548734762977075,27,13
1351.9461772322936,1215.317531809481,551.8023107623533,3.2306172379078517,0.03556484860549938,10.624726397968969,4027.0,0.012730506852444465,27,299
1366.9779744346115,1432.5826941986234,315.9458113080246,2.5905053170073713,0.07632872321359664,9.382068339726983,2472.0,0.02293220576791672,27,23
1426.3552672227372,589.8813716404078,402.24841345293044,3.302342808666289,0.04069676848117199,6.648220611594618,2569.0,0.02184043986024239,27,54
1193.091036414566,1545.521645021645,487.99181947162737,3.1902975522850716,0.03594218758374917,9.63059995137538,3490.0,0.015041267729172473,27,26
1297.689380911436,753.1754084264833,289.0422643470856,2.7734383799030975,0.09335579777349386,7.393815446539809,2417.0,0.02360115373290802,27,11
1010.7515296940612,1182.7884823035392,517.8777457723471,3.256814184486666,0.05048399088835356,9.382068339726983,3080.0,0.01746113374742866,27,444
1010.6398563173512,1542.9067624550992,397.83697734617135,3.1347228879033353,0.08421670991124192,7.766612864012403,2805.0,0.019573254585454437,27,84
1052.2197802197802,2189.614730507588,474.94390986008653,3.1919451541474357,0.045541895032640306,9.195669630990686,3972.0,0.012934020011947702,27,488
1085.4494746895894,1114.1579751671443,325.2657467448395,2.9312726112217793,0.019918827068194044,7.331682543627709,2465.0,0.023015230941202818,27,30
1143.4970322580646,1399.8113548387096,240.76499878438452,2.607878881018924,0.0511590398610689,6.586087708682518,2275.0,0.025523407957077193,27,653
1831.7980961923847,1291.885771543086,248.03454842510013,2.1994716071596385,0.07276378361947648,10.189796077584274,1575.0,0.042645741697750386,27,69
1832.793965363328,1641.1796107837886,348.0063892106678,2.8932689431932954,0.06534738945030522,7.953011572748701,2387.0,0.023982749941810183,27,70
1834.7313963210702,2262.6028428093646,297.24380753148273,2.938009188772397,0.10819945453739348,6.710353514506717,2558.0,0.0219589941004346,27,485
1847.235745614035,1319.766447368421,226.660829823338,2.524116138512995,0.01020602891863228,6.39968899994622,2091.0,0.028534913207617116,27,67
2062.5691699604745,508.4085968379447,377.2709864822665,3.2107824353523746,0.07552682542415509,7.083150931979312,2689.0,0.02062565080309187,27,79
1675.0423061786698,1944.4242424242425,315.7594125992883,2.89332170829207,0.10737669114450402,7.331682543627709,2788.0,0.019720718337632098,27,110
1487.8910587784799,1619.7359754930117,324.52015190989425,2.88903861720903,0.1381712957414179,7.393815446539809,2492.0,0.022698257983243694,27,660
1492.0736631905925,1539.9116929221211,280.0329934248312,2.7341328758217314,0.09128420827181852,6.9588851261551135,3093.0,0.017372514296963893,27,96
1525.9492207792207,1689.8172727272727,478.4233524231641,3.267748738532664,0.042140724453279536,8.325808990221297,2933.0,0.0185299801800696,27,263
1440.1619246238643,875.2437062416208,417.0981772489221,3.1757919799376246,0.010954872715784632,7.518081252364007,2718.0,0.0203520829225533,27,55
1534.6072263167355,1514.6167535502427,345.645338900008,2.945578649264714,0.02149691788909484,7.580214155276106,2728.0,0.020259424149755064,27,104
359.8979943273906,1423.9612034035656,613.3760175482436,3.2133420703280304,0.0938367047972613,11.743118650386755,4014.0,0.012778029817368738,27,686
441.5487026219264,937.7198750169814,457.36029833596245,3.2122532350909694,0.06561726659984987,8.698606407693893,2890.0,0.0188678238665639,27,116
455.041814837523,467.7280196198651,506.6938232481692,3.313887690427978,0.01601983479333069,8.82287221351809,3088.0,0.017406492039527086,27,119
471.03729328383395,2505.788052649342,368.19958265710005,3.078810689464234,0.09901697072612078,6.9588851261551135,2932.0,0.018537699541528955,27,438
474.6765472312704,664.0079804560261,381.4960238802893,3.01621567585233,0.03315278973197034,8.0772773785729,2887.0,0.01889185466759964,27,121
310.5284342688331,1080.6789143279173,336.51180217192945,3.0457188395567183,0.08112958007112572,7.083150931979312,2539.0,0.022166829831744336,27,760
98.80641733956651,292.4589885252869,292.39744110433895,2.9260978194156086,0.1046632317006772,6.648220611594618,2575.0,0.021776311882820264,27,151
149.3860571028201,1923.1327728148538,354.7167427251745,2.9214028308181703,0.07490304860755591,8.325808990221297,3119.0,0.017197946869358088,27,443
180.64298758217677,2205.857742878013,340.2397763466554,3.1296550427535266,0.06999691188939557,6.586087708682518,2679.0,0.02072169775329588,27,158
254.1605259553486,1795.8746747020955,453.63232416123645,3.252994785103099,0.08836107146021746,8.0151444756608,2955.0,0.018361765975168233,27,164
595.6148753894081,1678.6109813084113,319.11458935654167,2.8870885635587586,0.12812683157724672,7.393815446539809,2690.0,0.020616095055880385,27,131
72.22781191939403,140.33771616407032,434.7439216759583,3.075789827697978,0.2466579455603817,10.624726397968969,4222.0,0.012057839443101568,27,147
822.7374133252939,914.7508290624058,412.18967791886627,3.1916239866238576,0.06694576395552976,7.828745766924503,2641.0,0.021094981135412597,27,217
890.3002499107462,1949.8636201356658,174.03426105678994,2.245627271432019,0.14568276429899543,6.523954805770419,2327.0,0.024784198576438616,27,280
953.8064858311866,1310.2368540687983,410.0150263169428,3.0896588512232155,0.030638430528043877,8.0772773785729,2836.0,0.019309951166818835,27,187
602.8276985743381,1213.7991853360488,152.53627664920361,2.0407258802020114,0.13749158568150582,6.772486417418816,2651.0,0.020995450922878033,27,932
775.25208466966,1507.0173187940989,387.46078255985077,3.0625298626654676,0.02205635686611564,7.828745766924503,2671.0,0.020799181775316013,27,226
637.3434242181235,1604.9488773055332,309.91891972555095,2.877058553141331,0.13828363449560502,7.145283834891411,2880.0,0.018948165297348853,27,139
661.7717130739443,793.9190484971418,336.94673249231414,2.87302754857228,0.07453297915851433,7.828745766924503,2584.0,0.02168082291843789,27,726
675.6831756631423,927.852902986459,334.958479599127,3.0824627656973558,0.14768584800970766,6.710353514506717,3166.0,0.016891126867411843,27,142
677.2821929451763,1360.305425697691,438.59616165650846,3.1553712550938804,0.09365118348334305,8.387941893133396,2858.0,0.019127347627544925,27,291
714.7990648603285,917.2009351396715,518.2505431898197,3.3268209572102276,0.033777831927907336,8.88500511643019,3083.0,0.017440602952151787,27,204
763.4631867246657,1673.5229579507009,385.6589283753999,3.145727537465856,0.06671313885670464,7.580214155276106,2723.0,0.020305647831530105,27,214
762.4372764604583,2285.1924758246128,469.04128408343706,3.1867722364577435,0.03540203378813658,9.195669630990686,3246.0,0.016393314184699546,27,220
721.7583362583363,1047.2141102141102,354.0332807931414,2.9335390070103218,0.11199119001750411,8.0772773785729,2602.0,0.021492335458655986,27,206
1193.027667460948,1546.1834789515488,467.603870725537,3.2385314237115193,0.047017386272431676,8.356701422815394,3431.0,0.015434446378541482,28,26
1214.5279672578445,2546.686493860846,226.86896825643277,2.6462669013084144,0.0862465029705622,6.313952186127188,2500.0,0.02273197726871158,28,480
1299.5057718646058,754.2635492075915,316.3785257185888,2.94888960660697,0.13099546564750184,7.180573074419154,2388.0,0.024102931960632665,28,11
1325.3012552301254,639.9020540129327,325.4780450456544,2.978654887233245,0.017034797469658233,6.932967106335735,2497.0,0.022766663398601904,28,13
1352.2001597626384,1215.7311423028643,542.4427745787505,3.292260937981871,0.030336402879428195,9.718534247274201,3981.0,0.01297394415585647,28,299
1368.436648972998,1476.033464112624,268.21916492636376,2.4562171196082847,0.02092575459052805,8.728110374940524,2609.0,0.021539637335247087,28,23
1052.6178146038321,2189.7085706887624,478.1271243690823,3.3096887101124293,0.03522526118552256,8.356701422815394,3943.0,0.013118433422919686,28,488
1426.6969904240766,589.9184336525308,361.99992533795876,3.1932994570989766,0.03682269542886236,6.561558154210607,2483.0,0.022929941658632696,28,54
1010.6170331979268,1182.5929401877013,441.91475153688225,3.150895300743262,0.04608172531786953,8.790011866961379,2908.0,0.018830290596670254,28,444
1010.9231231231231,1541.8408408408409,412.2639368588928,3.167828141666643,0.09983339518450478,7.675785010585993,2748.0,0.020189212087501397,28,84
1086.0948638274538,1113.8334856516176,338.6630628460965,2.8472987580355014,0.0505153629484531,7.985292470690267,2552.0,0.022147112238724103,28,30
1142.9502237136464,1400.63870246085,221.3597354665767,2.5951684586668087,0.0395885066367639,6.375853678148042,2233.0,0.026297858274957207,28,653
1440.1293386919986,875.4082937522835,338.84876732215906,2.992225952208209,0.00922441572202081,7.118671582398299,2616.0,0.021467325006163412,28,55
1831.991609081935,1291.8854886475815,250.82484566850357,2.2339699897500083,0.09409693637738901,9.718534247274201,1540.0,0.04435816899845968,28,69
1830.7943838906338,2263.833179382967,335.07277630888694,3.008455354648398,0.09134096274585014,6.8710656143148805,2616.0,0.021467325006163412,28,485
1832.9952485380118,1640.8466739766081,338.72496433811733,2.8652421491209803,0.09301303226767733,7.799587994627702,2370.0,0.024338838632052922,28,70
1847.0532581453633,1323.2258771929824,197.58956253056846,2.3747444131040547,0.11186610963843785,6.437755170168897,2044.0,0.029582730095107264,28,67
2060.4356647970967,509.98482349059714,375.24684463042166,3.21070771199704,0.09596734607003166,7.056770090377445,2697.0,0.020664562363313706,28,79
1675.0551284455278,1944.2100131258203,330.12065694721855,2.9067641940618425,0.060392229341935146,7.242474566440009,2825.0,0.019511570102794373,28,110
1488.866060093102,1620.3133728311468,292.5464512905597,2.8116196840196315,0.12555923002710725,6.99486859835659,2379.0,0.02422031087516723,28,660
1492.0703889286567,1540.4805535671678,259.4291530594024,2.797892652116986,0.1778558671840326,6.99486859835659,3084.0,0.017532202521084547,28,96
1526.6621749090418,1689.9870637380407,459.37097228676333,3.290273464997151,0.06952099350410787,7.923390978669412,2872.0,0.01911985292626213,28,263
1535.7110834371108,1515.0466109233232,347.9482866492247,3.034815474378899,0.15586621670832673,7.428179042502573,2657.0,0.021053343578709558,28,104
310.52009916769964,1080.3097219762706,349.55772544176693,3.0328173748135803,0.05564786877260893,7.180573074419154,2533.0,0.02235729053620585,28,760
359.8103904348746,1423.5468204422812,585.0310010890985,3.2110208590333684,0.08306867750296383,11.761283483962409,3965.0,0.013034391994410973,28,686
455.59345734445156,467.6740218088518,482.522130302563,3.25464093569005,0.0848171947820561,8.975716343023944,3082.0,0.01754594741174423,28,119
469.2023382696804,2505.237100545596,397.0980713137834,3.2013003982854147,0.06840746640974509,7.551982026544283,2919.0,0.018743554544046317,28,438
474.7309486780715,664.3241748747192,358.2239343246866,2.9783215357907027,0.11677482250577535,8.109095454731976,2845.0,0.01934293707995321,28,121
72.23446408209806,140.980330672748,434.30086801831715,3.0784821668379596,0.21932374608275507,10.399450659503604,4227.0,0.012110438861794153,28,147
98.2517166606433,292.59522949042287,342.5628568434104,3.027013661917071,0.02870515916726121,7.180573074419154,2674.0,0.02088633826165987,28,151
149.89792475113885,1923.863674708959,366.8901432076063,2.9971866905549076,0.10120893096909069,8.232898438773686,3111.0,0.017348732134496662,28,443
180.40630022500804,2206.128736740598,385.15108335375845,3.215375109405112,0.03472687745002028,7.056770090377445,2727.0,0.020382270718538074,28,158
253.91292765002805,1795.931996634885,441.4814410927363,3.179522957407251,0.09308331821081794,8.232898438773686,2917.0,0.018759265252374216,28,164
441.4582473517678,937.765579859678,449.9619454995934,3.2299627301037703,0.0780860965690802,8.41860291483625,2871.0,0.01912802350153988,28,116
823.1760435571688,915.0920145190563,341.0772210349098,2.9337203451455407,0.017174480773285063,7.799587994627702,2544.0,0.022235124799375405,28,217
782.930055269678,1660.6335048599199,324.797128633425,2.8144444869555296,0.08691944801382227,7.490080534523428,2829.0,0.019477608683012494,28,214
890.203066566941,1949.6922213911744,165.52458966376568,2.2327205684710294,0.047741119926591406,6.128247710064623,2292.0,0.025416826232580077,28,280
947.9210472904405,1305.5784453014005,304.9886511867515,2.8116577172798674,0.10177505156426404,7.180573074419154,2775.0,0.01994630312400039,28,187
775.3885141294439,1507.4614402917045,339.52968373438847,3.013884612221993,0.056597690951256045,7.242474566440009,2584.0,0.021801920942240323,28,226
595.2427515633883,1678.1381466742466,326.65417339405064,3.059327467862622,0.1922840414077599,6.8710656143148805,2660.0,0.021023678259495023,28,131
602.3792650918635,1213.4671916010498,188.67574767956538,2.317343034632007,0.07663759491710817,7.056770090377445,2595.0,0.021685733403560104,28,932
637.4776401427672,1605.3319336552593,294.8368064953313,2.8456699558057683,0.07844389358889607,6.99486859835659,2824.0,0.019520078970680668,28,139
675.8016824395373,928.5005257623554,294.3415945591645,2.8748885590800453,0.06430614478998369,7.118671582398299,3038.0,0.017853883211049217,28,142
677.9351105903032,1362.4726819979494,422.6014860263756,3.151024999416214,0.0476883732096875,8.294799930794541,2811.0,0.01963137344408121,28,291
664.9389149102263,792.0197111631538,317.1832451148599,2.8804571802971437,0.15250095327904448,7.304376058460864,2492.0,0.022824709444423875,28,726
762.55615640599,2285.6788685524125,446.43356045440464,3.163483235073522,0.07398777109311509,9.037617835044799,3158.0,0.017038353922929447,28,220
722.2830024381749,1048.1529083942878,355.43836718374814,3.0167591792623307,0.11843269357922011,7.490080534523428,2560.0,0.022059793685434537,28,206
714.9997501249376,917.0206146926537,495.45954213492166,3.2751353779848453,0.06244033220226068,8.480504406857104,3020.0,0.01798299479373556,28,204
1193.0317925856405,1546.3043172219616,523.0228494299411,3.2841891905212397,0.03840968485824491,9.510621968751861,3667.0,0.014581319399120852,29,26
1215.6121251629727,2545.4461103867884,282.37343419481334,2.7976056068863384,0.023761771719615413,7.056267912299768,2662.0,0.021466691101726547,29,480
1352.0008604000861,1215.982361798236,570.5146004222892,3.326500489487496,0.04314936649398553,10.062851631453583,4125.0,0.01272176432439872,29,299
1299.6890595009597,754.1625719769673,319.67961585288515,2.873634199489561,0.12167579478449184,7.485779872178885,2486.0,0.023401902138257505,29,11
1325.3970588235295,639.7910312273058,337.96455357345326,3.007434506247508,0.03234630310081378,7.240344466533676,2585.0,0.022272484867726972,29,13
1372.4661050942639,1523.94825511432,305.9352331367534,2.6413509531300994,0.09663692474486409,9.326545414517955,2607.0,0.022036150715184763,29,23
1010.1689524710333,1183.430125325136,518.9731652367951,3.2329550117964576,0.009190001073231632,9.817416225808374,3152.0,0.017449341494144666,29,444
1011.2080256374529,1541.8379545771213,440.37247657891686,3.2144129922539193,0.07757570030247413,8.038009534880606,2974.0,0.018722121996477978,29,84
1052.2645790787383,2189.8631722260043,540.8169163392188,3.262406283456891,0.017303941096485198,9.940133928630978,4246.0,0.012307108154571804,29,488
1085.5445255474453,1114.4237747653806,294.2156925171947,2.8245165319409105,0.044791115656155615,7.178985615122373,2575.0,0.022381593490654748,29,30
1143.7964098073555,1399.7011821366025,280.2872332468291,2.7152920392001314,0.04103169564442827,7.240344466533676,2382.0,0.024718669289223744,29,653
1426.7584107170042,589.2208859796011,403.06629492084505,3.143495653912753,0.0334784535188836,7.731215277824094,2679.0,0.021296583638896308,29,54
1675.4764610389611,1944.9080762987012,302.37641975489794,2.83662989405459,0.08597761417066353,7.792574129235397,2795.0,0.020204119340806362,29,110
1827.753066080908,2268.5004576240162,335.20340525994465,3.016156385372187,0.054213551572740416,7.178985615122373,2597.0,0.02214295056030415,29,485
1832.1554832248373,1291.9914872308464,245.06725253674153,2.2261364570232285,0.08802591477671777,9.756057374397072,1556.0,0.04469065550797006,29,69
1832.7977410947003,1641.112945264987,353.12018987204493,2.9470862076891633,0.08399897117694441,7.976650683469304,2353.0,0.0251126869297227,29,70
1846.6093045335865,1324.626631853786,258.5048409958167,2.7535446374189623,0.0788405965891224,6.319961695364141,2071.0,0.02971928154427854,29,67
2061.3777470416476,510.8483171968649,399.2620461333443,3.235802292255485,0.011053534467198083,7.424421020767583,2741.0,0.02069839561797373,29,79
1439.5129648836864,876.074085049637,414.11088817487945,3.161457582591519,0.08471415589714132,8.099368386291909,2803.0,0.020132893839587492,29,55
1488.726604004904,1620.3677973028198,300.29021880691363,2.8615369911601154,0.06553461464385359,6.872191358065861,2437.0,0.024004374361300776,29,660
1492.559986009094,1540.5842952081148,350.84991236982677,3.1175803839127223,0.17150628892362432,7.547138723590187,3134.0,0.017570130087208553,29,96
1527.4533147243544,1691.0586182833217,439.6361703619812,3.27589261659324,0.0341643370473524,7.792574129235397,2871.0,0.01954716279273541,29,263
1535.2857861213542,1515.1597385182702,366.0669075198297,3.0438740599207446,0.07660511833516699,7.424421020767583,2703.0,0.02106097079232142,29,104
441.40933704083125,938.4118249670715,419.26503169342885,3.1498967993148552,0.06730624449889548,8.40616264334842,2831.0,0.019887511067901344,29,116
455.3769123783032,467.8937918826653,485.28715581199015,3.3080360932560864,0.029211907587014488,8.467521494759723,3086.0,0.017900562228324004,29,119
360.6513409961686,1424.475659229209,544.4984474238969,3.1456098602390274,0.05781864801790595,11.59682291673614,3947.0,0.013385188411256516,29,686
475.39274878640776,662.9587378640776,404.477548503305,3.098871349503993,0.08218109212657664,8.222086089114512,2946.0,0.01893943186436067,29,121
471.40776699029124,2505.682297046065,297.0381996821146,2.8403065782369987,0.06323405771587501,7.178985615122373,2820.0,0.019983194652455568,29,438
310.62914691943126,1080.3311611374409,310.721223546835,2.8382194649881463,0.10364040373647275,7.178985615122373,2514.0,0.023071018452153792,29,760
88.37201081305885,150.70700769390726,295.07471643695294,2.735136774513538,0.23136943499925422,8.958392306050142,3682.0,0.014511847338344094,29,147
98.57477784080166,292.9593495934959,324.5269651143781,3.0586378742308993,0.053732558009604664,6.6881148038319544,2644.0,0.021649792112198918,29,151
149.7050673752135,1923.219776048586,323.29978808615203,2.9216373968654246,0.10254718349945798,7.178985615122373,3102.0,0.01778904583705535,29,443
180.8020546688681,2206.402678407632,334.46709904300906,3.1054659146504227,0.079764615222987,6.933550209477164,2669.0,0.02139631882430413,29,158
253.97397822090227,1796.1640503464857,433.8684383293188,3.148203699978413,0.09232188486520411,8.467521494759723,2946.0,0.01893943186436067,29,164
595.0863727091272,1678.9323171838141,338.14863012768717,2.9892749679426327,0.2203892450830417,7.6698564264127915,2702.0,0.021070683860012845,29,131
823.0500780031201,915.0558502340093,393.310237546448,3.0333301903488428,0.035608066245506914,8.099368386291909,2673.0,0.02135631286167646,29,217
890.4389645776566,1949.6460490463214,225.18698467947956,2.587540888065625,0.07164334847351868,6.5040382495980475,2451.0,0.0238290971666972,29,280
952.69262237269,1312.2510932430525,434.97289765472226,3.1865185405210648,0.05444739518909498,8.283444940525815,2957.0,0.018853461231652022,29,187
602.5792426367461,1213.5350631136046,174.99544422503425,2.3960872733685803,0.08411818832202533,6.81083250665456,2595.0,0.022164434877076398,29,932
637.696553182491,1605.487629519983,290.16600832404873,2.834625647008875,0.13950059276364898,7.301703317944978,2946.0,0.01893943186436067,29,139
660.3700413539592,793.1258998315209,400.611940864393,3.142161865914402,0.04191394151480698,7.547138723590187,2747.0,0.02064228499349767,29,726
675.6964544138929,928.1363965267728,339.1917306016793,3.0876018354163755,0.04307830758820136,7.178985615122373,3220.0,0.017007637482529498,29,142
681.9193457416808,1362.4111675126903,435.15697420895617,3.1392750662123188,0.01119498361919636,8.774315751816234,2872.0,0.019538803277595943,29,291
714.9210021730794,917.5454429247092,480.0102945906182,3.224324334894382,0.09698300862915682,8.958392306050142,3076.0,0.01797097276526083,29,204
722.2673929663608,1048.545489296636,321.0295105839338,2.926828083432544,0.043456525001965535,7.240344466533676,2872.0,0.019538803277595943,29,206
787.7043859649123,1639.2557017543859,139.89818121776932,2.379278233473484,0.26090824838525284,6.81083250665456,2631.0,0.02178398634051425,29,214
775.1385377519645,1507.8845234028015,359.1947161617639,3.034169376607814,0.03762319306694408,7.178985615122373,2661.0,0.021476782090340145,29,226
762.5673425540487,2285.903451054116,456.9393664599685,3.2225537948844023,0.045057702876848654,8.835674603227536,3247.0,0.01683839559458953,29,220
1215.9072765072765,2544.5382536382535,320.0743391174741,2.8461959877758947,0.0735108482342708,7.785592032587208,2807.0,0.019847346117325772,30,480
1193.1152199299338,1546.2876605683145,512.8509213260651,3.262309383641766,0.07221377321471131,9.44918007373832,3682.0,0.014332710764485843,30,26
1299.4049900560478,754.6315313686495,368.05221822427217,3.0417156327041566,0.05754645226610255,7.785592032587208,2540.0,0.022487524850163067,30,11
1325.629463414634,639.4727804878049,341.0355484359781,3.0956775530076,0.1387361801247073,7.253243859418852,2547.0,0.02240937154652752,30,13
1010.0537418974661,1183.2570418385385,564.6217811666877,3.3638341342132976,0.04695074913660564,9.31609303044623,3242.0,0.016660520910021744,30,444
1011.7632935431362,1542.1032284319044,490.55884157464016,3.320712224790004,0.009066062846226025,8.584114292339741,3088.0,0.01766465674684556,30,84
1051.5819181429445,2190.0219914477702,544.6587246728743,3.29719156332378,0.0797799934325639,9.848441203614588,4321.0,0.011915014508836558,30,488
1085.1966527196653,1114.287531380753,397.597541835116,3.068615595613137,0.014426353664230574,7.918679075879297,2629.0,0.021532732826865304,30,30
1142.3126239259748,1399.99272967614,302.04104475139604,2.8127271884446943,0.062397610696760246,7.386330902710941,2436.0,0.023716381997542498,30,653
1352.2614135206322,1215.831650570676,606.3445692387576,3.326305878740926,0.03528866234215622,10.846594028305255,4275.0,0.012061478519473222,30,299
1365.8293536434746,1566.0831617949773,323.2684281564842,2.595678392127213,0.07295268243828862,9.781897681968543,2486.0,0.02310925117496253,30,23
1675.6984165651645,1945.2275274056028,273.1611563570127,2.686275852125947,0.03879368903007405,7.186700337772807,2800.0,0.01990862625671366,30,110
1820.5899182561309,2267.1625794732063,293.05766932918004,2.9273678089417356,0.15562940309977658,6.78743920789654,2546.0,0.02242050302874483,30,485
1831.6954367666233,1291.986962190352,255.19440551258072,2.1995614117755613,0.11367377243059093,10.780050506659212,1582.0,0.043021287356333884,30,69
1832.7910337161911,1641.2888106706187,359.2019298453483,2.9045262425377083,0.09824653010134662,8.118309640817431,2401.0,0.02416071047621706,30,70
2061.126805778491,510.78587479935794,414.5661398548573,3.316576393317766,0.03018161115648711,7.053613294480718,2794.0,0.01996145407622356,30,79
1845.659793814433,1324.9605403483824,187.1869263903232,2.3030297360567773,0.11202538892503125,6.587808642958406,2045.0,0.02984876957098939,30,67
1426.693429460921,590.0594789447813,406.11511260580966,3.247504997759089,0.024009657544238037,7.053613294480718,2673.0,0.02109003529350357,30,54
1439.8322210150552,875.7476330901754,428.7399099654648,3.237387326749618,0.05796390416020214,7.585961467649074,2743.0,0.020422071226308524,30,55
1488.630403006891,1620.8713718939237,318.67692516290714,2.9203242982757245,0.14425362022313173,7.253243859418852,2487.0,0.02309742545979203,30,660
1492.4585657370517,1540.5322709163347,334.04847866314344,3.0549417871228193,0.14178507538853638,7.253243859418852,3200.0,0.01692287631389837,30,96
1527.8210495711587,1691.6826573629887,457.75288540314017,3.2530527333658488,0.03789188961884153,8.118309640817431,2936.0,0.018781950716416133,30,263
1535.2641891891892,1515.6461148648648,393.93764814458353,3.1673215302011375,0.07321966791574051,7.4528744243569855,2745.0,0.02040360769724883,30,104
360.347728547392,1424.5847448121144,593.2354954744868,3.211448952521193,0.08270059444362886,12.177464461226146,3963.0,0.013158567138505073,30,686
441.9066773934031,937.9502547599893,496.2815844362,3.3147848101129975,0.07403837373030538,8.384483727401609,2936.0,0.018781950716416133,30,116
455.5872673320745,467.86808740221204,493.353669483774,3.3212982988694097,0.008144017810093546,8.317940205755564,3076.0,0.017748008366056528,30,119
470.4108488196886,2504.0190858864894,397.46445479182387,3.175090349518824,0.05532116582488069,7.719048510941163,2963.0,0.018573275473249842,30,438
475.4120400258231,663.9359264041317,412.3036601188918,3.0978240556756176,0.09163837753415598,8.384483727401609,2890.0,0.019148481826872177,30,121
595.3821839080459,1678.1151221264367,370.5143285251758,3.121607353794575,0.10810317189163336,7.5194179460030295,2753.0,0.020330086234354203,30,131
602.9345603271984,1213.7762781186093,162.69891042457883,2.231490556164083,0.2500952474163341,6.388178078020273,2642.0,0.021400013394170244,30,932
310.25624647755023,1080.58444486192,354.21116572189493,3.063115887531374,0.0816306370693821,7.186700337772807,2553.0,0.022342814082408822,30,760
98.49219345011424,292.6066260472201,349.4865756850258,3.106604271388601,0.07684982943928344,6.987069772834674,2668.0,0.021139422948564197,30,151
117.07379032258065,181.88649193548386,330.0558673643808,2.822397459493407,0.16367410814941163,8.717201335631831,3921.0,0.013321682528245617,30,147
149.97790169351507,1923.3775299463032,322.20373181014753,2.932286903582865,0.11258351093110344,7.386330902710941,3098.0,0.01759579278430851,30,443
180.65110037573805,2207.1250670960817,371.91174247974277,3.135771826681109,0.04825054731524516,7.386330902710941,2748.0,0.020375974916947336,30,158
253.5261567816823,1796.2968675465097,418.49220763197394,3.1875193887587305,0.0691080692067208,7.9852225975253415,2948.0,0.018688630147156535,30,164
661.3071358105886,792.5854981913844,404.7176986512427,3.1418037199878195,0.05370071112552594,8.051766119171386,2731.0,0.02053355796428092,30,726
890.0931115002919,1949.6873905429072,227.9781051593485,2.5344100087073214,0.05361285696502662,6.654352164604451,2481.0,0.023168561857426453,30,280
822.832558911384,914.8826750746764,400.9912614390642,3.027476781983591,0.05037724978626138,8.317940205755564,2693.0,0.02089477097732805,30,217
949.4158112455953,1304.8984219396355,434.3295657837325,3.272235107451367,0.07570564431316178,8.051766119171386,3002.0,0.018279912574133486,30,187
637.0564478034955,1605.3441190363721,281.74527064935245,2.7209191533756427,0.0719935426102078,7.120156816126762,2907.0,0.019011370083856633,30,139
675.8463966333509,927.9196913904963,379.49770394739187,3.1281025279256434,0.06581457689117487,7.4528744243569855,3293.0,0.0163526804706493,30,142
680.8909730363423,1360.2584994138335,454.0929917126077,3.188214669439477,0.12259054158184488,8.717201335631831,2941.0,0.018742954119415317,30,291
714.9253907789308,917.2041245238408,506.5958302913369,3.2886048476844776,0.05839951120907868,8.584114292339741,3140.0,0.017312332844966864,30,204
722.565122524337,1048.7541121181605,396.4663019671332,3.1156515086893983,0.09511032790938988,7.785592032587208,2740.0,0.020449829259770506,30,206
787.7623404767638,1640.5090296171443,276.35524539602284,2.9395138428921848,0.2753855106022303,6.987069772834674,2630.0,0.02152246522231223,30,214
775.3675051415916,1507.7702895111534,420.6216003246474,3.164353146178353,0.04162200013061346,7.918679075879297,2765.0,0.020220792164193254,30,226
762.4281000824856,2285.9712675281826,484.0375764533278,3.26294718096179,0.042082273486073414,8.983375422216008,3244.0,0.01664823054955784,30,220
1325.8186738836266,639.8814614343707,231.14669373318583,2.756907918663439,0.2534665646270496,6.568444612174429,2361.0,0.024504877039451936,31,13
1300.5106940200785,754.7389786119599,286.63441155222125,2.7547823580537965,0.008779011378124816,7.068897535006766,2320.0,0.02506633537184507,31,11
1343.8391027416228,1606.7956244807533,225.8919380434463,2.31385362158245,0.10341932710017475,8.570256303503777,2206.0,0.02677188746688625,31,23
1352.1888304233437,1215.9461851231763,523.0984175905007,3.2221986251485357,0.07483421011260055,9.946501841292706,3930.0,0.013194757638052588,31,299
1427.069589041096,590.0186301369863,342.4974690633809,3.0979445240308294,0.11707183315120695,6.943784304298681,2425.0,0.0236770301341777,31,54
1440.0021758839528,875.8299184043518,344.9997336775426,3.0024468715835386,0.10470731994415698,7.19401076571485,2533.0,0.022400032947210994,31,55
1010.2790410281759,1183.324888779041,506.20813144490927,3.321297681580019,0.03524474073243748,9.008152610982073,2929.0,0.018701634421465746,31,444
1011.763440860215,1542.4171002428027,360.7014441314072,3.0404544907352906,0.08353465083448686,7.506793842485061,2717.0,0.020514962803157382,31,84
1051.871338912134,2190.36551105798,418.62886994925026,3.17258598826868,0.0294488515485944,7.75702030390123,3767.0,0.01385929670184269,31,488
1085.1757164404223,1114.454248366013,248.85021587837977,2.6931191767075076,0.10605858711532533,6.818671073590597,2405.0,0.023929659623911873,31,30
1143.3275623268698,1399.8403739612188,180.6635051424738,2.402460073431426,0.17361074221529835,6.255661535404218,2152.0,0.027663487300507786,31,653
1192.9408134642356,1545.9866760168302,446.02866747432074,3.146203660835678,0.02731536147155648,8.695369534211862,3317.0,0.016097517416563154,31,26
1217.8310297166552,2543.1123013130614,181.03884483459805,2.356012467656734,0.13590791996355928,6.380774766112302,2377.0,0.024292535162728335,31,480
1488.9904545454544,1620.701590909091,275.2491075577856,2.7426347650654206,0.11201681932159083,6.943784304298681,2363.0,0.0244781315168554,31,660
1826.2922011810222,2267.435349216046,307.2155380037011,3.08123239577388,0.1846761052012485,6.443331381466344,2542.0,0.022299806448002606,31,485
1832.0869330453563,1292.247030237581,231.7097032713722,2.1321740798291926,0.08299868441112228,10.446954764125044,1526.0,0.04506003590404117,31,69
1833.1215907091325,1641.4828435685376,355.5092450570217,2.9370185181272914,0.04192814535305311,8.132359996025484,2329.0,0.024940895471962793,31,70
1845.7501411631847,1334.6524562394127,221.5755315840174,2.5345717994688775,0.10347018274148452,6.505887996820387,2032.0,0.02987443337956633,31,67
2061.0162962962963,510.44576131687245,380.03143827580624,3.208784239598589,0.06365907787992886,7.131454150360808,2702.0,0.0206566768005297,31,79
1492.6243892508144,1540.7107084690554,307.2780946190552,2.9452799980818423,0.2010494580731543,7.506793842485061,2960.0,0.018462999598695094,31,96
1528.026200234192,1691.80693793911,427.38679609881615,3.2525885925971654,0.055140775623578164,7.694463688547188,2787.0,0.01987854308573801,31,263
1534.6359297441772,1514.7161130202367,327.6715512244729,2.962989213323962,0.02930986400153921,7.131454150360808,2563.0,0.022069396541589733,31,104
1675.1929253472222,1944.8489583333333,288.26088355142633,2.782439664415225,0.09546436017233198,6.943784304298681,2736.0,0.02033822571367499,31,110
947.5121312620004,1312.1454005934718,358.38684936330765,3.008308736193882,0.0014494823909418039,7.75702030390123,2734.0,0.020356686085282728,31,187
360.7139516757599,1424.6664068589243,561.8209624946528,3.210795591234968,0.08236506280230783,10.822294456249297,3902.0,0.013304340617702668,31,686
441.5179623085983,938.0641931684335,424.8845314846545,3.145518621298811,0.09088079026669117,8.32002984208761,2832.0,0.019489859610504152,31,116
455.0932616577072,467.9321165145643,500.39036621698335,3.3168886352691054,0.04772009477835096,8.382586457441652,3044.0,0.01784596174859523,31,119
472.52404225130067,2504.998423458931,396.79661119068953,3.212923218956479,0.05144972422587246,7.19401076571485,2880.0,0.019091675169670495,31,438
475.8681808963699,663.9136077874671,308.466670310782,2.8159956813078737,0.10619715295430489,7.506793842485061,2786.0,0.0198873566568897,31,121
310.69434324065196,1080.2653883029723,326.2327490713299,2.879757100654979,0.07172611530840496,7.256567381068892,2533.0,0.022400032947210994,31,760
98.79055793991417,293.1156652360515,291.51382754983655,2.9186024640823627,0.04472994670360033,6.63100122752847,2665.0,0.02101475410225154,31,151
123.87277552294724,201.18029971901342,400.73767795799415,3.0115295153550314,0.25405179222021296,9.946501841292706,4111.0,0.01252773167823865,31,147
149.68783713241692,1922.886375500261,359.5128684396804,2.9916943201416677,0.13303990962459825,7.8195769192552715,3135.0,0.01722241959715075,31,443
180.95319502074688,2206.7478838174275,376.90360750810413,3.1692767870126293,0.031215097351147063,7.131454150360808,2684.0,0.020829339593324503,31,158
253.91872133027522,1796.6569667431193,436.3949487097982,3.1443665951036417,0.0751959797848498,8.63281291885782,2912.0,0.018835136354538293,31,164
595.5385863685539,1678.3128380815,346.9389887535179,3.0283550000769663,0.042915100677339994,7.506793842485061,2640.0,0.021263809347160777,31,131
787.7996758508914,1640.102755267423,192.9871583672201,2.6202675949306706,0.2250536346498646,6.505887996820387,2346.0,0.02470734681397045,31,214
822.951618770462,915.1546016733357,343.9362712165239,2.919808541788046,0.14134983614522953,7.8195769192552715,2516.0,0.022591828824826053,31,217
775.5353066357129,1507.8417488875991,323.35514476504403,2.9073525381686327,0.0223867510464523,7.068897535006766,2533.0,0.022400032947210994,31,226
890.1419406575782,1950.0116279069769,156.0161986929812,2.2612988156368545,0.03663647458627147,6.067991689342091,2248.0,0.02611718357295529,31,280
637.5511559925591,1605.4996013818761,235.40054357726072,2.645952188091003,0.1002550784480708,7.068897535006766,2793.0,0.01982582527370131,31,139
665.4522927281149,793.4207966651228,270.1194650987541,2.857832577373355,0.11737850375648759,7.068897535006766,2456.0,0.023295826229978462,31,726
676.8219478191595,927.6899024098785,314.09676569264576,2.982355333956784,0.14832734156016322,7.068897535006766,3073.0,0.01764240475023911,31,142
679.0274447949527,1363.0402208201892,396.6089413446274,2.969481999246431,0.07286805661277157,8.757926149565904,2793.0,0.01982582527370131,31,291
714.9037144938092,917.5488710852148,429.4511644054995,3.1079157916679554,0.055988954312710414,8.132359996025484,2960.0,0.018462999598695094,31,204
722.0317965023847,1047.35393481717,314.7848884615402,2.805251434734981,0.0660984309608455,7.506793842485061,2479.0,0.023020835948717913,31,206
762.5582698663601,2285.929443885616,435.3314862487795,3.1553174428203308,0.06879413806412156,8.570256303503777,3063.0,0.017712070193886556,31,220
602.496812749004,1214.281673306773,157.01710453864587,2.163993652000027,0.055356977709919715,6.505887996820387,2508.0,0.022683226786794238,31,932
1216.7846225104215,2543.217693376563,147.83110617952488,2.2333735441433618,0.19384583952008366,6.367898506112003,2429.0,0.023139784518978933,32,480
1426.9242329367564,590.3539970778543,328.04948110518933,3.0372693687121832,0.025414094407024152,7.052618775586413,2428.0,0.023151976855299246,32,54
1193.0631563156317,1546.6992199219922,456.434531631641,3.212729705906851,0.07802063026297554,8.49053134148267,3441.0,0.015095023342308098,32,26
1299.9677640603566,754.7025605852766,299.4966458681065,2.824787402321236,0.04969509557136274,7.052618775586413,2354.0,0.0240913102531731,32,11
1314.9480912476722,1642.9327281191806,294.1558277662061,2.4543314806194734,0.06487644398829648,9.517611745694284,2297.0,0.02486849510166581,32,23
1324.6876036484246,639.7659618573798,330.30905799445486,3.090535490586348,0.07473704247429394,6.6417866139017665,2480.0,0.02253455782970162,32,13
1352.2817878243,1216.029283329052,533.1232018127748,3.234081925023734,0.07296714140194517,9.928443907378929,3985.0,0.012718195486463517,32,299
1439.9581224917117,875.7421043447915,392.41318643578376,3.125703550186793,0.08859365286531799,7.600394991165939,2567.0,0.02157206064065182,32,55
1010.5100386100386,1542.5627413127413,354.6850995877438,3.101095833216924,0.06964227352828065,7.326506883376176,2688.0,0.020362447425979674,32,84
1010.6473947180585,1183.6129907209136,479.64654876682346,3.281096768285736,0.052905923619476235,8.42205931453523,2967.0,0.018031152541542986,32,444
1051.9384499623777,2190.5050413844997,454.99661906574477,3.1915049015305623,0.04219104100713834,8.695947422324993,3906.0,0.013015816469962836,32,488
1085.2883752244165,1114.0271543985637,305.11135207779665,2.838248631855533,0.08865645095931632,7.189562829481294,2390.0,0.02362500071839646,32,30
1143.6320465686274,1399.717830882353,223.49269595644708,2.5764059554074206,0.06323195200526312,6.504842560006885,2231.0,0.025833469338939125,32,653
1826.301220025242,2267.70361800589,325.516016108134,3.0400150011807985,0.041075216083389696,6.573314586954326,2584.0,0.02139350970260221,32,485
1831.8419107944048,1291.9741356558459,259.44051010385357,2.2300403512782845,0.0934213465791076,10.202332015168693,1564.0,0.042499484613864214,32,69
1833.011981928894,1641.7157729326261,348.5910891894216,2.886104858996015,0.12147172728554577,7.942755125903144,2354.0,0.0240913102531731,32,70
1844.9335851432168,1336.3966005665723,217.53562961201973,2.460707908717311,0.09928033606217923,6.847202694744089,2070.0,0.02853442379652845,32,67
2060.95817937521,510.49714477662076,407.6824484450631,3.2871478438400583,0.059413654540278533,7.463450937271058,2719.0,0.020074066473613088,32,79
1488.4722607489598,1621.5582524271845,296.20998857462934,2.870852452652452,0.10242379536646302,7.052618775586413,2417.0,0.02328694548393022,32,660
1492.3840579710145,1540.917092924126,321.2707504373927,2.905406959329104,0.13752923530801994,7.668867018113381,3074.0,0.01727273575296977,32,96
1527.9075466025256,1692.1103427540588,455.4759232543768,3.2364942095561795,0.04091018268114924,7.874283098955703,2845.0,0.018981433137929767,32,263
1535.0626647738795,1515.1888055161226,337.63556487783103,2.9385651738350282,0.05769755634665346,7.531922964218499,2601.0,0.02121789021660516,32,104
1675.2065715741212,1945.2251655629138,268.82117779565294,2.675286416839195,0.024134035115753436,6.915674721691531,2740.0,0.01988330843598266,32,110
310.5566909019454,1080.4275889172725,348.45414513552674,3.0630372010904954,0.11045433137551683,7.189562829481294,2555.0,0.021699901649132415,32,760
360.6984073195527,1424.6662148424264,606.1828545656942,3.2303590666575874,0.06001991178756878,11.708716608012393,3947.0,0.012859637148583073,32,686
455.32022471910113,467.81049602630856,499.7088526624237,3.3114564830996747,0.04917941827950585,8.49053134148267,3124.0,0.01693978607527044,32,119
473.3497093568348,2505.5450965685354,365.1613197107023,3.0390606678888368,0.056321316162708385,7.463450937271058,2854.0,0.018907921711782218,32,438
475.616935483871,663.5451228878649,356.60231634227216,2.953882602107831,0.04989204720066187,8.011227152850585,2882.0,0.018682817437859614,32,121
441.9097679747923,938.5084503007735,478.0716921470323,3.273418370994897,0.04669833623825483,8.559003368430112,2920.0,0.01838575551263932,32,116
254.07657935285053,1796.4736517719568,444.38345488889144,3.20595074586305,0.03800608943441524,8.35358728758779,2946.0,0.01818788703122787,32,164
954.1017624842635,1310.4015946286195,326.3376804315033,3.019137448973666,0.037129250214513965,7.189562829481294,2636.0,0.020865248770850928,32,187
94.0160601400991,220.5026482145908,400.76677372337156,2.997179607085581,0.23264466937158362,10.407748096011016,4137.0,0.012182231656709485,32,147
98.67247754886424,293.7889593238246,259.23509402301124,2.7685407256538244,0.09389567304273362,6.915674721691531,2579.0,0.021445717113949863,32,151
149.64082489975178,1923.6625930876455,358.58800512374796,2.968615673121577,0.11533482104144308,8.011227152850585,3157.0,0.016726982457561414,32,443
180.7774073347715,2206.7850558933123,349.1388654050011,3.045288027820479,0.06904731113345658,7.052618775586413,2714.0,0.020120025777172416,32,158
774.9902152641879,1507.5489236790606,349.89205770142297,3.0054419005551454,0.03205461025375503,7.121090802533853,2611.0,0.02111592504519021,32,226
787.1752318876911,1641.8287791426424,273.13491549334174,2.878242827643443,0.20731223472835422,6.436370533059444,2552.0,0.021732099007323837,32,214
822.9372042227885,914.8931561703677,376.18531604924027,2.9777111582999933,0.06996219319865915,7.942755125903144,2587.0,0.021362307087715405,32,217
890.5844514601421,1950.473954222573,173.50811628481523,2.3233144546635565,0.10554371225975626,6.710258640849208,2285.0,0.025038546185331516,32,280
762.8228804594227,2286.010125434487,453.0794023112164,3.209688559633367,0.0649896309740464,8.285115260640348,3099.0,0.0171046408130291,32,220
596.2066242597061,1678.107041017767,312.16397085338303,2.9641419181297266,0.116565344328019,7.121090802533853,2640.0,0.020825691844363184,32,131
602.8202764976959,1213.2882744495648,133.72586862835206,2.03175003199811,0.19283328115586637,6.299426479164563,2646.0,0.02076663688142903,32,932
640.7361455748553,1618.8341604631928,165.56536115891208,2.1716079050556636,0.09756016162384253,6.6417866139017665,2721.0,0.020055741488915656,32,139
676.4445564516129,929.0625,271.69700292744545,2.8034576865007255,0.08134803127047052,6.984146748638971,2968.0,0.018023756346774233,32,142
682.3365221416448,1363.6656380188242,443.76720664636446,3.106552943813637,0.015252964495122956,8.969835530114757,2828.0,0.01912185915557275,32,291
665.28,792.1030107526882,318.39492530560017,2.897273468001786,0.06454970378049303,7.189562829481294,2627.0,0.020954803642557418,32,726
714.9399686296878,917.6396691857979,480.194324982403,3.2401833227778134,0.07750213404925117,9.106779584009638,2970.0,0.018008982145377248,32,204
722.4335704672178,1048.6118054220342,356.1230121536401,3.039918992231684,0.04628321555653926,7.3949789103236165,2541.0,0.02185097790845431,32,206
1281.3770525878197,1669.946996466431,297.9485725949746,2.572862549820766,0.08256885470025355,9.289604217261731,2355.0,0.02361272787764104,33,23
1300.586916272372,754.7012960296236,301.04510733406187,2.8634851873594007,0.12217882866446941,7.183960594682405,2358.0,0.023573991525432148,33,11
1439.5768840824603,875.5043933761406,366.50585171836616,3.112810800236165,0.021489082200304425,7.183960594682405,2530.0,0.021547364160731466,33,55
1352.6699524133244,1215.9611375481531,546.6003121436803,3.276342629942511,0.03045633683319099,9.90891116507918,3938.0,0.012647063396255726,33,299
1427.1807706157724,590.4299603889089,343.96307881781104,3.1575483577067747,0.05671411047483031,6.998168510337171,2440.0,0.022562299077264526,33,54
1325.4065979381444,639.7268041237113,300.36386969146264,3.0194216692099904,0.1568242816766481,6.874307120773682,2422.0,0.02277686860946898,33,13
1215.736679695536,2543.0306521291914,301.04510733406187,2.836742788520054,0.12045518146966651,7.307821984245895,2616.0,0.020659335206840924,33,480
1010.0280918521972,1183.7174495861989,531.3034305325893,3.3097291473459327,0.03378842124438053,9.103812132916497,3101.0,0.016763206050921162,33,444
1010.4114979757085,1543.571012145749,382.4220402772746,3.0915845026203157,0.06457603608588013,7.49361406859113,2704.0,0.01982335803105774,33,84
1051.5207431205476,2190.5620896773294,443.3618439425116,3.1766670988134553,0.04595364655673445,8.794158659007772,3888.0,0.012835335117462316,33,488
1085.9206191704702,1114.6473506648144,312.06877100521245,2.890850269524467,0.07983832279187944,6.874307120773682,2370.0,0.023420308760158166,33,30
1143.393092940579,1401.515997968512,243.88307605051133,2.7081690838449792,0.11349912842161741,6.626584341646702,2253.0,0.025009990500322314,33,653
1147.8864229765013,1271.342906875544,142.31673660844973,2.090739663651654,0.19386841531792964,6.193069478174488,2099.0,0.027463627602651152,33,1135
1193.0388583679485,1546.2918397427309,462.188775156162,3.161430091763939,0.04156018243010469,8.918020048571263,3400.0,0.015017237193426278,33,26
1826.6758974358975,2265.7817435897437,301.91213706100626,2.897638295631063,0.11966643104704891,6.874307120773682,2533.0,0.021515103220454544,33,485
1832.1409712399811,1292.1999057048563,262.7100072641618,2.2500458374502204,0.05144243858814273,10.28049533376965,1550.0,0.042235004097739566,33,69
1832.978930010993,1641.8107365335288,338.01773211876355,2.8354790372114147,0.09487962977595019,7.803267542499855,2348.0,0.023703609667174424,33,70
1845.2599878934625,1337.2763317191284,204.61901555888508,2.397158325755919,0.06829823910421194,6.440792257301467,2052.0,0.028311311490575492,33,67
2060.5398898505114,509.9184893784422,393.5695653379887,3.2463742409090433,0.041427458736721885,7.122029899900661,2743.0,0.01947412290429114,33,79
1675.9122490412813,1944.7293029551095,274.53876996747505,2.7366970035995015,0.1231409159480639,7.122029899900661,2734.0,0.019553618990086452,33,110
1489.257136724619,1621.9444086713886,288.5351069881494,2.817668779569904,0.1879641100474065,7.122029899900661,2438.0,0.022585940287442215,33,660
1492.1641509433962,1540.9943396226415,295.40941410892304,2.8659059982448274,0.15111976535718005,7.36975267902764,3023.0,0.017287533883007307,33,96
1528.1075967648758,1692.3216348931253,428.80813066880154,3.2089742733108118,0.03218194098882272,7.61747545815462,2818.0,0.018835969160154467,33,263
1534.8425524222705,1514.8224873463485,342.60060353261264,3.0251715738677816,0.12014950868957722,7.245891289464151,2608.0,0.020738842877772307,33,104
360.584984358707,1424.1774765380605,593.9153629569333,3.2569809520157675,0.08868309368185906,11.519109229404547,3935.0,0.01265820380729934,33,686
441.8184500898127,938.1053374390557,482.6878351289196,3.2892387582737053,0.08726514440310766,8.360643795535559,2896.0,0.018215193689313288,33,116
310.49946140035905,1080.632315978456,344.953969934319,3.000598384368173,0.11818403258731008,7.431683373809386,2530.0,0.021547364160731466,33,760
472.1064093484419,2506.015049575071,349.7845641272951,3.0542196696322077,0.09556150982755239,6.998168510337171,2838.0,0.018672797201058813,33,438
475.59352457641336,663.8132863613488,369.16887159398124,3.0483989433965153,0.057640946285645374,7.989059626845089,2893.0,0.018238312094566365,33,121
455.90150349236416,467.8670533917367,523.128578821399,3.3610524207698367,0.031013920159654124,8.732227964226027,3119.0,0.016646692689571668,33,119
64.25972746675423,236.58611065506486,377.2198619156081,2.9031598113941595,0.26775406092703585,10.466287418114884,3957.0,0.012576960305205546,33,147
99.14700193423597,293.13713733075434,320.181692021621,2.9864620393657333,0.08250172452030628,7.307821984245895,2689.0,0.01996103768938225,33,151
149.56491515027602,1923.6205274994888,302.9030281775142,2.822746928951103,0.0896444300261906,7.9271289320633445,3011.0,0.017371125055737763,33,443
180.97556912826207,2207.044049602073,334.6115439057676,3.0413888719778033,0.08655408260596976,7.060099205118916,2681.0,0.020035251731450134,33,158
253.0652851144521,1796.5990789651903,457.23431957362243,3.24230300594158,0.05999658526449554,8.298713100753814,2945.0,0.017845721156835095,33,164
595.4056288132257,1678.8529816965165,314.6698601860457,2.959145820571209,0.1625038079799982,7.307821984245895,2661.0,0.020223223820718984,33,131
823.0600244285465,915.4774035944861,354.9248117941799,2.984137672407215,0.07800065713221752,7.803267542499855,2583.0,0.020991296716290117,33,217
865.6320392818782,1677.9657818014423,403.60233789263134,3.189070448229171,0.07461052653727758,7.49361406859113,2665.0,0.020185347760642035,33,1143
890.73756432247,1949.8082332761578,180.5279752887863,2.3210573091998508,0.10021327580324303,6.255000172956232,2352.0,0.023651591741106676,33,280
952.9265756985055,1305.7035412605587,381.24535707642144,3.0935437600673423,0.05469725095422053,7.49361406859113,2786.0,0.019103060047425163,33,187
602.7435646790485,1213.919191919192,190.06530228517502,2.281079472127674,0.05958651196470223,6.998168510337171,2667.0,0.020166462884360217,33,932
788.1182589652341,1640.5904735833562,226.23282803771403,2.808175074463231,0.2791904274935858,6.812376425991936,2374.0,0.023369525487750755,33,214
634.7733086762213,1634.749730312837,401.8682784387425,3.065449315153591,0.05299177370115509,8.484505185099048,3047.0,0.017122742013661995,33,139
662.3097023953545,794.0754899588677,255.95956153295157,2.6653860139641616,0.10777989091105776,6.998168510337171,2595.0,0.020869356279066754,33,726
676.8991712707183,928.7897790055249,224.18911510991646,2.9164232995020547,0.3271870961114896,6.131138783392743,3163.0,0.01636858691385087,33,142
681.6500681095807,1361.2765248978355,409.1761004229884,3.108769338315357,0.09887707962966343,8.236782405972068,2799.0,0.01899364606766687,33,291
715.4210078069552,917.2076650106459,436.30174473739265,3.220234111983625,0.059196123527059885,7.989059626845089,2979.0,0.01759803857499308,33,204
722.542363924608,1048.9427514532324,351.58055427596565,2.9615289149660557,0.046215260235522714,7.36975267902764,2544.0,0.0213976350845811,33,206
763.0315912068714,2286.069588004076,425.40194245580557,3.088376529506089,0.08181700112634173,8.422574490317304,3112.0,0.016691810459752272,33,220
775.0401343408901,1508.1175482787573,368.79728742529073,3.12028653768304,0.08401108866230715,6.998168510337171,2613.0,0.020689079040029017,33,226
1215.0043939948737,2543.623764188942,361.7177540955178,3.089741593145458,0.020785416871858278,7.086012392570562,2794.0,0.01936181126959621,34,480
1238.292372881356,1677.2484388938449,296.95027633912525,2.5383323527302406,0.07869050577578943,9.403866913504858,2449.0,0.02284496528457416,34,23
1300.6525157232704,754.5438286163522,336.9498229289628,3.0095171367225033,0.057018829538022904,7.35091005210591,2543.0,0.021777524094822188,34,11
1325.0160754848855,640.1410099598113,379.0023263801993,3.1685429635117432,0.01876198328670402,7.152236807454399,2591.0,0.02127002549442708,34,13
1352.0089686098654,1215.5493879529754,546.4176472065393,3.2127525859115607,0.03153863149668959,10.728355211181599,4015.0,0.012575802131897532,34,299
1428.4970815289023,590.9623423084165,351.7178674480584,3.126107410636369,0.0614965799258538,6.622441488383703,2496.0,0.022298477240936056,34,54
1439.9635863964274,875.8424939883201,385.55854345369914,3.107293533290152,0.04881997641247595,7.152236807454399,2579.0,0.021394669655752933,34,55
1010.745931503522,1183.8395676463444,545.2918321535141,3.3027726260937977,0.07368378348103936,9.80121340280788,3199.0,0.016422432291750236,34,444
1051.9746725969853,2190.8610081541883,536.0204140697768,3.340343505815248,0.04894269844143217,9.006520424201836,4266.0,0.011730625128803556,34,488
1085.9076178059229,1114.609983237102,355.55888351132097,2.9683874863217214,0.08414914489208934,7.483358881873584,2545.0,0.021755895288257394,34,30
1142.9699058120837,1400.965081552952,288.2748779893426,2.7760006567400155,0.05472158436908276,7.086012392570562,2382.0,0.02367198740208114,34,653
1147.4519056261342,1271.8068446979519,255.42756820695942,2.74364941889133,0.15193876190170308,6.556217073499866,2274.0,0.025138963156661722,34,1135
1193.1625960482986,1546.5323819978046,482.64353567340424,3.2049246888579725,0.031613419235864984,8.940296009317999,3544.0,0.014541846198546256,34,26
1489.4642857142858,1621.8815378610461,339.3339018647809,3.0048750397785,0.10056113472275835,7.284685637222073,2504.0,0.022208051360818305,34,660
1826.380613606047,2266.522009782125,297.87741814749893,2.981937621523492,0.10247923002328942,6.556217073499866,2551.0,0.02169126587606121,34,485
1832.1437740693195,1292.018998716303,257.9440959725452,2.2249605151477687,0.08464368596442451,10.132335477227064,1557.0,0.04271108591823495,34,69
1832.9701403994463,1641.7949377101047,334.89686606756385,2.866276820536328,0.13911959567571547,7.880705371176606,2347.0,0.024128283002764282,34,70
1842.2463857274686,1342.3697323900337,215.29557278735416,2.5997775737147037,0.01826992466911807,6.225094999080681,2065.0,0.028564578235798856,34,67
2061.212518628912,508.7157973174367,444.3658238705464,3.4013892138658113,0.031136419710521637,6.953563562802888,2768.0,0.01958687293831365,34,79
1010.8984527564969,1542.7773771969355,440.8559298817031,3.2460095560788673,0.061476122373069784,7.946929786060443,2890.0,0.018573795387425374,34,84
1492.727572016461,1540.8208504801098,241.38799225158596,2.675294683972316,0.10121935817748472,6.953563562802888,3094.0,0.01709528535128319,34,96
1528.019460619062,1692.731688630095,432.18053153192045,3.2029617767663567,0.027811763234885423,7.946929786060443,2829.0,0.019066886729043758,34,263
1535.4111980734497,1515.4136062612884,329.9962593661599,2.9718729613249057,0.05698131026656183,7.086012392570562,2596.0,0.02121851803121441,34,104
1675.3828879407142,1944.8809791152032,294.8973194777263,2.8102264246544593,0.018605525456360753,7.086012392570562,2773.0,0.01954318640503421,34,110
441.5845576742732,938.4540481400437,423.7038064267893,3.1213600245126836,0.058928425530416176,8.609173934898813,2893.0,0.018550202143579473,34,116
455.7562359772997,467.85561567902863,501.7823915748331,3.35012050195065,0.051089061270460194,8.47672510513114,3079.0,0.017195934590385955,34,119
470.7644412452762,2505.166636674465,368.00907350948233,3.0738320391190497,0.054743639782027,7.35091005210591,2820.0,0.019141862958633127,34,438
475.9506895900246,664.1250708482902,350.52582798014936,2.929842801239911,0.1066157077497263,7.549583296757421,2911.0,0.018409891864861194,34,121
595.4322276822277,1679.247542997543,323.44004229266005,3.0256208708927255,0.20529210369555045,7.0197879776867245,2704.0,0.020163818665405026,34,131
602.4975884244373,1213.7789389067525,164.76634423098653,2.2455744257556276,0.15853927738902884,6.556217073499866,2678.0,0.02040802914417215,34,932
636.111761575306,1635.542132339897,373.30702670018934,3.012981198645011,0.07853306914951286,7.880705371176606,3048.0,0.017407744897596403,34,139
663.8313665778454,792.0401598781881,347.9430757996797,2.967755916650596,0.1432393030098252,7.483358881873584,2690.0,0.02029458564893982,34,726
360.18140564471497,1424.025567238517,598.3375884754676,3.2655231425571993,0.08526599349141212,11.39059936001997,3876.0,0.013098422822442364,34,686
58.614957833999114,233.0335108743897,298.40721346656966,2.748037269155488,0.24995213000142985,8.874071594434161,3766.0,0.013543843862068151,34,147
98.98057280192269,293.7196074504306,330.65850351499824,3.104334332559499,0.1153887116713847,6.887339147919051,2641.0,0.020765937158615647,34,151
149.51809453471196,1923.4726735598229,358.67143101086134,3.036399076220689,0.1257445092273961,8.01315420094428,3130.0,0.0168584677097405,34,443
180.96323930846225,2206.649863512284,363.90315978668445,3.1184676949314722,0.12029079484472474,7.417134466989747,2724.0,0.019979905295462515,34,158
253.83355968009658,1796.6253206579147,438.86919743518797,3.1911110886936043,0.05868019362629424,8.344276275363466,2968.0,0.01797925143790358,34,164
310.4391634980989,1080.488783269962,348.3404222889828,3.01766031293427,0.06478331511703604,7.218461222338236,2551.0,0.02169126587606121,34,760
664.4219792438844,894.382876204596,357.3469427131846,3.04369586309839,0.04558011251016416,7.549583296757421,2641.0,0.020765937158615647,34,142
879.1691213814119,1699.7668867445404,391.1876187188253,3.0637932674565147,0.05597665672445565,8.01315420094428,2732.0,0.019907275913886496,34,1143
890.6043791241751,1949.764847030594,220.79219922271264,2.5344063125175125,0.05900944488907679,6.622441488383703,2487.0,0.022401090617024187,34,280
949.102326461131,1306.003404577265,350.12848149084635,3.01088750051548,0.08452543701404254,7.35091005210591,2873.0,0.018708632273789556,34,187
678.9827586206897,1363.2810042347248,437.8758312119304,3.1327746602636966,0.06813110149779757,8.741622764666488,2868.0,0.018748663551950435,34,291
714.9518918918919,917.3418918918919,490.060670140394,3.2205002129516496,0.07979981660595271,9.205193668853347,3026.0,0.01756125531393436,34,204
722.4222332178789,1048.9012040244104,401.5186274407039,3.146827529944441,0.044978160053132064,7.549583296757421,2642.0,0.0207560989876183,34,206
762.5000735618655,2286.0860673826687,450.12734796544026,3.153938760388556,0.06534082542325749,8.874071594434161,3177.0,0.016558988377691097,34,220
822.9475880487398,914.932565514939,396.7504695690676,3.133271893053708,0.05513681703899877,7.483358881873584,2641.0,0.020765937158615647,34,217
775.1065078236131,1507.6417140825035,372.44610930669944,3.0550310626474997,0.05174839518577657,7.152236807454399,2704.0,0.020163818665405026,34,226
788.4905711206897,1641.130926724138,245.82502804880303,2.900328830940762,0.34378667099372984,7.086012392570562,2477.0,0.02251621881886797,34,214
1215.8703285678455,2543.337095560572,283.8825565028236,2.7961868047580594,0.06077396935873824,6.692992302800456,2684.0,0.020186671351474585,35,480
1300.6144505160898,754.5197328476017,351.80930817167075,3.0234862887386558,0.07116484308858312,7.405012760545185,2590.0,0.02110821675340205,35,11
1324.4980590062112,640.3136645962733,366.83293983008457,3.189352920215861,0.07388145238322721,6.906598440123875,2635.0,0.02065677756432506,35,13
1352.6252788104089,1216.1996282527882,574.6005093999966,3.2831098685426188,0.05038524511884068,10.751508911945413,4101.0,0.012174409950643474,35,299
1193.1319990469383,1673.939957112223,298.8349861154629,2.4937376892159597,0.08247074516453885,9.4698720880049,2426.0,0.022934907420168387,35,23
1010.2681682429069,1183.1781981085117,572.1796398436645,3.3407189623888613,0.015097783270910936,8.971457767583589,3201.0,0.016278001673837677,35,444
1012.0756856136051,1542.4933353761298,464.73575276998486,3.185376229763404,0.07776035296203981,8.829053676034643,3084.0,0.017023970059920606,35,84
1051.5131393048885,2190.356597909014,503.96807999171943,3.3039488476869976,0.06018488887465213,9.327467996455955,4152.0,0.012002943762047738,35,488
1085.390815029951,1114.7382465057178,392.2520701715714,3.15305117493269,0.0735302328083988,7.5474168520941305,2598.0,0.021026524354764785,35,30
1143.3654450261781,1400.4668062827225,339.9897685731083,2.9412751446336656,0.044581386430863575,7.618618897868604,2450.0,0.0226480854900323,35,653
1146.839798170924,1272.0186061179438,225.78168715085368,2.5874183122464163,0.11800959782494302,6.408184119702564,2266.0,0.025049829511719555,35,1135
1192.9554255467335,1546.422064354367,511.15948661494116,3.2100187917742273,0.012143224488309881,9.683478225328319,3682.0,0.013793238333957028,35,26
1427.2968399592253,592.4205912334353,349.2460345237897,3.1006230671736112,0.04011647817707321,6.977800485898348,2532.0,0.021720020880574956,35,54
1826.6546718462482,2266.471069310979,348.24920588294714,3.136634954642203,0.03366326051565213,6.764194348574929,2574.0,0.02127352081540951,35,485
1832.2715289982425,1292.137375512595,243.0837842740506,2.1702574904127028,0.09729652841613835,10.609104820396468,1537.0,0.04320057414764364,35,69
1832.8216053367764,1641.929847213256,330.8759067139757,2.8074649176866515,0.08849443808753986,8.045831172515442,2341.0,0.024011906120058088,35,70
1844.4552281917966,1349.5892547660312,246.5014824712253,2.665547136458854,0.05825525214351157,6.977800485898348,2056.0,0.02849910530379242,35,67
2061.4289534676413,509.15956498484576,399.3722747490187,3.3461126638226744,0.05354194787266097,6.764194348574929,2718.0,0.019872854324395738,35,79
1675.3311567164178,1944.77098880597,305.31437228093995,2.827190076974536,0.029368886023246124,7.191406623221766,2794.0,0.019205476824600057,35,110
1489.398555343106,1622.0193329084343,335.1480294604441,2.9913479087948014,0.06567033971059165,7.120204577447294,2523.0,0.02181814895471867,35,660
1492.3321574452284,1541.046787968808,383.4942185413112,3.111345027425933,0.1127761389233011,7.832225035192023,3140.0,0.016658577736600254,35,96
1528.524861878453,1692.170963781461,463.95253026646566,3.3299706795745627,0.04048175107958913,7.832225035192023,2915.0,0.018230739971438963,35,263
1440.3943709164014,875.8875858602781,425.00501122782896,3.2403315727908253,0.06363381638347225,7.476214806319658,2643.0,0.02057853561679015,35,55
1534.8325808878856,1514.9552294958617,378.5100753370981,3.0508605651703196,0.023660409706741534,7.5474168520941305,2694.0,0.020093348146150276,35,104
442.05523725576614,938.0417217570148,484.67232558683725,3.349000934194435,0.05978271394596803,8.25943730983886,2917.0,0.01821545913806495,35,116
455.80082135523617,467.9466119096509,520.1309443825248,3.3727782506406383,0.028235770473110836,8.615447538711225,3109.0,0.01685888704884861,35,119
471.8448898519321,2503.862044059227,394.3169294990311,3.231274359039712,0.05689729852930768,7.04900253167282,2911.0,0.018261378681415513,35,438
475.76977687626777,664.4296146044625,351.02608566815155,2.993061618125925,0.022334704348504635,7.5474168520941305,2873.0,0.01855766605178469,35,121
595.9939589206605,1678.9407974224728,353.5893593160326,3.027860962071796,0.16557576243684657,7.832225035192023,2774.0,0.01937671789401999,35,131
602.8330664531625,1213.4275420336269,177.8627103446334,2.3710118848049473,0.24590347607873145,6.55058821125151,2653.0,0.020481562761631694,35,932
636.936564931179,1636.9704767604228,356.9358554674328,2.986705030958184,0.09706654640420728,7.761022989417549,3085.0,0.017017304690159385,35,139
361.0028571428571,1424.7789285714287,598.0971845055726,3.213012975534394,0.07666331175102382,11.819539598562507,3956.0,0.012689809026465887,35,686
98.85524091293323,294.19103972950126,336.9280806048059,2.9701601346892694,0.11960313475671448,7.832225035192023,2702.0,0.02001930855792997,35,151
149.70796054140857,1923.954576737784,310.3697175309275,2.8343823544185476,0.07116943416810796,7.832225035192023,3032.0,0.01737791398187517,35,443
181.32512019230768,2206.834735576923,355.44061250616886,3.0604879575749906,0.10268641127956991,7.262608668996239,2746.0,0.019621650388948593,35,158
253.81648936170214,1796.933041301627,455.123476590431,3.2247138981087637,0.07414022260850744,8.829053676034643,2978.0,0.01776139249947256,35,164
310.58083948698015,1080.818694131364,366.4057275554377,3.0917439551208683,0.08761319855671428,7.333810714770712,2558.0,0.021441434393420673,35,760
823.0454468944622,915.2240363575156,423.0113539461437,3.159375400357446,0.0783980358120269,7.9034270809664955,2698.0,0.02005626002123042,35,217
889.0119581464872,1722.009632951337,428.7075176081015,3.1813899978707005,0.04689701354198393,7.689820943643077,2883.0,0.018478767509035397,35,1143
890.5220895522388,1949.8220895522388,238.52685334448432,2.6289433777816686,0.09933750128795002,6.835396394349401,2500.0,0.022072996027023953,35,280
949.4682212133719,1306.0711927362775,345.04511382309585,3.0602021140688915,0.11780300108097427,7.333810714770712,3017.0,0.017482764756015075,35,187
788.2603753634681,1641.2217816547713,269.3573391648311,2.9685103883018478,0.29799793932394053,7.120204577447294,2478.0,0.02232239657921089,35,214
682.4256078898146,1363.5893555517769,418.7392311996753,3.1647232989502494,0.04457520384675884,8.330639355613334,2820.0,0.01898733691741629,35,291
690.3141993957704,868.7422583081571,377.08603442160864,3.0719285006313113,0.11416514933166877,7.689820943643077,2617.0,0.020835016074397517,35,142
715.1009906439185,917.8904788112274,517.4964686888693,3.2720611469985252,0.06163096275139071,9.185063904907008,3138.0,0.016671357166987248,35,204
722.342876276578,1048.8498242089402,425.28981941092684,3.1064327871329174,0.04094001114034395,8.75785163026017,2676.0,0.020261956394189956,35,206
662.3296551724138,795.9462068965518,309.72889911895726,2.883883078280984,0.1461921414018762,7.5474168520941305,2637.0,0.020637161352002654,35,726
775.4952415155324,1508.021547854193,396.5241929180398,3.118823578459864,0.06699571290556097,7.761022989417549,2738.0,0.0196927725608809,35,226
762.7100521221147,2286.2930752047655,478.1217373755857,3.248849959763814,0.07914224442063852,8.75785163026017,3240.0,0.01604366412522773,35,220
1215.9095305258916,2543.6008462623413,311.64336352896936,2.9469758282584047,0.07645562142007704,6.844474435756127,2704.0,0.020816710546358242,36,480
1352.5283294748385,1216.2223711465822,515.3449696720232,3.1854274010797443,0.047278496151528085,9.858554921226716,3944.0,0.013250479029316028,36,299
1300.6709824828636,754.7237242955065,329.7906397852402,2.8831323936104742,0.04963865705158167,7.535201213676471,2469.0,0.02334278987320994,36,11
1324.8504347826088,640.176,361.06172482199753,3.097881464035929,0.10466923703629188,7.4724078702291665,2709.0,0.02076889053626476,36,13
1427.2048260381594,593.4416386083053,335.69321406928674,3.0033651160326844,0.06438201793844259,7.03285446609804,2560.0,0.02229513435443223,36,54
1010.4926534140018,1183.391282874429,508.5632885797145,3.243027034837209,0.05029508175172729,9.544588203990196,3110.0,0.017537813104337784,36,444
1010.9240845070423,1542.869718309859,445.83273847585787,3.1992516730644422,0.054367671771908696,8.602688052280637,2878.0,0.019272476462058877,36,84
1051.9531999532,2190.9246519246517,536.6947064441066,3.26383618654899,0.060553945797686345,9.858554921226716,4246.0,0.01217290523434843,36,488
1085.615504953937,1114.8593777159742,361.25010485233946,2.979593379608134,0.0505525081165186,7.786374587465686,2561.0,0.02228414378221969,36,30
1144.2488830486202,1400.9437582128778,238.92867181699143,2.585159302680694,0.04707094258122271,6.404921031625,2305.0,0.02550248999534624,36,653
1147.418299032978,1271.8879246218696,253.24555412297673,2.7737210369422693,0.1700374033192116,6.404921031625,2215.0,0.026866608831391126,36,1135
1147.4515656473172,1657.7615821278155,342.91444856572673,2.8516709314476496,0.11613700570236951,9.419001517095587,2607.0,0.021790031221122788,36,23
1193.605962410888,1546.3576150356448,484.45064469594973,3.183744356418284,0.018384529177314445,9.419001517095587,3582.0,0.014823381091775691,36,26
1439.8993649242793,875.914020517831,385.6139221098934,3.1737401607636837,0.0713895229489466,6.907267779203432,2567.0,0.02221842722944213,36,55
1825.8825070536075,2267.056428859331,311.58057018552205,2.979406680477562,0.034786077217545605,6.404921031625,2524.0,0.022698145661995624,36,485
1832.4646567012921,1292.317456295921,247.84532658650858,2.2578298860352906,0.08759101228232528,9.6073815474375,1537.0,0.0449993208096068,36,69
1833.0076208178439,1642.2278810408923,337.8281877464951,2.869497320069924,0.06039459129478578,7.786374587465686,2330.0,0.025147809734887762,36,70
1843.9604974396489,1349.413679590344,171.67700098492892,2.4057204442513282,0.1898386040628269,6.153747657835784,1971.0,0.031423534805857675,36,67
2061.381193300768,508.7983251919051,359.9314446399461,3.258222729097496,0.09729914934460093,7.03285446609804,2644.0,0.02140821507126509,36,79
1675.2941176470588,1945.1608339538348,252.9943807491875,2.6026219667885737,0.07776822046751522,7.284027839887255,2703.0,0.020826300985689668,36,110
1489.854272517321,1622.0944572748267,271.89517712682596,2.7190203370945,0.09842953078964814,6.844474435756127,2426.0,0.023872868233934422,36,660
1492.5979107648725,1540.816926345609,354.6568037903726,3.1298333726430094,0.10878233591265067,7.221234496439951,3046.0,0.017984357451293908,36,96
1528.8569916855631,1692.4574452003023,415.3779669039154,3.1828622723733995,0.019212176433518358,7.723581244018383,2831.0,0.019666550507245664,36,263
1534.7270019274574,1514.9912388295077,358.36161105376345,2.9166927414622927,0.09188718223737176,8.100341304702205,2674.0,0.021108319786676426,36,104
442.0605273944528,938.1621806257685,459.58448069081743,3.2384407192530804,0.05230716007326294,8.288721335044118,2868.0,0.019354993725552213,36,116
455.82404045643153,468.0282676348548,484.26226466560786,3.3330631806155586,0.016645049041989834,7.974754617807598,3046.0,0.017984357451293908,36,119
473.41777640136263,2504.7143078352433,405.5194119826887,3.257528146504798,0.04590713931172652,7.4724078702291665,2936.0,0.018807416535217565,36,438
475.9097810734463,665.0563206214689,355.66149728552944,2.968050207442304,0.10960470089439923,7.660787900571078,2847.0,0.01953060087482867,36,121
595.1073046945804,1679.5385173101324,346.43087579877573,3.0124507506520706,0.10890767295473437,7.4724078702291665,2698.0,0.020874386040351633,36,131
603.2000858737656,1212.8209531987977,146.24569688877082,2.110819823272538,0.11420087434612744,6.467714375072304,2618.0,0.02167510318920916,36,932
360.8055586436909,1424.346637020567,564.8261243084988,3.2213676537873086,0.11530345280195081,11.05162844672549,3860.0,0.013584969532800788,36,686
99.071156592099,293.44526415992385,263.8576291655711,2.832630966316908,0.1829611231592958,6.467714375072304,2584.0,0.022034317770609733,36,151
149.88570073511974,1923.6940953284325,264.79952931728064,2.7563280072356524,0.18993287571651554,6.844474435756127,2902.0,0.01907727664712969,36,443
180.92365097588979,2206.814963643322,328.1580128556103,3.0671774479364142,0.06250703052212726,6.844474435756127,2661.0,0.02123723651619685,36,158
254.05083075190086,1796.6457335961702,445.95832516275243,3.2525145699718965,0.06813992083002911,8.100341304702205,2857.0,0.019446582716335443,36,164
310.5484138503006,1081.1660792038151,302.85229544634683,2.8610433669962605,0.08679873370165458,7.284027839887255,2501.0,0.022963342027308365,36,760
636.8089330024814,1636.4873067379272,328.97432632042523,3.052133389724242,0.14092438438116864,7.095647809545343,2978.0,0.018484419520416056,36,139
823.3618901920788,915.5753867074621,369.413239500489,3.049732267698345,0.03764282117833117,7.786374587465686,2612.0,0.021737640483037182,36,217
885.8528610354224,1743.199250681199,368.72251272256864,3.080880655442372,0.05798106383842364,7.095647809545343,3162.0,0.017191001032531125,36,1143
967.1602694977541,1304.864434463046,307.5617962048946,2.878476469669927,0.08729617611038028,7.158441152992647,2986.0,0.018424150029452968,36,187
660.8272506082725,795.1749953209808,335.50483403894486,2.879643228676412,0.0359761285048069,7.535201213676471,2727.0,0.020598542725172968,36,726
890.7519818799547,1950.3042657606643,166.33956679190808,2.2483583205947943,0.12851891222363712,6.404921031625,2432.0,0.02379746312491297,36,280
689.2780141843972,867.5218085106383,354.1544570427941,3.0741717445343903,0.04461801419494906,7.535201213676471,2567.0,0.02221842722944213,36,142
715.4268504885557,917.8276000535403,469.1290688948076,3.277958824381945,0.04920874300243356,8.288721335044118,2989.0,0.018401650173136327,36,204
722.683275862069,1048.6363793103449,364.2013919943627,3.045007219288198,0.0822462467351561,7.597994557123775,2577.0,0.02210975676167758,36,206
682.4272727272727,1360.7707575757577,414.4360667522059,3.1700540096727727,0.09338691957699899,8.288721335044118,2819.0,0.019769761301905456,36,291
763.1643699389118,2286.486716863191,442.0023445255723,3.17621863613778,0.03313704597196446,8.539894708833334,3178.0,0.017087032466997863,36,220
788.4793309438471,1641.3082437275987,262.79014232696693,2.8746409053181017,0.20041736168433513,6.71888774886152,2423.0,0.02391075027038215,36,214
775.5538175046555,1507.7985102420857,337.2002543120221,2.9703688740074448,0.13034487848249926,7.409614526781863,2639.0,0.021459028063433715,36,226
1193.1464685952567,1546.5790982538442,483.38546737236965,3.2211511045530457,0.0408012709495038,9.574484107453765,3552.0,0.014682291243976759,37,26
1215.8522803114572,2543.4843159065626,283.140171467136,2.806198446637949,0.056997304875539306,6.9918929995221575,2657.0,0.02086555602769797,37,480
1300.7534121929027,754.5959963603276,346.1301984898581,2.995082411774541,0.07034920130710581,7.432823188681212,2485.0,0.022702993395174818,37,11
1325.4632137628112,640.2390190336749,344.17750765215374,2.9986880977299153,0.08091814462971901,7.8107633508175445,2624.0,0.021194666346011144,37,13
1352.7014168874553,1216.1162308489804,546.8164245842509,3.246168645391554,0.009991702311589641,10.141394350658263,3992.0,0.01281528491779273,37,299
1010.3150235411614,1542.8637466114994,441.49709940225944,3.2198866654578846,0.051910485672508146,7.8107633508175445,2877.0,0.01890818360133143,37,84
1011.4298015724448,1183.4661175589667,504.73908653307245,3.258603220048924,0.039426231420398805,9.385514026385598,3094.0,0.017306793402343503,37,444
1051.5597980046805,2190.2116024140905,511.416029397481,3.3069924462100837,0.04891489498431535,8.818603783181098,4165.0,0.01220506620556627,37,488
1084.050511830844,1114.7388823628125,375.3575710284012,3.1134772458614064,0.030958125248678813,7.117873053567601,2550.0,0.021971798583966026,37,30
1127.2867951720411,1620.675013511079,349.65764000313055,2.690951095541286,0.07972764420458955,10.204384377680986,2539.0,0.022092210224597945,37,23
1144.1783261802575,1401.5618025751073,293.53352592588516,2.8284650594049556,0.096757022651992,7.180863080590323,2385.0,0.023928065716680887,37,653
1147.5423602484473,1271.9272049689441,253.5348587664566,2.7129319932501073,0.14257997627297175,6.48797278334038,2252.0,0.025778106303778775,37,1135
1826.0612204333136,2266.8121645796064,316.90282595131504,2.99097562707374,0.07184762726634672,6.613952837385824,2549.0,0.02198269083077045,37,485
1832.4570017431727,1292.9988378849507,216.81167301220958,2.125014953633683,0.07082012353353588,9.889434242567376,1493.0,0.04613355840261092,37,69
1833.2379219729128,1642.3147362037598,311.6116636814064,2.7782399723286604,0.14535407831054897,7.873753377840267,2317.0,0.02483951090803442,37,70
1843.2167872648336,1350.923010130246,217.63054336350498,2.4273525745107736,0.015479338674975146,6.550962810363102,2021.0,0.029776734999404347,37,67
2061.155119558553,510.8159104843654,410.9469362962392,3.2970408299279734,0.059155716851017594,7.180863080590323,2705.0,0.020404692576367383,37,79
1675.7576923076922,1945.1733031674207,278.4159194404318,2.731871551143227,0.0758803146745469,7.117873053567601,2733.0,0.020145137613117946,37,110
1440.203970484891,876.1365073787772,358.5392338133344,3.0794697958368644,0.10583833017903917,7.054883026544879,2637.0,0.021063785117052432,37,55
1491.3296947645038,1623.4038811400849,311.6116636814064,2.91954650052859,0.12926757315666557,7.117873053567601,2432.0,0.023336222040820143,37,660
1492.9232490104973,1540.7064188607812,366.0350470290383,3.106883902821844,0.1626300758729633,7.8107633508175445,3074.0,0.017442949640614665,37,96
1426.988603988604,593.0235042735043,353.7519917596075,3.142167941600094,0.028814674145271908,6.676942864408546,2500.0,0.022529969534359703,37,54
1528.5689472889292,1693.0117806977798,417.05696891744327,3.1491159040584353,0.028671616996440042,7.8107633508175445,2857.0,0.01907082092036637,37,263
1535.4462084422862,1515.4482629809488,337.2486046796543,3.0380171167217296,0.08450482901971043,7.306843134635768,2620.0,0.021235265340696315,37,104
441.934819897084,938.1789154241984,477.40141480521106,3.2506659928417863,0.08021491903401684,8.440663621044767,2888.0,0.01881990995846636,37,116
455.75214303208423,468.1545432280186,514.3765606675489,3.37119085030854,0.027059631107696897,8.377673594022044,3086.0,0.017361000024610475,37,119
474.403147916294,2505.3532462886783,352.17724108403945,2.9943905106875155,0.06855477278893395,7.432823188681212,2922.0,0.018552200995723255,37,438
476.02976296560325,664.9361967563714,353.43704162449393,2.9649830651665265,0.11342401583813043,7.936743404862989,2901.0,0.01871664336023831,37,121
361.5537681798149,1424.396870868224,571.6974852582262,3.2854165790414553,0.08782351393321644,10.771294620885485,3839.0,0.013408155279590207,37,686
98.81399014778324,293.63428571428574,319.6743871403148,3.0018713375315733,0.07611965153033172,7.117873053567601,2636.0,0.021073795488411252,37,151
150.21052631578948,1923.8177006762717,214.229081904278,2.622813983155909,0.1860777750389706,6.361992729294935,2853.0,0.01910368470177546,37,443
595.1568759468103,1680.4931829658306,374.2237505419922,3.1153820178244067,0.13606823194126794,7.7477733237948225,2767.0,0.019838706040486473,37,131
181.49382950446176,2207.1319536738183,331.7684723286775,3.0213781673266427,0.06532227307292983,7.180863080590323,2655.0,0.020885210882279726,37,158
254.1848903574647,1796.7379092820668,419.387599917284,3.157191507602981,0.02663101079129115,7.999733431885711,2839.0,0.019219605310867218,37,164
310.90186827703343,1081.0033968673335,333.7841531934046,2.9396008345719906,0.05428261269353277,7.243853107613045,2531.0,0.022180614596347115,37,760
603.383525903839,1213.5713753261275,169.00224250196348,2.2246208117886095,0.11792091266459732,6.865912945476713,2641.0,0.021023838552814915,37,932
823.0974652493868,915.5461978740801,385.18401524394585,3.0722826508698136,0.044775040515857824,7.7477733237948225,2640.0,0.021033810982709535,37,217
875.0576576576576,1967.0618618618619,209.7567899856647,2.93267805948771,0.4348358486221549,6.424982756317658,2848.0,0.01914492405126004,37,280
888.2433255688944,1768.2119691811504,351.54734081381224,2.9481270570648315,0.08693378083403697,7.36983316165849,2857.0,0.01907082092036637,37,1143
949.2244659546061,1306.0188584779705,377.436241920151,3.129706069282994,0.08212726874504216,7.180863080590323,2921.0,0.018559966034523707,37,187
788.8227501142075,1641.595705801736,275.77033830547754,3.0400103387576354,0.3098816854627897,7.117873053567601,2451.0,0.023105193954842593,37,214
681.0107416127133,1360.0843143025309,428.08022364641965,3.1435163614610624,0.09250803330579098,8.440663621044767,2834.0,0.019261347203945227,37,291
696.5190404294582,893.7151484650226,375.48355108244664,3.126210552310838,0.09138615854035574,7.684783296772101,2659.0,0.020845938132292463,37,142
715.1210869020787,918.0553468569998,503.03835580345896,3.364473873844709,0.06607560081262595,8.2516935399766,3071.0,0.017463558071523014,37,204
722.5868205868206,1048.985088985089,392.868798540718,3.194235829815305,0.03209672250337487,7.432823188681212,2574.0,0.021713584817512885,37,206
661.1170508744038,794.860492845787,316.9658159783378,2.895263661450607,0.10402553402243943,7.432823188681212,2703.0,0.020423488383782135,37,726
775.4030921262353,1508.0291679948996,395.1994295405587,3.113310140650557,0.06233422696192763,7.558803242726657,2696.0,0.02048954728379354,37,226
636.9278041908786,1636.6689558020778,357.720363462039,3.0708026955961953,0.13971009626803438,7.432823188681212,3003.0,0.017944103469411457,37,139
763.1226531451281,2286.5850349458683,459.63822718480344,3.1447644821313014,0.0376220740564603,9.13355391829471,3211.0,0.016551008944505053,37,220
759.060042887777,548.31308077198,88.12304780478827,1.7085748505740965,0.1671656823483382,6.110032621204047,2234.0,0.026050698805430428,37,1249
1193.7188115561391,1546.5241300065659,419.7461192818446,3.067472797450557,0.0772432085672168,8.612650182244021,3283.0,0.015652551005871304,38,26
1216.6888694127958,2543.4509202453987,157.23254172704685,2.2045884744789523,0.16756472718567653,6.270009332673647,2399.0,0.023051845335136774,38,480
1301.220248667851,754.13121669627,310.33101136661656,2.860003167345996,0.1123523970717393,7.303527354542929,2330.0,0.0239349971826503,38,11
1352.7810785494446,1216.278736785762,514.8986784952765,3.2345113121369713,0.019811281302535084,9.715069405571255,3801.0,0.013174567229238605,38,299
1325.9126410835215,640.1121896162529,305.2323224587281,2.9649571083959274,0.15005704800904415,7.234626153084977,2462.0,0.022300552775131727,38,13
1083.5078816670266,1114.6238393435542,319.08146395177647,2.9970834451652366,0.03622551932526961,6.6834165414213595,2335.0,0.023868732829689845,38,30
1011.1007253318735,1183.917613247571,503.46107905325647,3.351984678729553,0.05830638337067575,8.405946577870164,2885.0,0.018296716062316403,38,444
1010.8561489281685,1542.9255359157578,366.4165893533896,2.988727725735219,0.03487988495771801,7.785835764748595,2624.0,0.02057613805577948,38,84
1052.1886843899115,2190.8857532379006,505.3903126940791,3.2649425774557144,0.05326640401947123,9.57726700265535,3909.0,0.012753607666480331,38,488
1142.7564634535588,1400.7596552824768,215.86746416776413,2.474768944326082,0.03850877691698727,6.614515339963408,2193.0,0.02590557896727724,38,653
1147.6041379310345,1272.5181609195402,149.86011317104595,2.5536991424881723,0.3569943692602505,6.132206929757743,2076.0,0.027864794534903616,38,1135
1156.252266333229,1594.123476086277,220.41494346398898,2.2581172393629934,0.05885179305966736,8.612650182244021,2241.0,0.025179264339636267,38,23
1407.8610763454317,895.9136420525657,220.2082398596151,2.5257125786671666,0.03961728535792694,6.476712937047504,2084.0,0.027721440855306236,38,55
1675.5843828715365,1944.8,273.5377697880701,2.6557290384074963,0.01298237086660692,7.441329757458834,2714.0,0.01972861749948488,38,110
1427.0565105710334,593.1343607982612,348.7089805786959,3.05860559215244,0.036918448673867545,7.096823750169073,2459.0,0.022335216422766355,38,54
1820.1718986384267,2297.5300680786686,364.34955330965107,3.2325991752982897,0.03578415994242508,6.545614138505456,2529.0,0.02155349307600893,38,485
1832.5840942562593,1292.4745213549338,233.9195789497476,2.277830660608779,0.10178677368275678,10.059575412861015,1500.0,0.044393869106799384,38,69
1833.02,1642.427912087912,313.5004666336823,2.8151083753268122,0.11252628145732758,7.716934563290643,2269.0,0.02477408627327542,38,70
1844.3135267389025,1351.3065361761621,197.12633737120115,2.5368311056750956,0.18139972777667945,6.338910534131599,2022.0,0.028872614434960413,38,67
2062.082542852388,510.63171908803463,414.02731956083454,3.3116535787822388,0.021885406259179275,7.027922548711121,2705.0,0.019810214756390606,38,79
1491.5207887859349,1624.2796388690901,290.0051569365207,2.821193929262061,0.05388795734383504,7.096823750169073,2391.0,0.02315088530527602,38,660
1493.1904276985742,1541.2468431771895,338.30489915854514,2.993101368894921,0.13281139411967255,7.785835764748595,3022.0,0.01729125021313259,38,96
1528.9145246206256,1692.722359863735,444.9639590154551,3.272893259489968,0.0635776797884272,7.579132160374738,2800.0,0.01898152658511654,38,263
1535.0377279396353,1515.1938796897925,328.72763215588975,2.887791865258476,0.11541333524175325,7.441329757458834,2595.0,0.02086495760308798,38,104
362.8893271461717,1425.5665893271462,593.9283565675477,3.164514675625724,0.08679289968619426,12.264413859515486,3949.0,0.012604443694265142,38,686
441.890873015873,938.7051282051282,451.44067195250256,3.2474513346530953,0.045836046656501796,8.130341772038355,2846.0,0.018604685270533335,38,116
455.8376811594203,467.9661835748792,499.18920456286344,3.3192455926532203,0.02917817436272244,8.337045376412211,3056.0,0.017058603986543373,38,119
473.13473723443906,2505.5896384644057,369.7238470233713,3.1226929613076075,0.05321211560244957,7.372428556000882,2877.0,0.018359055183570464,38,438
475.5913621262458,665.2874731287864,352.56744786034125,2.941219464215761,0.03711014386528517,8.130341772038355,2865.0,0.01845336444539005,38,121
310.5209986000933,1081.110825944937,295.310549448783,2.8622928720347574,0.1019421722057731,7.096823750169073,2451.0,0.02242818184239032,38,760
99.92624277456648,293.91028901734103,297.9976963056431,2.8818346757345217,0.14048153674337158,7.165724951627025,2554.0,0.021287403671234245,38,151
150.65022338049144,1923.8052866716307,370.137254232119,3.0450514033664042,0.14781229840385826,7.923638167664499,3133.0,0.01655418747427219,38,443
180.9918908227848,2206.9446202531644,348.36447457140616,3.0555575533812673,0.035022609965091885,7.096823750169073,2699.0,0.019864988947795387,38,158
254.2581587920117,1797.016885858094,424.36249977952735,3.1302306443766477,0.051185258972447564,8.199242973496307,2877.0,0.018359055183570464,38,164
776.1459315433491,1507.8110268497644,336.1689619133486,2.8944682241253585,0.06868670986049112,7.441329757458834,2576.0,0.02105862131689346,38,226
789.3978015448604,1641.3140225787286,231.92144410746698,3.0364198513978864,0.3962504621411223,6.6834165414213595,2405.0,0.022978119678747282,38,214
823.4472880061115,915.1915584415584,360.7666908338375,3.036290557804587,0.028015045004498963,7.303527354542929,2536.0,0.021478319843955405,38,217
888.8948899044453,1788.134399667636,331.6903838185817,2.9478573404890818,0.09890538173138286,7.027922548711121,2596.0,0.020854863399273647,38,1143
950.7442211055277,1305.8630653266332,274.2267818026496,2.7587685695071458,0.057420560883611874,6.476712937047504,2601.0,0.020804538530136307,38,187
763.1343570057581,2286.5454545454545,394.8727855555239,3.0348697631279817,0.038226460410390815,8.199242973496307,3005.0,0.017409969296625267,38,220
595.4353518821604,1680.4511729405347,378.88770681727897,3.080716882820151,0.05365875660915426,8.337045376412211,2733.0,0.019558545032530097,38,131
603.526026026026,1210.1696696696697,137.66460051298841,2.31438033960634,0.3187127051251793,6.338910534131599,2517.0,0.021683593098805062,38,932
636.7409625194057,1636.4105123087159,310.6755173739063,2.8387975176465994,0.09817826873371632,7.234626153084977,2920.0,0.01802888722965952,38,139
661.2761074133579,794.9006196924489,300.2025347522976,2.808966266256453,0.09234342379320389,7.372428556000882,2630.0,0.020517377731631835,38,726
679.9490189208129,1360.6871058163981,393.28805792199097,3.048573138042746,0.1364368998208487,7.923638167664499,2769.0,0.01924421458610426,38,291
715.6208461425853,917.934855804421,470.6641071592712,3.2471286145603186,0.059344156794826214,8.405946577870164,2980.0,0.01758754785226743,38,204
722.5727619855749,1048.6391599490878,324.8002636727865,2.9488281759659016,0.10692703234757467,7.372428556000882,2440.0,0.022557280195253635,38,206
758.9255222524978,548.0036330608538,75.86022280520534,1.5619220093545276,0.17446960927655744,6.201108131215695,2100.0,0.02743911342813742,38,1249
1193.4889371521651,1547.144835075336,484.63599480586134,3.2455083244337937,0.06260296238784192,9.275644803532842,3588.0,0.01436201523797576,39,26
1196.6133586177834,1608.7638010956596,312.21425700402034,2.627851730932324,0.044542854943591205,9.20986008861417,2511.0,0.022174862913259232,39,23
1215.5071851225698,2544.179712595097,389.1165887439487,3.127036952361936,0.07697855416709229,7.499457500728681,2849.0,0.018941150932714913,39,480
1301.3221993833504,754.7112024665981,384.0511656952109,3.1512353679078635,0.059546625840662934,7.433672785810009,2478.0,0.02255074629855747,39,11
1326.0311475409835,640.4702868852459,321.02940880312246,3.043031544957521,0.14196066539528632,7.170533926135318,2573.0,0.02150151574716787,39,13
1147.803738317757,1272.5183800623054,211.1689348889392,2.5028332854644275,0.049917361924431455,6.249547917273901,2268.0,0.02527739970310426,39,1135
1144.8348789866545,1401.121239538566,290.83422465545175,2.8352963205037676,0.044383787724504374,6.578471491867264,2365.0,0.023940337168811124,39,653
1352.7526291723823,1216.1935299497027,575.4846861085483,3.2520789312991916,0.031129133285346257,10.591339101906295,4139.0,0.012168582591549789,39,299
1011.1349041349041,1184.001848001848,569.5640617658677,3.3556081803610893,0.06775887520276451,9.736137807963551,3197.0,0.016468528864634176,39,444
1010.8044006286613,1543.7606800971566,460.4272197157898,3.2206115732198968,0.01158402429282024,8.420443509590099,2866.0,0.01880323791728652,39,84
1052.1234657917123,2190.9880908980435,541.3424190657572,3.3132338480736463,0.045368679230460875,9.801922522882224,4255.0,0.011789519571772789,39,488
1084.4277065527065,1115.7117165242166,369.4469589832656,3.0983694360732974,0.027152595556412886,7.104749211216645,2540.0,0.021854736257084745,39,30
1675.852298588985,1945.2093764223941,289.0580373526476,2.8236355315319024,0.05545250048734821,6.9731797813793,2783.0,0.019496313436165785,39,110
1790.26369168357,2331.1255070993916,259.4549156392449,2.826857930750869,0.1117919221954068,6.1837632023552285,2413.0,0.023329679795963062,39,485
1832.7388691614312,1292.8292816170444,240.83784131726054,2.176141394413184,0.10463654211850423,10.45976967206895,1526.0,0.0441312350332017,39,69
1833.6027454242928,1642.1749168053245,316.29290932897806,2.833239533862183,0.10428043129391276,7.367888070891336,2302.0,0.02479206500468524,39,70
1839.144111413866,1348.2270663033605,217.28691337637574,2.5826923408568114,0.24892070401401728,6.578471491867264,2043.0,0.02903941049214963,39,67
2063.0304026294166,511.8453574363188,400.29999028012304,3.2773719355018964,0.030392600161577583,7.0389644962979725,2687.0,0.020364503652917507,39,79
1427.3064577760795,593.0930454719144,344.3171978843326,3.076809358293612,0.01797689192874455,6.512686776948591,2538.0,0.021876516918763796,39,54
1491.6317185289959,1625.1145685997171,372.07834758001246,3.1101023964732732,0.08583052368217152,7.367888070891336,2508.0,0.022208515546769163,39,660
1492.9858196256382,1541.5889582151635,347.9353572048596,3.0128921951913514,0.09886226345888559,7.565242215647354,3042.0,0.017485184940899685,39,96
1528.989137279597,1693.4143576826195,417.8645091634086,3.1796790627460334,0.06031119959241169,8.091519934996734,2837.0,0.01903972566911401,39,263
1535.4418013437444,1515.4605048120575,362.2764250571302,3.051819272437007,0.045362382868059166,7.499457500728681,2674.0,0.020488051495398646,39,104
776.0779655051039,1508.2819429778247,373.78875016789794,3.077978692829001,0.07098710200740646,7.302103355972664,2694.0,0.02029859307286429,39,226
442.11301169590644,938.6852339181287,449.9674500437209,3.26424005825165,0.04544884963380792,7.828381075322044,2835.0,0.01905625463017166,39,116
456.1475213219616,468.63539445629,493.6485007497195,3.2578632119671824,0.05549180234853985,9.144075373695497,3079.0,0.01723125944877871,39,119
472.3457943925234,2505.0664364079644,323.79236682970674,2.995899947821822,0.07346054455101868,7.302103355972664,2802.0,0.019333186057802623,39,438
475.26687543493387,665.599164926931,378.1305413525303,3.0452970917752293,0.060602408010485824,7.828381075322044,2876.0,0.01872304675834553,39,121
365.43720190779015,1425.6779881485763,455.164442522296,3.0951803887601073,0.14084173729652538,9.933491952719569,3574.0,0.014428095193932173,39,686
99.58266522210184,293.5908992416035,303.59645934967426,2.970129369635723,0.04232560184420917,7.0389644962979725,2558.0,0.021660644639594932,39,151
151.0761709868122,1923.6994088221918,289.32117621232226,2.7699009131497063,0.09750871833578131,7.170533926135318,2932.0,0.01828632158204651,39,443
181.63434163701066,2207.0037366548045,369.71009784294023,3.179561061046834,0.030633508203171282,6.9731797813793,2703.0,0.020214475207205384,39,158
254.73092489881577,1796.926397841403,438.8498332224652,3.2334817128612596,0.0625444916063204,7.828381075322044,2883.0,0.018667318710346457,39,164
311.20725388601034,1081.0713431646075,330.1076994618993,2.878363092673377,0.015346277417495814,7.302103355972664,2541.0,0.021843862182072755,39,760
601.3780132450331,1207.3388079470199,248.33729881798922,2.663165471976127,0.07348536658915276,6.907395066460627,2519.0,0.022085619157992044,39,932
811.6398054880167,576.1615144147273,189.39419425085853,2.4123394723312224,0.1778848710600825,6.512686776948591,2260.0,0.02539437042226357,39,1249
823.7222135375957,915.7112709082382,420.8248213347489,3.1845924211021894,0.053680928622744956,7.828381075322044,2706.0,0.020186590632269227,39,217
890.7267080745341,1791.9167366123888,391.8795467705329,3.1276893749090697,0.12335489777636435,7.631026930566026,2794.0,0.019401537375141813,39,1143
950.35525606469,1306.1322551662174,366.0919385224133,3.13296245248188,0.06518721058052945,7.104749211216645,2839.0,0.01902322535689541,39,187
595.8305084745763,1680.5919038999507,399.7737125607736,3.075379038167844,0.12320076405609376,8.420443509590099,2804.0,0.01931617341244926,39,131
792.4312175845888,1640.8493455174116,266.3623107057055,2.936640553873168,0.27908425268849374,7.302103355972664,2608.0,0.021139154241605267,39,214
637.3288630904724,1636.68775020016,328.66043573368853,2.9450872365797336,0.03828257062411668,7.170533926135318,3033.0,0.017548086270763767,39,139
661.066904047976,794.7987256371814,351.0272388060372,2.958451669684511,0.06421418064666812,7.499457500728681,2748.0,0.019804131189540417,39,726
673.476504854369,960.5333980582524,338.7912818311641,3.0772260866484142,0.08490781817005606,6.644256206785937,2739.0,0.019884861794672627,39,1297
679.4920913884007,1361.9063748202589,411.74653067597205,3.097499622980335,0.03144887863671376,8.815151799102134,2801.0,0.019341703623296753,39,291
685.7939974457216,1619.7777777777778,515.0943178132068,3.2230214360941427,0.037914971478928826,9.670353093044879,3153.0,0.016744909501654835,39,1293
763.388848449556,2286.4994904644054,451.87520677636235,3.2277323204457553,0.027212626055341377,8.880936514020807,3162.0,0.016687624995578604,39,220
722.7783933518006,1048.5103878116342,379.9725133702532,3.050021570242966,0.04533177546923467,7.762596360403371,2597.0,0.02125171619655977,39,206
715.7327145547484,918.1717783158462,489.04357070541244,3.2643796246975376,0.06826801196011127,8.354658794671426,3033.0,0.017548086270763767,39,204
1193.843134857562,1547.1154175327058,511.5902940587741,3.2662546015493144,0.03512137178161368,9.069640865450818,3638.0,0.014094009358845631,40,26
1196.462969588551,1648.7441860465117,349.650292674966,2.6612571847192887,0.0738394227512807,10.570822801801297,2513.0,0.022093344421221524,40,23
1216.0366784583875,2544.2662446471795,335.9520075057679,3.0050847494114103,0.07543919263814074,7.0680649503168445,2739.0,0.01983211661758174,40,480
1298.630972338642,754.6466890192792,298.4850083443538,2.821194185153456,0.11963848053236513,7.1931634450127175,2374.0,0.023759513845495316,40,11
1326.0236178207192,640.6120951869744,349.5877434276181,3.0381954508855014,0.05094071154176281,7.568458929100338,2580.0,0.021370964387970284,40,13
1352.7704821638574,1217.6816934535477,638.2525199383458,3.3059999148644112,0.04978996241439391,11.759258501412095,4762.0,0.010349938982979996,40,299
1006.7340505005229,1548.7646795159121,418.64211249974016,3.206918600262656,0.017651152416214705,7.505909681752401,2853.0,0.01885850333758346,40,84
1010.9470540944068,1183.8388652808085,544.6162966584847,3.293010580929648,0.033533979060653245,9.57003484423431,3136.0,0.016809873680262488,40,444
1084.0177755205689,1115.9512442864398,369.4784040842619,3.0334459746506264,0.04127791473060278,7.380811187056527,2572.0,0.021454725496642756,40,30
1114.860579366424,1291.903608334745,369.2282070948702,3.018100008929411,0.1314017009817442,8.068852907883832,2815.0,0.019172242755212017,40,1135
1143.485588049653,1398.7468966968231,297.29657264474304,2.9055183028949956,0.06669030797603158,6.630220218881288,2361.0,0.023928284843872254,40,653
1052.233908045977,2191.0252873563218,544.1784519270491,3.3061593511463436,0.012268729749754879,9.632584091582247,4226.0,0.011851255598404267,40,488
1427.8185840707965,593.0454867256637,353.4032475158422,3.064267369743433,0.16431883477182851,7.443360434404465,2567.0,0.021507410430205053,40,54
1817.4780701754387,1333.9138471177944,199.65719753461386,2.4657427315202844,0.122465141793973,6.380023229489541,1999.0,0.029828314610555146,40,67
1832.7556116015132,1292.9500630517025,248.00776573456892,2.218630276239863,0.11737504816326852,9.632584091582247,1543.0,0.04326695070222107,40,69
1833.560794044665,1642.2607367818287,327.6955068558402,2.8719241079274678,0.12059965532838222,7.756106671144147,2309.0,0.024628046639756564,40,70
1675.7962289868242,1944.9577464788733,275.34178682561725,2.6853380487687915,0.10713486391783031,7.568458929100338,2814.0,0.01918064008796009,40,110
2062.4968673860076,511.67821092934213,359.40797526124413,3.16645751350373,0.031540175519116774,6.9429664556209705,2615.0,0.02101207025694576,40,79
1493.2448912865784,1541.1657675331044,382.61374602732866,3.059969515854657,0.11536704996841347,7.818655918492084,3123.0,0.016894178075438675,40,96
1492.0,1624.9424557351808,325.00588921987895,2.9438876016131266,0.10018117869761,7.380811187056527,2469.0,0.022594912808887094,40,660
1529.1114836546521,1693.2964515227718,447.72751251653074,3.255961497809294,0.03744323245717311,7.818655918492084,2882.0,0.018625893708750764,40,263
1535.1843468252446,1515.654517552273,326.0692264247939,2.9011464425274767,0.08614806064941806,7.380811187056527,2633.0,0.020832149701032723,40,104
442.1280108254398,938.8485791610284,462.23893790125203,3.2881260112356623,0.05508904951085098,7.756106671144147,2811.0,0.019205876280079286,40,116
456.089,468.756,500.39397878349337,3.362885665615172,0.030163762465674582,8.256500649927641,3079.0,0.017185898839493827,40,119
473.9956358164033,2504.2413844996236,415.6397486270392,3.245625637497498,0.10703781252983649,7.255712692360654,2902.0,0.018468788397097532,40,438
474.6804229195089,664.9481582537517,366.78878644830064,2.9980097991497776,0.08607650171392615,7.943754413187958,2871.0,0.018713446284538856,40,121
595.6117133149976,1680.549749231516,386.6168978575966,3.0596983121751173,0.1107629086684551,8.569246886667324,2812.0,0.019197456840706905,40,131
600.4467920639011,1206.3107446534398,242.75362895734224,2.6821674368385935,0.15338619945514662,6.56767097153335,2447.0,0.02285433509888007,40,932
370.129354874162,1432.8039344982965,569.1356016188757,3.164831057338901,0.09174339583905664,11.696709254064158,3955.0,0.01278921232036079,40,686
99.46381805651275,293.7263955892488,272.27687370556833,2.8257862214531495,0.08831509455643352,7.255712692360654,2550.0,0.021688490947707164,40,151
150.85154826958106,1923.986111111111,274.7162943521379,2.704605462980232,0.14964879053259023,7.318261939708591,2996.0,0.01776454045968321,40,443
180.8816657245148,2206.653664970793,331.94885567549994,3.0413890095799556,0.07413541688028545,7.130614197664781,2702.0,0.020170091168761912,40,158
254.50007243227583,1796.8610748949732,431.77745444280686,3.2221572822860582,0.049985969706286236,8.319049897275578,2878.0,0.01865763605875987,40,164
310.58870356330556,1081.0064442759667,330.0098290077139,2.9559567081829883,0.06487247975416094,7.443360434404465,2505.0,0.022182875670036965,40,760
641.0762018411183,983.1950221616092,366.9138849429965,2.991435667173092,0.046930837540789624,7.818655918492084,2585.0,0.021318945006803626,40,1297
823.4441265299635,915.8564616118264,393.4973150658696,3.1208377144698223,0.07201310026490834,7.818655918492084,2689.0,0.02029159015172618,40,217
824.4113069016153,601.7847283406754,425.96037443944874,3.0950910875031226,0.04317175554401446,9.132190112798755,2550.0,0.021688490947707164,40,1249
889.1458434613514,1793.7031275320046,385.99140538411723,3.0819835479008773,0.05862998393998645,7.318261939708591,2781.0,0.01946193928768686,40,1143
949.6511022391945,1306.718625238674,360.34621397146316,3.0705130981067077,0.06366789095005285,7.0680649503168445,2839.0,0.01897288965719657,40,187
636.4608480346642,1636.8356545961003,202.0966181811834,2.468370010893385,0.18197319527899453,7.130614197664781,3119.0,0.01692028827336759,40,139
792.6079007508978,1639.9291544237676,191.58834462673002,2.41823521883638,0.1839119658325499,7.0680649503168445,2767.0,0.01958378665937844,40,214
661.7036886907175,794.9300770166194,308.61798641471955,2.793929083631432,0.10049305036726099,7.568458929100338,2678.0,0.020395546126007982,40,726
680.33948452036,1362.966295561995,410.1354148604208,3.090101382119481,0.12767042262656814,8.569246886667324,2819.0,0.01913872682315314,40,291
715.3179337479376,918.0503871049625,492.82551985439306,3.30180119070362,0.014490422138369253,8.381599144623515,3111.0,0.016972751542096442,40,204
722.9984043401947,1049.2816339556407,391.99613312951914,3.11901573178982,0.11780545213094536,7.568458929100338,2597.0,0.021195125719624806,40,206
642.6354470681879,1623.284425577076,235.74811325437332,2.50909727122655,0.04630498281185001,7.1931634450127175,3093.0,0.017091991765483143,40,1293
763.7453432676956,2286.8122671633846,470.12014306709204,3.1840182671751682,0.07384273504349272,9.194739360146691,3221.0,0.01627873328739367,40,220
775.8386185243328,1508.185557299843,398.4387056063566,3.182418341327091,0.03692190417247307,7.1931634450127175,2699.0,0.020198000076026904,40,226
1215.8343313373252,2543.747105788423,327.0173645674081,2.970009778406855,0.04411532640892538,7.180021976529918,2835.0,0.018732069016745703,41,480
1193.4939329992087,1547.736481139541,494.89933296408947,3.1610053194174452,0.08481703799415079,10.117303694201249,3756.0,0.013384553951476665,41,26
1301.1769289243634,754.8806537438236,343.46614218636756,2.9486611898654576,0.0945293561740918,7.506386611826733,2445.0,0.022546526042672984,41,11
1325.679686074101,640.7149114801971,357.6303673582493,3.1249164982455904,0.08222543720039063,6.98420319535183,2581.0,0.02105164280842105,41,13
1352.8825429642072,1216.4213722703191,505.1471825124094,3.178133065843821,0.0621948450551017,9.856211985963798,4130.0,0.011994130714722636,41,299
1426.4874929471507,592.4688734248637,347.0561531746325,3.153254347058417,0.042375850626832814,6.657838560055016,2635.0,0.02051165592601656,41,54
1158.051326129666,1661.473231827112,265.7913589857257,2.4858143704788924,0.06787805916587565,8.746572225954628,2336.0,0.023907145219592283,41,23
1149.2493096646942,1286.8343195266273,330.9337401909699,2.9288067997423393,0.0964759959689196,7.310567830648644,3051.0,0.017127237126987552,41,1135
1009.6840509399636,1551.7446937537902,430.54022688355764,3.1573837531963793,0.03824430353055196,8.420207590657814,2910.0,0.018141826148721403,41,84
1011.0347826086957,1183.4731884057971,540.4598360515248,3.3054266609059746,0.03053649536171551,9.725666131845072,3136.0,0.016568643564692034,41,444
1052.3665240503046,2190.454816543498,503.450086408866,3.3408123020915585,0.06781552500121105,8.877118080073354,4131.0,0.011990800136205517,41,488
1085.2083532600032,1116.8313406663478,409.4570714433834,3.147447276502218,0.037105062349301665,7.702205393004822,2589.0,0.02096985770677579,41,30
1144.5373231773667,1402.1501632208922,299.9290998377725,2.8152391147330555,0.015381243053160685,7.245294903589281,2366.0,0.02351655142072891,41,653
1805.261565836299,1324.1657769869514,220.1003100441717,2.492634464129768,0.06478492315508061,6.527292705936289,2044.0,0.028517378552343934,41,67
1832.7137486573577,1293.125134264232,243.0763803690674,2.172847775236489,0.10123293087702373,10.704760037735515,1522.0,0.043520241134581146,41,69
1833.611212675198,1642.5092423319115,321.3386199132435,2.9500548268832056,0.11338214006844693,7.310567830648644,2278.0,0.024700305150886424,41,70
2063.0721851706553,511.49588073754416,332.76138214863204,3.1752154160634865,0.024570978417337457,6.788384414173741,2556.0,0.02131138373473635,41,79
1492.169915157074,1625.1570740655814,284.65523490588157,2.857463866396962,0.0741640529257827,7.049476122411193,2446.0,0.022534759867637248,41,660
1494.0440055440056,1541.8766458766459,376.75533498664265,3.030052752217308,0.12434234592313896,7.89802417418291,3088.0,0.016879522345564637,41,96
1529.407894736842,1693.8395042839657,426.6238512599959,3.2514237536729342,0.04183935738374142,7.832751247123547,2806.0,0.01897072393341822,41,263
1535.276699943492,1515.7268788849124,346.5339697581576,2.9495985916006946,0.09783602894405061,7.702205393004822,2642.0,0.020443679151443756,41,104
1675.8912248628885,1945.783973187081,214.225746608829,2.546699719979099,0.09909857977071408,6.7231114871143784,2629.0,0.02057028256069149,41,110
150.78154184215344,1923.9992675334188,356.45545467118075,3.017224555985439,0.07519135282542184,7.375840757708007,3070.0,0.016999130863716076,41,443
442.21322108749655,938.8200386420094,472.9676294721435,3.3398248502521177,0.02910280515390869,7.832751247123547,2836.0,0.018723946588610412,41,116
456.66015776542093,468.65472649683176,504.75554495005326,3.32680510783649,0.048890567259348976,9.072936861251442,3101.0,0.01679417990838459,41,119
474.70703640822484,2505.8492737219394,346.0117863416827,3.031682044611364,0.07717701221059581,7.114749049470555,2822.0,0.018838305496550287,41,438
476.1110515021459,665.0441702432046,365.0062081159573,2.9974953779401448,0.13804303884503866,8.028570028301637,2860.0,0.0185310997323964,41,121
595.8362321336318,1681.0600998794557,379.0398874337203,2.9821811668300953,0.07970138868674874,8.55075344477654,2833.0,0.018748335032378268,41,131
600.3969406274307,1204.5649468498834,251.7576796679627,2.7114732368838843,0.19158445524882178,7.310567830648644,2466.0,0.022301988662221318,41,932
600.3792244198723,1642.0979598193428,419.1174646481691,3.101963447715158,0.04625056670582495,8.289661736539088,2856.0,0.01856296453660987,41,139
372.236334002006,1433.0659478435307,520.6168662254785,3.0958241846310393,0.11146855039942676,11.29221638126978,3921.0,0.012733326846084038,41,686
99.54026913034745,293.88772845953,324.99390382856785,3.0384825125566004,0.08129229984253868,6.98420319535183,2570.0,0.021165144583075113,41,151
181.65647146587094,2206.952629615815,349.99343489230387,3.11856947474601,0.027138264006164446,6.527292705936289,2685.0,0.020035795004370142,41,158
254.80581560283687,1796.8668085106383,460.1741357685084,3.2183428183544867,0.03045585799355232,8.420207590657814,2904.0,0.018187673276137382,41,164
310.9143244814887,1080.8232215545647,336.74303069925315,3.05229982342112,0.05304469122073665,6.527292705936289,2483.0,0.02210788113916121,41,760
606.33916252206,977.2148243221562,406.8461543610089,3.2050367468552436,0.030790646818979393,7.506386611826733,2641.0,0.020453362521010807,41,1297
823.1886399166233,915.6774361646691,375.7762410807522,3.0222094925942797,0.09663075025779487,7.963297101242273,2660.0,0.020270933136556726,41,217
826.951600667577,602.9993931118191,430.21386224826085,3.073197942286599,0.060362581477133706,8.877118080073354,2538.0,0.021502401542550894,41,1249
890.1184875413835,1799.411395713539,374.6013283936837,3.146202251014143,0.08547568912944609,7.049476122411193,2749.0,0.019457982292504044,41,1143
949.4428828828828,1306.4025225225225,362.26474517946406,3.090759258304146,0.07695580076986594,7.375840757708007,2851.0,0.01860294997780034,41,187
637.1872250908395,1636.2939376553834,341.3121355934086,2.9701131295448824,0.10407675681879558,7.375840757708007,2976.0,0.017652351462302728,41,1293
680.8170142036869,1363.215624055606,431.9762312788636,3.1269599474802945,0.08702091877739807,8.354934663598451,2836.0,0.018723946588610412,41,291
661.2999264435455,794.8091210003678,354.9541773488154,2.9978845060450783,0.061577855921787904,8.028570028301637,2784.0,0.019155868584083455,41,726
722.614299933643,1049.5240544127405,393.46520431383954,3.1694041648945985,0.02738712033027645,7.963297101242273,2579.0,0.02107218885994769,41,206
715.2292039048535,918.5565791282827,474.72999850274635,3.235816335327787,0.07238422285308786,8.746572225954628,3048.0,0.017147641144437613,41,204
763.9191795707688,2286.697364846509,480.5392890110296,3.15559123533976,0.021768214871988947,9.203482715370168,3266.0,0.01578145274362335,41,220
794.155764075067,1639.0321715817695,243.4680179314236,2.6046462918465583,0.1810860980322651,7.89802417418291,2462.0,0.022348157403918947,41,214
776.3440193036884,1508.7056187521544,378.7135227984235,3.0922281958877083,0.03514876240047486,7.571659538886096,2716.0,0.01975169233116687,41,226
1215.7519097222223,2544.727604166667,371.2148877694167,3.037382828101266,0.02060681606145386,7.540302407816276,2926.0,0.018062047884866705,42,480
1193.795542385983,1547.082066477712,500.23784008093963,3.2384812623156387,0.038519676299320814,9.022584077728878,3619.0,0.014010181915493693,42,26
1301.4226705091257,754.8493756003843,335.44678660413433,2.9275267828597555,0.04872988307978209,7.475855378689642,2466.0,0.022353220636586353,42,11
1325.7926476662535,640.4838909541512,312.0525150311659,3.0746260052702636,0.16355635058814136,6.8958321165499274,2533.0,0.021605581645647135,42,13
1352.5598738170347,1216.4969085173502,510.7427058285811,3.171223131761554,0.020413365540617217,10.440418718514843,3932.0,0.01272125270915668,42,299
1147.3685845289158,1274.1198047626092,435.72636392517813,3.184974337315697,0.08092333568748002,8.442560815589164,3147.0,0.016536859876178207,42,1135
1009.7996199941538,1550.7814966384099,440.94657328443554,3.2235250440227206,0.039923194907284715,7.798090524322816,2886.0,0.018368678824535904,42,84
1011.0238150828858,1184.095143590941,552.053251498754,3.333669918410106,0.05826522132580649,9.409266252488687,3149.0,0.016524232433375682,42,444
1052.4345114345115,2190.5692567567567,495.9843361585817,3.266788558264444,0.05320054109700558,9.280372194235417,4146.0,0.011968431306593629,42,488
1086.3411701363962,1116.6473438621679,359.0988462936093,2.999820525859072,0.04266199714598454,7.411408349563007,2537.0,0.021562525351292324,42,30
1137.846368116563,1630.446110992072,300.7742849340048,2.5335968346415494,0.09370548330886738,10.11818357288167,2409.0,0.023031242022202702,42,23
1144.283393501805,1399.7226985559566,285.6292330892456,2.8191983011792274,0.12866078610989004,6.702491029170023,2360.0,0.023647860254769573,42,653
1427.8494050061552,593.2367665162085,314.1148199632182,3.0135108155391377,0.16555363561414752,6.702491029170023,2557.0,0.021349792602463252,42,54
1787.399877149877,1307.9265970515971,209.83952683632305,2.4152082639455665,0.01833087619612407,6.573596970916753,2032.0,0.028811307356741648,42,67
1833.457288401254,1642.437304075235,328.93763666234423,2.95512412948926,0.08007251994254405,7.282514291309736,2282.0,0.024700559512141885,42,70
1832.7986225895318,1293.088429752066,233.94271572968447,2.142319229349532,0.11999390649972223,10.375971689388209,1507.0,0.04429025998732095,42,69
2063.699845976126,510.94763188294183,334.73786928374136,3.1587749315447535,0.09891245153612035,6.573596970916753,2592.0,0.020987439294412397,42,79
1676.1492760858712,1945.4483275087368,258.17479868129914,2.725409732990799,0.014892260518692226,6.638044000043388,2680.0,0.02012849594343145,42,110
1492.7515873015873,1625.0728174603175,324.8130267982396,2.9649741025127736,0.13444482805797225,7.2180672621831015,2460.0,0.02242270553733683,42,660
1494.5258534637653,1541.8766220802556,322.8151688953139,2.9527793634566297,0.10111593623202891,7.475855378689642,3025.0,0.01734541306921428,42,96
1529.5684879673074,1693.205842288482,425.8015214396764,3.216966336170161,0.02196779110928303,7.798090524322816,2848.0,0.01866977953441208,42,263
1535.522051864471,1515.5867878099564,340.47365487601184,3.030665406034035,0.08053787233765147,7.089173203929832,2603.0,0.020876083649067095,42,104
896.5812388679992,1804.4199485454185,325.6508381768858,3.014051136742388,0.04816294244282076,7.282514291309736,2803.0,0.019039365305461537,42,1143
374.4111111111111,1432.8046398046397,527.8211685471393,3.1776654949125778,0.0829220124888837,11.020441980654557,4093.0,0.012146453299477064,42,686
442.5705039933903,938.9760396584962,468.0143255176222,3.328746959528892,0.08720547712463136,8.12032566995599,2857.0,0.018597577547347765,42,116
456.2634916351862,468.74028602266594,477.68137988661744,3.328481808495777,0.05631258684375158,8.24921972820926,3051.0,0.017166537196258432,42,119
472.46907407407406,2504.9851851851854,348.0139572838281,3.0727295140748505,0.14415103389603617,7.089173203929832,2779.0,0.01924252466401832,42,438
476.26066876039164,665.2473674487345,348.8517686624744,2.9678989477489814,0.1297143381178956,7.926984582576085,2870.0,0.018494266227871176,42,121
560.681052631579,1663.8807518796993,428.57274369212166,3.1458768814725504,0.016041076407599535,8.37811378646253,2774.0,0.019285396462262898,42,139
584.5639992995973,953.2433899492208,368.05698334221154,3.1171881874154734,0.05784829309882934,7.475855378689642,2558.0,0.02133926609719336,42,1297
150.2326064382139,1924.607268951194,310.31244524474675,2.808938410646964,0.08327459224468732,7.733643495196181,2983.0,0.017642375890634013,42,443
181.5094142259414,2206.9253835425384,369.66815907037744,3.2280262416862944,0.09072379744043711,6.831385087423293,2693.0,0.02000753107719434,42,158
254.46673643294963,1797.0684706234115,431.08617782806044,3.180332745195063,0.0618288998399695,8.184772699082625,2879.0,0.018423412815577432,42,164
311.2830860534125,1081.075568743818,325.7797322351391,3.001713984494227,0.042325020746260975,6.766938058296658,2488.0,0.02210208570964199,42,760
99.09101739337622,294.21205623064094,270.4841812444864,2.931348560660071,0.10429219357940343,6.380255883536849,2593.0,0.020977266988053234,42,151
600.0750371471025,1202.7369985141158,260.23710361335145,2.6660319948052775,0.07788453072163923,6.831385087423293,2492.0,0.022057029842398383,42,932
823.29696,915.68384,402.7939320414677,3.1512791053792744,0.0843203137817117,7.733643495196181,2673.0,0.020194238701908757,42,217
825.8251503706812,603.3634074695761,460.73181122631246,3.1762688381165862,0.015736483785399862,8.764795961222339,2585.0,0.021058922614324432,42,1249
595.8951491915319,1680.9521586931155,386.6177277306824,3.0700006760083594,0.12983811475541907,8.055878640829354,2822.0,0.018881547959202768,42,131
795.2073257467995,1638.1529160739688,181.22504590409716,2.3733195747093214,0.10690416374219584,7.024726174803197,2427.0,0.02281272857411752,42,214
949.5243819844226,1306.8347443278021,380.6241540219053,3.1494816520500746,0.09235332146441454,7.2180672621831015,2840.0,0.018734431355840277,42,187
637.5056044835869,1636.7586068855085,321.97735751666767,2.99044381377793,0.12031728302089324,7.153620233056467,2889.0,0.018345320829638058,42,1293
665.5110216934919,793.2744926522043,368.37921848784475,3.057988654592511,0.03103792501007645,7.798090524322816,2735.0,0.01962646873716598,42,726
682.3587390263368,1362.6225059856345,323.0085099826938,2.7759513371126587,0.059812372849483014,8.313666757335895,2869.0,0.018502172484428116,42,291
715.449034334764,918.0873122317597,480.5170491681894,3.243162996701826,0.024831708694533803,8.5070078447158,3048.0,0.017186988208339003,42,204
721.8276303751144,1048.9692589204026,352.2030141770594,2.9567173509042344,0.10596145062752,7.475855378689642,2566.0,0.02125542627323062,42,206
776.2556808326106,1508.5849089332178,371.53712291504985,3.121783687437923,0.03784082151613244,7.024726174803197,2760.0,0.0194064601796269,42,226
764.0977072780591,2287.009864036257,483.48161250801456,3.262345050410704,0.04205603454302272,8.829242990348973,3205.0,0.016178329635505577,42,220
737.641781270465,876.1761624099541,98.4106134763714,1.989494346251216,0.17108047060706538,6.315808854410214,2039.0,0.028677673655727983,42,1365
1194.1398564677052,1547.4311220024506,384.30390758372937,3.0326422978722762,0.04841835879154503,8.004929984677716,3232.0,0.01569420818063258,43,26
1216.5187068652378,2544.792953142027,185.18968275477104,2.4544525024563795,0.17792944817085668,6.3904903239023785,2437.0,0.022229305759577156,43,480
1427.8735357917571,593.2195227765727,310.1069515072628,2.999313008831484,0.12515539290433572,6.457758643101351,2391.0,0.022778114659054015,43,54
1301.561567164179,754.9689832089553,288.44655272519367,2.7897817948159616,0.07181155046373741,6.928636877494158,2315.0,0.023746738085950198,43,11
1325.4719128329298,641.0343825665859,277.81815829175605,3.044663493216441,0.0510479462066779,6.2559536855044335,2411.0,0.022536207763812686,43,13
1353.0056664520284,1217.1509336767547,522.3384985800208,3.2272982446742153,0.02946671500853937,9.417564687856137,3818.0,0.012899007677916467,43,299
1175.294493216281,1621.1564245810057,252.86161186893727,2.5690258053823447,0.09777420230814028,7.735856707881827,2327.0,0.02358835728139227,43,23
1052.4333118556701,2191.627899484536,417.6017255872207,3.1378858041024422,0.0749045865271093,8.274003261473606,3720.0,0.01329500337623609,43,488
1148.1592512208356,1273.1513836136733,247.9510245674123,2.7352425518934425,0.12393710662910361,6.525026962300323,2632.0,0.020169289062604744,43,1135
1008.1204413689919,1549.3875070132785,359.68370275690546,2.982336880869276,0.01807644688603988,7.466783431085937,2622.0,0.020265598682243646,43,84
1011.4722834877224,1184.4324364064107,457.49183887221136,3.186087607399274,0.049217819366215734,9.013954772662302,2844.0,0.01832322022274004,43,444
1087.6285430134262,1116.9714072600696,270.55317981826704,2.762386777067317,0.11375696286570026,6.861368558295186,2295.0,0.024015485921783472,43,30
1145.4826774302053,1401.5798856374033,199.98871297854495,2.5316031409968027,0.04067192974664948,6.323222004703406,2134.0,0.026422696176438127,43,653
1780.5963511972634,1304.158779931585,235.97726374999522,2.574931777776888,0.13590629331005089,6.525026962300323,2034.0,0.028176942762923332,43,67
1832.7857142857142,1293.2848176927675,225.07979603976167,2.1803063555255275,0.10228087309372275,9.484833007055109,1477.0,0.04471122055648586,43,69
1833.8062124248497,1642.2046092184369,335.6689128028723,2.8856635473000716,0.1387829331655228,8.07219830387669,2258.0,0.02452904858852995,43,70
2063.7715934858793,512.1576994434138,326.31861643421513,3.028518336543541,0.04779080449316263,6.726831919897241,2599.0,0.020490640091419977,43,79
1675.4390096618358,1945.1153381642512,334.1890097804949,3.0362145895533184,0.11258475148330152,6.794100239096213,2720.0,0.019359651879172633,43,110
1492.8038834951456,1625.3538834951457,277.1454750997663,2.7896305911269788,0.20143920172079732,7.197710154290047,2355.0,0.023226892099473255,43,660
1494.077715757836,1541.179690854444,313.33583082881347,2.893449168260731,0.15821176617401575,7.26497847348902,2927.0,0.017689334419236414,43,96
1529.4106684903402,1693.688151820824,393.45239899478963,3.1234638898546354,0.04045774543281262,7.937661665478744,2740.0,0.01918462669971046,43,263
1535.547879616963,1515.62699498404,295.038848006693,2.8491884909565997,0.005852767822380116,7.063173515892103,2510.0,0.0214106555748389,43,104
311.14388341543514,1081.471880131363,327.73125113739354,2.927139303001991,0.05470172660388711,7.53405175028491,2488.0,0.0216509531036929,43,760
374.75479452054793,1431.377397260274,491.0587301524986,3.1469707112609497,0.08178139074511616,9.888442922248943,4003.0,0.01221234007393389,43,686
416.5135613207547,1569.5197523584907,228.1741387229144,2.6099071949089945,0.15809309405523006,6.995905196693131,2374.0,0.02298785637195678,43,1375
442.4312753492564,938.9788192879676,447.8052009075593,3.245222740031415,0.06447143677892331,8.07219830387669,2787.0,0.018785515452785943,43,116
456.6041757285776,468.87023343482673,463.9495975153127,3.2526185344616576,0.04131694799414589,8.34127158067258,3034.0,0.016934107899031457,43,119
473.053669576463,2504.0392822502426,416.1218225648433,3.2623462921799438,0.0793014525974462,7.197710154290047,2834.0,0.01840267176293921,43,438
477.0048408117669,665.4174269223608,361.2981424176808,2.949364772293296,0.08971128651978125,8.34127158067258,2812.0,0.01857991386679363,43,121
950.160453808752,1306.7339661958786,290.5318706203618,2.8976521621461053,0.0914033889143423,6.3904903239023785,2574.0,0.020740988376816805,43,187
99.24500336851561,294.1504603637997,299.54582539302413,2.8975701661443196,0.091954129883726,6.861368558295186,2614.0,0.020343311151059893,43,151
150.5803367283309,1924.4807732280192,323.62788366625625,2.9555355164757984,0.12318003330194914,7.735856707881827,2958.0,0.017463687823929444,43,443
181.77962654834536,2206.9365871695322,363.85433854724175,3.1903614779160607,0.04705639437110386,6.592295281499296,2672.0,0.019793033796461072,43,158
254.83134953897738,1797.4593461860854,401.25552402187043,3.10662704568892,0.04708446122550207,8.139466623075661,2823.0,0.018490868091137078,43,164
527.3941187349732,1697.711485111892,363.7198019088438,2.9400960819900863,0.08187546357427954,8.139466623075661,2678.0,0.0197378029036303,43,139
776.4490603363007,1508.6565776458951,340.0413535508055,3.0232858235895765,0.10866909651527111,7.197710154290047,2562.0,0.020863341256482593,43,226
796.5920237132848,1638.8248450552412,249.6327325473866,2.8591756636508086,0.23466226006606808,7.063173515892103,2359.0,0.023176156575570293,43,214
823.3637013219006,915.9071096820293,376.5680508758475,3.099689389641223,0.07712499524937884,7.26497847348902,2503.0,0.02148653324621109,43,217
827.1164997364259,602.1762431910033,382.82400456135196,2.975740960606007,0.017216710303897605,8.274003261473606,2366.0,0.023087900717490634,43,1249
906.6690092949444,1795.9068238494672,296.7205559866673,2.793708318060813,0.07281342629608528,7.332246792687992,2512.0,0.021389074573343228,43,1143
592.6517656664626,929.156766687079,329.54749575576585,2.962030936852552,0.06539575426751025,6.928636877494158,2450.0,0.022078968141881854,43,1297
595.7567424643046,1680.9391856160762,381.6131748157705,3.0383586818610473,0.08532624214817007,8.004929984677716,2705.0,0.019493030989197125,43,131
600.8982364845331,1201.9288811795316,232.68111610924555,2.6163583509386026,0.12983275606347267,6.659563600698268,2410.0,0.02254818101213378,43,932
637.2033326720889,1636.758778020234,339.0995970820199,3.0153018470994253,0.1340939707922958,7.197710154290047,2869.0,0.01812756077688204,43,1293
666.482421875,793.2115234375,344.4137942987387,3.00348105329466,0.05841398861568653,7.466783431085937,2618.0,0.020304380558243303,43,726
688.446812167039,1362.1443547001204,391.43434941882043,3.0012599748560547,0.065423305869003,8.610344857468467,2938.0,0.017608601865383048,43,291
715.5174050632911,918.3075373993096,467.6493550712562,3.2478416308247384,0.032291177840623436,8.812149815065386,2931.0,0.017659891615980236,43,204
722.6860679970436,1048.8529194382852,364.05614350483864,3.113669407089406,0.09838966715013339,7.332246792687992,2446.0,0.022125008835339088,43,206
738.8525557011795,876.5373525557012,102.6514550976319,2.3834565249974835,0.45859919287128054,5.9868804087085445,2064.0,0.027626688277724666,43,1365
763.7846364883402,2287.6991312299956,441.347442264458,3.109322433101603,0.02166327869689794,9.21575973025922,3086.0,0.01658989360090272,43,220
1215.7396708095398,2544.496137050722,370.10939694008647,3.1071449944917973,0.025560181904814596,7.335053550374573,2766.0,0.019148834582103397,44,480
1301.5557120225312,755.03520506953,353.13931542099954,3.052379670211057,0.0734258391646306,7.2728920796086864,2463.0,0.022149400232355364,44,11
1325.8217898832686,640.9171206225681,319.5099597366551,3.0907166131626136,0.07967701970253524,6.837761784247483,2533.0,0.02137559027545194,44,13
1353.224828052768,1216.9589581689029,551.3100842226448,3.315111619054809,0.05346535236579571,9.572866497946476,3971.0,0.01244442622965989,44,299
1212.7355143870714,1642.2755222703981,315.4073026661066,2.772123180784762,0.11243790283888958,8.578282965692297,2547.0,0.021227271370451953,44,23
1194.0406841150557,1547.2175434050273,479.76223137110975,3.2028063297040177,0.011337691418329673,9.075574731819387,3516.0,0.014340256132424595,44,26
1427.7958196245404,594.0017418231082,321.18831944733404,2.9780826373833533,0.09523021765537032,7.086407667311028,2443.0,0.02238088661044656,44,54
1008.0071791803769,1547.155698474424,415.6115935407152,3.1377536639511154,0.01596247317631009,7.7080223749698895,2837.0,0.018559682489029655,44,84
1011.2953518024806,1184.7162397125305,536.2670082973003,3.30115842128983,0.0378999688872151,9.883673851775907,3110.0,0.016596317224947282,44,444
1052.3553760726907,2191.8213023725393,492.5674943488823,3.2254196084666993,0.06777254041555592,9.262059144117044,4063.0,0.012120432206887721,44,488
1087.5457032507243,1116.7674605728998,386.2713793392169,3.126657912320421,0.025692097187556457,7.521537962672231,2529.0,0.021418348560300733,44,30
1143.1410410170304,1401.6406812185176,259.15117162297963,2.7061225146921686,0.1000125992611193,6.589115901183938,2308.0,0.024079584851334823,44,653
1159.8145408163266,1284.1604591836735,243.67296540227395,2.5470070470964905,0.13660684562768624,7.2728920796086864,2715.0,0.019595650245743657,44,1135
2064.378032725221,511.0622531502727,330.512540062217,3.014634233186872,0.058318068005723186,6.899923255013369,2559.0,0.021101769419321,44,79
1779.821640903686,1305.1875743162902,209.11118765644122,2.5287291013499784,0.13850804316809995,6.2783085473545075,2017.0,0.028789749086057283,44,67
1832.9905947441216,1293.0918395573997,224.71371681867865,2.169829588377916,0.1119456017643027,9.51070502718059,1482.0,0.04495752276805126,44,69
1834.0531825795645,1642.675460636516,296.8831843778725,2.7204326436881727,0.10671159243326328,7.583699433438118,2242.0,0.025007524696625844,44,70
1494.37264062792,1541.4010465333583,332.6260300682571,3.0514494382308897,0.12786364297078096,7.2728920796086864,2967.0,0.017569900853089557,44,96
1493.0915019360098,1625.444059506827,305.02633704820363,2.9356941917035497,0.12909035267360977,7.086407667311028,2422.0,0.022629212620829876,44,660
1529.1805297065139,1693.8323550465282,434.1978732997152,3.259258054175512,0.06132061478064055,7.521537962672231,2815.0,0.018738323073937396,44,263
1676.5764705882352,1946.2971867007673,243.05135069461508,2.6359699535290475,0.027213285171270512,6.651277371949824,2658.0,0.020120369094169362,44,110
1535.8091263216472,1515.4629938786868,335.11248889889254,2.989966527079374,0.029809639575532457,7.148569138076914,2592.0,0.02076416855856306,44,104
1536.8563899868248,2139.0434782608695,235.90278155653817,2.6028260712756532,0.1389151075056048,6.775600313481597,2522.0,0.021493588621628226,44,1397
150.64184467957676,1924.2605310441206,311.36680706632404,2.8807052551448864,0.1354874138476993,7.7080223749698895,3024.0,0.017168450852837983,44,443
376.1431743681929,1429.5276514750979,587.8610290329859,3.1996252556294587,0.04740303901683961,12.30797121164547,4121.0,0.011924705562109126,44,686
442.47635182832136,939.0007059155726,440.289697434772,3.2487141647751283,0.061667648369896716,7.832345316501662,2774.0,0.01908058809881096,44,116
456.68859707892267,469.0033498593059,463.9110563258088,3.271963991025717,0.021287709738468823,8.267475611862865,3044.0,0.017031904375101225,44,119
474.651402200923,2504.533723819666,350.2177262950029,3.1024684710933816,0.0696357885654705,7.024246196545142,2796.0,0.018895394239891696,44,438
476.5548738922972,665.5401045216996,273.5726328406652,2.791269213432962,0.044970943537717065,7.086407667311028,3032.0,0.01711357037196333,44,121
507.53632995005637,1737.7103270501048,385.8362490438557,3.0570537407293163,0.07412990262018575,8.018829728799322,2719.0,0.019559853672136703,44,139
574.911497584541,954.3942028985507,321.68561121346113,2.903670840130831,0.052649566274757184,7.086407667311028,2439.0,0.022427765733165777,44,1297
311.26469993938167,1081.0779955546575,307.63711882037086,2.888302507008977,0.0193417451093351,6.962084725779255,2491.0,0.02183324923153241,44,760
99.59813530958643,293.80444656944775,260.021432213702,2.796081750099468,0.11533058874655884,6.402631488886279,2570.0,0.020988022598288008,44,151
181.96433933933935,2207.6371996996995,331.1963162406417,2.998028631563694,0.04280168411912522,6.651277371949824,2657.0,0.02012982563153095,44,158
254.89693846620187,1797.2673537435587,410.1413841133172,3.074945443688572,0.050078055393405256,8.143152670331093,2829.0,0.018624247234596596,44,164
369.54790882938704,1576.543483071476,280.90768639103976,2.763768365595758,0.06653572687974896,6.962084725779255,2574.0,0.020946963559496434,44,1375
600.5110631408527,1201.965731246627,230.37041065837428,2.5032628464816242,0.11889561862032356,7.335053550374573,2558.0,0.021112171206377418,44,932
823.3891424075531,916.0061369000787,395.03614671720686,3.0836744305626276,0.06763552463726134,7.645860904204004,2647.0,0.020224882214938598,44,217
827.2049319727892,602.1890589569161,438.61133772409306,3.1389766808905417,0.039163686385701516,8.453960024160525,2507.0,0.02165661086717131,44,1249
904.3756013745705,1793.3701030927834,361.77975985745775,3.01593704985031,0.052195080095892396,8.018829728799322,2672.0,0.019988904393706063,44,1143
950.236103940802,1306.8633625881948,361.22030662056477,3.082918784077914,0.08654870821856177,7.086407667311028,2826.0,0.018648574977662726,44,187
595.8952229299363,1680.883280254777,390.3740364097654,3.14260328613281,0.12083675721170277,7.832345316501662,2748.0,0.01930418863649482,44,131
796.2654514383366,1638.4027342637426,218.2489238590265,2.814293986214494,0.24640084385371264,7.086407667311028,2431.0,0.022522115616641452,44,214
637.5835651615664,1636.7909265996147,290.48055288898627,2.867835605716731,0.114606914873538,7.086407667311028,2906.0,0.01802085323159223,44,1293
666.5754820504782,795.0184981972096,396.52802201558814,3.08994089824769,0.019747151049027564,7.894506787267549,2716.0,0.019586688824559512,44,726
687.1355948399427,938.5945532728141,650.5197915649992,3.3154289014793323,0.02051207708126627,11.562033562454834,3732.0,0.013373095123180703,44,204
687.7050750536097,1362.6789135096496,434.81948800737405,3.026615318456991,0.08516608616568483,9.82151238101002,3050.0,0.016991362963685745,44,291
715.4026590693258,918.8020621353954,458.1922010153472,3.263305938640392,0.009927795391213282,8.267475611862865,3007.0,0.017286248596476927,44,1365
722.5666666666667,1049.4676870748299,365.50944810341093,3.0375204710824417,0.08985945830544981,7.645860904204004,2546.0,0.021237797284748502,44,206
753.3787767133382,2326.149594694178,421.7655791465379,3.1468832178419723,0.03392838281672308,8.205314141096979,3152.0,0.016330540007514056,44,220
777.8698503447116,1508.6322515554061,369.67426664472526,3.001120804029165,0.039830690493006644,7.770183845735776,2908.0,0.018005701175477177,44,226
1216.1717073170732,2544.435902439024,323.0098610806642,2.9547481424591595,0.0773600202747524,6.806841950577899,2673.0,0.019695082455650666,45,480
1193.9922742636409,1547.102124577499,522.1099881350677,3.237202266278051,0.054810730099304136,9.706052411009226,3604.0,0.013733393472919369,45,26
1353.2644040121297,1217.01562864474,540.3876192986565,3.284166196928928,0.02200938342606958,9.895131354080835,3922.0,0.012446517196962686,45,299
1301.4799235181645,754.7994090039979,362.59038649698755,3.0571928219584796,0.07309329385604994,7.3740787797927245,2468.0,0.021776629838952597,45,11
1326.3700022089683,640.1544068919815,285.32012509505694,3.0343006344429906,0.19434321850428704,6.869868264935103,2466.0,0.021799107097321063,45,13
1159.4167218543046,1285.4460264900663,380.67893871750476,3.119342561060749,0.0622775132663456,7.878289294650346,2900.0,0.01780999530361385,45,1135
1228.5744994731297,1686.2259220231822,299.0598616249272,2.7615072013634685,0.18357965690549213,8.63460506693678,2523.0,0.021176168956940487,45,23
1052.9645951035782,2191.855743879473,502.0045938551201,3.2800065836750485,0.07299260476480074,8.697631381293982,4072.0,0.011919666946038637,45,488
1145.367585848075,1400.9349635796045,242.27315238908747,2.573124120973468,0.056598695035901564,6.680789321863494,2297.0,0.02388206899790865,45,653
1007.5636687444345,1547.1341644404868,424.6713061388323,3.2412175557485323,0.03132863308689418,7.815262980293144,2808.0,0.018528751767331552,45,84
1011.3084122948925,1184.1971342731686,545.4297244472328,3.314690567965419,0.050104095021633197,9.895131354080835,3094.0,0.016463308457697598,45,444
1087.724853645556,1116.060493170126,355.279334031552,2.9442215711331055,0.06306014638115594,7.815262980293144,2521.0,0.021197423140463145,45,30
1427.3296381510145,593.4394478142648,301.32880894178646,2.974829919787488,0.08224759096250993,6.491710378791885,2409.0,0.022459805911943482,45,54
1780.183284845279,1305.2676540597724,238.30249458458368,2.627293522047318,0.15887555148608903,6.5547366931490885,2057.0,0.02763156247051829,45,67
1832.9346529284164,1293.1146963123645,232.44104734936383,2.185040839599076,0.09494599983875095,9.51697346793762,1471.0,0.044808608848490514,45,69
1675.988743809095,1945.8601981089598,279.9628883746947,2.7578629760209226,0.09021732864328198,7.05894720800671,2672.0,0.019704270056567493,45,110
1834.8019102990033,1642.6181478405315,303.53472994428853,2.7780209380467085,0.14381575928132703,7.878289294650346,2232.0,0.024793245810816163,45,70
2064.6820699203877,510.9035998615438,364.1660443559176,3.232268508221734,0.08765262152802913,6.5547366931490885,2620.0,0.020194131020022592,45,79
1493.0001854599407,1626.055452522255,339.83788701403734,3.0078408908926377,0.12242350739024463,7.05894720800671,2444.0,0.022049454566105006,45,660
1494.2431060734225,1541.783623752326,372.5485441654256,3.071471427204555,0.14868496336060794,7.752236665935941,3040.0,0.01681726522207404,45,96
1528.93005107832,1694.1112372304199,444.20946358956513,3.2555941551527425,0.037491284426207645,7.689210351578739,2811.0,0.018504400229152417,45,263
1535.828360710694,1515.9006034193765,376.01499145507177,3.1585916651901442,0.06592165152923721,7.121973522363914,2607.0,0.020320425768779272,45,104
1535.79883843717,2141.073389651531,238.74367878508411,2.623305507290924,0.04010892688474357,6.491710378791885,2514.0,0.02127214995388546,45,1397
375.4972927557879,1431.802931292009,675.1378793943561,3.226541118249085,0.04641602048217329,13.235526015012582,4130.0,0.011727716319266458,45,686
442.45600568585644,938.9745557924663,443.3901215029215,3.2051176206702934,0.0938819415349744,8.508552438222374,2789.0,0.0186844790572413,45,116
456.13182257841646,469.4649716733453,456.12143700307644,3.25495338979089,0.04197573938472437,8.067368237721954,2983.0,0.017207781443485035,45,119
369.4096947935368,1574.05960502693,351.05657096961943,3.029478153330715,0.11336053659422057,7.50013140850713,2664.0,0.019778080607778654,45,1375
475.87247141600704,665.7286719437116,286.6436776965582,2.8486445418117134,0.1811822544751847,7.05894720800671,2935.0,0.017550984840530734,45,121
496.1124933357029,1779.5025768615603,354.64907088798,2.9943967576826678,0.07675662387359793,7.437105094149927,2676.0,0.019667570988431683,45,139
568.4109133581068,971.2665753960492,322.2535453083778,3.00885322527923,0.131634757165305,7.184999836721116,2479.0,0.021653828805677552,45,1297
474.6434554973822,2505.0547993019195,361.1407812667719,3.0586186983766606,0.1209939967837969,7.50013140850713,2806.0,0.018545021764374982,45,438
151.03093689576374,1924.75918439093,358.55670237812654,3.001318044086261,0.11728083229826446,8.130394552079158,3055.0,0.016717426269320497,45,443
181.9979868228404,2207.8327232796487,344.37578164775596,3.095567841857644,0.09453089469258469,7.121973522363914,2679.0,0.01964013627387835,45,158
255.10225938967136,1797.0089495305165,429.5873586586941,3.220888032563358,0.08366329426123037,8.067368237721954,2842.0,0.0182564654935585,45,164
311.03458616553377,1081.579368252699,315.25762441472824,2.94318451103114,0.11712703834787155,6.932894579292305,2504.0,0.021379821121092345,45,760
593.5747271200672,1207.1343408900084,300.257361597714,2.8525917333150446,0.09144979277199676,7.50013140850713,2394.0,0.02264038398495541,45,932
100.46423841059602,294.1708609271523,285.5092040381286,2.9344193253592685,0.12157998784883463,7.248026151078319,2510.0,0.02131508801951623,45,151
823.1789569712635,916.1514368253003,414.52406952732264,3.157441836982965,0.04566815951515077,7.6261840372215355,2647.0,0.01993677881571885,45,217
825.3501011853136,602.1034981208442,436.0160427231288,3.1152108891807857,0.01839217009963234,8.697631381293982,2507.0,0.02134740549683717,45,1249
905.3506625891947,1794.1698267074414,309.1440719220796,2.85714941021529,0.0763224324335972,6.932894579292305,2537.0,0.021028574775714355,45,1143
949.8681486509417,1306.7486848803665,371.4140705069959,3.0973787793716396,0.08529947820152961,7.50013140850713,2819.0,0.01843977463082813,45,187
596.0627816161009,1681.0015019525383,419.62920099025604,3.1540977842613707,0.12638180608903948,8.004341923364752,2799.0,0.018602192461599058,45,131
795.4554069119287,1636.855072463768,226.13841591364354,2.5597650045431584,0.11911535998712111,7.3740787797927245,2363.0,0.02302293569761409,45,214
637.1695436273351,1636.8295105225823,266.5382834166105,2.779514971357243,0.16303024383666093,6.932894579292305,2848.0,0.018209243553703104,45,1293
665.4474375821288,790.6732917214192,383.7042018066505,3.126573191396033,0.11710060349414292,7.6261840372215355,2735.0,0.019141714142398424,45,726
687.5912364337154,938.8803124049092,621.3764332476621,3.3412894872595467,0.029041843709588795,11.029605012510485,3718.0,0.013242555140034688,45,204
687.7412962708132,1360.9450942617311,458.01222643379253,3.1822102521510116,0.07320746021063083,8.823684010008389,3145.0,0.01614243028285466,45,291
737.3813961092038,1043.628576099395,385.53196492300935,3.1114915653623276,0.048085444724326354,7.50013140850713,2592.0,0.020468127691244672,45,206
777.0190291888405,1508.9414610546687,390.8261753290144,3.156382097256291,0.12337106416892561,7.437105094149927,2824.0,0.01839961236053669,45,226
715.9205211726385,918.8273615635179,483.7269626915313,3.3050548591740254,0.06530907392652374,8.256447180793563,3013.0,0.017000013108063934,45,1365
1192.4823953423897,1549.5198225672304,467.5449840225873,3.2352113897465795,0.08377548492775153,9.008698749534188,3579.0,0.014098833828658092,46,26
1142.4877805486285,1401.8269326683292,259.8912373067057,2.645657053906041,0.002664900805958034,6.999564496040953,2295.0,0.024351800720709037,46,653
1159.1167104399212,1285.577314510834,394.82728620260633,3.122314998853941,0.08202794997777094,7.842104666860696,2964.0,0.017660277598089597,46,1135
1215.4243398781314,2544.685849695328,382.9021022463884,3.095768838061655,0.05773827206233266,7.842104666860696,2772.0,0.019172243318590295,46,480
1326.8277841561423,641.1905855338691,282.2509572246143,2.9126589380756958,0.1450309493798362,6.999564496040953,2481.0,0.022030948543369958,46,13
1301.9370979270907,754.9085060757684,362.68113814671455,3.012542283165957,0.054204322129839985,7.582861537377698,2448.0,0.022409876685909276,46,11
1353.2278800100833,1216.4944542475423,514.208747329527,3.2088271559344648,0.014042928085185034,9.916049702724683,3834.0,0.013010903494379479,46,299
1006.9043636916527,1547.076630682682,426.2605156524198,3.1855831161936257,0.022256922492913844,7.518050755006949,2838.0,0.018624138869788826,46,84
1011.7751862254244,1184.1039198925387,530.7354968340682,3.298145365596725,0.02067692049956731,9.008698749534188,3050.0,0.017057735210697093,46,444
1052.5994152046783,2191.645502645503,465.47103898672333,3.232368147804437,0.0525656600489744,8.684644837680441,4008.0,0.01236010132331862,46,488
1088.6002091321018,1115.6197281282678,371.88426924336096,3.074365843526054,0.07245570065328662,7.712483102119197,2551.0,0.021268113791492696,46,30
1427.659173175843,593.0525814440846,340.19179666406444,3.0850335317122424,0.05712944747039411,6.545889019445705,2441.0,0.02249193727469367,46,54
1780.3830006882313,1305.228148657949,188.3401335693982,2.328050914365087,0.05345913177947819,6.545889019445705,2008.0,0.02907846443457804,46,67
1833.1147490820074,1293.453794369645,211.80163678760957,2.1813440659154457,0.10572018733084859,9.073509531904937,1461.0,0.04615175763587602,46,69
1833.8545906829488,1642.8312980551786,286.59327964345454,2.7570476281159317,0.17367845447655167,7.129186060782452,2200.0,0.025736563903599664,46,70
2063.1939361320415,512.3069608898458,361.255300934558,3.155291828522865,0.08493724069576875,6.675510584187204,2614.0,0.02062536477456811,46,79
950.1288805268109,1306.9697083725305,344.4693083005339,2.9837439782829547,0.12159453666584563,7.3236184078947,2790.0,0.019019586305104984,46,187
1677.0230905861456,1945.955595026643,218.930822848392,2.602317134805182,0.14914088739948717,6.999564496040953,2639.0,0.020380945065172244,46,110
1493.0934730056406,1625.7465753424658,321.7207236884008,2.941684081901305,0.12161024401096217,6.934753713670203,2412.0,0.022838403465113663,46,660
1494.3425626515764,1541.7706143896523,320.68375117046884,2.9755131076572217,0.087422291867672,7.064375278411702,2964.0,0.017660277598089597,46,96
1529.0543000627747,1694.0425298179534,412.9743052664162,3.1580813344502605,0.07662470855534927,7.842104666860696,2766.0,0.01922367501587785,46,263
1535.742285237698,1516.1732693911592,310.83251225011486,2.8634112995211125,0.035796503307354344,6.934753713670203,2580.0,0.020967339604972848,46,104
1535.8110587651872,2141.084800396727,261.38188530123296,2.7457787180795483,0.03700466677384513,6.8051321489287036,2542.0,0.021363219909234364,46,1397
369.135506932409,1426.1925909878682,598.3331428467599,3.226921122475092,0.05471037803192478,11.406697697251921,3933.0,0.01263246017237174,46,686
369.54361201592474,1573.1901918204849,358.14438338076206,2.9603178415104536,0.07472968034154688,8.036537013972945,2676.0,0.020029651898254956,46,1375
441.87546296296296,939.5035493827161,419.9738697624571,3.18134997356798,0.04196786431225165,8.036537013972945,2721.0,0.019618389015305743,46,116
456.2578633045786,468.9662906436629,488.3492451635979,3.379728003882208,0.03076076964819408,8.036537013972945,2999.0,0.017409992829573867,46,119
473.4023175810248,2505.7005250769507,357.9499510336498,3.125129003312317,0.09244219740237561,7.3236184078947,2802.0,0.018919158404495654,46,438
476.21270853778213,665.380029440628,264.1687489431752,2.659439831223474,0.0824912495090267,7.193996843153201,2864.0,0.018416727636960194,46,121
497.6257153758108,1820.7701259061428,339.7381211874692,2.9496926553080627,0.0840719745460441,7.906915449231446,2581.0,0.020957119739420677,46,139
310.79034874290346,1080.4600567721006,319.6467786525368,2.985603466912222,0.05265960105467687,6.675510584187204,2461.0,0.02225905637672935,46,760
100.16282512159019,294.00824698667793,306.4901898312747,3.0533080071332783,0.09988098655170198,6.934753713670203,2582.0,0.020946909831714367,46,151
150.6788144895719,1923.7060373216245,295.21311369876423,2.8419779448226543,0.16270512996657344,7.453239972636199,2983.0,0.017523522728011116,46,443
181.70621579358874,2207.317826426896,331.57196260875475,3.0599623886858494,0.08710639057733836,6.999564496040953,2641.0,0.020361641507423953,46,158
255.03121619533303,1797.4384175552466,419.3905727211204,3.178217471442314,0.11906652801548205,8.684644837680441,2827.0,0.01871330287970405,46,164
568.601720788232,947.3807937829587,233.51324888181065,2.700160869376246,0.20556822828698795,6.481078237074955,2323.0,0.02397164872417848,46,1297
587.4072709408008,1197.153279292557,263.84469503132146,2.738993964776357,0.09998378680656345,7.193996843153201,2344.0,0.023694233606653795,46,932
818.2824399260628,1650.6731977818854,175.31316631287754,2.357980902626953,0.1674067499873489,6.157024325221208,2311.0,0.024133107874799917,46,214
825.9345509893456,601.2429223744292,425.8068401758246,3.089974952241434,0.06258823760849563,8.490212490568192,2526.0,0.02153441449285345,46,1249
859.4370072135548,1902.4244254319744,386.3370737120381,3.127149487224816,0.019618305991505325,7.582861537377698,2728.0,0.019555927852273954,46,1441
905.2113526570048,1794.01038647343,268.31663901490316,2.7553198434326145,0.11356668096435364,6.999564496040953,2529.0,0.02150210682597921,46,1143
782.5273093841643,1041.732038123167,353.6076286148096,3.044182230837283,0.05824501364414649,7.38842919026545,2490.0,0.021929818312802874,46,206
823.0097037793666,916.0386448757235,380.6985356457829,3.0642867999096923,0.044770685601776404,7.518050755006949,2595.0,0.02081508061519518,46,217
776.7339556592765,1508.138189698283,388.7998834421266,3.056368798379097,0.0685743151430078,8.166158578714445,2824.0,0.01873776870293337,46,226
596.0731378496798,1681.1919447253117,384.5871825880279,3.0689470720056127,0.11463143536790119,8.101347796343696,2729.0,0.019547037281861395,46,131
637.4296400187003,1636.918186068256,277.2605269820666,2.7461563091079313,0.07836493440159523,7.38842919026545,2828.0,0.0187051617968595,46,1293
687.2450753824145,938.0316936282602,588.9355794030013,3.325935446462459,0.0437709730351526,10.175292832207681,3627.0,0.013880361981998534,46,204
689.1625062824594,1360.6687887418327,386.8555599710041,3.1008351168429136,0.03237975683117686,7.777293884489947,3042.0,0.017112045678627175,46,291
662.4092146596859,791.9365445026178,309.4714858203291,2.7852641409888816,0.05759264887154101,7.647672319748448,2720.0,0.01962734462480359,46,726
715.9366743251005,918.79437105112,451.3422884298999,3.19505199737643,0.06372936999855174,8.360590925826694,3008.0,0.017346776374344505,46,1365
1215.9018305524057,2544.82601652357,403.1746726697737,3.2013280898652026,0.05040379922422352,7.184385872942671,2798.0,0.018415642199985552,47,480
1193.142331870478,1549.2010437670501,550.6505208616333,3.2489152227382583,0.05039809889984732,9.927515024429873,3680.0,0.013262974346216526,47,26
1326.4993700125997,640.7511549769005,311.0185956995727,3.0437451786090364,0.08129421110959074,6.335322087958537,2495.0,0.021252030555256367,47,13
1301.817816091954,754.9509578544062,340.9317659705522,2.915968717805181,0.07337087305989405,7.641574064857204,2484.0,0.021371529615189767,47,11
1160.2851232546113,1285.067574556111,378.8783858994585,3.0730911123261246,0.0540041194300384,7.510948867167338,2963.0,0.017167902975444686,47,1135
1353.7984460164676,1217.0628551548184,563.1905398398604,3.3371735581279416,0.043790243412509956,10.05814022211974,3959.0,0.01218454838334737,47,299
1007.1389426656739,1546.5862993298585,438.5741012437276,3.2372782110801777,0.054317563534384654,7.7068866637021385,2873.0,0.017826723394095603,47,84
1011.7070540471962,1183.5866531337224,514.7939040957649,3.2401745765429855,0.008521697779711727,9.600952030205207,3048.0,0.016588888747463254,47,444
1053.102190674336,2191.7355280871375,533.6692451619506,3.320441762252736,0.019923239838553562,9.078451239445739,4112.0,0.011664432350291739,47,488
1088.1152597402597,1115.9107142857142,362.09304799631064,3.0430414078847186,0.08468641126891208,7.315011070632538,2508.0,0.021112515993030566,47,30
1143.8360225897538,1399.2866075030254,323.81986507317964,2.893706570615151,0.017560377318726134,7.315011070632538,2396.0,0.02237818034724589,47,653
2064.3595292331056,512.1007972665149,344.066770715109,3.0921987714597456,0.06643749275297751,7.053760675252804,2592.0,0.020253397762612067,47,79
1677.2450765864332,1946.1813066583306,208.93500370494186,2.4881086368834544,0.07283318397786559,6.531259884493338,2663.0,0.019579950494770126,47,110
1833.1500857632934,1293.4819897084049,228.46347075957695,2.2413674050638286,0.044458507334993944,9.405014233670405,1471.0,0.0443229398800872,47,69
1834.212672396562,1643.12052768339,326.75893202120164,2.8894274044461925,0.1644142401303501,7.902824460236938,2266.0,0.024051778064375383,47,70
1427.6481619012254,593.5943186037875,351.77365737881115,3.2142229406987197,0.07821159218968396,6.596572483338271,2464.0,0.02159227917920529,47,54
1493.48033126294,1625.307453416149,315.4598524210282,2.9426892955008133,0.22552527215188903,7.380323669477471,2458.0,0.021659396072463658,47,660
1494.6765050820954,1541.3039483971852,334.13925569067914,2.9812418504829745,0.08547855374899309,7.119073274097738,3013.0,0.016822509755182173,47,96
1529.2289485662266,1694.0066757699894,430.4753389869559,3.194855331891567,0.04514945582692018,7.837511861392005,2787.0,0.018505304848376293,47,263
1535.178273608294,2141.1606941627224,289.7920010749694,2.8952877244649553,0.16028716821510872,6.7925102798730705,2566.0,0.02051174848951186,47,1397
1535.8771865889212,1515.9356778425656,358.4355424609943,2.998389995580573,0.00443055398105732,7.380323669477471,2619.0,0.019991909797767746,47,104
370.3080108010801,1572.0023402340234,362.8114865836049,2.9765963805328495,0.056520529095275523,7.837511861392005,2694.0,0.019299755193142906,47,1375
442.91681660899656,939.1871280276816,471.8835266546436,3.241448691461452,0.06135247429953667,8.425325250996405,2829.0,0.01816756826917295,47,116
456.79875994069283,469.47135732578516,484.5541708305607,3.2833357793774582,0.02093880332048792,8.621263047531205,2979.0,0.017055844111313077,47,119
475.518453427065,665.6248779535247,334.4658186849038,2.8954644046052893,0.07181179578992614,7.837511861392005,2799.0,0.018407534115831053,47,121
507.016811829046,1862.8604415637026,322.44830049743604,2.841074350248843,0.1508177204540495,7.510948867167338,2575.0,0.020421576795393182,47,139
564.2350043975374,953.0731750219877,371.30212443344624,3.0440333378892515,0.04632618509140459,7.445636268322405,2562.0,0.02055208090570521,47,1297
472.7391765704584,2504.6156621392192,307.7529657573261,2.8788497514356766,0.017922348520475632,6.857822878718004,2749.0,0.018821881321437438,47,438
364.9951675596176,1421.0239520958085,621.7106284049207,3.238821920630084,0.08940649640137163,11.886892989777873,3961.0,0.012177450455685222,47,686
100.13315864697475,293.858980466889,274.1822899510303,2.940290340967253,0.0688663145110831,6.596572483338271,2571.0,0.02046155503480688,47,151
151.35421888053466,1924.4108187134502,312.716723269541,2.814844585722468,0.06355743043090227,8.033449657926806,2953.0,0.017238690592076885,47,443
182.1738057465186,2207.7907632645865,370.518373247307,3.143464312339866,0.046025770362378614,7.184385872942671,2678.0,0.01944336329402761,47,158
255.10735807167777,1797.6016492229624,411.86124831614984,3.1676638889190984,0.05245035112416747,8.098762256771739,2844.0,0.018049916349268724,47,164
311.245002221235,1080.9369169258107,294.03731999989003,2.8438168956108765,0.02413247004476022,6.857822878718004,2441.0,0.021851846629866657,47,760
822.8989311537252,915.9434140207482,415.5187538514661,3.151946849263915,0.05762712371459459,7.576261466012271,2649.0,0.019709174687875468,47,217
825.2904428904429,600.8547008547008,420.28657356714626,3.082900177474695,0.005951725554700369,8.294700053306538,2512.0,0.021069956212366247,47,1249
824.6597863479993,1054.9393445591165,360.72148342056704,3.0415077690718864,0.03963203740352744,7.315011070632538,2505.0,0.02114454883228321,47,206
859.9018562764197,1902.7309318140049,355.3658503152825,2.963789305968729,0.03745564921727822,7.445636268322405,2676.0,0.019461464715264724,47,1441
904.9512091641918,1793.9149342384387,307.8835909550159,2.8666813022355986,0.09958800231559689,7.184385872942671,2543.0,0.020745846348017058,47,1143
595.2536352305775,1201.0980473618613,314.41485083950926,2.907556448898519,0.10021838953825485,7.119073274097738,2381.0,0.022559304976372613,47,932
950.0804901036757,1306.840150801131,346.4833368723715,3.0330569555744775,0.12430505822255392,7.119073274097738,2778.0,0.01857931721102418,47,187
596.338339520756,1681.003374957813,387.0424607550752,3.066123568298952,0.12919897092383786,8.098762256771739,2732.0,0.018967041438678375,47,131
637.7212980078044,1636.9215444649826,318.0070437759806,2.8754882964653965,0.06895919173337167,7.380323669477471,2904.0,0.017594162026863574,47,1293
661.5673257023933,791.9883454734652,313.8270374499049,2.9580486860659203,0.02780700764692454,7.053760675252804,2751.0,0.018804949605822057,47,726
688.1275426058273,937.6313358988455,594.018086494669,3.2681345877032815,0.0036709574380701876,10.907204007103873,3627.0,0.013489781888288645,47,204
690.2735849056604,1356.7353610930384,401.5418576986504,3.069118116285381,0.04029941837567772,8.164074855616672,3112.0,0.01617806124538474,47,291
776.8424870466321,1508.8474956822108,378.1599473121642,3.155415883130067,0.13992108944964962,7.184385872942671,2825.0,0.01819920159780486,47,226
716.0196265503612,918.9145427286356,479.19853772527614,3.3107842094029794,0.06090819753915874,8.294700053306538,3048.0,0.016588888747463254,47,1365
1193.0397022332506,1549.1576810286488,541.9909696913704,3.263832939820461,0.06732254123346153,9.719892192750722,3634.0,0.013661997782827935,48,26
1161.1173854186811,1284.8191839102687,316.11045615543384,2.9281342555501784,0.1559347166392042,7.152373500326003,2839.0,0.018363544819636337,48,1135
1143.6134287830166,1400.380646753888,247.643291024108,2.6925938633884696,0.06571562501671098,6.541059525939165,2257.0,0.024547944776653532,48,653
1215.6133514574838,2544.87690681166,404.7509824415253,3.2591117492886474,0.05171061638089392,7.091242102887319,2742.0,0.01916839864646271,48,480
1007.1360573476702,1546.12458781362,426.3914971348194,3.1999103930106374,0.047440066872080036,7.396899090080738,2793.0,0.018736630666300096,48,84
1011.8861509299846,1184.2342139556924,516.0101257799298,3.29524900953327,0.03183634894378072,9.169709615802567,2971.0,0.017370982551872128,48,444
1052.9575860714754,2191.538028537767,466.98274503410545,3.27831498326003,0.050575425843211605,8.436132846538362,3972.0,0.012320855926277442,48,488
1088.3357638271386,1115.3796905566423,343.7418477977189,2.996381717465799,0.049374435657505676,7.030110705448635,2423.0,0.02239660800056697,48,30
1327.2835623678648,640.6553911205074,231.32120790797944,2.621820534961836,0.058658128220684745,7.030110705448635,2466.0,0.02189945849985118,48,13
1677.43724420191,1945.944747612551,268.8558859353313,2.6891390535777497,0.07561584470770664,7.152373500326003,2697.0,0.019566238808758133,48,110
1834.7444321940463,1643.0615214994486,277.23088738443096,2.628820000984172,0.02971500033593678,7.458030487519421,2180.0,0.025692716282042203,48,70
2064.63618601016,510.9044548651817,312.8704920911836,3.019313887315589,0.12189378236363495,6.541059525939165,2514.0,0.021369940350136313,48,79
1833.3231815493791,1293.2321111768185,206.74638613762855,2.1486727987245313,0.1571159652599404,8.741789833731781,1442.0,0.0464573040499799,48,69
1353.7652710236034,1216.8454513106394,515.398811805543,3.256408879452809,0.003115452019676277,9.597629397873353,3808.0,0.01293705803549148,48,299
1428.4140950792328,593.6050875729775,293.1861821159274,2.948261103817,0.11597559648439507,6.541059525939165,2372.0,0.023016321955244775,48,54
1492.9673889723235,1625.5458056211114,284.9334434617051,2.7776037514916276,0.10692830457558461,7.213504897764687,2384.0,0.0228674415049443,48,660
1495.1204610951008,1542.1073967339098,318.1889236683491,2.8949590159673493,0.09466324387104899,7.458030487519421,2955.0,0.017485540799713643,48,96
1529.705467648441,1694.2235625881247,390.2017098511186,3.093888291376641,0.002826247576225958,7.5191618849581054,2690.0,0.019629614116174463,48,263
1535.4565967613485,2141.037164852668,230.2819741515218,2.6120750416786964,0.09664733902342465,6.418796731061797,2482.0,0.021720060614784674,48,1397
1535.7915943705418,1515.9020628494313,317.0885585144528,2.9413979435547613,0.11350306214509155,6.846716513132584,2524.0,0.0212628310147549,48,104
1301.1109527687297,755.9016693811075,300.27742421881476,2.8093608068958456,0.10208594736508515,7.396899090080738,2382.0,0.02289212101492902,48,11
953.5356990166738,1307.0012825994015,285.97267721816274,2.7546066976974357,0.048778476095500796,7.213504897764687,2621.0,0.020277006552904896,48,187
370.3920901932713,1572.054044380816,341.60224888736496,2.9807002679454357,0.16240199248030868,7.5191618849581054,2638.0,0.02011357162112387,48,1375
443.0032285233015,938.9403425042111,435.50007535318326,3.253124442933716,0.06818635875667846,7.5191618849581054,2725.0,0.019316777619619908,48,116
456.75575266743795,468.8627072888546,475.54114067552115,3.2817319743168203,0.01726576381919593,8.436132846538362,2965.0,0.017413765553832585,48,119
359.03052769297864,1413.9205189707807,560.6971773076077,3.21084552747533,0.05918367546705537,10.820257346647029,3818.0,0.012897725532525101,48,686
472.59463817778675,2504.3755291271923,303.27286269331023,2.9860591224632844,0.10322559679250748,6.541059525939165,2677.0,0.01974840691335319,48,438
474.7726588943212,666.1671681083114,325.09677157892037,2.812693518477091,0.08905804853481512,7.885950269590208,2776.0,0.01887837573869387,48,121
525.0418870319442,1899.6113814258515,288.9681156926583,2.8732846631788815,0.17830284580489042,7.030110705448635,2496.0,0.021565481380264966,48,139
312.7149114075254,1081.354369898467,307.06300933450865,2.854979130075635,0.06494558895227107,7.213504897764687,2405.0,0.0226114834192029,48,760
100.19435811618456,294.49318670810425,255.71263548601428,2.7365387834830797,0.10990900421036962,7.030110705448635,2514.0,0.021369940350136313,48,151
151.75735724030403,1924.2044435782498,313.6652002578865,2.8609018344183244,0.11953046661906988,7.702556077274156,2970.0,0.01737809844741318,48,443
182.1416,2207.807,305.6569871934189,2.933632560495605,0.04455652853775664,6.602190923377849,2595.0,0.0205321679220794,48,158
254.9044828132425,1797.272612070331,385.9225120304107,3.0495148188597336,0.058053304172275125,8.130475859344942,2779.0,0.018853206271253937,48,164
575.7211586482438,965.6677209921758,367.21630441417346,3.0672773667344524,0.05351862564924919,7.396899090080738,2508.0,0.02143472549186811,48,1297
596.5091044221479,1681.3940914158306,329.0091810149961,2.992589633822566,0.15491857182966803,7.458030487519421,2646.0,0.020037569249152943,48,131
823.1522578728461,916.0995246583482,411.53656755721926,3.215820776718419,0.030389055261411353,7.5191618849581054,2607.0,0.020413607770369057,48,217
826.3019014962593,601.6645885286783,392.21904596659516,3.006409404295166,0.016654485162290844,8.130475859344942,2475.0,0.021798184227524754,48,1249
859.0061750176429,1902.0797459421312,346.4927606824597,2.9595306137588073,0.05790602818751793,7.335767692642054,2639.0,0.020104039809326315,48,1441
866.3696700037078,1065.6903967371154,329.74275778426033,2.8555639474394905,0.039198178783111125,7.5191618849581054,2507.0,0.021445561224215082,48,206
904.5290920072479,1794.298369236964,303.63965107794235,2.8803046055053394,0.1140137425729198,7.27463629520337,2519.0,0.02131625113325541,48,1143
637.9461873638344,1637.5501089324619,280.59311424355855,2.8533510475291557,0.17855068170504,6.7855851156939,2819.0,0.01852391447990112,48,1293
661.3687758208306,792.94085670798,281.14329682050675,2.7132269252500274,0.007454579871654364,7.152373500326003,2705.0,0.019494309131383437,48,726
688.1559793927436,937.7449303957031,557.7017388331121,3.2662212493321623,0.035297151963019135,10.025549179944141,3508.0,0.014239817151268675,48,204
692.0092127303183,1354.2550251256282,291.96355416715375,2.7570527803255485,0.1255084026925688,7.458030487519421,2888.0,0.017982130777451717,48,291
600.8092036142046,1209.8064719478882,290.9243204106961,2.71613516011757,0.02482317863533151,7.580293282396789,2321.0,0.023671306815389006,48,932
716.4797554347826,918.3345108695652,449.92708514871265,3.2547415244999636,0.05272038970759257,8.130475859344942,2985.0,0.017271968420483366,48,1365
777.7278979796532,1509.2736781773892,426.6360227245741,3.0616486581725373,0.04473377656002081,8.986315423486516,2967.0,0.01739948115676949,48,226
1215.8006778224953,2545.27409447151,271.3083217450551,2.70599137550283,0.10896357034600045,6.953676536994633,2542.0,0.020547587298628413,49,480
1192.5181996086105,1549.0797129810828,440.4952946782138,3.0676010374956872,0.07586487075695217,9.482286186810864,3315.0,0.014851175131593687,49,26
1301.3111751389174,755.6349043012966,279.2389611012969,2.798876674676716,0.07430598076959614,6.896208135862446,2248.0,0.024057146145441,49,11
1327.634087882823,641.4724367509987,215.7938462513624,2.642125198758022,0.16962285231218832,6.838739734730259,2287.0,0.023524151388572473,49,13
1353.7181020226435,1216.5336471186872,451.75910130012244,3.1150397815446147,0.048042182725062575,9.36734938454649,3581.0,0.013557779797944543,49,299
1161.5197247706421,1285.2965596330275,250.56222893633557,2.6677224591898714,0.11414249370335249,6.896208135862446,2665.0,0.019365640140515717,49,1135
1427.9984881209502,593.1447084233262,266.07869724202607,2.7918038015810995,0.028824503485658307,6.321524124540576,2347.0,0.022748756151261606,49,54
1052.8737006237006,2191.2509095634096,442.27681511331156,3.1797133397645965,0.07446262982824046,8.447854966431498,3714.0,0.01299203863612865,49,488
1144.0744939271256,1400.1244264507422,212.92042619475305,2.5219682564694734,0.12551910536930094,6.034182118879641,2172.0,0.025168400759259923,49,653
1006.8427128427129,1546.7775974025974,318.604815876845,2.8924629628297733,0.11520229098306879,7.298486943787756,2610.0,0.019876902127848813,49,84
1011.8746077721457,1184.7480086893556,476.18317178130195,3.3046131785301562,0.04506026638871416,8.045576158506188,2804.0,0.018183613903179758,49,444
1088.3764333728745,1115.9211150652432,290.6751729266021,2.8382310609877335,0.057601433771423995,6.896208135862446,2253.0,0.02398746764901749,49,30
1493.3428760184981,1625.2541290464656,260.9640095412614,2.7317491107603673,0.16455735534040475,7.183550141523382,2307.0,0.023259879072128266,49,660
1833.3458019375673,1293.1106027987082,213.5525786072071,2.107192051594622,0.13589910216809473,9.94203339586836,1438.0,0.04544018953997183,49,69
1834.5738380074524,1643.7119042949598,293.03137737302177,2.8593560195331533,0.15722536710650603,7.183550141523382,2159.0,0.02536884795098922,49,70
2064.8872080088986,511.80934371523915,258.3204630891808,2.755114568354798,0.08145031951315576,6.206587322276202,2514.0,0.020837092413537362,49,79
1495.1338028169014,1541.812852112676,326.4205184308225,2.844100640044973,0.09950967126687707,7.930639356241814,2928.0,0.01724463435208694,49,96
1529.823571945047,1694.17136659436,397.3939938290735,3.1784933469516736,0.11597730514777693,7.241018542655569,2681.0,0.019221811159370265,49,263
1536.234353129374,1516.8490301939612,287.39947406206744,2.777095163743998,0.08303323191804522,7.068613339259008,2467.0,0.021341831479557698,49,104
1538.2637263726372,2140.6402640264027,191.54218097357946,2.6225727423236287,0.26464470073379254,6.091650520011828,2371.0,0.02245272446321714,49,1397
1677.4349766255843,1947.3501912452189,270.4462957280723,2.7392334539067904,0.014328039850242244,7.068613339259008,2634.0,0.019650524066755586,49,110
905.6910971223022,1062.2673111510792,255.61944823596804,2.766099050438095,0.04438091392676272,6.666334531333699,2329.0,0.02297595387130096,49,206
346.4763768521107,1418.1625198024415,616.6934125494993,3.197648469691274,0.048334225495338286,12.643048249081152,3903.0,0.012264763811185044,49,686
370.77329545454546,1572.1426136363636,303.43315797794764,2.8536260824049493,0.18215806634501444,7.126081740391195,2675.0,0.01927549596385074,49,1375
415.7888398233641,1428.3484544359694,143.15378722027796,2.1884335193390823,0.22737696482720976,6.149118921144015,2400.0,0.022105139829314575,49,1501
443.1432592175626,939.4151421334084,408.3704584453212,3.1658357796175873,0.042990171257340136,8.045576158506188,2682.0,0.019212892751660538,49,116
456.7702388242499,468.8892835272505,469.2294952443073,3.328365352784555,0.019103116396690944,7.81570255397744,2912.0,0.017360307255853615,49,119
474.1754700089526,2504.2335123843627,385.15322438791765,3.1807435003721465,0.13712669030945632,7.355955344919943,2816.0,0.01808829930077686,49,438
476.42766382283537,665.4449083318207,316.5934218372185,2.9338319240503323,0.04289111801656098,7.355955344919943,2697.0,0.019080102869022536,49,121
312.64590359055745,1082.3346558222574,289.69821010735495,2.847300757358902,0.03891286731887051,6.4939293279371375,2430.0,0.021756715785159857,49,760
950.6054617319439,1305.8704635285662,319.86912070175316,2.973623415953435,0.09950088854745713,6.723802932465886,2682.0,0.019212892751660538,49,187
100.04200652528549,294.50591353996737,281.8250391522453,2.911661595434732,0.0699662393650126,6.723802932465886,2516.0,0.02081614320412173,49,151
151.01383567475523,1924.0304384844615,269.9865485190148,2.665149632345748,0.1621941837264845,7.41342374605213,2912.0,0.017360307255853615,49,443
182.33190327613104,2207.616419656786,294.69796100585523,2.8996139933536704,0.0857363473989697,6.723802932465886,2596.0,0.020011380998505347,49,158
255.07183908045977,1797.4928845101258,419.979075474023,3.195273089258965,0.04726444683433132,8.103044559638375,2774.0,0.018426353775323888,49,164
534.1368729529391,1919.349767281503,333.3741949678171,2.891504774696515,0.07765338752322758,7.470892147184317,2610.0,0.019876902127848813,49,139
569.5442577516022,987.0523124891737,331.76507973611587,3.0094832502557756,0.10391441659611404,7.0111449381268205,2481.0,0.021188944918620677,49,1297
777.0303150386368,1508.775708341589,290.04302051414805,2.904496626586744,0.09323654598253085,6.781271333598073,2603.0,0.019943914872965873,49,226
822.0726445305916,916.3064217090848,340.9600239172658,3.0059494913444134,0.05225592659096039,7.298486943787756,2498.0,0.021006216394657832,49,217
825.5778222085512,601.6047370039988,373.65954416148026,2.989703441600407,0.00844777888850073,7.930639356241814,2363.0,0.02255054189904092,49,1249
859.30126869911,1902.1804582465443,303.49062637907986,2.8582625555055756,0.09375824123537184,7.183550141523382,2526.0,0.020712025854532495,49,1441
905.2580326248146,1794.3633217993079,232.51715098082883,2.624083296846525,0.08973312739549977,6.43646092680495,2345.0,0.02277377820748228,49,1143
595.9820132533922,1681.0948248658883,364.2347263758016,3.0834864883684463,0.1410418082096946,7.470892147184317,2650.0,0.019502448461516508,49,131
597.5124109648176,1218.745952946255,266.25110244542265,2.69469584762404,0.028809640955472796,7.126081740391195,2268.0,0.02378083307783299,49,932
637.4872420262665,1637.9146341463415,306.306578034557,2.8638917878662733,0.115398746785987,7.470892147184317,2759.0,0.018550170361116045,49,1293
661.25951027547,794.404459991255,262.8604667786236,2.7243657573940427,0.08683824570577885,7.126081740391195,2554.0,0.02042596173886133,49,726
688.2447280799112,1355.259156492786,207.11611768040214,2.667267782785081,0.03412442683285898,6.091650520011828,2741.0,0.018700964573322463,49,291
689.7944170771757,937.472249589491,524.9738443425288,3.2437721896905374,0.04716059705950875,9.94203339586836,3344.0,0.01469830371424884,49,204
716.5314793356508,918.9709025363718,446.35707159369684,3.2282988124720537,0.04165617375632522,8.275449763034937,2872.0,0.017656394487793946,49,1365
1161.8789948767992,1284.9370578189803,237.9454898784204,2.6062210933479077,0.16618432458247365,6.675709035378957,2619.0,0.019912088440260926,50,1135
1187.3358830528641,1546.757436681965,341.5060543924731,2.976335928064701,0.06957999107327661,7.662552979739325,3119.0,0.016072098366162715,50,26
1215.3882799325463,2545.1570404721756,275.38751012032844,2.8245864058742436,0.14391519886811552,6.55960974780715,2525.0,0.020848552866865322,50,480
1300.4436111912316,755.9486587828094,201.25811500572908,2.487870778299853,0.04745851199954976,6.385460816449437,2196.0,0.024956515269266042,50,11
1327.2738511779799,640.8775367389783,248.85882291017035,2.713219157975799,0.12006216360463513,6.385460816449437,2311.0,0.023348426201171994,50,13
1401.1783733826248,1045.2142637091806,376.8582874580886,3.043102763639075,0.07465198001152101,7.546453692167517,2553.0,0.02056052216039126,50,1511
1353.8046714579054,1217.1890400410678,452.3228243797638,3.135685018282433,0.056379501880894106,8.997694786815117,3581.0,0.013641337601965616,50,299
1012.0913230128789,1184.2891895407831,446.22761178224386,3.156657329358311,0.04193980102035009,8.591347280313789,2737.0,0.018849258469252943,50,444
951.5342072920934,1305.968660385088,283.3983609627832,2.8475177314010143,0.09777158872395429,6.617659391593054,2616.0,0.019940674125453264,50,187
1007.175771152852,1546.850422195416,336.8620828896008,2.938275931376381,0.07222719719428881,7.082056541880285,2541.0,0.02068298357621968,50,84
1052.7813573180704,2191.661815208504,354.9735717508028,2.994543962020635,0.03267737542394275,7.546453692167517,3122.0,0.016053523106344756,50,488
1087.3586419753087,1114.1430041152264,282.12126879949335,2.820267622943003,0.05756187996133078,6.733758679164861,2232.0,0.024429798633915707,50,30
1428.0858115777526,593.3736662883088,255.708680876907,2.784503901061799,0.09306400578746328,6.385460816449437,2292.0,0.02359966561171815,50,54
1833.1472845336482,1293.5115112160568,196.67219314664268,2.080294911433475,0.13829394729511343,9.113794074386924,1429.0,0.04616077384947224,50,69
1834.8256839249377,1643.623332579697,256.7535744650533,2.624989906637357,0.1302099768940884,7.1981558294520935,2137.0,0.025870658268961406,50,70
2064.965416936005,512.3190045248869,359.2111957471738,3.181586892088116,0.058900657159330266,6.675709035378957,2567.0,0.02041947077350897,50,79
921.5721508321045,1025.1558879292184,275.5616590516862,2.8176069251220035,0.07049696615750653,6.791808322950765,2268.0,0.023924855564413944,50,206
1678.0207604895104,1946.683347902098,265.6351699642966,2.729420774127317,0.06598019514366593,6.8498579667366695,2594.0,0.020152837010617538,50,110
1493.0311363636363,1625.5913636363637,255.4184326579775,2.7442915959562977,0.09692164870655862,6.55960974780715,2268.0,0.023924855564413944,50,660
1495.9158746920098,1540.480464625132,164.9190379957532,2.3728488841098883,0.20461979465246277,6.385460816449437,2692.0,0.019240913006979273,50,96
1523.8435734463276,1505.8555790960452,164.39659120168005,2.2486656432518473,0.1755707121445592,6.26936152887763,2215.0,0.02467572748282646,50,104
1536.0585089650833,2141.2837370242214,184.53981759538874,2.6639390475047255,0.1661371559445374,6.037162953734014,2359.0,0.022736919559805346,50,1397
1530.3805309734514,1694.6444651451638,373.8977556250075,3.0943101772047155,0.07009045357873171,7.372304760809805,2623.0,0.019874101439176495,50,263
905.273105961989,1794.2033324655038,222.96868178165718,2.6100361044524214,0.11595801624103094,6.443510460235341,2338.0,0.02300046667762554,50,1143
312.90132370637787,1081.7715603690333,289.43552391651724,2.8104655140984423,0.04235286264999755,7.024006898094381,2400.0,0.022239401017664223,50,760
344.45625475491795,1428.8181719378329,534.1147724741026,3.194301931550897,0.10090465003498823,10.855283387964043,3781.0,0.012803089756020703,50,686
371.7162646675359,1573.4493155149935,356.1926142703068,3.0255323752764824,0.1290432674041336,7.662552979739325,2748.0,0.018755933823570478,50,1375
443.14287574889295,939.2638707996874,445.70516498817074,3.224899060676145,0.010540796899053231,7.952801198668845,2717.0,0.01902134072627315,50,116
456.9960727843959,469.58515512501634,443.4412288805205,3.221641864919065,0.05626168865947737,8.243049417598364,2862.0,0.017840511401752645,50,119
415.99751166407464,1428.334370139969,186.6296047716813,2.369518721926761,0.1890443339480436,6.55960974780715,2213.0,0.024704986199920034,50,1501
100.12275171518635,294.51158909697756,313.06172893738017,3.0199902620728794,0.10144307584608285,6.501560104021245,2565.0,0.020439502367020083,50,151
255.77494165694281,1797.63243873979,397.9883577961577,3.084784997869465,0.02953832963147465,8.126950130026557,2778.0,0.018506046458475593,50,164
150.32968236582695,1923.150784958014,317.995948659182,2.9397627768875942,0.10967645131858615,6.965957254308477,2886.0,0.01765906144794885,50,443
182.7914979757085,2207.735921972764,315.4417643326022,2.999693273486781,0.054853766749826505,6.965957254308477,2568.0,0.02040946969341087,50,158
475.49471974004877,2505.716693744923,285.83644600179116,2.841000441630025,0.05066308973964899,6.55960974780715,2651.0,0.01961219722375016,50,438
821.9587874659401,915.8947547683923,340.86750831082816,2.9258548670426694,0.04691909400790907,7.720602623525229,2469.0,0.021449522138650482,50,217
825.1281767955801,600.8879242304656,367.7444933837017,2.9812357131345952,0.1026161522889383,8.18499977381246,2331.0,0.02308967867856119,50,1249
476.1791602550011,666.4517476368433,264.0678295820772,2.640386736663223,0.027909119865777668,7.372304760809805,2734.0,0.01887487204688822,50,121
854.4600504625736,1904.0933557611438,276.0841058457593,2.761701916730211,0.10497592446749408,7.488404048381613,2436.0,0.021820169041087335,50,1441
776.968992248062,1508.8922679387795,292.0477578868829,2.8334122546797156,0.07777538396238351,6.675709035378957,2519.0,0.020911326817033036,50,226
716.5189855483139,919.0246528761688,409.71438584091027,3.171962929170117,0.06416572438719166,7.546453692167517,2804.0,0.01829480195779576,50,1365
534.8246105373709,1920.2566077367408,331.63761494886944,2.8675163637321517,0.10420416394439797,7.836701911097037,2569.0,0.020399478405205958,50,139
569.1824936571221,986.9706415367887,320.31793441061814,2.95725865632691,0.1422904144553789,7.082056541880285,2438.0,0.021797341331725513,50,1297
588.194156889809,1220.3480561306649,252.34180153732459,2.6871624364694435,0.14312296647467448,6.8498579667366695,2199.0,0.024911756282347604,50,932
596.651248164464,1681.6543685756242,316.25445934560486,2.981988269289326,0.184415725156133,7.604503335953421,2565.0,0.020439502367020083,50,131
637.366718027735,1637.2172573189523,301.39375053641345,2.8953897789874548,0.1942218334964937,7.1981558294520935,2722.0,0.018978026269108904,50,1293
661.0195144088949,795.8702064896755,255.82478016447882,2.6394400874983948,0.10448864073221993,7.082056541880285,2512.0,0.020985042549773916,50,726
688.3568702290077,1356.3476463104325,182.5080800628821,2.461471559694678,0.04967996390613596,6.327411172663534,2657.0,0.019556970435828765,50,291
689.6858304935693,937.3454985159943,528.0776095203685,3.300644005634235,0.04429577983690043,8.997694786815117,3314.0,0.014947863573319934,50,204
1216.2466019417475,2545.0981969486825,213.72462157101162,2.4781430119738306,0.08873548775515827,6.5214170243581915,2449.0,0.021627271554685124,51,480
1308.8834224598932,750.016256684492,277.1602235352231,2.7447957562112903,0.08187173561986029,6.639988242982886,2458.0,0.021526540960363705,51,11
1327.4719834994844,641.0862839463733,172.46183748961798,2.612803970023068,0.2814018293515891,5.987846540547067,2174.0,0.02523545365079457,51,13
1353.872982104868,1217.147040420473,473.7513040149664,3.1897800133552003,0.018622988646654338,9.129983834101468,3573.0,0.013650124932961962,51,299
1400.9735134186985,1045.1422557446062,337.9872586896914,2.9530026281758848,0.03831267887929921,7.173558726794011,2502.0,0.021047286738051913,51,1511
1161.8648590488488,1284.5879061760274,275.5002264744774,2.7987900487594004,0.15197414700933268,7.054987508169316,2626.0,0.019804693913951878,51,1135
1148.1663188647747,1545.1544240400667,284.09663982476775,2.6897520846963845,0.11592602822399908,7.469986773355746,3000.0,0.016811182587772446,51,26
1006.2946428571429,1546.232973421927,285.5194944482641,2.843692384688882,0.04161486919888744,6.5214170243581915,2515.0,0.02090974606904537,51,84
1011.9398079264168,1185.1053699445422,438.2985096461828,3.1450785370899217,0.04895032250676582,8.359270913040955,2731.0,0.01886175732024308,51,444
1052.6936887921654,2191.7499093217266,326.90084974828244,2.870560235945252,0.051749813332456394,7.82570042922983,3107.0,0.01611433571765672,51,488
1088.1438118811882,1113.671287128713,239.51386162188265,2.63905361074686,0.18102953146661363,6.639988242982886,2197.0,0.024888177506016216,51,30
1428.9560031804929,592.7190564537503,223.68460393548597,2.7639725268786677,0.20417727117082776,6.165703368484108,2239.0,0.024278079481793346,51,54
1833.3566021867116,1293.6504065040651,211.47176841714244,2.113608171109588,0.04620728127909213,9.722839927224939,1418.0,0.046615274477871886,51,69
1834.9772588832486,1644.1398984771574,291.98162586330994,2.7427430783630884,0.11803971886244526,7.3514155547310525,2167.0,0.025343078219495364,51,70
2066.3974630021144,509.03946441155745,252.37883884266202,2.9488633676234373,0.21596736713413203,6.34356019642115,2548.0,0.020568545934910715,51,79
1679.3993118801861,1946.7241449099372,292.9301956123075,2.769642001858327,0.0223469122898791,7.173558726794011,2662.0,0.01947095957544866,51,110
1485.0723883831815,1502.0585175552667,273.54380136717,2.705450518013274,0.05557067289379454,6.580702633670539,2363.0,0.022639576569329894,51,104
1493.2858324145534,1625.9038037486218,215.08819058519563,2.524412230868033,0.09530197046066326,6.580702633670539,2245.0,0.024193355843741163,51,660
1495.9703932832524,1540.6588599204595,134.1633338738417,2.177598558933893,0.18651354676580834,6.224988977796455,2616.0,0.019899437942769112,51,96
1530.4594995060916,1694.7690154757986,360.10079096319686,3.083995885588154,0.06665438804690851,7.173558726794011,2594.0,0.020111099609457395,51,263
1535.7606936416184,2141.502023121387,205.1282082207213,2.619458091598646,0.13177450781930455,6.34356019642115,2345.0,0.022863566078408542,51,1397
950.7548504907555,1306.9317507418398,259.7302543973931,2.673130908103886,0.03276404328724497,6.580702633670539,2557.0,0.02047741535300055,51,187
312.2714154832799,1082.0279431974348,258.84097025770785,2.753875377046712,0.06299694081883829,6.462131415045844,2310.0,0.02331203789693653,51,760
342.0364113685652,1428.7870106152266,519.4012231854738,3.165434391787537,0.05494220112194687,10.493552848285454,3606.0,0.013503889589895832,51,686
370.9216206652512,1572.7133757961783,335.0822638333863,2.8680895594734577,0.046610976220216295,7.588557991980441,2593.0,0.020120827631844834,51,1375
416.5709028459274,1428.0215897939156,241.64814355712716,2.682449410161643,0.18783120530976755,6.5214170243581915,2220.0,0.024550329653034386,51,1501
443.19592249855407,939.6681607865819,410.0192740041932,3.1669837390599613,0.07172126669078006,7.82570042922983,2657.0,0.01951663738361069,51,116
457.0106548856549,468.89903846153845,456.262049267824,3.2896193752614655,0.03456030515906498,7.588557991980441,2883.0,0.017645559874221253,51,119
255.86793532694233,1797.5176706252682,414.34712348399455,3.1570247036178087,0.05516694743446773,8.122128475791566,2752.0,0.0186838431400551,51,164
100.46715982963461,294.3362474781439,264.4731031423808,2.9519426618063305,0.13279031795049806,6.402845805733497,2453.0,0.021582386259132794,51,151
151.09826254826254,1922.6171814671816,307.09945623795846,2.8310877618078027,0.14488146270997948,7.3514155547310525,2950.0,0.0171578997171764,51,443
182.78790170132325,2207.8147448015125,313.62087326231665,2.9337357231021457,0.0738865961668695,6.995701898856969,2571.0,0.0203372507593522,51,158
474.1270663214499,2505.6231826329417,297.6730443572953,2.87694930150145,0.08334858503549618,6.580702633670539,2674.0,0.019362200322973297,51,438
777.04505229284,1509.206154465004,294.76804950099023,2.864568416426702,0.06600263218232716,6.877130680232274,2433.0,0.021808695374225674,51,226
822.1033601886421,915.8247199842798,301.70446579053487,2.807997449388313,0.14949705855671225,7.292129945418705,2405.0,0.022133620336687088,51,217
826.2770341669602,602.4570271222261,336.62368967550736,2.8448181821707017,0.08723524316090513,8.003557257166872,2304.0,0.023390691288019894,51,1249
855.2067873303167,1906.6341628959276,262.0423931605746,2.756029999377014,0.16324102673057855,7.054987508169316,2402.0,0.022169008896780678,51,1441
904.635761589404,1794.6470750551875,214.85104814794624,2.617387521803678,0.03518793723571222,6.165703368484108,2308.0,0.023338196854814253,51,1143
474.2274848746759,666.6496110630942,342.9672498719285,2.889464664973366,0.02027968434992963,8.003557257166872,2720.0,0.01895630949720085,51,121
533.8734500364698,1919.4536834427424,325.12228146891204,2.8654484884772757,0.08601871119262183,7.82570042922983,2537.0,0.020681035297434577,51,139
570.5387931034483,985.3494252873563,206.31392040696824,2.6730347813915056,0.15353186005984873,6.224988977796455,2253.0,0.024081306568833644,51,1297
573.0199915824916,1215.4877946127947,281.72521545227386,2.798621293562447,0.13915655867668003,6.995701898856969,2235.0,0.024334892341878522,51,932
596.7241073014745,1681.427962337893,333.71869481920237,3.012350959832733,0.15277721363209534,7.529272382668093,2571.0,0.0203372507593522,51,131
637.8795180722891,1637.3373493975903,275.55951208378974,2.7885924493437555,0.09837915658409407,6.9364162895446215,2724.0,0.018921817405421433,51,1293
688.7348781221788,1356.2308155281373,197.00607974492974,2.450349579241197,0.04730783949888123,6.5214170243581915,2589.0,0.020159834015471386,51,291
689.8456065457133,936.7767105419186,499.9555433310239,3.205388709551361,0.042640196787205736,9.722839927224939,3254.0,0.015246111799371746,51,204
716.6480718280836,919.0366499852811,402.78642966808684,3.110798611478652,0.06067256182369594,7.944271647854524,2822.0,0.018114297346526836,51,1365
661.4018097334312,796.1102959158718,242.41885647818768,2.556813482089794,0.059330845795082486,7.469986773355746,2439.0,0.021740305864516588,51,726
1162.0434860096238,1284.5006237747282,342.9552914934443,3.0554490709434527,0.09907830220075628,7.090146821108455,2845.0,0.018442066788133846,52,1135
1215.4304476507584,2544.877358490566,330.4252906457957,3.0305510610496733,0.12734840982100737,6.9067809550453045,2652.0,0.020117829977445354,52,480
1312.0704525288377,745.4342502218278,344.4222184219495,2.989956568905251,0.06795306685706988,7.212390731817221,2660.0,0.02004234088949972,52,11
1327.2234326367275,641.0282347710094,274.92655518401574,2.8441823174140883,0.08733671478415915,6.9067809550453045,2384.0,0.023022777238169024,52,13
1354.1022795802678,1217.2441201302618,506.76213184319136,3.2149316931814362,0.03312548347732298,9.535025035283784,3767.0,0.013192424234120363,52,299
1006.8048156508653,1548.0198645598193,406.1553933298766,3.1209624029362737,0.03586309354566322,7.823610285361053,2723.0,0.01946709341562718,52,84
1012.0673913043478,1184.3997584541062,506.0897903342931,3.2743329150603095,0.028233836448167217,8.984927437094335,2986.0,0.017384160865434053,52,444
1052.4907161803715,2191.706662505851,391.7306118662421,3.057135232675004,0.07710064403529594,7.94585419606982,3341.0,0.01519028248366551,52,488
1088.547822850763,1113.56233717901,328.4693880744555,2.9987592025277836,0.10964210413210611,7.090146821108455,2400.0,0.022826001231107403,52,30
1105.0560779620448,1537.6083091126688,357.5023168677875,2.8629432122473646,0.09990364831924453,8.373707883550502,3254.0,0.015675078958554092,52,26
1428.5658577058703,594.1006015349512,294.66894676348153,3.0742387330192713,0.09268616835434595,6.356683356855855,2358.0,0.02334987703203962,52,54
1833.3588086541163,1293.838156785614,217.5330391062499,2.1728483655488815,0.09661305993408646,9.4739030799294,1418.0,0.04801158003002523,52,69
1679.3556962025316,1947.1128390596746,338.00441310973923,2.9281634259078837,0.03795148791517893,7.518000508589137,2739.0,0.019326218846108852,52,110
1835.0161598979375,1644.1588347863067,287.4565560316643,2.656738730976262,0.07783316971189247,7.518000508589137,2201.0,0.025541110427953297,52,70
2064.552860061287,513.3036261491318,239.3535771677647,2.9076701075853593,0.17680817008943697,6.662293133627772,2456.0,0.022163004908870257,52,79
1401.0822880771882,1045.1123363197794,443.43978609605034,3.2372742957015435,0.032725445353093116,8.006976151424203,2686.0,0.019800866761052364,52,1511
1467.919383733429,1465.099785023289,341.1827547881672,2.9835629966171706,0.1234157847787887,7.212390731817221,2483.0,0.021856917174600168,52,104
1493.3296386610507,1626.246286854356,275.72114060362276,2.789361300802646,0.057787408155698335,7.029024865754072,2360.0,0.02332438588227244,52,660
1495.3393979490572,1541.2163413827325,184.7716710363005,2.3424910473638576,0.14726007152879045,6.417805312210239,2763.0,0.01911868886161415,52,96
1529.7257356527393,1694.7148431149405,375.9611473848112,3.027404233676478,0.023844075962735658,7.518000508589137,2683.0,0.01982843178899721,52,263
1537.037886597938,2142.461855670103,237.15318677500693,2.7093290530176977,0.08473306121376628,6.540049222919006,2434.0,0.02241882150500681,52,1397
370.9915530812056,1572.922057976579,318.38426544098223,2.8642412439646794,0.012103671970351912,7.3957565978803705,2587.0,0.020752924563895284,52,1375
416.01166666666666,1428.5427777777777,220.03903927577963,2.6341770800173796,0.16941447783816055,6.173317490792706,2303.0,0.024073394865168,52,1501
441.69481481481483,942.0219259259259,412.5731986420868,3.113982801636658,0.07538558670779905,8.251463972841735,2684.0,0.019819234922834966,52,116
457.0259357913921,469.4288518155054,435.98290754281555,3.2305017993786334,0.02999300079563919,7.8847322407154365,2891.0,0.018083058947555092,52,119
472.42961987203614,2505.149604817463,324.8020707531925,2.897054426615342,0.027283313884381558,7.212390731817221,2685.0,0.019810046584138246,52,438
473.7787481804949,665.6301310043668,419.90783328461276,3.271396925734627,0.02645511375774781,7.456878553234754,2877.0,0.018190833729107927,52,121
534.5644160583942,1919.4346715328468,334.9483153420201,3.012595214596096,0.11853987101966569,7.334634642525987,2551.0,0.02112223042271196,52,139
556.677006916789,1218.2905051351918,291.61284899576236,2.817773038455753,0.14043948050025792,7.151268776462838,2313.0,0.023938529812176545,52,932
335.9821811210105,1414.122251043194,541.9683781273161,3.2399613768831563,0.08145720266584036,9.8406348120557,3627.0,0.013788403630108033,52,686
312.8795361820915,1081.7043160833155,284.6449460853627,2.8523165470098415,0.04218541739075783,6.540049222919006,2395.0,0.0228871314312341,52,760
100.6123338417956,294.54892133362387,280.48865312126463,2.83562155772827,0.07364604261225843,7.151268776462838,2528.0,0.021365136226511657,52,151
152.1347359902893,1923.2221323083147,302.1258253167163,3.0489963459109144,0.1681672191675024,6.601171178273389,2914.0,0.017908746048673704,52,443
572.7442489851151,986.0575101488498,361.3530000551136,3.013894301950356,0.03467228687750761,7.334634642525987,2552.0,0.021111794531580567,52,1297
255.69642054815037,1797.916279766362,408.1112959012168,3.1245428001628373,0.10109968480102752,8.31258592819612,2771.0,0.01905049911693216,52,164
182.02095439337913,2207.751540764219,347.11158445754234,3.0841345456066147,0.02832285373446848,7.029024865754072,2599.0,0.020632675772403696,52,158
821.7251322299949,915.5540010237161,358.2357803320401,3.0030127623626264,0.011706067037378151,7.334634642525987,2599.0,0.020632675772403696,52,217
825.7435582822086,601.589263803681,398.51514891057866,3.0189076966647383,0.01649206903652778,8.129220062132969,2485.0,0.02183457999388427,52,1249
855.428735192969,1907.451471150172,319.9123143248418,2.925615853765816,0.0809578892889401,7.3957565978803705,2604.0,0.02058298239964497,52,1441
905.1081081081081,1794.643365169681,300.78114229891986,2.855633618861089,0.0946703070854645,6.845658999690921,2537.0,0.02126942375893985,52,1143
951.148179945055,1306.2086195054944,355.9742679839279,3.0832652700140355,0.022843136462557177,6.784537044336538,2822.0,0.018626969913891105,52,187
596.3822809593735,1681.150921846957,374.6164643670148,3.07363272745027,0.13759456944030818,7.94585419606982,2673.0,0.019920872085060486,52,131
637.363485280152,1637.5301519468187,257.44567595266216,2.6961511028187513,0.17062914490564057,7.334634642525987,2733.0,0.019378807226939288,52,1293
660.7482573192591,797.2507468631746,306.8933378343582,2.7687547360301137,0.04170834713689406,7.823610285361053,2639.0,0.020241720051691846,52,726
688.9913905557005,1356.4286459692148,234.28045487335092,2.6922795960724666,0.10075674178484413,6.967902910399688,2704.0,0.01963707273104144,52,291
716.1086603518268,919.6166441136671,451.6912500688921,3.187551904642536,0.049162802647681386,8.618195704968036,3028.0,0.017092106814826286,52,1365
689.0599093997735,937.7595696489241,539.7068657792039,3.2905713135637895,0.03894384696978063,9.8406348120557,3393.0,0.014914577409110579,52,204
777.4425785482124,1509.3544600938967,338.49338875257433,3.0019254685282863,0.10852635658358549,7.212390731817221,2557.0,0.02105976937702242,52,226
1215.9120380376053,2545.4009077155824,278.56016174264056,2.8220013069986285,0.1468892691374305,6.562147747989588,2593.0,0.020593208189102336,53,480
1162.280055353745,1284.8232139768206,348.03464340484226,2.995672367268938,0.0892449638301103,7.404992412868984,2865.0,0.018196327805891182,53,1135
1311.8059830537784,745.461698080581,348.15504978553935,3.025741199210483,0.038279325909638305,7.164179651474871,2408.0,0.022619738035399704,53,11
1328.2416543574593,641.2490398818317,203.7877993297684,2.517120110056141,0.1465449490148663,6.562147747989588,2329.0,0.02361197802827078,53,13
1006.0933426769446,1545.7817799579539,429.5497631367496,3.171726001787269,0.02693865820492213,7.826414745308683,2755.0,0.019095140050177265,53,84
1011.992485357498,1184.9293844623714,544.7786694638329,3.4205214291340775,0.03721053847891889,8.609056219839552,3003.0,0.01718171785710504,53,444
1052.690046199076,2192.2014559708805,430.03138865953787,3.082672532495326,0.06753504075523678,8.789665790885136,3479.0,0.01441022377404054,53,488
1062.7963742311429,1524.007445775332,371.935309973208,2.9744786888425954,0.12906083789981143,7.826414745308683,3271.0,0.01550296823024979,53,26
1089.1601032924468,1113.55245319561,373.01896739948154,3.092531456100688,0.06931426577921128,7.344789222520456,2453.0,0.02209094696503773,53,30
1353.9748000969228,1217.197237702932,496.9171331367528,3.1652645904107244,0.05207725647825345,9.572307265416004,3742.0,0.013231018419933635,53,299
1679.255967496191,1946.114948366345,355.6202453887568,3.0213113592345375,0.08925433467540869,7.344789222520456,2789.0,0.018807986777212186,53,110
1833.288534342888,1293.8910221741482,222.63139790885776,2.185551651064322,0.08896327601164525,9.271291313673363,1429.0,0.047199462553208366,53,69
1835.2872483221477,1644.0268456375838,269.1082608579216,2.653603349834906,0.07221968099077773,7.164179651474871,2171.0,0.025882727330660247,53,70
2064.5391440501044,512.8086290883786,346.0479381233408,3.1075871864013074,0.014130567603119943,6.802960509383701,2577.0,0.020754019244695044,53,79
1401.4744849872088,1045.1067725865087,447.12909471851987,3.258281697919499,0.04017411230026721,8.067227506702796,2685.0,0.01971484350440666,53,1511
1428.1817834638152,593.9108268092419,315.28410785524284,3.0423464106279607,0.10658634476420335,6.261131796246946,2381.0,0.0229493411076709,53,54
1493.2424596679916,1625.9653963058217,257.48904512065565,2.6357464263003316,0.11856922716746283,7.164179651474871,2345.0,0.02340404998578018,53,660
1530.158364727222,1694.3076601088321,431.4762652279025,3.2693169158304407,0.03835445892338768,7.525398793566041,2733.0,0.01928566410782465,53,263
1536.8060071645082,2140.6390190135025,218.4773777748093,2.6359951921565545,0.15290601744741655,6.080522225201361,2443.0,0.02220630833201236,53,1397
1495.361659192825,1540.3977578475337,268.5062289544363,2.8238653024952822,0.07828541886533515,6.441741367292531,2807.0,0.018659433252919903,53,96
950.762202136401,1306.101068200493,366.3364132707949,3.080086863430597,0.11083384115515837,7.164179651474871,2810.0,0.01863490218156615,53,187
338.00763358778624,1411.8944768747194,536.2900196246903,3.2154697358104443,0.04606169776010997,9.993729597855703,3742.0,0.013231018419933635,53,686
371.15911449325495,1572.9200968523003,348.0948465951908,2.9631076453651572,0.06890166119197298,7.585601983914569,2616.0,0.020366360185731926,53,1375
416.170784686397,1428.68449633451,221.72835005362984,2.6120816228750394,0.09992145284556075,6.261131796246946,2258.0,0.02458106117695099,53,1501
437.5515615792575,908.083677077195,306.4944420643577,2.9198014693987675,0.08542465356336192,7.164179651474871,2465.0,0.021954085675193306,53,116
457.20601092896175,469.4367486338798,440.6873533512274,3.221703211765394,0.024222626474819528,8.24783707774838,2896.0,0.0179581091620344,53,119
473.1739062254979,664.5303434216717,383.9157448525651,3.1040196614467934,0.07113475735492217,7.7662115549601545,2889.0,0.01801135365501486,53,121
473.6575342465753,2504.2382521241548,347.19179873996285,3.1160714307895057,0.1332911237788917,7.2243828418234,2717.0,0.019426632517739073,53,438
534.2749169435216,1919.0378737541528,362.4232058981405,3.022809192668699,0.05222847793244115,7.465195603217513,2598.0,0.02054346456800295,53,139
312.7148936170213,1081.9276595744682,282.9549946380831,2.7733534505544237,0.07671118095265074,6.682554128686644,2381.0,0.0229493411076709,53,760
100.27798334875115,294.9717853839038,260.3185950670365,2.8281818180466574,0.13878909663257225,7.043773270777814,2537.0,0.021167253593999943,53,151
151.1840144502145,1922.5357868593362,266.639930053632,2.8617580375097664,0.1558928582635089,6.441741367292531,2881.0,0.01807259242938774,53,443
182.61907667276796,2207.928004881025,296.0190869437138,2.8832266177154913,0.10830280226427733,6.802960509383701,2578.0,0.020743895009731908,53,158
255.7363344051447,1797.4149517684887,374.4638439678462,3.065181498798852,0.10235155231531548,7.826414745308683,2720.0,0.01940004417958629,53,164
547.5652892561983,1220.2979929161747,254.96051112601748,2.684645219162953,0.09864033516140476,6.86316369973223,2290.0,0.024134623510591962,53,932
578.2711836465546,966.9027365644577,365.19255265417286,3.016030366083781,0.028221454781572577,7.525398793566041,2537.0,0.021167253593999943,53,1297
821.9294612522245,915.5803268079599,372.1159195442536,3.0686477894642543,0.028213576968375977,7.525398793566041,2592.0,0.02060318583494899,53,217
826.4968944099379,602.8836143152913,407.09397313674856,3.07480915598931,0.04361101404725333,8.428446648793965,2501.0,0.02155349099944188,53,1249
904.7676251331203,1794.6662406815763,282.6539786863405,2.7022650539362787,0.041973706548998596,7.284586032171927,2534.0,0.021198910539213883,53,1143
855.438033815583,1907.6285515077566,345.385703029507,3.0666866235049244,0.06694290952879149,7.164179651474871,2605.0,0.020474225866861248,53,1441
596.8516716371056,1680.9960759692356,383.55452571047397,3.086570726719832,0.07629742629236316,7.706008364611626,2724.0,0.01936470606988935,53,131
637.9635340695978,1637.4594707230674,288.91511048258747,2.8745384764142425,0.17217683007788798,6.983570080429286,2816.0,0.01858603303357544,53,1293
661.802957065681,796.2985499004834,211.73462045577412,2.536680019582977,0.1467302868534211,6.441741367292531,2504.0,0.02152076700443547,53,726
689.5563112391931,937.2003458213256,522.2626762734833,3.326584907525143,0.08209833483753713,9.030478552279249,3413.0,0.014739893215770858,53,204
689.151990349819,1355.9746682750301,249.54222399464993,2.6148411904255213,0.08253144022587501,7.164179651474871,2777.0,0.018908343561419034,53,291
716.2435684116217,919.6868040445412,470.36752619305184,3.296049864237299,0.011932909828521784,8.127430697051324,3041.0,0.01692189999857776,53,1365
776.7536,1509.396088888889,338.64294571047185,2.9792765713993203,0.06922352459412008,7.164179651474871,2545.0,0.021083295476924984,53,226
1215.2603981514396,2545.4772484891573,339.7778137145384,3.0536149924086335,0.011139007130875402,7.186910741562401,2594.0,0.02028400787973331,54,480
1162.5877210815206,1284.6737141695467,297.07910872055,2.923848842062449,0.1949516872084307,7.186910741562401,2685.0,0.019428993513617574,54,1135
1311.6135019375893,745.0473179685906,296.11280139395336,2.8429918199447015,0.08284616573369145,7.005728117825534,2325.0,0.023317284100713383,54,11
1327.13443670151,641.3568524970964,207.9976520499236,2.5707187044433986,0.16662667428687453,6.099814999141198,2269.0,0.024066499799030174,54,13
1353.9750336556112,1217.3686207318565,493.4810728513141,3.1784136071910445,0.011602725813769667,9.542284850141675,3659.0,0.013388531566763553,54,299
951.2235772357724,1306.3219125048392,311.99647807488543,2.8901691674523917,0.05967225815253269,7.0661223257378225,2660.0,0.019656622282790318,54,187
1006.4143326552966,1546.1915193240495,385.9793827674395,3.127299654558341,0.0311537140389856,7.549275989036135,2594.0,0.02028400787973331,54,84
1012.1482073837132,1184.9404238304678,453.137741965905,3.1869009186063493,0.0477043412773958,8.092823860246737,2801.0,0.018438261474799798,54,444
1031.9983225497244,1496.7550922597652,252.02502961798234,2.5159448389784247,0.06745952585587667,7.428487573211557,3208.0,0.0156400503917998,54,26
1403.5290485990186,1044.7318347316764,381.51021138193016,3.154006977269429,0.039395456783208306,7.368093365299268,2563.0,0.020592722485382662,54,1511
1052.471479791395,2191.473598435463,370.5788597498058,3.018224738760125,0.050418860415891574,8.394794899808183,3154.0,0.015961440070272972,54,488
1089.5886117854777,1113.0033105274774,273.64615605058185,2.73790754371711,0.047488964993912905,6.8245454940886665,2279.0,0.023929200265516332,54,30
1833.40948388787,1293.7712863505371,230.52469160120742,2.2100824054616375,0.1102423952396345,9.965044305527698,1433.0,0.04625282929462723,54,69
1834.9642315196186,1643.7489703013223,278.5984810993895,2.698804642619487,0.09953180197799684,7.186910741562401,2180.0,0.025361613078855975,54,70
2065.4816531479337,512.8675164156044,312.72120856983287,2.9678982865783494,0.04674062552262555,6.764151286176378,2534.0,0.02089015008808947,54,79
1493.364763169544,1626.110447100487,272.8610313477221,2.7210181543624574,0.1315445456069046,7.307699157386979,2319.0,0.023395318505552286,54,660
1495.4237674551155,1539.6654317469365,211.9232755642224,2.6246089695046417,0.1751915821380744,6.341391830790354,2742.0,0.018929205887425773,54,96
1529.594880441447,1694.5677498467198,394.011812419774,3.2067764316789074,0.0423641383363271,7.368093365299268,2673.0,0.019537593699568923,54,263
1536.9541258741258,2140.375104895105,215.90929328643347,2.572963245003679,0.12243825280188265,6.5829686624395105,2463.0,0.021655931323324343,54,1397
1679.8505467800728,1946.402360701267,347.9310317826974,2.9712795217180794,0.11515128303994113,7.488881781123847,2759.0,0.01878508648230613,54,110
1428.5022402389588,593.5860891828462,283.06765248489893,2.9951956409677623,0.12224214692395771,6.401786038702643,2325.0,0.023317284100713383,54,54
904.5183954426774,1794.7913600759555,254.44079793447392,2.781760470026822,0.05151673656750889,6.220603414965776,2426.0,0.02207768617874902,54,1143
312.8654421187527,1082.5213583938487,282.76568144533746,2.877945717107846,0.033786043546703955,6.643362870351799,2363.0,0.02283490474746968,54,760
340.0667794698252,1413.0206429780035,535.3946531424427,3.142327875681561,0.018594698664025522,10.267015345089144,3731.0,0.013087745150926179,54,686
371.30582069998127,1573.124649073554,322.6862528753606,2.8666801596207354,0.024222672222137313,7.307699157386979,2611.0,0.02011861050178076,54,1375
456.030785150692,469.6701590997284,466.9076213699069,3.301516762783019,0.0730622699830977,8.032429652334448,2967.0,0.017184290164020836,54,119
458.64160055191445,883.7286995515695,350.1656174754521,3.0123638521804468,0.07098688468909098,7.186910741562401,2509.0,0.021153535967453927,54,116
416.1927539663746,1428.3497513615912,255.0447400135968,2.7828931771154304,0.2384207315903242,6.884939702000955,2261.0,0.024177479073271432,54,1501
99.83190883190883,294.46275946275944,296.7771376809886,2.938800543852651,0.04899032190067693,6.522574454527221,2514.0,0.021100328799173996,54,151
150.04379852677684,1923.8648218196297,303.3601063434281,2.799241955349144,0.10201153463080094,7.186910741562401,2967.0,0.017184290164020836,54,443
183.12929104477612,2207.923880597015,323.7129544098695,3.0238171487796235,0.03945123456582125,6.522574454527221,2562.0,0.020602837552079634,54,158
256.08960308056874,1797.6238151658767,407.7816918237759,3.157848681276363,0.05884018543274713,7.9720354444221595,2740.0,0.01894630662718733,54,164
474.6908637873754,666.3468438538206,363.5731316319803,3.032739406155405,0.077513053529774,7.488881781123847,2790.0,0.0185278527443283,54,121
476.4715334259076,2505.631620710177,304.44720208584926,2.909499180111865,0.04729526872133686,6.945333909913245,2674.0,0.01952849733524245,54,438
776.9329996149403,1509.7052368117058,313.6875158964295,3.036074974608495,0.18816204076877316,6.764151286176378,2496.0,0.02129313871137599,54,226
821.9065118050266,915.7838918507235,317.1903799553423,2.8286963833621313,0.12495311078694402,7.428487573211557,2470.0,0.02157794598639014,54,217
826.7058823529412,601.6553205551884,365.50574628517353,2.911449240857303,0.026531163791103835,8.455189107720471,2364.0,0.022822479930956378,54,1249
854.6899013226957,1905.7386101196726,287.6576122862329,2.8328032585957255,0.026898466015845616,7.24730494947469,2504.0,0.021207012151403172,54,1441
597.0860033726813,1680.4367622259697,322.32388762788685,2.984972668633695,0.09185994695540518,6.884939702000955,2568.0,0.02054229576836354,54,131
534.5422206252246,1920.2475745598276,336.15416123980106,2.936200267117995,0.08081935302750952,7.9720354444221595,2574.0,0.020482108748262437,54,139
545.976637463496,1224.276387150605,289.52983273151386,2.810931340692252,0.08916177452278894,6.945333909913245,2310.0,0.023513354375846635,54,932
578.672265699561,965.8913914869249,316.4052552524825,2.955804768348756,0.11170585047955552,6.8245454940886665,2447.0,0.02183631789388577,54,1297
637.7420560747663,1637.2515353805074,226.17630863152263,2.55178672449647,0.08685367107174563,6.8245454940886665,2732.0,0.019015019684697036,54,1293
661.8592633315009,796.0305112699285,219.7141283849077,2.5132414583198095,0.2045746036032644,7.126516533650112,2525.0,0.020984210015556868,54,726
689.1382782891175,937.8229561451002,557.7405100699897,3.2938393052342443,0.02244800497273608,10.025438513439989,3413.0,0.014529423137683664,54,204
689.4068692206076,1356.4409511228534,228.59207694801418,2.693158806924144,0.09657885231395706,6.8245454940886665,2609.0,0.02013792888277479,54,291
716.7292526690392,918.5283985765125,424.2693105838308,3.182425047270503,0.048804788827571645,8.092823860246737,2902.0,0.017654429497824344,54,1365
1215.671986970684,2545.3667752443,374.09732541610686,3.1325235167611893,0.08088324628053631,7.189492573143421,2720.0,0.019470796227086015,55,480
1206.8462477120195,278.0030506406345,199.72166656579776,2.476860576626462,0.03408847589458495,6.458357735196633,2165.0,0.026072555027148715,55,1616
1327.2389224572005,641.0480866062437,242.005631360387,2.817010621544273,0.11463773001611313,6.458357735196633,2392.0,0.022897207040792466,55,13
1308.7987188132165,743.3648010788942,361.4243215583625,3.034028187045107,0.047122710517399954,7.43320418579235,2455.0,0.02214857532477769,55,11
1354.0258232646293,1217.3341625207297,514.3533584955658,3.2221875023658617,0.026568546534530113,9.504752893308252,3804.0,0.013027844022450242,55,299
1162.744494873088,1284.8337535720289,362.46009591212044,2.998038244673304,0.13707154061307406,7.494132088954583,2833.0,0.018516213230891927,55,1135
1011.8907292385553,1184.8260869565217,529.7071900924483,3.31932875883781,0.03476995706126772,9.017329668010392,3023.0,0.01710609352408062,55,444
1005.8056725638866,1546.0977253580454,433.92852632141904,3.249608448536669,0.020991442202358407,7.43320418579235,2729.0,0.01939117484554485,55,84
1015.8084918177798,1457.6691729323309,413.2739671494223,3.1211471900260426,0.02681466808065556,8.529906442712534,3371.0,0.015012118761619354,55,26
1053.2324292796734,2192.055993000875,417.8435598865897,3.139973604568515,0.04035838600406126,7.981555314252442,3373.0,0.015001564984450612,55,488
1090.1005509641873,1113.8657024793388,353.86926156624565,3.0387760331446483,0.10955830623886596,7.189492573143421,2423.0,0.022522611743598518,55,30
1403.7170285039138,1044.9652931620144,412.5428323114755,3.1399917313048498,0.09582224193292095,8.042483217414675,2645.0,0.02016063655747757,55,1511
1428.504231450502,593.4447943318245,309.5746759673027,3.0934726309952687,0.13133180215707105,6.3974298320344,2413.0,0.022642102654232398,55,54
1680.4168273444348,1946.073269062226,347.59368754053577,3.0740495919800437,0.1196775567678875,7.615987895279048,2749.0,0.019216548856893903,55,110
1833.0780249923803,1293.9865894544346,199.90445027528446,2.0983150233495125,0.12012634497391222,8.651762249036999,1438.0,0.04690467777836668,55,69
1834.6945181255526,1644.7575154730328,275.6378339059393,2.6375091402827695,0.03975428342325567,7.737843701603513,2175.0,0.025914240255402142,55,70
2065.1005716705486,510.2995977133178,287.7624866352235,2.88747248530217,0.10127082105544248,6.702069347845562,2533.0,0.02128688373837353,55,79
1493.6613963039015,1626.0712525667352,296.7188884000717,2.8710836194540432,0.1635263601892059,7.067636766818956,2393.0,0.022884928932917704,55,660
1495.8656415427274,1540.215780186539,241.70099184457587,2.6230734344468187,0.1061514479416577,6.519285638358865,2775.0,0.01899418268550712,55,96
1529.9200531993497,1694.5331757056304,412.2991206988265,3.1808918562771016,0.03763628901553783,7.67691579844128,2737.0,0.019320944979737353,55,263
1536.5907384230288,2140.9315811430956,292.088367759742,2.9365420308372214,0.11545228420373035,6.702069347845562,2512.0,0.021512212079385074,55,1397
416.7824355971897,1428.7065573770492,260.1621465027323,2.7592722116843245,0.186125963950096,6.6411414446833295,2242.0,0.024901186053371382,55,1501
422.37521174477695,470.4345002823264,431.6132660012542,3.269989129985024,0.015167796863987653,7.555059992116815,2872.0,0.018208120630389547,55,119
474.3867232099168,667.4084162453107,373.54897428764673,3.082087932736224,0.06108634448371913,7.9206274110902095,2791.0,0.01885988178486827,55,121
474.51010886469675,2506.7643856920686,313.41313386652337,2.908131999459971,0.03880480405632166,7.006708863656724,2755.0,0.019164772715283083,55,438
489.1063486370158,856.4567790530847,339.7339880326078,2.9264047994450815,0.09892195221912627,7.798771604765745,2554.0,0.02106622684227075,55,116
534.6071787990608,1919.819691378732,363.25215865322946,3.039960848279816,0.0965912978649182,7.859699507927977,2603.0,0.020568730726162568,55,139
547.3684210526316,1231.0064949608063,272.0430876193676,2.684032666526844,0.022249104352253597,7.311348379467886,2357.0,0.023335399769191814,55,932
567.6893625419381,983.2518255377936,308.72168532303147,2.9078336178200455,0.02910382074061475,6.6411414446833295,2597.0,0.020628382489206915,55,1297
371.2483138090167,1573.5049698260561,343.26780641601727,2.949582258347365,0.11103119360473462,7.859699507927977,2635.0,0.02025632605743093,55,1375
313.10640319209574,1082.2268668060042,320.66355434282906,2.9246669229671793,0.06901570327438195,7.067636766818956,2407.0,0.022714407730440738,55,760
100.58439453577216,295.23848112989117,263.14761375768165,2.92005861267521,0.06442767195601364,6.8848530573322595,2456.0,0.022137086763928032,55,151
136.80167550008548,1913.9876902034537,356.3673055958972,2.96431157292631,0.13432890424886473,8.042483217414675,3034.0,0.017031003347243442,55,443
182.95058776648736,2207.780832835226,305.79714597124433,2.9338187212744855,0.044233375449524,6.458357735196633,2561.0,0.02099368762038807,55,158
256.26095380029807,1797.822652757079,408.82623021857927,3.1282806922363564,0.007254401974462578,8.042483217414675,2754.0,0.019173382688077965,55,164
343.06108456264286,1402.9003739871182,586.4919958396489,3.2834606211328032,0.04631384074974525,10.662383053390666,3690.0,0.013497556302979184,55,686
596.5857654889913,1681.258747226489,356.9765846275195,3.044753517150674,0.11599966227528938,8.042483217414675,2653.0,0.02008473343098726,55,131
825.4670805659832,602.7705746462605,421.9866573016215,3.0753366709384564,0.007989686538076945,8.712690152199231,2474.0,0.021932311850851555,55,1249
855.8043114973262,1904.982453208556,364.5925725227986,3.0901668265714686,0.09595631251377941,7.311348379467886,2631.0,0.020294856679850183,55,1441
904.8380518709166,1794.8663630964165,307.7468388724358,2.8123169994798336,0.01968523436121781,7.43320418579235,2592.0,0.020678357233324195,55,1143
950.9559289790742,1306.3839568801523,384.33321314736185,3.1756344889017205,0.06650212373578034,7.189492573143421,2848.0,0.01839649018121327,55,187
821.4823261117446,915.9793125916273,374.0363975129446,3.0745210341628324,0.0349297893385295,7.798771604765745,2607.0,0.020529154178616827,55,217
638.0041605991263,1637.1899313501144,292.88043050085105,2.7635100372954278,0.054841036458235785,7.372276282630119,2795.0,0.01882660278371714,55,1293
661.5579046276721,797.1564482029598,259.3700837616233,2.7018468700647778,0.1057274847557945,7.006708863656724,2549.0,0.021118348242374085,55,726
690.6590509666081,1355.6203866432338,208.00786139586137,2.5794919187458643,0.2190944943173038,6.458357735196633,2693.0,0.01971363246541509,55,291
689.7071115604988,937.881698685541,542.3192660470304,3.289875116678284,0.026808800427357223,9.809392409119413,3417.0,0.014773078966477246,55,204
716.5002159827213,919.6263498920086,423.1442874617039,3.1855731305224193,0.031372516882627564,7.9206274110902095,2952.0,0.017607162992719142,55,1365
776.952357881137,1510.6020671834626,377.26557638054294,3.1745871977265,0.011319734872699508,7.128564669981189,2591.0,0.020688381252995734,55,226
1162.572343715485,1284.6942787718135,274.2909277385516,2.833537980369056,0.08384932381412541,7.028439942052571,2703.0,0.01908939859931925,56,1135
1207.1084337349398,273.90450691655514,135.7821888805156,2.277394097048392,0.27521586317850577,5.9984099505448665,2041.0,0.02742868900625728,56,1616
1215.2412239534447,2545.4745635442086,322.76292733891415,2.9650995397533904,0.02475334798770215,7.089029941553024,2577.0,0.020261909745043084,56,480
1308.1529135705905,744.1274931560422,309.85725744531766,2.919463898799609,0.09267470171281231,6.725489944550305,2301.0,0.023411822232158496,56,11
1336.5490543735225,628.9013002364067,102.5182791547668,1.963316054301501,0.17470571764773904,5.9984099505448665,2195.0,0.024898395271277116,56,13
1353.9746710060847,1217.3565869534457,428.18952646970274,3.056493689179908,0.044227189387151415,9.027909925567526,3492.0,0.014011983428032613,56,299
1011.9929124557028,1184.8276676729229,461.6352061939529,3.2354554047418076,0.019172952788131442,8.36141993106254,2761.0,0.018594097651419225,56,444
951.273969889065,1306.3028922345484,305.85831747828774,2.940711019383673,0.05236595008959986,6.6043099455493985,2676.0,0.019329083728354488,56,187
1052.9470775414504,2192.334282364763,361.782887017206,3.0001953824613747,0.10778530368792444,8.11905993306073,3156.0,0.015801849915977956,56,488
1090.774728922328,1113.4467802611198,273.806207742548,2.8463647749285355,0.05305295139573005,6.725489944550305,2226.0,0.0244444667918123,56,30
1007.6181154611811,1546.1398473788984,365.23651698873186,3.0575382493086494,0.06891170032078446,7.39197993905529,2558.0,0.02045133128937819,56,84
1403.9097508661937,1045.0968487048342,367.23598697224685,3.0395837643475248,0.0834598315415837,7.452569938555743,2557.0,0.020461398999902878,56,1511
1833.716310086135,1293.8052236732426,218.06340820213106,2.1557833973121467,0.08273917668746023,9.633809920572059,1415.0,0.046734707979650444,56,69
1835.0352012947603,1643.4458830669635,299.49636753074014,2.780273565774819,0.1290177151367857,7.39197993905529,2174.0,0.0252155956486515,56,70
2064.5684311838304,513.6473532242541,314.76504740485433,3.096615557581102,0.09628722802616313,6.846669943551211,2503.0,0.021020176954406392,56,79
1680.3389766741911,1946.8924003009781,322.0964373444092,2.8523352543680343,0.07277685165780075,7.634339937057103,2696.0,0.019150966563900484,56,110
1492.4330497089118,1626.1775638154948,270.594937769024,2.8332125928103444,0.09331602624688712,6.725489944550305,2293.0,0.02351779532829854,56,660
1495.921372191864,1540.8585306618093,199.58345835449282,2.433012679424261,0.06824545999128663,6.422539947048039,2662.0,0.01945575003061928,56,96
1530.206535334584,1695.6103814884302,387.53363680489866,3.1303003829991902,0.08267224288090254,7.513159938056196,2642.0,0.019639608914993424,56,263
1536.7347968710574,2140.8811506434517,240.11816802029603,2.8186860712585284,0.19629880324585605,6.483129946548492,2455.0,0.021543126942399363,56,1397
1428.7570946616393,593.3734868029371,305.31300748278363,3.004593955638858,0.05587374502643288,6.301359948047132,2370.0,0.02253596313756412,56,54
905.0002629503024,1795.084932947673,230.4237681002235,2.610482721033227,0.0598959515023628,6.422539947048039,2389.0,0.0223061744573499,56,1143
313.33058435438267,1082.0756361922715,257.1439578799234,2.7498607624762745,0.08201600167611198,6.422539947048039,2329.0,0.023048320614850962,56,760
346.9192747430419,1406.890287562074,524.6488056744242,3.169773661517495,0.06569838144409162,10.179119916076138,3621.0,0.013428033572379332,56,686
380.44145666871543,475.7984019668101,394.3197167489494,3.196518734831162,0.05354815215661776,7.270799940054384,3183.0,0.01564129697314449,56,119
416.166755888651,1428.5602248394005,226.36423813369314,2.640383951055902,0.09947466986905992,6.301359948047132,2186.0,0.025033355793588948,56,1501
371.8054982817869,1573.543298969072,352.6337970926376,2.981788941574541,0.07084045186280317,7.331389939554836,2581.0,0.020222477768554216,56,1375
256.1437211523158,1797.6485755212477,380.68696686134746,3.0730146027972682,0.1190682641813756,8.058469933560275,2719.0,0.01895014749902192,56,164
100.76459560792716,295.3010176754151,226.24305813469223,2.6551987388509977,0.08569859535418498,6.422539947048039,2472.0,0.021354965622757936,56,151
182.88394415357766,2207.879057591623,347.18069713759684,3.1180384938075445,0.019532536541173175,6.664899945049852,2585.0,0.020183198972164588,56,158
125.34559625876851,1898.2773187840999,388.6848467954072,3.114594914415698,0.10161595185404422,7.755519936058009,3048.0,0.016478433446796687,56,443
473.4965582720152,2506.0647994303345,255.2656678954093,2.7122022096471192,0.19521833243676606,7.089029941553024,2640.0,0.019658186107653096,56,438
777.7258354293928,1510.3602227811714,337.2439372195225,3.097905357963511,0.12891622646509324,6.664899945049852,2518.0,0.020861922563930033,56,226
821.5917997097242,915.7634252539913,333.97207724649803,2.971929633665657,0.08224541888839186,7.452569938555743,2470.0,0.021376931474555046,56,217
825.5355181880576,602.2510295126973,353.1185170886412,2.9239385440654386,0.0791718810871216,8.179649932561182,2344.0,0.022858192542962005,56,1249
856.7063461538462,1905.9234615384617,315.06799740235664,2.9802878023129553,0.11014761415886754,6.7860799440507575,2496.0,0.021094853588535006,56,1441
474.9314267656818,667.8747037446674,383.4741068383683,2.9873859209254383,0.04995882013083683,8.422009930562995,2818.0,0.018131755355305465,56,121
716.8275402849913,919.0202423758157,454.97030624890306,3.226335729994968,0.05515468877624776,8.240239932061634,2909.0,0.017439465105525458,56,1365
534.2090863870005,1919.3097330459293,365.4182869872332,3.0591634772543737,0.12702312744015676,7.513159938056196,2566.0,0.02037114487021466,56,139
543.8989349112426,1230.1962130177515,255.99274788941474,2.737251245081135,0.0863694331098455,6.483129946548492,2332.0,0.02301004239153332,56,932
552.3562184689625,993.9028295678877,276.22980772256614,2.824352781341639,0.20383448161465068,6.543719946048945,2437.0,0.02174600474664825,56,1297
596.8113279755071,1681.6144278606964,316.6433373893684,2.8395341974480335,0.11308692699800246,7.452569938555743,2602.0,0.02001795242731744,56,131
638.0400552486187,1637.2684162062615,263.2029578299687,2.710137166684885,0.14856081395443713,7.028439942052571,2703.0,0.01908939859931925,56,1293
662.453873598369,797.1934250764526,237.75515803977834,2.622921000900005,0.09967404542985876,6.967849942552117,2451.0,0.021587883080045864,56,726
689.6963421496905,937.836916150816,538.3421455615266,3.2837829043949296,0.05340083298596248,9.87616991857387,3342.0,0.014758260063370793,56,204
708.6346604215456,1339.1976580796254,129.35964893346758,2.2024044769509703,0.06350255002698571,5.9984099505448665,2649.0,0.019574864330530073,56,291
509.9332273449921,873.5890302066773,76.22221937157012,1.7216936239694827,0.03996974913514421,5.9984099505448665,2027.0,0.027684455044746707,56,116
1163.2441439725767,1284.4267758522187,329.58122503715794,3.047206825010972,0.12669639301838576,7.092492559359902,2864.0,0.01774225109198544,57,1135
1307.0718041704442,747.5970988213962,346.15129614929083,3.014621365350535,0.08763048091196177,7.406319663756358,2402.0,0.02211296504142215,57,11
1215.4612873980054,2545.393291024479,346.15129614929083,3.076333195426622,0.05132071114187413,7.155257980239194,2712.0,0.01897625800795455,57,480
1255.7716390423573,240.25012556504268,374.89785891200614,3.2914156594635378,0.052538735851522425,6.464838350566991,2543.0,0.02056669511254883,57,1616
997.5187130663165,1664.2882468811556,95.59173599916045,1.6915843607033707,0.09643063228224145,6.96696171760132,1203.0,0.061309742340524526,57,1675
1006.1418650793651,1547.876700680272,442.8728097242785,3.241660327363824,0.0462574099279162,7.594615926394232,2735.0,0.01877862615762568,57,84
1012.2231918708906,1185.1823072325165,525.0327456552707,3.3060288351278717,0.029277580879233208,8.787158923100764,2972.0,0.016958678577696305,57,444
1053.3080917351797,2192.506130102409,435.1526629561257,3.182192990450536,0.011819662058465423,8.347800976945726,3377.0,0.014549115347569926,57,488
1091.8229010494751,1112.8429535232383,334.9162858118977,2.8859180928052703,0.06258630911257347,7.5318505055149405,2450.0,0.021561123596867918,57,30
1327.5743792063124,641.8356927361336,270.45619856886566,2.9884903371506017,0.1700210495236914,6.527603771446282,2391.0,0.022243430679700835,57,13
1679.8034535297106,1947.260369053665,370.75534113397293,3.0626050491064394,0.04598746138519123,7.406319663756358,2744.0,0.0187024079800656,57,110
1833.122565320665,1677.5007125890736,264.2424219018158,2.714962500233145,0.11468092068234685,7.092492559359902,2164.0,0.025327100009340697,57,70
2065.364405221548,513.4870380584666,341.3811241624647,3.0983748090037966,0.013718164095433683,6.841430875842738,2556.0,0.020434949506611618,57,79
1834.062610229277,1293.997648442093,213.52796183134856,2.13870850610224,0.09419056228802021,9.226516869255802,1460.0,0.04442921633488468,57,69
1402.610923076923,1046.4623076923076,407.9752357153926,3.181146382625658,0.0353904302350576,7.845677609911396,2625.0,0.019763009578095396,57,1511
1428.565376344086,594.0096774193548,291.85920708870395,2.973213749463701,0.16225540299143992,6.778665454963447,2380.0,0.0223754449392222,57,54
1472.4312087912087,1542.0252014652015,428.37399750116225,3.2335240304778403,0.09592702032722916,7.9084430307906874,3132.0,0.01591723819224273,57,96
1493.5622706669544,1626.0062594431254,290.792194933756,2.8783899017515857,0.03293077598851177,6.7159000340841555,2386.0,0.02230324353152317,57,660
1529.5086094866797,1695.811403508772,386.3839309329164,3.1025885773724244,0.07554466790378167,7.406319663756358,2701.0,0.01907225553080766,57,263
1536.3524732786477,2140.951031568481,252.50528819738838,2.8839945921165824,0.2221455993538165,6.276542087929117,2475.0,0.02128447463756002,57,1397
1354.164647648821,1217.4534323303374,481.8501360903183,3.175123936147958,0.04792821693638573,9.414813131893675,3658.0,0.013243540652313377,57,299
951.1968434119525,1306.566235148076,353.93420833832295,3.108603464451841,0.05461054456261546,6.778665454963447,2803.0,0.018217680841261973,57,187
345.67148647168364,1406.8907875999562,572.9855272070491,3.2368780914219077,0.0863522096191649,10.795652391238082,3838.0,0.012523656725182393,57,686
367.114671693371,484.6157712849513,199.7823346587838,2.5156750183577605,0.09956859949978795,6.213776667049826,2198.0,0.024811896222653243,57,119
371.6600768808347,1573.4576240161084,342.88749426356765,2.9763236810231666,0.07512028124404688,7.845677609911396,2644.0,0.019585672366534575,57,1375
416.3947948831054,1428.280326422585,284.5784182667062,2.814943738121056,0.13259109234270486,6.841430875842738,2267.0,0.023828213078062127,57,1501
473.9461797917583,667.1186390966417,427.9974049758865,3.1933351917040818,0.019195992541789712,7.845677609911396,2908.0,0.017414438537145062,57,121
473.1353601158161,2505.3456387984074,346.841715778963,3.0485277650964373,0.0883887009766888,7.092492559359902,2710.0,0.01899364015766367,57,438
511.8862779228314,872.8181026979983,216.35240577091668,2.4875086831599313,0.10043659540103421,7.155257980239194,2277.0,0.023692084453913985,57,116
532.9447245564893,1919.769934640523,336.10882880860424,2.9132492985078997,0.15416226385185533,7.469085084635649,2590.0,0.0200982324938906,57,139
543.4518451845184,1227.0058505850584,278.92953038756997,2.7821437835603033,0.036895414413875435,7.092492559359902,2314.0,0.023201652651111817,57,932
100.59368836291914,295.10059171597635,254.576547086405,2.798280678104267,0.048678896086562846,6.4020729296877,2494.0,0.021078923599796535,57,151
131.655457312654,1889.8909986954632,433.0186386462298,3.2381217814346717,0.02838557464527602,7.657381347273523,3125.0,0.015960118369438142,57,443
183.06775797762123,2207.7927890592623,302.9059211634592,2.8855427967129224,0.05112294727577249,7.092492559359902,2582.0,0.02017645783849933,57,158
256.02617881200246,1798.0794549908144,409.98372918352993,3.1453851341888157,0.05918153091474449,7.971208451669979,2726.0,0.018855468103186855,57,164
556.5809386973181,976.5931513409962,262.1083975919199,2.8843032054281172,0.17489281613178426,6.7159000340841555,2474.0,0.02129540421901483,57,1297
313.46572382636026,1082.5065802396387,319.53875769647135,3.0154776537489516,0.060306105743720057,7.155257980239194,2390.0,0.022255367571309564,57,760
821.2335277968428,915.4620796156486,365.79687288450896,3.05300913700987,0.053922891515643855,7.720146768152814,2609.0,0.01991485613373534,57,217
825.4306780176346,602.0681058072363,412.87093854397733,3.112490162824932,0.037209299311928255,8.222270135187143,2454.0,0.021516377491230743,57,1249
853.887469684721,1905.8965238480193,388.2041281384159,3.1676926106147945,0.11016717836755367,7.155257980239194,2653.0,0.01950277663859174,57,1441
905.1282635723167,1794.7890592623291,302.9059211634592,2.871505696455109,0.05232346154465725,6.653134613204864,2521.0,0.020793561829838287,57,1143
779.1685492410871,1505.0734204024002,355.6288747020638,3.0776226837759366,0.04987493332091369,7.155257980239194,2585.0,0.020147052079331797,57,226
638.3982468609335,1637.1549395877755,264.932841531488,2.7138243226846304,0.026308095739043805,6.96696171760132,2750.0,0.018651938658877095,57,1293
662.3928098808999,797.2342302602558,284.5784182667062,2.786277736683363,0.11782527208371317,7.280788821997776,2584.0,0.020156844470689203,57,726
689.7962612662735,937.7721152776232,564.0728374421898,3.296838534046324,0.05233840463580996,10.167998182445169,3412.0,0.01437263524663797,57,204
597.1891112312962,1681.9102217414818,348.15978961742815,2.9664611633094866,0.10433210326231476,7.782912189032105,2682.0,0.019240377299387195,57,131
716.7625938566553,919.5974061433448,459.7567079408078,3.304852157293873,0.07254715712643466,7.9084430307906874,2965.0,0.017007362068851572,57,1365
715.8132530120482,1299.9269578313254,250.05743678309602,2.6491170765257928,0.08145773352884479,6.841430875842738,2888.0,0.017561929842187768,57,291
1216.2773938795656,2545.4764067127344,314.3399986155056,2.9380910591850586,0.061823411321594385,6.702610039580375,2790.0,0.01869052344242296,58,480
1307.536555396273,748.5377841490887,303.04485947473125,2.879802482589074,0.045482465945532916,7.012916059931318,2345.0,0.023266841374578115,58,11
1327.9616807610994,641.7309725158563,234.83959620159388,2.6336876774289344,0.1868174235602442,6.888793651790941,2393.0,0.022668164736794266,58,13
1353.8734510941208,1217.2469021882414,470.79629407645115,3.1281403941217447,0.027417510147745267,9.495364222738864,3574.0,0.01388055980586874,58,299
1163.2808542808543,1284.5853335853335,328.3658307353682,3.000566946995518,0.11219175630111336,7.012916059931318,2855.0,0.018168545365475502,58,1135
1255.4003887269193,240.14965986394557,319.30489494112066,3.215940617063402,0.13873327992279516,6.516426427369809,2483.0,0.021624863943166744,58,1616
1407.1226058996226,1060.2713546763596,443.92379271405946,3.243852330073944,0.031653129014904836,7.819711712843771,2655.0,0.019876547412023802,58,1511
1008.4150662498139,1545.774304004764,416.86510773945724,3.245454672455957,0.05503070078210204,7.38528328435245,2657.0,0.019857879270050362,58,84
1012.2518841262364,1185.1135186057465,527.0237449640421,3.3436584474900397,0.02743795157916844,8.81269097796679,2974.0,0.01728479687746119,58,444
1053.3267066218389,2192.200263119427,424.56069704416063,3.128140871522393,0.060179145806409734,8.254140141335093,3366.0,0.014897715104776691,58,488
1092.3651935594382,1113.6771154504968,362.3133093617614,3.073915275608128,0.05646176127083854,7.199099672141885,2430.0,0.022227303267532663,58,30
1428.8534975802904,594.2949846018478,282.13023370307764,3.0566221302834147,0.21045199144686108,6.206120407018866,2348.0,0.023228499166620096,58,54
1823.7740166865317,1717.4133492252681,260.34675107444144,2.6698332410772223,0.14746523637694126,7.074977264001507,2132.0,0.026355626209808733,58,70
1834.0074626865671,1294.0173134328359,207.905033635132,2.130727575266252,0.10343663428119185,8.81269097796679,1438.0,0.04644521701341629,58,69
2066.353105095541,512.8037420382166,311.7954892486278,3.0195752010679344,0.132318761281248,7.074977264001507,2520.0,0.0212232903851759,58,79
998.9936406995231,1664.0015898251193,78.07299472029733,1.4785159921186903,0.20139646284362464,6.95085485586113,1192.0,0.06364037216042308,58,1675
1679.9008787346222,1947.5632688927944,353.12825115937346,2.945939387567179,0.04582928181655243,7.695589304703394,2742.0,0.019095653543831522,58,110
1481.3291636363635,1497.1076363636364,426.67077798254707,3.2017949511314603,0.057612335389128355,8.067956529124526,3060.0,0.016697821570043493,58,96
1493.6734381826125,1626.4750982961991,284.11619223332366,2.8399878167829793,0.12059867770615318,6.764671243650564,2336.0,0.023382631254553157,58,660
1530.2367366565154,1695.4048725757332,387.1998521939071,3.1508273158780202,0.04183264527777858,7.199099672141885,2693.0,0.019527749382496275,58,263
1537.2690331620738,2141.303596450257,265.7460758285478,2.7424049081155117,0.1469850958606411,6.95085485586113,2481.0,0.021647003986214098,58,1397
371.8810868031052,1573.854798870854,351.7629046698293,2.9727354344614576,0.13494961623308346,7.88177291691396,2603.0,0.020374547652599388,58,1375
416.5141310883945,1428.6265784726397,206.41556473744748,2.634819348760238,0.08141531089857997,6.206120407018866,2171.0,0.025730196744339406,58,1501
474.30642907058,667.6104122990915,355.2383320977599,2.9776713895698355,0.07036683091974619,7.447344488422639,2822.0,0.018429853704736095,58,121
475.11435368754957,2505.9597145122916,391.2958916625395,3.248888054763813,0.0794917529635236,6.826732447720753,2801.0,0.018600090535332348,58,438
533.1513752644739,1920.269474899019,322.65619996091084,2.850037878152705,0.011578955075525544,7.509405692492828,2594.0,0.020463284318675275,58,139
543.5459069420253,1227.7812888778303,249.42397915808823,2.6519040655590445,0.02151137400791902,6.702610039580375,2300.0,0.023857549661803253,58,932
566.6840445269016,963.2241187384044,334.50988993831686,3.0417929972664024,0.1344332707235074,7.199099672141885,2502.0,0.0214167705684477,58,1297
345.94838837255287,1407.6987344275262,627.6870179658881,3.18736319872234,0.08920986350974071,13.094914058809808,4055.0,0.011987825118934774,58,686
100.840576171875,295.19775390625,254.20269187149276,2.7571373996638253,0.07559197559635981,6.454365223299621,2493.0,0.021514839600947067,58,151
127.83387096774193,1895.9970967741936,384.7794652351697,3.0675723300355937,0.1355158969525368,8.130017733194714,3061.0,0.016691230658861765,58,443
183.01705713111386,2208.118372379778,301.98981900553804,3.0007191904074277,0.10725419977459728,6.268181611089054,2571.0,0.020693606972166562,58,158
254.66629691255315,1802.1512294324275,335.6890528156505,2.9180905327255484,0.07200677417973195,7.757650508773582,2602.0,0.020384369259271222,58,164
313.525343189018,1082.5509503695882,235.08784101787464,2.6792152391665867,0.08523587315216584,6.516426427369809,2331.0,0.023447458331905723,58,760
597.1131348511384,1681.9607705779335,354.36947524077726,3.0219859859824973,0.15073277716935043,7.695589304703394,2649.0,0.019932763029779726,58,131
638.3628976085442,1637.4571627583005,267.29760593030255,2.778904912822902,0.06366308092754826,7.074977264001507,2709.0,0.019384522490750303,58,1293
854.8737547545735,1904.9983698605324,342.6399076715116,2.966027532948577,0.05592097270100613,7.012916059931318,2624.0,0.020170458312685064,58,1441
825.21756610484,602.1458172259162,401.34980672191006,2.9737265051369905,0.022349792207235594,8.750629773896602,2441.0,0.022099524213578935,58,1249
951.3921146953405,1307.0146953405017,346.3015187116527,3.036575131701165,0.1473873290710999,7.261160876212073,2796.0,0.018641087678649006,58,187
905.438028169014,1795.3450704225352,264.38072933900366,2.755532207483497,0.09488659952850406,6.764671243650564,2461.0,0.0218709236335258,58,1143
821.3199224430441,915.5941185975117,384.0967919903976,3.16620954086763,0.028826740700740303,7.38528328435245,2600.0,0.02040404090722373,58,217
716.8106459661769,919.2650401996119,447.709526162341,3.2327681838174214,0.05853669346436764,8.005895325054338,2915.0,0.017711946339952208,58,1365
718.3181357649443,1298.0470111448835,306.272042086381,2.8633165316261646,0.11298143011919291,7.38528328435245,3031.0,0.016891248459770417,58,291
689.3244815099308,937.8784154504553,565.5637526916292,3.336285681828464,0.02348505468974977,9.991853855300374,3453.0,0.014454673523012995,58,204
787.0249584026623,1507.0846505823627,298.3902691694671,2.863978185715267,0.043327486322235806,6.826732447720753,2524.0,0.021180768578638716,58,226
661.5389596824733,797.7326091497806,297.0869838839931,2.895289822172633,0.09611239266559324,6.826732447720753,2636.0,0.02005566111687057,58,726
1163.7543652666352,1284.8442661632846,272.93164198098543,2.669324811717061,0.15672487826406137,7.728125775771178,2647.0,0.019487712325766692,59,1135
1215.9844166495798,2545.6424031166703,314.08391173696697,2.9986669172659624,0.06747794127696141,6.504505861274075,2556.0,0.020360844448953835,59,480
1256.4314456035768,240.15747640337804,259.278619777123,3.0236277694561755,0.14099849710657236,6.182500620616943,2362.0,0.02251102382410681,59,1616
1327.7940190050308,641.6836221352711,230.42695021424396,2.6863732900186976,0.20709726907303241,6.633307957536928,2308.0,0.02319277136858242,59,13
1408.005712521229,1060.1313879882662,417.12558874724937,3.206543410320942,0.02311739417215583,7.534922631376899,2571.0,0.020211575613727446,59,1511
1429.1259640102828,594.1633559242814,275.5720849543739,3.055381928446086,0.26141670343353907,6.311302716879796,2304.0,0.02324491755783657,59,54
1307.1170061582188,748.4879204168641,271.9012252108826,2.8164267419214255,0.06630555288516907,7.084115294456914,2249.0,0.02398646488596967,59,11
1354.694256513603,1217.836764070822,447.3940813690198,3.10137717427939,0.014593098629275754,9.016146738399708,3566.0,0.013598574821164628,59,299
1010.7475744975745,1545.4215176715177,371.7228498145937,3.10617162248034,0.016788865728107175,7.212917390719767,2532.0,0.020604315395985357,59,84
1012.225040257649,1185.3344068706388,479.9166106753902,3.2617309651301545,0.024884868273651745,8.307735208954016,2790.0,0.01825739367999488,59,444
1053.5603726262989,2192.544965962021,359.48665066962263,3.0556758894762277,0.05284532582066732,7.470521583245472,3103.0,0.016040777671493985,59,488
1093.3841527196653,1113.6119246861924,246.2696080545749,2.711020820874194,0.06520373237217025,6.568906909405501,2230.0,0.02425375367174155,59,30
1493.427062517842,1625.8549814444762,225.596871604387,2.5226351831367815,0.03442381108854094,6.890912150062634,2298.0,0.023323577996446382,59,660
1810.6328924914676,1753.7039249146758,301.91211364012736,2.726082776394412,0.06780386148194288,7.792526823902604,2189.0,0.024851331407349363,59,70
1834.2539682539682,1294.4212228101117,219.0923657431129,2.157183152502159,0.07926620324318445,9.209349882793987,1449.0,0.04475266762080244,59,69
2066.04734809998,511.7372485267222,316.91755785474976,3.0335119376522792,0.07171762248824445,6.568906909405501,2505.0,0.020885275129431863,59,79
998.408764940239,1663.9203187250996,80.82331540494025,1.654162924285175,0.17166760911946213,6.246901668748369,1127.0,0.06868784233918823,59,1675
1521.8922225458782,1476.3169239732013,442.1775964703742,3.2239906844756523,0.06162443209695602,8.114532064559738,3008.0,0.016654486248904338,59,96
1530.6811004395247,1695.5791958326552,395.6156386713529,3.265429694894713,0.010138871842873622,6.955313198194061,2648.0,0.019478533248213904,59,263
1537.218079673136,2141.4673135852913,252.1945044826661,2.906703885334274,0.1994223361408549,7.019714246325487,2417.0,0.02185665359238267,59,1397
1679.0087070806637,1949.144406111385,392.009179975993,2.9981649280459446,0.03286215786806487,8.43653730521687,2792.0,0.018241286994434867,59,110
473.9737411628914,666.9373827730486,446.36366459891696,3.215036451639402,0.023958234134508486,8.24333416082259,2939.0,0.017130514430336367,59,121
346.0849019988356,1407.7710071802833,663.7172020424814,3.2057493713065064,0.08567386839597343,13.459819059468135,4146.0,0.011420434122801635,59,686
371.5966057441253,1573.210182767624,345.3184200807088,3.0323384481297544,0.0941449831520083,7.534922631376899,2587.0,0.02005474916221394,59,1375
416.64673778218804,1428.4425700818656,259.60062501778015,2.7793225947764286,0.1943256690551735,6.697709005668354,2219.0,0.02441124020387161,59,1501
475.868215216876,2505.414197677175,543.4160441329767,3.0796297601477325,0.04171082241968211,11.463386567393915,3390.0,0.014433932892002541,59,438
313.64208092485546,1082.6113294797688,278.53453316841956,2.8018573525926436,0.05403443880614817,6.633307957536928,2356.0,0.022584787821013842,59,760
101.08073115003808,294.97004315816196,253.67572858968893,2.9600882361988403,0.19772365683948193,6.955313198194061,2521.0,0.020717862943426778,59,151
122.63684020245843,1900.1767895878525,356.2665982630513,2.9570619664809357,0.05207340449257006,7.9857299682968845,3024.0,0.01654785735121885,59,443
183.28920206431124,2208.018261214768,324.45248048612666,3.159797331202668,0.10571178013251893,6.246901668748369,2574.0,0.020181984097851012,59,158
251.3452885555918,1802.700521682426,395.03602923817004,3.134341271629928,0.06317009277587879,7.599323679508325,2684.0,0.01915374935761235,59,164
808.5886583679115,1527.792807745505,232.80978899510674,2.6456990333042625,0.025021440330853465,6.182500620616943,2364.0,0.022486542784250357,59,226
821.2954031650339,915.3161266013565,341.84076348161176,3.003953687115213,0.07758933369273731,6.955313198194061,2474.0,0.021217457953506713,59,217
826.5463490419472,599.5976178146038,373.07527182535364,3.0397561387467427,0.010368701113944195,8.050131016428312,2333.0,0.0228720851163759,59,1249
854.4543005580142,1904.6636521069847,334.69224713902344,3.035325340557832,0.05317772079737369,7.084115294456914,2504.0,0.02089582826991082,59,1441
905.241362290227,1795.5278874629812,260.95304702854014,2.759127363943892,0.0019427303908916155,6.375703765011222,2427.0,0.021741743028523924,59,1143
951.8783810079782,1306.5446584938704,330.9569863474007,3.0102309815637436,0.05178163604399281,6.633307957536928,2643.0,0.019524515310453783,59,187
533.2316890881913,1921.0108370702542,344.67440959939455,2.950450296255242,0.08693826474368284,7.470521583245472,2533.0,0.020594054578169214,59,139
581.7107946892438,956.7791033288436,334.69224713902344,2.9534584926047236,0.030528747040506756,7.14851634258834,2470.0,0.02126109153148759,59,1297
596.9699780738741,1682.2270197335133,381.8338143712276,3.0562831880050823,0.1335807466313684,8.24333416082259,2660.0,0.01936905499548374,59,131
638.6655851680185,1637.2697566628042,277.89052268710526,2.778955846492618,0.03870529691112445,6.890912150062634,2749.0,0.01859396458030787,59,1293
543.4411569882976,1228.0916317067786,291.6723469872305,2.824013045267501,0.03271200357961571,6.8265111019312075,2286.0,0.02348250687072726,59,932
662.4356633380885,796.8542082738944,225.72567370064982,2.6001755674290656,0.16110594519877283,7.019714246325487,2428.0,0.02173031839241141,59,726
717.0929424210367,919.6008765301497,426.14173548564906,3.1867471523051214,0.019355896955929895,7.792526823902604,2867.0,0.017657144059842582,59,1365
719.5256084271704,1299.2813294587722,354.5921710116342,2.9767533759277045,0.012354375066773367,7.728125775771178,3012.0,0.016627700403953425,59,291
689.8490061606417,937.9969777984425,554.0422170746621,3.307183647072241,0.05603595501203218,9.7245582678454,3363.0,0.014571250809252699,59,204
1327.4290610006854,642.6232579392278,280.1796936845185,3.0446378292139524,0.17589156584598045,6.465192840332732,2465.0,0.022040626642452828,60,13
1163.47879591064,1284.4062854979175,338.1103820063118,3.042268180725236,0.10225910757376651,7.169322753636297,2881.0,0.018145663734501133,60,1135
1307.149558390579,748.6086359175663,326.1401734801512,2.9100347518740763,0.0314664489105645,7.105310943335973,2377.0,0.02308902265147032,60,11
1256.0884991843393,240.78344208809136,313.91391771278927,3.103765539151248,0.22574760773184732,6.3371692197320835,2495.0,0.0217046484054496,60,1616
1215.987849973587,2545.4757879908434,363.52307069554047,3.1329635280980086,0.01495953501763995,6.721240081534028,2698.0,0.019675186727958437,60,480
998.6052295918367,1664.1498724489795,100.37051855090816,1.6490566258021708,0.17707386506304781,6.977287322735324,1203.0,0.06318500802399073,60,1675
1354.6375283598024,1217.643000133458,479.6404945803283,3.200347805734948,0.028705025977051147,8.961653442045371,3712.0,0.013411329506370692,60,299
1007.2660869565217,1543.7647430830039,404.8747001495498,3.1820892035901105,0.03806294230155294,7.4253699948375935,2667.0,0.019960195712662703,60,84
1012.3374558303886,1185.2231196365472,507.229584819768,3.267480076060263,0.006411787406632419,8.897641631745048,2951.0,0.01762166406225129,60,444
1053.165706488781,2192.393723468769,422.2219007409376,3.1276656308439756,0.043981536809308885,8.513570769943103,3372.0,0.015014066595172607,60,488
1093.1494012545143,1114.2225812583158,336.76613399000496,2.939386398023016,0.029441758698052625,7.233334563936621,2411.0,0.02267235074701937,60,30
1678.563645708412,1948.9593969504883,373.63693672299166,2.974680429796465,0.026235685755190728,8.065488097840834,2811.0,0.01870178190554178,60,110
1771.842879429463,1764.3857811455316,287.22099281755413,2.758862373465007,0.07941883147108034,7.169322753636297,2201.0,0.02551648353407102,60,70
1834.0475915777329,1294.4205364868762,221.92894631122357,2.2106410718745777,0.037944749485942765,9.153688872946343,1439.0,0.04683522878054478,60,69
1407.3629796114947,1060.475517739605,398.7295663607187,3.13069516360455,0.04152647159011696,7.8094408566395375,2666.0,0.019969527090497326,60,1511
1429.072658546829,594.5363292734145,304.8242406501433,2.998179484019533,0.056340949611666136,6.465192840332732,2371.0,0.02316414797059935,60,54
1493.3970884658454,1626.3343784994402,285.81273299094704,2.7572971493817637,0.05010578702403596,7.233334563936621,2358.0,0.023328608512558812,60,660
1530.640019860973,1695.662859980139,386.7593578345581,3.1862103579151517,0.03711803978126585,7.297346374236945,2673.0,0.019904390069355314,60,263
1537.5389190587018,2141.0305146108094,247.53367043135322,2.905101938723132,0.26399444823564094,6.3371692197320835,2447.0,0.022247253151736663,60,1397
1563.0204755614268,1486.363143989432,484.5694039734533,3.26492103719648,0.018853845613653598,8.577582580243426,3128.0,0.0164225153133364,60,96
2066.1924376848333,512.7589776087875,303.0319099617342,2.919928467620445,0.05753801463193887,6.785251891834353,2493.0,0.021726727958430676,60,79
345.91018022406234,1407.7845104724793,657.0812327328267,3.148724604374581,0.05808572435730103,13.890562835170325,4122.0,0.011881821007460524,60,686
371.8690321382129,1572.7534831878136,344.57557484664454,2.900287288709512,0.08446703125849225,7.873452666939862,2611.0,0.020496543698805787,60,1375
416.2876443134365,1429.1653156472612,260.5920797326193,2.6930043017047423,0.11651603921456695,6.657228271233704,2262.0,0.024619383185376154,60,1501
474.3748388021206,668.1442900128958,446.73842408596175,3.1691801047242434,0.08187042449540193,8.897641631745048,2947.0,0.017650790291487944,60,121
476.05034996613233,2506.9988710769926,283.50830782013537,2.873253933937424,0.08960060555451527,6.913275512435001,2733.0,0.019363029487288214,60,438
533.824182023317,1921.4802557352389,340.41480717712346,2.94958899107091,0.07084184489527787,7.8094408566395375,2561.0,0.02100038182412812,60,139
313.46639418710265,1082.5190735694823,281.9080125626272,2.773954377469712,0.06142354629595058,7.297346374236945,2363.0,0.023265078847252738,60,760
100.75458660948297,295.5444365022635,268.65756783046015,3.0011513952819686,0.08860434713056235,6.657228271233704,2454.0,0.022166439714325893,60,151
122.78525482434438,1902.6579251195778,388.1036058508649,3.0314204827924023,0.06719395767519634,8.32153533904213,3089.0,0.016672502806137458,60,443
543.3932249942778,1227.4632639047836,279.6675992021159,2.890066332424515,0.08989518735298384,6.465192840332732,2260.0,0.024647794964865986,60,932
183.12252427184467,2208.163689320388,329.660823046669,3.123726925150888,0.10931357186166546,6.401181030032408,2575.0,0.020856827369881717,60,158
249.09618847539016,1800.3523409363745,426.5747038413597,3.2148225508748447,0.031286605163499834,7.745429046339214,2772.0,0.019026662224316145,60,164
593.0829867674859,936.8385633270321,338.62247648871437,3.058194235962969,0.10248180960169462,6.59321646093338,2407.0,0.0227205887503325,60,1297
821.3077961525481,915.6967600404995,379.33398783972046,3.1325482580907886,0.12696894465355937,7.297346374236945,2595.0,0.020655121197130102,60,217
824.7600184956843,597.472718865598,415.30862522850265,3.106861663448768,0.038128743905141343,8.129499908141158,2461.0,0.022086211263675177,60,1249
812.379303599374,1527.6647104851331,327.2283742552567,3.010837233241017,0.03558388195142955,6.59321646093338,2456.0,0.022143457885825103,60,226
854.8028407169428,1905.526378085898,378.5658461161166,3.1439104867125716,0.11090685820718213,7.297346374236945,2639.0,0.020224814436990094,60,1441
904.7973945168189,1795.3249076414545,329.21274037456675,2.946308044112671,0.07616474298390796,7.041299133035649,2541.0,0.021208921634024314,60,1143
951.6525241675618,1306.5352667382742,357.5699723376103,3.080405951086202,0.061178338589316685,7.361358184537269,2786.0,0.01890874788700649,60,187
597.0149565217391,1682.078608695652,368.06790922686343,3.0146309890266836,0.15921696662873597,8.577582580243426,2671.0,0.01992295724611233,60,131
638.0427758816837,1637.7378839590444,281.33190626992433,2.8805573977099823,0.1989488030523525,6.913275512435001,2735.0,0.019345490833518008,60,1293
662.256508632502,796.090435735818,233.57909578588257,2.5040389407349295,0.009280002677261399,6.849263702134676,2571.0,0.020897642269018715,60,726
689.1306508302024,938.4987274269786,528.161446787974,3.2304153859261517,0.027468476752431695,9.985842406850557,3437.0,0.014678705521334115,60,204
721.495650414728,1301.446894598422,316.41037831450194,2.891034786431052,0.1513606215472731,8.065488097840834,2950.0,0.017628936604163745,60,291
716.5352112676056,919.6411325093418,445.3941760696549,3.221822150690697,0.02602634751242743,8.385547149342454,2975.0,0.017448905512578928,60,1365
1163.6409501374167,1284.1380054966628,286.93283913748667,2.789077918251713,0.10084675253743021,6.702985445104223,2661.0,0.01945292528144382,61,1135
1215.8862559241707,2546.081599010921,273.35788542093104,2.8766093785197318,0.14887376887779308,6.2523645748451155,2524.0,0.020786038048319928,61,480
1255.367782520782,240.43113906987193,250.71418669041088,3.025169633972844,0.07035851028699203,6.196036966062727,2342.0,0.022867937687218936,61,1616
1307.9860279441118,749.1998003992016,282.20131999976604,2.78027698615812,0.05514720798966057,7.0972787065809415,2273.0,0.02377055810498421,61,11
1327.4844097995547,641.4813474387528,202.32877074633922,2.915332710119108,0.40251697549393073,6.2523645748451155,2262.0,0.023921080995347482,61,13
1354.876024590164,1217.689293032787,439.80596937288885,3.0431493878416997,0.04365060231881064,9.125072622746925,3561.0,0.013686473425751744,61,299
998.6466848319709,1664.4359673024524,62.016697269409654,1.4151765952135893,0.1775325441771473,6.2523645748451155,1109.0,0.07113922821742238,61,1675
1007.4023358158429,1542.6782329045361,332.78351268635083,2.976493326951919,0.045749574088860726,7.15360631536333,2505.0,0.020985488064950045,61,84
1012.6440591534931,1185.2237378888321,441.83376328905484,3.141426739267462,0.046204370773805535,8.505468926140653,2754.0,0.018641339075189,61,444
1407.4466845878137,1060.8893369175628,377.1696684068729,3.0992156097083625,0.04939188630590479,7.378916750492884,2555.0,0.020468634363899015,61,1511
1053.3225165562915,2192.406456953642,340.2187570456261,2.8884618606673347,0.0753208861675122,7.942192838316768,3076.0,0.01628844542032649,61,488
1092.9386099539574,1116.8303003727253,256.9102236564736,2.6700446338692094,0.09887534799641906,6.534002618757057,2197.0,0.024850961268493923,61,30
1530.9309235717567,1696.0937356409863,367.76295774021406,3.0793110483343407,0.01365351354538862,7.435244359275273,2612.0,0.01990962824894508,61,263
1834.2153888582461,1294.4023717595146,204.24390944494044,2.087046699811123,0.09172783850279531,9.519365884223644,1412.0,0.046841257394363046,61,69
1732.0207761662093,1774.4433555468445,287.3834600077457,2.73657229223408,0.11470685569747771,7.491571968057661,2214.0,0.02460085076861523,61,70
2066.597898758357,512.1083094555873,294.87503197580344,3.081478700845283,0.07526127949610277,6.42134740119228,2462.0,0.02145132216748606,61,79
1679.170717161175,1949.4316385865513,377.78927210347916,3.061542599623542,0.09541453604134639,7.998520447099157,2766.0,0.018541524611430934,61,110
1493.042596810934,1626.8009111617312,247.27820255468518,2.7205871669603994,0.17589813031588297,6.590330227539446,2259.0,0.023962464113940814,61,660
1537.0075757575758,2141.9398826979473,230.49257513753344,2.623443075032778,0.11063863067689929,6.534002618757057,2384.0,0.022351320139720927,61,1397
1566.3564572425828,1495.1997164048867,516.4115173169371,3.2981068396890194,0.055346340435135186,8.956089796399759,3225.0,0.01538960408464846,61,96
1429.4142167617376,594.9164107064502,256.74124083012646,2.8104909088537275,0.060983506601472816,6.1397093572803385,2253.0,0.024045661395651015,61,54
951.5945105215004,1306.9793229643185,307.83038199575276,2.902596874952022,0.07798357619720478,6.9846234890161645,2607.0,0.01995743922993452,61,187
346.08548742831937,1407.8202911336568,638.4734455483729,3.2312981982286324,0.0918854024580153,12.504729149690231,4006.0,0.011936897767650622,61,686
371.5624703087886,1572.945209817894,355.7088494607829,2.9945847139240818,0.036723951178680256,7.829537620751991,2554.0,0.020478721813978414,61,1375
421.34632215044803,1426.0050010418838,270.3161945466821,2.712446518908942,0.14619081859686167,6.9846234890161645,2211.0,0.024644621440842507,61,1501
475.1236423151317,668.0800476119625,378.5778586264326,2.99175577026275,0.08334274441115931,8.392813708575876,2815.0,0.018144805142007732,61,121
473.4969967872608,2506.6537225869533,403.24935127311875,2.9952702856953204,0.03798226997737064,8.843434578834984,2973.0,0.016973751171969302,61,438
534.6868736651882,1919.0785280105142,342.86615465839833,2.956282970690194,0.08152676027605746,7.435244359275273,2541.0,0.020610769283936303,61,139
313.38650060265167,1082.7380474085978,280.3988365187296,2.8522615134769027,0.09052358541750373,6.928295880233777,2333.0,0.022981763970011317,61,760
250.10775020908838,1801.018539169222,404.0942654048546,3.0873357512105053,0.09756950090811306,8.449141317358263,2761.0,0.018582983778997617,61,164
100.49812067260139,295.59208704253217,284.7360623949735,2.9737725942204287,0.09485514539779505,6.534002618757057,2504.0,0.02099609151549243,61,151
182.56161806208843,2208.608466603951,299.3812406783945,2.918684738382961,0.1107036364830357,6.928295880233777,2548.0,0.020539455930188685,61,158
122.1461858118136,1904.0235975066785,379.5354279757332,2.993214845993724,0.08042273535002002,8.167503273446322,3028.0,0.016600793914329857,61,443
543.278249218401,1227.9093345243411,252.23503212753536,2.7630885489993684,0.10657304188897924,6.646657836321834,2265.0,0.02387984056742269,61,932
812.5871021775545,1533.4738274706867,269.02065954468713,2.9222547569165847,0.07681923993905261,6.42134740119228,2381.0,0.02238744603924056,61,226
821.038961038961,915.3992241524709,333.966392470781,2.9737140425083863,0.04429435895146922,7.322589141710496,2485.0,0.02119961272224849,61,217
856.0217048835988,1906.9644670050761,321.7996289737851,2.8743754030468027,0.06252081641841284,7.322589141710496,2486.0,0.02118880276368023,61,1441
905.1767119774302,1795.2226211849193,219.62134664253247,2.521261220721411,0.009423233384194178,6.196036966062727,2353.0,0.022730338687754426,61,1143
827.1815346225826,598.3034934497816,361.1726275126746,3.0095501971673637,0.07257450691354107,7.716882403187214,2307.0,0.023317053554001713,61,1249
597.1134357633214,1682.279830009807,344.6123105306524,2.9071385800759373,0.11956539391875601,8.054848055881545,2596.0,0.0200634359665833,61,131
615.7191691908265,915.7256598874945,260.3462077921993,2.7852613266485298,0.046849470296301265,6.365019792409893,2321.0,0.02313530680428064,61,1297
637.9621435594887,1637.7251720747297,229.14071252675612,2.584177709564805,0.09143729830878701,6.42134740119228,2649.0,0.019562822668516215,61,1293
689.7372353673724,938.002801992528,542.7728382270949,3.3141989209067018,0.03404617123148149,9.632021101788421,3346.0,0.014729531878648942,61,204
662.6455696202531,797.6657290201593,240.29357906566904,2.6081843129311904,0.16315171498350617,7.0972787065809415,2440.0,0.021697745049166522,61,726
717.0197521301317,919.6303898786471,436.3136576283808,3.157783755144595,0.061819443403902524,8.167503273446322,2893.0,0.017547159949935998,61,1365
726.93058733791,1298.4495296211544,443.07297068226734,3.1196579053197895,0.09186207431014472,9.406710666658867,3187.0,0.015609280592083786,61,291
1165.2223807582552,1283.1402364451692,293.52713106977126,2.8913960674586963,0.17933452667317812,6.760816512613973,2868.0,0.017945552178977166,62,1135
1217.0044776119403,2545.830277185501,280.60380039079234,2.9110113718127293,0.11950589526446947,6.222344400989851,2555.0,0.020714334466397127,62,480
1255.901498595067,241.00031220730565,383.27248300712483,3.277588301860194,0.040959993561876025,6.401835104864558,2536.0,0.0209101733290275,62,1616
1309.6377910124527,749.7518498465981,331.5193300565843,2.9083950825714124,0.06094041251294692,7.538609562737704,2449.0,0.02185634760071619,62,11
998.6073121191605,1664.5680433310765,88.36925654098087,1.6975030449686166,0.21829232411905913,6.042853697115143,1223.0,0.060318907670157094,62,1675
1006.0297029702971,1543.853323903819,422.99975879806004,3.191417947378796,0.041132812524167124,7.598439797362606,2698.0,0.01935034095698696,62,84
1012.7913063530497,1185.1863253776087,518.9076249017786,3.3013803457414266,0.033184805440910625,9.273686366859874,2995.0,0.01702235019740532,62,444
1092.2923623445827,1116.9774422735347,336.8442209382006,2.9405899530125645,0.07452497997106022,7.359118858862997,2400.0,0.022427930910285648,62,30
1099.7196880170172,1765.9562751122667,253.1417226979621,2.8372292834895316,0.11543915367562078,6.401835104864558,2442.0,0.02193621212817141,62,1795
1053.5138152386269,2192.5516327100195,428.7434613220507,3.1653431335676006,0.025207409021073574,8.735214255235752,3399.0,0.014628403495654075,62,488
1328.0390334572492,642.5097583643122,257.50932982558,2.898852484157665,0.12784973671008854,6.760816512613973,2359.0,0.022929681331239998,62,13
1355.1744186046512,1218.1153100775193,493.9584170631943,3.2227164260590313,0.06472258474687063,9.034365428360264,3722.0,0.013149850398072978,62,299
1679.0151889791593,1949.8050158954434,338.75878844619746,2.882792221541838,0.04981976482251946,8.136911908986729,2731.0,0.01906070125211862,62,110
1833.8596137215336,1294.3859901989047,207.55108391378647,2.108883870442876,0.05463167313966996,9.094195662985166,1441.0,0.04594273028539007,62,69
2067.382338267088,512.0126392815566,359.75920079953823,3.195159943522885,0.06660991682870449,6.581325808739265,2508.0,0.021205622896321594,62,79
1407.9304136874362,1059.9283707865168,468.5903975822357,3.3330226276711543,0.05918160838972695,7.837760735862216,2666.0,0.019639735876885726,62,1511
1428.976004362843,593.8989274677332,329.1261206715882,3.1298040695715383,0.12588179871219393,6.222344400989851,2355.0,0.02297983718389513,62,54
1493.1032110091744,1626.8430810397554,313.03178755748945,2.911572659523021,0.0611133065787081,6.820646747238875,2362.0,0.022892207886698348,62,660
1530.8252413401476,1696.144804088586,421.4441726978126,3.241049352998913,0.0347927815134665,7.418949093487899,2686.0,0.019457859056997956,62,263
1537.0681259772168,2141.45074826893,267.8599604156881,2.9067865566242945,0.14117835251732266,6.162514166364948,2440.0,0.02195913787956428,62,1397
1566.9420340975896,1496.5747207524985,508.85614548479504,3.2427189729374577,0.03831248801778049,9.273686366859874,3252.0,0.015417336792035531,62,96
313.8536428110896,1082.7844401461423,278.39008170967094,2.739495499164394,0.031425634136684304,6.760816512613973,2350.0,0.02304284140436036,62,760
345.5723862166294,1407.5900270492766,508.7364850155452,3.1640808678738375,0.062307754739192,10.530121293982825,3910.0,0.012419232862281129,62,686
371.66493055555554,1572.9697145061727,310.1599362954941,2.837823239869027,0.07345993562525611,7.418949093487899,2555.0,0.020714334466397127,62,1375
423.0954154727794,1426.3997134670487,208.8075188409094,2.5751735135019223,0.20721418820185258,6.4616653394894605,2181.0,0.02539631960160121,62,1501
473.0592459605027,2505.5309053603487,233.2780848024945,2.6274636090098262,0.07034289418292282,6.880476981863778,2641.0,0.01987191979592328,62,438
474.8532883642496,667.9290331646993,425.75194959080557,3.1659861403020386,0.04196800187556173,8.077081674361827,2875.0,0.017892067173314118,62,121
533.0477408354647,1921.4852514919012,350.90432607505267,3.006585553787238,0.14720375676918937,7.897590970487118,2537.0,0.02089977374717344,62,139
543.6259575399431,1227.8634274458307,273.3643420011791,2.854500388268128,0.07966291265564442,6.521495574114363,2305.0,0.02362581929228257,62,932
101.3191615582361,295.6476171643267,302.5614964981315,3.0229495932983568,0.11454410424546775,6.70098627798907,2514.0,0.021141611539440695,62,151
121.84632341363564,1904.0434577231931,379.98182010275525,3.0529881905811656,0.07959043659042751,7.478779328112801,3065.0,0.016552985359134204,62,443
183.37329255861366,2208.581039755352,293.4673008351463,2.9834063681627905,0.09774846960671722,6.70098627798907,2544.0,0.02082726531173475,62,158
251.08965024982155,1799.6381156316916,419.1107935474414,3.1814729551213303,0.0801043759543876,7.718100266612411,2769.0,0.0187377356724931,62,164
597.1270569620253,1682.221835443038,378.12708282938326,3.0357313051325914,0.0985781975446527,8.316402612861435,2678.0,0.019530204050366637,62,131
820.4106567933032,915.4689311010947,371.6654174898938,3.0625587238282193,0.026590223892567683,7.718100266612411,2588.0,0.02038277239866724,62,217
825.2661421997922,599.0331007867003,403.07629066796756,3.0220602986810965,0.0032399341620540155,8.376232847486337,2438.0,0.021982111600948307,62,1249
856.1018025751073,1905.5993133047211,348.51111669005655,3.0877579126347694,0.06418545333577783,6.880476981863778,2560.0,0.02066340612174985,62,1441
905.473366625052,1795.2881814398668,287.544107607281,2.7916259057526993,0.09922804707143426,7.17962815498829,2538.0,0.02088938450454892,62,1143
951.6674080410608,1307.0610778443113,349.7077213825546,3.0442136841329166,0.09411654378960507,6.820646747238875,2792.0,0.018547519499094774,62,187
814.4384151593454,1541.9355727820844,347.3145119975585,3.0845674602579205,0.11878043866902775,7.119797920363387,2544.0,0.02082726531173475,62,226
648.0106754658385,910.972049689441,308.2453687874972,2.8749493649335247,0.039329031475501965,7.059967685738485,2444.0,0.02191333419668169,62,1297
638.9987206823027,1637.7756929637526,280.60380039079234,2.8564817998581944,0.08571550707246264,6.70098627798907,2773.0,0.01870437483406923,62,1293
689.2583847037927,938.6534322432348,572.635175594941,3.260468540556691,0.019671710952866284,10.709611997857532,3476.0,0.014246535226649537,62,204
717.1832302405498,920.0285910652921,435.2649568961651,3.1789903084852744,0.04347475187966586,8.196742143611631,2953.0,0.01731696685430087,62,1365
662.6617801047121,798.8175916230366,285.68937033390904,2.7687107400925193,0.07197019701141064,7.359118858862997,2463.0,0.021698350540662038,62,726
727.3238711819389,1295.8105909694555,360.4173333804121,2.9705280986038414,0.08493754684630825,8.017251439736924,3110.0,0.01626468110060654,62,291
1105.7391783843398,1748.4270747173973,202.68486695553693,2.3197049715911513,0.15983904974366536,7.711748453229693,2076.0,0.026133410046898956,63,1795
1167.8728866624922,1280.2492172824045,178.48785912764956,2.3819662689045624,0.1525598046557992,6.258810338853085,2538.0,0.020139848411451135,63,1135
1255.6797126579143,241.38568243745357,225.5965833745527,2.9631541282747706,0.1634584854723623,6.03528139817976,2354.0,0.022164358301144053,63,1616
1327.5491937368545,641.6566954896003,239.1200842852888,2.759927586086156,0.10607257933200996,6.314692574021415,2226.0,0.023830817944284186,63,13
1355.0883529269179,1218.0328445036964,461.0843223739,3.171921106369087,0.04192151348063327,8.605864215922992,3538.0,0.013458711195346645,63,299
1216.2290330244714,2545.6281777144213,235.20832782350564,2.6079451680441497,0.12427214823676273,6.482339279526409,2455.0,0.021005323110044355,63,480
1090.70715835141,1116.7665943600869,257.61710412600644,2.738335545878577,0.026288712390582326,6.53822151469474,2205.0,0.024128449086571118,63,30
951.6361069277109,1306.7123493975903,296.84643321417485,2.949978302962889,0.12300955117961167,6.649985985031402,2591.0,0.019623550492935963,63,187
998.6382978723404,1664.6398176291793,73.54102148152374,1.4793410181646136,0.16553880873542798,6.53822151469474,1102.0,0.07013831517668201,63,1675
1006.4361351139041,1543.7459544383346,355.6904268464275,3.0037682539583215,0.06224911491866517,7.376455042219707,2507.0,0.020454623313400293,63,84
1012.7378286576928,1185.679959743364,444.207887353064,3.176131261046155,0.07118729407676563,8.326453040081336,2718.0,0.018487863247948367,63,444
1053.443774090833,2192.884699178817,333.44929724943177,2.897269045770463,0.12226354001788291,7.823512923566356,3036.0,0.01614784552706352,63,488
1407.5312646920545,1060.1822598338817,356.58454260912083,3.0356756663538516,0.059452477844124246,7.264690571883045,2530.0,0.02022014946921105,63,1511
1429.5760896031165,594.2985147309472,229.50833983633586,2.8167383790791183,0.14419417014693037,6.147045868516422,2208.0,0.02408547599331985,63,54
1834.213658804169,1294.568568294021,203.74662942373524,2.0979837772933485,0.09813812973427365,9.332333273111296,1408.0,0.04587158641933085,63,69
2066.5267237203293,512.961408041337,346.07868239747455,3.1358704040025596,0.0848809284540077,6.594103749863071,2548.0,0.020040364572599913,63,79
1679.2672440944882,1949.6329133858267,354.85219331890255,2.9639832743107206,0.013623938728076875,7.711748453229693,2713.0,0.018530083889664904,63,110
1493.6450020567668,1627.067461949815,271.6994273884259,2.7911684190607917,0.14540368981625018,6.985279396041389,2276.0,0.02315088319513845,63,660
1531.4732631578947,1695.9326315789474,398.16092557435917,3.211929517917567,0.02282772959260725,7.208808336714713,2590.0,0.01963304682756204,63,263
1536.3422989089063,2141.283684344075,220.2318887983929,2.839484891333218,0.20057434180510336,6.202928103684753,2398.0,0.021644077688661254,63,1397
1566.712336822298,1496.4608961542986,475.16664563631946,3.201015656765566,0.02310283519947199,8.997039862101309,3147.0,0.015464614796704678,63,96
346.0160578458071,1408.6545215513195,595.089922307558,3.213678624771753,0.08650309067684232,11.511740444676208,3983.0,0.011727466672809293,63,686
371.6852639036486,1573.0529578462629,315.5110997603974,2.8664326985228827,0.09406541248163916,7.320572807051375,2538.0,0.020139848411451135,63,1375
313.78225514998195,1083.2423202023851,309.2522894215444,2.885603511501065,0.009723640150790386,6.817632690536396,2367.0,0.022008054018390847,63,760
474.88042947779405,668.9369204489996,458.0107994396418,3.1716587503847484,0.02385649366885468,8.438217510417998,2972.0,0.01656993655999146,63,121
474.79064925231876,2505.3647548741246,295.2258483942933,2.9684759268071073,0.09692142541788087,6.370574809189747,2684.0,0.018778817425177646,63,438
252.73001776198933,1798.6407637655418,377.540380797245,3.024299653721551,0.10617403839556638,7.879395158734686,2712.0,0.018538551169159128,63,164
905.2150101419878,1795.617759747577,247.94947744188514,2.6413606563181693,0.11021018470239076,6.53822151469474,2344.0,0.022286111443868738,63,1143
100.98743718592965,295.55585620409744,289.13468476094516,3.0006763829701857,0.11445196012235798,6.649985985031402,2511.0,0.020413455412638084,63,151
121.96002906976744,1905.0843023255813,384.469777958118,3.0927757157458053,0.05541001395664861,7.823512923566356,3027.0,0.016205898025778723,63,443
182.99079639368895,2208.6611570247933,297.5170200361948,2.9667896321212615,0.08323543579355276,6.426457044358078,2529.0,0.02023023214837933,63,158
422.3235764921107,1425.5712325634577,244.37301439111195,2.702236287094824,0.16510998924330214,6.817632690536396,2143.0,0.025052206197699083,63,1501
535.3462461432979,1920.7058621871786,326.0169599720437,2.895979741470914,0.05223323198977214,7.767630688398024,2507.0,0.020454623313400293,63,139
816.2775569964442,1552.2300773896675,267.17296633979106,2.732706457857282,0.13927469102976398,6.817632690536396,2369.0,0.021984202662205323,63,226
819.9374885089171,915.0575473432616,303.9434770805529,2.8528603684143787,0.026222586894454614,7.097043866378051,2446.0,0.021103660889082575,63,217
825.3238549031663,597.4377497694436,363.5698220051622,2.94641664435208,0.060682450841135535,8.10292409940801,2329.0,0.02247127004706894,63,1249
859.0640956002172,1906.6628643852978,308.63758483469275,2.844385787614166,0.03679861184631482,7.152926101546382,2471.0,0.020832744661672738,63,1441
597.2181417554168,1682.5378259272861,304.33465272673124,2.906266103813794,0.1363772239392969,7.376455042219707,2515.0,0.02037245289178587,63,131
725.7105603846866,1294.0207138894027,302.1552455551663,2.7877575899363682,0.08736069807969593,7.599983982893031,2894.0,0.017115176356340127,63,291
717.2043211523073,919.7838090157376,419.0049992921467,3.1782847153239397,0.07577970859989698,7.823512923566356,2838.0,0.01752929479730881,63,1365
689.7536418166238,938.6055055698372,521.7165475315393,3.231482743230164,0.03055409043189505,9.891155624794607,3319.0,0.014513094005992799,63,204
671.3996459393671,916.9347200708121,252.53182072568828,2.758920032060741,0.0732471402633793,6.649985985031402,2559.0,0.01993206138498328,63,1297
662.7824627648416,797.3618628067967,266.3906150474344,2.769897219438171,0.1065276129795547,6.817632690536396,2375.0,0.021912957776958335,63,726
639.0580672809085,1637.8560102849797,260.8023915306013,2.686019164130255,0.11589191367626826,6.929397160873058,2696.0,0.018675087788269082,63,1293
542.9788548348777,1228.272273699216,235.20832782350564,2.6000986877482046,0.05438723527492692,6.426457044358078,2234.0,0.023719357038421526,63,932
1156.128955427016,1280.0061245321538,178.68277967622427,2.300864520866473,0.14598847290894965,6.5052934417679475,2842.0,0.017978292750772503,64,1135
1255.8271266885724,240.3828039430449,333.046705364531,3.1822458378434098,0.04892478951760466,6.2621049018887724,2493.0,0.021167106529396136,64,1616
1216.5317225253314,2545.970381917381,390.0136208312279,3.150721502445175,0.029849930572015064,7.417250466314856,2732.0,0.01887450416774387,64,480
999.107453416149,1664.595652173913,97.88338730136819,1.8129965586672057,0.39786246918252793,6.7484819816471235,1177.0,0.06391477620783666,64,1675
1005.7913434054716,1541.88811759902,446.6765506230758,3.2615449163847505,0.05454027622799813,7.842830411103414,2707.0,0.01909079260729903,64,84
1053.7484567901236,2192.8191638608305,433.36197806469096,3.19735265071965,0.0423331436479459,8.025221816012795,3391.0,0.014534002063542805,64,488
1091.0566871940628,1116.353544923417,385.0282557637048,3.178712948878684,0.04027284019410603,7.417250466314856,2441.0,0.021741688365873073,64,30
1098.1621047663994,1765.1974988201982,257.65825800198655,2.5910507761499133,0.11132178723698079,8.937178840559703,2454.0,0.021595138173321152,64,1795
1327.5641268338854,642.0698059630856,256.928692382349,2.7164901075645345,0.09072469280547553,6.7484819816471235,2378.0,0.022481027615654525,64,13
1678.6798097575943,1950.1948450444922,396.27572573311664,3.062131492754665,0.07544582481546856,8.146816085952382,2817.0,0.018174422221938786,64,110
1834.2811993517018,1294.7938951917881,225.07099365817703,2.1624965063380714,0.0631405859855897,9.605947325227437,1449.0,0.04509261815327759,64,69
2067.1244920576282,512.9946435168083,329.1556887264642,3.0389358567572695,0.07038169110301283,6.809279116616917,2558.0,0.020490220920948148,64,79
1355.0726885284716,1218.158872972653,513.5533990898491,3.201086000163501,0.059990414779665734,9.605947325227437,3775.0,0.012816561363939357,64,299
1407.556645980661,1060.3828835329773,421.26334820570196,3.2179456034508496,0.05479260678586271,7.47804760128465,2677.0,0.019356973239066426,64,1511
1429.0762976860537,594.1584323535543,291.64385645010134,3.0524564039438635,0.08412136399275218,6.201307766918978,2348.0,0.022851058110055836,64,54
1493.5691886964448,1626.9828623518688,333.47228530931955,3.02610941558257,0.1772294909170558,7.17406192643568,2391.0,0.022324376806296453,64,660
1531.3976061888775,1696.1134141001314,416.521171678058,3.2540241527063296,0.025172719561598205,7.17406192643568,2713.0,0.019038432541093827,64,263
1536.9833903273081,2141.1348314606744,248.90347056633624,3.078519746565728,0.3242859383479066,6.201307766918978,2488.0,0.02122103173157293,64,1397
1566.9759650400583,1496.534231609614,500.84679788116216,3.270907315808396,0.03462409241514339,8.633193165710734,3235.0,0.01537075817547199,64,96
1012.9760166840459,1185.753215154675,524.7400719242912,3.340884738066203,0.02873717354903601,8.693990300680529,2994.0,0.016871324889701063,64,444
345.75967392425963,1408.7938293261789,589.1850349922727,3.199147936297408,0.11417265984458382,11.67304991420043,3988.0,0.01202816555123021,64,686
371.83102784100856,1572.4578882857643,347.21243781249296,3.025022592968618,0.063690422941206,7.356453331345063,2565.0,0.02041989878499969,64,1375
422.681838871188,1426.071916249431,267.1426110572744,2.7362433673074977,0.12315797807077886,6.6268877117075355,2206.0,0.02478178589755179,64,1501
474.9229508196721,668.598956780924,407.9487756473171,3.158599550075116,0.07554791431481936,7.782033276133619,2905.0,0.01750232393219816,64,121
476.59570990806947,2506.660674157303,297.6019756771412,2.9417914396438087,0.10199629233412803,6.566090576737742,2698.0,0.01916987495187697,64,438
533.306954887218,1920.1443609022556,323.44075803930355,2.9081490379737533,0.1348447154710679,7.17406192643568,2532.0,0.0207557129162107,64,139
543.1738400167961,1228.6321646021415,289.57675386112834,2.792645029494444,0.06007035683024631,6.809279116616917,2325.0,0.023143102941976912,64,932
597.5359845435518,1682.4224762518113,377.6110052973899,3.09532968371863,0.08241181794409473,8.08601895098259,2646.0,0.019639938455755648,64,131
313.8248690044337,1082.804312777106,301.67538372011734,2.8490153301572776,0.11149618975651023,6.687684846677329,2382.0,0.02243259371700627,64,760
102.00272397094432,296.8980024213075,401.7474678803981,3.3377291434972807,0.033863402245511647,6.809279116616917,2672.0,0.019402060005027037,64,151
122.27399232245682,1904.891074856046,380.1036878311515,3.0137242059039577,0.09837798967079436,8.08601895098259,3049.0,0.016503632029001482,64,443
183.47417411936485,2208.6059499908743,333.1075024995008,3.126639011686435,0.06275393986745002,6.566090576737742,2581.0,0.02026096091303824,64,158
252.99647688838783,1798.7638105975198,431.41646974565754,3.258606676884094,0.06896796804478189,7.538844736254444,2745.0,0.018763959657018773,64,164
662.3534272300469,797.8015023474178,323.74474371415255,2.9277689433962326,0.12940593880707024,7.234859061405475,2533.0,0.020745374530706493,64,726
858.6798617113224,1907.3567847882455,351.71142580025776,3.02178777926028,0.05449820690646839,7.356453331345063,2688.0,0.01925851620574509,64,1441
905.5791902664149,1795.8046989721,289.81994240100755,2.7957533200926927,0.07904698724810764,7.17406192643568,2589.0,0.020182416197531805,64,1143
951.8538656338447,1307.447787874274,408.1311670522265,3.309993265078749,0.03289318751043767,6.687684846677329,2789.0,0.018399230391533832,64,187
638.5824870232453,1638.0176032498307,269.39210505115676,2.8435866621122083,0.17359942737327724,7.17406192643568,2661.0,0.01950199401973075,64,1293
825.4754734554487,595.9779571561627,391.65514347541233,3.0047308243696484,0.06230086306565897,8.207613220922177,2454.0,0.021595138173321152,64,1249
820.0908307480179,915.4898310927266,352.74497709474423,2.9919747882297196,0.09422310109776272,7.782033276133619,2565.0,0.02041989878499969,64,217
675.2784708249497,909.0442655935614,302.1617607998757,2.9205440357557926,0.039589717294480846,6.6268877117075355,2592.0,0.020153118704276385,64,1297
717.1816778178076,919.7842254246011,472.5153329852382,3.2925820024599712,0.04116289759715226,8.268410355891971,3034.0,0.01660231294546868,64,1365
723.9775434485452,1295.9047061120875,311.3421281803146,2.7405195088313987,0.0458468235316122,7.782033276133619,2988.0,0.016912430419428477,64,291
689.7700737847222,938.701171875,560.3063958816206,3.274762104379153,0.04966320787870108,10.213918674925376,3447.0,0.01425542383902888,64,204
820.8404620104674,1556.1654935932143,336.876924867628,3.012247154243125,0.06229336130982493,6.6268877117075355,2534.0,0.020735046439139565,64,226
1156.1358625993334,1277.0525506280442,265.92152939453524,2.7734689872107348,0.04847300760302724,6.544082753620964,2839.0,0.017978288469780553,65,1135
1216.4623960360998,2545.7485400814016,385.2147045907507,3.241639806039609,0.028544805719316505,7.021255454405827,2719.0,0.018961691077157058,65,480
1255.8663385826771,240.453937007874,346.2910457124427,3.1729975395242227,0.048536100522124564,6.74858533967162,2488.0,0.02119326692652696,65,1616
998.7897727272727,1664.6950757575758,71.98491028983061,1.3966952336703866,0.17419478821164894,6.953087925722275,1183.0,0.06323789724954865,65,1675
1004.3400835744134,1542.878656380585,424.13836346905873,3.18640333048197,0.06477630623394509,7.634763212557792,2732.0,0.018849990286338842,65,84
1012.9199117341641,1185.373572170301,525.1626409780824,3.3048824763918914,0.030190888859683036,9.066281314912377,2991.0,0.016870050529781678,65,444
1053.387590237195,2193.4229975936746,396.5986818809039,3.0768209386226086,0.07504438080710653,8.316438499393309,3318.0,0.014894794686448656,65,488
1091.4765350423816,1115.9479015918957,329.72633624233964,2.9967938211583682,0.09540867618209169,7.15759051177293,2396.0,0.02223548107209105,65,30
1098.7867349689943,1743.999191156646,252.8333638872933,2.3274650494077487,0.044626104867235845,8.929946257545275,2274.0,0.023786670038208488,65,1795
1327.8573061971188,642.0379602103819,298.09660293317165,2.895623071995787,0.14283644544129104,7.15759051177293,2435.0,0.02178141205839639,65,13
1678.6234683281411,1950.3009345794392,328.2266506113015,2.908504377764022,0.06601046172329232,7.225758040456482,2758.0,0.018630490817730893,65,110
1833.777027027027,1294.7914218566393,232.04226763881002,2.192485296275229,0.09191445338243895,9.407118958330136,1465.0,0.04426261345701153,65,69
2067.398871527778,513.4008246527778,314.1159721738063,3.045695106302592,0.07621647076594329,6.475915224937412,2474.0,0.021345516932541553,65,79
1355.1534405840205,1218.0940921995405,504.23520967223203,3.2024012553378234,0.06330436042757263,9.61162154438079,3733.0,0.012967826644690587,65,299
1407.9884765294019,1060.194882223352,402.25658676163863,3.1029884846726143,0.10103681196843625,7.634763212557792,2666.0,0.01943112622955294,65,1511
1429.1190156599553,594.4767337807606,304.70885321547615,3.0387872890216356,0.08739426809075604,6.407747696253861,2344.0,0.022871197562297503,65,54
1531.6117012308212,1696.491485415613,404.3016126221452,3.199883027705303,0.015333605415072707,7.56659568387424,2711.0,0.01903109043065012,65,263
1537.313036690086,2141.8337236533957,261.96781273088925,2.759413665672149,0.11541025553985894,6.407747696253861,2489.0,0.021182474991838077,65,1397
1567.1886432926829,1496.317200203252,536.6147857969191,3.330308586986024,0.04544894373694515,8.998113786228826,3323.0,0.014868175981871602,65,96
1493.7212044640978,1627.3520741208677,323.7275937181871,2.9666497499878495,0.09856266178402276,6.953087925722275,2373.0,0.022512250410050793,65,660
371.6447315300767,1573.1881308033912,337.70193709831517,2.952797815195667,0.06644334885269274,7.362093097823585,2544.0,0.020605383344590517,65,1375
418.6438698915763,1428.7030859049207,245.1986006747355,2.7093983812916864,0.11506491399227449,6.407747696253861,2172.0,0.02525997061532156,65,1501
474.96995926680245,671.8167006109979,401.6430790034867,3.172859917221517,0.06390372760494091,7.56659568387424,2925.0,0.017334014408177906,65,121
475.4033474776049,2507.1652522395098,289.16665667562637,2.9760952365713798,0.15318245262272673,6.407747696253861,2757.0,0.01863883853709964,65,438
533.4899286613512,1921.905581200168,324.88644170580744,2.8523241842755365,0.07070983434726917,7.771098269924895,2578.0,0.02026410267443597,65,139
542.9846974263853,1227.9712497101784,294.0065512121585,2.8582721096524497,0.06871216167258186,6.475915224937412,2313.0,0.023267776997552038,65,932
346.01417499490105,1407.867836018764,668.4507862709081,3.190801714663033,0.09026778570920169,13.49717067934324,4110.0,0.011604051160104501,65,686
597.147181439188,1682.3835417799528,376.0802557471548,3.119166659947581,0.1383378083098656,7.702930741241343,2689.0,0.019224584660050132,65,131
952.0429215509467,1307.0014427412084,377.98894655029426,3.0811097271252956,0.07302062997114642,7.15759051177293,2833.0,0.018025029715453438,65,187
103.01931247585941,297.79103901120124,352.97146352343077,3.144701319452614,0.09670646850782989,7.362093097823585,2701.0,0.019118557280891423,65,151
122.36311530681051,1905.352663519892,404.3697801508288,3.10845756426888,0.08942476288216575,8.111935913342654,3141.0,0.015902659406430975,65,443
183.52134146341464,2209.0298344947737,313.02529171486947,2.9539511719275935,0.08310089913270974,6.612250282304516,2586.0,0.02018543791155949,65,158
256.1579603929518,1794.1214720099797,437.15836144761715,3.2108210147810987,0.05489378885931615,8.111935913342654,2822.0,0.018111356257707167,65,164
313.6033019949553,1083.141710616831,297.27859258896905,2.868516687141151,0.02102615732757662,7.089422983089378,2355.0,0.02273370584865455,65,760
605.6861618798955,2048.2908616187988,130.54081742900152,2.176302467075391,0.2151153841122622,6.2714126388867575,2302.0,0.02341182510176598,65,1877
824.7490424646128,596.9555370524563,409.346009744728,3.0030791857974473,0.005988018587106005,8.452773556760413,2495.0,0.021117953488212087,65,1249
831.2646153846154,1562.1881025641026,332.3167023323146,3.0014355539666986,0.023510501615123695,6.612250282304516,2503.0,0.02103253377499789,65,226
858.1658150651064,1905.924015164002,413.57239652310824,3.208665331950475,0.04163691063166592,7.498428155190688,2676.0,0.01934078276978802,65,1441
906.3175711982805,1798.2873007343721,380.5793126402692,3.10411027943646,0.03079017554964712,7.4302606265071365,2689.0,0.019224584660050132,65,1143
820.3356229727151,915.3356229727151,357.26601783049455,3.007146610727302,0.024596120470742316,7.362093097823585,2575.0,0.020293760264341768,65,217
662.497543546226,797.2903081732917,305.2541934449446,2.944628192876507,0.12770139983494813,6.884920397038723,2514.0,0.020916203744543917,65,726
690.0082420817143,938.7502649240552,578.9468211094047,3.2599420882068233,0.03745225376616636,10.565966945950516,3618.0,0.013450010146315404,65,204
696.5405693003459,916.3758978451716,256.2417403214709,2.8536158064911494,0.20325289410767858,6.339580167570309,2773.0,0.018506166319677657,65,1297
717.2940992819232,919.9762722447705,436.6811887468323,3.2561093182816645,0.0623799427004384,7.634763212557792,3013.0,0.016720866429356763,65,1365
639.0269335310106,1637.8717568569311,275.87398858233377,2.801037613524592,0.15464491108822156,6.884920397038723,2733.0,0.0188414524031972,65,1293
723.8186037875975,1295.9805050129967,367.1503094896095,3.0228121413243394,0.14211569063094867,7.702930741241343,3088.0,0.016231533665020788,65,291
1155.5527788138754,1277.622155911973,154.56774948853987,2.3268056682241363,0.225812671431352,6.168873254484806,2587.0,0.01989577420063486,66,1135
1216.8490527182867,2546.0102965403626,279.96307031568426,2.884051184633318,0.1481760881729568,6.4571383598345635,2509.0,0.02067758311104152,66,480
1328.3225806451612,642.7372940357392,248.42686779042083,2.834492320712026,0.23583662644325706,6.514791380904515,2333.0,0.022689361365852066,66,13
1355.0556137289122,1218.0301337987203,495.5277160962328,3.1648336754299655,0.0278765070901028,9.570401497611943,3582.0,0.013422110558719285,66,299
1255.716771849302,241.44023713903232,301.4676471747762,3.1474566041738803,0.17869978741593087,6.399485338764612,2423.0,0.02161402147964572,66,1616
1130.2057633973711,1754.4423660262892,228.07535135272798,2.3124274098409274,0.0395225206957834,8.763259202632621,2125.0,0.02563718379164891,66,1795
999.0137772675087,1664.9862227324913,50.215781351927724,1.140024371806272,0.14538226249181363,6.168873254484806,1090.0,0.07252005044952012,66,1675
1002.7784750549106,1541.8613115782869,367.4803562998706,3.0719844027425403,0.051437014393632755,7.437239718023738,2531.0,0.020450920074817268,66,84
1053.717271895026,2192.9272200183095,377.8579000924619,3.038608245090929,0.10562338858570415,7.4948927390936895,3176.0,0.015476948507544738,66,488
1091.5747480978819,1115.0756734526012,280.36664146317395,2.843183636964372,0.16222116951731655,7.148974612673981,2266.0,0.02356204211814167,66,30
1012.8739383644746,1185.7620723125456,475.17619965853993,3.246897610218097,0.017702250455410833,8.359688055142962,2816.0,0.017907910367117703,66,444
1407.8720495106506,1060.7809441565919,400.57319039402273,3.0971833360581056,0.09751457642908391,8.013769928723253,2657.0,0.019242834140860404,66,1511
1834.5737385001394,1294.8525229997213,206.80138657791588,2.1616445122847883,0.06704783384802047,9.282136392262185,1412.0,0.04622259656130881,66,69
2067.607502799552,510.0927584919746,308.90488689279994,2.9827799925174836,0.08068962016961745,6.514791380904515,2566.0,0.02010038564574135,66,79
1678.4976683182745,1950.2002331681726,395.6150305820069,3.1444157846314575,0.08890924362897386,7.4948927390936895,2788.0,0.01812938883042251,66,110
1494.6867415730337,1627.2626966292135,256.55594376128397,2.6286665137383705,0.12900780088152297,7.321933675883836,2290.0,0.023241828457259847,66,660
1429.6665359733386,594.6912370123505,294.0880604778224,2.9723947191775837,0.010151589095110453,6.2265262755547575,2277.0,0.023414189121979536,66,54
1537.8423841059603,2141.355496688742,217.64015453906677,2.5639890278820108,0.21247832821005733,6.4571383598345635,2416.0,0.021693989887003426,66,1397
1567.369201640896,1496.869780161986,548.1072713120285,3.303198165942812,0.043631920551942004,9.685707539751846,3323.0,0.014664110874185971,66,96
1531.6599277011649,1696.6442629535413,430.61041437146747,3.2947943946614915,0.0224683053410911,7.4948927390936895,2703.0,0.01883660150284914,66,263
951.9592233009708,1307.1980582524272,326.60436436127503,2.994404903105503,0.053909364580168144,6.572444401974466,2646.0,0.019342586151034725,66,187
346.1733929954393,1407.0468978573272,669.985757853906,3.2687867581598176,0.061976518948563014,12.971929740739078,3998.0,0.01181484523783817,66,686
371.9321214465287,1573.3612454070778,298.123771952719,2.762884935304394,0.11202646707981394,7.379586696953787,2537.0,0.020389962745858786,66,1375
417.33248964565115,1431.3787390704097,250.56002957000905,2.5905151076146162,0.02499080898842053,7.033668570534078,2213.0,0.024301418926921073,66,1501
473.5649551752241,674.4034229828851,353.7012842641522,3.0586230928514024,0.05245986536773343,7.7255048233734955,2861.0,0.017563081560986175,66,121
473.59233682334593,2506.869013143239,258.8044115830121,2.8910181923434313,0.2092736275810852,6.514791380904515,2631.0,0.019480290169887157,66,438
313.53935185185185,1083.4776936026935,273.9671561244093,2.944670755549058,0.16742732756915257,6.514791380904515,2335.0,0.02266430373286035,66,760
255.50492676431423,1789.038482023968,432.9741882353355,3.169196783991035,0.0814154786834143,8.30203503407301,2774.0,0.018242195218253886,66,164
97.48658008658009,295.7742424242424,266.35695734317574,2.9578935408723215,0.21455827477316675,6.976015549464127,2475.0,0.021037935331567795,66,151
535.2731263209234,1921.1476182734514,354.62373260127146,3.0497420675507705,0.17014202344078025,7.552545760163642,2551.0,0.02024913238815118,66,139
122.52680689546102,1905.7566028783806,364.5400522253031,3.0536869443050954,0.10178829925531639,7.610198781233593,3023.0,0.01642452662892351,66,443
183.92806624115923,2208.812834224599,334.2145631425086,3.01076213475111,0.03240837147792462,7.033668570534078,2588.0,0.019886134653886077,66,158
542.6759675967596,1228.4934743474348,256.2100256348643,2.776192667048247,0.06529890059099393,6.803056486254272,2254.0,0.02372548070141735,66,932
820.3657903839502,915.5223106191629,333.34976782645936,2.9910219630183907,0.07079646584471029,7.379586696953787,2496.0,0.020813897573425163,66,217
824.4306794227339,597.49213556024,355.54618093839065,2.905126505502346,0.056719905198245726,8.013769928723253,2358.0,0.02238006907312735,66,1249
857.6041482006736,1907.0418365538026,325.22069185559616,2.942605261055184,0.09031747177389933,7.148974612673981,2498.0,0.020792809253921244,66,1441
907.9129562775772,1798.236060970718,287.45796305477796,2.869714049244001,0.0867309111308803,6.572444401974466,2581.0,0.019953808304692903,66,1143
839.8048907388137,1563.2519944502255,332.4273194893401,3.0187298314609183,0.050671765894914844,6.68775044411437,2445.0,0.021366486393883177,66,226
597.5561398082276,1682.5009279307144,372.7844342383061,3.100617062400023,0.07896213918610478,8.071422949793204,2642.0,0.01937911650660947,66,131
638.8165058949625,1637.9639871382637,268.95134329132355,2.7899682488483615,0.1576924485557308,7.033668570534078,2693.0,0.018923447178256517,66,1293
662.6423342822286,797.8759658397722,283.53755762202127,2.836503182617998,0.10416508466151478,6.68775044411437,2463.0,0.021168135746526966,66,726
635.1853593015446,2047.2511752854264,85.84534837315772,1.9015387357257314,0.3168233763646935,5.938261170205,2149.0,0.02525853625779969,66,1877
704.702795093505,906.1180374019707,286.7084737808686,2.770205735139722,0.03085507935948504,6.68775044411437,2668.0,0.019144105717813446,66,1297
717.343268682259,920.0991158014832,404.2629837424996,3.0783642243528044,0.05877966064719419,8.186728991933107,2962.0,0.01683548101559723,66,1365
723.0665365853658,1296.9149268292683,295.4717329835012,2.702591349057419,0.10898160606732067,7.610198781233593,2859.0,0.017578125052944697,66,291
689.2477312222437,939.49507626955,597.1699922425572,3.2224593189923034,0.012294629280237203,11.703563277200146,3550.0,0.013564050817585334,66,204
1158.9699799866578,1276.7396041805648,278.3693100290225,2.7842116579690765,0.13267154505063114,6.809122549075488,2910.0,0.017447902861318497,67,1135
1216.1478633742422,2546.3093301789145,418.6372345399775,3.2192769220177087,0.013309115512149354,7.490034803983036,2807.0,0.018235721615222283,67,480
1256.9613841524574,240.2305249080575,370.29246444154154,3.2650648711019783,0.05040340737614375,6.7472214349929835,2520.0,0.020860222258875776,67,1616
999.0105140186915,1665.0040887850466,105.97470730924759,1.766610091376496,0.19093471866031997,6.56151809274547,1165.0,0.06508384944469875,67,1675
1003.196875,1541.93125,455.59219964723263,3.2324568324902723,0.039984920924975006,8.23284817297309,2769.0,0.01854464296844472,67,84
1012.952558251261,1185.4915926014894,515.3886758509319,3.252117327997447,0.021836849782881484,9.656573796870692,3020.0,0.016678394973093542,67,444
1069.5106557377048,2189.852295081967,377.59679590327704,3.1109536780359246,0.02496625511466989,7.490034803983036,3295.0,0.015022090330260167,67,488
1090.4485092372415,1114.7664166819097,338.41339068905177,2.9754805567547216,0.0645117565587413,7.366232575818028,2407.0,0.0221132872118111,67,30
1107.1221234905445,1778.4401913875597,271.68398970811194,2.4841718121261707,0.06279522367482826,9.285167112375666,2227.0,0.024453109098598626,67,1795
1327.6875,642.2900747508305,298.11576542134134,3.0610482863384694,0.07520466850922855,6.994825891323001,2451.0,0.021607880443974173,67,13
2027.915297450425,1208.4515580736545,218.51093271124066,2.6915564123160944,0.03200003078000153,6.190111408250443,2204.0,0.024788252548204524,67,1911
1355.4615384615386,1218.2628982802294,464.32025673286574,3.1641952714349397,0.07714625400996453,9.470870454623178,3666.0,0.013247272977759874,67,299
1834.8532828965144,1295.0618751688733,229.09602321934892,2.209018385261945,0.17403298786730537,9.285167112375666,1462.0,0.044435587228100176,67,69
2066.45931198102,512.0230130486358,260.9131958577562,2.8952040352441397,0.03956557598110708,6.7472214349929835,2441.0,0.021720706398206023,67,79
1677.9489128140174,1949.6352121595946,293.2255774088235,2.7692939193021857,0.1281967481685204,7.428133689900532,2727.0,0.018898491840997924,67,110
1408.1128900949795,1060.2210312075983,456.2112107880577,3.2882133985096527,0.037967357917566724,8.047144830725577,2713.0,0.019019461456579657,67,1511
1429.8277320275986,594.3888270643223,278.1217055726924,3.209191395763893,0.22604687541156582,6.066309180085435,2351.0,0.02279177556196595,67,54
1494.4448,1627.1322,309.50557041252216,2.8416544476765644,0.11607872576539001,7.7995403743955585,2346.0,0.02285438511553401,67,660
1531.7711563307494,1696.5377906976744,383.2916983988675,3.186874526969331,0.14012263566096514,7.490034803983036,2738.0,0.018804518438727148,67,263
1536.9895764027501,2141.795741849634,279.1121233980125,2.838055241104996,0.10569802728589216,6.871023663157993,2505.0,0.02101832199067326,67,1397
1567.1447353246454,1496.889170799216,536.7445602093959,3.3235199412532097,0.04228486573144666,8.91376042788064,3328.0,0.014845180207142528,67,96
951.539092495637,1307.470855148342,354.6933836927504,3.1886852756403403,0.08645421439940973,6.499616978662965,2817.0,0.018156129667751358,67,187
346.25932407306135,1407.5949907032702,565.961886056338,3.225967861383225,0.13674360292009502,11.01839830668579,3850.0,0.012514003699955681,67,686
371.93898173338516,1573.0307034589973,318.54313306856784,2.8877160530615216,0.0794217258270289,7.242430347653019,2556.0,0.020490314903703382,67,1375
413.78563772775993,1428.6902465166131,231.01495775590655,2.5894501106740564,0.0699137011738256,6.499616978662965,2187.0,0.02504193216333166,67,1501
474.0033167495854,673.5789386401327,373.26371791750176,3.120599721244648,0.12726850087790795,7.613837032148045,2944.0,0.01720257965563169,67,121
475.1244853950206,2505.701235051951,315.7575829348551,3.039471110319132,0.13372528766441222,6.6234192068279745,2775.0,0.0184951719328632,67,438
533.2620974995502,1920.4722072315164,344.10829318464215,2.9529195324399984,0.015830870075483068,7.7995403743955585,2618.0,0.01988309335409693,67,139
541.7474541751527,1228.9335539714868,243.14757611607743,2.548960492567122,0.08625456104784229,7.11862811948801,2297.0,0.023486665764865463,67,932
572.3775979400405,747.9152105940776,336.55635726657664,3.045966285511071,0.08726056551064758,6.871023663157993,2508.0,0.020986510616291677,67,1915
314.11794092093834,1083.398132059079,284.9927292358504,2.8023510050521763,0.07002153285086221,7.056727005405506,2390.0,0.022314947788538538,67,760
88.43492919757249,301.7103843560351,183.59870436870816,2.4660199136321284,0.035198776431422475,6.128210294167939,2355.0,0.02274193436603847,67,151
122.50758267860405,1906.4355929106523,338.7847973735468,2.8953045147522096,0.03740258281933211,7.9852437166430725,3017.0,0.01669848013584874,67,443
183.70981849989067,2208.411108681391,283.07379469929276,2.811094511174327,0.06205986387830315,6.499616978662965,2563.0,0.020419906689715155,67,158
256.53714786162607,1787.2609837979858,424.0845325792379,3.170529158552918,0.0562110479647419,7.9852437166430725,2801.0,0.01828381262185411,67,164
820.1519113023332,915.5361575376469,374.0684324005743,3.038911420973675,0.02473894713678622,7.490034803983036,2619.0,0.01987359423633108,67,217
825.1162333736397,596.5766324062878,409.5377707698493,3.0498676800444846,0.02788038950471464,8.480452629303107,2465.0,0.021451879062011178,67,1249
845.5008207185847,1564.0590917380996,339.4038085143718,2.9702764860856883,0.07858718954063719,7.366232575818028,2557.0,0.02048022687526083,67,226
857.2718479552011,1907.1140335991854,364.7832652881986,3.004154598189285,0.048627838766058855,7.9852437166430725,2623.0,0.019835688355932274,67,1441
905.7700924110893,1796.3172780733687,221.04887838862334,2.450861237707427,0.1968538520050278,7.551935918065541,3082.0,0.016273856957162835,67,1143
597.7363810130615,1682.5318572793883,388.61519420996285,3.0873448127786762,0.139437258956189,8.10904594480808,2721.0,0.01895014702149308,67,131
643.6560801630435,2049.2423573369565,364.4737597177861,3.022784851898918,0.021974818545552288,7.613837032148045,2658.0,0.019510078723306377,67,1877
663.0119772236403,798.3184763400747,315.2623740221951,2.891961274932262,0.11673913027163411,7.11862811948801,2515.0,0.020912657232849966,67,726
686.3294117647059,899.7591800356506,347.2652500028499,3.0338846925988703,0.08220805429052062,7.11862811948801,2649.0,0.019592781583628205,67,1297
689.6796541200407,938.8915564598169,608.4879514310186,3.3375236462865505,0.046300307976796205,11.01839830668579,3638.0,0.013366458574578955,67,204
639.163457513604,1638.4575136040185,295.7635230862062,2.9287978496078773,0.18364160576313449,7.180529233570515,2773.0,0.018511632924727527,67,1293
723.1941223510596,1297.186925229908,309.62937264068717,2.7521210605398982,0.029098474383056707,7.737639260313054,2936.0,0.017259680063101364,67,291
717.2152472171887,919.8993010613513,478.2480074014293,3.318243955151124,0.02597638223388953,8.047144830725577,3024.0,0.016651689796176494,67,1365
1177.1366295527457,1274.5210417059823,339.69183369883916,2.9777751332649975,0.03924729679118292,7.372062818525477,2914.0,0.017295869106427143,68,1135
1215.9625141379868,2546.2355792535145,396.745189424819,3.240806627577483,0.05061345522665188,7.243853030377208,2752.0,0.01855455093893672,68,480
1256.569154037982,240.83176673700365,334.1788128084636,3.283812730692627,0.1626162980320841,6.410489407413459,2535.0,0.020558617796000583,68,1616
1327.8421362654624,642.3991753387002,326.4862255195674,3.1080104632801078,0.16840564457525464,6.98743345408067,2460.0,0.02135584106746041,68,13
998.8665858095816,1664.8065494238933,105.70897032824793,1.6873589153339799,0.048112840506728996,7.051538348154804,1174.0,0.06373250049899537,68,1675
1003.1009845288327,1542.1845288326301,455.7857968670969,3.2064018241991827,0.01693320214011883,8.013111759266824,2817.0,0.01802814243495257,68,84
1012.7825018432047,1185.3819120176947,521.6856279753073,3.272313611586321,0.0038025364168985574,9.038790064452977,3053.0,0.016344525055445452,68,444
1090.7258499730167,1112.928944054686,356.3591061581142,3.0157886384345205,0.028846782647553124,7.372062818525477,2461.0,0.021344804933036563,68,30
1093.77219230002,1739.9323758228606,321.3578339936367,2.4653594478820167,0.04516658165345402,11.026041780751148,2482.0,0.021115652693257634,68,1795
1104.5226615236259,2168.102700096432,398.8606509292654,3.1884706720644673,0.09999730187930053,7.500272606673747,3315.0,0.014809158458345654,68,488
1355.42981430983,1218.1781586806908,493.67178926491044,3.189447442780803,0.05085297892168224,9.936258581490861,3724.0,0.012915228576417847,68,299
1834.9900392393602,1295.3428916389978,212.3795140676079,2.1485013273248055,0.17887794468541784,9.423419428897784,1462.0,0.044124248523056964,68,69
2009.4333659172369,1203.2583903551645,196.73791991351905,2.6956513741677464,0.12777982799423915,6.089964937042786,2214.0,0.024467972108659815,68,1911
2066.876376105396,514.5038801660351,355.20521806477973,3.1907418862257457,0.02838086300247027,6.795118771858267,2573.0,0.020176988274972413,68,79
1677.1789393361312,1948.5167874856925,336.0378547366135,2.9732047667916848,0.11875182738387094,7.500272606673747,2781.0,0.018315942484156772,68,110
1407.960167412325,1059.9429932169144,444.18281103967854,3.2628400178310732,0.04471229876229043,7.69258728889615,2723.0,0.01879945833078338,68,1511
1429.1616675139808,594.0830367734283,378.2829799314682,3.276761082636207,0.020533732615637935,6.282279619265189,2430.0,0.02169231541277906,68,54
1494.0453941120609,1627.4964862298195,337.5122673003186,3.048048275634474,0.08711704354524197,7.1156432422289395,2390.0,0.022157794904511523,68,660
1531.4728236184708,1696.2131718395156,423.41282535965894,3.332427330822946,0.09099315570334794,7.179748136303074,2786.0,0.018275421983707758,68,263
1537.0735498839906,2141.6060324825985,276.29209345952006,2.991752002824384,0.18298993673328892,6.346384513339324,2522.0,0.02069251101146024,68,1397
1567.155947239407,1496.7540562624022,549.186627533111,3.3374298783744383,0.03246186953286708,9.35931453482365,3340.0,0.014677595564730958,68,96
346.07375319337996,1407.6511162945685,577.1363613494337,3.1818343380079153,0.0815772525990955,11.73119561556663,3870.0,0.012351360060346287,68,686
371.9751441638497,1573.5408629946312,322.38351229882284,2.8566883142680655,0.037494894317266284,7.628482394822016,2580.0,0.020108228206838236,68,1375
412.41678832116787,1426.959610705596,263.47111464469316,2.764873513823961,0.11603603171330357,6.474594301487594,2242.0,0.02406874722286795,68,1501
473.95872821767045,673.6368083154998,419.3742170329885,3.2309929114948917,0.08066989546811874,7.500272606673747,2955.0,0.017003935688669168,68,121
477.62705786471065,2506.1414832925834,393.2835251448157,3.2703254463214173,0.08215033680291038,6.795118771858267,2972.0,0.016885760281859508,68,438
533.4795011957635,1921.9735223778614,375.27004990998387,3.0842846419628267,0.06968801159149822,7.69258728889615,2657.0,0.019381680603805643,68,139
541.3267807585569,1229.2784458834412,277.18956197655797,2.76387258649446,0.12481844667791822,6.98743345408067,2340.0,0.022768510881041665,68,932
314.0380036630037,1083.4722985347985,280.0101773158199,2.869689712777158,0.09150656359688168,6.666908983709997,2416.0,0.021852992136283975,68,760
952.1174834897463,1307.5276329509907,368.8595605025704,3.091749591577191,0.04965795867835955,7.179748136303074,2970.0,0.01689957794449859,68,187
80.14882248169404,315.0417573718583,323.92202975660206,2.9867111177697288,0.10392627407938534,6.538699195561728,2610.0,0.01981877394030316,68,151
122.90794623107027,1906.5667857750552,376.744462473689,3.1175430001309485,0.09473597108156206,7.8207970770444195,3068.0,0.016248081378152923,68,443
183.78670975560493,2208.362553019592,317.38333056104034,2.9960251052059017,0.05212465566355329,6.666908983709997,2591.0,0.02000111848671828,68,158
257.37635927128935,1785.877983335687,453.926754938947,3.2619696909462363,0.07256180862135275,8.269531335563363,2829.0,0.017934208492051636,68,164
597.6650485436893,1682.5617198335644,369.7570290196083,3.0817007210723717,0.1141926764639612,7.628482394822016,2670.0,0.019264165659163102,68,131
819.9661436829067,915.4710156895128,388.1551336188849,3.0772600336364198,0.05907370593274618,7.8207970770444195,2643.0,0.01950984915972505,68,217
825.701935483871,596.990394265233,447.13163616708874,3.091948151113732,0.04298847229986177,8.974685170378843,2548.0,0.020426446182882915,68,1249
857.1515497553017,1905.9278955954323,392.963000674445,3.114691807722916,0.039583089057315064,7.628482394822016,2692.0,0.019068507618081983,68,1441
906.7238157679069,1795.5617111948861,391.1039587462951,2.937501198791722,0.08911846291582728,9.423419428897784,3533.0,0.013735561200940802,68,1143
639.3004005340454,1638.0794392523364,288.0873939691608,2.8580494778746446,0.1336763873908485,6.666908983709997,2763.0,0.018463316049869314,68,1293
641.5587658284287,2048.935972891029,359.4361410736726,3.0167477353135954,0.033956221794215265,8.013111759266824,2681.0,0.01916583729868918,68,1877
662.3536904554179,797.5451055662188,367.3851479388653,3.0114073819099967,0.07960212810317653,7.8207970770444195,2637.0,0.01956529893126253,68,726
689.1037726098191,939.528165374677,620.2148501672522,3.3093556208608037,0.010731848073795206,10.833727098528746,3668.0,0.013145411132660387,68,204
691.0482769572812,897.0929013816103,403.6685179848255,3.202324667761111,0.0462557727537094,7.372062818525477,2665.0,0.0193091946777032,68,1297
611.425641025641,748.0293040293041,437.5159020559686,3.2732683535398857,0.03255809723156909,7.8207970770444195,2660.0,0.01935443469557679,68,1915
722.5258514205046,1297.247573672137,363.2824347181207,2.974599842151576,0.10260652851254719,8.397741123711631,2947.0,0.017060121891400267,68,291
717.2245385738946,920.0240339928297,482.7739572723076,3.3388305045672286,0.06717052860564111,8.013111759266824,3039.0,0.0164355778817426,68,1365
1184.6655258955054,1299.9158110882956,287.51803525459775,2.8473602939204823,0.08124835038987405,6.953436399038869,2835.0,0.01790544777544782,69,1135
1216.51388400703,2546.1158172231985,373.2552180238789,3.1453092253422152,0.09949602404317573,7.2814286820124,2731.0,0.01874986997683628,69,480
1256.894387561623,240.3674630261661,345.96626008048105,3.1797675232171434,0.10376512834789921,6.887837942444162,2547.0,0.0204567181952813,69,1616
1002.4241964827168,1541.1331109763494,432.6874196986828,3.2195299273814855,0.05168516484968449,7.740617878175344,2798.0,0.018197009008066013,69,84
1012.9626884111688,1185.2813194959228,530.9539076775528,3.32857951109037,0.03849888336211108,8.790193183690645,3079.0,0.016194326608234753,69,444
1088.647003392386,1112.6225028269882,348.06541069151166,3.0363422556182496,0.09319995132411865,7.215830225417694,2473.0,0.0212341186293797,69,30
1108.0597948896227,1703.5708326090735,377.3879207893454,2.917964044761658,0.14903799317717523,9.380579293043002,2714.0,0.018895532954922394,69,1795
1114.0989505247376,2167.1431784107945,175.01668219467643,2.186746229095815,0.08224450324576972,6.953436399038869,2933.0,0.017176512272432515,69,488
1327.9152183128444,642.4877066553624,309.49351821382436,2.982391448772143,0.11931875923817971,7.019034855633575,2471.0,0.02125595033259631,69,13
1680.4473248758964,1947.6620702334988,356.7900054186076,3.0723637497613434,0.09345310627084964,7.2814286820124,2790.0,0.01826130214210726,69,110
1835.0174863387979,1295.5043715846994,240.0903511366251,2.26580665137623,0.24486013927515873,10.364556141963597,1508.0,0.042095216194698575,69,69
1978.4244444444444,1170.8565432098765,265.67374920856054,2.7807983576974507,0.06627574427787482,6.231853376497099,2328.0,0.022942504302202286,69,1911
2067.7471264367814,513.6799292661361,370.9592720430642,3.1855109646806734,0.05477500273278056,6.822239485849456,2620.0,0.01974365307858572,69,79
1355.122869955157,1218.2424087123638,511.9959537216827,3.183054910777133,0.033133028514609905,9.839768489205946,3739.0,0.012868025262340611,69,299
1407.90138261851,1060.5766083521444,464.9618603432783,3.28615503262093,0.03277782882115491,8.068610161148875,2723.0,0.01881813648965278,69,1511
1429.2743315508021,594.7206773618539,368.0073414963024,3.2335694641527173,0.12403401067417238,6.887837942444162,2433.0,0.02167945215523579,69,54
1494.6124847993515,1627.4616943656263,323.6627848382809,2.923979386378425,0.11579291266596647,8.003011704554169,2393.0,0.02214386538664118,69,660
1531.851485148515,1696.5274942878902,430.6538675442469,3.3236671219982674,0.04269328780644083,7.215830225417694,2762.0,0.01848995065593382,69,263
1537.1613445378152,2141.7796218487397,312.248653390802,3.0657706339241906,0.08069123646172026,6.166254919902393,2533.0,0.02059939762876301,69,1397
1567.1890236721233,1496.8956542221176,556.9964949456513,3.3833506461242835,0.03197175067345167,9.118185466664176,3352.0,0.014630047860377056,69,96
999.1557562076749,1664.8566591422123,116.24046508581958,1.6824683575825032,0.11627167301788868,7.609420964985931,1215.0,0.05998974327788195,69,1675
411.429528702256,1426.6569131114586,293.6842901745001,2.871610519102425,0.16929996889942917,7.2814286820124,2291.0,0.02342338241657407,69,1501
474.40917815389986,673.6566044320363,375.94475474426184,3.1400731403058235,0.072699734718875,7.347027138607107,2986.0,0.016806487610472935,69,121
477.01830910070004,2506.154729851014,365.44900168910885,3.106440579642867,0.03457637868650096,6.953436399038869,2827.0,0.017967693620020996,69,438
534.9695512820513,1920.9556623931624,368.40093223587064,2.979870740423086,0.16386425804575783,8.068610161148875,2676.0,0.019229460855949343,69,139
540.6434018950774,1228.6494106771436,283.8445216852942,2.8112981472866534,0.047409332158863886,7.150231768822987,2356.0,0.022591520422250082,69,932
598.0156645569621,1682.6743670886076,414.58224567854387,3.1540359918641836,0.1460166481393643,8.199807074338288,2774.0,0.018391261061409283,69,131
372.03758335017176,1573.548999797939,324.6467616872015,2.927355113614384,0.14502953213294367,7.347027138607107,2588.0,0.020050015189196142,69,1375
639.1463917525773,1638.4540206185568,318.1525144843256,2.9628629230916044,0.13498218553837787,7.215830225417694,2849.0,0.017797549059123653,69,1293
122.6611633710885,1907.8126319831063,341.70236040182516,2.870634983799419,0.01617075757565365,8.068610161148875,3044.0,0.016419403637689664,69,443
184.4679907443116,2209.4396451986117,340.19359590014693,3.1536987265018723,0.05079574946845631,6.625444116065337,2585.0,0.02007922479929423,69,158
265.5053044615608,1782.7822990844354,451.3829798281741,3.199876469058746,0.03308706266212912,8.462200900717114,2860.0,0.01771367946854655,69,164
314.05224395857306,1083.446260069045,285.0252939039989,2.8694253503439984,0.14613312670930267,6.691042572660043,2415.0,0.021886004509793774,69,760
346.659604519774,1407.8214906562364,603.7681944976769,3.230262165046769,0.1471902710070827,11.54532836066831,3958.0,0.012046962359535859,69,686
857.0086749447185,1908.204626637183,385.6533263202784,3.119003857882726,0.0190702731915555,7.478224051796519,2687.0,0.01913158992625332,69,1441
642.6073587839005,2052.486094316808,379.7494652267548,3.1214823006586587,0.09061853576771745,7.675019421580638,2652.0,0.019446512426335535,69,1877
908.2262518409426,1794.8882547864507,356.33081622244464,3.017621296916712,0.06560674013445382,7.543822508391226,2754.0,0.018556334253273975,69,1143
952.0142947903431,1307.4496505717916,413.0078827202709,3.248814660197642,0.04668789111188005,7.478224051796519,2916.0,0.01729867524965543,69,187
825.4902334444973,596.9996823884389,413.07348117686564,3.0660248170061664,0.020353145599500855,8.462200900717114,2505.0,0.020890811839961977,69,1249
820.1455103359173,915.4362080103359,406.18564323442143,3.167125629734628,0.03259538854720018,7.543822508391226,2632.0,0.019631167269069865,69,217
651.055910543131,740.665779197728,369.58170445457534,2.98201924283584,0.03444236708624653,8.003011704554169,2589.0,0.02004029752856415,69,1915
662.847918136909,798.309633027523,371.81205197879535,3.0033796536042257,0.08620368055258018,7.806216334770051,2635.0,0.019603245802808148,69,726
689.1441243999166,939.5750365268211,628.5644110904758,3.3069978237903266,0.003376051849013359,11.086139164505367,3662.0,0.013183955516051242,69,204
691.9509433962264,895.8851517637407,399.82259294473494,3.216013052022539,0.09209588154012856,7.478224051796519,2692.0,0.019087431720212534,69,1297
717.6711497890295,919.9512130801688,497.49869481425264,3.3454421415356848,0.00702843709905638,8.199807074338288,3083.0,0.01616899581493261,69,1365
722.5571527537236,1297.9670938690683,378.76548837783423,2.9503746833966913,0.09831970708331045,8.593397813906526,3017.0,0.016597355648925706,69,291
1185.143609550562,1300.575140449438,169.16903074568398,2.267023614216608,0.0822944471961546,6.474516977275124,2818.0,0.01783480277171383,70,1135
1216.8975924042047,2546.4072566971854,350.33670763274023,3.049328817855363,0.019403697406308092,7.306106313805874,2638.0,0.019353694066145597,70,480
1327.992162286768,642.129091747349,257.67389584788526,2.7816662502371887,0.2126225561015439,6.7121139305696245,2554.0,0.0201547110781517,70,13
1354.642857142857,1218.4063545150502,497.29042324538847,3.2210339524577836,0.03532306903473844,9.503878131779999,3661.0,0.013041414658557144,70,299
1256.0177339901477,239.88689655172413,301.4511344923969,2.965482872982196,0.03763846540413614,6.7121139305696245,2437.0,0.021387667923529176,70,1616
1138.3373373373374,1718.4794794794796,356.0390345118082,2.617795418449053,0.00992732224641359,11.6422507114305,2445.0,0.021298578521504047,70,1795
1408.1762277580071,1060.3061921708186,417.2796492234656,3.222717405127171,0.07452181876631594,7.48430402877675,2642.0,0.019317135547025806,70,1511
999.4865944095835,1665.033656588705,104.12686478131462,1.7513746536392931,0.17497952175296286,6.8903116455405,1133.0,0.06721654447976702,70,1675
1002.9704340227206,1541.5106321002038,407.83517033000925,3.2041200174042594,0.051272651427947666,7.5437032671003745,2665.0,0.019109575571973705,70,84
1013.1659477594058,1185.8544212796548,495.74604304897423,3.3156853696340045,0.05911812756048477,8.256494126983874,2899.0,0.01722642884960996,70,444
1086.8887787470262,1112.682394924663,299.60975810436446,2.8715910037716217,0.015577187251676606,6.652714692246,2282.0,0.023273858285249388,70,30
1112.4208124144227,2166.1729803742583,130.14373116706236,2.0177215777034445,0.05446490342880161,6.4151177389514995,2736.0,0.018496080467619077,70,488
1834.8407057654076,1295.4296719681909,239.022535014267,2.264888886894922,0.1437891452654681,10.097870515016249,1473.0,0.043123520504078444,70,69
1952.7751292360713,1141.6961516369902,206.82814784286225,2.632093271786595,0.15279147687632091,6.4151177389514995,2297.0,0.023076906806455928,70,1911
2067.220781496408,513.6895041177502,338.99145311292784,3.1567872536568227,0.09659751816293055,7.187307837158625,2557.0,0.020124963272656532,70,79
1680.4366952789699,1948.9279583077866,387.5206308233295,3.0388098690092042,0.02270294584566679,8.256494126983874,2814.0,0.01786596128275258,70,110
1494.4746694143912,1627.3599519148206,345.88176475846836,2.954924983639803,0.020475343654597133,7.8406994587184995,2386.0,0.021973613243622316,70,660
1532.4194343727338,1696.9337200870195,409.55774824139434,3.193085350200034,0.04334045708995874,7.5437032671003745,2710.0,0.018716114958814745,70,263
1536.4909166840675,2141.4921695552307,284.4629523318401,3.0640820603267063,0.19249958010205942,6.593315453922375,2500.0,0.020705621010578382,70,1397
1567.1718313010404,1496.1930864749972,530.9697913748838,3.3144484994606094,0.06704306410840426,9.028684225191,3323.0,0.014616511017118182,70,96
1429.6945705824285,593.9873642645607,300.85714210916063,3.152616863786683,0.08452665477784513,6.1181215473333745,2316.0,0.022832169384990386,70,54
121.43107187112763,1912.2608426270135,383.48148261732297,3.090963966208039,0.10225410486646187,8.018897173689375,3151.0,0.015573672486224037,70,443
346.3712448323381,1407.7423059255857,646.5607091526581,3.192808869876026,0.07319420680912199,13.305429384492,4008.0,0.011742348823056557,70,686
371.9121633213244,1573.4580545548122,346.2381601884101,2.979342154001862,0.07499554520055589,7.306106313805874,2628.0,0.019445698642066432,70,1375
410.12835472578763,1426.0714119019838,254.52573621673312,2.6777966874247934,0.12046505072657143,6.949710883864125,2227.0,0.02402570484656118,70,1501
475.1623188405797,672.946231884058,409.85474443301246,3.1880437870904155,0.12134449303914716,7.603102505423999,2975.0,0.016692179623587686,70,121
476.84612432847274,2507.0260936300842,309.58883014273346,2.9441592477534235,0.1685187148520629,6.8903116455405,2706.0,0.018750431932137487,70,438
534.9904179745581,1921.5109862877912,359.5435895729021,3.051298835389854,0.14370182914478105,7.72190098207125,2653.0,0.01921730809864957,70,139
314.1782671930189,1083.6605028049034,285.8885340516071,2.8170181233739715,0.09031037166997184,6.771513168893249,2379.0,0.022056552311413305,70,760
184.07596982758622,2209.473599137931,330.734958985944,3.1319749745774326,0.08764811403705967,6.29631926230425,2604.0,0.019670119802122524,70,158
271.73005093378606,1774.6317204301076,419.83381647138145,3.15414675716026,0.09965990219899691,8.19709488866025,2841.0,0.017657729499959304,70,164
540.6330460297085,1228.3984962406016,323.9040465787271,3.013205242205101,0.12117269504244595,6.652714692246,2381.0,0.022032791615512613,70,932
825.8053033578325,596.9015708315319,412.17131472763384,3.0634355804951703,0.02847206006987345,8.315893365307499,2438.0,0.02137649101095002,70,1249
904.6787564766839,1796.3112953367875,286.6013249114906,2.7833703057745223,0.04679380284562438,7.009110122187749,2513.0,0.02057026005851554,70,1143
597.6672620980838,1682.618220201364,365.7805095968827,3.0320363718006504,0.10951061760910881,7.781300220394875,2693.0,0.018862836415134632,70,131
952.2529293605625,1307.7760294609977,354.85104974533573,2.9517093150947082,0.06149902454835582,7.603102505423999,2768.0,0.018232269754755108,70,187
820.0385232744783,915.5091492776886,370.05725475618374,3.1176502655317426,0.041838014172033866,7.187307837158625,2521.0,0.02048783715904106,70,217
856.3962848297214,1907.7651947205475,364.5331255920866,3.019274349603726,0.07239964507222542,8.256494126983874,2621.0,0.019510624060467142,70,1441
638.9737328134619,1638.5267802175251,289.4524883510246,2.790223617384319,0.09761839915668052,7.187307837158625,2781.0,0.0181272338855919,70,1293
640.8882882882883,2052.822072072072,395.5989272353425,3.136987518414871,0.11191570110439242,7.5437032671003745,2674.0,0.01902956554272282,70,1877
664.6237062243017,801.0137530129023,418.9428278965271,3.1448557487458277,0.07895137834996734,7.900098697042124,2681.0,0.01896779721887829,70,726
688.2807565504078,754.5419052576783,342.31781045905086,3.0315021368328394,0.0793350813425992,7.127908598835,2534.0,0.020355299599340806,70,1915
689.8305996235547,938.9088464641032,662.7173019766841,3.3512247282671583,0.02087658798662185,11.582851473106874,3726.0,0.012776639816622474,70,204
716.9950932286555,921.4135707276041,423.6947669624171,3.1978104804348417,0.019568015827737078,8.078296412013,2931.0,0.01699736901577121,70,1365
693.3162405792818,897.1904832274272,401.95464573597036,3.180520175346157,0.049389233732816624,7.24670707548225,2665.0,0.019109575571973705,70,1297
722.1496794871795,1298.18125,370.65124713942,2.931345844750916,0.11119325940299095,8.375292603631124,2959.0,0.01680188121996799,70,291
1185.5552779512805,1300.4507599417032,317.5576535834491,2.9914514890338726,0.12701739713332802,6.942234775403322,3120.0,0.016035130864050895,71,1135
1216.3706969645582,2546.6235373918944,389.8891282909847,3.1375131025563707,0.11141105959996864,7.669516513778908,2775.0,0.01849529516804413,71,480
1327.4693618103229,641.6249682176456,260.0362797301073,3.1044205418378477,0.20473071082568597,6.545535645380275,2686.0,0.01925748305071607,71,13
1170.0622100017185,1726.6446124763704,384.732039600685,2.6813338973959633,0.11372992858859426,11.23980868398633,2634.0,0.019732597644898424,71,1795
1256.5009507346585,240.35056179775282,382.48407786388776,3.3228732451425764,0.047705461851107585,6.545535645380275,2588.0,0.02017286959344691,71,1616
999.3341404358354,1665.1767554479418,81.9183703497592,1.5105226821217208,0.20148614315519878,6.876118253732814,1187.0,0.06295035210513183,71,1675
1355.8484316185697,1218.1671267252195,526.9486777139474,3.2724085114019017,0.03971608461771137,9.520779120553128,3789.0,0.01274718801337476,71,299
1003.7249034749035,1542.4700772200772,410.98029870387666,3.1627863511811074,0.014114217440482319,7.801749557119924,2827.0,0.01807726410383714,71,84
1012.3490298154283,1185.955750118315,558.8168411591322,3.317124179973788,0.02344172962425174,9.983594772246683,3122.0,0.016022775615187394,71,444
1086.633952768099,1113.9920634920634,341.5579509498434,2.955666748990468,0.0522229902395452,7.206700862085353,2470.0,0.021397556613369294,71,30
1108.054282868526,2162.769422310757,132.7619755143797,2.0786334769444332,0.29980286838276116,6.214953037027736,2832.0,0.018038062499848476,71,488
1679.5750953867498,1949.298300381547,381.22786395214814,3.050448753826642,0.06638957673128154,7.933982600460939,2863.0,0.01779875709918792,71,110
1835.0247804265998,1295.6229611041406,210.77947108557896,2.1020841662281633,0.17443684688063513,9.454662598882619,1455.0,0.04478401923339086,71,69
1911.7219994653835,1130.6712109061748,247.3419075693698,2.7506165623125693,0.0808554859889834,6.281069558698244,2234.0,0.024354683187322337,71,1911
2067.7649527806925,511.44155299055615,315.0452257599698,2.995379442791165,0.051038597024568005,6.545535645380275,2532.0,0.0207361105802283,71,79
1408.4207149404217,1060.0369691414605,432.79875085514425,3.254083899134936,0.08405158838826057,7.735633035449416,2718.0,0.01897631075375474,71,1511
1429.6107308048104,594.0523589269195,357.3597996290948,3.1851006051520367,0.03629786905625498,6.611652167050782,2402.0,0.022173293688921843,71,54
1494.4361295513982,1627.5288674311005,328.6652292240944,2.9791740081895552,0.09718396046902343,7.867866078790431,2390.0,0.022316064790849032,71,660
1532.3692215027856,1697.1310043668122,439.07982041384247,3.2844836972737403,0.033401254698103865,7.6033999921084,2780.0,0.018454261609072344,71,263
1537.609878801738,2141.623142007775,289.1275492651307,2.910274975751318,0.13184712675396115,6.8100017320623065,2569.0,0.020360507737401563,71,1397
1567.708524173028,1496.9002544529262,519.6758603301915,3.273515435718616,0.04471097007318253,9.785245207235159,3333.0,0.014818218383040439,71,96
346.0077746365105,1406.3970113085622,654.8180306247095,3.2969456418673495,0.045497506033412426,12.297673030714456,4038.0,0.011843332709404778,71,686
371.7041176470588,1573.8011764705882,337.19426051958993,2.8879397636431707,0.05882578658167326,7.471166948767385,2601.0,0.02004646580414456,71,1375
409.73051451859396,1426.6984207845135,259.57346407841374,2.679900090138207,0.1511263970161409,7.140584340414845,2295.0,0.02351471417205973,71,1501
476.4822792245937,2507.889759154102,337.65707617128345,3.058818988573217,0.06455028356009848,6.942234775403322,2780.0,0.018454261609072344,71,438
528.895937277263,1925.226478973628,371.0459196148899,3.095446498248843,0.07518809123177414,7.140584340414845,2629.0,0.01977952015742535,71,139
540.5419161676647,1228.4168092386656,309.1608553312946,3.0222655351453303,0.039067374059529335,7.0744678187443375,2353.0,0.022768084184830423,71,932
597.7543496985357,1682.2070628768304,383.80640829729793,2.994856342690006,0.08815806002671381,8.132332165472462,2732.0,0.018855863338763816,71,131
475.2124681933842,673.7676526717557,415.7406882641532,3.205955217242099,0.07623413937420517,7.801749557119924,2958.0,0.017103401409561205,71,121
314.2608607799555,1083.0561729642352,327.2106657473432,2.9487095238650674,0.07688009451962545,6.876118253732814,2447.0,0.021653790875614427,71,760
115.55101670297749,1913.4190268700072,364.1698013611571,3.0911767988021057,0.023229886877246295,7.471166948767385,3190.0,0.01561373658116337,71,443
184.10017761989343,2208.9666074600354,372.2360170049591,3.1333308139012077,0.024394374540228296,7.0744678187443375,2657.0,0.01951959056298025,71,158
283.97111496244946,1774.5878105141537,457.7907960465962,3.1993734944185532,0.09200211564162973,8.727380860507033,2895.0,0.017558302316657476,71,164
639.2965896589659,1638.2992299229923,300.4995909924581,2.8962249242559164,0.10393808228943581,7.206700862085353,2794.0,0.018340330295721637,71,1293
856.6414922656961,1907.6404003639673,363.3102865794405,3.0824874443221995,0.05298547698819015,7.471166948767385,2723.0,0.018933117575425523,71,1441
640.8406113537118,2052.9919381928116,393.6577700262036,3.174972459340084,0.07527763794451875,7.471166948767385,2692.0,0.019204130318891215,71,1877
826.0741576656457,596.6709656617766,410.12078392216006,3.09349710310816,0.047584744990338025,8.330681730483986,2527.0,0.02078793325928613,71,1249
907.7579083279535,1794.1518721755972,409.6579682704665,3.173969132119313,0.07132587277675964,7.801749557119924,2706.0,0.01908078288683378,71,1143
952.1737555135476,1307.1143667296787,419.7076795643837,3.211485963225977,0.05049682974565755,7.6033999921084,2937.0,0.01725239321184581,71,187
664.973643649815,800.5366831072749,428.9639925982548,3.238205383548413,0.045707367231781974,7.933982600460939,2725.0,0.018915895310255122,71,726
819.9231323132313,915.5110711071108,367.277277879671,3.0286064857826234,0.07357513797061536,7.867866078790431,2610.0,0.019959879444042972,71,217
689.7956175298805,938.8746015936255,663.8098775718986,3.3643757079705696,0.03155824930579123,10.909226075633791,3776.0,0.012798181799869489,71,204
694.675222629649,897.2650602409639,378.64931960699835,3.1871928102060316,0.13693516124615987,7.140584340414845,2662.0,0.019473891772816693,71,1297
706.0234848484848,750.1324242424242,436.36904302535163,3.2093377019018248,0.02914589793898365,8.000099122131447,2684.0,0.01927533323307688,71,1915
717.3570934256055,919.4658823529412,477.69186906941906,3.257017975075575,0.0411699308956954,8.925730425518557,3024.0,0.016651452047630442,71,1365
722.1632348057124,1298.8729657920956,398.1536934997981,3.0122632119257036,0.08219210338970556,8.661264338836526,3057.0,0.016434317481191514,71,291
1176.4802095459836,1737.454404346139,316.59090335576946,2.636384620073341,0.06708880246433348,10.135331597536274,2476.0,0.02115817407916363,72,1795
1185.7454413892908,1300.267004341534,424.4554020543979,3.248109769804653,0.06780217708684932,7.494002756966215,3225.0,0.015287556720041218,72,1135
1256.7977447646322,240.59173080365133,343.18847051778886,3.2462890655844396,0.02956773872709188,6.449756471159447,2501.0,0.020890410893553965,72,1616
1328.2389965792474,642.6985176738882,269.35411548603975,2.9525321061902745,0.0447716098836372,6.142625210628045,2463.0,0.021300141836899395,72,13
1216.6029086310464,2546.185109073664,388.58247082433013,3.1607526407123094,0.07275150213111792,7.186871496434812,2718.0,0.01882276644833519,72,480
1355.6834101956874,1218.2608749844198,492.82282064868804,3.206915592217097,0.020149238054663458,8.968232807516946,3686.0,0.013057636740825797,72,299
999.4872086412735,1665.031267765776,108.04877745494731,1.7226709565553744,0.1882812961489016,7.186871496434812,1136.0,0.06760207853246837,72,1675
1004.0771098967821,1542.5321797207043,404.6761488761756,3.142101053202575,0.030758859332456395,7.739707765391336,2719.0,0.01881418511927372,72,84
1013.1220146606763,1186.0750768503192,519.54324031492,3.281017294330223,0.03777494778686881,9.213937815942067,2934.0,0.01713466510765198,72,444
1087.1977639296188,1114.3687683284456,335.1416314918661,2.987357280115919,0.03090808231533822,6.81831398379713,2362.0,0.02247159081189792,72,30
1835.2541914548406,1295.7020010816657,227.1542802890251,2.18790124188459,0.13173123991771693,9.64392158068603,1477.0,0.043373619871314315,72,69
1679.5027837921434,1950.6296009897928,397.1821461192094,3.117504930790725,0.07345277423983912,8.046839025922738,2945.0,0.017056762749556205,72,110
1871.2962571368155,1125.7382110382746,290.48474621060024,2.979630572839973,0.07013330274825409,6.326903966946886,2284.0,0.023468365386177813,72,1911
2067.31855760774,511.10272647317504,349.20824322420435,3.0963138069086473,0.03209269385161434,6.94116648800969,2580.0,0.02008711183072173,72,79
1408.344022054556,1059.2169181659895,423.34972951648484,3.165258670190555,0.10615576473232993,7.985412773816458,2785.0,0.018264611992301834,72,1511
1429.7420814479638,594.9430275606746,298.65443774073555,2.9988685649229874,0.128254879148376,6.449756471159447,2382.0,0.022229499508870692,72,54
1494.6590208172706,1627.390902081727,318.679395927383,2.868856783530711,0.05843906124907608,7.678281513285056,2370.0,0.022374124273843183,72,660
1532.757180156658,1697.662360862993,446.9988365774028,3.25411336824405,0.00886917591356657,7.801134017497617,2789.0,0.018232334601999443,72,263
1537.6096183800623,2142.0630841121497,315.4852308178564,3.079394638490472,0.1604115146878298,6.511182723265727,2539.0,0.020496145673811257,72,1397
1571.4883103081827,1503.7094845908607,462.41682585607924,3.227287184576576,0.04023065879991817,8.599675294879264,3229.0,0.015264937439303366,72,96
346.1773466948607,1408.545003217799,668.1333441600125,3.1504518822875514,0.07010846199308018,13.759480471806821,4208.0,0.01120667459693578,72,686
372.2573832700874,1573.6276192047517,372.3045140161658,3.0829964618262315,0.08421846192594064,7.555429009072495,2601.0,0.01988386522924559,72,1375
409.78554527855454,1426.9264357926436,285.5706460420978,2.880385899434708,0.16168114017818386,7.002592740115971,2300.0,0.023256754685498662,72,1501
475.19497471039324,673.8136727035405,376.48149915939285,3.1515534450983287,0.1373142660785594,7.616855261178776,2943.0,0.01707087408295244,72,121
475.7226317729451,2507.1183192038334,333.2988439286777,2.9739934319504115,0.06571273707627681,7.186871496434812,2854.0,0.017723369938537594,72,438
517.0019649582447,1918.0897330931718,375.1301216130547,3.0887213812117906,0.09675847628331584,7.309724000647373,2634.0,0.019572657597402728,72,139
314.5762913120918,1083.233920443301,310.3868518930351,2.936156878897066,0.04643006927354457,6.94116648800969,2420.0,0.02178360842071568,72,760
951.8879339979375,1307.794431075971,357.37793475433966,3.0614762198807215,0.08989091086778131,7.002592740115971,2773.0,0.018362133527021478,72,187
112.80175551273817,1917.6812245771782,286.922023588436,2.8834863766690284,0.15656709459475668,6.572608975372008,3248.0,0.015158403549643701,72,443
540.4398504508467,1228.8031669232462,279.3051683272572,2.7000150689085807,0.011805391087725733,7.371150252753654,2384.0,0.022205576961036998,72,932
280.29513133679103,1772.649155094529,367.14470883923826,3.0581613230170603,0.02061625711587881,7.555429009072495,2725.0,0.018762861010808502,72,164
183.8267845448592,2209.0263588736084,375.191547865161,3.192497959592759,0.08943986229645352,6.695461479584569,2626.0,0.019647203920585662,72,158
819.9795816733068,915.5418326693227,370.0317426882334,3.1218875602607827,0.059586730976467994,7.186871496434812,2535.0,0.02053694506863805,72,217
825.1405323193916,597.9177186311787,403.87760759879393,3.0479314184474253,0.05154950403216178,8.23111778224158,2430.0,0.021669226097822018,72,1249
599.9797525309336,1682.4473726498472,382.25556685738326,3.0954861312172883,0.009875064632711374,7.985412773816458,2690.0,0.019066262965047025,72,131
856.8669125041904,1908.2889708347302,366.46902006606916,3.0499803530854384,0.026043718125708142,7.555429009072495,2636.0,0.019554109322556523,72,1441
906.5226841469726,1798.576505088839,356.08798346010775,3.081409363256385,0.043367703177274265,7.432576504859934,2630.0,0.019609859912819768,72,1143
639.309111660643,1638.203918584744,322.9178073227163,2.909221954352096,0.09084126698358089,7.248297748541093,2804.0,0.018112303740404026,72,1293
641.1798964624677,2052.256830601093,427.15815714707423,3.211394904593182,0.0874619441660408,7.862560269603898,2742.0,0.018618951698612114,72,1877
665.0650383810189,801.0549895324494,440.1190963414994,3.316940383865624,0.05098833019687696,7.432576504859934,2699.0,0.018987312032354875,72,726
689.9139541466176,939.646004340032,651.0568460744664,3.309633646642511,0.021298769488771876,11.425282891768163,3708.0,0.012967370599942137,72,204
694.86007183478,897.1055073331338,410.45021657416595,3.184254888956749,0.0446898733159376,7.432576504859934,2680.0,0.019154759849059795,72,1297
706.3172918846211,752.2418173666118,411.0030528431225,3.1605521388120077,0.0767799185739228,7.9239865217101775,2714.0,0.018857170188178715,72,1915
717.334595959596,920.8036616161617,486.49591668174116,3.276889538953831,0.006009339394227525,8.661101546985543,3022.0,0.01653066863472074,72,1365
721.7494671257583,1299.3695687817676,374.6387115962045,2.966667311458246,0.07637420706036974,8.23111778224158,3018.0,0.016557197760395805,72,291
1175.8052098888336,1737.2017587522814,357.14313759276496,2.707706434063313,0.0944739311758023,10.251495404604006,2528.0,0.020552045850167122,73,1795
1185.673817161187,1300.6581796311148,295.5749079662704,2.8486972782025846,0.1260620799406211,6.873835068983032,3064.0,0.01621416335580837,73,1135
1216.9433601224646,2546.2145044010717,309.6781212974597,2.9423273901323945,0.13986476456059682,6.873835068983032,2586.0,0.019973806967520366,73,480
1256.4337502265723,240.54014863150263,326.92196616878783,3.1818772666467865,0.07183258723443874,6.577549074630316,2440.0,0.021496245272994065,73,1616
1328.6443040731867,642.7349161402744,272.0498000146647,2.798621187102681,0.118767505559335,6.696063472371402,2364.0,0.022384392369676962,73,13
952.1035102040817,1307.5551020408163,362.95034308207823,3.155455269716824,0.06364540002604656,6.873835068983032,2737.0,0.018610600693195752,73,187
999.5939907550077,1665.2858243451465,76.91584413396531,1.6364492359052618,0.14618307576848252,6.044234284795425,1137.0,0.06722890231350356,73,1675
1013.0075033280891,1186.0861672516035,489.6422342673,3.2157861257602276,0.04562206921557703,9.066351427193139,2879.0,0.01748817738967273,73,444
1087.8753971856559,1115.3667725828416,261.0872182236142,2.713970848532054,0.08488608854555743,6.636806273500859,2270.0,0.02358987861427708,73,30
1355.6731027740439,1218.3245753391177,484.9016583576565,3.2027690268080558,0.03670042317443598,9.066351427193139,3617.0,0.013314717399826268,73,299
1835.2227722772277,1295.7985930171965,227.42912926514552,2.132162697748862,0.12393434709292346,10.014466609121833,1480.0,0.0430945417445975,73,69
1845.1255958549223,1114.022176165803,285.91598455037183,2.852469160373312,0.04225257874013532,6.518291875759773,2310.0,0.023061391270426224,73,1911
2067.4889517412057,513.9936362029345,335.2179740106639,3.2597740600227234,0.0616356920526663,6.696063472371402,2571.0,0.020120209298378815,73,79
1408.6137450471376,1060.642710752835,433.70343853350704,3.1703038680318762,0.08211067447782525,8.23675064300553,2732.0,0.018652754495956107,73,1511
1429.7214587737844,594.1745947850599,336.34386078920426,3.085634723853202,0.025415801486602753,6.459034676889229,2345.0,0.02261801602123654,73,54
1494.5917170280838,1627.5398151439745,333.3810008456771,2.939912528232433,0.10879299468215595,7.821950250911727,2387.0,0.022107962320419505,73,660
1532.8966173074311,1697.3002309468823,436.19224088606984,3.258358463664488,0.04245700756076925,7.762693052041183,2756.0,0.018452139069852234,73,263
1537.4560764679109,2142.6242603550295,260.37613183716763,2.8262940571365807,0.04768483145854741,6.577549074630316,2480.0,0.021056528767746194,73,1397
1588.3108345902463,1533.400703871292,471.4502742140432,3.279102594619942,0.01606649284946662,8.473779438487703,3733.0,0.012833332163063463,73,96
1678.8074477747502,1949.840902210112,391.4530557388096,3.047584075152914,0.0567376101011776,8.118236245264443,2899.0,0.01734087528575855,73,110
1003.9570383912248,1542.7794028031688,388.96425338624675,3.087737931433213,0.10077105932294218,7.70343585317064,2737.0,0.018610600693195752,73,84
346.1614231881518,1407.3848041363597,676.1838963117706,3.2140504133556496,0.07093762994218625,13.629155740224979,4100.0,0.0115160673661582,73,686
372.0772364347401,1573.7399380804954,363.6614294685248,2.99410098425671,0.05916820558918086,7.88120744978227,2626.0,0.019593618553162866,73,1375
409.72205438066464,1427.2665582151988,254.9837267399482,2.789167652428494,0.11231928048544142,6.933092267853576,2248.0,0.02389100316311948,73,1501
475.46770567960436,673.6580248763674,395.423288063136,3.2145657931396423,0.07325988955470508,7.407149858817923,2925.0,0.017153052118591732,73,121
475.1309608540925,2505.520047449585,249.76909323934038,2.881857184242088,0.19089076817753825,6.399777478018685,2819.0,0.017945491441272693,73,438
517.7883720930232,1920.993488372093,382.20893271500483,2.9955781365360883,0.08415707321402323,8.296007841876074,2696.0,0.01896199248079729,73,139
540.686523024926,1228.6928601605407,280.52357945315237,2.6951896625802156,0.0719369044883844,7.34789265994738,2386.0,0.02211983897337832,73,932
314.24897159647406,1083.6695396669932,302.508000234124,2.8500906389697156,0.07916509199831462,6.99234946672412,2416.0,0.021769002183742746,73,760
905.5337632776934,1798.844081942337,312.40395244550473,2.9077887139295115,0.01521687600464743,7.17012106333575,2509.0,0.020748818814843806,73,1143
184.05625837178152,2209.068909063849,398.149119211181,3.3115051530875554,0.02353047270666822,6.99234946672412,2655.0,0.019326909080895602,73,158
819.8757239781565,915.3989740195267,358.09125277469366,3.062534299064618,0.029988310740757387,7.17012106333575,2527.0,0.0205623092284386,73,217
825.5508602475098,596.9483851494114,392.63819971622047,3.0375455165092884,0.028307461196601037,8.23675064300553,2425.0,0.02166591103536694,73,1249
857.1883986928104,1907.5299019607844,362.6540570877255,3.0434221364532386,0.05509265916639689,7.407149858817923,2582.0,0.020012638862791317,73,1441
630.3706691979118,1699.6812213257397,374.56475406070473,3.0890388554478716,0.06293448215506688,7.762693052041183,2671.0,0.019182843985707625,73,131
639.332377675841,1638.5468272171254,310.033664490683,2.894685629384711,0.11596574239503994,7.466407057688467,2772.0,0.018320775799639425,73,1293
641.174190738859,2052.1463202206414,408.22284301917335,3.2043663055188993,0.03654737336620301,7.2886354610768365,2684.0,0.01906736302934385,73,1877
665.6697262743812,801.1242419275528,361.5281703091852,3.002621375629848,0.11679032114469762,7.644178654300097,2643.0,0.019436385996864168,73,726
689.904989280842,939.509647242253,608.0973748095162,3.263444225480805,0.01659160524459669,11.495896580885416,3609.0,0.013349251029670542,73,204
703.9101528699164,752.9463513123738,410.88941696834786,3.1610688863392853,0.038668001594422546,7.466407057688467,2678.0,0.019120488680109234,73,1915
717.9962135092219,920.1458409673874,485.1386871531387,3.3257456084987926,0.06824778661157119,8.058979046393901,3001.0,0.016626643520117168,73,1365
721.0381111448527,1299.6246583662314,390.26791176139875,3.0615460269790598,0.03608708961192262,7.644178654300097,2925.0,0.017153052118591732,73,291
695.2758127902822,895.5185780635942,331.72179927730184,2.9867816449312183,0.03128206649115727,7.17012106333575,2560.0,0.020228942392477613,73,1297
1216.5826429980277,2546.358382642998,310.76850526769226,3.0489432967545422,0.15842458982279847,6.681216385439538,2601.0,0.01949917988802581,74,480
1185.5817834173474,1300.597601251521,352.63337491223547,3.0559985948598136,0.07975214649762588,7.416763143469579,3130.0,0.015541064616848914,74,1135
1175.4245080500893,1737.8474060822898,342.64219811566073,2.6597106652600453,0.02556790761620806,10.420245738758913,2459.0,0.020930086771608597,74,1795
1256.9881809787628,240.85263157894738,331.91547456105593,3.254260649216325,0.07664549913133957,6.497329695932028,2467.0,0.020843912837932965,74,1616
1328.9714285714285,642.8924066924067,238.13326291222575,3.07474455102437,0.23610356421741066,6.436034132762858,2357.0,0.022094737494457815,74,13
1355.7771177379113,1218.448853510752,515.9247551949045,3.242999973751051,0.03771638262908296,9.745994543898043,3662.0,0.012906360530695677,74,299
999.2517938682322,1665.0502283105022,93.96609833833773,1.664839180736955,0.24910155610335188,6.436034132762858,1165.0,0.06317846102877461,74,1675
1003.806524694155,1542.7294970548255,405.83792374307507,3.1906637705629475,0.08811060707933233,7.478058706638749,2665.0,0.01891631419664537,74,84
1013.308069659063,1186.018886436105,499.80402208141277,3.296187434988105,0.06887398129364501,8.642674406852981,2867.0,0.01728549655053261,74,444
1087.8297018348624,1116.4030963302753,320.69838650109784,3.0391180516903407,0.013454533335917243,6.865103074947048,2305.0,0.022739819391800652,74,30
1835.2866076081293,1295.6602397081813,235.25237144327474,2.2159354648470377,0.12464356499871782,9.623403417559702,1458.0,0.04336026109165688,74,69
1843.3045558958652,1114.6129402756508,320.20802199574445,3.1087056045865373,0.05853487951621346,6.374738569593688,2329.0,0.022437470898137656,74,1911
2077.155056880162,543.4199781829516,393.33362885656436,3.3093809834132073,0.021809832562128376,6.742511948608708,2629.0,0.019239815152935286,74,79
952.183065198984,1307.5060118543606,361.9503005139493,3.10169165282906,0.07941852134564359,7.110285327623728,2779.0,0.01796003605617787,74,187
1429.7141765380206,594.8353076041269,320.82097762743615,3.11841204703142,0.13665360027481113,6.190851880086178,2366.0,0.02198678597531064,74,54
1494.66922070641,1627.5823210614838,327.9925585182291,2.9236212483003614,0.047122739896458016,7.7845365224846,2374.0,0.021891710809342393,74,660
1408.703376322272,1060.520649181278,423.0006814304427,3.20295925333961,0.04191033282827779,7.907127648822939,2680.0,0.0187847105452091,74,1511
1533.2091910698753,1697.662220933604,422.81679474093517,3.2345042860112265,0.050899911632318905,7.5393542698079195,2772.0,0.018015960066683025,74,263
1537.489447236181,2142.209849246231,304.9454267666211,2.9736531514833118,0.16199486603036803,6.926398638116218,2543.0,0.02005931937106086,74,1397
1587.471286060933,1570.3920194122404,454.69048758890364,3.2426784610949433,0.01902296240796503,8.27490102783796,3393.0,0.014116449205206211,74,96
1678.664331210191,1950.466560509554,384.93613670238807,3.1054195486678458,0.10632975655416971,8.09101433833045,2852.0,0.017396869540583088,74,110
314.573199070488,1083.8100309837334,316.5302882055943,3.041253920122669,0.038552464018852345,6.987694201285389,2424.0,0.02131562983768203,74,760
346.7131890492046,1407.9508879023308,662.7276289850669,3.187360582139576,0.07513694923211785,13.362432770879076,4068.0,0.011427833151702097,74,686
372.0519321559713,1573.9512152474208,350.5493257644837,2.9486483369863636,0.05665802841723794,7.478058706638749,2614.0,0.019377896315838142,74,1375
409.49665924276167,1427.3149220489977,275.2170786295736,2.792050439554341,0.046098579694403494,7.171580890792899,2232.0,0.023711689032397103,74,1501
475.2500380459595,673.6944148531426,402.77314558461654,3.200807423626275,0.0788878822564219,7.478058706638749,2943.0,0.016742434185870965,74,121
477.1469465648855,2506.8684941013184,353.3076261070963,3.0288630050565866,0.06960727166091019,7.232876453962069,2839.0,0.017494560222815564,74,438
515.9760625305324,1920.0402214623025,376.4160534218734,3.0408926602738884,0.040999443108007357,7.84583208565377,2704.0,0.018577911611445553,74,139
540.4686765857479,1229.2055599060297,313.0977366681207,2.846091166074427,0.041475508949142266,7.5393542698079195,2387.0,0.021738955126924427,74,932
183.9363234571943,2208.9941070551645,374.45459540046,3.182427401268988,0.07595347621238957,7.048989764454559,2649.0,0.019058739227860503,74,158
819.9166125892277,915.6361129136924,377.82585137476434,3.132458652497133,0.07013047742759916,7.478058706638749,2553.0,0.01996045896953467,74,217
825.7579306255559,596.8151497183516,413.49986913922135,3.024311022331929,0.013960569972222343,8.826561096360491,2456.0,0.020962585980874707,74,1249
857.4251797358302,1907.664938973416,366.6087633148062,3.0770086029809742,0.07539944800888533,7.478058706638749,2606.0,0.01945235312377667,74,1441
903.6489396411093,1794.1779771615008,375.74180222701256,3.110761198893544,0.044425918064915415,7.60064983297709,2566.0,0.019833387972705854,74,1143
641.9055793991416,2052.14193746168,399.8922541156656,3.1297802188446076,0.10251226764062776,7.7845365224846,2709.0,0.018535400298307123,74,1877
652.060543107286,1721.4045110550526,413.07080019703716,3.1460704555795544,0.09340488105718123,8.27490102783796,2805.0,0.017755323353521778,74,131
665.5997762550692,801.1306111033422,438.3245722227352,3.1980713667877305,0.060787346358020126,8.33619659100713,2765.0,0.018072233437708602,74,726
690.435,939.5812,612.9556316917008,3.2750877850830196,0.05349298655390948,11.523565875803975,3635.0,0.013018371322022685,74,204
639.4555338116982,1638.250271798217,281.89829501501316,2.823887789611133,0.08409853250436712,6.987694201285389,2762.0,0.018096458356175106,74,1293
698.405100720754,892.6630936980225,331.67029230837926,2.907779889310633,0.0540296584185544,7.661945396146259,2564.0,0.01985283194633041,74,1297
705.8653303218521,753.8502258610954,434.2177694904008,3.20504349161963,0.11158963022138077,8.09101433833045,2722.0,0.018425776015929343,74,1915
718.0640276301807,920.5751859723698,461.43299953751233,3.2440168092117614,0.059991741924001765,8.33619659100713,3004.0,0.01633063344827014,74,1365
720.1453996504052,1301.4978547592564,385.7329790235873,3.109194496638105,0.07326471957801843,7.84583208565377,2945.0,0.016728603492997388,74,291
1185.5924285138944,1300.418042690294,311.1233402389766,2.9174437527988553,0.08370018922572983,7.079528281716543,3109.0,0.015686046923636576,75,1135
1216.2252881025809,2547.011361791917,385.990918085448,3.1672524993661484,0.08701115404850117,7.142178974475097,2686.0,0.0187544304953383,75,480
1328.838769068911,642.3561283534982,238.19793386802033,2.769555309487303,0.25936454971740674,6.578322739648116,2305.0,0.022765474807557657,75,13
1355.1073816346022,1218.4460362941738,459.16692722743846,3.1391958231615624,0.03404481127600683,9.334953221024469,3531.0,0.013485002173185611,75,299
1408.4453781512605,1060.1632430750078,402.5933516664647,3.193787737474865,0.1317831020758852,7.3927817455093106,2606.0,0.019474909288387,75,1511
1429.9079064786722,594.9596644654649,351.03183152617515,3.107681351731783,0.056807497395510824,6.578322739648116,2335.0,0.022388446620174477,75,54
1256.8568747067104,241.06992022524636,267.01725253695497,3.1380709745919906,0.2811241772794237,6.327719968613902,2420.0,0.0213849784628097,75,1616
1175.2994389901824,1739.4151472650772,357.35955149478906,2.6895204659206238,0.05890503780889923,10.337364305161325,2461.0,0.020932430899264335,75,1795
999.0675808031342,1665.3447600391773,63.966357306483104,1.34790438428958,0.2750645451897766,6.578322739648116,1103.0,0.06999048961770817,75,1675
1005.5569620253165,1543.435917721519,395.952378234058,3.1790204286974864,0.017386576837439962,7.706035209302079,2605.0,0.01948426574436578,75,84
1013.0896365422396,1185.9850196463653,510.2272418256596,3.2993644086372633,0.03867369147968053,8.83374767895604,2862.0,0.017342900318261915,75,444
1089.0997643362136,1116.827965435978,319.0173275265543,2.911229173808753,0.11071509600298651,7.204829667233651,2295.0,0.02289398869698814,75,30
1835.0008312551954,1295.9645331116653,226.10635016561952,2.1136325378005014,0.11735210357922761,10.086761534127112,1470.0,0.04285037743690777,75,69
1841.461127108186,1113.8163307280954,304.60766819208703,3.0042818750132474,0.037656946711159496,6.390370661372455,2315.0,0.022638395672643065,75,1911
1678.0230950775456,1950.4045853000675,371.64390944373923,3.1063146700551547,0.07354280371279744,7.768685902060632,2810.0,0.017737325931016585,75,110
1494.4941923774954,1627.839564428312,345.20531709962967,3.0004536862029716,0.11629894317546144,7.3927817455093106,2381.0,0.021833990973278133,75,660
1533.0247130317352,1697.3713706954761,463.92837987708856,3.3109194661009314,0.018581849178493114,7.831336594819185,2799.0,0.017823072211294606,75,263
1537.6897991129663,2141.8734672580226,240.1401053435355,2.925012905218587,0.24152667157933436,6.453021354131009,2465.0,0.020889303278133185,75,1397
1571.0192172486525,1595.4210217951722,534.6610120014955,3.371029332799801,0.04665170908207741,8.896398371714595,3422.0,0.013992124910708063,75,96
372.0166270783848,1573.5790634543603,369.26318311891424,2.989093396820659,0.08497758719943185,7.893987287577739,2636.0,0.019198334779619526,75,1375
409.28381171067736,1427.105625717566,272.8437669635004,2.761387028970366,0.07991681783032369,6.954226896199437,2266.0,0.023275020677719763,75,1501
477.4509720145268,2508.046998504593,293.2678928027889,2.9043352813713232,0.1165821945574774,6.828925510682329,2701.0,0.01862523458036638,75,438
518.7297613086296,1921.8803204807211,375.34030031649394,3.0046978184397966,0.09651849471850664,7.956637980336293,2690.0,0.018719803321718083,75,139
540.2683544303798,1229.1417721518987,247.47023639628625,2.585059311808845,0.16097157586219782,7.3927817455093106,2346.0,0.022253313060938893,75,932
475.5535,673.6251666666667,375.9041565513209,3.1559467676119,0.08215788658756705,7.455432438267865,2887.0,0.01715945061790579,75,121
346.85162301733675,1408.5539468830689,679.384112273754,3.1623068215763426,0.06356252499105591,13.908453792398873,4218.0,0.010977397646400947,75,686
314.2002588757396,1083.584874260355,338.8149464382572,3.0271820825557794,0.05194940455268657,7.204829667233651,2452.0,0.021030122193368212,75,760
952.515871507318,1307.5280364949629,329.6052946027499,3.053224868013951,0.07189255600460277,7.01687758895799,2786.0,0.0179254837033312,75,187
183.76356329537845,2208.974212993972,374.1499371540814,3.1310407121368242,0.03939915723605653,7.079528281716543,2664.0,0.01894719334560724,75,158
638.715092634433,1638.3515589697245,277.29196614935773,2.7683985853773305,0.09729425181046392,7.204829667233651,2716.0,0.01849780650215237,75,1293
819.6994736842105,915.5087719298245,357.10894872375485,3.0870129774276975,0.055980036123114106,7.643384516543525,2468.0,0.02085707400707967,75,217
826.282527301092,597.4801872074883,401.59094058232785,3.0808400904666446,0.017662391335173565,8.26989144412906,2401.0,0.02160139785092409,75,1249
857.9945901639344,1906.3262295081968,382.16922582717626,3.1626146062302603,0.07977676367490763,7.204829667233651,2589.0,0.019635201201227387,75,1441
906.8678247734139,1793.5995090634442,331.7980688492992,2.9872905506222285,0.11123407955036436,7.706035209302079,2494.0,0.020581864560491298,75,1143
641.8212832550861,2052.4266040688576,400.33792672715674,3.203528961797705,0.025046770604030526,7.3927817455093106,2672.0,0.018876640996093395,75,1877
648.0063421828909,1719.8570796460176,424.77169690299263,3.1586375465447882,0.0968456567627342,8.0819393658534,2777.0,0.017997076155544127,75,131
689.9361483007209,939.69526261586,608.3382266855543,3.3194337735109323,0.025413174700806864,10.650617768954092,3531.0,0.013485002173185611,75,204
706.1698984302863,751.9792243767313,407.1042015450805,3.151870472127406,0.040358687699546605,7.768685902060632,2610.0,0.01943757315267146,75,1915
664.6215230278158,801.235142118863,412.17890765852337,3.1659525918676494,0.12675962501693086,7.768685902060632,2728.0,0.018397112631278426,75,726
717.8490009387153,920.3091055384202,467.18621590053334,3.2750821877416123,0.0558228581412914,8.019288673094845,2952.0,0.016700158265919664,75,1365
719.4112101474117,1302.4658896126157,365.50414155340104,3.049387783692133,0.12158839990716173,8.144590058611954,2914.0,0.016965634830784865,75,291
710.2915465898175,863.776176753122,260.8774846466167,2.810967268338347,0.04347266658458728,6.265069275855348,2418.0,0.021407555023003566,75,1297
1185.8663226236058,1300.7432994839355,365.3416666372463,3.064616802227986,0.12460105257496339,7.176679983884646,3246.0,0.014964227493538375,76,1135
1175.5713545266067,1740.4080856945404,352.0222351417316,2.703404646513722,0.046092442534704764,10.704200653929641,2490.0,0.020721233291251136,76,1795
1216.1461861115426,2546.9184402672054,391.49397505309713,3.1199419217596054,0.06779710498957427,7.480776593371283,2715.0,0.01859241368466012,76,480
1328.3659318637274,643.0038076152305,303.48841626766426,3.0837020668141317,0.09254806191791572,6.507667443014043,2411.0,0.021589160733950872,76,13
1257.5899357601713,240.89807280513918,284.02623326051946,3.1282028554627104,0.21760090036266247,6.386028799219388,2494.0,0.020679139985506852,76,1616
1355.7860754570206,1218.401270582134,469.09942979408703,3.131232278844677,0.04593064213949379,9.548633537880418,3596.0,0.013258806002033064,76,299
952.5051313271873,1307.6980344407723,349.65028158773583,3.110114573946085,0.04413297084818781,6.629306086808698,2789.0,0.01798473161250209,76,187
999.4002859185132,1665.5739814152967,85.08623133436117,1.6724227502671538,0.19452853018055877,6.32520947732206,1135.0,0.06674378562945305,76,1675
1006.777104959631,1544.140570934256,421.8428166798636,3.21954723976303,0.041296154125821716,7.4199572714739555,2711.0,0.018626433381397352,76,84
1013.1021555763824,1186.0444001874414,519.1537317155876,3.327750322937226,0.031161354426720272,8.75798235321516,2938.0,0.016874230073029173,76,444
1088.874402125775,1116.5953941541186,343.32507211041377,3.0101393462708854,0.02338580254570733,7.05504134008999,2361.0,0.02217707639011622,76,30
1677.0140382317802,1949.9371266427718,407.246179424505,3.1874202030445535,0.13234282934718383,7.845692524755248,2874.0,0.017333964266455032,76,110
1835.3108142820447,1295.840996660673,236.76962014629598,2.2240887500379136,0.11261671403852132,9.791910825469728,1464.0,0.0433604842733572,76,69
1841.5632468067572,1112.947053976102,295.2169884896277,2.945844111254381,0.052321931184642366,6.264390155424733,2294.0,0.023016985934744383,76,1911
1407.7309560149854,1060.3317607881227,438.3248529140393,3.2210973742986213,0.03223313836369086,8.02815049044723,2696.0,0.0187551236965538,76,1511
1430.461378305226,595.6098271913387,292.115203072864,3.0342276744962207,0.13892668442326467,6.507667443014043,2331.0,0.022545450788468868,76,54
1494.885880428857,1627.9783754315827,334.6887284009932,2.8777565615507874,0.11020943899156549,7.967331168549903,2509.0,0.020522801698144733,76,660
1529.8150851581509,1600.9165652879155,599.9217911952385,3.363594392073407,0.05207567062630969,10.21764607875102,3534.0,0.013531994806292007,76,96
1533.2499636891794,1697.3423384168482,418.74103126309984,3.2156118807484755,0.11238848509623071,7.54159591526861,2781.0,0.018048505098004534,76,263
1537.6714608588452,2142.4111362235462,296.00763967429293,2.9294491782903043,0.1427475185473472,7.237499305781973,2532.0,0.020287621587926116,76,1397
372.17511520737327,1573.9205069124423,369.5381998481619,2.968814207926288,0.1321483456896809,8.088969812344558,2642.0,0.01923350827434976,76,1375
409.51854395604397,1427.3005952380952,265.65879804752655,2.785937344314636,0.08973738174710086,6.629306086808698,2264.0,0.023414041288250732,76,1501
346.65312876052946,1408.480044123546,606.4902779601499,3.2371812056235774,0.06583877878118695,11.494851838594897,4014.0,0.01167036816335582,76,686
474.84445212582096,2507.180089872105,351.90059649793693,3.0806645868347866,0.099496022556447,7.115860661987318,2803.0,0.017874205799042444,76,438
518.5830235439901,1920.2180916976456,392.64954216914634,3.1575718872336584,0.05267334016805452,7.298318627679301,2669.0,0.01899130387640231,76,139
540.6803594351733,1228.5813313772235,331.6477623061269,2.9770193845384756,0.02419919786750024,7.237499305781973,2440.0,0.02126223608746519,76,932
475.78482994165364,673.2796356909065,427.3773749725204,3.2202707543500195,0.10011664917650064,7.724053880960593,3002.0,0.016438252101962758,76,121
314.41248402993244,1083.7683883920424,333.2290646754574,2.9862799976104872,0.05725609886457188,7.176679983884646,2433.0,0.02134023907303734,76,760
184.1726820161792,2208.9270379589298,390.9466011560212,3.204282099160726,0.025944278983210493,7.05504134008999,2681.0,0.01888560462985817,76,158
639.3414111087283,1638.5314175423548,283.6004980072382,2.8267206371286253,0.10591354411307377,6.690125408706026,2769.0,0.018145017883952314,76,1293
820.1060452549814,915.4954407294833,360.17202427597346,3.0447523244633916,0.0322077018825315,7.237499305781973,2523.0,0.020379003778388256,76,217
826.4957906015613,598.220878616256,397.3326299552406,3.0428090094002167,0.019452596704423643,8.393066421831195,2442.0,0.021240054147762734,76,1249
858.0187745349035,1907.7984297661717,356.34040699644186,3.0256625549736014,0.08022178019344896,7.4199572714739555,2621.0,0.01942620338884207,76,1441
905.1512670565302,1798.0497076023391,312.0031213332901,2.945939154984925,0.09211993655513637,6.81176405250068,2524.0,0.02036880956859816,76,1143
642.4468247895945,2055.5389441469015,397.45426859903523,3.1652038930808697,0.029567563412961725,7.480776593371283,2678.0,0.018911918984053224,76,1877
664.8574057037719,801.2947824944146,462.77422031676497,3.290148259335107,0.02861149975897531,7.845692524755248,2741.0,0.01837427916321735,76,726
690.6587775061124,939.7944254278729,621.8775664001737,3.3248122545667687,0.04852984561202449,11.19075522910826,3657.0,0.013000578847354716,76,204
704.5344773299748,751.7426007556675,386.3243326918243,3.095407746709294,0.05770727337149811,8.149789134241885,2661.0,0.01906242981272597,76,1915
717.9919312857886,920.581598125976,467.33566945906455,3.2868065573034175,0.020991702253342057,8.088969812344558,3007.0,0.016405138188988352,76,1365
719.4964581763376,1302.1464958553127,403.536200788768,3.103052924605264,0.09533030712595623,8.271427778036541,2972.0,0.016639777306305507,76,291
652.8654624277457,1720.5134393063584,420.86970752950634,3.1565602849256567,0.0395872634831233,8.088969812344558,2786.0,0.01800859378533411,76,131
724.0038553332109,858.262897007527,331.2828463747429,2.967698323524969,0.042424753662949156,7.298318627679301,2519.0,0.020419882862477732,76,1297
1175.3547791029732,1738.1444649756424,389.66944774180973,2.8323442047067355,0.11246130401077514,10.473225539843702,2688.0,0.019030985249734275,77,1795
1185.765694894339,1300.8449791763073,424.36200734254203,3.2128463414004975,0.08318228905202601,7.9203768145068,3482.0,0.013918754993904445,77,1135
1257.5299980831896,240.46789342534024,341.4926102585287,3.141936565623768,0.05985940667113688,7.069427239394499,2567.0,0.02015935522508043,77,1616
1216.8619135080983,2547.4785439973284,392.0259234882746,3.1248843692081936,0.05031346001892056,7.72400383563473,2827.0,0.017881239198367132,77,480
1328.7205327413985,642.8055493895672,294.88675660622425,3.134251012884052,0.2622597638104307,6.414850643154267,2434.0,0.021564759044380172,77,13
999.3735177865613,1665.4242424242425,99.36472730926712,1.6588088810410972,0.21265389110973903,7.331257877890591,1206.0,0.060521067880508574,77,1675
1006.6436258278146,1544.119481236203,474.4371169549197,3.3427502193100778,0.022517606860124873,7.789461495258753,2864.0,0.017598232555015407,77,84
1013.2566838649155,1186.0572232645404,558.2229212736693,3.3776004504680355,0.03782401815673736,9.294987666611286,3109.0,0.015928878078775206,77,444
1091.9561960592737,1110.9959290017912,401.9754877511261,3.093084458989853,0.03702865502258805,7.854919154882777,2529.0,0.020541852263312874,77,30
1679.153832599119,1948.6644933920704,371.47221836633133,3.0677231149717796,0.0657869213164756,7.527630856762661,2973.0,0.016814258808659718,77,110
1835.3490153172866,1296.0139496717725,239.3132035854286,2.2318438374269896,0.13754482302058177,9.81864894360347,1481.0,0.043089427970639804,77,69
1841.246755839489,1112.6781792773008,327.8774170567319,3.004289207689866,0.03397486155518834,6.545765962402314,2370.0,0.02231330189419472,77,1911
1355.9841708542713,1218.3435929648242,521.0429706072242,3.2025233455658793,0.035558589120301985,9.949564262851517,3798.0,0.012574430704075818,77,299
1407.3721716132825,1062.6691154863356,445.50483140110146,3.272046541372813,0.08483807192435174,8.116749793378869,2745.0,0.018542082062872712,77,1511
1429.428787878788,592.334090909091,345.6164428148422,3.185787567343815,0.05364523773566621,6.545765962402314,2405.0,0.02189762381985707,77,54
1494.8804868316042,1627.9922186751796,328.07379003560396,2.8674494869579457,0.1209339502250335,7.789461495258753,2507.0,0.020770005765898148,77,660
1533.0902738960312,1697.986444941308,468.4150122695096,3.3179517478417537,0.04226847564102745,7.985834474130823,2878.0,0.01749347114810349,77,263
1537.2450744834214,2142.5026429601153,272.4347793551843,2.9956720342937233,0.08477335868716492,6.48030830277829,2678.0,0.01911942844391607,77,1397
409.3566265060241,1427.2762322015335,298.8142161836656,2.8519895632319954,0.04723429304435973,6.67668128165036,2332.0,0.022782854014923717,77,1501
472.97931593889416,671.8763012031905,484.19030823889915,3.3223061258380846,0.0907340986570071,8.378580431874962,3078.0,0.016122388566212786,77,121
475.3342629482072,2506.2488047808765,328.59745131259615,3.062073614516335,0.13962745029907891,6.67668128165036,2729.0,0.01867676368743204,77,438
517.8954733932273,1921.9224257083622,378.8689339038459,3.0511647090165472,0.050512900489801865,7.854919154882777,2729.0,0.01867676368743204,77,139
539.9634879725086,1228.4896907216496,304.7708632094517,2.9254041927093852,0.13188766848312583,7.200342558642546,2425.0,0.021666973805645508,77,932
346.5887230514096,1408.5702440180053,552.5935625460033,3.211822215295799,0.10575076893196365,11.258717455331979,3861.0,0.012336876704533413,77,686
952.5002425222312,1307.7772029102669,404.85562477458313,3.2163939397635635,0.11018599970406132,7.462173197138638,2924.0,0.01715786848349825,77,187
314.7090188305253,1083.1692765113974,330.23389280319674,2.9985791151166046,0.033142651242533815,6.67668128165036,2437.0,0.02153090143279857,77,760
184.18121546961325,2209.0848987108657,355.43509175844565,3.1547269336319252,0.047316230851434916,6.545765962402314,2642.0,0.019444746320390952,77,158
630.5251093613298,2078.096062992126,374.0905247512922,3.0923097682051814,0.06051831850763009,7.593088516386684,2676.0,0.01913721582037283,77,1877
372.29911154985194,1573.843830207305,331.5430459956772,2.902427754601507,0.08264660426401463,7.3967155375146145,2611.0,0.01973388406492905,77,1375
650.7042892924233,1716.4763619286161,418.1435296782598,3.1237270419221677,0.059335147984900215,8.378580431874962,2824.0,0.017904585138693807,77,131
824.9334451901566,599.9072986577181,468.15318163101347,3.13356209598533,0.023597869470123836,9.033157028115193,2587.0,0.019963706933451886,77,1249
830.922077922078,907.923832923833,372.97774453768386,3.1247604330776726,0.11851551596816323,7.134884899018522,2579.0,0.020041508766059306,77,217
903.9084322491136,1794.4325574225375,424.6238379810381,3.265215299825744,0.06117561204236933,7.527630856762661,2745.0,0.018542082062872712,77,1143
639.4548561151079,1638.8491007194245,363.94458750956863,3.167733002337905,0.1993072873272213,7.331257877890591,2988.0,0.01671180676326299,77,1293
858.3437001594897,1906.9827751196171,410.4195258426251,3.1966140379806554,0.09441861873652227,7.527630856762661,2741.0,0.01857557003744405,77,1441
665.7291697943252,801.0103588049842,436.01347075561813,3.2357455929214822,0.07812381063874216,7.789461495258753,2788.0,0.018189567097709233,77,726
690.5198717948718,939.6043803418803,612.6836940808565,3.2941122041720456,0.03616004723115579,11.062344476459911,3721.0,0.012877497796410352,77,204
704.4739734885225,752.9699321047526,404.9210824342071,3.1859090014523455,0.07974540970997229,7.527630856762661,2713.0,0.018813416164970283,77,1915
717.9652294853964,920.6965229485396,470.64057269672634,3.2425371683143216,0.05334829305713243,8.313122772250939,3088.0,0.016059454121600897,77,1365
719.4697975708502,1303.1046153846153,404.2010481783429,3.11410530038121,0.0678448083885415,8.313122772250939,3013.0,0.016543799938262348,77,291
725.2609357170027,853.0709395207303,344.1763743031137,3.009589087225109,0.11205573990330402,7.3967155375146145,2569.0,0.020139617999580153,77,1297
1216.7937047436087,2546.8514851485147,436.93590684844554,3.3090415787123035,0.03090491355096926,7.231686355405039,2866.0,0.017628374326760565,78,480
1185.8596432738789,1300.739456576096,387.3472004113824,3.136208852685241,0.10643779745212852,7.16711772723178,3478.0,0.013973330512875913,78,1135
1178.3945264452645,1733.7732164821648,419.9543576388783,2.7660690087880333,0.07052749715781918,11.751490327533189,2643.0,0.019485577316718943,78,1795
1355.8880644748624,1218.5212997313547,504.73296643036775,3.1871399517471013,0.03865539490658163,10.008137366855188,3749.0,0.012798296694615352,78,299
1257.2698387854125,240.9705744247926,412.5289653989535,3.3737776984678436,0.060849736178870045,6.908843214538742,2677.0,0.01917753250969578,78,1616
1328.5894005212858,642.8724587315378,371.59245513710715,3.1710298107738883,0.06801982906676551,7.360823611751558,2497.0,0.020929178698700236,78,13
999.548825710754,1665.530284301607,104.47204038433351,1.783733671163252,0.22306842302746538,7.296254983578298,1198.0,0.06140455504218055,78,1675
1007.9936197362824,1546.0442364951084,455.40253450599766,3.205097492463741,0.015824143387301537,8.264784406177187,2862.0,0.017658563874395128,78,84
1013.7423284141485,1186.1868118997422,551.2869473432877,3.3419016135937136,0.027657526308946755,9.233313828776076,3094.0,0.016063050797743034,78,444
1091.0065180102915,1115.043910806175,376.4351022501016,3.00519846911398,0.058078241576446844,7.812804008964372,2500.0,0.02089736647925793,78,30
1370.935218583177,1085.4098975616794,447.52516186886004,3.3012766250891454,0.010976209039157138,7.489960868098076,2775.0,0.018341758716621467,78,1511
1835.5498591549297,1296.0918309859155,229.21863001507043,2.154458201229504,0.10431333191745586,10.137274623201707,1492.0,0.04271025966056654,78,69
1842.0410018552875,1114.378478664193,348.0249058538675,3.115554370453269,0.06444406977114538,6.456862817325928,2405.0,0.021954085399137686,78,1911
1679.768803634528,1948.8933198721184,383.7313572336799,3.113101612379336,0.08307113141201436,7.489960868098076,2852.0,0.01773449207448513,78,110
1429.4464153732447,592.9292313377679,349.4454156736792,3.156634047054146,0.030642849577190948,6.908843214538742,2424.0,0.021734277584064002,78,54
1495.0689444783404,1627.818995322351,317.48394472791585,2.8413046297759936,0.16029246231690977,8.00650989348415,2516.0,0.020729321478036026,78,660
1533.264443204019,1697.8890594473905,462.698789489576,3.374561300190186,0.03199393161846817,7.360823611751558,2847.0,0.01777270155883782,78,263
1537.719544984488,2142.7226473629785,312.1893172177086,3.0159520732204568,0.12691627564965458,6.7151373300189645,2607.0,0.019822715463439878,78,1397
409.1248028835323,1427.8301419238567,286.62014046109795,2.7123905326191076,0.07213439044722245,7.296254983578298,2297.0,0.02329313288594847,78,1501
473.36212534059945,671.3058583106267,473.93373079172306,3.3232112436658685,0.10751428858795459,8.071078521657409,3071.0,0.01620823540501611,78,121
475.89016393442625,2506.242950819672,393.86863185688156,3.2390040970927476,0.07511601527917414,6.844274586365483,2842.0,0.017811076045606927,78,438
539.9951845906902,1228.521669341894,321.81004281552424,2.926192119637275,0.0962899580060415,7.16711772723178,2417.0,0.021814745428642385,78,932
620.565562690098,2089.6072997634337,382.1171415293484,3.13611995859979,0.0483523560561139,7.877372637137632,2656.0,0.019366634081636056,78,1877
518.5629304946775,1921.6740763932373,412.46439677078024,3.173938963025975,0.05642303520344393,7.877372637137632,2704.0,0.018939760924001098,78,139
347.1402885443583,1408.8496985357451,599.7134184732322,3.2355988493426304,0.10263430571125924,12.074333468399484,3974.0,0.011963066513712402,78,686
184.0364472172057,2208.909374486948,393.28751420332225,3.2119870707046743,0.03129101899533495,6.650568701845705,2686.0,0.019097614743770547,78,158
314.9295747171284,1083.7251268045259,330.97878801612706,3.0162131793087017,0.06034296201198529,6.844274586365483,2418.0,0.02180321356156944,78,760
639.3989218328841,1638.3837119753562,335.36945473190866,2.9165323510888777,0.020785692073041366,7.489960868098076,2854.0,0.017719254243241365,78,1293
372.34404662781014,1574.0356369691924,387.73461218042195,3.085946226563089,0.011469988802897657,8.00650989348415,2669.0,0.019249134135424693,78,1375
823.3404164289789,598.6012549914433,452.755220750894,3.112388986375254,0.06842276782831735,9.104176572429559,2600.0,0.019889629441374075,78,1249
857.0887439320388,1907.9745145631068,425.6363969181251,3.2547808376249963,0.10423103081554871,7.489960868098076,2708.0,0.01890503602726142,78,1441
906.9978408389883,1793.448025909932,418.66298507541313,3.206520000254109,0.05134162096211232,8.200215778003928,2757.0,0.018489762831955497,78,1143
952.8232630757221,1307.1956284153005,413.56206344972566,3.1826765674049917,0.033706657088295296,7.4253922399248165,2968.0,0.016891961266255594,78,187
647.0866859623734,1721.762952243126,446.1692206772216,3.194400854026995,0.05473561185252247,8.652196175216742,2881.0,0.017516077020477243,78,131
818.3632449580784,895.0913210967595,284.94135612859316,2.8393818485134754,0.06053067912590684,6.973411842712002,2772.0,0.018366261304721198,78,217
666.0718993409228,801.3091671659677,431.0601616846789,3.238705775284565,0.052083418389410205,7.489960868098076,2769.0,0.01839082944596048,78,726
690.1706107941259,939.8209709101113,690.3032038003149,3.3529897784794946,0.01870891768531864,11.55778444301341,3874.0,0.012320419132900374,78,204
706.4458544839256,753.800902425268,457.92071100475476,3.21121483759971,0.061652783085885066,8.393921662523706,2836.0,0.017857344741713955,78,1915
719.6009166803077,1303.7665739073498,394.44974951044094,3.088268743230443,0.06191485703813126,7.812804008964372,3044.0,0.016382054237686836,78,291
727.4312489052373,852.7458399019092,368.62229824113723,3.1505684606914337,0.07079372120073689,7.16711772723178,2597.0,0.019918445352420027,78,1297
718.087681257623,920.381623526223,476.45190729048016,3.2760883864556156,0.024217205030852902,8.393921662523706,3082.0,0.016138473258102352,78,1365
1216.5638967579478,2546.7299338999055,411.2029776726956,3.184471094798009,0.04406522659632325,7.507010609070301,2874.0,0.017408461410213474,79,480
1186.0667945030361,1301.4720357941835,202.4951396188015,2.491660747814354,0.20416731230151156,6.47156086988819,3182.0,0.015389358781065619,79,1135
1174.2266355140187,1736.790011682243,443.17248836994327,2.7679954959176793,0.08058314421604694,12.878406131077499,2667.0,0.019091939838028767,79,1795
1257.1216708181644,240.5715654339912,337.75076179946467,3.1790172386389948,0.05755531921424483,6.665707695984836,2640.0,0.01933583518835908,79,1616
1328.673916919237,642.8942770547335,362.9898491920286,3.1398155662363973,0.07460361900911701,7.377579391672537,2512.0,0.02058234139935017,79,13
1333.4773991159275,1107.686582061885,453.8505638052588,3.3063118840534123,0.048243913154232834,7.895304261263592,2806.0,0.017927766098159003,79,1511
1355.9236303963646,1218.7903307245645,512.6770521125425,3.225161429432254,0.03220855529367725,9.383763261337876,3832.0,0.012363200958801703,79,299
999.6538695917124,1665.3461304082875,106.1983138748652,1.7109889660443913,0.11245816308906495,7.571726217769183,1207.0,0.060050981589073765,79,1675
1006.524036379385,1547.54944420384,448.2850214571549,3.2779431381549387,0.058414293662245424,8.024735478661356,2868.0,0.01745306914939776,79,84
1013.2258332344918,1186.2340173170442,545.6172969402734,3.2934413642043214,0.024410338478667346,9.577910087434521,3093.0,0.015923016302839047,79,444
1087.2743055555557,1115.0967261904761,391.4000014108378,3.1322798803231566,0.04873429399280045,7.442295000371419,2508.0,0.020623889589241752,79,30
1430.2501424501424,593.9962013295346,340.7276797996132,3.2188016031877082,0.11574707332179632,6.600992087285954,2396.0,0.02185942167890946,79,54
1835.576604850214,1295.968901569187,226.82820848958107,2.1410331208405853,0.08522356963060766,10.095634957025577,1484.0,0.04267924112188335,79,69
1845.6739864864865,1111.9685388513512,306.4931227979047,2.9261388981644996,0.03053584033396446,6.536276478587072,2340.0,0.02253441543484425,79,1911
1681.4396444167187,1947.117903930131,414.9564829772308,3.2034126765131146,0.07240772812961942,7.571726217769183,2952.0,0.016848643614506192,79,110
1494.7472126495034,1628.0693290087167,319.24209771158445,2.840406659955315,0.09169598816751161,7.636441826468064,2485.0,0.020866085134008443,79,660
1537.8498138187836,2142.5815059991724,312.8352524503951,3.0018267779745105,0.13705815988094486,6.8598545220814815,2566.0,0.02003739161195381,79,1397
1533.11403638515,1697.815707735542,437.54223041314054,3.2283548149821497,0.06462182848526592,7.895304261263592,2810.0,0.017896362623490408,79,263
409.0944340212633,1427.8949343339586,310.4407749285365,2.971934596694448,0.13772210312372166,6.665707695984836,2303.0,0.023003739943119737,79,1501
469.93648592428235,692.0587990569962,466.6642543276374,3.2122701932991267,0.045144753546816206,8.477744739553529,3102.0,0.015867374692511663,79,121
476.9658419792498,2506.912051077414,405.4432884984951,3.2067616113336808,0.06904092822244169,7.312863782973655,2903.0,0.017196032602870896,79,438
372.70177950501125,1573.7932092452445,316.39461092883363,2.842026017442631,0.05798520834032635,7.507010609070301,2590.0,0.01980434665389082,79,1375
539.5237366003063,1228.6252461168235,295.81504736258916,2.9004107314052985,0.08073690277358571,6.8598545220814815,2427.0,0.021502869136487395,79,932
610.073733489383,2105.54138103996,387.0640556280127,3.1310879505193254,0.02564525373560016,7.377579391672537,2674.0,0.019029708805921912,79,1877
639.1257155438133,1638.792602377807,293.9382947103216,2.8066647107852165,0.1539285050892722,7.377579391672537,2820.0,0.017818333161952343,79,1293
518.9059742023082,1920.2679904955871,381.3043664538122,3.046065205849869,0.0298909557643424,7.571726217769183,2727.0,0.018571378146901428,79,139
651.5156299840511,1719.650558213716,405.76686654198954,3.1169137805129474,0.05575614680920784,7.9600198699624745,2837.0,0.017687233171071334,79,131
347.01941547041207,1408.0322214189816,626.6412390312735,3.3135250893906436,0.06915552207142908,11.454662739702098,4111.0,0.011400920200637297,79,686
184.58002326740902,2209.347182981552,389.39381754117244,3.2709863705713227,0.051157957284454735,6.8598545220814815,2642.0,0.019317555370629458,79,158
314.63333952796876,1083.7284891284148,348.23469040868355,2.967519141792336,0.04566339777015155,7.507010609070301,2485.0,0.020866085134008443,79,760
691.6959609409676,940.4247669773636,583.2170655943237,3.258707479060967,0.04705835276570066,11.325231522304334,3626.0,0.013184877750127642,79,204
858.8610808285314,1907.72823547734,415.5389234555207,3.197954298609895,0.028996182215629124,7.507010609070301,2722.0,0.018613671580842733,79,1441
665.5474377745242,801.1651537335285,442.0076074133634,3.213236715577729,0.06707951516935194,8.15416669605912,2803.0,0.017951391124720734,79,726
909.2259339080459,1795.3538074712644,360.3365092353744,3.0725190907817628,0.09942135652864179,7.312863782973655,2761.0,0.018288802273425345,79,1143
952.756442227764,1307.3888611803823,389.26438632377466,3.1658506189195634,0.032904936169363304,7.183432565575892,2923.0,0.017052525391822098,79,187
704.2503961965135,752.2417519089469,449.1910399789393,3.22288317195431,0.028940939191170016,8.283597913456884,2718.0,0.018647645277246116,79,1915
717.9835493519441,920.7481306081755,519.2780441998284,3.355792153436919,0.00695060960695702,8.542460348252412,3090.0,0.01594165032627012,79,1365
719.3854081465729,1304.685424505153,395.6065159762651,3.0087662966475652,0.05259097352932663,8.348313522155765,3009.0,0.016461792644053626,79,291
823.5795058359861,598.9963619827195,426.92887058652394,3.1399087296253447,0.04626392286451961,8.15416669605912,2523.0,0.020468942293983394,79,1249
802.8503480278422,858.6142691415313,223.1394187937448,2.6115485089979065,0.17566422923492825,6.730423304683718,2395.0,0.021871120348149236,79,217
1174.9757247642333,1738.820468040517,399.47378960904285,2.770251378479049,0.11575709925987296,11.58097259432433,2657.0,0.019499498973842185,80,1795
1185.8540983606558,1300.923887587822,297.8961022756921,2.8869406349123627,0.17131389036864966,6.9067246195066785,3294.0,0.015010815409540157,80,1135
1216.9277069549782,2546.3995481684688,432.3330552230595,3.229783137065673,0.03967160221508589,8.022962941851192,2852.0,0.017864212787793994,80,480
1257.1036960985625,240.54599589322382,339.7550393636114,3.1570136383830123,0.016075722454554943,6.767194829213614,2537.0,0.02066351999808033,80,1616
1296.0175409836065,1122.292786885246,425.56586039384587,3.18688398097526,0.021372658878072485,7.813668256411596,2757.0,0.018625168752825993,80,1511
1329.247378455672,643.1163012392755,292.7335000348487,2.939653617980917,0.23977378309038458,7.046254409799743,2472.0,0.0213539960831611,80,13
1355.9577427821523,1218.999343832021,531.6085010165747,3.2799998399590256,0.026109495360037985,9.557790635074898,3831.0,0.012571266995394903,80,299
1006.5172360488483,1546.9424949760396,451.3091067029162,3.2715272747659916,0.010542461621867342,8.022962941851192,2859.0,0.017810594596167,80,84
1013.674093605801,1186.2350692155571,529.166729686446,3.317379973403215,0.03171813990532425,8.92990657875611,3041.0,0.01652131739768437,80,444
1092.8269992082344,1113.84936658749,352.4522502802802,2.978844648421587,0.04072124228284647,7.3253139903858715,2464.0,0.02144218010587868,80,30
1681.3516628873772,1948.325207860922,369.1958251154479,3.073242973374185,0.12451047815454971,7.743903361265064,2846.0,0.017910428850021944,80,110
1835.5043322378249,1296.180161338512,233.50310405544298,2.206815095392558,0.11058502580004852,9.906615110807559,1479.0,0.04362247266777792,80,69
1842.7974276527332,1116.1151710026309,238.66570629628634,2.7462605118927677,0.017093862613955915,6.1393107728948255,2246.0,0.024161082678624327,80,1911
1430.0010356255177,594.4380695940348,336.824913767457,3.1733929058991843,0.08522322911784287,6.418370353480954,2427.0,0.02185968971733289,80,54
1495.112745098039,1627.775623885918,313.1048494176361,2.843316270718009,0.06231777974548558,7.6741384661185315,2465.0,0.021431117292817527,80,660
1533.7292901914282,1697.5011011350161,411.822176049979,3.1817708799623925,0.03614438543101167,7.464843780678936,2775.0,0.018476049520234607,80,263
1538.003560528993,2142.58494404883,274.31556771616425,2.9402320307605097,0.24617017861756166,6.627665038920551,2544.0,0.02059181510445428,80,1397
999.6238596491228,1665.5705263157895,99.41497558380826,1.6611135559058072,0.21268113314131704,7.3253139903858715,1207.0,0.06106578451582811,80,1675
372.2649019607843,1573.8864705882354,355.80096524731374,2.9554867553051754,0.10280515961283183,7.604373570972,2621.0,0.019834698485572653,80,1375
409.2284733227681,1428.2453777073429,264.1298930247706,2.7222159333814107,0.148136422981716,7.3253139903858715,2279.0,0.02370605127336571,80,1501
347.27688787185355,1408.7786041189931,609.7451835806907,3.2692835764085726,0.09134777284971768,11.790267279763926,4023.0,0.011880897867135719,80,686
477.6389388489209,2507.734712230216,310.3142536117748,2.9422651920640424,0.0071293128342506664,6.836959724360146,2719.0,0.01894801773115674,80,438
517.5359288097886,1922.1572858731924,313.59320368366184,2.9066300644353458,0.12360389716205272,7.534608675825468,2665.0,0.01942654301249288,80,139
538.6043307086615,1228.2287839020123,318.9651006099448,2.9322698501656914,0.11382966172348025,7.046254409799743,2438.0,0.021733876665386655,80,932
612.9077519379845,2102.648062015504,359.98685895610566,3.0032927665914397,0.112325211218996,7.534608675825468,2635.0,0.019702982817724066,80,1877
640.0549138804458,1638.3011144883485,344.289757548136,2.9668550649967824,0.08797957781575698,7.464843780678936,2909.0,0.017436771339993305,80,1293
184.78386672512056,2209.82222709338,318.2674516584795,2.9791398091782173,0.06733303933366182,7.116019304946275,2589.0,0.020142478424696304,80,158
314.5008088745089,1084.0547723596026,301.8727012990444,2.978701066169491,0.0940974372219491,7.046254409799743,2395.0,0.022234115415417022,80,760
646.3081750339213,1716.3186906377205,411.3338217839533,3.129389725533412,0.10523948082115869,8.092727836997724,2800.0,0.018272857145403314,80,131
665.9463036203225,801.2038332826286,458.6344206933021,3.314353734197346,0.03846064111654365,7.743903361265064,2736.0,0.018802212374813228,80,726
858.0448648648648,1908.0992792792792,387.1951680632532,3.1105748143511476,0.029867609426089643,7.395078885532404,2670.0,0.01938122211433248,80,1441
951.8081983805668,1307.388326585695,413.5662984286423,3.179540915265733,0.029205424810778258,7.6741384661185315,3020.0,0.016660473782609275,80,187
824.3458610846812,600.4313352362828,439.93742879403146,3.2231471344087868,0.03212589701663332,8.302022522437321,2511.0,0.020934281891035775,80,1249
690.7755468667442,940.6103772587974,660.1852027716334,3.2992782907442,0.023438166022909483,11.720502384617394,3800.0,0.012690326856939228,80,204
706.1114775725594,753.0209432717678,423.0543241685707,3.1728201334057045,0.07532148094478201,7.95319804670466,2716.0,0.018973983152167796,80,1915
718.5429144797777,920.323556653288,451.936990759235,3.269489972527356,0.0445198866007324,7.743903361265064,2999.0,0.016801994263388235,80,1365
719.0110154215902,1305.0026036451031,348.33612146663484,2.911196505069278,0.14660215939825108,8.162492732144257,2899.0,0.01751027532215496,80,291
784.2059487179487,827.6441025641026,340.103863839344,2.957441721904514,0.08410213977450104,7.6741384661185315,2558.0,0.020449887974708023,80,217
1216.8914814814814,2546.7785185185185,356.92198958412223,3.1189979397473397,0.06479760998889718,6.6757631385178415,2662.0,0.018802835404820507,81,480
1257.1805214723927,1130.2361963190185,430.9502540904587,3.2172130987392467,0.049525280202423846,7.667213109584848,2693.0,0.018534063099272073,81,1511
1257.1580597565473,241.05569900405754,358.37611620835384,3.3016600454466847,0.06615897478165356,6.34527981482884,2460.0,0.020765000276450882,81,1616
1328.795234725171,642.6959188487851,280.183761823536,2.9450018834320395,0.02605574036002069,6.41137647956664,2350.0,0.02201610589101787,81,13
1355.846550243344,1218.5977669624965,461.7512998582737,3.1668914189883717,0.0253030969522148,9.58401638698106,3590.0,0.013111149447274933,81,299
1430.6064556176289,594.2474653424374,319.4451806777894,3.1456142965580716,0.08310393005595984,6.146989820615438,2353.0,0.021979988359579025,81,54
1186.5183084063951,1300.7003610108304,128.161432926595,2.1903958398011194,0.10053962817734119,6.080893155877638,2951.0,0.016563577243353878,81,1135
1176.3939507094847,1740.324495892457,354.013736335659,2.5664434174139035,0.047247795034444574,11.699109658590674,2502.0,0.020324019482068696,81,1795
1005.9250637755102,1547.4838966836735,414.5582812354842,3.015716696554494,0.06399185703074953,9.319629728029858,2827.0,0.01745552102114206,81,84
1013.8780799182944,1186.2042640112345,517.7351748911906,3.349983946563264,0.0005783829899336658,8.460373086438453,2904.0,0.016890713616949098,81,444
1092.2936593810864,1113.71391473707,305.4326877533757,2.902550572664893,0.08806868852485722,6.807956467993442,2294.0,0.02271277668544659,81,30
1681.4495704146432,1948.7467314157639,353.8815430061834,3.064095520660386,0.09567063599857406,7.402826450633646,2798.0,0.01767815767116838,81,110
1835.5212942477876,1296.2157079646017,239.0055396918863,2.2322926624825543,0.11686727600435669,9.914499710670063,1479.0,0.04210191684556563,81,69
1842.1816269284714,1115.5320243104254,282.7615317483102,2.8607629173663125,0.048094860712734534,6.609666473780042,2288.0,0.022790043940686674,81,1911
999.5986132511556,1665.3921417565484,85.79347082966494,1.6175082131855312,0.07639654380964814,6.080893155877638,1135.0,0.06581722058998381,81,1675
1494.8999589153657,1628.1129827444536,321.7585639436124,2.9248671742239707,0.09551200722649515,7.336729785895846,2390.0,0.021544089071813682,81,660
1534.4039209058644,1697.5806996788913,391.09396525356505,3.1700442154438244,0.049157269684333184,7.601116444847047,2726.0,0.01825626747006816,81,263
1537.7805052430886,2142.4737845567206,277.3416052398105,2.9810731204510383,0.16579249752987063,6.34527981482884,2494.0,0.020406565923832186,81,1397
346.96153846153845,1408.0668071654372,627.2573483617259,3.289235885143205,0.09853510274364971,11.43472299963947,4040.0,0.011432960603195182,81,686
372.2261904761905,1574.5835284933646,338.6793101164893,2.877644051117797,0.09211172154352174,8.06379309801165,2598.0,0.019383140389340827,81,1375
408.8222222222222,1427.8918851435706,264.71714227489065,2.7278102598939173,0.12259559714538763,6.807956467993442,2233.0,0.023523612501434973,81,1501
476.99541704857927,2508.4110907424383,288.44584491576103,2.8259145157976353,0.12108752387435083,7.072343126944644,2729.0,0.01823142568971227,81,438
541.520993227991,1227.5808126410834,292.80822478845585,2.9158630517126682,0.12855792394064414,6.874053132731243,2355.0,0.02195597576779768,81,932
611.193808630394,2094.8448405253284,352.2952230524762,2.9788497723498732,0.10911316230144526,7.799406439060449,2595.0,0.01941122233025399,81,1877
519.2271819996371,1922.4494647069498,364.25871937001807,3.0728764060146094,0.10389925729500285,7.799406439060449,2700.0,0.01847443257511038,81,139
314.4901595193702,1084.1077273668946,319.0486006893626,2.992359582180894,0.0174872954547808,7.072343126944644,2409.0,0.021326899830947352,81,760
184.25191956124314,2209.8680073126143,361.54875611576824,3.118617797240483,0.09311056088584199,7.336729785895846,2676.0,0.0186804953671322,81,158
640.3492543329303,1638.0896815800081,327.97165042896563,2.9397414523269942,0.11032207923910571,7.535019780109247,2887.0,0.01701224470389361,81,1293
824.0022302281695,598.4633727912163,385.2774587566386,2.963030631506505,0.03288268646020661,8.328179756962852,2458.0,0.020786477180211465,81,1249
858.3612830613393,1907.7613956105797,352.361319717214,3.012386110819841,0.035479473782114544,7.2706331211580455,2594.0,0.01942060106800813,81,1441
650.4576995385404,1718.9772688429327,386.73158538087023,3.0689395593266746,0.041938990889864254,8.19598642748725,2756.0,0.01801085511753661,81,131
940.3839931885909,1294.8744146445297,155.26106546909318,2.2255721876333205,0.042212602250236556,6.47747314430444,2219.0,0.02371794162391374,81,187
665.9876039541817,801.2359956064648,421.23404437400205,3.2376211160564283,0.0912722326407644,7.402826450633646,2683.0,0.01861992041351222,81,726
705.1502442310931,753.1386221997642,392.415898548321,3.0472943789260434,0.04802304808051388,7.931599768536049,2617.0,0.019207157806216187,81,1915
718.064363783565,920.7627850492511,489.8423823718389,3.295278205804478,0.04306289436072848,8.328179756962852,3022.0,0.016092739458847507,81,1365
719.2168141592921,1305.0422197640119,358.50830953782946,2.95095729680245,0.10205743178174094,8.06379309801165,2863.0,0.017186825866288506,81,291
689.9986288366206,940.7097352599936,626.6624783790858,3.2749251105155497,0.011015446269626774,11.633012993852873,3669.0,0.012781776504703602,81,204
772.5905172413793,795.5657894736842,291.35409816422424,2.7709358165528726,0.04618402660482111,7.138439791682445,2404.0,0.021383629204769782,81,217
1177.9181132737156,1740.541995440996,344.55183597646425,2.604572517910008,0.10168331097725664,10.754028897739897,2403.0,0.021224223033589642,82,1795
1186.7110834371108,1300.6379202988792,194.0558473007896,2.4433175698623395,0.11760545703814934,6.404084624496792,3085.0,0.015572435074976491,82,1135
1216.8749428092115,2546.848863809669,396.14700832854214,3.125434238550352,0.07818640167932697,7.431154800123637,2667.0,0.01860972225976348,82,480
1217.9374892371277,1145.68210780093,350.83508881559317,2.9289561666119583,0.031232942041312037,7.612402478175433,2562.0,0.01956845807684433,82,1511
1257.0851400180668,240.53884372177055,267.5215728044509,3.073512154648107,0.090904673899982,6.283252839128928,2401.0,0.02124683660881291,82,1616
1328.527003857694,643.41705957994,281.90055526322675,3.014929276558399,0.08607104984795082,6.404084624496792,2338.0,0.0219846869263311,82,13
1356.0512381454162,1218.5802160168598,458.6774572564118,3.2023848463135782,0.014405766467106349,8.579056761118345,3516.0,0.013329304991752914,82,299
1005.3561218147918,1547.0099440646363,388.8366853137864,3.1911351729022694,0.059697964066226954,7.189491229387908,2616.0,0.0190633744389918,82,84
1013.5923156266117,1186.1106240330066,468.5856636565766,3.300921152321301,0.05375102691425686,8.276977297698684,2833.0,0.017271891902780993,82,444
1091.85795097423,1112.8516656191075,288.36505578040743,2.7647477057388103,0.03251731055316229,6.887411765968248,2302.0,0.02242979058124064,82,30
1430.6137878499333,593.9662921348314,317.243852483327,3.010645746653924,0.1100376120231552,6.464500517180724,2343.0,0.021924260293473313,82,54
1835.433585858586,1296.2320707070708,239.24693502837073,2.203188690067286,0.08946119049429073,10.451949434320237,1447.0,0.04320436312962507,82,69
1841.561369086549,1115.4796163069545,277.1276997411961,2.9285138877222487,0.02235233080637966,6.464500517180724,2321.0,0.02219265256128228,82,1911
1681.3670272888746,1949.1714839334734,374.1556233915909,3.046096150821847,0.07080495112130775,7.491570692807569,2802.0,0.017506922590888804,82,110
1495.0102327447833,1627.7790930979133,301.1128091367171,2.8306962202774035,0.1189508148698668,7.914481941595093,2403.0,0.021224223033589642,82,660
1534.0171460960748,1698.224316281706,426.35495467050816,3.2688342004297786,0.028124504721791434,7.310323014755773,2705.0,0.01828549951915823,82,263
1538.5739754572817,2142.57698541329,260.9362405019023,2.8420241344557398,0.11448099947370871,6.585332302548588,2443.0,0.020781849493055216,82,1397
999.8107255520505,1664.9709779179811,95.75918990403223,1.6516887448242723,0.09630099080348158,6.524916409864656,1153.0,0.06339452806039707,82,1675
346.92502308402584,1408.6510618651894,654.3041177669836,3.224430633241667,0.087437612560997,12.747753356309653,4054.0,0.011297883556421537,82,686
372.3269297334718,1574.236587054344,349.08302792775913,2.964600188024615,0.1045240918151775,7.431154800123637,2604.0,0.019173348979703703,82,1375
409.53945074106366,1427.6806887532694,277.18811563388005,2.8684466267592805,0.11442787715889594,6.766579980600384,2228.0,0.02340378435769559,82,1501
519.2783160119782,1920.8964241676942,342.981022766682,2.9394691912484987,0.058185671625266396,7.370738907439705,2653.0,0.01873209010734193,82,139
541.7425605536332,1226.5739331026527,261.9028947848452,2.8313616859277784,0.11083078370666896,6.464500517180724,2321.0,0.02219265256128228,82,932
474.6610599078341,2507.3147465437787,262.2049742482649,2.770607745803435,0.12993043137407126,6.706164087916452,2680.0,0.01849751786824893,82,438
315.10161870503595,1083.7622302158272,335.9123633226619,3.001947808920404,0.005940843152577023,7.24990712207184,2437.0,0.020847026245073785,82,760
184.71551081282624,2209.6810216256526,324.0708483566113,3.0210237732149023,0.11699476312046451,6.766579980600384,2638.0,0.01886499696574848,82,158
822.6239026644079,599.2608963499152,392.2803911967705,3.0396527236046307,0.05183344843101404,8.035313726962956,2399.0,0.021269498423183816,82,1249
858.1178979696298,1907.825797645453,354.0975470205255,3.044402114500025,0.018718628546462692,7.431154800123637,2537.0,0.01981146937068968,82,1441
940.866473149492,1294.7131107885825,124.87965017768745,1.9501528849796337,0.16615479143624268,6.162421053761064,2096.0,0.02536883476021833,82,187
666.0043847629488,800.9435461770348,440.9151848073358,3.2626002135515626,0.055330217148962205,7.914481941595093,2653.0,0.01873209010734193,82,726
651.2180120812741,1713.912959912136,440.0693623097607,3.2128414770957394,0.07039883511631734,8.095729619646889,2758.0,0.017851713293739895,82,131
603.6996676578625,2096.7951722931607,345.39765847403925,2.9104769941955344,0.03736163312399125,7.854066048911161,2600.0,0.01921028967262686,82,1877
690.8166819431714,940.0371728281903,593.2236502635284,3.328701334085857,0.03938873936469073,10.572781219688101,3752.0,0.012354832621370406,82,204
705.8786851415094,754.7264150943396,409.8614159677947,3.115102250055668,0.04099427439862076,8.276977297698684,2623.0,0.01899980328745673,82,1915
717.9301287102705,920.9716312056737,460.0066068954583,3.230689128632293,0.033154188793807736,8.337393190382617,2962.0,0.01635804354240362,82,1365
719.4644903629103,1305.2007292932801,347.9351259667644,2.9727301426098847,0.07189628354496864,7.793650156227229,2802.0,0.017506922590888804,82,291
640.0094299185598,1637.988641234462,281.90055526322675,2.831796983092272,0.14218824577179376,7.068659444020044,2774.0,0.01772477467613701,82,1293
1218.2659574468084,2544.945330969267,428.3433223399553,3.265714870747487,0.033018866557295884,7.40487126385561,2822.0,0.017600535282262162,83,480
1355.9656727637184,1218.574292157354,505.176772889705,3.157440612306992,0.03208329999536226,10.44276716697586,3753.0,0.012524158531859278,83,299
1186.5413701067616,1300.3632117437724,284.5495829255968,2.7804045508148936,0.09393248737168916,7.278292267892266,3275.0,0.014701154517284128,83,1135
1184.9021914987497,1152.5415502279748,430.3052967773871,3.2343846865566945,0.05310646238379785,7.847897749727314,2701.0,0.018579281018319654,83,1511
1329.7105937136205,642.4379511059371,271.8283938312807,2.90301116200955,0.2030961514714322,7.151713271928923,2369.0,0.021924516958384075,83,13
1256.3800697375666,240.59093411635163,344.86447450213007,3.2082260299887153,0.056139377630614606,6.582107790093876,2545.0,0.020014178963969523,83,1616
1179.3286158631415,1740.865629860031,406.9514720221502,2.7673108483254496,0.08476956290097183,11.771846624590971,2640.0,0.01911515960104223,83,1795
1013.3588891526229,1186.1563019226205,533.2773099935673,3.344614583559124,0.04487433635658836,8.923819215415735,3061.0,0.01594175231491895,83,444
1009.1258939414384,1549.0766428282284,469.03846954217033,3.3142235474247483,0.060195507009554845,7.784608251745642,2804.0,0.017739553203938614,83,84
1089.8052527254708,1114.8660389824909,383.15462078104156,3.0688067969360735,0.047296198767270196,7.40487126385561,2498.0,0.020490969781311992,83,30
1835.7082778812883,1296.2579185520362,237.77864391714127,2.1907322881807145,0.09105262626865689,10.06303017908583,1482.0,0.04224722465189777,83,69
1840.2300995024875,1115.2565742714996,356.19329464084933,2.970029159015373,0.027793118550314376,7.974476745690657,2522.0,0.020244697922469322,83,1911
1000.0855809128631,1665.4839211618257,122.02215210866339,1.9135897486507076,0.25497103788650616,7.025134275965579,1250.0,0.055767974304926346,83,1675
1681.2524825303421,1949.6588819418905,344.1682900243317,3.024845018355162,0.09904048360400425,7.531450259818954,2783.0,0.017904542179339653,83,110
1495.3551462271773,1627.9062853449668,391.6987030085673,3.0732428243509267,0.06662269658511957,8.101055741654001,2531.0,0.020153865291294662,83,660
1430.0382672882672,593.5905205905206,325.81433560964683,3.1675253405800534,0.09193926320547337,6.455528794130532,2388.0,0.02170090694258944,83,54
1534.4707903780068,1697.9760882016037,442.01385390399645,3.297683070150455,0.04371273289585646,7.784608251745642,2816.0,0.01764663186011053,83,263
1538.4465065502184,2142.7133187772924,289.8659007560572,3.0528818084302807,0.19205637073135473,6.328949798167188,2561.0,0.019856889830175972,83,1397
347.4654855039116,1409.4657156005521,550.112316456692,3.18554893907756,0.09327673163249398,11.07566214679258,3899.0,0.011982198027976452,83,686
372.2267969295185,1574.1261339846476,362.77540243094325,3.014184887715792,0.12110851865863793,7.6580292557822975,2633.0,0.019178637633199207,83,1375
409.1517721243749,1428.2067840834964,291.068401217709,2.821615383512125,0.03392069934233715,6.7719762840388915,2259.0,0.023315416043066625,83,1501
475.1664653784219,2506.347423510467,314.4222259729459,2.9943922360178523,0.10255794646478136,7.025134275965579,2728.0,0.018351564002712074,83,438
518.513018322083,1922.8241722918676,393.7872564419624,3.1291703128262442,0.11295422983669852,8.03776624367233,2650.0,0.019025202191167653,83,139
542.4797734627832,1226.2815533980583,312.9032780213858,2.95783474990862,0.06926150556014733,6.645397288075547,2414.0,0.021402204024479458,83,932
603.6561595368286,2101.221132196848,393.53409845003574,3.117898814949541,0.07552534524287564,8.03776624367233,2710.0,0.018502750011434456,83,1877
639.8718180176927,1637.6625744719263,350.56052932048055,3.015785633911889,0.06437883745439035,7.531450259818954,2952.0,0.016657744848952962,83,1293
657.3078997461929,1706.8710342639595,398.97699527645955,3.209232794127524,0.03867380627620662,7.151713271928923,2802.0,0.017755135318481503,83,131
184.51968503937007,2209.6549431321087,361.6994809652548,3.152440763068264,0.028408994573969622,6.645397288075547,2656.0,0.018971633013532475,83,158
314.8410535876476,1083.7513169845595,348.4086863891037,3.083989301064881,0.00719631319068358,6.518818292112204,2471.0,0.0207752869203421,83,760
665.8579267388403,801.22497404716,426.7610848904135,3.2161030763143876,0.13584069176234465,7.784608251745642,2733.0,0.018310005366093875,83,726
858.5552464843146,1908.0914850873125,409.54634143939876,3.1912219271539257,0.040703248911172676,7.531450259818954,2705.0,0.01854518922108018,83,1441
940.5339487790351,1294.579511614056,212.52613422245417,2.488628096653744,0.02952724057920338,6.835265782020564,2286.0,0.022957921648985993,83,187
690.1774,940.4749,632.8949798167188,3.2888751876591487,0.023563027323496872,11.392109636700939,3769.0,0.012462385424163674,83,204
822.1844034007622,598.3271767810027,431.7609552309656,3.13101956151289,0.0060639348640697645,8.164345239635672,2541.0,0.020053891366430234,83,1249
705.5273982453617,754.1832302603193,440.0518794665646,3.2423781340756577,0.06889333729104592,7.974476745690657,2719.0,0.018426846904852603,83,1915
718.1113588504893,920.267434658739,510.9361172060371,3.3852881553803518,0.01663392833298309,8.101055741654001,3097.0,0.015718609749016076,83,1365
718.9698236684239,1305.5495364479186,348.155528397177,2.88149888281613,0.11918290588785746,8.03776624367233,2956.0,0.016630334982024163,83,291
1181.3783506914804,1740.806897729213,383.18423905859555,2.6465255828951584,0.06206420210492664,11.90703969756947,2571.0,0.0197149371300197,84,1795
1186.50763468741,1300.4540478248343,227.08425708936062,2.695803796654115,0.20554371937841937,6.54232950415905,3048.0,0.015988574725553862,84,1135
1356.2668867445404,1219.007998984256,515.2738717475668,3.204019980041293,0.04875675769570794,10.009764141363346,3773.0,0.012420407719269961,84,299
1257.961405926947,240.5428440156214,284.78760331604343,3.0198440100714232,0.17708902172902058,6.934869274408593,2456.0,0.020888659467458014,84,1616
1329.2090507726268,643.0092715231788,296.36752653840495,3.195713188234663,0.17405833758543884,6.476906209117459,2374.0,0.021814711655714008,84,13
999.8812903225806,1665.7903225806451,101.40610731446527,1.6478725287375058,0.1491538420210492,7.131139159533364,1274.0,0.05382466854032527,84,1675
1009.6143790849674,1549.8135698723934,420.41009393726057,3.233423333717139,0.023032472456982932,7.392832339699726,2678.0,0.018735436857258033,84,84
1013.9686584278252,1186.1723786469613,513.5074427814438,3.2900510989823775,0.04056397178004545,8.962991420697898,2937.0,0.016724169886121097,84,444
1173.6617219313555,1148.9636416521232,449.85057670597627,3.3176770190590164,0.05715443846568448,7.654525519866088,2723.0,0.018351976264080798,84,1511
1430.2964175654854,594.6567796610169,339.67774785593787,3.137421384351999,0.09181387471306508,6.215213028951097,2372.0,0.021838325155742726,84,54
1835.7295597484276,1296.41290675417,239.25298996709645,2.2435152502605127,0.16522125008863842,10.140610731446527,1492.0,0.04169858104821382,84,69
1838.1070967741935,1111.8350537634408,304.21832194339584,2.9257845193662915,0.01638910151378587,6.346059619034278,2352.0,0.022077302591523948,84,1911
1681.039452233453,1953.338604499511,401.3064917851161,3.1751141480703993,0.016258785619595484,7.196562454574955,2855.0,0.017312582314492952,84,110
1495.1982561760433,1628.5995432842017,315.14401221534143,2.943520662117429,0.08090060897058224,7.065715864491774,2421.0,0.021274130725246164,84,660
1534.7034001214329,1698.614146933819,431.0086677339982,3.2973467282446864,0.08154035413665335,7.392832339699726,2773.0,0.017943909268169134,84,263
1538.489932885906,2141.5153403643335,272.9459869135156,3.0673175904010184,0.20229569709032202,6.54232950415905,2489.0,0.020537794603898322,84,1397
347.27777777777777,1408.8645259938837,641.8025243580028,3.270508880653005,0.07365495066316674,11.972462992611062,4007.0,0.01158587725328241,84,686
372.40888982515276,1574.404255319149,310.56438156243007,2.967132644876882,0.09324625465203636,7.196562454574955,2546.0,0.019958735041573646,84,1375
409.8708027573938,1427.8485657104736,294.2085578020325,2.9020017935222584,0.19062490263995488,7.065715864491774,2279.0,0.022995802248812695,84,1501
475.79790121223084,2506.1548760629635,361.5945516948707,3.2098376464649503,0.09085525390654062,6.869445979367002,2777.0,0.017912046476321355,84,438
518.7085468672508,1923.7836005951397,395.74551170658094,3.0554472629265006,0.029922965440437894,8.308758470281994,2671.0,0.01879653121976691,84,139
543.4276380914671,1224.5327657889527,330.45306325507363,3.035166420635005,0.09127611528734414,7.065715864491774,2400.0,0.021512318740395293,84,932
314.8061597690087,1083.9549566891242,339.87401774106263,3.0840956232390075,0.05232452019634051,6.411482914075869,2442.0,0.02104115946492471,84,760
184.51235555555556,2209.621688888889,368.00603460894655,3.18978926506996,0.08766890923120943,6.934869274408593,2675.0,0.018761571457028375,84,158
823.6709706144256,598.4094686850698,440.8221619902368,3.159037692897463,0.01919405328865067,8.832144830614718,2524.0,0.02017831983342048,84,1249
858.8587227970032,1907.1146985372816,366.76299200315634,3.0492157568910696,0.01736315662114799,7.458255634741317,2636.0,0.019108078770037295,84,1441
940.8678343949044,1295.1990445859872,164.34331714447532,2.2486726445662075,0.07148457728647337,6.149789733909507,2170.0,0.0245189367648734,84,187
597.6027231988969,2105.746294381248,379.58595783130806,3.0737516137627763,0.05145495691620722,7.91621870003245,2673.0,0.018779035067807228,84,1877
640.1321349147516,1638.2811341734619,353.0241000444223,2.9730691387488077,0.047233996953535036,7.85079540499086,2937.0,0.016724169886121097,84,1293
641.1622768251724,1721.6618348948207,370.09958005027744,3.1409355932459384,0.015219926643423816,7.000292569450183,2715.0,0.018418995632967047,84,131
665.9149169539329,801.4951425885303,417.53146895543057,3.1388279145094575,0.05373685564927988,7.91621870003245,2730.0,0.01829373312401746,84,726
691.7458189867191,939.8904328578456,532.0222352782139,3.270250768448668,0.07582064141086006,9.878917551280166,3417.0,0.01394899535799383,84,204
704.5832063395306,751.9678451691558,429.30766206291685,3.2061165256211477,0.06325761973088728,7.589102224824498,2697.0,0.018571593754726376,84,1915
718.6224627875507,920.8841677943167,483.4781503573538,3.3185826082440966,0.0535272547038413,8.112488585157221,2965.0,0.01653230409444182,84,1365
719.2277682157201,1306.1279403327596,342.0984097724767,2.892145508375067,0.16555180679719955,8.047065290115631,2872.0,0.01718721685627806,84,291
1257.1044830079538,241.35231381055675,364.57373165514485,3.171097102419256,0.0405992930345866,6.787978011655806,2596.0,0.019822609337806083,85,1616
1225.0239638577882,1283.1669613042625,335.5106413333952,2.973595580057579,0.03202897550193229,6.787978011655806,2832.0,0.017794255472477535,85,1135
1329.4373307067224,642.5606993351391,267.63086121683716,2.9774660556062793,0.15893741429497446,6.853880710798095,2354.0,0.02244629588869027,85,13
1356.087881822734,1218.9529293940911,526.4307607486076,3.2498988852187725,0.06773400896479723,9.951307570485696,3799.0,0.012537580646683545,85,299
1430.6896927831303,594.2419560079985,362.53074798173384,3.2268641503859987,0.04142906189550125,6.4584645159443586,2433.0,0.021516609053069558,85,54
1172.9680515562868,1146.5401069518716,480.62838484471644,3.3082630510877835,0.02127341442029991,8.369642791070751,2920.0,0.017140265461477493,85,1511
1181.5104236718225,1740.715030262273,391.98925449833723,2.6934564159633276,0.04448663477763834,12.521512837034981,2582.0,0.019957563866552702,85,1795
1835.5507868383404,1296.4071530758226,230.32993350230137,2.2430946332287136,0.08261156887588095,9.55589137563196,1466.0,0.04364252415102563,85,69
1837.9985026204142,1112.0828550037434,264.0721154631535,2.912585531733033,0.05061161910606381,6.194853719375201,2317.0,0.02290991460000717,85,1911
1683.4541213063765,1954.7407242834925,296.6280488394445,2.9157617008902807,0.10017915254961907,7.051588808224963,2726.0,0.018651470636726564,85,110
1495.4702918328785,1627.883686752047,313.8945560147243,2.8874543112832205,0.12767095725483846,7.908323897074725,2414.0,0.021733100224463994,85,660
1534.355725415258,1698.7608408055269,448.3360622649946,3.27429464751983,0.04670995784904725,7.644713100505568,2821.0,0.017879530071157116,85,263
1538.8530133624215,2142.7038451049903,241.66519775477514,2.816494716317897,0.17763619361980673,6.4584645159443586,2516.0,0.020619349761265067,85,1397
1013.8729928769769,1186.2721236267053,545.8720569955829,3.3236246394097964,0.03440904863891747,9.226377879920513,3086.0,0.016028987265462508,85,444
409.6864425401011,1427.901779828609,299.92318379655893,3.00340391376444,0.17601154494713905,6.590269914228938,2267.0,0.023567727304149147,85,1501
478.11624692874693,2507.75,429.15837681458845,3.293136522716323,0.06033118959667525,7.249296905651831,2854.0,0.017626123469105765,85,438
518.8887746358183,1924.1813196229648,384.5422494952585,3.0116312654734774,0.047904152840228816,8.106031994501594,2660.0,0.019228220072186997,85,139
543.5814889336016,1224.578722334004,262.02913178974256,2.7593357174526005,0.10936613352765524,6.9197834099403845,2454.0,0.021282292692613006,85,932
596.2886275950763,2118.4361565313247,358.70839143148106,3.040422144993769,0.03510262575601389,7.3811023039364105,2595.0,0.019832188389982137,85,1877
598.8455774556116,1719.172503665092,404.5766700345145,3.1715618180215004,0.029433269049323228,7.3811023039364105,2740.0,0.018533549732191575,85,131
640.1669832225388,1638.09670781893,416.3732531809843,3.167228919945483,0.100204043509412,7.908323897074725,3129.0,0.01576423570006169,85,1293
372.9047619047619,1574.4028103044498,337.68543040509076,2.948689490462357,0.09743337689650175,7.3811023039364105,2589.0,0.019889857685066143,85,1375
1012.1586441727287,1550.062683795078,425.7973391583317,3.131241638558161,0.07837064576688982,8.106031994501594,2810.0,0.017965625920616936,85,84
184.5935858964741,2209.7867591897975,351.393191826687,3.07550641113317,0.03340243869482738,6.985686109082674,2629.0,0.019511610365240833,85,158
315.1537248718959,1084.145447378794,334.3902954479763,3.0215361532283644,0.06931966181495389,7.1174915073672524,2418.0,0.021687161865966358,85,760
347.2224608775698,1408.8183491868672,644.3306895141633,3.2815918772836303,0.08052423939638946,12.191999341323534,3978.0,0.011887526765049207,85,686
858.0442524682652,1907.2561706629056,373.80010953506536,3.142591529816151,0.040992109299502505,7.249296905651831,2698.0,0.018891872144678433,85,1441
941.2482223658694,1295.2637362637363,203.90295114624334,2.402056864781075,0.08845704835947205,7.1174915073672524,2250.0,0.023800073735211855,85,187
999.2917669715937,1667.0187770823302,136.87990611853505,1.906707113673385,0.04546385031265661,6.9197834099403845,2058.0,0.02678212914407786,85,1675
667.2295785440613,801.2113409961686,430.0151119034382,3.210877107702237,0.09389910875513155,8.040129295359304,2718.0,0.018719530189400386,85,726
691.7960848287113,939.0449240808132,525.1786094649041,3.292282888154599,0.04456576849864865,9.358183278205091,3427.0,0.014145089847788882,85,204
704.295909090909,751.8966666666666,434.95781433910986,3.2099985839702345,0.07299475419693637,7.842421197932436,2703.0,0.018848489838073173,85,1915
718.0636673483299,920.5457396046353,483.3962982086926,3.3072393791255035,0.030512425500115598,8.50144818935533,3039.0,0.01632872912975822,85,1365
719.4124893797791,1306.4844944774852,310.2699075618984,2.8453855980094134,0.07275710165755836,7.710615799647857,2788.0,0.018140329288474644,85,291
823.9804988662131,599.0377928949357,435.9463548262442,3.100557090362493,0.034038936418985095,8.699156286782198,2551.0,0.020263031156076916,85,1249
1157.9416633819471,1103.0057811062936,499.7129908907021,3.3047784946497174,0.026744735803528704,8.535368389934472,2908.0,0.01705956172760042,86,1511
1257.7023096663816,240.58960650128316,307.01063531795074,3.118592661473287,0.09546924841798804,7.025264751715297,2519.0,0.020388292518099066,86,1616
1181.091059602649,1739.5349337748344,396.5663467323401,2.602819408674406,0.08571127135552761,12.868709264824282,2614.0,0.0194609323248744,86,1795
1228.2849121535953,1286.4933888788264,362.4905298525248,3.112774946593446,0.03834319901017686,7.156578111560442,2880.0,0.017262427186167724,86,1135
1013.5289369100844,1186.7028067560855,528.6675867365567,3.328884263852707,0.05425684029671406,9.060621829315055,3091.0,0.01584273311844029,86,444
1015.4294805387007,1553.7820038478615,443.64218623682484,3.2678965024443745,0.03236434209512412,7.813144910786171,2809.0,0.017799136954223672,86,84
1835.549844676645,1296.749788195425,232.49030360583052,2.2261316767667707,0.10112259428206889,9.454561908850494,1466.0,0.0432128630638468,86,69
1838.6465250110668,1112.7594068171757,296.6368798901842,2.9646732189675458,0.022503508725691915,6.500011312334713,2357.0,0.022191577619152313,86,1911
1687.4321205007825,1952.7026604068858,335.6369477641925,3.110478781033773,0.07298589330599711,7.090921431637869,2827.0,0.017659936410520983,86,110
1328.9369386227545,643.1150823353294,350.8692975062294,3.1060352686053583,0.05947807974531893,7.025264751715297,2472.0,0.020880560062595335,86,13
1356.3428607723577,1218.8353658536585,516.8493843504936,3.1956644600870434,0.015814727337299137,9.979815348231076,3768.0,0.012535042195193228,86,299
1430.7861428294948,594.3497193729437,339.248065159934,3.1658864850634387,0.10045706142288212,6.368697952489568,2404.0,0.02163637577809122,86,54
1495.4434782608696,1628.3920289855073,362.42487317260225,3.0496495403309183,0.08301853207415563,7.55051819109588,2491.0,0.020678723511308728,86,660
1534.9036197121675,1698.8025875854048,451.6523011873787,3.3110975172026635,0.0586425962532304,7.55051819109588,2827.0,0.017659936410520983,86,263
1538.6635428571428,2142.6900571428573,287.2479746612563,2.9880523996170387,0.12255681378258115,6.6313246721798595,2544.0,0.02013578760517187,86,1397
975.3568063476321,1701.5278948673445,264.79339012773636,2.8621091406431614,0.09633599008623327,6.171727912721849,2473.0,0.02086983890731132,86,1675
347.69238671384545,1409.533729026367,575.2181728016609,3.277591995837311,0.10090330887653069,10.964665547069668,3950.0,0.011868869411103964,86,686
372.7102428336681,1574.5201752784371,359.6016359359316,3.0457230179128363,0.08336059972154378,7.484861511173307,2611.0,0.01948892556311444,86,1375
409.3904718486437,1428.1552313653979,288.0358548203272,2.971485181704987,0.2003125108864007,6.6313246721798595,2280.0,0.023165445179876978,86,1501
478.0423855165069,2507.74696485623,308.25811223647963,2.8619273799327125,0.07504005472222289,7.156578111560442,2761.0,0.018181297098326162,86,438
519.915906452148,1923.9754519820865,395.8441232531918,3.098188599666639,0.10156267455466139,8.01011495055389,2691.0,0.018768981209969487,86,139
543.4649846734261,1223.6948832822447,278.44997955163154,2.8861522879907398,0.07107117860487837,6.5656679922572865,2542.0,0.02015575760634722,86,932
559.8208590953466,1706.5769606247966,403.5259548041328,3.1194622263848375,0.09145431490791006,8.141428310399036,2739.0,0.018361992750285192,86,131
315.1122287968442,1083.9544378698224,332.87936720744443,2.9720592347183383,0.08994360383118788,7.090921431637869,2433.0,0.02130745266487743,86,760
184.43316564858065,2209.587136183974,365.4450804490406,3.1993587661518426,0.06514583657828242,6.959608071792724,2665.0,0.018997057814193075,86,158
607.3922002724796,2129.4369891008173,385.5360245053479,3.1328171981030497,0.01759147572082468,7.616174871018452,2656.0,0.019077304334265844,86,1877
640.103711790393,1638.0084217092951,420.9906316635372,3.1908272696909057,0.06547174232592798,8.01011495055389,3045.0,0.016131971369521984,86,1293
826.8572683355292,599.0234226321182,448.50078055109526,3.1429840445722377,0.04774770932217695,8.4697117100119,2539.0,0.020185786989687992,86,1249
858.8944989870656,1907.7536231884058,421.3189150631501,3.201604709064786,0.04271495346500548,7.681831550941025,2826.0,0.017667612629411907,86,1441
941.1454352441614,1295.0293701344656,185.5457774611909,2.2785500908760556,0.07919817348698699,6.434354632412141,2231.0,0.023830961392945677,86,187
669.2597928860873,800.0576316974336,437.470458324103,3.2749120258149307,0.03359628519045925,7.484861511173307,2723.0,0.01849568014097121,86,726
691.5640302380684,940.4699311745459,581.9151541537633,3.266941972233046,0.05356720835427161,11.095978906914814,3616.0,0.013151532270511012,86,204
706.9038156947444,751.1288696904247,455.98564206226854,3.1939692992903383,0.032351257594972975,8.272741670244182,2790.0,0.01794847152650646,86,1915
718.0861905407237,920.7978045805664,484.4806411486652,3.332176697734498,0.015278358499183646,7.878801590708744,3084.0,0.01588607673529133,86,1365
719.4653914415303,1306.4647998422402,332.94502388736703,2.9046165798333914,0.04680072188114692,7.813144910786171,2866.0,0.017365680033443926,86,291
1180.6581867850434,1739.1220761481986,372.1325538576443,2.576373125238412,0.07037706149477593,12.262520555664224,2539.0,0.020236670001033037,87,1795
1257.5384887630507,241.1562555299947,359.04406041481104,3.18066290701296,0.14485114513200256,6.7983922251609945,2556.0,0.020067391311607806,87,1616
1329.6857703203311,642.9838744824581,291.56842917068974,3.085687017719511,0.18720825792125856,6.861928601097079,2374.0,0.02204127929244417,87,13
1224.4646464646464,1313.7105198324712,257.8941499245652,2.7298050163784926,0.01861143548722105,6.671319473288826,2950.0,0.016808690936642164,87,1135
1148.8370237707586,1064.2730380983394,390.2404209994283,3.0886184063502546,0.020386206442736796,7.942046992010508,2626.0,0.01939920691136288,87,1511
1356.7178253548232,1219.1554005292278,528.2414295326029,3.304162310403425,0.024185756603659854,9.276310886668274,3746.0,0.01265645202285577,87,299
1013.894120487746,1186.256428830134,526.2718018785843,3.311597611363299,0.02675871794424826,9.08570175886002,2957.0,0.016760336307352755,87,444
1018.3944080904224,1556.0480368828078,427.2185917942292,3.226226369206887,0.031580056073178354,7.433755984521835,2658.0,0.0191083492410198,87,84
1836.327036868457,1296.7405553026854,279.1788358631534,2.3274792723703492,0.1610840789784536,11.182402164750794,1521.0,0.04089358000930309,87,69
1838.785590920306,1113.3313594868,257.5129316689487,2.9935369150523927,0.03321119147375926,6.671319473288826,2302.0,0.02293369397003154,87,1911
1690.1582472254115,1951.1234213547646,332.0411006419753,2.9772064309373727,0.07255234646281386,6.671319473288826,2786.0,0.01802720195740312,87,110
1430.8828652683967,594.456096693921,357.4556510164089,3.1563984299676826,0.02263807689344806,6.989001352969247,2440.0,0.021282143450243006,87,54
1495.012242725337,1628.5484386089424,358.0910147757698,3.0926089229515226,0.06770780263008608,7.497292360457919,2482.0,0.02082569929807585,87,660
1534.5617580553985,1698.0941209723007,449.58339612373084,3.278115763990878,0.03418792700658843,7.751437864202256,2843.0,0.017584156669582234,87,263
1538.0255311218784,2141.938315318673,340.9361932730271,3.220959591993327,0.11085240856400125,6.163028465800154,2588.0,0.019756312675480444,87,1397
953.4018715882506,1723.2134130491293,244.42443822611537,2.998569973701601,0.3133363235697928,6.290101217672322,2427.0,0.02142750640748573,87,1675
941.3055210918114,1294.822270471464,204.841276017935,2.439592774055909,0.07468625313579214,6.607783097352742,2203.0,0.02428571517231256,87,187
347.31114976199194,1408.241578176492,694.0713707257822,3.2721654922118204,0.0775362811434367,12.897884315025065,4140.0,0.011277513365174244,87,686
372.4835941443715,1574.8610129564192,377.59668218814755,2.9754166922769762,0.04328705618090422,8.13265611981876,2683.0,0.018887115072363226,87,1375
409.21944977607166,1428.5094902964386,297.92206676429817,2.8917706315283747,0.13319037052409705,6.925464977033163,2277.0,0.02326070338937209,87,1501
478.20295404814004,2507.5687454412837,348.43348563348496,3.05594564625288,0.14098625382621294,7.243146856713583,2802.0,0.017900600326526846,87,438
516.9616757176105,1697.5525213343678,409.4919429080618,3.1574410001631463,0.05151312949710312,8.069119743882675,2777.0,0.018099205479650347,87,131
519.4203780839474,1924.9697212431913,396.5940585930367,3.130684512604608,0.06538671658733233,7.560828736394003,2689.0,0.01883477903897853,87,139
314.9885427855353,1084.0585392051557,354.91419597896555,3.1018918265612987,0.05594907111219208,6.73485584922491,2474.0,0.02091112535944683,87,760
544.268496158068,1224.101207464325,289.4081923888629,2.777516758074215,0.09872576736773804,7.179610480777499,2446.0,0.021215715981024223,87,932
184.47178850248403,2210.555180979418,358.0910147757698,3.1895967338118947,0.038439948688920936,6.7983922251609945,2648.0,0.019198300938384896,87,158
612.8912418696112,2134.1387082135834,420.03898131345176,3.137305600623684,0.07785959468086556,8.323265247627011,2716.0,0.01860281199496498,87,1877
828.4983422228629,600.1660660227764,440.75183986861515,3.141444766319418,0.01699528653440072,8.704483503243516,2528.0,0.020347733454181942,87,1249
859.1718005133847,1907.4855152181885,346.52739435540246,3.178442005557377,0.08559598594940862,6.607783097352742,3058.0,0.01609238040726868,87,1441
669.2459988962472,799.3421633554084,460.5116527847373,3.2903757912557827,0.029464234889793176,8.259728871690928,2725.0,0.018526754180261888,87,726
691.9426452410383,939.3420271940668,514.0092813229201,3.2503113856724393,0.03236245212832801,8.958629006987852,3372.0,0.014318330916546307,87,204
706.3164455166868,754.7919849886074,474.0449008591232,3.2956250725293104,0.006366731467321425,8.259728871690928,2728.0,0.018501539593161122,87,1915
718.779482512027,921.537511376934,488.6582673244225,3.3031901067043923,0.03486289872720537,8.513874375435265,2999.0,0.016475951802478926,87,1365
640.3434422385493,1637.9985930905111,406.44219686312977,3.1364667688981958,0.08144233241867678,7.81497424013834,3023.0,0.016317737733233927,87,1293
719.3249432248297,1307.058667676003,335.72621044626817,2.848927710414446,0.12043763116095722,8.005583367946592,2845.0,0.017569006338027538,87,291
1182.5512846046604,1723.6620195180244,322.403275404606,3.0137770357990417,0.18147017361607493,7.833738219351113,2475.0,0.020845020332697407,88,1795
1257.4260807685466,241.3839174524106,360.92985681125083,3.24225021299919,0.10026877633511051,7.063206591218216,2567.0,0.019906122927722737,88,1616
1329.6114963095504,642.2831581301722,287.0872424485149,2.9627901881417085,0.08917357710367217,6.677940777151768,2421.0,0.021438536459091728,88,13
1356.6774427020507,1219.0248492159228,532.3089331018092,3.1970281737179675,0.07647450685681965,10.466387948805174,3814.0,0.01236011827832819,88,299
1146.501986029311,1060.7634570606767,468.8042847498563,3.3077546653130976,0.05981611025880054,7.962160157373262,2879.0,0.017268370979833726,88,1511
1013.9468047957165,1186.340356186707,551.6364347741427,3.324371999493115,0.023590617231316474,9.374801475616906,3085.0,0.01587910348016247,88,444
1018.393515764426,1557.4238548483045,431.7545556304662,3.246468817937693,0.027391201544136233,7.962160157373262,2775.0,0.01806635953907393,88,84
1430.6200597224663,594.2306341120675,365.5530465800482,3.2127009495957544,0.04162568622896128,6.934784653196067,2438.0,0.02124807593638576,88,54
1690.9934407796102,1949.0888305847077,342.62973064309455,3.019582514308831,0.09745616787869203,7.191628529240366,2809.0,0.01779748510415371,88,110
1836.6004278583314,1296.2674114570952,270.1355466295912,2.2477836851279016,0.10952867903320837,11.172708607926996,1540.0,0.04003674483881306,88,69
1836.9008504459655,1114.059738643435,309.5610816023911,2.9956062687963416,0.051803374920040814,6.29267496308532,2356.0,0.022199371446001804,88,1911
1495.453167115903,1628.894373315364,381.15631204973937,3.1079250494835855,0.04854953379574879,8.026371126384337,2515.0,0.020426140042123057,88,660
1535.5097493036212,1697.9628133704734,461.0347574995163,3.348907442509545,0.04068835291435304,7.448472405284664,2814.0,0.017758618274121684,88,263
1538.9245196706313,2142.644098810613,280.73035651641857,3.0259626794190577,0.2539134199995548,6.485307870118544,2549.0,0.020083105853662294,88,1397
372.4119496855346,1574.590201919894,387.9626747649133,3.103238530048785,0.07971393532425863,8.154793064406485,2622.0,0.019384162334596416,88,1375
409.48606994665084,1428.3232562734638,324.97171416504904,3.034576480519694,0.18055629639726858,7.127417560229291,2297.0,0.022938287298955442,88,1501
475.7968855788761,1694.7740352064998,379.35840491742925,3.1478195266742737,0.0965560764371178,7.512683374295739,2676.0,0.018897654313415002,88,131
477.9854445318647,2507.7852084972465,326.44856645230374,2.9900174854565575,0.12016202321998533,6.998995622207142,2807.0,0.017813079514104636,88,438
519.1881077634306,1922.9555236728838,402.79540860647154,3.139739272180738,0.036834619482680256,7.897949188362187,2678.0,0.01888010405214814,88,139
544.7312526183493,1224.2515710096354,306.54316605887055,2.932704227266202,0.09253611424767634,6.870573684184992,2447.0,0.0211486075200704,88,932
347.8647466277798,1409.5308968282902,704.5227519895116,3.160504650585502,0.06381726056603068,14.832733841558253,4241.0,0.010940044532918655,88,686
315.1701382129648,1084.2184154175588,329.8517478098907,2.9543934612976095,0.0906077472604962,6.998995622207142,2413.0,0.021529351414566567,88,760
941.3898734177216,1294.4180831826402,177.54332931562152,2.3378325691026984,0.09519647906330736,6.421096901107469,2195.0,0.02433884987733333,88,187
185.17505204718944,2210.107217210271,370.1120253798345,3.1290483839396592,0.09662645839060194,7.127417560229291,2648.0,0.0191468291024697,88,158
828.2421673982141,598.5488118662025,424.2418722561705,3.0755582540799713,0.03900943696549852,8.925324692539382,2533.0,0.020243087038553247,88,1249
848.1367145741774,1893.9689986934316,540.5921481042378,3.2331135031634455,0.016195000589008225,9.824278258694427,4127.0,0.011286234368377487,88,1441
920.631591119334,1725.7250231267344,277.64823000388697,3.071307941241849,0.24484651494435603,6.356885932096395,2534.0,0.02023301357957869,88,1675
613.8059402636409,2133.647922576339,384.8163372833706,3.1524214059736653,0.018119083055635737,7.384261436273589,2651.0,0.019119817946229453,88,1877
640.0450833061091,1637.8995426331264,393.09955228579923,3.031550311056675,0.14322266096089115,8.283215002428635,3047.0,0.016118308531661137,88,1293
669.5990749030141,798.9243509400179,430.34191431222257,3.201620374588189,0.05079106924131473,8.154793064406485,2722.0,0.01850208043684855,88,726
705.7065137479782,751.2298191442435,436.698800244319,3.1986386973598018,0.06886464947234766,8.283215002428635,2685.0,0.01881893401425204,88,1915
690.1059972105998,940.4589725708972,552.4711773712867,3.33798489948866,0.0067755003623982315,9.246379537594756,3606.0,0.013194408583176479,88,204
719.6662151702786,1307.0561145510835,331.842287849234,2.888772704789714,0.120792041046592,7.962160157373262,2847.0,0.017506294226970764,88,291
718.0005008765339,920.8963185574756,512.7887985224424,3.34092548861252,0.045548251731588926,8.411636940450785,3084.0,0.01588530735328903,88,1365
1155.3015940791347,1025.9242812411044,449.495249004621,3.244013953427345,0.07539923543908472,8.252901668317124,2759.0,0.01808354853580021,89,1511
1257.4167585446528,241.42723263506065,348.1572936355177,3.1835032790193014,0.027013468736987737,6.845430065968467,2569.0,0.0197635593623546,89,1616
1185.7832230370238,1732.8440350563405,357.6897149423336,3.0239608324905816,0.19523674406298375,8.636757559866757,2573.0,0.019724980324404614,89,1795
1329.6874580818244,643.0710932260228,286.16456715025186,2.8773264287527276,0.11245273147020872,6.781454084043528,2435.0,0.021149278373773377,89,13
1014.081824594404,1186.7475899365154,544.1797022535306,3.3385471411787133,0.039034163680110354,9.276517379116147,3066.0,0.015899708362457833,89,444
1019.3252878346511,1556.9604660840616,461.2028536968848,3.30285693303538,0.028609444797134304,8.124949704467245,2788.0,0.01785192832665944,89,84
1691.652934627008,1946.9328773659934,402.2169983620911,3.1262090074197237,0.005184719819786074,7.8050697948425505,2931.0,0.0167914104111614,89,110
1835.3253012048192,1111.6520080321286,318.6003899861959,3.056857456611309,0.05067610666820384,6.333622210568955,2371.0,0.021882057942883778,89,1911
1837.0358555233324,1296.2557342472976,242.6608994412934,2.173225856839372,0.24548346536939,11.067844873014437,1506.0,0.041154042063770206,89,69
941.5667070952093,1294.8829593693147,210.99278838844862,2.4714868849905742,0.050846967424171864,6.525550156343772,2246.0,0.023470338387297663,89,187
1356.7872608257805,1219.3154582074521,508.2252004117149,3.2668726942448827,0.04625542046224706,9.148565415266269,3768.0,0.01245917845266048,89,299
1430.5190166001262,594.4189955873082,304.46169798078444,3.1061286678973774,0.11968206917887132,6.397598192493894,2422.0,0.021294124993889003,89,54
1495.6168224299065,1628.6714311892981,349.1169333643918,2.9089159825462336,0.08448654632934324,7.996997740617367,2468.0,0.020790290554280628,89,660
1535.177501497903,1698.5227681246256,427.10365533089237,3.221803528279654,0.030400317070027667,7.8050697948425505,2805.0,0.017718888949490908,89,263
1538.8008397225265,2142.8477546549834,350.4604289848155,3.281404564849986,0.1395130993192473,6.525550156343772,2570.0,0.019753900462028073,89,1397
372.7618199802176,1570.5608308605342,323.39858863056634,3.0172599435192153,0.10072267794363583,6.909406047893405,2530.0,0.02014776732131334,89,1375
409.4167021729868,1428.4661269706007,300.3032591556634,2.9411208295696856,0.1282698010228515,7.037358011743283,2272.0,0.023121267208352194,89,1501
435.159959246052,1710.4139072847681,251.16970503731028,2.7539163055237994,0.16968624742923566,6.845430065968467,2527.0,0.020177941447329536,89,131
477.9698529411765,2507.991911764706,348.02934167166785,3.027265801890233,0.10359256907882118,7.101333993668222,2806.0,0.017711124828560926,89,438
519.5117731859683,1924.7571680281915,399.4020551573938,3.1543150870051457,0.07338512254447978,7.613141849067734,2678.0,0.018763523188944673,89,139
544.844555598307,1223.5602154674875,332.5471540458326,3.046705813492158,0.050561334772874354,6.845430065968467,2376.0,0.021822985898553728,89,932
185.06460272011452,2210.012347888332,357.4977869965588,3.1284251093795454,0.06276810506624023,6.909406047893405,2653.0,0.018983840249390805,89,158
315.51347542716223,1084.2057424696143,363.19164938787833,3.102585192637937,0.04119420472533744,7.1653099755931615,2481.0,0.020652194971090766,89,760
347.3357203032856,1408.1779696714407,607.5159243592202,3.227214207594806,0.10526768690094016,11.643628710338886,3880.0,0.012043396092834476,89,686
828.3460086676919,598.7121487487767,457.62019870908824,3.1594027611802766,0.02533248014599072,8.636757559866757,2576.0,0.01969614474240415,89,1249
844.5799752441205,1866.1316187594555,465.16936457623103,3.203821985205609,0.08611581976608017,9.084589433341328,3663.0,0.012875919837339716,89,1441
894.5720710059171,1711.4127810650887,270.298523632867,2.9409172179509295,0.17613822117078445,7.037358011743283,2538.0,0.020067742430036225,89,1675
613.9348201936376,2133.8376556016597,370.03707945384684,3.0749624698313585,0.1048743182358887,7.357237921367978,2674.0,0.018798429633190977,89,1877
640.9563393412058,1638.205873213176,411.749419668907,3.1762989591170423,0.08416884693299559,7.8050697948425505,3090.0,0.015751005833911532,89,1293
670.1624170965365,798.4268238761975,434.0770373607107,3.265820854110376,0.04671112496182055,7.549165867142794,2697.0,0.01859947241804053,89,726
690.1490872210953,939.6660243407708,630.803181779898,3.3603251315695646,0.016641166050968166,10.620012999539863,3706.0,0.012701929125169202,89,204
705.4340252576571,751.8271156916824,440.7305394809043,3.2853369409396924,0.03705769650989226,8.124949704467245,2716.0,0.01843826539832092,89,1915
719.765798505956,1307.2483343428225,316.87303847422254,2.8364817841422223,0.07869318242811678,7.8050697948425505,2836.0,0.017481324108914193,89,291
718.6583441138422,921.1190168175938,494.534340279778,3.375028148989028,0.025995038698815507,7.933021758692428,3041.0,0.0160576221544661,89,1365
1164.4013129727416,992.9287855002141,454.608203014602,3.295321055548436,0.04419849451553237,7.980135431824753,2725.0,0.018370921814504768,90,1511
1257.8173959068454,242.13179251940718,367.735021362461,3.1980057300228526,0.14713450283923563,6.812310734484545,2650.0,0.019019058695939624,90,1616
1186.736385905408,1729.5153570755606,344.3136482658046,2.919948219906346,0.13136542960403885,9.018201829460493,2578.0,0.019685804334530925,90,1795
1329.1565872531053,643.1107717369172,318.62150492432,3.1621166767559417,0.1707437791166055,6.8771898843367785,2458.0,0.020907377474056237,90,13
1014.5077131926447,1186.298778230285,525.7157512526502,3.312883090671122,0.03114171788453294,9.277718428869429,3031.0,0.01612843404962407,90,444
1018.2213034337772,1557.9303433777154,462.9127341956879,3.3236954804571814,0.020435489420718038,7.915256281972519,2746.0,0.018197284788167768,90,84
1694.7265818310357,1947.6071049840932,367.0862298639386,3.155115581108242,0.026922144605642517,7.201585633597948,2868.0,0.01725008174605471,90,110
1836.293571069814,1296.3430436966348,258.34877471159484,2.3153561135810485,0.20425445163961714,10.51042227606187,1492.0,0.04177554507463922,90,69
1837.509383378016,1113.1620494489127,217.79930605394875,2.7616571247117654,0.07084692078999981,6.163519235962207,2285.0,0.022961526378535362,90,1911
1431.6918946560982,594.9884939913065,253.74235507208624,3.0423584225331295,0.2564531758091269,6.293277535666675,2568.0,0.019782123247283324,90,54
1495.5311707140268,1628.8501268575571,358.0031488846259,3.0992989888915847,0.04683649386817468,7.07182733389348,2432.0,0.021192306463757166,90,660
1535.6599397590362,1698.5628012048194,430.7975550188322,3.332954295718649,0.06076626275968071,7.201585633597948,2741.0,0.018238328547772117,90,263
1538.6195342205324,2142.9617395437263,273.01146257819966,2.84250732782613,0.11122937619392709,6.682552434780078,2507.0,0.020390707249585593,90,1397
1356.4826645890143,1218.9762368523568,499.6343330120522,3.187838857637262,0.06447091804475089,9.861630777539531,3769.0,0.012460186660958316,90,299
347.2628982528263,1407.9573484069888,631.2741280622345,3.2004463974353863,0.02504573252777767,12.197280172219948,4031.0,0.011529265337775986,90,686
367.7820402546018,1571.1737484947532,377.14249809103484,3.04739216416863,0.08385123859373222,7.915256281972519,2676.0,0.018789254779277315,90,1375
398.5655138011307,1727.9689058862655,390.18320721133387,3.186477915059085,0.10844044287115236,7.396223083154649,2717.0,0.018437944053617837,90,131
409.90892936472676,1428.3094180364283,292.0859326347564,2.8641304095850333,0.15381526593618158,6.9420690341890126,2276.0,0.02307949187813273,90,1501
477.1506948204295,2508.492871322866,359.49536933122727,3.058740335201413,0.03253022069845798,7.266464783450181,2787.0,0.01786756774974425,90,438
520.7644088455511,1923.8152533519067,372.6009576013785,3.121655445127087,0.11926912789355473,7.461102233006883,2601.0,0.01946779093944992,90,139
545.4260830728003,1224.3637784725324,290.52883303830276,2.848528294312971,0.027339879862308684,7.201585633597948,2366.0,0.021951716170879196,90,932
315.4195596951736,1084.6917866215072,306.4891039019523,2.95506855147995,0.04072512860864913,6.682552434780078,2387.0,0.021704248747882918,90,760
184.80450117568023,2209.5562646960025,386.2904582201998,3.2667747497652373,0.0502323429459635,6.682552434780078,2631.0,0.019190579264614135,90,158
828.7666518977994,598.4672869590902,439.2967236494748,3.107487111522657,0.015786584938966352,8.888443529756026,2558.0,0.0198793893347832,90,1249
850.989344978166,1844.473886462882,371.4331329040383,2.957043253571623,0.022856395323693383,8.369410330938155,3238.0,0.01489821541330594,90,1441
875.9253460403903,1688.4830950760154,285.9224133987942,2.9646965971781527,0.1800331424311058,6.487914985223377,2507.0,0.020390707249585593,90,1675
941.249746878164,1295.0317246034424,192.23692101216864,2.3369545851472675,0.10904275208342373,6.4230358353711425,2199.0,0.024140576728148202,90,187
613.8344478583048,2134.7039580697633,358.9763361324094,3.0517555012247257,0.060880066645589426,7.136706483745714,2614.0,0.01934668870009819,90,1877
640.484833971903,1638.0486909323117,406.4029946743923,3.0967271480345504,0.0654461965602427,8.174772881381454,2973.0,0.01651043479542323,90,1293
690.4746969886293,938.391353242534,519.2278362674268,3.358890322104389,0.05420499284867411,9.018201829460493,3371.0,0.01420218753086076,90,204
706.3194465109359,755.1514655557208,436.05276615686313,3.207661747260544,0.07455590068131271,8.239652031233687,2695.0,0.01862480233500237,90,1915
670.1073765615705,796.8158834027365,436.2474036064198,3.2256039928022653,0.011658205240128922,8.045014581676986,2699.0,0.018590546912046303,90,726
719.3928110202324,1307.3697804563064,301.42853021347804,2.8748093200725022,0.04646565675397441,6.747431584632311,2791.0,0.017836038811799338,90,291
718.8268438538206,921.08,488.21560263805907,3.279311977105772,0.0372023634878452,8.369410330938155,2981.0,0.016456672719014496,90,1365
1177.2012999803032,1734.088438053969,344.45127184174083,3.050071278514343,0.2076004038669308,8.548524768969735,2531.0,0.02018359702208837,91,1795
1258.4902603313308,241.36901511014017,372.67497266627583,3.263895360691209,0.07580921886907271,7.2594615101568385,2610.0,0.019419074450352576,91,1616
1329.7373141373614,642.9860750531036,287.46110671527595,2.8883724315400574,0.14287302629950308,6.920234336785024,2425.0,0.021309261490976127,91,13
1014.1004041424602,1186.2664814347058,537.2001517516061,3.3000761585431473,0.019552733220993716,9.634051723759542,3065.0,0.01594131069522684,91,444
1019.1376879699249,1557.5817669172932,433.12525496113324,3.2058403392405173,0.053209464995439194,7.937915856900468,2764.0,0.018083787026718614,91,84
1167.0177004095963,995.7273259215916,463.7913914339453,3.284113399259001,0.03100972552852172,8.20929759559792,2736.0,0.01831273497323015,91,1511
1356.641652722358,1219.3086626335435,527.091181985126,3.2446873317880374,0.03523438290849595,9.769742593108269,3794.0,0.012387009977246458,91,299
1697.5515713134569,1947.2701450443192,336.78473772353783,3.0203780094391006,0.0884624299211472,6.85238890211066,2806.0,0.01775090127254113,91,110
1836.0489288548004,1295.582385612272,256.5235885037664,2.265619912738591,0.21592974636210147,11.194496721269891,1528.0,0.040354709612097646,91,69
1838.4244780097733,1113.509329187028,305.4401469039821,3.001850458472793,0.10791684509131982,7.055925206133749,2333.0,0.022393210141523314,91,1911
1430.8359560250053,594.4457857296832,314.7349714543698,3.0621569760513156,0.1077521899856776,6.445316294064483,2430.0,0.021253349890724398,91,54
1495.6646501310747,1629.208913087316,336.445510550166,2.896862590026851,0.0364569413776612,7.734379552877379,2454.0,0.020989007589972672,91,660
1535.7764290104487,1698.7539950829748,441.53808886075427,3.297575052861769,0.08565433389597374,7.395152379505564,2783.0,0.01793166235130528,91,263
1538.6430853491556,2143.038338658147,297.29869474305855,3.014191293802816,0.15772188288053282,6.37747085939012,2547.0,0.0200239340961187,91,1397
347.11754457880716,1408.2401106784178,662.0357515524339,3.266749765051594,0.029129163907068954,12.958478022803328,4025.0,0.011569612297790481,91,686
360.5224047796863,1719.1282673637043,363.3801481158881,3.1308589586993714,0.07085807243603079,6.988079771459387,2634.0,0.019198154278089054,91,131
372.1402138157895,1570.0659950657894,330.0001942561015,2.928317113705593,0.11446388044960716,7.123770640808113,2550.0,0.019994278099897605,91,1375
416.75837163493105,1421.7375793390238,309.98579102716445,2.9023277274781996,0.22257640564428027,7.53084324885429,2271.0,0.023188104512542516,91,1501
476.6020155923179,2508.4641566837804,356.7991409524749,3.1867464173755082,0.12389514135847968,7.191616075482475,2779.0,0.017963475528023753,91,438
519.2957246762462,1925.8226006741174,382.4447152593841,3.0615181500368647,0.09322125883121557,7.802224987551742,2628.0,0.019252911735609488,91,139
545.9224259520452,1223.9423735643763,336.71689228886345,2.942836406813634,0.06297301896139626,7.2594615101568385,2405.0,0.021535880931564153,91,932
315.3162870648904,1084.4892565535024,315.7526529744853,3.0188136620343244,0.04885855058130471,6.5131617287388455,2403.0,0.021558808263280636,91,760
184.70435461823863,2210.570201132591,347.4364709674128,3.118407907469403,0.06578693263753486,6.988079771459387,2627.0,0.019262068361421688,91,158
829.2719244823386,598.8786540803898,445.60881494121605,3.1610496799594503,0.03718540052092135,8.344988464946645,2577.0,0.01973127505854307,91,1249
857.937643583853,1659.0062356416147,206.725039452784,2.6483549705213485,0.19506794441354183,6.173934555367031,2499.0,0.020510685195291836,91,1675
941.353500761035,1295.3390410958905,178.2978023242259,2.2918690238594865,0.07049003016835827,6.920234336785024,2207.0,0.024070084994257075,91,187
640.4158097686376,1638.313946015424,422.2699854132352,3.15388323094678,0.03303627522371825,8.41283389962101,3049.0,0.01604234011431155,91,1293
669.5177993527508,795.7791647403297,440.24902560194136,3.304801608158421,0.04689547315149183,7.53084324885429,2697.0,0.018641460846386862,91,726
691.511000929656,938.5422993492408,437.87443538833867,3.1895009046984457,0.04203322598718156,8.548524768969735,3243.0,0.014897563321039203,91,204
706.2144922879178,754.0078727506427,422.2699854132352,3.2044714902981544,0.0469415792737746,7.598688683528653,2669.0,0.01888484229070427,91,1915
613.6622153740798,2134.8721109399075,396.28518393295417,3.1606530632668237,0.06253778060497968,7.462997814179928,2675.0,0.01883215561779766,91,1877
718.8747666044278,921.0240064017071,508.7050691883736,3.367604123905118,0.038273301796799976,8.20929759559792,3009.0,0.01630060632899616,91,1365
1257.8540972684877,240.2045303131246,174.75587911826827,2.653043706021939,0.11890300581895834,6.403446603267658,2356.0,0.02206212471465697,92,1616
1329.504579153947,643.2232882686437,266.9655102053225,2.8994638360247187,0.04994120885723241,6.403446603267658,2302.0,0.022731725522947516,92,13
1356.9386679444178,1219.219333972209,485.9633840370764,3.185658296638549,0.030460353025706766,9.605169904901487,3570.0,0.013272610870531809,92,299
1431.7015821058374,594.8425168212402,320.1141170124441,3.02005781850815,0.11807804140564819,6.461659754206455,2345.0,0.0221953061314292,92,54
1174.29704700332,1705.8628341778788,333.1538628227346,2.455510123538616,0.029145759387179282,11.642630187759378,2411.0,0.021419493678667512,92,1795
1166.802098011586,996.7887897291373,371.80739504609573,3.0516918130046187,0.04428454520871119,7.742349074859987,2489.0,0.02056977377846057,92,1511
1014.5383716855507,1186.2350192734493,498.3627851870402,3.32887604492302,0.01766856622972595,8.499120037064346,2847.0,0.0174013827655467,92,444
1018.9149689991143,1558.0994980808975,394.3358844594101,3.112969906000664,0.03179469203140094,7.451283320166002,2625.0,0.01923903108354837,92,84
1495.3945205479451,1629.2213698630137,318.717001389913,2.8949964708458706,0.1155202178428948,7.451283320166002,2393.0,0.02162564841376532,92,660
1538.6119968114788,2143.076923076923,292.1135914108828,2.9606493206996713,0.12638870424498722,6.403446603267658,2539.0,0.02005966171367284,92,1397
1836.138480392157,1295.6360294117646,237.5096558302913,2.208606161467134,0.19273555044479296,10.420154018044643,1488.0,0.04190246383514394,92,69
1838.0606633442171,1113.0115140058429,338.7423253128591,3.042913555741619,0.04030608154954849,6.810938659839236,2355.0,0.022074166035012152,92,1911
1701.0255047821468,1950.4314558979809,383.4500252338551,3.09985136545783,0.049056502083218066,7.451283320166002,2858.0,0.01731941330216682,92,110
1535.3604749787955,1698.2589765337857,411.7998297410492,3.2332734357838744,0.01537519084089845,7.3348570182884085,2702.0,0.01855923831460136,92,263
338.27298413388394,1690.0528146055206,267.8387074694045,2.758283645254951,0.1970225399216657,7.043791263594424,2469.0,0.020781157586552003,92,131
347.276157635468,1408.7202955665025,590.8634820287884,3.2308244460176447,0.0369959192616274,11.58441703682058,3878.0,0.012054214837111126,92,686
373.4887540164227,1572.1770796144235,326.1100715591402,2.933330358203894,0.07729425817302159,6.9855781126556264,2516.0,0.020291134662627663,92,1375
443.3377581120944,1408.676499508358,118.40554900951288,1.9791191191307682,0.21208764342560263,6.403446603267658,1844.0,0.030611773053989103,92,1501
476.4854704797048,2508.1932656826566,252.4122224706233,2.780359091730201,0.08572623684535925,6.578086056084048,2624.0,0.019248187288446055,92,438
315.17681910757267,1084.4930568413256,314.409228220442,2.989613570058528,0.03250315450476843,6.636299207022845,2376.0,0.021824027290161543,92,760
519.8546867992226,1926.1752130363284,389.38776662961243,3.1290573899337764,0.09984449719387509,7.3348570182884085,2629.0,0.019202493209153296,92,139
185.00596125186289,2209.591952309985,390.6102427993271,3.296975084738884,0.04417837780265672,7.043791263594424,2611.0,0.019368015973439477,92,158
829.1886847905952,599.4668626010287,396.14049213851285,3.0365880539763372,0.010369580320547321,8.324480584247956,2423.0,0.02128422700837796,92,1249
941.3061972863953,1295.2750275027502,158.7472626100991,2.2395092185909875,0.07593572711000812,6.054167697634877,2086.0,0.02587274914909397,92,187
546.491625253083,1223.8785201546107,316.27204905048353,2.926739069838512,0.036684613682032956,7.160217565472018,2359.0,0.02202607944639695,92,932
613.1628312966196,2134.6659260434853,366.8010640653592,3.032516997444093,0.05600115016893174,7.393070169227205,2613.0,0.019349483773209202,92,1877
669.3789570471562,795.0652830684355,443.17671809706076,3.1476223724008165,0.05995059779075173,8.44090688612555,2739.0,0.01824938750430272,92,726
691.0607476635514,938.4968847352025,485.8469577351988,3.255256215200206,0.021949830956959557,8.848398942697127,3240.0,0.014884549350062429,92,204
640.670310391363,1638.201754385965,431.359448456485,3.152318513538285,0.04553109383396625,8.382693735186752,3089.0,0.015760383530807387,92,1293
704.62550481516,752.9155017086051,374.77626574397436,3.0791313735423462,0.15122084821145568,7.8005622257987834,2638.0,0.01912078825466588,92,1915
718.20210986749,921.5077833526309,452.4908222472682,3.2705328193073484,0.01784395743576522,7.8005622257987834,2851.0,0.017371486069616904,92,1365
1329.6572115384615,643.3935096153846,287.47202547063057,3.0950876090495902,0.18582209542380476,6.56486596627642,2428.0,0.02130398919162653,93,13
1258.0119273002651,241.47141234380916,365.0065477249689,3.206186040833594,0.05088150593779826,6.8412813753827955,2591.0,0.019623826619214503,93,1616
1356.9396303901437,1219.370020533881,504.8036408805184,3.243990917141979,0.031204287168197564,9.190812352786988,3694.0,0.012795282088372183,93,299
1014.2393533123028,1186.2599894847529,525.7421081203263,3.3223860719905005,0.024341984686903653,8.776189239127424,3033.0,0.016166495838595103,93,444
1020.2286995515695,1558.9735746316464,431.48445361505225,3.2417292385573897,0.04776022062558962,7.670527602701922,2731.0,0.018378882372665228,93,84
1164.5636678200692,999.8008650519031,399.4202661587127,3.168153599785514,0.06535970085852885,7.3941121935955465,2691.0,0.018718164847782055,93,1511
1835.9850462207721,1295.1392060902665,254.16396867331233,2.2138891248425807,0.15207357322921594,10.987512511978428,1524.0,0.04056675994537843,93,69
1838.0155725922377,1114.4302827024437,288.4394794025029,2.914325274642606,0.060117311661866506,6.910385227659389,2320.0,0.022585222224386046,93,1911
1701.7010562052055,1949.5260279139948,366.3886247705008,3.011984110792509,0.0382461642396132,7.463216045872141,2834.0,0.017559318060457782,93,110
1430.804255319149,593.5883538633818,308.54870041499174,3.0413720602646706,0.0754014546455002,6.8412813753827955,2369.0,0.021985330975451436,93,54
1495.628073124606,1629.176927926035,328.86523298431035,2.9383952834452822,0.11538675857165684,7.739631454978516,2439.0,0.02118160325444709,93,660
1536.006728612624,1698.771707785966,431.3462459104991,3.276751972986415,0.02297729611458137,7.463216045872141,2750.0,0.018221995106498995,93,263
1538.9173621005496,2142.801139833096,339.5072262349058,3.155802296330254,0.12058239121459971,6.56486596627642,2571.0,0.019815578449875398,93,1397
829.1175689629739,599.2346953827998,468.45501458303,3.190791071489488,0.03927485028480668,9.0526046482338,2558.0,0.019942239506076615,93,1249
315.43393725143613,1084.3057887759612,312.76403540386394,2.931837216714382,0.09484535151351474,7.117696784489171,2432.0,0.021259321922307003,93,760
347.53545317395844,1408.814088429848,595.4678950674096,3.252711529881332,0.055828620643978887,11.333031773361398,3859.0,0.012162193080158031,93,686
373.9242260229487,1573.748646893267,319.19069366558716,2.950005595893724,0.16891823171256107,7.463216045872141,2526.0,0.02026102935383949,93,1375
476.10025624599615,2508.4023062139654,215.74222680752612,2.698434784884887,0.3026135301500779,6.357554409446638,2625.0,0.019306227632548308,93,438
519.1686507936508,1925.2761544011544,383.1117570214365,3.1088362637589833,0.06899329999535853,7.739631454978516,2636.0,0.019205664563834574,93,139
444.8665603402446,1406.4455077086657,129.98434613227312,1.9062280754964078,0.08950825832363027,6.979489079935983,1862.0,0.030317377048823764,93,1501
309.6384760309818,1654.666108436257,330.10910232528903,3.0341714449823987,0.1285754142412155,6.772177523106201,2656.0,0.0190254814609907,93,131
184.96403013182675,2210.1229755178906,366.94145558871355,3.20645535322159,0.0711355709053491,6.633969818553013,2629.0,0.01926953762694143,93,158
546.5576756287944,1224.2400260190807,318.70696669965105,2.997650134907279,0.03698938652845459,7.048592932212577,2359.0,0.022105155482901172,93,932
941.421505376344,1295.0648745519713,192.79974785169696,2.381755624876495,0.08883844719352604,6.56486596627642,2184.0,0.02443580722232056,93,187
613.3283203478891,2134.665519115782,381.38416071452167,3.183805734134673,0.07622546358963457,7.255904489042359,2665.0,0.01894549743722437,93,1877
668.5537398921833,794.2006401617251,410.20046711386135,3.2330836965162604,0.022552033540554392,7.463216045872141,2688.0,0.018744116712739997,93,726
691.042930882538,939.1676948256327,548.8918986329853,3.386307418155217,0.03635873899155751,8.776189239127424,3498.0,0.013638607191401838,93,204
705.8660685154975,753.3990212071778,423.60661445552057,3.2555386360426932,0.07960288354635352,7.80873530725511,2652.0,0.019061247103317046,93,1915
640.5513896661071,1638.1990300317104,370.46575205481986,3.058437252203624,0.07080205982715851,7.739631454978516,3008.0,0.016329215599372976,93,1293
718.9912319809779,921.474513300639,464.9998219692003,3.2877775699373686,0.03591811112988403,8.223358420914673,3000.0,0.01638197997109242,93,1365
1356.965092402464,1219.511293634497,490.1878579847598,3.2259614869679414,0.03772114718389884,9.24764054463035,3668.0,0.013071923526572524,94,299
1163.1738556338028,1000.881161971831,428.78855749796236,3.1648978875309157,0.060058488027017506,7.612003441498452,2740.0,0.018547920909093896,94,1511
1329.487137938019,643.0194450070893,310.5823222370071,3.0038123100089646,0.1374396239144001,7.1087304866886365,2449.0,0.02135287014001407,94,13
1257.989174800355,241.99307897071873,354.4928875441634,3.2492986069988308,0.11527391991649881,6.416730173825141,2510.0,0.020696771378338603,94,1616
1014.2790641289853,1186.818887137835,518.9373255282704,3.3240181798879322,0.0403734074245134,8.996004067225442,2976.0,0.016762180697644947,94,444
1020.7745690958573,1560.9263683096463,416.08091538901454,3.2075658970586076,0.04008417965965418,7.989458157605813,2694.0,0.018941237196881597,94,84
1431.8030734206034,593.9755264655663,331.59396810031683,3.067970902122469,0.009892270819911245,6.542548412527594,2380.0,0.022147017545046083,94,54
1838.1844197138314,1116.8733439321675,237.41901643153022,2.8748862330892586,0.12180702387077615,6.22800281577146,2288.0,0.02330256371657669,94,1911
1840.7475512021372,1272.0792520035618,141.29388206285554,2.2937640500636074,0.2606820980625439,6.039275457717779,1949.0,0.02884901042939376,94,69
1704.3696416022487,1948.7368236120872,179.03935367359168,2.3538816792574306,0.18689450144177672,6.416730173825141,2502.0,0.020780510678550492,94,110
1495.864826752619,1629.3746978243353,312.2808684594902,2.8180450530521024,0.10369780542638612,7.737821680200905,2411.0,0.02178303887653924,94,660
1536.2707123203913,1698.657902782024,411.5514587957262,3.2137021302293114,0.05531478116873246,7.360366964093544,2703.0,0.018862976879221543,94,263
1539.2231931979215,2143.767831837506,266.3572113330946,2.843334945729074,0.1104819302766953,6.794184889932502,2513.0,0.020665542873079645,94,1397
315.3290553334736,1084.3829160530192,299.0070442763813,2.898014003979757,0.06514465481857175,6.668366651230048,2378.0,0.02217091818042374,94,760
347.32013943551107,1409.6084560890588,559.4507983904606,3.1645703959734615,0.05390381183803255,11.323641483220836,3783.0,0.012610550801600744,94,686
373.47405954715634,1574.0024959885898,352.8572504410315,2.9725072931404597,0.02975328923629797,7.989458157605813,2598.0,0.019818291132057804,94,1375
444.0527027027027,1405.5963963963964,139.65824495972365,1.9671857613910841,0.16012085228576117,6.9200031286349555,1848.0,0.031050962617341856,94,1501
475.94467802611194,2507.6594379287453,284.2863103481942,2.911507412821545,0.17747301192343973,6.416730173825141,2644.0,0.019388120974684266,94,438
519.173883161512,1926.7857388316152,366.1310746241404,3.037028073446201,0.026409522548210794,7.423276083444771,2598.0,0.019818291132057804,94,139
278.687682748538,1632.388888888889,344.23870108991343,3.081762283488106,0.051399615011025655,6.857094009283729,2600.0,0.019799191536171667,94,131
185.53044125861106,2210.1087320796873,337.88488003543955,3.075176738286739,0.03638700802750109,6.794184889932502,2582.0,0.01997242479626444,94,158
548.0012031281332,1224.3130138359736,313.7277782045684,2.9430460329180845,0.0759418001564452,6.9829122479861825,2349.0,0.02252336654818398,94,932
829.1711491442543,599.119804400978,437.40710684908044,3.1047441463965484,0.06388241103999034,8.429821993064401,2499.0,0.020812087880433774,94,1249
941.8091720529394,1294.9553708833487,204.3917287721361,2.3976108966418854,0.04724557252246144,6.668366651230048,2211.0,0.024366634452091848,94,187
612.5589118530295,2134.892951775305,356.1285246472953,3.0861160619201864,0.0668642667106627,7.549094322147225,2604.0,0.019761102573716983,94,1877
640.4304711869972,1638.3500246264982,383.17944596832285,2.9946046816142995,0.10068217291287476,8.429821993064401,2969.0,0.016810185156345348,94,1293
704.7857258194736,753.4358146294203,389.596176142148,3.0606127220109562,0.04272879249028644,8.115276396308266,2645.0,0.01937897674588006,94,1915
668.9687363676021,794.86520285008,432.6260137783872,3.225426105812082,0.04889464153340527,8.178185515659493,2655.0,0.019288006637892704,94,726
718.9909021014864,921.2657611481292,490.9427674169745,3.3675228505003085,0.04484661508132525,7.800730799552132,2956.0,0.016900069668594846,94,1365
719.89436713055,970.4487740225314,474.64930550500674,3.1927892581853197,0.030658179248795246,9.24764054463035,3306.0,0.014773325169591988,94,204
1161.6669251046674,999.5568305163591,389.7857634503853,3.1963937269691,0.06061427254648633,7.313393918048785,2552.0,0.019778323277533663,95,1511
1356.9783294472638,1219.2931010835277,440.67731451647677,3.0955390186423846,0.021583753608083567,8.884866991348524,3442.0,0.013748549900513643,95,299
1258.8479219874623,242.11957278848385,260.32055871930675,3.115902126920242,0.30348128663979934,6.4067748372989355,2377.0,0.02164490882307525,95,1616
1329.8409525834575,643.6802041250265,284.2553024511028,2.8776156643210404,0.20385289374694085,6.8298637416488654,2355.0,0.021904794438034874,95,13
1430.2701789264413,588.2459244532803,304.0195984114495,3.026654288633339,0.029424128901350904,6.225451021148966,2309.0,0.02246887743183073,95,54
1014.8653061224489,1186.4269132653062,473.8595728719213,3.2458961531038995,0.022013833248242777,8.461778086998594,2800.0,0.017624444720188596,95,444
1019.6037677097929,1559.6425346411334,388.2142903770855,3.165746730032408,0.02317845612482403,7.192511373948805,2546.0,0.019836975001964987,95,84
1836.9541380029184,1115.4707108609548,289.9367820238018,3.1875565861307127,0.0819168529954272,6.225451021148966,2305.0,0.022519304178657402,95,1911
1873.4889986528963,1252.6533453075888,134.60271285532764,2.341902710861331,0.290832913088129,6.104568477048986,1887.0,0.029418871904815524,95,69
1704.386820130896,1948.8914466260437,267.81527645350553,2.7027156031824453,0.04259483298641811,7.132070101898815,2679.0,0.01861343484333023,95,110
1495.7899365923502,1629.3006749846595,295.4973790524009,2.7907526343090763,0.12502761851621808,7.555159006248745,2327.0,0.02224472393492936,95,660
1536.6108767701114,1698.2890931003315,401.20916386783335,3.209469267622483,0.07959677986978779,7.192511373948805,2653.0,0.018840609265465026,95,263
1537.596113664856,2139.4791057250313,289.27192803125195,2.988066528644767,0.1317109793834829,6.467216109348926,2461.0,0.02070688382667756,95,1397
315.49727520435965,1084.6588166601791,310.54725579284843,2.9651537933630117,0.06444283612243328,6.8298637416488654,2352.0,0.02194071770984287,95,760
347.19156651471195,1409.6858682138418,583.379157826503,3.2019180689624327,0.06021311775756821,11.544282961548083,3858.0,0.01203374178192837,95,686
373.77668997668997,1573.7306915306915,388.93958564168537,3.078764018041636,0.06441449360413251,7.796924094448705,2625.0,0.019091542749368834,95,1375
444.8853472882969,1404.4828734538535,127.0475538490789,1.9260841597123832,0.11206016096835633,6.648539925498896,1818.0,0.030986002826693206,95,1501
475.70986622073576,2507.9071906354516,289.151045487152,2.867401256635559,0.09701215480893331,6.648539925498896,2655.0,0.01882293762124684,95,438
184.48826451944493,2210.6580435155047,352.7957049557914,3.1766019688541958,0.04751243477788562,7.071628829848826,2598.0,0.019339927105321755,95,158
235.6484487363879,1625.2919663036778,294.1676710673011,2.8522985731152324,0.08873262163702111,6.950746285748846,2518.0,0.020115347050270738,95,131
519.1909296320207,1925.4267269205939,374.4941216217378,3.079718741612139,0.08906659816973199,7.796924094448705,2597.0,0.019349250704660308,95,139
941.5960182496889,1295.438822065533,145.7239069125258,2.2283568947624848,0.13906823563722853,6.104568477048986,2048.0,0.026313618267268902,95,187
828.437054631829,599.7646971496437,407.13240852873236,3.128934577687576,0.06956921334219757,8.159571726748645,2369.0,0.021738696084895114,95,1249
548.1443829868396,1223.8901392332634,316.89358935809736,2.9521907284714097,0.12269836363662419,6.708981197548885,2321.0,0.02231894317701134,95,932
613.8630298273156,2135.473116169545,308.0087223667488,2.814412614977935,0.04324265406084361,7.373835190098775,2556.0,0.019739414431953328,95,1877
641.0599057992346,1638.3572269649692,410.6380023076318,3.1132580403095336,0.05484887737481557,8.220012998798634,2968.0,0.016413587704122684,95,1293
668.9520940484938,794.7522409992653,411.3028563001817,3.1828895969900497,0.08989161549441668,7.736482822398715,2610.0,0.019228740738161196,95,726
707.1361702127659,752.9963316214233,411.90726902068155,3.0850264365890627,0.035923340400091215,8.280454270848624,2620.0,0.01913705735719058,95,1915
733.5851769911504,1001.6073008849557,54.638909933190924,1.7121378242429959,0.20093988457511403,5.983685932949006,2340.0,0.022085596841325637,95,204
718.9845778177612,921.5922117979694,470.2935378209719,3.3058737007530907,0.015035644161795345,7.857365366498695,2874.0,0.01706976866786641,95,1365
1258.4534582419774,242.44568467211482,330.40226427237894,3.1541361488568014,0.08165640465303786,6.45394098040525,2477.0,0.021148515353466874,96,1616
1162.0286447199658,999.7342169018099,462.1153455051392,3.266204491012883,0.07665742185876394,8.034497955198372,2744.0,0.018603756601864602,96,1511
1015.4325490742029,1186.495336210497,473.04753124745827,3.2271859602095496,0.012780831492442052,9.022346064444074,2932.0,0.017150661018205365,96,444
1020.6937603867653,1560.0069496902856,435.90444233981987,3.2195908468829586,0.03820275605569211,7.836928333349232,2717.0,0.01883291553576742,96,84
1329.850451224753,643.822518263859,306.49634002863297,3.1110377819613055,0.15359719299895078,6.45394098040525,2417.0,0.021819210221657354,96,13
1357.038643533123,1219.9065457413249,501.0365610094198,3.2392952395221317,0.06052720442896432,9.088202605060454,3736.0,0.012856231958040509,96,299
1704.9746518105849,1949.8384401114206,236.42498081280456,2.7085442029186724,0.20154227169046995,6.38808443978887,2602.0,0.019875695188245845,96,110
1836.7932566649242,1115.4678515420806,251.96712439827027,3.038221409989943,0.05817053694564201,5.992945196090589,2289.0,0.023402522146249678,96,1911
1901.0439105219552,1241.7899751449875,158.97768904794157,2.3485615827290443,0.2345346810686218,6.38808443978887,1907.0,0.029871542136679446,96,69
1428.079017949247,578.9890654012792,319.20665236759436,3.0705882957419735,0.09656867793823558,6.32222789917249,2379.0,0.02226643739230225,96,54
1496.1212510711225,1629.3221936589546,307.4183315972623,2.7945963281898396,0.06305405893947956,7.375932549034571,2373.0,0.022338733573247935,96,660
1515.8179028132993,2114.025063938619,257.4990738100462,2.7545823249934354,0.09398827840559834,6.19051481793973,2497.0,0.020934020269808593,96,1397
1536.1186725799053,1698.8516592751184,430.6359190905095,3.2498544204928157,0.008337738552459699,7.310076008418191,2698.0,0.018997589323966654,96,263
315.48111696040286,1084.5651178759442,287.72722595296466,2.983973365728867,0.023010514042773957,6.38808443978887,2344.0,0.02269488888729209,96,760
347.29453851657524,1409.5914619604102,552.2729496089636,3.1768375288879835,0.05973781039668175,10.800472661086337,3797.0,0.012616548036535738,96,686
373.9542372881356,1573.4446327683615,349.69823067297835,2.9649553878561816,0.054924690412398836,7.310076008418191,2598.0,0.019914047954114902,96,1375
445.37011779293243,1404.8859268443894,106.2266000142211,1.8138750208998726,0.2138390877738353,6.32222789917249,1778.0,0.03294706459764619,96,1501
475.4819352811813,2508.04712535344,209.62136878193786,2.5370023202306684,0.13709563969343944,6.25637135855611,2572.0,0.02016699458530778,96,438
518.4590533433509,1925.4111570247933,350.6202222416077,3.140732374739535,0.11644067455691391,7.244219467801811,2547.0,0.020416347274396607,96,139
185.51409366869038,2210.8117953165656,303.73036532274506,2.9647758639865787,0.09313900723530932,6.51979752102163,2547.0,0.020416347274396607,96,158
828.6229681978799,599.4416961130742,372.7480198887114,2.971478079811222,0.06393222417227093,8.429637198896653,2511.0,0.02078644428060625,96,1249
548.323736661969,1223.845983491041,327.10943724156,2.91566584303386,0.06572646723528941,7.244219467801811,2334.0,0.0228203488521148,96,932
941.275802254987,1295.2597571552471,151.86518266137253,2.175815186529488,0.06697419765755598,6.38808443978887,2113.0,0.025996359155699734,96,187
613.2224009652122,2135.5616328172127,327.50457648525827,2.938815721401997,0.03557615630966528,6.9149367647199105,2576.0,0.020127662286351693,96,1877
640.8899681795344,1638.8976720817284,393.2294040204056,3.0419938106439304,0.12151509830317733,8.166211036431132,3018.0,0.016559006201183044,96,1293
668.5501713166911,794.6787404144233,403.63473743779366,3.174919045889573,0.06312397904172008,7.902784873965612,2630.0,0.019611307198138275,96,726
707.5108484213677,753.058357025288,440.1192609392682,3.234974590553419,0.11171830733348105,8.166211036431132,2670.0,0.019245584048980885,96,1915
718.9345518075528,921.6446714151324,490.0385187264843,3.306885625679408,0.017853665024050534,8.297924117663893,2902.0,0.017367124609671655,96,1365
1258.4259868421052,242.23757309941521,342.96838223756515,3.2823680565225364,0.14801068231333414,6.5810818960059105,2487.0,0.020908868122998796,97,1616
1331.030576974209,643.7189577240096,235.72808581788792,2.8327480614003058,0.27411486482314,6.393050984691456,2387.0,0.022031630757015586,97,13
1357.206327199395,1219.7882530879758,497.27908345629425,3.2398257491413944,0.08686333234442213,9.40154556572273,3727.0,0.01281242433306015,97,299
1161.9795725108224,999.4944534632035,463.30816547881614,3.285396653195953,0.041938774084057044,7.959975245645245,2804.0,0.01800087033308616,97,1511
1425.9071837253655,573.4895104895105,295.7726234976371,2.96082352535475,0.1282843478888367,6.643758866444062,2388.0,0.0220198065798814,97,54
1015.224191461837,1185.4018111254852,484.49298148691133,3.287968580568351,0.06702714719268259,8.774775861341213,2912.0,0.017186511565227484,97,444
1019.0822931785196,1560.399129172714,431.84432631886403,3.2279844934099686,0.04382475097220575,7.521236452578184,2703.0,0.018835518090199087,97,84
1705.820402914702,1950.7831118731247,146.22537203220753,2.1754386268132895,0.21160985297551552,6.14234310293885,2488.0,0.02089821809955818,97,110
1488.7022000453617,2103.4733499659787,276.34276266181007,3.0090586754072355,0.05348849691634643,6.14234310293885,2528.0,0.02048093592736404,97,1397
1496.060233558697,1629.4320835894284,305.9262927086176,2.8971653201069354,0.1419051381708323,7.77194433433079,2407.0,0.021797534325677447,97,660
1536.4588050314464,1698.6893081761007,398.62553198664375,3.206126211336489,0.10340502136682897,7.207851600387426,2683.0,0.019010060857082497,97,263
549.0500197706604,1223.011862396204,317.0201164761704,2.9716932637963374,0.0207439598997971,6.643758866444062,2341.0,0.022589617836478042,97,932
347.51641858879674,1409.5794796045905,551.6200168261716,3.1901450340117408,0.045879584824559866,10.905792856238365,3835.0,0.012394409500036487,97,686
373.6103781882146,1573.5649956024627,356.31857694089143,3.0511903468943937,0.12574083077140644,7.458559482140032,2576.0,0.02000167913650188,97,1375
444.71354436948627,1402.0866632070577,120.778522034318,1.8373114990032273,0.06370852855207129,6.831789777758517,1788.0,0.03247828915612005,97,1501
518.2834701892182,1924.7916815423064,351.11638839452485,2.9925827622169976,0.10420499639987342,7.6465903934544865,2598.0,0.019789436153819197,97,139
315.9685731016982,1084.9394885809097,321.09411955465026,2.9846049126277583,0.057635897876175284,6.643758866444062,2370.0,0.022234602564726834,97,760
185.29153309447483,2210.1617952102583,332.3759742335176,3.0253190174687434,0.13976841365012285,7.082497659511123,2585.0,0.019914304598164595,97,158
613.8589689857502,2136.613160100587,299.0945029308591,2.8677543632629017,0.05353930053563186,7.145174629949274,2547.0,0.02028850967171961,97,1877
640.8010240112994,1637.9763418079096,355.00236056169024,2.946108464524985,0.15593117157558137,7.834621304768941,2997.0,0.01659561588169194,97,1293
829.9557364538285,598.9483591961333,492.76634158474735,3.1262748607911877,0.02713733565895137,9.652253447475335,2895.0,0.017309776313939297,97,1249
941.6461916461916,1295.5802620802622,153.05716180996603,2.215554424671488,0.14100284651580483,6.393050984691456,2150.0,0.025244326194839385,97,187
718.9069888282671,921.6726422447389,482.4873184328905,3.2535130003330144,0.006236450974469585,8.461391009150457,2924.0,0.017100552850200523,97,1365
668.2141592920354,794.7824617860016,389.5373712731118,3.07338508765552,0.03479938492317244,8.022652216083396,2640.0,0.01939650454518208,97,726
708.5351653469958,753.6627852817885,403.702366592134,3.1440349476766936,0.022713485545095592,8.085329186521548,2633.0,0.01946090595124473,97,1915
1162.6638557720269,999.3274207618493,452.9366959274717,3.2362622619809702,0.008725059040036082,8.034061777137474,2772.0,0.017923729947875142,98,1511
1258.6241042345277,242.08469055374593,404.3372074723286,3.4007088741769027,0.047522285001461065,6.8487084001827645,2576.0,0.019635831740206215,98,1616
942.2626984126985,1295.1559523809524,165.9494727736593,2.2195916970441436,0.0897003805382581,6.25603171170541,2171.0,0.024464626290570533,98,187
1015.0686737994527,1184.6730529982583,529.326135775664,3.314485988430839,0.02751814008564522,9.021856257933065,2991.0,0.016332539908537443,98,444
1019.9550260610573,1560.5094564408041,442.20266256949293,3.2135695168245366,0.04392639057469823,8.42917956945571,2763.0,0.017995780515351802,98,84
1330.6187576126674,643.7130328867235,270.3264229110601,2.9606020390483994,0.11418061158300181,6.782855434796391,2369.0,0.02183900308165619,98,13
1357.9157007376186,1219.3560326659642,499.9557132133418,3.2160318571520823,0.00740326990855258,9.351121084864928,3624.0,0.012997426386669512,98,299
1705.9195162635529,1951.1734778982486,157.9154109965218,2.2595363655307614,0.27342603085284867,6.585296538637274,2499.0,0.020401421786787822,98,110
1429.416043645181,567.5586987270156,325.90632569715865,3.115153714211271,0.07809521013768347,6.519443573250901,2400.0,0.02147810360434018,98,54
1480.8240620957308,2128.2345838723586,152.71302673099837,2.2478968178038965,0.18284058557648603,6.190178746319037,2234.0,0.023563241978113755,98,1397
1496.1056412053258,1629.8353188507358,375.8887264254156,3.0908062688772495,0.06754237211891279,7.968208811751101,2476.0,0.02064182046969301,98,660
1536.9684867394697,1698.9294851794073,422.1175081266492,3.2153104871631224,0.029459074237451047,7.573091019432865,2716.0,0.01838165764149752,98,263
347.36675520141654,1409.871181938911,595.0473952312641,3.2213253014332204,0.0720655657238627,11.590121908001601,3875.0,0.012023849123996231,98,686
373.7552795031056,1573.652528837622,371.08145995221037,3.0717246715571216,0.12859587326682062,7.3755321232737465,2629.0,0.01914141293518907,98,1375
518.8428453267163,1924.9636062861869,398.0811757606232,3.178036703220097,0.10722547382276644,7.573091019432865,2639.0,0.019050905256531015,98,139
549.372482552343,1222.9126620139582,330.25262141265927,2.981364519277972,0.06276960279632103,7.112120261728255,2381.0,0.021697870597090965,98,932
446.05696484201155,1401.3849577214064,147.97161322317953,2.008991802891552,0.0972216057465605,7.112120261728255,1870.0,0.029935973627721425,98,1501
315.56646734130635,1084.83118675253,286.32869349994866,2.867553153048183,0.04504168168802101,6.782855434796391,2376.0,0.021756453520366207,98,760
159.41650873868184,2207.9048220678037,312.7357326198841,3.1174455962684946,0.16544824172016032,6.98041433095551,2579.0,0.01960716481107645,98,158
613.7219242083405,2135.6153313722098,380.56428696784803,3.104401309857633,0.044262046800597685,7.507238054046492,2644.0,0.019005971625500502,98,1877
830.0328154493974,600.2928706258167,453.52937261594906,3.184628938847858,0.01377296456635618,8.42917956945571,2563.0,0.019761029929229106,98,1249
667.455200133981,794.4069670072015,393.2080563220316,3.150737672581914,0.012819850320435318,8.099914742523847,2635.0,0.01908700542446221,98,726
706.5262447510498,755.9869526094781,439.1075731963334,3.2387963874859564,0.006122504843843565,8.231620673296591,2686.0,0.018636734799632088,98,1915
641.3539161520962,1638.3155671108223,405.25914898773783,3.119127566496856,0.10200318867037729,8.034061777137474,3028.0,0.01609119421959445,98,1293
719.6150026838433,921.8577563070317,490.73629805924963,3.3613756034392632,0.024767294446118162,8.099914742523847,2884.0,0.017073073979521507,98,1365
1162.2132625994695,999.7375331564987,421.58849230966507,3.1771523542675943,0.05609588848844791,7.492421481365401,2606.0,0.018888082954387507,99,1511
1257.782490079365,241.37450396825398,225.44360755869624,2.86246404288777,0.05986144591526124,6.653717584197632,2365.0,0.02135861262413034,99,1616
1330.446504688832,643.8002983802216,262.34657903407805,2.9418924959625077,0.157417744754588,6.541890397908596,2279.0,0.02240433312587824,99,13
1357.393286890437,1219.473590880304,441.43781787596896,3.1365382304271328,0.04788652250709647,8.61069334425576,3427.0,0.013549143535730382,99,299
1013.8682440547682,1182.609896709104,465.53657652125617,3.2574126924531805,0.023603697475471086,8.33112537853317,2796.0,0.017309597572466775,99,444
1021.6453488372093,1560.7507453786523,375.0683828134262,3.062044752771999,0.03463501941502855,7.716075853943472,2616.0,0.01879786178656962,99,84
1704.9683590875643,1951.9031150355654,227.95971925019956,2.5510245528641375,0.0743765530758134,6.877371956775704,2458.0,0.020332356381849558,99,110
1496.094856736074,1629.7453283502402,314.17847987904617,2.938837883960989,0.1375913957650345,7.101026329353775,2391.0,0.02106141452070492,99,660
1536.8759547010798,1698.7083223597576,424.60782633946906,3.276861201065866,0.012530058396672775,7.3805942950763646,2687.0,0.01818126259497598,99,263
373.7876093078405,1573.699273751297,377.2490129460624,3.0902151019013178,0.10686031058281809,7.548335074509919,2595.0,0.01898833182528602,99,1375
315.84928185040104,1084.8274575638873,299.7527728477605,2.943254913702855,0.115978550910655,6.4859768047640785,2389.0,0.02108398195975296,99,760
347.1780515117581,1409.8564762971257,599.170064136654,3.2209594948072926,0.03172550122855719,11.462286594626173,4018.0,0.011258348982310016,99,686
444.49584231598396,1400.7884200800738,181.5514369402497,2.191480550538321,0.08421676507053197,7.3805942950763646,1931.0,0.027939679406494534,99,1501
121.75885225885226,2197.4221611721614,183.1729311414407,2.8254577033130817,0.08990905437019961,6.262322432186006,2368.0,0.02132389316886297,99,158
518.6998118396294,1925.1735417571283,386.3070150354743,3.0920878677159345,0.024929613578267836,7.604248667654437,2671.0,0.01831665751118418,99,139
830.2652858561498,600.5284437508866,394.13491807570676,3.011516175943358,0.025909171722636314,8.219298192244134,2395.0,0.021016424264641776,99,1249
549.2235568304052,1223.0808533524562,311.8860225601209,2.9585398509197236,0.027650501452626926,6.4859768047640785,2305.0,0.02207754352357743,99,932
613.8695652173913,2135.98254022595,326.6472111502737,2.8906820045130073,0.056884677466785216,7.436507888220883,2582.0,0.019108188380006937,99,1877
644.5279743849005,1638.010785305022,331.7912617195693,2.936210939543762,0.051028704870134986,7.548335074509919,2880.0,0.016692848068858814,99,1293
706.7202673213311,752.6358428805237,409.9584649356054,3.229344956625355,0.03791998030649622,7.156939922498293,2595.0,0.01898833182528602,99,1915
719.4004021616187,921.9743621968079,444.9044606509291,3.2601770742916845,0.026951880932451697,7.827903040232508,2810.0,0.01720366049662284,99,1365
666.004770423375,794.6468395945141,375.0683828134262,3.1055521864599984,0.029866598546565672,7.492421481365401,2586.0,0.01907114859422842,99,726
1162.1158291457286,999.1956030150753,491.28704764483837,3.359210693364151,0.03560620624378984,7.838373750112371,2797.0,0.017750590862331224,100,1511
1258.244299098462,242.1064168287078,349.1470890109109,3.1978537083659093,0.0960670444062719,6.5422647048182,2525.0,0.020164735978826315,100,1616
997.2027537468015,1172.6767393688315,506.5317587966317,3.2993495302888016,0.029772724940111905,8.764165925322494,2969.0,0.01650134018705007,100,444
1018.8247478877079,1560.876669392205,452.89753211279196,3.232580631873621,0.01267149379193524,7.961812706807054,2823.0,0.017549752682456735,100,84
1330.626293508937,643.9040451552211,262.43122193289605,2.8231421683521587,0.22697839956009305,7.159459488291614,2421.0,0.02127084984201238,100,13
1705.0865827448572,1952.9668406509059,201.02034097729128,2.511013505354209,0.12879617912594873,6.418825748123517,2404.0,0.021463300492494435,100,110
1536.668810289389,1698.5230439442657,403.08991308648734,3.2107135767654085,0.04500003972597413,7.406337401680981,2772.0,0.01794808768797707,100,263
1359.9477172312224,1220.042587137948,502.8903095741386,3.1423633967495266,0.042486412879275806,9.87511653557464,3738.0,0.012551840500226393,100,299
1496.4780230513772,1630.2971283453799,315.94200966004115,2.9058616686806213,0.0637745109103714,7.344617923333639,2379.0,0.02175272769855058,100,660
642.3539228435197,1645.084091894235,284.7736730946337,2.6091682571971044,0.1120531835574855,8.023532185154396,2863.0,0.01724949339411063,100,1293
315.9149265274555,1085.203596287703,319.21314201245025,3.027043613733234,0.03971995801747704,6.603984183165541,2503.0,0.020389021228773778,100,760
347.3174342105263,1410.4054824561404,562.8816425277545,3.1852008391881528,0.07622185105514571,11.171225580868812,3984.0,0.011659154563397823,100,686
373.8596093477503,1573.6304499476805,353.8994888436562,2.9737251901952098,0.08073576332718134,7.838373750112371,2602.0,0.01941715544058542,100,1375
445.49075215782983,1399.7736128236745,250.2724846984698,2.6496166812081747,0.12182517216330434,7.159459488291614,2144.0,0.02491026964462655,100,1501
518.7763177998472,1925.546371275783,403.95398578335016,3.1723836991458914,0.0065632500755349035,7.529776358375663,2672.0,0.01878406981144377,100,139
830.2697601816376,600.4166311905775,434.9371639137156,3.1399638186998953,0.007430628924557543,8.393849055238444,2545.0,0.019965079824820365,100,1249
613.2738073139038,2135.9537776127713,332.4828298571287,2.9604784907180264,0.10143817951146615,6.97430105324959,2611.0,0.019333378406267317,100,1877
664.8457764832133,795.0860033726813,402.59615725970866,3.1604591791231176,0.015117775703103907,7.468056880028322,2669.0,0.018810354148936375,100,726
706.1099345130277,753.3965445172078,442.96069609886996,3.2540261339662044,0.043060363908005175,7.653215315070346,2702.0,0.0185252108394277,100,1915
719.6396755750565,921.47081505119,464.19219665035547,3.274666552761928,0.020121159234718387,8.146971141849079,2911.0,0.016902471474337495,100,1365
549.4527772910461,1223.2297178903102,352.23306292827795,3.0040857639852194,0.061356558737291324,7.282898444986298,2420.0,0.02128207488267906,100,932
