y,x,mass,size,ecc,signal,raw_mass,ep,frame,particle
1854.9066336279259,976.594112516574,158682.4,21.479714885869573,0.19487282185424853,79.6,1625853.0,,0,2
1650.4472578836449,1712.6556911119274,165507.2,21.51102385634567,0.1717179618865652,68.8,1716289.0,,0,5
966.9981520280965,1503.4396304056193,132686.0,17.132631903877332,0.047986858391494414,88.8,1512828.0,,0,12
613.8117203049412,353.27119779584797,143293.2,18.676041688938295,0.19869062793383224,102.0,1410785.0,,0,15
488.58860696118876,1345.3640705731566,119841.6,17.660942398318113,0.09496072995715381,89.6,1495438.0,,0,16
437.2936053051887,71.13544314230407,179567.6,22.354245233145264,0.32411329999130883,99.2,1458576.0,,0,17
1650.6691813013115,1712.825639176373,174542.17541542248,22.81619386609145,0.2067905793477543,70.91372506149892,1700366.0,,1,5
1853.962359515367,975.0096024457168,167450.80290927258,21.381387061610052,0.1870644648614001,77.2078426705077,1646139.0,,1,2
489.6866020382799,1344.8945243421754,118165.76399153084,16.95712817294621,0.1248934616528363,93.99215629453111,1477301.0,,1,16
609.4286661714771,348.5272177419355,142357.83443351698,19.00376916379152,0.22974471778493538,103.64313662834458,1393399.0,,1,15
436.9080756987541,71.7103866171706,177690.49304344866,19.945227418653594,0.2485211683670876,104.48235230954575,1406245.0,,1,17
966.0559089867909,1502.0162418874552,137390.09720864665,17.281728900074604,0.06999506199816295,90.63529356972643,1493613.0,,1,12
1855.318000329355,976.2918058101458,155431.5568367275,20.592332436224634,0.18884154589167743,78.8862744965992,1622959.0,,2,2
1650.1955801500744,1712.6767185249428,164013.37644313416,22.47180989051892,0.16725367655803322,68.8156862629908,1712241.0,,2,5
967.3494393707845,1499.6839676430166,125479.10978291772,16.664066044872232,0.03229991698580657,88.53725488714059,1517207.0,,2,12
489.367955624028,1344.6648710860532,115208.7882160094,16.72508734859207,0.046903015780840746,92.73333331781076,1471408.0,,2,16
602.0936025917158,345.4153716987961,141438.8940939717,17.786310033346233,0.16955275726787827,101.96470586528514,1394289.0,,2,15
435.6076606610867,71.43780568984144,192258.0195756612,22.783743279903298,0.32209160967820605,99.86666664995006,1448192.0,,2,17
1854.8504080825874,974.4220514719497,167423.40627627962,20.964925898178166,0.16312158161426446,80.84768439108365,1608476.0,,3,2
1650.948568035445,1712.8764468094826,183419.5185879787,23.05667904415545,0.19151926764880492,72.88858592771273,1689495.0,,3,5
435.13245951390525,72.13103149063826,192139.33930448024,22.5734349640517,0.29134878269155995,103.88717994294687,1426305.0,,3,17
970.2857841713903,1499.9817954577015,132725.92597517362,17.190431707591532,0.04947894854016044,92.57688212657766,1484136.0,,3,12
488.7860187329968,1344.959858398602,111942.20648779738,15.73370106046792,0.08741475182077964,96.7658813178255,1432481.0,,3,16
596.4333413417374,348.4660071510338,148204.69688675358,19.180500616378886,0.20692571994650014,103.88717994294687,1396848.0,,3,15
1855.2441393371948,975.0761607206257,159275.96673769742,20.410595192219862,0.1715136013377012,78.7647049478373,1630083.0,,4,2
1650.4976538359724,1713.3411437286086,172420.78618958188,23.33919698591024,0.1851571570715933,68.66666585196073,1724993.0,,4,5
969.8069464837223,1501.694821111068,135623.53172420763,17.59905336979454,0.049534079393192675,89.67058717138401,1505113.0,,4,12
594.0838018918221,353.1379045954458,146979.78649143045,18.382103800287545,0.1998412604049916,102.9999987779411,1392938.0,,4,15
489.064759486915,1344.5229370039272,112008.66141615451,16.82356952416849,0.11604008721944621,91.69019499055933,1472308.0,,4,16
435.47358357942386,71.87632402610033,182737.34685149323,21.331407584411316,0.27106175787799064,99.76862626726059,1451947.0,,4,17
1854.768114091742,974.4198233650756,162912.91526492176,21.17495670107542,0.22660326458733893,78.71016613628602,1625565.0,,5,2
1649.9005317169008,1713.5238089368866,165441.02054926808,23.5538492147612,0.2071111182066553,69.73802284613942,1717988.0,,5,5
969.2865657178188,1500.0494518560795,137195.48999780157,18.519591868875054,0.07584310041401557,89.72143290146592,1515448.0,,5,12
594.7878527338648,360.6912488745772,150838.44951985948,18.996923417398506,0.21791598022179362,101.95617375166582,1402893.0,,5,15
488.13330361123496,1345.453461273457,120747.10439879284,18.455317615645548,0.10845665510908777,92.57620576651256,1475447.0,,5,16
435.75976700464037,71.99926754257274,187638.10304909074,21.229335064880654,0.28542875056730177,99.91705027663251,1443503.0,,5,17
1855.6040977064554,975.8570406342964,164289.80640979583,21.269611013037956,0.1911583247880785,76.86563185350491,1649009.0,,6,2
1650.3671712475195,1713.8977600636558,171506.54383467275,23.918915738533876,0.20563984048624365,68.64470866061669,1721447.0,,6,5
968.4080215685681,1500.4511041773953,135690.44776021663,17.537675400843753,0.05795665434830127,90.8412012814149,1494383.0,,6,12
487.7190126828282,1345.5414494763954,113790.31942052202,18.01796599984173,0.0715621067715663,92.89643207963695,1477914.0,,6,16
597.6642144326306,366.78370370773433,151082.48225426124,18.901267895133856,0.21132793072358094,103.58363223039166,1390325.0,,6,15
437.04704179441296,70.97979233864075,180323.895005205,21.036641034543816,0.28082383195976557,99.88421679359195,1447502.0,,6,17
1855.1534919166622,976.4323087837516,159562.7999439633,20.246989718708047,0.17484856952437156,78.7999999723263,1629762.0,,7,2
1649.439694392588,1714.1217543617047,173555.99993904904,23.402247330433365,0.1431813913168379,70.3999999752763,1698061.0,,7,5
968.0529098015987,1499.4128624155167,143164.39994972225,17.635379117331357,0.039353525556894954,94.79999996670729,1461662.0,,7,12
436.93243737408886,72.12662368603603,180484.39993661587,20.79190972200089,0.2662252525841922,101.59999996431921,1433791.0,,7,17
489.7273491051663,1345.1247232816793,119977.5999578652,17.600181714800378,0.05879876729488796,95.59999996642634,1446206.0,,7,16
599.4183111193554,369.8875816315953,146634.39994850362,19.120026893611644,0.1551332058170359,101.99999996417873,1405942.0,,7,15
1855.3236644870915,975.3275737176082,168892.28478405855,21.803522559649764,0.20222098260892826,75.85202625591549,1659397.0,,8,2
1649.1258226858924,1714.3826714801444,174301.02362401664,22.76813647796845,0.17425482811009493,69.7349273643094,1718980.0,,8,5
606.6496853213597,371.7838076542837,143137.25941743306,18.03997792855499,0.16929496227777618,100.72822841511359,1415969.0,,8,15
488.02122165073996,1343.813231564922,113857.9694760569,17.8735367539095,0.06803217045151473,89.71745041022263,1496112.0,,8,16
436.2908720925049,71.5628906006223,182969.76836660804,22.818749316527384,0.3155351171028112,97.46577567292367,1468045.0,,8,17
967.1538309274509,1498.1502504853972,140095.02223534096,17.423622621314315,0.02433671053380012,89.71745041022263,1508833.0,,8,12
1651.0050728227002,1713.4155493361898,167929.77482751204,23.137595626714887,0.16675652296895285,66.78985556701289,1736702.0,,9,5
1857.1585345280735,977.132899771402,167595.41579596183,22.14530867435657,0.19272134915050385,79.08246702106435,1616873.0,,9,2
966.6403799804059,1496.4691964634535,136347.1877260479,17.779495661854146,0.06292004264546851,86.86778760863027,1538836.0,,9,12
437.59871319624784,71.00137268202883,179402.0593438631,20.813123374946727,0.28867823609715604,102.02867506862705,1428344.0,,9,17
489.0509467926749,1343.9175442240455,118365.55569106144,17.1538278431425,0.1265207886358279,92.60433962052095,1476034.0,,9,16
615.9556235716396,368.338070361404,151144.62364071992,20.188066265920185,0.2363001573523705,102.84818249889716,1390397.0,,9,15
1856.1811701345168,976.653619737449,165144.15709669248,21.34159577845895,0.15942466324555843,78.64693754246385,1622383.0,,10,2
1649.9670343110276,1714.2875159911844,168336.97570247395,24.047091611999118,0.19942779382265308,67.1175435571812,1736260.0,,10,5
618.1518680594105,362.397675879928,146129.71583053595,18.574695734876176,0.2025387082798761,101.70572551302917,1401347.0,,10,15
488.50914878951744,1346.1714891742286,115894.29186820309,16.590779573126643,0.0728527303209433,95.94102852038783,1442867.0,,10,16
436.18218418167925,71.91212117856787,185938.24267729154,21.4423175717677,0.29186871714287277,102.94101772573802,1430486.0,,10,17
967.8313084126206,1497.6833092187787,136887.2594950483,17.56928172837545,0.07905954466952964,89.76456745684355,1514094.0,,10,12
1649.5449932988704,1714.1059875877334,171411.9556086363,22.300652453545748,0.18385910908491898,70.84031731770038,1702255.0,,11,5
1855.9182633005075,976.4271454714577,158339.71581072256,20.40229062835716,0.17755533221906247,76.8437340395394,1637022.0,,11,2
969.8240485834692,1494.7776803614536,136947.54089190287,18.000603484012245,0.059580902240635954,86.84942857593775,1535084.0,,11,12
436.3719282349474,71.78792890351127,181985.97359470208,22.476087283305183,0.31268700509176917,97.65557867524798,1469634.0,,11,17
487.873304479074,1346.0692235671995,120119.96382058812,17.157984328102156,0.04922284197811774,91.65216195340896,1478089.0,,11,16
618.623067259111,358.63644892343,147180.56480816822,19.352410820324966,0.24935400249921433,99.65671758252765,1423609.0,,11,15
1855.7134599809463,976.3660882430413,170229.59645172214,21.00131123861107,0.19475513177879292,82.13550056628947,1602410.0,,12,2
1650.1631425881956,1713.2735293704427,178964.03644306486,23.398312564314253,0.18361583433655143,71.65903365732397,1703349.0,,12,5
970.9582614684211,1489.8264698533042,137519.13335119738,17.598571001818932,0.04486696946753461,92.61196747525496,1491299.0,,12,12
614.758548672966,352.7030147548571,148482.54644209158,19.112537469364284,0.25270641683644085,101.8312583551446,1405867.0,,12,15
489.8250903728547,1345.4892490319164,113954.2068035231,17.12470879435121,0.08630806314110927,93.03102615161359,1472158.0,,12,16
436.31300792024547,71.64721803903791,186718.71724908112,21.591229350648582,0.303943195073975,104.76466908965493,1399693.0,,12,17
1650.1148547188227,1714.5629223290036,177155.21562709427,23.948186085548258,0.19704328148493558,69.82993333149973,1719852.0,,13,5
1856.820564417298,976.4144623966902,169585.31833046762,21.391560572205808,0.17541182341463604,78.97432936300564,1627764.0,,13,2
972.187077234024,1488.1997666046084,138198.0102610537,17.74658988779814,0.03972714346252648,92.69092341026452,1493654.0,,13,12
488.24958004158003,1346.5956357588357,124956.093498703,17.80668659010113,0.06192096979957638,91.85961468012762,1478505.0,,13,16
610.6240795224085,349.7460567282699,145516.4366668139,19.284529448917194,0.25515694454419596,101.00401071163353,1410083.0,,13,15
437.8486042381697,71.10780683405429,184202.63538682985,21.199797673462342,0.28048294527919937,101.41966507670197,1430766.0,,13,17
1856.5287953695888,975.9794597853612,165600.43954283593,21.994046638663644,0.2043260488862149,79.47543101175535,1623263.0,,14,2
1650.1831851573352,1713.4635518563462,177393.55513251494,23.759590583844854,0.20279140844546226,70.68920245769193,1703538.0,,14,5
978.4916939485964,1497.617332049478,134798.71785046594,16.87747697216631,0.057512219941801376,91.85602579248105,1493028.0,,14,12
600.266970490552,350.0299933907243,144418.83936911498,18.297391466778205,0.16866318354043813,101.84037642209856,1413786.0,,14,15
491.6824657419786,1347.2718290441176,114713.0000018518,16.439582947195415,0.12463286335359897,93.85289591840454,1458406.0,,14,16
437.15246582216884,71.57924933686427,183837.0556548449,21.034305243480297,0.26834281132433474,100.24288032135975,1440959.0,,14,17
1859.02845302677,978.1369408148315,170357.9470468963,23.259033893494717,0.20800784653364315,76.67424945970731,1635467.0,,15,2
1650.1230906864362,1713.7214657075185,166853.36286813425,22.61734834492017,0.1222121078495663,67.70173090591177,1721874.0,,15,5
981.1173385884632,1504.7369165788618,134314.11649104228,17.652643911054444,0.04119074513235011,88.90950203306487,1512554.0,,15,12
594.7955458868482,355.5902160119371,146229.62113048276,18.32247546434059,0.2116729105977979,103.99964687353918,1391015.0,,15,15
488.88802722491494,1347.2412911209653,118645.24420384817,18.11680919936859,0.08518111430420602,93.80360306240789,1463456.0,,15,16
438.372844564021,70.90209035797271,186755.63254571008,21.550531935883726,0.308398929192067,101.14475460642241,1444549.0,,15,17
1650.3688061611092,1713.3418364310792,164484.7666946618,22.861595362068645,0.14315474100063227,67.29411685631483,1727100.0,,16,5
1857.0570572615238,975.9379115641626,167719.77842135448,22.965288603430494,0.20169689923278566,78.30588143280272,1625095.0,,16,2
985.3522167410146,1511.3321853228858,129551.77886985008,17.10151186226249,0.046430649064702414,87.68627347944054,1522707.0,,16,12
437.097559590342,71.14712203411393,179521.12730228977,21.598721194350006,0.27816530647106236,97.47450865854088,1473926.0,,16,17
488.4932977829724,1345.0488293947917,111663.37123691176,17.047720077841543,0.06127261715660959,88.90980287682808,1504438.0,,16,16
594.4723090691098,361.9626054831141,142187.98264293617,18.237864419802232,0.20810877356453109,100.73725371824099,1412972.0,,16,15
1857.6012456536237,976.672488083608,172109.88252592421,21.25180117739576,0.16870740402914486,77.92894307636101,1644665.0,,17,2
1650.5567069660333,1714.00048809792,169203.21765454885,22.433388112480944,0.14707778943165248,69.45840578545221,1712771.0,,17,5
989.9405502456216,1519.4531116510038,126908.97790731209,16.486123749105623,0.020743448396851095,89.78769528363334,1504895.0,,17,12
483.0062531761449,1340.0779646722578,117511.34030991331,16.51478521443034,0.06329414133914606,95.71707138726951,1439826.0,,17,16
595.9174855976081,368.39686428936045,145195.59733779056,17.95225857201148,0.16471079490969556,103.76408181363287,1381518.0,,17,15
436.5473629068212,72.22424654480606,189994.15143508452,21.220053877888073,0.26211687738278133,101.64644749090567,1434177.0,,17,17
1856.17643844665,975.6766072256855,166563.65288993137,21.16724258832843,0.20708414057899213,76.85418717494727,1644531.0,,18,2
1652.1324044863036,1713.820990314396,175528.08708030602,24.12409399454087,0.20461685052750045,69.57326417942595,1710758.0,,18,5
994.5557907721565,1528.2099313517317,125918.30476315558,17.15076403143416,0.0550865701354062,87.77557166822925,1524607.0,,18,12
437.25915853852825,71.89374413623409,182802.94263999775,21.5279555650619,0.3014485171868621,100.71943477137827,1445415.0,,18,17
602.6464074134091,373.0760896134821,147275.67888335147,18.48675567395608,0.19390637983569103,101.52842621532508,1406290.0,,18,15
478.5313706143027,1334.5058975708912,116014.6315063587,16.96396756774982,0.09994119027810135,91.82052888796332,1482244.0,,18,16
1855.9818996925144,976.3849797162864,160874.5410849688,21.127029021188424,0.14345811575743525,78.56460625063721,1632172.0,,19,2
1650.6317718124649,1714.7463188632612,174240.50060551372,23.188055187306333,0.13456804005060385,70.6665770508377,1709024.0,,19,5
999.4098714492791,1533.9188293110901,130768.08514682781,16.63395842382109,0.06931089458032863,91.86655016608901,1483019.0,,19,12
607.6977237277532,372.9368101615556,146842.23731140923,17.78476308235674,0.14521949900338868,105.99986557625655,1370688.0,,19,15
474.44904703148995,1331.079463266083,126672.74916385808,17.570430541192927,0.10301030804735632,93.52929315552049,1471720.0,,19,16
437.60646252024003,71.42567690429391,192028.52510645165,22.518258304529336,0.32700481500271783,100.59595086060426,1443603.0,,19,17
1651.2619425105122,1712.8149929998121,164981.5685683525,23.127921733732915,0.19634333988021618,66.66666664278581,1734987.0,,20,5
1857.417644756946,976.4579381715673,157336.07837501276,21.118988016274496,0.17875452661517877,72.94117644445977,1680151.0,,20,2
1006.9394224600226,1540.8445508358654,129582.74505162102,17.296517873827213,0.03759593451177522,86.66666663562157,1524282.0,,20,12
617.227331836917,369.7371527758146,138719.2156365835,18.65051072841035,0.23091243720955373,96.0784313381325,1453789.0,,20,15
295.3332023959325,1626.360690372994,176704.70581905506,28.38639341356564,0.29277986563971686,62.74509801673959,1789942.0,,20,59
473.25818498692894,1327.3384989620517,116557.25486020849,17.186639933950374,0.12393445355994509,88.62745094864468,1499012.0,,20,16
436.87161807381733,72.14423357411877,181486.66660165583,21.59484162025388,0.3086506723522459,96.86274506334175,1481026.0,,20,17
1650.4660344362098,1714.3686313807807,169167.8339332169,23.979260621611882,0.20651627528145702,67.89146342698612,1740412.0,,21,5
1856.8646989553656,975.6441152263375,162476.61588321906,21.03095022492064,0.19416683500030288,74.88634147703922,1659630.0,,21,2
290.5403535002937,1631.346035136434,192636.88418138924,27.973871162697545,0.2718477490267839,65.01121952402306,1789890.0,,21,59
469.5732576123393,1320.9780605068129,117590.48343602821,18.155728249025668,0.09971930591773503,90.9334146506905,1495898.0,,21,16
620.9949495371802,360.95868208562933,147624.43246588274,19.549954181894005,0.21488193677966227,97.92829270074361,1441413.0,,21,15
436.54861539987286,72.34106512556744,182552.32735028618,21.710665836147268,0.2750503689139301,98.75121953016162,1468476.0,,21,17
1012.8254036345379,1547.2236140106704,129488.77099916856,18.179675261738044,0.03849352574965075,85.1729268447644,1556644.0,,21,12
1856.461292317091,976.6278091306136,163973.17254901963,21.67294030691101,0.20282557574823507,77.5529411764706,1638389.0,,22,2
1651.2015136741422,1713.6340112364767,173985.17647058825,23.372773166961412,0.1838133468319011,69.87843137254903,1708011.0,,22,5
1020.0937339894837,1554.1688519617096,119835.45098039217,16.31605542263209,0.01043477803999208,86.84313725490196,1525873.0,,22,12
623.4411247852264,354.18421221730205,144577.6666666667,18.912036916175182,0.18489884062732315,99.7686274509804,1433725.0,,22,15
469.71787335391764,1320.7600744200777,122446.40000000001,17.623233400855135,0.124324179456039,92.90196078431373,1479266.0,,22,16
437.5951893447251,72.14151253568424,178137.89411764708,21.24275715706637,0.28957818799783125,99.7686274509804,1450355.0,,22,17
285.3082566533849,1639.1122711829037,185815.63529411767,27.405824702313033,0.2711878780158473,67.45490196078433,1755411.0,,22,59
1855.9116760609804,975.852554723755,177162.8717901402,22.392974026024486,0.20448023472453597,78.98010214756232,1633701.0,,23,2
1651.5025889730762,1714.7644093528866,177926.62618218418,24.32009927553174,0.23354904596835294,70.5779636212259,1711730.0,,23,5
1026.7854568893254,1560.2837519662555,125791.35662626672,16.34382810838968,0.06722005740752368,91.58330993706694,1485706.0,,23,12
438.4032307297565,70.66641598244621,189928.66096012943,21.97725418224158,0.30020526250372775,101.66587616867065,1441667.0,,23,17
469.4855443240885,1319.649894993862,124224.35779110498,17.679865631327246,0.129062001869024,93.68384456865105,1462265.0,,23,16
629.4599779052819,349.99807683409296,145266.25340953557,19.18343644545925,0.19842925274639703,98.7251276844529,1433514.0,,23,15
281.3099131960874,1643.7615021636457,195331.23603256376,27.269622502787307,0.22814549389822467,66.79700128437452,1765509.0,,23,59
1650.747728274039,1713.9430186878144,167472.19970131974,23.897362405676326,0.21727444922278963,67.25142946114421,1724249.0,,24,5
1856.3872353219087,976.6349744925959,161055.2604490787,20.945120380093158,0.20211683546941672,75.70589487911663,1646948.0,,24,2
1032.4014507966747,1565.262099151812,118615.3812263877,16.747689780173697,0.06665084681496555,85.69753582762948,1537563.0,,24,12
631.5039093420352,343.962632397999,142733.6653005672,19.459922750221356,0.16329032648907282,96.45776454141254,1455325.0,,24,15
466.6782899772867,1316.9433014594235,122495.98085323705,17.257182569485224,0.1066981775868404,91.84623794979123,1483824.0,,24,16
437.2685162217413,71.49825508292633,179712.72845101327,21.930870743827885,0.2977727487677732,97.61064618931788,1460119.0,,24,17
277.2531540847983,1646.473841104267,170941.60487374951,28.487119299934886,0.29955864194687637,61.102727338982454,1796402.0,,24,59
1857.756821153005,976.9878764592592,163906.36467681633,22.19947531459062,0.19518478026272026,74.85882351613681,1660361.0,,25,2
1649.9641904520852,1714.2639597367704,162747.04310839446,22.182701087160073,0.1810962475587262,66.93725489009059,1733834.0,,25,5
1038.0424526576553,1570.87295126939,119114.64703770055,16.905286775649927,0.06343663766472692,83.17647057348535,1555652.0,,25,12
635.1072344124601,339.452895481399,143070.65879815823,18.895711348289687,0.21427348181518144,95.85098037515931,1458427.0,,25,15
464.6323762751551,1318.34380629384,118071.37644965027,18.00129183495581,0.1219993662670011,88.7215686117177,1504386.0,,25,16
436.3454177487398,73.16978533297493,178290.34898799105,22.10525712773206,0.31213557905340455,94.66274508125237,1489258.0,,25,17
273.88317474749385,1655.9619309799068,188191.5176136862,28.46313414148919,0.2289071992816984,64.16470587097442,1776777.0,,25,59
1650.4796357197065,1714.0296781576042,174718.82536949823,23.75525568589291,0.18638207596641287,69.80970678236852,1714186.0,,26,5
1856.3987618853798,976.5805508095547,174556.4868205901,21.24562917041732,0.1902250700371182,82.61503761227044,1603464.0,,26,2
1046.735703132543,1577.7058226212948,124072.50271167194,17.00654454532861,0.0458360656288694,88.81116543319072,1507157.0,,26,12
639.8737228304964,332.08434888076636,150192.8991535435,18.82655945223775,0.1861179869832889,102.44264663921535,1402785.0,,26,15
464.4601036089284,1318.8946074681871,118808.68559020612,16.89711171757109,0.08641866947982771,94.59421806604966,1450647.0,,26,16
438.86512410957135,72.11572736593253,185736.3667854706,20.849726982926004,0.27070813697721224,103.68187220339941,1416926.0,,26,17
268.3788320152248,1663.7308365575375,184061.34689788183,28.87312130588519,0.29015500861338595,68.15740603012311,1730168.0,,26,59
1651.5064291952128,1713.306193035756,160887.77457521803,23.223380368748856,0.19499067432414635,63.721065439810346,1759141.0,,27,5
1857.7334705068595,975.7986595616107,158497.64094670242,21.31177155419285,0.18029815463042018,74.80298986412518,1671453.0,,27,2
645.7635027616508,327.9214056449554,145750.2615946191,18.360710145647996,0.14773742598809564,97.75840474306308,1449170.0,,27,15
464.35708395075517,1318.6463955157924,120459.33114325687,18.109863436933114,0.10389553434764244,87.86382936421053,1511217.0,,27,16
438.10397562940494,71.42628291196914,179811.3478787811,21.2081093043131,0.2926209226073447,97.75840474306308,1471205.0,,27,17
259.49672568997926,1666.805201085941,180043.67250867657,28.142943854482635,0.2879278916243677,66.88732956104316,1752934.0,,27,59
1056.1503181442254,1582.331707040525,118681.0780561695,17.58193741079596,0.04634126002192277,82.71865016720722,1562434.0,,27,12
1651.4270659390133,1714.2216571342815,161333.7341360032,23.1152339352467,0.14713353696752257,66.48626837621173,1732309.0,,28,5
1856.3362810571136,976.3847994663347,154974.11119328902,21.913078084886862,0.20427436059619342,74.55685586696575,1660205.0,,28,2
1061.199947822894,1586.8388403799265,119322.0987960381,17.296154756117346,0.05978899198343591,81.47450228761205,1573601.0,,28,12
253.34698634901844,1672.5914143848922,188933.6060996218,27.61322926571404,0.26213768694771483,65.7176409961399,1785587.0,,28,59
464.5520324768976,1318.5453590442105,107921.04886743292,16.43419329498665,0.07801397021008552,88.77646239829427,1506930.0,,28,16
650.9427238111598,323.04798591428323,134236.9287926416,18.754471118927118,0.18521213982952114,94.92548143886876,1461247.0,,28,15
437.9011446965953,71.90561484588225,172634.478191509,21.002498038155498,0.294278996627752,96.46273619901238,1469648.0,,28,17
1856.3305143238922,976.8838663087024,161250.26274509804,20.63704584688804,0.16822701809993035,76.83921568627451,1641996.0,,29,2
1651.796110341909,1714.385874690083,172212.52549019607,23.22897222584444,0.15938978960121147,68.52156862745097,1721290.0,,29,5
1063.7404232090678,1590.379989082619,123350.70588235294,18.034890209672245,0.040385423214258705,83.57254901960785,1558721.0,,29,12
464.2982794693511,1318.8096839117618,119454.48235294118,17.476986109903425,0.07715915543540067,89.90980392156862,1511522.0,,29,16
656.3444805213107,318.877907992717,140527.83529411766,18.48822629014902,0.20521395201740086,95.05882352941177,1465594.0,,29,15
437.30396868357474,72.20092945882789,180001.01176470588,21.05735403842113,0.2737624125540196,97.8313725490196,1463613.0,,29,17
251.32019455994262,1679.0279870442803,176704.45098039217,28.048804268502767,0.2890517606818011,65.3529411764706,1769888.0,,29,59
1652.282796194375,1713.3517401542533,167673.77440081822,25.201707358941793,0.21221778491119042,66.77646976394459,1725174.0,,30,5
1857.054705698293,977.1648173993375,156335.36277607403,21.130363446962246,0.1809936006595565,73.76470497179925,1667941.0,,30,2
664.8690820772061,313.35038976722274,143384.2217594727,18.70353150317509,0.1881365460604818,94.72941059536325,1474679.0,,30,15
465.7811009315899,1318.0099998597004,110687.4339277887,16.75747306014783,0.08673912964573104,88.90588125548436,1517040.0,,30,16
437.09523559395853,72.22138325136953,177388.19781031486,21.722027059634158,0.29988687870714115,95.50588117401377,1485596.0,,30,17
254.0238199177908,1684.1081902308513,179645.0095471626,29.122787646463404,0.26430469586660793,64.83529331731829,1777230.0,,30,59
1069.3185765756537,1592.7167153322064,113681.11624377577,16.26681526594039,0.04784684668563167,82.69411662628022,1560663.0,,30,12
1856.6665029959224,977.8976725521669,156853.70916435195,22.46631693775938,0.2076398039784262,71.93474394145927,1684976.0,,31,2
1651.6067623867248,1715.086404613393,166094.97806265746,25.250768197711444,0.25885822801311065,64.89764942544696,1747013.0,,31,5
1078.6714411906864,1599.4456607610127,117282.95385172866,17.178795413247038,0.050835584234453036,80.92658693414168,1592296.0,,31,12
253.86288494474687,1686.7615726145152,179189.83810787037,29.724313650994738,0.3002272457087231,66.070498511449,1752678.0,,31,59
465.8063011051677,1319.1707404926294,116135.12554622798,17.06194305250113,0.11005578938542249,90.70032931749212,1491063.0,,31,16
668.2881523245944,308.2496693975186,146930.23304768855,18.493805789198404,0.10699262276956563,96.9555244428364,1459133.0,,31,15
437.760910270243,72.06057692711373,186242.9615613914,22.27061836434676,0.31892825957739374,98.51932322417248,1461575.0,,31,17
1856.8775351934164,977.2824081859046,157813.88624652417,21.330231357280695,0.19435097790937236,77.63137253525299,1640365.0,,32,2
1651.0928445036852,1714.636974786013,170564.8391854395,22.8762860505261,0.14474820928713675,67.72941175269521,1724507.0,,32,5
672.9716149052862,303.67258817965336,143207.30585695754,18.63384420184877,0.19534505040065608,98.62352939427548,1428574.0,,32,15
465.76840179631574,1318.748587473783,127093.25095785431,18.00239240089313,0.12369512590879056,91.8901960621362,1480405.0,,32,16
437.7011009337033,72.06187314980215,187581.95290791197,22.139167250187715,0.30058113535611647,100.60392155078704,1458785.0,,32,17
253.11480181547057,1689.9834580329798,182476.10584999388,28.89819076108663,0.29969272362526245,64.16470587097442,1779465.0,,32,59
1086.1032751054709,1602.1252164483828,116884.72546946854,17.022802905995466,0.04732239525832541,81.98823527957842,1572525.0,,32,12
1856.7308445128115,977.0316304042361,157482.15713476503,21.638080967239222,0.14885812037987747,73.7614071489628,1665385.0,,33,2
1651.4498019447121,1713.939370877727,166808.70474185282,23.322212640053355,0.1882259910152809,66.38526643406652,1739191.0,,33,5
680.6290951030205,299.6792649855054,149453.03385763426,19.225429539723603,0.17196876709857592,96.66626515837757,1454859.0,,33,15
464.37649088919807,1319.5017188280901,114963.75274650869,17.44645205287252,0.09589616449059994,88.90190651111833,1504139.0,,33,16
436.7760090224622,72.69161349609966,185880.68710504807,21.432094504915735,0.2767416861997773,98.99557275255533,1455189.0,,33,17
251.84420982475575,1693.7232253227146,172416.51277483584,29.264414061093344,0.3076568016709722,63.27952297516283,1773591.0,,33,59
1083.1338845153002,1601.691145953424,117859.08208607166,17.157294350561205,0.029274015660826803,81.91398372858501,1578373.0,,33,12
1652.3587647511167,1713.8719108066236,175637.4156862745,22.646615047852613,0.1742357851585527,70.89803921568627,1702582.0,,34,5
1857.20739261514,977.2829182702095,163433.05098039214,21.12796440551946,0.18131334828526072,77.6313725490196,1636434.0,,34,2
250.73025194205778,1696.2767052849024,186561.2588235294,27.285778717036198,0.24350474262801405,64.56078431372549,1777560.0,,34,59
1082.7009569067372,1599.671720614394,122022.25882352941,17.079990554200183,0.037022878071152336,84.7607843137255,1547619.0,,34,12
466.88507363804166,1318.0979029898072,111796.70196078431,16.3877499642974,0.11573451255703412,90.70196078431373,1488825.0,,34,16
685.2115188814628,294.09742572881567,148213.73725490196,20.757796944685335,0.24519525496863354,97.8313725490196,1431788.0,,34,15
437.3362813410626,72.69423807897527,178602.06274509802,21.140265454941876,0.2880805361237747,99.41568627450981,1448207.0,,34,17
1651.9849766733544,1715.026166936595,165476.0,22.78770001379223,0.15780964754795493,65.6,1748729.0,,35,5
1085.4135776191235,1602.7021548320427,123090.8,17.211278795595646,0.03185987062233262,83.6,1567720.0,,35,12
1857.2638564678275,977.1619656469303,162617.2,22.39495764678335,0.20454113302837185,76.8,1642237.0,,35,2
249.41365162333523,1698.1424652559356,185038.8,27.62509465712859,0.2013483516507511,64.0,1781489.0,,35,59
437.92235121751366,72.74224024296834,179644.8,20.80201714784561,0.2721458425102397,98.8,1456930.0,,35,17
466.9848060936266,1318.9237560407491,119521.6,17.11940834979678,0.10534895844158879,89.6,1505335.0,,35,16
692.1844555104469,288.8622622385519,145229.6,19.16861729761688,0.19668278559640046,97.6,1447405.0,,35,15
1651.1662116857044,1715.380834009993,157443.92060659872,24.203844670037736,0.21256952147249478,63.137254516173556,1762953.0,,36,5
1857.1751954173437,976.6232887960723,159989.41078712346,22.896161503136874,0.19948735013938837,74.50980346629177,1658884.0,,36,2
1082.4818634989658,1603.6746135387389,118318.43064958855,16.884558213548633,0.06843937076717557,81.96078381292095,1574437.0,,36,12
698.0363656641107,284.43430977594136,144167.45009948657,19.205116081881716,0.15012587204961297,94.90196020443479,1474441.0,,36,15
466.25658730800023,1318.2344067933566,106770.97973975472,17.020010057642406,0.10261716316208416,85.88235241641,1530929.0,,36,16
436.80617042071253,73.18451535252436,173338.03815653978,21.98382897733903,0.28423569492151096,93.33333276303918,1501783.0,,36,17
247.63506410965562,1704.2880650402271,180787.05771886723,28.10479918419689,0.26291552932320394,64.31372509722027,1784901.0,,36,59
1855.9957195427662,976.5089647531463,178454.87053635408,21.784538370125695,0.18856739631438643,80.99746932708848,1624795.0,,37,2
1652.2452378686319,1714.3461864425983,183301.0114319394,24.25292632113657,0.18944731088352373,70.61317838771816,1710934.0,,37,5
707.202121674182,277.85592130833857,152822.28678161238,18.81541521161944,0.22379053868758536,104.67365266885281,1374280.0,,37,15
465.3496881322732,1319.26027745918,128926.37184357097,18.181419898820455,0.10824625482506474,96.78159155493137,1444740.0,,37,16
438.5973583947168,72.43228456891697,188061.58577018435,21.742600652887216,0.2793000870219799,102.59679448097874,1427674.0,,37,17
247.36735890324474,1708.3880788538843,202634.48430285905,27.130964758132965,0.16751842397655245,68.9516918374189,1752069.0,,37,59
1081.4617127759402,1602.4871422011327,124826.65378070757,16.57084817997446,0.0060590673357049495,86.81267225313586,1532457.0,,37,12
1855.7633637086244,976.3913491928311,172400.1882352941,21.807899827371624,0.2081744666001242,79.52941176470587,1623627.0,,38,2
1651.7822914008675,1714.780043610383,175817.09803921566,23.157180364536746,0.1974843708950428,71.37254901960783,1697985.0,,38,5
1078.6412336903147,1600.7983478196966,122092.73725490195,16.61854891330505,0.0347254755395985,85.6470588235294,1541402.0,,38,12
712.24793269775,272.56173192301213,147715.48235294118,18.594398805999944,0.21680451857253577,102.77647058823528,1399578.0,,38,15
465.8561595839108,1319.526415123721,130952.31372549018,17.253220002320706,0.07896545701673385,97.88235294117646,1441374.0,,38,16
437.55561624476826,72.62264097778991,188165.36470588233,22.509232655814614,0.3178515213942844,103.18431372549018,1422946.0,,38,17
243.47961493458143,1715.0787001382832,191706.66666666666,26.79859236428583,0.2194773471390478,64.84705882352941,1788512.0,,38,59
1856.4927553675757,977.7193574556283,175681.45878163388,22.68786906397046,0.2089329532431905,83.73617655469765,1583193.0,,39,2
1651.8165972305162,1714.0170534248532,180587.21457978786,23.895971891048948,0.21157730393026636,73.58633697231006,1683912.0,,39,5
1082.448797787813,1602.037228541882,130456.31106241034,17.330295482570275,0.013290228877997466,90.0798262936899,1509026.0,,39,12
718.9909135831177,266.6264104874575,145493.72131370017,18.956585914184124,0.20406546735136818,104.8816756846718,1383317.0,,39,15
465.17804379870836,1320.2831844952836,127958.1817951952,17.794056814656685,0.09920050523653438,96.84638601528162,1440214.0,,39,16
437.21076925445146,72.28441369664796,192313.66257730633,21.037261229634748,0.2514402320083283,103.61294573687336,1421246.0,,39,17
244.8588394509349,1721.4599280632092,199059.9226197333,26.64240157793462,0.22974368210271917,68.93432716371575,1742529.0,,39,59
1084.1322339698436,1604.7489085405828,121298.35629280223,16.595170378307824,0.06282784919352845,86.71056811691678,1525028.0,,40,12
1651.7214338851306,1715.1360420302249,182514.7484482023,24.646159503914962,0.188403818562614,71.48334639882407,1697147.0,,40,5
1856.5915099874728,977.50831716767,160044.02195448912,21.074831177189402,0.173623538410993,77.82802211469603,1637601.0,,40,2
244.15751647765407,1724.6895489511091,196630.8059592553,27.467179636189513,0.2066730938189324,68.52249773141716,1760402.0,,40,59
437.3912903790462,72.90723814968193,190897.33400401231,21.6644763335261,0.295349796842083,102.78374659712573,1437570.0,,40,17
465.5939773469099,1318.7750237231558,125699.86932609313,17.10788799402394,0.1357683114422618,95.17013573807938,1449571.0,,40,16
724.7071420250654,262.42034725635654,148871.04801883857,18.395099208901147,0.191096582858335,103.62970335924199,1389779.0,,40,15
1087.0842990930537,1606.6797116540363,128890.3324515204,17.299895813594905,0.02165767179988584,84.91781610572797,1551660.0,,41,12
1651.3224802406908,1714.7933025004213,179399.0352379581,24.412028638769456,0.2212416151732598,72.07658537754472,1693227.0,,41,5
1856.7970290341045,977.2240703755838,168623.17149076588,21.292846491848273,0.1767981065042694,78.70431736628446,1627664.0,,41,2
243.85239469502903,1728.587364484365,191618.08762569842,27.190630616687013,0.1431171767014141,67.1057863859899,1763487.0,,41,59
439.11004159188184,72.5931394967555,192018.65117776787,21.878785593822894,0.276990105119033,102.72984582546603,1441152.0,,41,17
465.90395969882456,1318.792610849298,137648.88027463996,18.51103015733134,0.12593190229216333,96.10211383672629,1448026.0,,41,16
730.714888973912,257.2105457070385,146160.1308479297,18.22358644739199,0.1811870562086986,103.97254557335474,1386253.0,,41,15
1652.2111975094765,1714.430487344606,174986.61655302902,22.90794255617283,0.13743966900967208,68.91546328308576,1722042.0,,42,5
1089.3173114074034,1607.6461291831326,121034.42323528325,17.07067174484501,0.01171558057646545,82.8626403760912,1563497.0,,42,12
1856.7219789693938,975.8922581020145,169385.18410582343,22.594885065230148,0.24546833109713778,78.35031837541298,1629335.0,,42,2
735.7976782114363,253.22053415988492,149152.3424658732,18.30133127546035,0.20866524797053035,102.96298383365789,1397485.0,,42,15
466.04416559119716,1318.6068094117798,127459.55955315808,17.282798421667657,0.08380688084803414,94.34855092327217,1463559.0,,42,16
438.8622194088932,72.43436701195884,186636.61153659827,20.61682068122351,0.29081656245809023,102.14256165171639,1437838.0,,42,17
243.3102075580747,1730.6539772669662,202281.24212404067,27.183583709002573,0.06653131475434275,63.58271910046603,1798217.0,,42,59
1090.9146100166315,1608.0308694683058,112071.6470383411,17.228191701521986,0.02489240687392807,77.63137253483156,1607330.0,,43,12
1651.7160252313606,1715.00849094803,157555.56075551859,24.081757120017652,0.21605347690589172,63.02745096887315,1760808.0,,43,5
1856.5746347823367,976.281342086209,159763.44310805624,23.22672060773788,0.21974583172447285,74.17254900605194,1672289.0,,43,2
241.0669985511496,1737.489107749625,178250.85486938333,26.009633874727914,0.03562298143111214,58.79999998925361,1832934.0,,43,59
438.09090510109587,72.72729786309594,175134.07055622747,21.797592601195255,0.30041116416659386,93.7725490024698,1495689.0,,43,17
466.18327711929214,1319.1166464114049,112576.25095981752,17.451350180303468,0.11768237696034267,88.77647057201034,1510336.0,,43,16
744.3899569194521,248.27874153981196,133098.60389724327,18.526991494855658,0.1707845853184406,95.69411762956959,1453416.0,,43,15
1857.3905170876528,976.8484377485072,175755.38823529411,21.507613429441957,0.2063153458043436,81.74117647058823,1608423.0,,44,2
1652.0395884441832,1715.8300156941532,185936.61176470589,24.473963964450938,0.22616920978666805,73.69411764705882,1680853.0,,44,5
1091.4057839298312,1608.0163961194003,137472.98823529412,17.26284006591795,0.022038202574908405,87.67058823529412,1526520.0,,44,12
748.9989545337712,245.71405054627053,146650.02352941176,18.184340254557906,0.18555757872909573,103.76470588235294,1394905.0,,44,15
466.75471300211234,1318.5967198265878,122507.15294117646,17.2365528565794,0.12344251801995466,97.83529411764705,1430459.0,,44,16
438.41750715299816,72.66293422715057,195097.1294117647,22.732499137176884,0.3286544046888602,104.18823529411765,1410282.0,,44,17
241.59537017304353,1743.0955400304267,200722.02352941176,26.035846603678483,0.05853616914024475,68.18823529411765,1759102.0,,44,59
1087.8385428026172,1608.092090376227,123129.72546958548,17.06759775908974,0.04086208350283994,84.76078429953745,1553436.0,,45,12
1651.7694642571641,1714.5618988075778,175842.12153919335,21.96660366605213,0.18512306152948146,71.75294116445991,1691413.0,,45,5
1857.2419934306367,976.6905001754692,166198.6940898272,20.892240757748112,0.1876409384766661,78.8862744965992,1635022.0,,45,2
243.64550129769253,1747.6010373188399,200961.52545655728,27.58552493884325,0.06472772222096242,65.45882351845466,1793758.0,,45,59
436.1548864477204,73.67867266207524,184302.25487111055,21.87503671967841,0.3114445998031381,100.70588233608409,1429710.0,,45,17
466.6326675468109,1319.7157524523373,118233.74115667952,16.62231065820585,0.08933352031718789,93.99215684701181,1462254.0,,45,16
753.3358081666564,241.37639191026014,142930.59997607494,17.915113864891207,0.2065578753579314,104.90196076675426,1380063.0,,45,15
1651.8544850944609,1714.2010496723371,176566.00874880183,23.30350133441885,0.20212923785588366,70.72940584383943,1709536.0,,46,5
1089.7262738162767,1607.852080483166,126927.51878646848,17.002188100757913,0.019648038702579616,84.70587526208314,1550089.0,,46,12
1856.8170069925925,976.4011268176171,171468.83270490597,20.785531142671307,0.1828650620218298,79.62352274635815,1624103.0,,46,2
760.6074465294622,236.67080952198503,143703.09385274776,18.67069929244754,0.2029559171452117,103.76469719605186,1386560.0,,46,15
466.44907210142316,1318.7318468164328,129217.96565355522,18.38477203213305,0.13114662974867944,92.75293341198105,1474377.0,,46,16
437.3528711867934,73.23397695450166,187234.7137380612,22.670283625785206,0.3093570812801441,100.79999156187894,1441436.0,,46,17
247.57733130686432,1754.7104953051155,203425.39473565578,28.743307876871224,0.17039867686792964,67.3411708333561,1764288.0,,46,59
1857.3993382167819,977.2115548308976,170366.58770324613,21.139432044233676,0.17039822417045433,78.84032424195011,1643333.0,,47,2
1652.1644526780885,1715.4196190503544,170670.10252662317,23.396269171209653,0.1742816631491071,66.58535156185424,1740949.0,,47,5
1088.4500154859556,1604.8274736818578,127936.60429203954,17.202817659939498,0.028689153781813945,84.96781058199805,1562645.0,,47,12
466.13664113078676,1320.5681227831913,123923.91773748682,17.265314323930827,0.07874018426762158,93.95479054740169,1473782.0,,47,16
245.59221622577704,1760.1466780091428,194000.71101590036,28.17313702178086,0.14837975619629012,64.95135520450812,1783601.0,,47,59
437.19255707043806,73.44670299222241,189449.21416251277,21.725098972174266,0.2889746468932613,100.49077597678615,1444184.0,,47,17
765.4720562099608,232.79589997933456,148254.53199745982,18.391278695405518,0.18296676663083866,98.85677961944003,1438501.0,,47,15
1088.9903337923797,1606.5775624631124,129168.0,17.48974883137367,0.00616146212821208,82.58823529411765,1579357.0,,48,12
1858.465769728456,976.9967867627178,175436.04705882352,21.682355974944315,0.176207319561709,80.89411764705882,1628377.0,,48,2
1652.9222265783783,1714.7414343405676,176086.16470588234,23.65159466190013,0.14524222950828342,69.03529411764706,1710797.0,,48,5
244.84825543557662,1767.93600607421,191327.71764705883,26.556474868972423,0.19675166284629209,69.88235294117646,1730435.0,,48,59
467.4996447309931,1320.328265062181,121001.92941176471,16.918910170261917,0.11010741002199341,93.6,1463524.0,,48,16
770.4677958796656,229.04588397551936,147400.94117647057,18.362057256275975,0.21618822078434327,103.76470588235294,1383382.0,,48,15
437.5150411137795,73.30091523810577,191348.4705882353,22.25445368796672,0.3072227543015758,101.6470588235294,1439383.0,,48,17
1857.5033998434012,977.8740494377229,169860.6122812951,20.927052065417996,0.1853257673972717,78.64698824957726,1634911.0,,49,2
1651.0260468310898,1716.195982451643,170258.78839457958,23.02417128367155,0.21422351674860268,69.58817284910239,1714038.0,,49,5
1093.3392250127433,1607.4832428003615,131671.11713891136,17.392604131139603,0.04347710399086669,85.64698196812601,1541999.0,,49,12
777.515338164886,223.82938820771824,156698.56526874148,19.637960098120672,0.25027068032394206,101.70579108714965,1407242.0,,49,15
466.95406112358035,1319.3807887675719,121999.59640589528,17.54690944539622,0.14413387964853652,93.05874002306,1468769.0,,49,16
437.16194563789367,73.69410662926535,185544.30408987176,21.34751520411804,0.2888656731722693,98.8234407324531,1455976.0,,49,17
244.54785508822738,1774.8171020703242,188526.71317830993,26.303577257184568,0.23020082659321708,67.52935116717629,1759788.0,,49,59
1857.7755427599836,978.0316311748338,166947.73327583063,21.507611773866017,0.18729939646113475,79.93725487442757,1616182.0,,50,2
1651.4848942814235,1714.836518795738,171094.274450873,23.904099415548828,0.21702889713740967,71.37254899502462,1691721.0,,50,5
1090.6384900745643,1604.8224007456422,132147.70191526797,17.095091357927128,0.036988150860480955,87.68627447960166,1530027.0,,50,12
244.3322198984292,1782.7282715306042,191693.20777711133,26.899079533086798,0.22476396050866204,65.66274507542265,1770762.0,,50,59
466.3070588198706,1321.4389331376092,131138.29015090977,18.25980183869804,0.09847327717372194,96.65882349611904,1449767.0,,50,16
784.1599416548656,219.01961310480604,153504.4077902649,19.818011893878545,0.1902869548427408,102.77647055283545,1403870.0,,50,15
438.72131602809964,72.96447363714972,193851.51365872088,21.875960499182014,0.30269186202914156,103.5921568270643,1426527.0,,50,17
1856.6257645288006,977.3560140484844,167716.77650713292,21.105138376490647,0.1715156193293435,78.81253861343299,1635272.0,,51,2
1652.0347798478922,1714.237837876842,170661.16369189415,23.368878275008658,0.1940198037538576,65.67711551119416,1754122.0,,51,5
1090.0275789554917,1607.5363410697175,127659.07231093977,18.037684624456677,0.07222449871628425,82.0963943889927,1577993.0,,51,12
241.0285548988739,1783.4671157336911,190859.33960341802,25.616715929498127,0.2629591530012085,68.96097128675387,1747482.0,,51,59
466.71623798639604,1320.8639571227934,119246.65477789968,17.833323821448428,0.14146773075290758,91.94796171567182,1482713.0,,51,16
791.4791053444757,214.4841831038333,145591.38773732743,18.50599583954576,0.20232486456665968,98.9261552387362,1428027.0,,51,15
437.4575037519823,72.9728836906751,193098.10827840585,22.509704050506254,0.2868667265074899,100.56808312651606,1455443.0,,51,17
1645.8959337307767,1719.9579874132705,174619.29480063537,23.71020951052008,0.10529325647596567,67.97999765336593,1730581.0,,52,5
1858.4409529167367,977.9353698007614,165168.4661327902,22.713264254845605,0.21957437666395735,76.82946480350823,1645856.0,,52,2
1091.817296911469,1606.4831424122694,127361.1289763413,17.955024019338374,0.03416421188671084,79.6452043512808,1601720.0,,52,12
798.2834266228818,210.22206658735684,146745.88676872803,20.069087242103095,0.26708031187056536,97.34413865156542,1443452.0,,52,15
466.13139654029294,1320.2769473409278,120126.68958109996,17.12510317186217,0.06714871413827732,91.7126595560203,1480936.0,,52,16
438.25701829077013,72.62411624487567,188492.44355251073,21.115288053899835,0.2560821371122391,102.57336924028587,1428640.0,,52,17
237.45558254764939,1786.8512248108473,187936.53611607905,28.686953723881203,0.2615142115315563,66.37100362606732,1765596.0,,52,59
1646.5797424736138,1723.631587898626,151145.3725490196,23.51739508977662,0.16765844737863006,62.58823529411765,1760607.0,,53,5
1093.7253789958468,1606.5752598228876,115353.84313725491,17.225297617293975,0.014849383414435537,76.0,1629322.0,,53,12
1857.5142101206322,977.1296880393817,157565.13725490196,21.417395036775602,0.1780536372407257,70.7843137254902,1697874.0,,53,2
799.5023222931926,205.32512652730168,135958.41176470587,19.093691030988033,0.2320766901524294,91.64705882352942,1487908.0,,53,15
468.2751311003975,1322.2144724971101,105711.52941176471,16.963324885130167,0.07662701743909141,86.80392156862746,1519072.0,,53,16
436.09911856277347,73.56463101649277,177094.9019607843,21.704767805090768,0.2901245659204747,92.76470588235294,1513956.0,,53,17
233.7560232020308,1787.5453209098475,178165.60784313726,28.70674140430063,0.24704994666113633,62.58823529411765,1788211.0,,53,59
1648.6027905876788,1723.5731796145205,162464.62293096285,22.602372785350767,0.20331921482843984,65.70048603806231,1749584.0,,54,5
1857.2127534659944,977.8110314769253,154444.93728726418,20.860036135534536,0.1878355475789818,72.23211330500418,1682629.0,,54,2
1092.3641329450104,1606.012583074594,119785.43351529012,17.33541467888013,0.03238864114021352,79.14795394058969,1599729.0,,54,12
803.5133834184335,198.92168283707858,137928.3729960114,19.497008588976307,0.24042428933988919,89.90592826261158,1509719.0,,54,15
466.9168621092952,1320.9041825753873,124176.99231888691,18.80476533690952,0.08090883306751978,85.67958120753156,1540737.0,,54,16
436.7428892264436,73.57177148030311,176551.42187891324,22.874270616860024,0.32016666361423807,92.9796352117607,1501087.0,,54,17
230.4725521952572,1788.3142512640507,182904.38992943583,28.01154475062989,0.23966699043245127,66.4689127753496,1754199.0,,54,59
1857.8549966676765,977.4733450469555,156959.3136965083,21.376892908915945,0.16746620899829698,73.7960784177464,1678751.0,,55,2
1648.9632656667097,1725.5143284195044,159315.0823235243,25.0477074895693,0.20027866943117217,63.525490184348705,1761262.0,,55,5
1093.9857417620756,1607.8785198128835,125390.18821214132,17.51225601604032,0.012637833312473807,77.59999998567147,1622608.0,,55,12
810.0982248859264,195.99739669007738,132967.98036760488,18.082876646973766,0.20183370050488286,95.85882351171182,1454450.0,,55,15
466.3348833336109,1321.1279383108772,114199.43135146255,17.618785746431428,0.05963422239287446,84.82745096472911,1544507.0,,55,16
436.85904214066977,73.34514445000863,171670.2195761449,20.835144507184513,0.26390722388911464,93.95686272774928,1509878.0,,55,17
227.66690032752808,1787.839819436555,188844.16467101304,28.16079841325829,0.22010625475424303,63.905882341141215,1793766.0,,55,59
1857.6683535030772,978.3255473784152,151343.6683804858,21.44418890988835,0.20965341495776446,69.65824853527846,1693226.0,,56,2
1648.7407366050215,1725.3832536635432,153504.897599439,24.412110488482785,0.21903462474365454,62.364191097029405,1768755.0,,56,5
1094.4937154801075,1605.684766125306,117601.72337401757,17.578728202190607,0.059607796249242784,74.76408874205279,1637796.0,,56,12
818.4249112944104,191.7692099442422,126630.67237395416,18.20863258163734,0.20754861056724866,90.81101510620071,1484661.0,,56,15
466.0805026747268,1320.8489399321736,113239.87702594465,18.38885769807073,0.09037063344388768,81.6934433083894,1568543.0,,56,16
437.8156325658064,73.14069824344512,169919.44445847464,22.01502999152876,0.291216510234577,89.71690649046336,1539663.0,,56,17
228.20618136507085,1789.1357617822082,187904.40188396533,27.788906899118555,0.1862798134872498,63.45829971276677,1798762.0,,56,59
1857.8224018251904,977.8045152583823,152940.63470702458,21.21656482129871,0.170391389485724,71.8389835191768,1685753.0,,57,2
1649.8471094168576,1725.735769929211,160333.20820154558,23.667820413628654,0.21239448316525408,64.99717556496948,1740512.0,,57,5
1088.1620816185186,1609.933618358839,114153.28511329762,16.98600964071916,0.020453543488696414,78.6807914733841,1607187.0,,57,12
228.39740299843453,1787.5602041953066,194484.8528058552,27.05894950681829,0.17132478784484848,63.85687423926826,1792947.0,,57,59
466.6389728348889,1320.4513215233833,113826.77883370518,17.35209304341008,0.07332916080671678,83.6220972180894,1552469.0,,57,16
822.2844190017636,188.14151666993254,135783.28086008216,20.416179138848836,0.2711854411232121,89.70370428849589,1497268.0,,57,15
437.97543236380676,73.6396259930473,174395.78425053493,20.92606949923082,0.27354237995421027,92.74450782369914,1498375.0,,57,17
1857.1282136274376,978.4287590463706,143552.1545714085,22.268876412368193,0.19714418826247818,67.40959381068386,1718203.0,,58,2
1650.8978561136075,1724.4376623438181,152101.99813291544,24.560979993480423,0.19483945454103965,59.83953247365518,1790336.0,,58,5
1089.6803779818088,1610.9182898575596,100824.56551055096,16.95608188914205,0.021427671511621758,72.81678047999004,1647467.0,,58,12
224.05658091613327,1785.1311072138521,184785.55771598106,29.593181351792484,0.09981068877677662,59.479053362368106,1814956.0,,58,59
467.17269640087704,1320.1422335419006,107849.58243131357,17.047626344666842,0.0954558702496598,79.30540448315747,1586884.0,,58,16
830.88509897107,184.82327954136483,125002.62046279796,19.419354470086848,0.20473565408505368,87.23594493147321,1534776.0,,58,15
438.1771229580962,72.67516092925118,168110.87546517464,22.495872356122405,0.2739659732478189,87.95690315404738,1558230.0,,58,17
1649.6659216904188,1725.3694284000426,155646.4940595694,22.21893821658195,0.15923253418544617,63.99999997611915,1764974.0,,59,5
1857.8646548687086,978.770514113633,156017.69405943088,21.80975755283997,0.18940630774655737,71.90588232611034,1684576.0,,59,2
1086.5281674389887,1606.4264571999206,119507.1999554073,17.501098189869207,0.06355894142070294,78.68235291181708,1600551.0,,59,12
838.5845913351485,183.62635237705115,124991.24701218451,17.884496563900264,0.23304380704998973,93.74117643560982,1466734.0,,59,15
466.28053428886585,1320.1468706963508,115360.37642754287,17.11160198196219,0.05161417610988484,85.83529408561863,1535723.0,,59,16
437.8825465838509,73.71145134575569,181835.29404979735,22.210697858889574,0.2867308372878441,92.98823525942018,1512128.0,,59,17
222.75136279173768,1781.1570294609744,195308.4234565347,29.76894106475501,0.11841732940759903,64.37647056421397,1772959.0,,59,59
1857.4041406799531,977.8017538100821,158196.60515764228,21.984488936749976,0.21163537909205193,74.1836366507115,1663729.0,,60,2
1649.6919955142414,1726.6393742991002,154461.0881340957,24.511467667027166,0.21705671427933032,63.79792751961189,1760883.0,,60,5
1087.5921997804116,1602.5102952208924,115200.14027307315,16.790777571108066,0.0452590617755396,77.89281848324708,1605200.0,,60,12
467.70980037635803,1323.0187121117406,115703.10532956496,18.318848230421075,0.10753816434692008,83.827509415304,1543306.0,,60,16
437.8856614823047,73.42667696422853,177218.40234943447,22.014793300093768,0.2924234704143656,91.98770944688226,1520116.0,,60,17
225.41685381045258,1776.1840941112773,180857.10972715187,28.127168185977894,0.19286414530893073,64.91068206937257,1770979.0,,60,59
1649.6925973970638,1725.410431155698,162351.0322888985,23.505841667387596,0.17536689156399451,65.7173378879233,1744496.0,,61,5
1858.7416210429217,978.3028444841669,160818.78067393272,21.537875897351466,0.15239871138379374,73.78788815486125,1675159.0,,61,2
438.4235633394291,73.77285759862542,184303.3133268872,21.536523137640295,0.279468394334382,97.61522703820187,1470687.0,,61,17
227.89421289100588,1774.9767283806405,199045.51848116054,28.579703234748493,0.26656057457339405,66.87027364034302,1771053.0,,61,59
1091.5200133066364,1602.11301853514,122456.38075983687,17.165675186169235,0.03687782894398302,82.62706225674567,1568392.0,,61,12
469.22142921325235,1320.6979545075285,119756.20522766991,18.134474035839535,0.09296543465908551,87.62311718389773,1521477.0,,61,16
1091.638985733783,1603.8793699996365,120064.58316269782,17.326240028833322,0.03841407808375016,78.9577500863404,1602148.0,,62,12
1649.7048356035698,1726.6443024894318,168945.7788279585,24.17748949169834,0.21539997413048628,66.65779906786527,1743251.0,,62,5
1857.1361182815185,977.8830287474835,162007.81290831152,22.135801671067195,0.1875671998918901,75.78356917834682,1654285.0,,62,2
231.052421803268,1773.5834641252072,188842.73507710278,27.955975948965023,0.28618901200230484,69.03843474886045,1746975.0,,62,59
437.1804619189373,73.61946946849142,182736.40455535013,22.785707239736496,0.33043724796062524,94.82865462630832,1490269.0,,62,17
469.8192391863209,1319.2857204065758,120385.57220701866,17.260600084992863,0.09055556742242034,88.48029281032116,1515308.0,,62,16
1648.0014835989086,1726.4988601330042,164338.05882352943,24.743169021656648,0.22413695243154327,66.7764705882353,1737986.0,,63,5
1092.8674468199615,1607.2970244742542,115419.24705882353,17.142550759443647,0.007606103460752756,76.87058823529412,1615082.0,,63,12
1858.373615443736,978.4920347117625,163160.15294117646,22.02905911273262,0.18018495985653518,74.92941176470589,1664575.0,,63,2
469.0823362972129,1320.077567208693,111689.85882352942,17.49441231241155,0.07594691124660653,86.5764705882353,1530156.0,,63,16
438.2127447287007,73.99187643412446,170041.23529411765,21.059267116550807,0.2590851605402398,93.56470588235294,1498909.0,,63,17
232.6844774548781,1772.3605538417203,177826.1294117647,28.446340537597106,0.293342409438124,64.83529411764707,1771470.0,,63,59
1857.3206825565157,976.4255709164895,155270.31830182724,21.032954525828487,0.1829577800271149,71.90061910009611,1689083.0,,64,2
1647.9202086664875,1726.130805670547,148398.034775716,23.594570931377458,0.21004206818263946,61.84198326744018,1784880.0,,64,5
1090.9959364164863,1610.7683268594071,114322.72945328857,17.103820573137337,0.023438849475564096,76.74366598248601,1612345.0,,64,12
233.19030795354882,1773.023685863744,179681.88238354743,27.676830897049168,0.31258412371158795,67.8026563534585,1763864.0,,64,59
437.8744391486912,73.14040753784158,176024.6369032073,21.699302524031978,0.2894329929633643,94.99822730841714,1497032.0,,64,17
469.62223975038654,1319.7150455635324,106741.87091407688,16.341006924607154,0.09634923442014934,87.91992801877038,1515150.0,,64,16
891.1385923553529,181.00586677382867,215075.61408418854,30.02475157613575,0.4173855264954668,76.74366598248601,1690986.0,,64,110
1090.6455647926775,1610.8109708806317,116244.17119274699,17.853011490873577,0.0728756116694981,76.74456380463769,1617434.0,,65,12
1857.8050137967475,977.1549063582457,158639.58195198953,22.436579267761317,0.19280330104830715,73.39164596851275,1674359.0,,65,2
1648.9123160453846,1725.5091939063452,158295.34905414737,24.13504996097756,0.1965485828513175,62.58779960766569,1769897.0,,65,5
902.7240365797373,181.7067306144208,208252.7071731304,28.546415136855877,0.31527849830956695,71.15636741109611,1723922.0,,65,110
470.19517079551736,1319.9244534948014,110501.74057874366,17.296815238781832,0.13806628843289273,84.940585181832,1539605.0,,65,16
438.18258566138763,73.73313066077917,171439.9046110359,21.942581011114925,0.32948379370181646,92.76406013279022,1504360.0,,65,17
231.8484165489614,1771.4710466718436,172233.05595249255,28.368983689635755,0.31886827235128745,64.45053173884622,1778110.0,,65,59
1858.8018565561733,976.6671853825186,142304.96112787994,21.210931235399574,0.18703283357571582,66.72756319987774,1725614.0,,66,2
1649.004661481074,1724.0860948044804,145270.30470568547,22.69898069387797,0.15745443481975865,58.66159402187054,1798816.0,,66,5
1090.8205444161747,1600.8977024960654,114849.50195083133,17.650729993128273,0.006920521034495018,72.96035756470148,1653245.0,,66,12
896.7743600858794,182.05998586881205,214825.35673741737,25.956579887800185,0.14140324767801762,70.02727786360796,1756212.0,,66,110
467.16739430036336,1320.0008577403842,114127.23107443705,19.27859674927571,0.0731680938016196,80.659691780072,1588529.0,,66,16
438.584728269909,73.12535877413329,171936.3988081773,21.108661364329325,0.2850442946596465,90.92547073389935,1517624.0,,66,17
234.06103485434664,1770.9580860140973,166032.8426398013,27.793265500274067,0.2980805523781398,63.79448349878422,1787487.0,,66,59
1648.0950637631695,1723.5282643679836,154866.93881995726,23.626681556819985,0.17213124582173367,62.870482205463894,1759249.0,,67,5
1859.0236227423766,978.3695623919467,153518.79991709636,22.106349982868938,0.2011508511157836,71.52929113196491,1687438.0,,67,2
1090.428597442954,1601.5918830091257,128177.10147890118,18.113385477932077,0.016997854619214506,78.6822202451614,1612186.0,,67,12
898.4231985674292,177.48573734520417,223899.85769141658,25.95607078053764,0.16793299223636485,70.77635122531265,1751703.0,,67,110
468.56114431453284,1320.5073486256856,122516.49926068947,19.10334727202032,0.15695019954752887,84.7057394983795,1553219.0,,67,16
437.8164993463614,73.75904200046928,179699.6498812555,22.01726389287724,0.28068506108118924,91.858668611576,1522561.0,,67,17
234.90003039826001,1770.9487511024722,175861.16223714227,28.658105240348302,0.2916957803054056,62.11754229881163,1800816.0,,67,59
469.5338402731575,1320.2819541557349,117457.0339360561,17.773190468902694,0.14124034216591627,84.7815047679947,1545665.0,,68,16
1647.4670018362083,1723.5643446927388,154776.74648921302,22.42976103530389,0.16122389236882506,61.9273600044483,1771378.0,,68,5
1859.58696795317,978.7066177200119,148610.91940115107,21.791500885991606,0.1821233927869617,68.93104952876091,1711426.0,,68,2
1090.2484102379776,1602.5565979242485,123064.04032312553,18.64453940167286,0.049428123927643806,72.61720190997808,1657377.0,,68,12
235.83032059172757,1773.2777677316747,169192.55122167707,28.906629305248362,0.32246426438591985,62.664590480691736,1784914.0,,68,59
897.4485105413181,176.8187662875998,223204.63621793778,26.21464664041155,0.15399161759834135,71.14274095749121,1746324.0,,68,110
440.51713499523913,73.36374427959615,175756.48276691049,21.358411703495488,0.3051486927745639,92.89104000667245,1505956.0,,68,17
1648.0549229381468,1722.4303703236694,165233.45531497896,22.83790577215027,0.18291806758443752,66.11004987189868,1745398.0,,69,5
1093.8108023161635,1603.5169692830289,132577.49468007454,18.338268519243773,0.019593097474565904,77.72939197059601,1618826.0,,69,12
1858.8673505526956,978.4171480306477,160645.01718690025,21.80279353976264,0.17848334087779538,77.32872500167542,1634660.0,,69,2
904.6706069976167,175.79536622750672,226110.3939058057,26.878365545855168,0.23914612823911258,78.13005893951662,1674792.0,,69,110
239.7558453334953,1771.4977416989539,184693.8499954524,28.797536542620833,0.27835588728544486,66.91138380973987,1752970.0,,69,59
438.4451151866929,74.18952442349703,175885.9880176709,21.788776852496596,0.27305781267337853,96.96140647878472,1469954.0,,69,17
469.2440074300029,1319.7853649392478,117557.69201614807,16.99503935835528,0.05871023359974537,88.94806710037277,1503360.0,,69,16
1093.9265836660686,1602.1870508869931,123063.92156862745,18.61421717604442,0.03345315132997243,76.86274509803923,1621348.0,,70,12
1647.931651709802,1721.9408180095409,161204.3137254902,22.43165826746388,0.13118061401606362,63.92156862745099,1760437.0,,70,5
1858.240082097749,978.234352868651,160306.27450980394,21.477160484012636,0.20952452953272555,74.90196078431373,1667173.0,,70,2
468.2961661550969,1319.9203398063269,113836.4705882353,17.3211365636646,0.08732964113954354,86.66666666666667,1524274.0,,70,16
438.4867458734426,73.54239074601576,176356.4705882353,21.495364914191935,0.24731005750470378,92.54901960784315,1509629.0,,70,17
239.4361157635907,1771.0447053792564,176072.15686274512,27.87397610998022,0.2595291519107553,63.529411764705884,1776907.0,,70,59
904.4598138515347,175.399398058119,228280.7843137255,26.753185633570762,0.24137816421976094,74.90196078431373,1705944.0,,70,110
1646.9408252564224,1721.7815493554153,156696.1568627451,23.9273129533194,0.14028841492882138,62.666666666666664,1767998.0,,71,5
1094.3768780900434,1606.398264471247,126378.39215686274,18.370630017858716,0.055704143833859146,76.67450980392157,1624419.0,,71,12
1858.7147072184318,978.2810434023261,167164.43921568626,22.27727104133217,0.20489101295621098,75.93725490196078,1654671.0,,71,2
903.3543848329942,175.68396942776317,222824.23529411765,26.427631684390715,0.2005477551556428,72.25098039215686,1725476.0,,71,110
236.47304043640412,1772.1797186589436,187994.83921568628,28.24203252467387,0.270165337914496,65.24705882352941,1780093.0,,71,59
469.87114792052677,1320.8311143060605,109224.68235294118,17.857632802000733,0.15388365180487085,85.89019607843137,1535997.0,,71,16
437.23133922039034,74.65075374746908,173322.7294117647,21.218159089005187,0.2751253324587451,93.6313725490196,1491808.0,,71,17
1858.5898970460887,978.2205787549312,161254.63663505594,21.567504549150538,0.1948752877379612,72.92377486623333,1675222.0,,72,2
1647.2372884987608,1721.2319532036768,162927.6166403648,23.748449541760262,0.11310522734472012,63.61435679820354,1761685.0,,72,5
1096.8162164799246,1607.0702811702145,119263.3427619491,18.00404661824417,0.06481207567108951,75.25112938324078,1638072.0,,72,12
908.0855989921587,175.5471501651602,218300.81109384497,28.56705201002874,0.3068448352473871,75.25112938324078,1688627.0,,72,110
437.40783277516164,74.30404172620621,174544.218819588,20.560715460821285,0.26439081276765014,95.42153519730532,1475063.0,,72,17
469.92409170100785,1320.40178659111,106645.97814041273,17.064678438199078,0.11869184336763604,86.887901968278,1520839.0,,72,16
235.8369069009962,1771.420555051143,183278.0045370779,27.538421494340366,0.29827912750875923,64.77803405670727,1777190.0,,72,59
1648.0160324689205,1719.5053821275317,167810.32298501005,24.555233099442226,0.13458165941553096,66.61001027446548,1736798.0,,73,5
1858.4341865320241,979.428718373318,155187.1348248899,21.278261012026253,0.1948978796881541,74.88699379969492,1650375.0,,73,2
1096.765149858136,1605.434503876996,127941.27577019774,17.798809767315195,0.01703728633628028,77.64598830810473,1623777.0,,73,12
235.29849314891362,1770.2956893542005,182887.4396893244,28.357305248556298,0.283837692497838,66.2158682018355,1767467.0,,73,59
469.87237265410977,1320.1733186862673,115530.53018722513,18.06686613452757,0.14026692837268118,86.71125597859412,1527401.0,,73,16
904.3438257831284,176.23312922699046,227865.35644956643,25.35894568937644,0.21137044112609796,74.88699379969492,1718366.0,,73,110
438.3507983073632,73.92136567620486,178554.6358849031,22.55652958833396,0.2964942207373322,94.59409743119359,1496448.0,,73,17
1858.007120843312,977.9572307722508,153425.31761843438,21.01156050571122,0.16067962389850882,72.65882351585586,1684395.0,,74,2
1096.8573337912214,1607.153881376016,121683.95291847398,17.963825803726028,0.04513527354945181,74.91764704484619,1643187.0,,74,12
1647.5438794817717,1719.579244350708,156188.23526497773,23.69246144104242,0.09011446167790116,59.48235293007889,1791395.0,,74,5
469.317030541215,1320.4456545532307,111790.30586149631,17.342105071725527,0.08387891747915074,85.83529410163283,1537160.0,,74,16
438.41680819602874,73.8728348119983,178221.17643733765,22.52686107279456,0.2879812913538059,92.9882352767689,1510816.0,,74,17
236.63121232447028,1770.7233723411414,173431.34114411363,27.975812751565535,0.26314887746665094,61.74117645906923,1799626.0,,74,59
905.7634388872149,176.33602899463168,223638.96466415818,27.241589989008386,0.2610459760035381,71.15294116319563,1743283.0,,74,110
1858.8169700292126,978.0334822365611,160769.1601134907,21.10578439882185,0.15381717308250403,74.63583431820905,1665683.0,,75,2
1647.325372927119,1719.1588913676228,165856.70381980904,21.96749947720479,0.03377675635583594,64.71085635036209,1763143.0,,75,5
235.7039158532894,1770.7160535379,187547.54466897922,28.278107997114965,0.29074972217069406,67.09285106264537,1769363.0,,75,59
1095.3836115604886,1608.6372230260013,125399.7146290339,17.85728733236506,0.03611982182865424,77.81182726792007,1613681.0,,75,12
469.6524329876955,1320.513067492426,106666.51721428214,16.273783379637912,0.09701470824670157,87.33980611705314,1514639.0,,75,16
907.5854316397343,177.03370336387485,215041.32163639012,27.776137821863934,0.284991331422203,75.82683167435069,1685409.0,,75,110
437.01327863687857,75.3283127886478,177681.32257070192,20.520722100498404,0.2625996423505039,97.66178320361396,1468299.0,,75,17
1857.9292780342494,978.2253262295203,154760.7055102778,21.065897576794892,0.15812781357619196,71.86562193174369,1691364.0,,76,2
1647.3905321814063,1718.5806418369325,155791.28910989471,22.33847892760428,0.023824705031830436,62.691287217053,1764730.0,,76,5
1096.0462902176992,1602.1134542807094,122862.30823519119,17.767722263639513,0.02601085266516527,76.83505323553447,1616530.0,,76,12
906.704245585793,176.9678329206954,225112.94447804397,27.450292101230747,0.264276281941272,76.07052534264358,1698026.0,,76,110
468.2020052188764,1320.1397189155352,112359.98857054902,17.88898228654874,0.05174884705393613,84.86259611088882,1531849.0,,76,16
439.02632854037347,74.19429602856569,175142.6368708025,21.33670342396182,0.2722440330904777,94.41919477202495,1497813.0,,76,17
235.13321389354448,1771.4393857890361,171972.13969898396,28.543962835261272,0.2693357930294444,63.45581510994389,1783719.0,,76,59
1858.7429467959353,977.9888335895367,156140.9775720671,21.703395769849287,0.193367362830829,73.67046108600945,1665660.0,,77,2
1647.1670836775359,1719.91274910547,166373.64618581466,21.946821489270782,0.11585588659263264,68.91752811271853,1724409.0,,77,5
1090.4782345386086,1607.519925220083,135380.56242248006,18.436409084185218,0.028613814727508898,77.6312385637519,1617024.0,,77,12
906.1830339255577,178.13617575586227,228349.5156910418,27.074981155201446,0.26677760028935193,77.23516081597765,1684640.0,,77,110
469.60918505327436,1320.5766556252886,119215.04522482204,17.286526359216047,0.09967011989565716,91.8900374836247,1486331.0,,77,16
439.1384982297404,73.6897977612474,177202.01573221476,20.588855927296315,0.2687734472877386,97.83120370023836,1462959.0,,77,17
236.44399200561102,1772.448987399383,180143.68516493405,27.723658315228846,0.28590129465549685,68.12537261717003,1750039.0,,77,59
1093.3323740624971,1606.4963532950214,124812.58774523031,18.4957285579067,0.035743796329536726,70.73225377608617,1674408.0,,78,12
1857.2459058684378,977.3704906143448,151371.81224384048,21.21491876183307,0.17714292946717558,70.73225377608617,1692458.0,,78,2
1647.3914082945005,1722.3087527118132,151471.6478728682,23.857480914162984,0.1574451547980307,60.78553058882405,1784798.0,,78,5
908.5591488994389,179.4765092792404,213394.0520822808,28.09441363842043,0.24814643308733011,70.73225377608617,1739594.0,,78,110
235.5392,1772.1202217391303,169462.6913385398,28.0414164965045,0.2939428914777093,63.364310674410525,1789076.0,,78,59
437.8868511636706,75.47809976928815,169418.85207708483,22.45408029642957,0.3072570408927394,89.15211153027528,1539573.0,,78,17
470.0754202904618,1319.8313291260679,105599.9393133009,17.48657588245409,0.10786703907551307,80.67897696334829,1567324.0,,78,16
1859.447848177318,978.6912216083487,148622.29317346,20.941724365261024,0.16618743314083026,70.65882308052119,1696748.0,,79,2
1647.4428000344533,1721.6651171156564,153251.22255581743,21.47566444298727,0.15154059729062258,63.67058783079931,1753831.0,,79,5
1090.7642067093004,1607.6032814698212,129976.90505661874,18.499093456835904,0.06654514070902913,73.76470541373091,1648324.0,,79,12
906.0377865029626,180.9065643159736,217931.2221449099,26.0013184509504,0.17583992544991825,72.59999953877727,1728594.0,,79,110
469.94333297057824,1320.025567214427,110591.54047389024,17.432587552451185,0.10869855500180038,85.02352887161616,1539167.0,,79,16
438.5392162465511,74.21222103099947,169837.022450449,20.783781511472867,0.2682776544346398,93.95294057959411,1491935.0,,79,17
235.97079793374812,1771.5226277276686,177897.56357571154,28.024426010422122,0.27209318009529604,66.77647016400904,1770429.0,,79,59
1858.8895838784367,978.3657638933457,155693.9450695843,20.657957266013288,0.19312226420872325,74.94117645689185,1654538.0,,80,2
1647.2811872355362,1721.8709465124896,157670.08624569373,22.848009289196796,0.15697149511113842,63.79607841971306,1751625.0,,80,5
1092.2674592174005,1606.5501989326658,136970.18036712395,18.70565097020089,0.04274101558824325,77.2470588094116,1639048.0,,80,12
907.8857532960112,182.94386774717267,221801.67054769842,27.22622714035716,0.2287818037408749,74.94117645689185,1696813.0,,80,110
469.42014586990706,1320.446635871182,117557.3411549856,17.430795884732593,0.08171440372186306,87.23921567033051,1522069.0,,80,16
439.1119611587023,73.95327175147074,178733.5529085108,21.387807020008495,0.27960759204462615,93.7725490024698,1503111.0,,80,17
234.33554382621543,1771.7162746378597,179480.27447700177,28.381467374523567,0.29362612810408106,65.71764704681286,1773358.0,,80,59
1646.9676743596367,1721.4678343171709,160520.5450980392,23.218476579377185,0.1666076607913029,63.90588235294118,1755778.0,,81,5
1859.354269545691,977.9491129089403,155678.9137254902,21.068198431899035,0.17761639357743603,72.65490196078431,1678889.0,,81,2
1089.5713455947825,1607.423193952224,129016.0862745098,18.152377119905886,0.034498293677978895,75.69803921568628,1631839.0,,81,12
905.1810254662546,182.8444626131745,226580.968627451,26.134296634629756,0.09260954273660406,75.31764705882352,1689000.0,,81,110
470.3201060592365,1320.1256540821757,113623.51764705882,16.988358170919394,0.12752472751918995,85.58823529411765,1541006.0,,81,16
439.86806052794884,74.28763577345848,175314.37647058823,21.434717290127605,0.2872798264950721,92.8156862745098,1498782.0,,81,17
234.01540365093132,1771.8253423694496,175852.63137254902,29.250232625713625,0.3166665140752092,66.18823529411765,1768821.0,,81,59
1088.8894744050065,1606.484158315619,127768.39995281622,18.025208499564016,0.044983330335264755,75.69803918773164,1636757.0,,82,12
1646.8589796043134,1721.3726551073867,161775.45876378712,24.344602606672485,0.15178676420616238,65.0470587995081,1741269.0,,82,5
1859.1834123142496,978.7317962897112,157250.69405957573,22.24416353522785,0.20060023812980174,72.65490193395348,1679873.0,,82,2
906.8263934160409,182.73010433867546,229900.65089549182,26.263121063903167,0.14947976395928,74.55686271756483,1707214.0,,82,110
235.64126351026513,1773.477602339702,170905.63130943503,28.862847034611725,0.29510490831580105,64.66666664278583,1765140.0,,82,59
469.9702930268833,1320.8227800149616,119494.49015195014,16.83796799458035,0.10028613297894129,89.77254898645562,1508048.0,,82,16
439.93427830436127,73.96392522537516,180554.2783646954,22.235493852650343,0.3168413127327006,93.95686271040057,1503277.0,,82,17
1859.2866104186483,978.0318711319193,150729.1169235728,21.03157562400519,0.189860946201568,70.75522776859786,1698013.0,,83,2
1646.840524279385,1721.1265199470388,159192.55935250397,24.82136958051646,0.2051080110003908,64.05210092736228,1759076.0,,83,5
1091.2112467070133,1607.039760768957,130757.52289604698,18.714260073053374,0.04062253441594012,75.59637493171246,1650365.0,,83,12
234.84534252340927,1772.8428213644263,178726.96055160696,28.508144680051966,0.3056126232625799,64.42449686298647,1791244.0,,83,59
439.37187986698655,73.03085406406532,176940.20485248204,22.57115844765692,0.3036573277811071,89.74742048543203,1543563.0,,83,17
906.8860320886095,183.4441559840756,214302.31667772235,28.52871659840362,0.27048366254693534,71.12762370422206,1723737.0,,83,110
468.6193774163445,1320.8151546460472,111733.67652468476,18.27620950914413,0.12648080921750027,81.92710583732385,1571655.0,,83,16
1859.0629865480416,977.3806614768209,151360.42352941178,21.34665201885035,0.19698861520474462,72.63529411764706,1677564.0,,84,2
1647.41372142389,1721.5033601690357,157148.9568627451,23.372139686720235,0.1439270726863318,62.643137254901966,1768805.0,,84,5
1090.5752037231862,1607.4963594324875,129316.18823529412,18.666452423876738,0.031200383432010054,73.78823529411765,1651469.0,,84,12
234.42543787428394,1772.3283493807794,177379.23137254902,28.35416070042984,0.27452121493907755,64.94901960784314,1787605.0,,84,59
470.6566628359541,1321.882467719592,110691.19215686274,17.724540361477565,0.11795838575382114,84.93333333333334,1536491.0,,84,16
904.2895669209287,183.30329706973447,230501.76470588235,26.92438273934447,0.16208889429444845,73.40392156862745,1707776.0,,84,110
438.01775573678253,74.18370253859555,183740.00784313725,21.761351624065576,0.27860141821559087,92.61960784313726,1512564.0,,84,17
1860.6053311777807,976.6625534715367,151305.20040808228,22.40956633491339,0.18670249649385873,69.99158018028423,1694315.0,,85,2
1647.758725161353,1720.9080149667607,148972.0274749591,23.487702677836552,0.16119708299688942,60.97204665189709,1777344.0,,85,5
1090.781814643994,1606.7171166843511,118665.67325689601,17.946952743249255,0.0345441236845813,69.63079883914874,1688750.0,,85,12
904.398705744023,183.24402909027566,207115.54841235396,26.74601330831087,0.08851606515316172,69.99158018028423,1722596.0,,85,110
468.9757370997138,1320.567522631935,108280.9431336522,17.37161144875185,0.1051750265941249,84.78361516683914,1544654.0,,85,16
438.8592033924898,74.61182708064572,165561.11432170984,21.662705840767956,0.30745297881564265,91.99924198954886,1514284.0,,85,17
234.6189489562573,1772.7720823768525,164552.0089105539,28.3141991495296,0.30332594248630734,62.054390675303544,1800020.0,,85,59
1647.8963117639,1720.8989384569595,157717.12221573511,25.46376651739568,0.18218979264249,62.215680341913625,1772497.0,,86,5
1860.0056203195022,977.0986818923975,150137.98568354416,21.03062397973365,0.17807820981418768,71.90195392807982,1685120.0,,86,2
1092.676703237535,1606.7378543275527,123161.34119708723,18.161210972494782,0.0250715881492514,71.90195392807982,1667026.0,,86,12
906.2122647202914,182.55677953465914,209883.6662609854,25.377894957068857,0.1506148481275064,72.27450291216313,1723112.0,,86,110
234.91048887509973,1771.4296937328252,168109.00357775512,28.619163351635756,0.3059952409695482,61.84313135783031,1801472.0,,86,59
469.8239959147723,1320.6532628700095,108703.46022278194,18.21084218541055,0.10811342048393673,84.19607040282922,1548910.0,,86,16
439.1216361304148,74.54699998475547,171067.4150603607,21.96485619710917,0.3042600336870099,92.76469703674546,1498271.0,,86,17
1860.8424539714463,978.2597352879624,152119.1294117647,21.15147848703546,0.16371072761069538,71.82352941176471,1684668.0,,87,2
1646.8574747221526,1719.7718129618356,162610.41176470587,23.51932392840827,0.19681834634275472,65.61176470588235,1744948.0,,87,5
1089.8935588130903,1607.4108639865817,123603.63529411764,18.38554407781232,0.028419542260894753,74.92941176470589,1639003.0,,87,12
905.6711505182901,182.77061766469632,226593.5294117647,26.353864776166176,0.07710804909723688,77.64705882352942,1675291.0,,87,110
470.2700438571586,1320.468536747489,116230.2705882353,17.088468113964687,0.10118093296300096,90.84705882352941,1479419.0,,87,16
439.17679793026423,74.55246762765697,177973.2705882353,22.542019263058705,0.32739828993198444,96.28235294117647,1474989.0,,87,17
234.9588994158218,1771.9378782496096,184687.80000000002,28.041007829197323,0.2872446993634622,67.5529411764706,1756878.0,,87,59
1644.7040492789374,1719.1766572421352,158885.853405022,22.980158771984957,0.21570548020159094,61.9489669995868,1773956.0,,88,5
1860.194568903569,976.6644469938603,154523.7110495039,21.529656238655853,0.2188273998537096,74.80629977308595,1660166.0,,88,2
1090.4145937938279,1607.249497592695,128345.0126742257,18.572753589442886,0.04971319356131092,74.80629977308595,1643934.0,,88,12
905.4889326669132,183.68541933707837,226450.74751361535,26.462386892470576,0.09215493252073735,74.80629977308595,1696619.0,,88,110
470.55923149619105,1321.252727599137,115023.64707244663,17.35928785668306,0.11285576552491437,88.83248098053956,1505226.0,,88,16
440.1896004318465,74.25779692199222,176833.13149224818,21.602399299435977,0.28006428035107694,96.62480387356935,1478864.0,,88,17
236.51025734347675,1773.4351381701006,175562.5932445397,28.900055525572718,0.30511369168133035,67.01397688005616,1758588.0,,88,59
1860.838765861507,977.3180320015829,147504.90763298093,20.683248212610934,0.18892716846387883,72.9640579690668,1680506.0,,89,2
1642.9769301929775,1719.2999576898162,160651.1107722181,23.61077110936271,0.1916956632706269,63.74754538350047,1753947.0,,89,5
1095.812389962832,1611.8008690342813,129563.42979974512,18.90090892243782,0.038130495740545514,74.88416475772647,1649978.0,,89,12
905.3999140854868,183.22555435530865,213656.810737241,25.43077181485183,0.10559620909825286,74.50014339999453,1695799.0,,89,110
470.97523114149965,1321.4653393207068,100141.63347711327,15.649912247255772,0.12165924928137736,86.7888268474163,1516656.0,,89,16
439.90162573406633,75.06411236608567,163743.63476603333,20.640094289498894,0.2872435604113615,94.85327535978685,1487898.0,,89,17
236.73620448209823,1772.071657294425,176053.05536677263,27.598477567024823,0.31015580436858253,66.81971624535592,1767156.0,,89,59
1644.3993215467792,1717.9791893897454,153328.60454518208,22.59554381330717,0.0915001343378796,58.87598803487598,1807865.0,,90,5
1096.0120080419942,1608.3976003309888,111747.34769495578,17.799583350005758,0.0389137511228889,73.6852856387405,1641913.0,,90,12
1861.2841659957771,976.205497243024,142674.21792515303,20.809231158018672,0.18360915419874693,68.9896546911737,1711936.0,,90,2
905.5342854983753,183.30582970183968,215090.59960090872,26.09634037880814,0.14548490790957333,70.43446421350194,1732784.0,,90,110
439.0995931733134,74.91427502875618,166117.33603207054,21.54260391060012,0.28791693299863275,89.93939276493325,1537273.0,,90,17
469.1483014071224,1320.2206428068641,105707.32148686255,17.60858739589672,0.12815112590784855,80.90933325038172,1573836.0,,90,16
235.31229159239143,1771.2256825749685,155008.91801964983,28.067256332675626,0.2730742842081581,58.514785654293924,1818253.0,,90,59
1092.0008975945161,1612.8182492401638,114529.7059849237,17.8754537642332,0.03540090437961337,77.79552995520707,1606985.0,,91,12
1645.6316938456002,1716.469252311911,163270.59008170673,22.17115139324349,0.042326179335947914,63.90347103463438,1759090.0,,91,5
1861.9539438134725,975.6570606860957,157193.80659387907,20.81117906921556,0.18097559154894338,75.81095010941097,1656946.0,,91,2
905.0753753929874,183.58463025856753,223335.4867786023,26.360936077990328,0.1365981705510944,76.60478204772942,1677411.0,,91,110
467.15671118274867,1321.1344324770541,121647.20314388683,18.989214008521202,0.05433369101904702,90.89375693746132,1502870.0,,91,16
439.6233561016519,74.73901989561149,179848.57936557985,20.71726798934138,0.24487481261206634,98.83207632064571,1450369.0,,91,17
238.26312147891096,1772.0872566030462,185292.28188259856,28.27523610361711,0.26994636801245375,69.06337863370423,1750826.0,,91,59
1863.2942478693303,976.6203923731756,155917.19019052896,20.58686658833631,0.15440284019876332,76.78890805334194,1647246.0,,92,2
1645.3451587441832,1713.2101761206338,162955.66150269826,22.95077393871357,0.06804323087980195,64.88662730507394,1750689.0,,92,5
1094.694444161877,1620.6112676533917,113231.0040927567,16.561418801333257,0.028204696610622155,80.62835345600904,1581739.0,,92,12
906.0303423797775,183.49917846167165,221756.76784454487,25.739846769663373,0.13949747419761735,74.48524081174169,1700459.0,,92,110
235.72784312529808,1771.3629034190026,176295.43060972483,27.519440384968874,0.29343758718873386,66.42240546614079,1764421.0,,92,59
439.19802126756423,74.35074284097217,176378.36263042243,21.195304400570567,0.29270574176584574,97.52191322774426,1471844.0,,92,17
470.8572126661454,1321.043016307383,109998.57500825127,16.854267279633984,0.13935385123136734,87.92329972107653,1505090.0,,92,16
1089.3737672809928,1617.686867264289,123153.15606767061,17.16436104657745,0.02678328563628732,82.68804633114813,1562580.0,,93,12
1863.2100371596732,975.74783505099,149468.92932980118,20.138085779099015,0.193288247267925,76.63770147764949,1639254.0,,93,2
1647.4322793417175,1703.074313079748,172327.13218631907,23.36442191026591,0.08623981788825405,66.95714971205166,1744476.0,,93,5
904.7842056068123,182.8996364243777,226986.35094914938,25.505600441226196,0.1222160034985687,75.83098883051633,1692725.0,,93,110
470.6701060454999,1320.730988851627,111255.75794775088,17.154390657360644,0.12551033424549632,88.73839118464677,1503677.0,,93,16
439.8308864118267,75.8396593183999,170254.687395834,20.943582351539757,0.30134131423629335,97.61223030311145,1461375.0,,93,17
236.17900224108178,1772.1327546648483,181602.71420305604,27.503468228365076,0.2921211421171518,68.57057500631795,1750675.0,,93,59
1863.8762741233188,975.2700868365001,153231.85098039216,20.899571500200146,0.1889955174698731,72.65490196078431,1672335.0,,94,2
1646.4972069096757,1696.199653779573,154916.60784313726,24.42822308354086,0.14548227034475378,60.86274509803921,1781054.0,,94,5
1087.6727966819662,1624.608579526316,111800.67843137255,17.477514532020436,0.04004316703244338,77.98039215686275,1612836.0,,94,12
469.5812197054124,1321.2535111510936,113321.86666666667,17.552152985861554,0.0983310012838608,86.72941176470589,1523037.0,,94,16
905.4675582335219,184.12663606759514,212247.031372549,24.55260757990066,0.11554421015237026,74.93725490196078,1697123.0,,94,110
438.6796106352208,75.25049727444654,170967.25490196078,21.5485723442305,0.26998527481152,94.71764705882353,1500718.0,,94,17
235.7162559880135,1772.133247405291,163499.0156862745,28.188399692877784,0.313400463254095,65.04705882352941,1755430.0,,94,59
1863.4042587724368,976.3197128685358,151494.43656315323,21.18328267053987,0.19742086518301868,73.76469886240349,1662891.0,,95,2
1640.4883789215273,1693.5086848217186,154792.24017088048,24.855011473062266,0.10531150870154826,57.372543559647156,1815764.0,,95,5
1096.6551878758162,1622.2240702985885,115487.20469572819,17.916638603904985,0.0414523547775005,75.9999927673248,1625752.0,,95,12
904.7819412007738,183.63524911102775,215511.01870619485,25.855152946229328,0.16945457863381616,71.52940495748217,1737551.0,,95,110
469.8844325804718,1320.633187152242,107463.61722401311,17.10622668663294,0.10867115857866652,85.31371737116363,1532136.0,,95,16
439.3267758549694,75.2802540492878,172805.72865267307,21.85827084213855,0.31118990284273945,92.76469705423469,1511371.0,,95,17
236.2593243709066,1771.5268459152016,162114.69045441857,27.46143077841291,0.29264778807286435,62.588229337796896,1791223.0,,95,59
1641.2000216397269,1693.4975090792766,170362.15037824732,24.08237347387467,0.10758191644692099,61.710317347181395,1785719.0,,96,5
1863.4970627353912,975.3505482807177,153955.6210071717,20.253250637600896,0.1887341111340175,77.73897120359214,1633197.0,,96,2
1097.7261919085822,1610.5026714491514,123224.68440096817,17.382375466434745,0.02883143771839688,80.94470197487429,1589635.0,,96,12
237.96103087705157,1772.4752759678468,178963.92747029016,27.691231325739107,0.28858088346967903,67.32034619692516,1756020.0,,96,59
468.82018414146484,1322.1761168587475,118947.43811938495,18.165675504232222,0.11636355493445924,92.96619236718236,1470174.0,,96,16
904.841567715977,183.7279406085204,228265.66243453114,24.46995028401438,0.15807688005955498,77.73897120359214,1697544.0,,96,110
440.1608233273159,74.89681526713554,183350.97003078976,21.290943370894794,0.2636667433802388,102.18266833461854,1434056.0,,96,17
1866.6867586854157,975.4839468045021,155545.6930531469,22.844849787987684,0.19850886085717398,69.03665354317849,1706440.0,,97,2
1638.6867253355067,1693.3525716457343,157059.1059425388,23.37474472655551,0.10599889392745132,58.96880823479829,1807667.0,,97,5
905.9335550540857,183.61157896932883,206821.58877463112,26.115146024492564,0.09487450533953369,70.47491715866137,1726531.0,,97,110
237.84505866811384,1772.7660518424188,166305.34316057438,28.032872891762278,0.2728546135411412,62.204901369634776,1801990.0,,97,59
470.52971749752544,1320.7050809873072,102803.12800977405,16.950987715367653,0.1261790050168472,82.70015789026588,1558726.0,,97,16
439.36339834380476,73.94126880229439,166996.06926191004,21.481009105505724,0.2751140938809549,89.89147596768032,1530065.0,,97,17
1863.4632912065983,974.4685486231209,144788.8222963176,20.567437399345625,0.18557923332187778,70.88238207402537,1696983.0,,98,2
1638.4578256875964,1693.9727338223897,155597.2298715944,23.178796529926583,0.12179363726704187,56.62885959174854,1823050.0,,98,5
470.2880687444982,1321.5181695642605,112031.14578934654,17.488693275030293,0.1319278915669176,85.90636523101989,1529383.0,,98,16
439.0389446922775,75.7439611006661,169860.76834264258,21.781637477616975,0.3088915358864933,92.84051130347889,1497593.0,,98,17
237.92936521073892,1771.6404844244216,172215.6813949171,28.656256239080346,0.31707693417763394,66.64484836307821,1753016.0,,98,59
906.5523115939669,184.22234281558983,212963.8055593851,26.520862012046475,0.21387513342503184,72.03807308610187,1730686.0,,98,110
1864.056708562451,975.0993375229118,151247.93301346322,20.751634202487313,0.1803946259071086,74.85168719440834,1661814.0,,99,2
1641.3893926421315,1693.7261125455907,176235.32719418706,25.167120412551878,0.14181266693984873,64.15858902377857,1772160.0,,99,5
905.6399881994014,183.88491897881647,220160.5942757692,25.342457587491328,0.12126269386374673,74.85168719440834,1696045.0,,99,110
236.99670020508685,1772.4595172570948,180749.79482555774,28.099942956515175,0.2647525466374604,67.32691440766888,1757684.0,,99,59
469.5865387914765,1322.5424321449404,115418.13332839377,17.57291367594683,0.08651463624266068,88.71311074892841,1507268.0,,99,16
438.70490413281914,74.83623259757665,173755.7165406199,20.4527470507084,0.25384400816789293,97.82204622761303,1458928.0,,99,17
1864.8940481399318,975.6984230551739,149985.4448849947,20.96294566491147,0.16999519402216368,73.6842513232954,1678082.0,,100,2
1640.9894288550208,1695.314846053423,156977.38954571928,23.456702648995723,0.15543421298859583,59.86845420017751,1794235.0,,100,5
906.8856963229191,184.55911540612453,215479.61491927734,26.324891876729144,0.22570933526873613,72.14916275406007,1717964.0,,100,110
470.4997225597041,1321.636680145792,105819.41165952529,17.405462429942233,0.09479856631680617,84.81364345025146,1538283.0,,100,16
437.9106671744307,75.69654368682582,167285.50928813446,21.055147911777972,0.28064333405888,92.8728584387369,1511851.0,,100,17
238.0560272453667,1773.6776040370212,169592.74740769513,28.22300469761693,0.3021365885269818,66.00880847711879,1759065.0,,100,59
1640.2242964108104,1695.3950483339231,160013.14219099295,23.561236412275175,0.06751535867835375,61.842699630522155,1789762.0,,101,5
1866.1071074465744,975.13449137295,143909.079679375,20.487383336711098,0.17279406022507138,73.76418389664691,1667241.0,,101,2
907.0736478431181,184.4483467555534,214368.40460962214,25.19107877124071,0.1552970753105931,74.8818230465961,1693042.0,,101,110
238.25393292462087,1772.8970689916305,169723.5636721349,27.34502470097512,0.30100579756410106,64.82307069705334,1773166.0,,101,59
438.7880976604523,75.36200890721538,165878.88499630964,21.55224265371253,0.2564160162816672,94.99932774568163,1493444.0,,101,17
470.35366608314666,1321.977348612954,112579.41902799915,17.258659714030713,0.07206506894301107,88.66603922930285,1509797.0,,101,16
1640.3968037615496,1695.2863229529537,148504.95293456144,23.21695982844017,0.12331587131417512,57.52097255976266,1812423.0,,102,5
1868.009932410585,975.8793742763864,139612.86587904117,20.968113078824835,0.1969658507591161,69.53484657540929,1695719.0,,102,2
906.3977680300478,184.64648045900398,202093.38406653577,25.73900461191576,0.08614504766871993,72.44730088223272,1699397.0,,102,110
470.05357325103023,1321.0196232311466,103447.82858084961,17.547507948706123,0.1475413954102086,82.64089095611472,1550786.0,,102,16
438.6304747725322,75.94838970634113,169210.31871534587,21.065354503907795,0.2708065801306082,91.37825387658499,1517148.0,,102,17
236.37130803551707,1772.263681141494,164823.07035890475,27.672202571504297,0.28037659293501316,62.61776759670366,1802100.0,,102,59
1868.034795666684,975.4191758387203,150968.741073466,22.05686229274205,0.21316904766841813,71.70900354538644,1687837.0,,103,2
1640.8591559844579,1695.1142602948653,164560.21163607098,24.28910543887019,0.14409097089362982,59.38401856102315,1797002.0,,103,5
236.79217664142723,1772.1914976835044,172836.62579526767,28.43188515691576,0.30236470311654084,64.61280006954091,1782716.0,,103,59
906.7486908522316,183.60430156048315,213538.20802635685,25.991605932144772,0.13919500844533905,71.33551915192089,1740408.0,,103,110
439.3107576934151,75.33868476847772,171221.6792779226,21.94434131298546,0.28987715395513225,92.62412957945749,1509098.0,,103,17
470.13258209570216,1321.802579766746,104237.6267942689,16.52538794056853,0.08931418842591689,83.66050413628419,1546392.0,,103,16
1867.9132955936736,975.1329834778406,145664.62352941177,21.311788981259898,0.18090599063852697,68.92941176470589,1713088.0,,104,2
1642.8723124591456,1694.5275402880397,154548.1294117647,23.605190756820218,0.1353759349735049,56.529411764705884,1826842.0,,104,5
905.9206747698279,184.8587921709619,211806.95294117648,25.469937580809688,0.13337001488590114,72.5764705882353,1722924.0,,104,110
471.0731562211509,1321.3421615892228,106665.52941176471,17.116095571011304,0.11045157506550961,81.69411764705883,1564085.0,,104,16
440.44540734695386,74.99732569773929,158194.09411764707,21.751991438564772,0.2968211173825436,87.89411764705883,1547365.0,,104,17
236.2722863182693,1772.2792738975422,173386.64705882355,27.917833415771256,0.25435346317021085,61.635294117647064,1813629.0,,104,59
1869.4359670820547,974.8285871584528,153301.51324331926,20.575541746304598,0.13506373129190985,73.99957195716196,1665651.0,,105,2
1642.5442372840048,1694.447410494504,164123.05064726013,23.637187775846403,0.1043887790321643,59.99965293823943,1795744.0,,105,5
906.3616594278868,184.45750557224537,227016.68684555398,25.04622781102358,0.13013637253532337,77.1995534472014,1685610.0,,105,110
235.4254202194072,1773.358316189833,180047.7585324414,27.438507193577607,0.2696125623853463,66.79961360457322,1760675.0,,105,59
470.94121247003795,1321.9089700343152,109804.96484458572,17.101940827734527,0.09141023542773818,87.59949328982957,1517549.0,,105,16
438.9901164403877,75.66949874183148,167226.23269722587,20.846192018956557,0.2779005391216392,94.79945164241829,1478405.0,,105,17
1870.423151794449,974.3789373842311,157938.0392156863,21.390302852932194,0.18041012066975307,76.86274509803923,1630749.0,,106,2
1641.5453079806919,1694.123389592327,162971.76470588238,23.64503551179266,0.11567934444518417,60.7843137254902,1803351.0,,106,5
234.61243791818617,1773.2112959207464,178290.98039215687,27.627843042230936,0.28104194368235813,66.27450980392157,1760653.0,,106,59
439.6908796887899,75.22322088907485,173390.19607843139,21.59596011865923,0.2701905650402245,95.29411764705883,1485497.0,,106,17
906.572818823496,184.2700644467742,221067.05882352943,25.41454820471459,0.11657175519615554,75.68627450980392,1695656.0,,106,110
470.68119702783184,1320.8798856087503,109565.49019607843,16.37302312372569,0.09272199985458796,89.80392156862746,1494322.0,,106,16
1640.2812548566321,1693.5504992617919,164722.95023722123,23.246449635215903,0.10150584577414606,60.79990781154719,1793772.0,,107,5
1870.7341068642745,975.0851334053363,159993.35740851244,21.16682555037848,0.19948510413619214,75.99988476443399,1645176.0,,107,2
440.661290102854,75.03022954839588,176171.73287789297,21.393956050564725,0.3067911278183051,97.59985201327312,1461262.0,,107,17
906.2040330483409,185.07695696343646,222461.6626903357,25.114122561518137,0.11364789412710613,79.59987930590718,1663149.0,,107,110
470.172254696082,1322.4696624791784,117906.62122293639,17.075419422894797,0.10574825142729877,90.79986232382376,1495099.0,,107,16
234.609722933871,1774.2872495458387,180332.12656965546,27.436742967029737,0.296236988166381,69.59989446848165,1749272.0,,107,59
1871.9542310732195,976.1015172521022,142244.3065436124,21.54894961008831,0.18056169931372418,66.71819921065016,1722427.0,,108,2
1639.4614870739179,1694.2832248756902,155601.21630381746,24.212100614291934,0.12189296250179493,54.92271647727554,1847569.0,,108,5
906.8282248532041,183.81049793101766,211742.55359098478,26.443891224964055,0.17957157655216047,69.66706989399381,1742859.0,,108,110
471.8972753334939,1322.7807059116017,94889.49806630291,16.366950466854565,0.13773630344203644,80.72533495653252,1569484.0,,108,16
438.82522753095645,76.30256468404842,159290.2535286804,21.762423717133938,0.31681933506403315,88.4661205003096,1544148.0,,108,17
234.16097476811257,1772.4712092654513,168776.03329932608,28.270481308912462,0.24672783941273244,60.820457843962856,1797457.0,,108,59
1871.73271956102,975.499722148272,154758.7999728252,20.586442728283384,0.17321682231177235,78.79999998616314,1622246.0,,109,2
1636.3204469963216,1691.372927604144,165943.19997086126,24.456871687042224,0.11132185761386365,62.3999999890429,1787293.0,,109,5
470.79289734893547,1321.4145107161248,112633.99998022207,17.73047547199716,0.14303260819784547,89.99999998419648,1490058.0,,109,16
906.6497535958542,184.40490983075597,223535.1999607484,26.823226880265608,0.19801018100348514,75.19999998679528,1693223.0,,109,110
440.60425830582255,75.05049565161727,174961.59996927768,21.66199701876998,0.30522571976724777,96.39999998307268,1476090.0,,109,17
233.4853303008843,1773.0618474333135,176227.19996905545,28.35707074218912,0.30785871477410637,65.19999998855123,1768784.0,,109,59
1635.8619180399621,1691.0880556498134,157756.38707337927,23.23656937283993,0.1339372972812709,56.63443667279763,1829189.0,,110,5
469.36280915440545,1321.4218168546402,108409.17319054861,17.545632279449126,0.08639269545264922,85.72746921019366,1537676.0,,110,16
440.6399918531761,75.11576636719545,171412.26863933247,21.737675549118794,0.2774853652232348,93.87351832066456,1499020.0,,110,17
234.86306767046833,1773.5033018001782,171114.74389325004,27.042988295929426,0.28980765392781255,63.61676448177268,1780665.0,,110,59
1872.0552571788198,976.2434691940094,145462.05943017622,20.455677971529255,0.17404661571632696,70.98699939124634,1687343.0,,110,2
906.469638360568,183.85836056790785,217208.58092419885,25.630679774277926,0.16728670399808207,73.31444199423802,1716850.0,,110,110
1636.2765016467633,1690.706508346256,154017.37124547048,24.71327431965724,0.14010129649590095,54.83895551000828,1839671.0,,111,5
1871.2515511129252,974.9790455361062,140546.10966791655,20.791956266504762,0.19255171205740487,67.8271291834313,1720280.0,,111,2
906.2076205640698,184.7247654364959,206644.00783977238,25.482402632381586,0.14114703488837893,70.71338999974752,1731952.0,,111,110
233.91095853323083,1773.608152568254,166571.52344863996,28.06878082826075,0.26043015001631303,60.2506945406012,1809740.0,,111,59
470.6525073662132,1320.8214451333054,101139.62996014909,16.9404576993995,0.03480168138235469,82.61921586705195,1562373.0,,111,16
438.94174291483733,75.58510617882052,169197.29922628365,22.22364379140638,0.2770827777702404,89.83486790784251,1524648.0,,111,17
1871.8865301799453,976.0640749243283,145883.13725490196,20.489412120744575,0.16519927246183036,71.76470588235294,1680610.0,,112,2
1638.350529174092,1690.4139962134493,162183.92156862747,23.195804037883914,0.09246066104916956,59.6078431372549,1805947.0,,112,5
908.4381949157945,184.0917804469211,209152.15686274512,29.008554805570647,0.2836306618100145,71.37254901960785,1706317.0,,112,110
236.13450287188007,1773.9608404285882,176081.96078431373,27.84453688168763,0.2703187466279145,65.09803921568628,1778323.0,,112,59
469.93565682735766,1322.6157779822681,115489.80392156863,18.62112212759922,0.12493437742734953,86.66666666666667,1525356.0,,112,16
439.24919469347805,76.10869225573134,170681.568627451,21.713520999512696,0.2671752443867185,95.68627450980392,1489498.0,,112,17
1870.9945109447162,974.5177720223916,147435.63529411764,21.34756703958137,0.2139166129819202,71.11764705882354,1690351.0,,113,2
1637.1143136261494,1690.0308249479424,150449.56470588237,23.364550316945007,0.07873004147818605,55.800000000000004,1838552.0,,113,5
906.5768946809293,184.21266427917604,218340.65882352943,26.238436728204945,0.1421036568223142,71.84705882352942,1718699.0,,113,110
234.96980959890845,1774.0024165610853,164653.03529411767,28.18284555280199,0.3068491151672264,60.1764705882353,1808544.0,,113,59
469.1341752546235,1321.8036804169192,114908.97647058824,18.04622779537008,0.08510076655154285,85.70588235294119,1534519.0,,113,16
440.2195308864986,74.62453656040978,173228.36470588236,21.644664072634793,0.2824043283213124,91.90588235294118,1526014.0,,113,17
1872.3583537024292,976.7100996437715,139802.32938512694,20.82121835425931,0.20208361281738332,67.8274509674684,1713088.0,,114,2
1636.6200862458102,1688.9943263126554,153527.43526486473,23.80262820244723,0.09056623115500692,57.13725489107392,1821705.0,,114,5
905.18806802891,184.3326426547387,209573.18427379368,26.730273480908714,0.09405913653588717,70.03921567292933,1730179.0,,114,110
469.4368160651921,1321.600174621653,101328.31370618322,18.035165252390243,0.08569203545364026,79.9921568475035,1577371.0,,114,16
440.83751769194,75.76023320554519,157311.02742100655,20.89422532081553,0.2891799417645486,90.68235292389797,1528966.0,,114,17
235.53459204405118,1772.2888778721576,166559.89016434233,27.651329544285666,0.28840559353388584,60.82352940017547,1805527.0,,114,59
1637.708864433426,1688.015278751965,152305.20697489876,23.567593831743178,0.0955123984026661,56.729959787481945,1828833.0,,115,5
1874.5677572169516,976.4374370079639,145103.08071642436,20.422036471592435,0.17922341091708344,69.99150882871149,1693928.0,,115,2
906.1578197227839,184.4713230015917,212455.1729095689,26.547389796810656,0.11153522723855634,71.83339063999337,1713600.0,,115,110
471.18982050651584,1322.0166056580447,106371.25323606444,16.76269183407859,0.15472413904883767,86.93682149250479,1528955.0,,115,16
441.4400642277481,74.85538775333073,169769.93030947357,21.521152405666907,0.2908264296511428,93.56759601311957,1495799.0,,115,17
235.09243102888672,1773.8502780482527,170245.13581678428,27.644746109341686,0.2943969567352335,60.413723410045705,1804717.0,,115,59
1875.6513056001572,976.1934522193523,145920.113382162,20.589470295480087,0.2183181494526922,73.57183479425476,1669888.0,,116,2
1636.4513376887292,1686.5444588664614,157255.45802092398,23.58129890746072,0.05091159350644578,58.480176374920454,1813246.0,,116,5
907.5078307259652,184.22777127348658,218813.57813046768,25.726567916032206,0.12645050020164755,74.32641771522148,1706870.0,,116,110
235.03935864702376,1773.680923253369,165799.22314356963,27.508800976342943,0.28646848367409505,64.51683974265417,1782857.0,,116,59
471.6996067830846,1321.565240961395,101611.00426299646,15.48483137614651,0.10475535753347483,86.77703591117228,1511479.0,,116,16
438.4972980486501,76.38441272387062,176430.91920853016,22.28498851644969,0.31873317254101025,94.70015658132279,1502675.0,,116,17
1878.057517651242,975.5891603596282,157496.0,20.65202049745539,0.1944308221666631,76.8,1651447.0,,117,2
1636.3105203592554,1684.6338018291651,165408.8,24.65250889629722,0.1235924605430993,59.6,1801249.0,,117,5
1366.8291120041672,402.53208830796075,191203.6,26.678816764371565,0.16565899798864614,79.6,1630751.0,,117,147
906.8185315668127,184.20882846436524,231958.8,25.879542257412904,0.13468942791680472,76.8,1681369.0,,117,110
470.8844824436919,1322.5244446473985,113873.6,17.458296907892027,0.12525181860072968,87.6,1512162.0,,117,16
439.81746930345525,75.86105226111339,172755.6,21.477948777493463,0.29476460224748335,94.8,1483176.0,,117,17
234.64874995858048,1774.1902875343783,193145.6,28.020514789416676,0.2976010126015897,69.6,1732391.0,,117,59
1363.450401091201,405.63013735658234,179160.9770277876,25.41016960282785,0.2483986134076977,71.89714384465982,1718695.0,,118,147
1635.9875669031217,1680.0679044277701,145466.92072487675,22.51982153926542,0.06231319711502653,54.76103702158028,1836713.0,,118,5
1878.0695113032277,972.8287214417483,136509.2071451426,20.853932704935733,0.14940240942746014,69.66199947643206,1700204.0,,118,2
471.6580905889885,1321.8668955884066,102411.33475970529,17.25941483167209,0.13191773313708416,82.70034162442735,1548216.0,,118,16
439.3760946814284,76.08489657898792,166791.31556995376,21.57839188740771,0.2805017786701465,90.89587097459584,1522870.0,,118,17
233.9084782700926,1772.970918120128,166830.8031204591,28.130035982739845,0.28631748182677397,61.46647012626358,1802468.0,,118,59
907.4177583178656,184.483533494127,209128.30262074,25.063785762564493,0.15866531815928325,71.89714384465982,1727271.0,,118,110
1365.2678254219873,408.8901997020799,192982.36738893721,27.441530977230116,0.26858724721177923,77.6313720508004,1651826.0,,119,147
1634.2468619834324,1676.726381803716,164232.62639697545,23.58345553002663,0.047074779541720284,58.799999622635944,1816231.0,,119,5
1878.192201067254,972.1151550579162,153184.7598012113,20.726587704751417,0.20526650490421702,74.94117598963405,1661397.0,,119,2
907.4453645827825,184.61440915484764,218023.48095371967,24.851824172011177,0.15297093768815243,74.94117598963405,1705909.0,,119,110
234.07163115457422,1772.7344005519494,176020.68122328338,28.13356243401244,0.2729735586477804,61.874509406826064,1798078.0,,119,59
471.5958838576143,1321.4635281406413,118091.15218329626,17.9947779481431,0.20086293783350634,88.77647001848956,1508688.0,,119,16
441.7435304632934,75.36662146047703,173710.95574791057,22.15163875131611,0.32406329446710985,95.69411703291732,1486171.0,,119,17
1878.9468856317374,972.2618830292012,152829.8239908041,20.431051170080202,0.1961916853951317,74.93749054715317,1658276.0,,120,2
1631.864403841086,1672.8578825944437,166240.56044015798,23.536781630210477,0.05554563638671403,59.94999243772254,1811938.0,,120,5
1363.8093583226498,412.498885692138,206234.12270293865,29.05248538668415,0.34515596028204765,78.78043878034052,1651123.0,,120,147
907.2297035680438,184.6985392572506,227881.45010048294,25.91940272197555,0.14435206848726967,76.85896466374685,1680473.0,,120,110
470.9531710379323,1322.095919214556,113863.09749593108,17.64711613890938,0.1434856618496818,85.69774560007774,1531691.0,,120,16
440.81469628667566,75.6268839611165,172798.55160009218,21.996813257476184,0.32189718764707986,92.61505241981496,1518430.0,,120,17
235.51957389672071,1774.0599074133866,172584.11508868032,28.45006782134656,0.29593069895271834,65.33011996418482,1770339.0,,120,59
1363.7246768072894,413.109210067334,174355.53446070504,28.68404398351138,0.4143949505335399,73.72093251195207,1669111.0,,121,147
1626.8041817939263,1667.9681755810298,154729.9164120357,22.697553087800934,0.07099253685102395,57.870932021882375,1821596.0,,121,5
1878.5253353840897,971.0465315580218,146668.53244185375,21.11621948489783,0.21459512653284388,70.77209521147398,1688499.0,,121,2
906.2980540012875,185.21311197096918,208434.14132834255,25.576838673907776,0.14312111736729866,71.87790919915327,1716154.0,,121,110
470.20019723553156,1322.2364035908283,116242.79778018346,18.997253140618,0.1289741701984618,85.88488637642416,1533796.0,,121,16
441.14552420638614,76.34894318381173,170191.03898310487,21.06033741712156,0.2889845866007473,93.99418895273888,1509270.0,,121,17
235.85704594182337,1773.5414116417242,172781.59255157487,27.244267791005623,0.28566610708855,63.03139729771902,1782297.0,,121,59
1362.8239072017573,411.24919614821897,173705.18181177427,29.808315156193615,0.48268546417511016,75.73327174350744,1663607.0,,122,147
1624.9402642229488,1668.2244703994943,149789.8525428858,23.838486128978467,0.08973520122322552,55.34354473564006,1825757.0,,122,5
1878.4460888178983,971.4801670089427,134034.78330436026,20.464809984384697,0.1980552845534322,67.72302184755955,1704081.0,,122,2
471.32161899814065,1321.0988461117795,106527.58516167516,16.87821288901838,0.1274849822506442,85.19993071144587,1534763.0,,122,16
440.93663131386506,75.61810389233025,165403.65010142824,20.871340172480693,0.27636817261456215,89.93326019541509,1524551.0,,122,17
236.27533297519193,1773.4881460189586,170118.4103697296,28.108552174996053,0.2884598830954304,62.6255900955927,1789795.0,,122,59
908.6539862325371,184.63510932310857,206441.98082970936,29.300618324448713,0.299769160716023,70.99994225953823,1701326.0,,122,110
1365.3318789924592,412.647569561501,171287.98039215687,29.780926202103366,0.46722799725028485,75.25490196078431,1660089.0,,123,147
1621.5465941209723,1671.305285472018,158169.41176470587,24.501572958585417,0.11080190264640752,55.88235294117647,1832433.0,,123,5
1878.8791795152447,973.1966358651609,141593.96078431373,21.6440514121825,0.2142551219464102,68.17647058823529,1706022.0,,123,2
906.7084125299514,184.91420791627894,216584.72549019608,26.111971727321155,0.20837333053185497,70.7843137254902,1733081.0,,123,110
236.1961621372991,1773.277080290733,175758.568627451,27.53324104279113,0.2941779513229812,64.82352941176471,1787367.0,,123,59
470.16564578829013,1322.5857989019992,103214.33333333334,17.068843623715896,0.12165868698514516,83.07843137254902,1549097.0,,123,16
440.70090369768025,74.79414876530592,165848.01960784313,21.288016267118127,0.2639890253993354,91.64705882352942,1519124.0,,123,17
1619.0692761080575,1672.8948123026546,164313.3191392839,23.003012214216138,0.12397052558543828,60.72156338207662,1801698.0,,124,5
1365.114201981995,412.72110400959286,166019.28761936643,30.20788462039254,0.4721674803798097,79.93724799665783,1610172.0,,124,147
1880.5139867595394,972.8849100379749,151398.0731961316,22.172697815563247,0.11535426893942631,73.0196015354086,1669718.0,,124,2
906.4081622286975,184.45661445626058,226984.50588235594,26.557228183686686,0.16751016684147838,73.40391522770022,1712395.0,,124,110
441.4171124724967,75.23283144225377,178160.14147255113,21.81216228757128,0.3190488071021229,94.15685461144793,1498212.0,,124,17
470.0910552125549,1321.3986427650143,117397.8408390916,18.530028657978683,0.10607456820226462,85.7019533810322,1539196.0,,124,16
235.9938181093293,1772.8175002214937,173509.94579582248,27.045103083176777,0.25574705763418876,63.796072920409614,1790950.0,,124,59
1611.4855764585207,1674.2731863105812,156695.82101933812,23.704627150784315,0.10969147768869117,57.84697972027864,1818552.0,,125,5
1369.3322859663651,415.8252710434157,143451.9685415001,29.08156642998591,0.4537518473557876,79.58812646078604,1610000.0,,125,147
1878.671788869904,971.6433715451351,140649.30178579077,20.912736109480583,0.19522158883609175,73.3763702492125,1672379.0,,125,2
470.4503505657003,1322.6375273778203,119826.33026030658,18.317488399906217,0.1027981153887505,85.79988267235959,1537627.0,,125,16
439.893531243447,75.46981179298356,172182.50572431742,21.34383823334407,0.27609279119372987,92.78810841037983,1517596.0,,125,17
236.0784880402971,1774.0723892055794,180277.20053752422,28.01729272765361,0.2963168411495822,64.83520545829887,1778780.0,,125,59
908.1993007559249,184.44979064063784,215758.7520180323,26.25879598303681,0.20047819174310294,71.82343119631912,1741173.0,,125,110
1369.1790269404553,413.95554102647924,148559.43529411763,30.427549063875663,0.48132152080893537,82.07058823529412,1574213.0,,126,147
1878.5518604627603,972.3435043358456,148648.6588235294,20.862712508661513,0.18050653610761147,72.65882352941176,1677496.0,,126,2
1603.0864383952985,1678.1466207019068,156819.2,23.29800059233522,0.10791770520657441,57.976470588235294,1825366.0,,126,5
905.6469528559052,185.324364826124,213788.61176470589,25.324254623019787,0.12517765744507667,72.65882352941176,1707642.0,,126,110
235.68258419977698,1773.008463516634,166450.0705882353,26.786918968949866,0.28627318203436974,62.870588235294115,1789011.0,,126,59
470.13707425633083,1323.2070109476942,108941.55294117647,19.43747898792872,0.08561882555461854,85.83529411764705,1522432.0,,126,16
439.6797425636441,75.52038073125314,177708.8,22.530021709590905,0.2949432773542439,94.49411764705883,1495193.0,,126,17
1879.5744347645716,972.4546696743414,142134.01434686713,20.87943227877038,0.1480323892849784,68.91480160460524,1718464.0,,127,2
1596.4189582121792,1679.1677921646353,155259.15156156238,23.7936671006546,0.07648008266154242,54.91072427318814,1850388.0,,127,5
1373.735244752531,415.9926630026146,151942.02787577067,28.580095693169955,0.42467752888094107,76.65389697196733,1637718.0,,127,147
236.00696252725476,1774.0067831697868,170541.2852136467,28.105477377221103,0.2827818393302467,61.91276293889669,1802751.0,,127,59
470.41060779348095,1322.8127229529177,108267.73301929062,17.74239016334718,0.09972953513013648,84.76152069015619,1541197.0,,127,16
906.9488215327652,185.28683444574827,216385.47499979477,26.4292312362063,0.10563434834574781,72.96861346369967,1699842.0,,127,110
441.0520534524398,75.83201242403435,172280.0019728474,20.677821639417072,0.25016189841325726,92.50061605751827,1510449.0,,127,17
1879.3615887617705,972.8275741469851,140609.68627450982,20.760929185739272,0.21345305314397656,70.03921568627452,1686739.0,,128,2
1588.330804679863,1679.604900459418,157398.60784313726,23.82442933151887,0.07204285320110741,58.11764705882353,1809938.0,,128,5
1372.3546814327256,414.34458449315053,149765.82352941178,30.007588370041873,0.48746136015334,78.6078431372549,1607571.0,,128,147
906.6808122286574,185.4518910304155,207577.98039215687,25.030779909768977,0.11381340952341873,72.64705882352942,1709817.0,,128,110
471.8714806663675,1322.9781771044777,104614.0,16.973355023044306,0.10364159218837486,83.82352941176471,1544686.0,,128,16
441.11457159942705,75.94760825325304,160733.29411764708,21.13223072153185,0.28960915736858583,90.90196078431373,1521502.0,,128,17
236.66054188589305,1774.3788386149215,169442.3725490196,27.354100187677876,0.26483889390443655,64.45098039215686,1779087.0,,128,59
1374.4895083130853,415.11421824237624,135779.57934887582,29.296203684123878,0.4199852952453903,78.58601332813255,1607559.0,,129,147
1582.0926341685376,1678.9932446960113,148268.82444817506,23.55024708227482,0.10136847750836288,54.86193383284725,1839719.0,,129,5
1878.820881381777,972.681083535618,132246.17425904676,21.082869035936476,0.15109519541188698,68.57741729105906,1701393.0,,129,2
906.9391831657875,184.80057469441832,210405.15415626415,25.187799435354144,0.17524994875983285,68.94810603317289,1751601.0,,129,110
472.3285697089161,1323.8080794781706,98541.67107108863,16.36671805489732,0.060714550120783015,82.66358949138471,1555330.0,,129,16
439.14487484796535,76.45565257608403,166710.96005708034,21.498121374381714,0.27604845677935935,88.96529810731987,1536036.0,,129,17
235.51245584388735,1774.797825676611,164960.93850556095,27.93985110014155,0.2959948379684862,63.387774901465406,1778925.0,,129,59
1377.7637771690136,416.7736792820459,132152.42188147252,28.97156876872382,0.42072833167848006,85.70195971561124,1556760.0,,130,147
1576.9534662368467,1677.5653233542982,153432.25691023088,22.484355827668253,0.09783449743163755,58.79999926676466,1805404.0,,130,5
1878.3920156008933,973.2613743027609,142483.54332127102,20.814031747684577,0.21672077311452984,69.9450971670011,1694574.0,,130,2
235.39829223525658,1773.805577026118,168554.2331922482,27.79775813518713,0.29996646824592144,63.41176391513836,1782677.0,,130,59
907.0533221227881,184.90124429787605,211630.80520410347,25.373414811554888,0.12642495968591017,72.63529321188575,1715096.0,,130,110
441.1468253523212,75.19732902076805,171338.20178498316,21.755608081110946,0.2767709474438789,90.69803808468274,1522853.0,,130,17
469.73282299979,1322.7760132297353,117126.52402962963,17.991826445705087,0.0861158431546155,81.85882250863315,1569881.0,,130,16
1878.961324039998,972.7094227756118,139622.52956214672,20.719901267708472,0.1926373424233525,69.77165483119524,1696870.0,,131,2
1571.7676185762034,1676.9065333307196,148298.19876756315,22.55893440089801,0.07499907603519007,55.96268147918784,1840327.0,,131,5
1383.3625132511063,422.20271584579916,107980.72070216411,24.734132096121456,0.28163280531921564,82.4904460764652,1553823.0,,131,147
907.5694441597135,185.04607857206312,212711.97193817951,25.57904019839107,0.1322665888977284,71.95201904467008,1733224.0,,131,110
472.00504367167963,1321.9190922807738,102598.49164120143,17.162980048267478,0.10026405929351936,81.76365800530691,1562353.0,,131,16
441.06174663200187,76.09224682020712,166052.1777698177,22.28778294510794,0.3344046630877978,88.30475064573147,1548933.0,,131,17
233.60076602201028,1773.8530352028847,176758.1294520148,27.994355297911934,0.31492006794690897,61.77698604845411,1806499.0,,131,59
1388.2317729553154,426.9686012138574,101956.5981210331,18.88631176357243,0.20474891109532742,87.54901125957905,1493329.0,,132,147
1879.1421503259014,972.2132479218335,149464.7896693056,20.731035843792746,0.15441036502696356,73.7646988484964,1680596.0,,132,2
1571.3502860821056,1675.5129666714347,156269.39686358735,22.78924437285034,0.08780742279756795,58.862739485163786,1815624.0,,132,5
905.6234461672409,185.51765460104548,219081.90067800245,25.268566184664074,0.12185074645582596,74.88234580074634,1690104.0,,132,110
471.4467052000934,1323.0764900249178,116469.61634498271,18.09885686096773,0.13261826302750165,86.4313643073291,1530282.0,,132,16
441.0015058167362,75.60821445977459,170463.14060817758,20.858056615747923,0.25494118684806777,94.62744195716203,1497286.0,,132,17
235.006720204739,1776.448846136875,168861.55252560342,27.959084789638435,0.28301000415048716,63.70587627824688,1778551.0,,132,59
1395.2825070159026,427.8496124803039,108039.8416721695,16.93599184017227,0.1304242151072755,92.99633887135562,1461082.0,,133,147
1572.7280238893895,1674.4379825037477,160730.33757302508,23.734756156119275,0.09813981321273335,59.94805315674164,1802351.0,,133,5
1879.3983313353135,973.2100440582454,150980.3247224299,20.752612298963122,0.1809441708549822,73.78221926983586,1672161.0,,133,2
906.6019639449677,185.2058099312532,220518.5292546821,26.43459386467641,0.08413089394780805,74.16650166186626,1700169.0,,133,110
441.13282391506215,76.55231531723035,171741.56523426404,22.042576169338925,0.3099097764342601,95.68631561556839,1482574.0,,133,17
471.3833489055909,1321.880679866445,111870.7528383205,17.206336468712994,0.11555308947622929,86.8478205988693,1518203.0,,133,16
234.21554136922543,1774.68809501347,183296.93676261802,27.19075380274322,0.2597983626691479,67.63370099734955,1763318.0,,133,59
1878.6176995457495,972.7924994592256,137783.26227145235,20.686560685419987,0.19629452689405097,70.78417648598298,1685673.0,,134,2
1567.1931194176361,1673.3187888153484,153327.46742777422,23.49940661513341,0.04531617957255938,56.62734118878639,1834765.0,,134,5
1395.2925783443043,429.6143956834803,98873.9455537021,16.82865690740228,0.16313092016014347,85.68610837776887,1516929.0,,134,147
907.2938221408581,185.00512559877885,215507.64098773734,25.224942014154134,0.1308759313963973,73.01946626975086,1710665.0,,134,110
441.7859028422124,76.17173469089732,165825.34515711776,20.98272845053474,0.2708300693939119,89.78413964801,1529245.0,,134,17
471.73952851456227,1321.6769709264001,102293.93892286696,17.018443272489286,0.10549931959523963,81.96062540482241,1557778.0,,134,16
235.71214210486315,1773.5975657158988,171560.35364567154,27.730197879607505,0.29305235073057617,63.33321054009004,1784538.0,,134,59
1879.1864631281796,973.6792109504197,150409.99215686275,20.58022514761733,0.19052886771682434,75.65098039215687,1645121.0,,135,2
1559.8686480319998,1679.7726871342518,165958.44705882354,23.41033296047684,0.030259847080965616,60.6,1797107.0,,135,5
1395.6582152631279,429.8087939734306,111149.1137254902,16.782391838120063,0.22354024703137634,95.85098039215686,1437833.0,,135,147
471.78398789462824,1322.0458766077447,115171.6862745098,16.55151341916144,0.11699236500632902,91.89019607843137,1477637.0,,135,16
440.835213907029,76.14680104978584,180497.69411764704,21.198241157349752,0.29161484931045584,99.81176470588235,1457657.0,,135,17
236.90339176255512,1775.816412517475,184156.66666666666,28.8157122710049,0.3177807156803404,70.50196078431372,1725383.0,,135,59
907.4529557002417,185.76145506031366,227151.7725490196,25.514819427954304,0.1988223267888419,78.4235294117647,1678086.0,,135,110
1394.5823848676127,428.7642761351748,107236.14117647058,15.896751056222215,0.10077305654668499,93.74117647058823,1462514.0,,136,147
1878.7140949994646,972.553095041806,151151.81176470587,21.150070022546494,0.18294062604696776,73.41176470588235,1657333.0,,136,2
1556.3208412536276,1681.9367616650995,166957.55294117646,24.590170255098368,0.0657230583955172,58.72941176470588,1812967.0,,136,5
906.877474743608,185.60374521929475,216359.90588235293,25.330842364441924,0.153871347508222,73.78823529411764,1712828.0,,136,110
471.5697292792374,1322.2106773012642,109316.89411764705,16.828158491207677,0.12735418171890325,88.84705882352941,1510711.0,,136,16
440.6912923435161,76.91069024782391,169760.0,21.44628435163049,0.2989802987377589,96.0,1471062.0,,136,17
236.48066144766017,1774.7931230646902,174709.83529411766,28.000036670622936,0.288274093656341,64.0,1779369.0,,136,59
1548.0810373871418,1684.6489001999637,158874.6106034606,22.722634884547773,0.06911728863464145,59.68748625955619,1794452.0,,137,5
1879.2799661439467,971.9590336877486,157871.86083430005,21.193474820576846,0.15072335665498857,75.86086963311335,1633516.0,,137,2
907.2021195342468,185.8892432786439,226375.38135467094,27.50858618316352,0.2110587149009079,78.17135297219293,1659185.0,,137,110
234.98180781490143,1773.39703634793,179647.39614401222,27.30503176010426,0.28463516612275735,66.61893627679497,1751861.0,,137,59
471.8885871846248,1322.4106146372797,105511.6874040783,16.553019990682586,0.09066779730912779,88.95360855456438,1493142.0,,137,16
441.4338269279404,75.80823718703398,176627.20933927866,20.681147941467295,0.2616444952402256,97.8104613543695,1460213.0,,137,17
1879.7133595942842,972.5040720421877,139076.98174075168,20.56226715382404,0.15245377327769083,69.8667537132189,1694069.0,,138,2
1544.431081579221,1687.876969536574,156440.90319798616,22.945562065775437,0.06660947750184153,58.776792806358756,1814374.0,,138,5
1394.8200084985442,430.30337364336765,106133.88320156006,17.306638659774098,0.2121329075873454,90.93767943625316,1475863.0,,138,147
235.12350968354392,1773.6538864288823,177569.12705237255,28.314292827284152,0.2498973828796549,62.84311180554081,1801279.0,,138,59
471.626650586016,1321.9337360368067,107584.81975354093,17.221693208573903,0.1292797396214675,86.50169507350911,1521889.0,,138,16
906.407849278942,185.80736598634292,214321.99682843417,24.821685678334486,0.17083478848451966,73.56340734883895,1710495.0,,138,110
441.5071116608047,76.21117896391348,172158.33512591547,21.450483214532746,0.30592938200016184,94.26466770831121,1505929.0,,138,17
1539.46930203616,1691.8739264848955,154050.454873516,22.83141381583177,0.058758043129566374,58.96078430283862,1808413.0,,139,5
1393.8126728921548,429.5949134758025,115646.44311590126,18.031420081739746,0.19678831174549405,90.91372547340923,1486347.0,,139,147
1877.118863147234,971.3334472718066,150235.88232520074,21.251936158378783,0.1997905820414679,73.7960784177464,1674996.0,,139,2
907.3900944822184,185.2270529464523,227754.8587814754,25.42042029487789,0.15977244027672557,74.93725488812392,1703751.0,,139,110
471.5029366956661,1324.1319809164895,113857.4588025061,17.45812960790799,0.11782218189877137,87.87058821906916,1516321.0,,139,16
440.3853600456707,77.08333796112214,171244.56075269412,21.146416633787467,0.27089414655809774,94.7176470413343,1485121.0,,139,17
235.79239148283978,1773.0782265039138,173734.60781105785,28.548152924754767,0.31564653566760564,63.1450980275562,1792469.0,,139,59
1391.6374076655052,429.7159268292683,107959.32327138264,18.020194923671276,0.19314795339394036,88.77491390956901,1499398.0,,140,147
1534.9697836446746,1696.4306717634793,154791.47584268532,23.578090099694034,0.0584173756391367,55.672403638204294,1838779.0,,140,5
1876.7322277571427,970.5329917345772,142493.89327687334,20.563671431820303,0.15004290741031065,70.71899921609734,1693254.0,,140,2
906.8131926272802,185.94015090508978,209737.88124425628,26.204181178754876,0.1266030568952347,70.71899921609734,1730205.0,,140,110
471.3276593338235,1324.0978199400554,106427.57984155313,17.770224453101655,0.08967449749286589,84.63710012564842,1543860.0,,140,16
442.17466523160294,76.26469632710612,170205.96068245787,22.237900804053357,0.32957870396654537,92.9127276934896,1508591.0,,140,17
235.1127881970051,1773.7002265390747,170365.83076047298,27.73423058409317,0.29233008741207434,63.57186631659815,1774064.0,,140,59
1392.3707356348175,429.05157654217265,120763.6705661643,19.69424095026495,0.22071015228654176,88.77647057201034,1501647.0,,141,147
1531.2853517521937,1699.0797422259284,159465.9842845812,23.12956614849486,0.08645667523333019,58.79999998925361,1814710.0,,141,5
1875.9407358575054,970.1925692820538,154486.4313443148,21.74605824755226,0.20997094118735418,71.86666665353218,1676539.0,,141,2
236.7739138251596,1773.819792324423,175283.95290914126,27.858363437291064,0.29844876999772807,64.56470587055298,1783914.0,,141,59
440.088161618717,76.5461159511295,170143.7568316493,22.001225650575744,0.2880633989431796,93.38823527704984,1501360.0,,141,17
907.1901936876887,185.2058011454667,222844.69799848818,26.522909493637993,0.14947499880885481,71.86666665353218,1734702.0,,141,110
472.9206303944901,1322.8703713858515,105126.32939255163,16.693966593796137,0.08182968868294596,87.62352939575047,1505114.0,,141,16
1877.0278947632748,970.5815355034043,152499.2117647059,21.829654650527985,0.22021435752757615,71.84705882352942,1688544.0,,142,2
1526.1924559898043,1704.9150188623385,157678.03529411767,23.84254163073432,0.09274047043265156,56.89411764705883,1829094.0,,142,5
1392.98172846523,428.82839030943416,112935.55294117647,17.560807544719363,0.21017258394852978,88.98823529411766,1509488.0,,142,147
907.1450919032005,185.83521066094707,207446.52941176473,24.854047812255796,0.17601613132431435,69.65882352941178,1743202.0,,142,110
471.25971723557404,1321.8537733418082,106149.4705882353,17.281669759314163,0.113583627273287,84.9764705882353,1534932.0,,142,16
442.2376783638208,75.95103567494132,167514.51764705885,21.502273467578924,0.28388550063232576,91.90588235294118,1514542.0,,142,17
235.74403077798237,1774.6559354329597,170539.0235294118,27.491181323580236,0.2681017584480119,61.635294117647064,1803610.0,,142,59
1391.6784751722987,428.991754045972,114889.0433883824,17.783723434788666,0.22110737083699694,93.99972427081866,1461062.0,,143,147
1876.3682600534066,970.5025751526849,139425.5518076539,20.9018492334403,0.20422714606321862,70.03901024100215,1695979.0,,143,2
1520.5031479650781,1710.4214890601365,154747.50686379735,22.905105429546104,0.06827589610009166,58.61159278062811,1808022.0,,143,5
907.6966302040478,185.82450578400392,213247.40585440953,25.35514165629594,0.19449329122292977,71.88214208944957,1737504.0,,143,110
473.0818874445419,1323.676716657601,99620.90778221362,16.71740903752432,0.08897546761619923,82.94093318013411,1549821.0,,143,16
440.7613957087458,76.39906338478605,164828.3321956957,20.079697829129152,0.2366581130652252,92.8938451617502,1496845.0,,143,17
238.04007375796357,1775.9743599930823,157730.06282095498,28.317926407012067,0.29187107423536446,64.50961469565986,1754502.0,,143,59
1393.1257327132482,429.45834316151905,111390.83131691205,17.013756965545713,0.17772757995262758,93.7253647626695,1454718.0,,144,147
1516.4592319764765,1716.3100302946286,154171.9505331846,22.84644417844823,0.07003808362586907,61.56854505330172,1774760.0,,144,5
1875.9069206606027,969.8776999229416,153181.36362360092,21.963916471945865,0.22124919294642717,74.50970420463265,1663916.0,,144,2
240.56668117930585,1774.5332207504355,178343.29073350536,27.125269422839512,0.25619207014442746,64.70579575665467,1776377.0,,144,59
472.3332997390847,1323.1889564506557,105059.85939754579,16.16863766885435,0.10567742625920247,83.92145631469151,1544742.0,,144,16
906.0478163458394,185.32124705874077,222993.42705630045,25.369233503613522,0.19274613512632593,71.76460983919881,1738599.0,,144,110
440.3397870166799,77.53570671952018,166596.63978747607,21.528630282491406,0.2857675723955309,92.94105208683126,1508721.0,,144,17
1876.6409669426002,972.0376731205649,148446.95238335218,22.54099098640167,0.24218915948814979,69.66156512524658,1693329.0,,145,2
1513.120724844627,1721.8014723725787,144290.4789975458,22.86474318725927,0.07645064460145683,54.91837673895101,1837793.0,,145,5
1392.5905877995328,430.629956203979,107470.10316219192,17.52630852182678,0.22343446983679485,90.67060857571778,1481607.0,,145,147
442.13342590622517,76.85934444954592,164568.99746347606,20.74484923693215,0.2728710006212066,91.77634770468994,1515927.0,,145,17
471.82005481329224,1322.7840459061322,107588.41724899194,17.748845722882656,0.12450119951572834,83.66759409222738,1555370.0,,145,16
906.8900304177789,185.25469199412336,213748.21954335185,25.80281191799741,0.17125893958439478,68.55582599627442,1756448.0,,145,110
238.72396156637146,1773.875119121517,168631.11444361013,27.306425463177636,0.25173201015825947,60.81565209346924,1811845.0,,145,59
1510.2399414272336,1725.4120068865445,143395.24686530136,22.207268110963135,0.0671617682883148,56.678414245623365,1825387.0,,146,5
1391.9090366717048,430.4651868297163,105201.98389663147,16.57739782133396,0.1735184171687028,89.01173780856287,1501941.0,,146,147
1876.7817660714054,970.0637772503858,146658.24980086484,21.016498355531056,0.15557549716543734,69.61174367079916,1702302.0,,146,2
907.2027517174962,184.88869405972267,224747.4105178248,26.090057742855844,0.18378971927718812,72.65488000613465,1721160.0,,146,110
442.0474019304847,76.66309822345583,161852.6295231949,21.38208372481317,0.31125641518506925,90.91369801814754,1511535.0,,146,17
473.9837850088093,1322.0554731078246,104065.37247538366,16.54518415925416,0.12271979913012766,83.68624922172577,1542422.0,,146,16
241.19549243106866,1774.742086411966,168863.63524776592,26.692201339765663,0.2004489412747815,61.62351079054352,1794825.0,,146,59
1508.0340836857451,1732.582235822542,150791.01960784313,22.716093539080095,0.12470542624820025,59.8078431372549,1795958.0,,147,5
1392.7494031934045,429.26841295102923,121450.32156862745,18.901877472342296,0.19185013666900658,93.87058823529412,1460999.0,,147,147
1875.5670639891523,971.8874100858785,153351.66666666666,21.515725387464762,0.1811470848935974,73.67058823529412,1676816.0,,147,2
472.5427955906026,1323.7431890193889,116378.53725490197,17.804530324744423,0.12499799293591239,87.92941176470588,1514988.0,,147,16
441.25553002207005,76.77998225296352,174080.431372549,21.235287599210274,0.28110938592318047,96.24705882352941,1477741.0,,147,17
241.47247163284592,1776.472872214464,178965.26666666666,27.97874241159052,0.22861819003488798,63.76862745098039,1767801.0,,147,59
907.7405917680461,185.3349269947184,228650.9294117647,27.559404046109165,0.2818493635065761,73.27450980392157,1708417.0,,147,110
1393.583836465414,429.1253132080501,110545.0215163997,17.037251523965665,0.1602079880755105,87.6639848090868,1507220.0,,148,147
1431.1670921685964,1683.3097762456096,90604.77999696811,16.208182125574506,0.08430871057875937,70.72052556027171,1658271.0,,148,162
1874.090429829998,974.0123951705905,140854.29176003553,21.131938097638137,0.2015920419384176,68.87884520713963,1699441.0,,148,2
906.3646144058582,185.9405582261923,226956.16329359572,25.940627230366506,0.20570978604766804,71.82553377215095,1739026.0,,148,110
441.96797023943805,76.41752148661261,166540.2076451686,20.626851361607116,0.269016161813314,92.82068979785662,1514793.0,,148,17
471.3965162344715,1323.875665015119,106828.8788998498,17.372525778266073,0.06872310851388864,82.87561589094341,1547551.0,,148,16
241.09411551884648,1774.4477689976043,166964.53079853024,27.564289320676668,0.2514025836463556,59.67044344147925,1814748.0,,148,59
1874.151330586734,976.3658545816302,137809.7520997995,20.811791648466883,0.19499343686790954,71.15655250724957,1674438.0,,149,2
1520.8484154899947,222.89527760480655,132818.3620972229,19.657814592954747,0.2315641371798469,82.7055217623529,1561084.0,,149,164
1435.1102187586628,1688.3036306207468,95419.44672264038,16.396887929098742,0.0848697474655881,71.9016472979014,1653632.0,,149,162
1393.928827876781,429.20666283428625,108227.6261739453,17.094405227535685,0.20117332480381847,90.90156445952302,1481249.0,,149,147
907.0176042921462,186.70181203065331,218035.2258514678,26.50043306845078,0.22561727142919252,71.52909990257548,1723277.0,,149,110
473.2480238444022,1324.0662827969309,102744.10106214316,16.26714919733626,0.13006018769105834,85.68590092496022,1527607.0,,149,16
440.19150180147136,77.17341589178227,172679.44320751438,22.174990514329124,0.3007731556820723,92.39175404082667,1512651.0,,149,17
241.33355189838292,1774.2441177655342,166474.29379096598,27.011139546536448,0.2235735065260028,60.725225438123985,1797784.0,,149,59
1394.2647694561751,429.2227251572869,116285.98699404918,18.988485785680528,0.20419026389625736,95.81091404491167,1439155.0,,150,147
1438.9362045206951,1690.1649988817303,111130.2373474734,17.183418382927137,0.08231182698357073,76.56855473882062,1613058.0,,150,162
1874.322481198779,975.8960782008088,156824.42657967095,20.24561868897987,0.16764706545830327,76.96943722436419,1638406.0,,150,2
1518.4150251298142,220.16164440618667,144369.80951880352,20.77383772631895,0.29546628130884145,91.80208918947604,1494157.0,,150,164
907.0738003794601,185.69285213842622,235166.88631702182,25.527286338565553,0.1701936411310163,79.37473213762557,1672715.0,,150,110
472.6846823178293,1321.561028324821,114441.52667806324,17.23843750735523,0.1442570304145877,91.80208918947604,1487568.0,,150,16
439.89000194037214,77.91076392217003,171478.6858387159,20.842940867883485,0.2938620937134963,96.6126790159988,1482148.0,,150,17
241.5885186561515,1776.3322987920412,174761.51251283215,27.006053770979694,0.232667415579511,66.14561011468797,1761000.0,,150,59
1392.1089378437766,429.284377667987,103110.7137054165,16.751160765848944,0.13776070467998347,86.94901959091581,1525979.0,,151,147
1439.9338396489343,1692.9487812968237,94629.03527569518,16.79248634227075,0.06936248009641192,68.54901959449795,1677941.0,,151,162
1873.8411996002035,975.3381602508485,136806.8862478761,19.911940327593243,0.1712533542515096,71.79607841739522,1675948.0,,151,2
1515.4457517818757,218.50548704604594,130747.8744843498,18.84277320978474,0.2053160591476757,81.89803919974229,1568854.0,,151,164
907.8265238432402,186.2100470196809,209934.61956697286,28.48840610493905,0.293540083925437,69.99215684911896,1731583.0,,151,110
241.06650963128,1775.0864678893952,161282.49408624842,27.990788194685894,0.22615511911478015,59.16862743946139,1815544.0,,151,59
473.02154692421635,1324.2191776463476,102055.41958797489,17.466452339870816,0.1296561663287399,85.86666664995006,1536004.0,,151,16
441.9136564456436,76.72799431804,158995.12153767413,20.438283854930535,0.2738384316038214,90.91764704112359,1532522.0,,151,17
1515.0179947084694,218.42336625451912,136973.59997594816,19.327605137264733,0.24079772873839683,88.7999999844072,1516436.0,,152,164
1440.9580568904046,1694.2676329251278,103215.99998187582,17.203771919349084,0.08463544365404566,73.59999998707623,1636590.0,,152,162
1393.3112476232266,429.4767372211427,114861.59997983092,17.52753850658622,0.19862078998508467,95.59999998321315,1448187.0,,152,147
1874.8133256021815,975.2324232349806,157975.59997226033,21.053517959000054,0.17771475526085637,75.99999998665481,1656183.0,,152,2
242.93011589377795,1775.7061840883782,177093.19996890338,27.12887866839673,0.21674007152309088,65.19999998855123,1763026.0,,152,59
471.7118453067841,1323.0588424404655,118200.39997924464,17.331183092265803,0.12676007423009195,93.9999999834941,1461299.0,,152,16
907.3688339970556,186.26720476794594,235841.59995858747,26.557269912773606,0.2044031663944677,75.19999998679528,1695913.0,,152,110
441.08734094796665,76.56443193731722,181229.99996817697,21.753670687481858,0.30253166614934085,99.59999998251077,1460538.0,,152,17
1875.4714131223043,976.3589943892416,141786.431372549,20.983866067720452,0.15579259249778718,69.99215686274509,1698104.0,,153,2
1512.019764092717,220.16632012069675,131523.92156862744,20.091288369112092,0.2870606700112759,82.98039215686275,1564057.0,,153,164
1440.7670736886812,1695.0374389466979,101936.0,17.448573123379045,0.08686604597020503,68.54901960784314,1678066.0,,153,162
1392.7960868187072,428.5114862852953,112683.40392156862,17.404900838834454,0.1980891485147205,89.83529411764705,1498717.0,,153,147
471.6647574968663,1324.601883457076,112250.82352941176,18.097168955005962,0.11589451908943707,83.70196078431373,1556380.0,,153,16
442.3932002818536,76.08894968084225,174085.64705882352,22.282584046063302,0.2823092120108111,90.91764705882353,1542639.0,,153,17
243.33104635370924,1774.8924569292842,163908.28235294117,27.38482534182596,0.20656200560223353,58.44705882352941,1819172.0,,153,59
906.5169248994807,185.9268342148553,224145.9137254902,26.693096417548098,0.19090993376107787,70.71372549019608,1732490.0,,153,110
1397.1796505718942,429.10481875231903,116681.41027937716,18.858103659391137,0.2118298653545172,91.85882236006913,1482059.0,,154,147
1511.5581823529744,222.07568909830363,133111.7159525759,19.623492159829482,0.2652717462119329,85.83529302498263,1542820.0,,154,164
1440.3919886386454,1695.2962239559565,103119.4339814299,17.536247578011224,0.0611369782710948,68.89411677005185,1679146.0,,154,162
1874.6556757161638,974.8887663463054,145756.98637983968,21.15336372411661,0.15472696860674687,68.89411677005185,1714268.0,,154,2
907.7331247848045,185.64696529016564,217586.06781841244,25.430782977778765,0.19215856929683564,69.64705793693766,1750747.0,,154,110
440.96093551316983,77.16401907356948,165797.6449482559,21.301072514818642,0.28381875316742095,90.72941060974041,1525003.0,,154,17
474.4215026549724,1324.0533581293894,107695.81039376187,17.80050124268909,0.0905530959247755,84.7058812746539,1528362.0,,154,16
243.71989663076013,1773.833193732915,173941.83307987632,27.458033931861134,0.17760493472304745,59.8588227674221,1815373.0,,154,59
1875.4052607684446,975.1446064568819,149979.87840367938,21.400585535541666,0.15705068928823857,71.89411763378386,1684796.0,,155,2
1510.565433425294,223.30406853492087,130988.03919149986,19.2766076561666,0.24325250852793442,84.82745096472911,1547894.0,,155,164
1439.5393196268758,1694.877599077016,104516.92939246607,17.449046876561294,0.1167500251814792,70.37254900661384,1670105.0,,155,162
1395.7645040476796,428.2766272531643,115075.85488071249,17.30947194590512,0.17906263747279608,90.91372547340923,1493089.0,,155,147
908.031057898499,185.51407638108853,223510.82348814138,25.627303767466575,0.16799323696880575,74.93725488812392,1700375.0,,155,110
470.8987547337409,1322.4998118369797,112199.32939104755,18.11556550198027,0.11461400294823339,86.34901959189914,1532752.0,,155,16
440.89985991275637,77.35654198041595,162109.06271516526,21.147649157379746,0.2766657597959976,92.81568625737177,1504656.0,,155,17
241.87061952992659,1775.798602043337,172460.67447795975,26.69021783145121,0.23041026708654547,62.00392155717868,1788893.0,,155,59
1396.5849285053368,427.8895298241269,113939.58242613947,17.468692102915092,0.19015557364049043,96.8044168094374,1430539.0,,156,147
1874.4811549871652,975.881286154193,152983.11605760898,20.946158229952996,0.1932347613074586,75.64069815474258,1647355.0,,156,2
1509.4254011278226,226.37417711176926,141989.34805792666,19.723479322916543,0.2762556626814532,91.31752678784986,1489301.0,,156,164
907.247548096305,186.00191988685555,237207.66173040943,26.246620279600556,0.16759811306290864,77.20838101805332,1685907.0,,156,110
241.71489063520997,1776.3212762664648,182334.05846594405,26.07625734583368,0.21602491980976127,66.23460097487822,1758518.0,,156,59
472.1701418548963,1323.617972021117,111949.80095188234,16.626482226200455,0.1489179346461601,90.92560607202218,1484744.0,,156,16
440.71254739106473,77.43219088975817,175632.60614600652,21.778610546793658,0.29651028399667845,96.8044168094374,1461829.0,,156,17
1874.8019650998272,975.6837158727664,140690.35291436952,20.91547439383365,0.18876741272559658,68.93333332019886,1700150.0,,157,2
1504.7681606944436,233.3233134634392,120093.66272221554,18.80496484455392,0.24484168345365845,79.9921568475035,1593722.0,,157,164
1397.0918031486694,426.6782329380973,111548.14115521635,17.94592742709672,0.18050279570804867,87.73333331661674,1511229.0,,157,147
907.34735178756,186.13135385471602,222550.71368308566,26.358756957075162,0.18624271622368171,71.14509802565979,1736625.0,,157,110
242.93010013137413,1775.7858822490368,166953.21565446345,27.122023316355317,0.22849739415999384,61.560784301995774,1794021.0,,157,59
472.9073581899647,1323.8078295836933,101111.92939249896,16.809438252531226,0.11876188112646198,83.67843135660503,1542125.0,,157,16
441.53008528212143,76.71090383705618,172984.32937880448,22.152153679836246,0.2905822672208862,91.78823527662843,1516680.0,,157,17
1875.1605392991028,975.9642189969824,150887.48005424195,20.798056998593474,0.18351090763007694,74.93724791746563,1659644.0,,158,2
1505.3132823935744,242.43592317049672,132274.13276948343,20.23523351188725,0.2439039104159895,85.96861943831081,1548482.0,,158,164
1399.3034292572238,426.5874398289634,116005.90291320805,17.582877725005172,0.18387154194601332,91.67450125943763,1481903.0,,158,147
909.2180620815298,185.0116042423323,228217.39441536675,26.18210800115959,0.19107098350793816,72.6548951890149,1719388.0,,158,110
243.0657870582836,1774.6953460720097,182352.37516078513,27.09267244100936,0.22788477997921236,64.66666063943734,1776117.0,,158,59
473.0712154671893,1324.0967357444754,104040.28834218369,16.498603383216327,0.1488597386291139,86.72940368112772,1526106.0,,158,16
442.48688237915155,76.84728389007932,169888.06651859428,21.189509306723906,0.30042074036433875,92.815677623663,1505611.0,,158,17
1874.4612126723423,975.2542447584864,150171.59607843138,21.31199965617079,0.19770626495808222,71.89411764705882,1691907.0,,159,2
1505.3836723208094,245.96946356718684,131122.31764705884,19.53939565846776,0.22988456204096014,85.58823529411765,1547519.0,,159,164
1398.7538430762113,424.8506779692804,121697.3411764706,18.68960592660373,0.1080648358653204,91.67450980392157,1486386.0,,159,147
472.9013078710183,1324.2378309914347,108719.12156862745,16.80718621796018,0.1560289075267064,88.6313725490196,1496066.0,,159,16
441.76200701120865,76.59429695970032,180343.16078431372,21.802223398180672,0.27421565631817063,96.61960784313726,1475862.0,,159,17
242.98441529724684,1775.210929277767,178910.9843137255,27.366046020022758,0.2165018613533032,64.66666666666667,1782361.0,,159,59
907.2684172941322,186.16240261491566,224256.7725490196,25.46277475593943,0.15386755300271737,74.93725490196078,1703719.0,,159,110
1397.0959283212796,426.18428556093767,110991.29501928907,17.02602118049266,0.18788411377711484,91.96281169832544,1479231.0,,160,147
1439.5565713248225,1696.729397049973,110735.51181428198,17.54722755859045,0.07020655864011262,70.74062438332726,1669189.0,,160,162
1874.3614708221032,976.2121477327881,144217.0493349108,20.51080239938348,0.18789337973075193,72.9745388375376,1679929.0,,160,2
1503.0462241089072,240.55304105979653,127174.88828281584,19.066299960629088,0.2393401169030025,81.91019665437894,1580137.0,,160,164
442.88220501456567,76.98818903875798,164487.96141149107,20.95300164532937,0.3101429247913688,94.94136430393922,1489340.0,,160,17
243.12085678050894,1774.3564204368026,175265.10937675313,26.560534176565817,0.19547400569214576,61.80496656648592,1813270.0,,160,59
472.07955025409757,1324.1063020286933,109308.41279711729,18.045839284714187,0.1422029939547272,85.63338741139616,1518715.0,,160,16
908.6476678465639,186.0500193899189,225619.77508910827,25.43592375913701,0.18973299180205536,74.09149606464277,1705674.0,,160,110
1874.7040672413302,977.5881727303075,154571.6,21.31672997910898,0.1986604483061773,76.8,1641280.0,,161,2
1501.597433595822,238.0446483216078,137250.4,19.482614578839925,0.2415760164320823,90.0,1507147.0,,161,164
1438.5430723844718,1695.6114825665472,117555.6,17.728337037194795,0.04288735918142321,76.0,1623449.0,,161,162
1396.2700418002096,425.4609121365819,115693.2,17.233945934828906,0.15352078525350926,98.8,1426026.0,,161,147
908.0595300970807,184.40919780686738,232507.6,27.440564754610634,0.10762203941068978,73.2,1701728.0,,161,110
472.9821762698806,1323.8564539651093,116294.4,17.17596635121175,0.09103792504112099,89.6,1499198.0,,161,16
442.8014707366014,76.39102985191745,178414.0,22.030079195083335,0.3171475684325038,96.8,1473059.0,,161,17
242.29877040048075,1774.7405799352227,177716.4,27.445061120061382,0.22005423515178227,65.2,1762289.0,,161,59
1396.5631228468474,425.49953142117977,111710.33721233168,18.461824860458176,0.19245040441348105,88.47058820157999,1506502.0,,162,147
1438.0502510918816,1694.2757659529223,112676.5097609831,18.273556393470308,0.08268713530678919,70.03921565958416,1676276.0,,162,162
1875.451877643647,975.8746186893892,144406.48621947976,20.94019974486061,0.2031112929909004,69.67058820874423,1691823.0,,162,2
1501.0721527868147,235.66244773484664,130304.64308759876,19.240651642716678,0.24420297074696667,84.04705879150099,1555050.0,,162,164
243.0972079446807,1776.0958610862726,165311.34895661144,27.184490497137816,0.23561546539968647,61.56078429026607,1795381.0,,162,59
909.7757544198462,184.45114197265602,218744.63521075904,26.329569959115304,0.15154809359583657,70.77647056126399,1726834.0,,162,110
472.45677047392206,1323.4558800614384,99359.10584448944,16.445618550432833,0.10261561308406603,82.94117643898123,1549965.0,,162,16
442.10733527645294,76.86240726020138,166943.9999363814,21.0416121376932,0.282526306473068,91.78823525913923,1508969.0,,162,17
1873.689642730172,976.791612940883,140367.12156931905,20.867497788601664,0.19134570317358637,68.89613410572179,1705294.0,,163,2
1504.147758711359,234.122007613865,130302.32740531236,20.349420987246493,0.2779835975132722,83.79259553398596,1560227.0,,163,164
1437.059750637184,1694.1540297582146,108125.96527705548,17.841838508128617,0.07286777216298242,68.52372257001518,1680817.0,,163,162
1393.2302994556883,425.21516657959927,110496.36470182802,17.295573612478275,0.1763730749111541,91.98564931953126,1493513.0,,163,147
243.8200781737447,1775.4136904825716,173691.6230189531,27.75453132931027,0.23736202876182688,60.33066878446989,1807443.0,,163,59
910.2562548127165,183.20518845223035,216666.05218181672,27.217122558312735,0.1965701166049976,69.640957177135,1750964.0,,163,110
441.15462992589005,77.50346120253548,172261.19031030405,21.864525224951723,0.2894204803769687,93.47529546235768,1510627.0,,163,17
470.3902704444284,1323.1959489226278,113274.92716973499,18.056296562276188,0.11103745026372441,83.79259553398596,1553050.0,,163,16
1874.4982154493018,977.2754992317449,141821.84630075013,20.544347206949535,0.16047116301674239,71.11571358763143,1682141.0,,164,2
1508.932523717486,236.3285690980028,137535.88858881107,20.082822637236042,0.2523287119086213,84.80643919808453,1552767.0,,164,164
1436.5859062764598,1694.8092462185489,109142.8448644658,17.840244107813437,0.07674788759203952,71.87630945487882,1659975.0,,164,162
1393.5222393153206,424.51821534616886,113220.77960671272,18.168404966196295,0.2081969919860953,90.8912061360637,1495954.0,,164,147
909.9153351733721,183.88209003976766,220044.56767194121,26.431258148611867,0.12207441164270144,71.49601152125513,1721119.0,,164,110
242.3592337611297,1776.2448016190308,168370.82534495406,25.474102830678557,0.1867464665467996,61.98856318066269,1797726.0,,164,59
472.92607321410117,1323.5006218174174,106722.62881488459,16.84276043859035,0.08647399989536915,85.94733299895563,1540396.0,,164,16
442.4123478397451,76.66571527941392,169485.47858840512,21.309629057705415,0.28176708646265036,92.79269580418219,1498371.0,,164,17
1875.3067859199612,979.9564242197682,150506.94902628864,20.78674810824062,0.21569883536140957,74.51064896176024,1657880.0,,165,2
1511.2577442414615,237.72267281209096,135927.19183760788,19.932784696580068,0.2535447321951045,87.05580924613824,1521413.0,,165,164
1438.1795648225648,1694.8402550438377,117634.44736112349,18.436384858470085,0.05991734967037767,73.75033621725248,1650235.0,,165,162
1394.2371692710465,425.72792931358913,116166.283451479,17.54821364163883,0.18113849019154876,92.75815482994642,1475363.0,,165,147
472.912638519914,1324.039429444368,107752.66262075616,16.727953138281876,0.10818121153199423,86.67565287388436,1516769.0,,165,16
441.12983725296533,77.3626349180926,170892.45433203064,21.059803479666492,0.28319726748659074,93.89862394670806,1491700.0,,165,17
241.90806688165196,1775.058129000139,169520.08982819412,25.672972034539256,0.18220100590141708,60.064706816112846,1806818.0,,165,59
909.1258144074393,183.9880688770799,220266.02349124764,25.380228328029208,0.1067448572532579,72.60986710049085,1717242.0,,165,110
1392.7764695658332,427.5265009478993,119395.07110316776,18.014098437584884,0.15776421877605945,92.61479281676874,1473059.0,,166,147
1439.3097190198398,1696.3422798173926,116335.70859024537,18.006695771439972,0.044467552253114925,71.8629305258745,1663370.0,,166,162
1513.880585915493,238.8703295774648,136424.27987532326,19.883122363692717,0.22950817402777923,85.69750538647067,1544226.0,,166,164
1876.101547771088,979.0191292140526,151654.6096218551,20.779887962667274,0.1698660125978782,72.63151801812984,1679437.0,,166,2
909.3065654994136,182.8684540763815,224775.7178725516,26.617687684027096,0.11982902803372601,70.71004928749149,1734042.0,,166,110
243.02954400371078,1778.3878379557552,167354.546326155,27.882132009351455,0.26426633919759873,64.17705560332108,1764283.0,,166,59
473.5735706268134,1324.893962711697,108872.724040446,17.162298065199572,0.14763154514084245,87.61897411710902,1518050.0,,166,16
441.1335853702192,76.8865528426181,176058.03108845447,21.67967337771713,0.2983170847081682,94.92055529353476,1489388.0,,166,17
1877.090870428889,980.1264460941327,142779.46666666667,21.84203435496529,0.21606268186214628,73.01960784313725,1659157.0,,167,2
1514.3591694248219,239.0068528489958,140033.92941176472,20.74234013866138,0.2990578867194415,86.85490196078432,1528712.0,,167,164
1439.0485883081678,1696.1675680536036,115400.95686274511,17.834824220656536,0.04819792656864665,72.63529411764706,1643514.0,,167,162
1391.0978002016839,427.0088786842598,116999.31764705882,16.978099398228252,0.16236178414368602,93.77254901960785,1464214.0,,167,147
242.82363884090933,1776.3364559976826,179111.33333333334,27.091311395062576,0.19875470426436764,63.79607843137255,1781657.0,,167,59
470.983447674678,1324.3878076319845,111980.94901960786,17.391947236486793,0.10374929088657979,87.62352941176471,1519482.0,,167,16
907.9741086309599,185.96515759562402,228972.96470588236,26.256441630451157,0.1813114580922815,72.63529411764706,1719818.0,,167,110
442.7124275732223,77.35810318081171,173911.95294117648,21.66932839867098,0.28059065406188205,94.92549019607844,1495494.0,,167,17
1876.1181277817493,979.8763058367733,74822.43137254902,18.53407238062418,0.19763533276505246,42.92156862745098,1901082.0,0.10197089343895639,168,2
1516.098760783582,228.7403010239613,64729.39215686274,16.88922784737029,0.2462200231672932,50.90196078431372,1826482.0,0.19065170602083464,168,164
1438.447688564477,1696.1246884907468,58507.058823529405,15.663484148743771,0.08233173162091365,44.86274509803921,1875206.0,0.12158816409342431,168,162
1391.4188860804759,429.0105735393318,53077.3725490196,14.670262960478937,0.1721835368022474,52.843137254901954,1800172.0,0.2749977170905411,168,147
907.291883986238,187.61296306978355,115913.90196078431,24.269861571289503,0.19566334214333014,42.705882352941174,1929246.0,0.0867388509981234,168,110
442.9584332279296,78.13878246740316,81237.58823529411,18.8488670701911,0.28662056842775885,54.78431372549019,1805696.0,0.2516249379463545,168,17
473.545663999236,1324.4664090758965,54202.60784313725,14.559635048518476,0.12049708589800923,50.90196078431372,1818904.0,0.20912643830586974,168,16
241.93810660025773,1776.3033739947412,86869.15686274509,23.225955583132055,0.20874508312293844,37.96078431372549,1965225.0,0.07283925534363976,168,59
1877.7794640912061,979.8446033936049,150670.94114745324,21.375542483741395,0.19539792981861806,72.94117645654067,1685226.0,,169,2
1521.2641286884505,222.12524891383055,128936.65879869781,19.404817736100714,0.2735564031402542,83.88235292502178,1549525.0,,169,164
1439.7632232668348,1696.0381219903693,114514.72938971058,18.388338613590832,0.07938497034612209,69.65882351599635,1676212.0,,169,162
1390.8605177588795,430.48526763381693,116647.52938929985,18.720008863938418,0.17531002648337146,89.71764704154502,1505409.0,,169,147
906.6178952663053,187.2145745460762,221873.19995726997,26.317090507508937,0.193932544303837,71.11764704512716,1726008.0,,169,110
472.01319105895976,1324.083283194734,112140.12939016792,17.872617851744597,0.0915605171470407,82.78823527817366,1555336.0,,169,16
441.81225879062504,76.72902239598864,173689.71761360834,21.75137535045461,0.2584619270916269,88.98823527697962,1542860.0,,169,17
241.8251995273272,1774.8085106382978,173143.02349606657,27.574778682515223,0.21961208807683988,60.54117645892876,1809120.0,,169,59
1877.234860059641,979.1710234781456,153261.62709938549,20.890752853470744,0.1865046531478818,71.90574051707588,1684000.0,,170,2
1391.5679055182454,431.85992470255565,116094.64158866131,17.293921867895293,0.16528151808282862,91.85864233595035,1477718.0,,170,147
1436.8089942931588,1694.848910319045,106340.68435799681,16.90553205832508,0.0762025869538923,73.0351500539933,1645884.0,,170,162
1532.4302153387075,220.1755750901884,135246.03910617004,19.748815634013177,0.27257240636731545,85.83512480572409,1539857.0,,170,164
240.64443401904896,1775.1298042877881,170122.20560618004,26.957868570222285,0.21817033505145095,61.74105468481908,1794163.0,,170,59
441.7872517014331,77.17014543581799,176902.42752614096,21.295968645802798,0.27426505190692096,90.72923279903293,1528669.0,,170,17
472.13512197343664,1323.7620195423763,107456.16451062559,17.250716629544026,0.12405661974858884,83.95277557752839,1545321.0,,170,16
906.1732933233309,187.38793087533628,224319.93399392767,27.411019015609217,0.1906467234583389,71.1528008257976,1722912.0,,170,110
1877.3326758283652,979.8128921284165,146177.47661674,21.362784121302692,0.1974619046110712,72.65490105885364,1670000.0,,171,2
1539.396029691111,222.75662423927116,125759.16706628927,19.394386885980417,0.28243372736154715,85.96862638377446,1537833.0,,171,164
1435.8535604051003,1694.8765272614316,115723.28091636395,17.781742089875934,0.09036881617496101,75.3176461238378,1641932.0,,171,162
1392.9155767778498,433.25594955658175,113838.43780250731,18.21917458143689,0.21993428023076783,91.29411651374281,1475069.0,,171,147
909.1410083807923,186.66297611095425,220951.54235516887,28.76403289043933,0.28029599967752294,73.41568536313484,1693408.0,,171,110
241.44910884333177,1775.6046715006933,176161.8880092224,27.806931718988093,0.21421999156810334,62.38431295105758,1788698.0,,171,59
473.00868643134703,1324.1331422589465,112281.49272379585,17.095001414360297,0.09611600960808281,88.63137144875863,1503168.0,,171,16
440.89314489386373,77.35691393998519,177802.13896925264,22.89602383285956,0.3211880519499291,93.95686157872697,1501489.0,,171,17
1879.067237662705,980.3597300078363,151933.11934629714,21.900287596784747,0.18269094107325531,68.84974075264267,1703733.0,,172,2
1544.5088951886742,229.74534500859625,132971.67251183453,19.883040860394733,0.2783831025239953,82.54361184156608,1573371.0,,172,164
1436.1561163148328,1694.9298965469034,108835.84433229902,17.842372365878575,0.0819994340035563,70.75166729277092,1661963.0,,172,162
1392.4434609973214,432.55225384885955,112469.28479456002,17.994447289532676,0.1959097042517755,88.62977676997649,1503125.0,,172,147
905.7569706552697,187.64560887586296,229983.2395441562,25.825691697233832,0.19926168736139174,73.79474975697613,1718257.0,,172,110
473.83980593007436,1324.9577055694326,105685.49321123058,17.397678153946977,0.15126313616971393,85.96707961379693,1535043.0,,172,16
441.3324951571635,77.93306858426095,172604.77852564308,21.259136484152098,0.26857410733973425,92.81401515825863,1510938.0,,172,17
242.26939804455787,1775.8195183181015,181220.88613773207,27.275300605389305,0.19555437739019638,60.86164928410402,1810688.0,,172,59
1394.396781021479,433.5659925661934,120165.47717750842,17.856666799367126,0.19869904419905945,93.84875425878562,1465350.0,,173,147
1437.5980414606877,1694.63458222767,113750.81905988547,17.888252690397724,0.06317831228030855,73.92983498753316,1646083.0,,173,162
1543.536060923636,236.69000768532104,137067.06323530598,19.79207660590282,0.25912164505471785,86.95374374181361,1534054.0,,173,164
1877.1084267966908,980.010094296304,150994.21836730975,21.631355523085787,0.19576478724956542,75.46205954686027,1650564.0,,173,2
241.2683853454003,1775.6297500516966,174127.36170789067,26.676876860276085,0.18703469498218564,62.43815079257982,1789222.0,,173,59
472.7164409321681,1324.4029122868048,116720.65331200125,16.999214179067064,0.08122839340544429,90.7843051401314,1484586.0,,173,16
907.2749722257848,187.63268912699854,229978.0960637834,26.575669343787514,0.21248973612328412,75.46205954686027,1689964.0,,173,110
443.58848194795024,76.59912113006312,175124.83989601262,21.24748680652376,0.2791723612664617,95.7640349579445,1477156.0,,173,17
1876.7195773231156,981.2936131822094,139166.05490196077,20.33606822314976,0.18810469670115817,69.99215686274509,1701906.0,,174,2
1547.0346364367133,243.35455054153164,127016.6431372549,19.57415486320686,0.19991379786557759,81.53725490196078,1586702.0,,174,164
1437.3865526927025,1694.3421413331173,106867.2,17.6780796453117,0.07832859094799469,68.90980392156862,1686026.0,,174,162
1394.190612609107,434.6286304687657,107550.52549019607,17.76383717211505,0.19861092068252897,85.50588235294117,1528719.0,,174,147
907.8589369110131,186.48117077990793,216153.81960784312,26.376292838689917,0.17630146525156085,68.90980392156862,1751629.0,,174,110
472.43203907444865,1324.5958818181177,102378.32156862745,17.865188196299616,0.10803035081029247,82.98039215686275,1551061.0,,174,16
443.22112604295495,76.73654827640266,165698.13333333333,21.304371203702917,0.2882001004001163,89.83529411764705,1537694.0,,174,17
242.709689033292,1776.426835559751,164342.66666666666,26.373261072479437,0.22431941567431687,60.61176470588235,1805884.0,,174,59
1436.0146300253798,1695.6754403863158,106264.8162839551,17.320954996241888,0.06573551790206757,72.6546315654715,1645136.0,,175,162
1877.8920720290334,981.9001394657154,148102.47234343126,21.85474012366704,0.21296013449382867,70.37228711838863,1686915.0,,175,2
1545.0301370725786,243.87862721297208,132872.00745730606,18.824477547265765,0.22694919020993132,84.82713528324683,1548431.0,,175,164
907.3015378114017,187.08036919842095,221435.34060042756,26.058669701311995,0.1848267662910492,72.6546315654715,1718226.0,,175,110
441.72653676184586,77.44888160947012,162340.87817655777,21.075848484785038,0.2668817932144014,89.39182417741257,1530668.0,,175,17
473.4209787756534,1324.6137901054735,99755.9503116159,17.09502951639433,0.13920725186833216,81.40361861262252,1570165.0,,175,16
242.60946417923162,1776.6560071915028,169685.46260727046,27.09399421599862,0.2391309959511345,63.144863035959524,1781883.0,,175,59
1876.6816104357763,980.0628590471958,140854.6635480549,20.475455398092382,0.19084053851533261,71.90187911885876,1680077.0,,176,2
1548.2019438722598,244.35401387908794,130400.57738248858,19.016635909032775,0.22584202753643506,82.70578841651111,1575592.0,,176,164
1437.3190452730826,1695.6448857555424,109650.3656562596,18.076765439055716,0.06946867420374468,71.52933052238798,1668496.0,,176,162
474.1265720081136,1325.2337476812122,107444.87796515264,17.086136345006516,0.16216877581632444,85.68617718827727,1526418.0,,176,16
441.65428841828714,77.84055446392858,170449.55150309645,21.711688617959528,0.2999304101459245,91.6469547318096,1525607.0,,176,17
242.91608103071928,1777.0918317095245,167941.92690025168,27.789973458112005,0.23005219609447522,62.21561561061871,1769520.0,,176,59
907.8782487626361,187.20351382807738,221822.51276202986,26.786509627862355,0.23189445345786996,68.92149034709259,1747151.0,,176,110
1437.992061214399,1695.5873491163952,107745.91029642127,18.328728399757267,0.07904087042626168,69.66659598783863,1675640.0,,177,162
1545.5393825375209,245.17146587670408,132677.610492668,19.065820111161084,0.2664457583826796,85.68618757862507,1543381.0,,177,164
1877.0375508518102,979.8644277829562,137090.82170160883,20.178024657496564,0.18799753973202518,69.66659598783863,1691648.0,,177,2
907.7379936576435,186.98860010461618,227910.3570134768,25.750088872823028,0.220069952780818,72.6469851210082,1718405.0,,177,110
241.9112401641043,1775.37107761973,167177.10490367233,27.102301103138515,0.2462720828855552,61.843074513268526,1793926.0,,177,59
472.8723592910682,1323.8215435796449,108401.59590571857,17.370196514252136,0.12802072285125937,84.94109029533267,1541893.0,,177,16
443.7120997418575,76.77047289504037,169574.82796130722,21.67897709772108,0.2811345291791034,92.01951448661039,1507582.0,,177,17
1878.0053795159213,980.9566378413625,148524.18823529413,21.741934680942897,0.18347531337437398,72.25098039215686,1673702.0,,178,2
1545.0465603095563,244.62795002580597,133287.30196078433,19.028813229750828,0.22627792318723683,86.85490196078432,1534797.0,,178,164
1438.7430194821675,1695.0134821878776,113565.09019607844,17.625318213460595,0.07264629619698125,73.78823529411765,1645426.0,,178,162
907.4562700782845,186.468049338539,231124.73725490196,27.322900739637802,0.17667571698632184,73.40392156862745,1706664.0,,178,110
473.0075286484517,1324.2200824683036,109699.66274509804,16.580097291483916,0.10717106145515007,86.85490196078432,1517068.0,,178,16
441.79850651204674,77.83477630625288,174981.88235294117,21.466089903555158,0.30333525220656127,95.30980392156863,1492130.0,,178,17
242.15814142324518,1775.5521568894198,180798.8549019608,26.762149126913847,0.20185366338143537,63.02745098039216,1786209.0,,178,59
1437.7057326397376,1695.7060328876166,111201.2236606274,17.503010050306862,0.07244112787527515,73.76403482707539,1635976.0,,179,162
1878.2004655474511,979.7107442646999,152441.5308371585,20.69335525016952,0.17232713157408056,72.98757130257987,1670376.0,,179,2
1542.9524392674255,244.63707466980136,134417.871274806,18.721744539855422,0.24449009840091682,87.74037826799494,1523496.0,,179,164
908.2500752049334,187.15458203149035,227141.98067477552,27.614823922612487,0.2839849783171852,72.98757130257987,1718951.0,,179,110
472.80327564472157,1325.8678243477864,119184.43338772819,17.92073772528675,0.15639672386845926,89.68153707923378,1504773.0,,179,16
442.69342373092275,77.29595655226971,174708.95179264134,21.90207552767804,0.30487251439648444,92.01092765272037,1521762.0,,179,17
241.8126983509309,1776.2875688553368,179582.0368723753,27.421745920422385,0.22588929917444667,63.28177724638574,1786277.0,,179,59
1440.6383616736048,1694.6232849913088,116162.93612553223,18.961331622034166,0.07837498791646878,70.78426285527259,1666798.0,,180,162
1877.1976366119873,979.3740848396997,147008.85513410068,22.608961231984917,0.2487465432691933,70.03916535153287,1697553.0,,180,2
1543.0149599958222,243.51900164084466,135547.0202340727,19.330733187847567,0.21963945822674777,85.68621293006682,1553751.0,,180,164
907.0294385060427,187.66408774683907,218807.56824071487,26.193592789686868,0.22764706389746592,70.41171410340273,1731159.0,,180,110
242.00108705095107,1776.3667727729378,167244.95823816748,27.297876996879005,0.23296452621345148,62.2156415622659,1782385.0,,180,59
441.7021674533159,78.14296912104031,177280.30396728578,21.67579713216088,0.27940658682645286,94.9999317268132,1493463.0,,180,17
471.28904465570184,1323.8358058310969,113685.85947434956,17.7610622663363,0.07240618052744861,86.80385918567637,1517382.0,,180,16
1546.440899391717,245.95896897469447,142641.73844944622,21.04264688435451,0.2592592842691534,84.94105574962909,1559528.0,,181,164
1438.6573460242214,1695.5851433111904,110650.99960198722,17.723347962628296,0.054807765044681885,70.78421312469091,1672916.0,,181,162
1877.4625375408734,979.5268974314071,142530.7189993875,21.87060409099411,0.20718465493038146,68.92147067404115,1700320.0,,181,2
907.5194453066366,187.68446067007932,226849.61877049954,27.508435700371503,0.2583742370298411,71.90185859508077,1720206.0,,181,110
441.9621865096035,77.77321143048172,169389.97494379652,21.331347281652917,0.2863713682933462,91.64692857196823,1513734.0,,181,17
473.2358157339616,1324.023087840146,105788.49670881109,17.137870096500894,0.08011342845496655,83.45086178910928,1546677.0,,181,16
242.52863854569398,1777.8724212184172,167473.2129620779,27.71431233650709,0.2260119279670493,63.33324332209186,1775857.0,,181,59
1545.0077737535212,256.8298044766385,135648.0,19.528761883272576,0.21857210926617723,84.70588235294117,1555103.0,,182,164
1439.7003292521565,1695.703163624304,110110.49411764706,17.26474341887121,0.09268865561204366,73.78823529411764,1634372.0,,182,162
1877.4684135197622,979.8286221512716,136779.29411764705,21.67721153781196,0.22763104971154072,70.02352941176471,1686722.0,,182,2
908.8293594648811,187.15466369083202,226704.56470588237,27.198066052673052,0.2544855944069557,71.90588235294118,1734285.0,,182,110
473.41054477650863,1323.80147864184,115489.1294117647,17.32364948357056,0.12813041724953708,86.96470588235294,1527902.0,,182,16
442.50940413439866,76.8675461984406,171699.2,22.55658874175698,0.28043016758840167,91.85882352941177,1522075.0,,182,17
242.59308143958754,1776.5278389151988,165746.82352941178,27.654883834712034,0.21201788835128438,61.36470588235294,1791014.0,,182,59
1439.316951763653,1695.2691246784964,113613.1785302273,17.70038706705242,0.05521268121552122,72.9595744219054,1646801.0,,183,162
1877.2185310575705,979.7676241478723,139909.6236905205,21.090726645991932,0.195202681409623,71.06943000683013,1673711.0,,183,2
1551.2768387852764,266.9468206372277,142270.7920938325,20.640248268806673,0.21530306776770525,83.92241202934197,1570804.0,,183,164
907.573765353465,186.97372311467495,225535.05583784528,25.836966983470717,0.1969529755078116,72.58154553889035,1718945.0,,183,110
442.26070594908265,77.40450707912476,173284.65968527054,21.30144355749206,0.24467322203166572,91.8610185726581,1512329.0,,183,17
473.0326660177531,1324.5957389624164,104083.44841830082,16.596718213341244,0.08749753101872715,84.67846979537207,1540665.0,,183,16
241.909306588549,1776.3584869667416,172405.36450337752,26.700643096357275,0.2419329122069938,60.86265016542367,1801146.0,,183,59
1547.1570854078898,267.9005799638891,137400.88446579652,19.6203031967505,0.21425180540624073,84.94993677646774,1562263.0,,184,164
1439.0353370004639,1694.9910332029956,113434.47752390457,17.869479513907287,0.05373017688352253,73.67339649640564,1644517.0,,184,162
1878.1385603972894,980.3208626291853,144718.98322288084,20.836071352604957,0.15284887543477957,74.42516584840979,1655776.0,,184,2
909.0631547296059,187.9851574461614,217514.68900082164,28.44904527465256,0.28406088526674744,74.42516584840979,1682712.0,,184,110
472.701368620605,1325.587691961485,110242.464855295,16.961134667102993,0.1198824803706621,88.70878353648843,1510793.0,,184,16
442.52601030757336,77.29400944935388,168185.08766101403,21.70390803296033,0.2970256488483272,92.8435149725112,1497681.0,,184,17
243.22772372234056,1774.5939743647155,176276.00531195858,26.19828332043462,0.21158899623203384,62.02097154034149,1811167.0,,184,59
1438.1135969786744,1694.9171364967622,116084.35804083964,17.932417085096905,0.06777755360854551,72.9377547321248,1655824.0,,185,162
1877.7328151247514,980.3451763832923,152201.4872026294,21.29228765559897,0.21293927619403374,72.9377547321248,1670242.0,,185,2
1537.8951294343763,262.74422112057584,144043.83068815415,20.422182631220544,0.2204050829109378,84.70190872117719,1557968.0,,185,164
908.1346812729138,187.50569031758616,231996.56729497283,26.67697784205225,0.2471072228285141,75.68272399623703,1702133.0,,185,110
443.69168032623037,77.44530491203398,166745.51077929485,21.7154990786087,0.30690894234425914,95.28964731132434,1481115.0,,185,17
473.89155480468224,1324.1139537029808,110483.4443266518,17.064422718807204,0.10770718022532029,88.62329338419465,1506955.0,,185,16
241.71465968586386,1776.7209885637294,168221.91210492092,27.621621305285636,0.23399586282077958,62.7421546082794,1779917.0,,185,59
1878.564673680783,980.2777172917641,148771.99193119712,20.40924065049136,0.1965593653028014,74.93247319434927,1659081.0,,186,2
1527.0340314802506,258.0347414122272,133801.77050620283,18.612878755350273,0.20449909105092576,87.79966556105572,1531000.0,,186,164
1437.2007400555042,1695.5831940122782,112502.7826709605,18.159167044277932,0.06131316150809128,73.79713269140458,1637619.0,,186,162
908.7747088368716,187.63132865600025,220994.40734501745,25.822057118357716,0.23411812732904116,74.17557952571948,1706201.0,,186,110
241.79283276732522,1775.7019987936178,183203.0849171663,27.571233964646478,0.230873304301275,64.7144086678471,1773556.0,,186,59
473.02724254838256,1324.4640556575787,107161.00560460576,16.75238701463019,0.12863758525103647,85.90743138948123,1529031.0,,186,16
442.85666856829647,78.06797319820575,169160.0582362435,21.1288832098344,0.2825419927903245,93.85481491009403,1494973.0,,186,17
1877.8865667751136,980.1082272674864,145505.24703080102,21.723437550381586,0.21650206808771455,69.65882351599635,1696578.0,,187,2
1521.5311898510327,261.7679065328855,135289.10585629795,20.09835562190155,0.24639602518477444,81.69411763132555,1576264.0,,187,164
1437.6322770421314,1694.9321231579813,115182.14115428794,18.53178743863264,0.06026472782905131,70.75294116284445,1666297.0,,187,162
907.0463590622762,187.62518309785145,222092.75289840417,27.059201841392017,0.2065013535495601,70.38823528056174,1730994.0,,187,110
472.2016699770523,1324.1057459295114,113475.31762520489,17.91356621741919,0.08262121495250288,84.97647057186988,1541550.0,,187,16
442.1469044968395,77.35442749310164,175919.89408376708,22.76769241445299,0.3151482095392787,92.27058821752395,1517193.0,,187,17
243.40617566565209,1777.5947131493465,171106.87055528225,26.779277294001332,0.228407257751703,60.54117645892876,1803788.0,,187,59
1517.3200172748866,270.1044590801123,135146.85300652272,19.93473357969811,0.2403019610659423,84.266149439934,1555407.0,,188,164
1438.7702848935585,1695.8250632878185,111244.44964763858,17.793643735741966,0.07258135751761692,70.768973988516,1663706.0,,188,162
1876.9868795412153,980.4368614459509,131035.68632172594,20.281967290055164,0.1755604398272119,66.756300205662,1709673.0,,188,2
243.24095713254118,1775.5388848771308,166704.70836604087,27.366578640174414,0.22310251335400094,58.730952639954005,1818409.0,,188,59
474.1186082913489,1324.7077811175172,102308.95471027415,16.66522444296767,0.09446086040997868,84.995726491362,1532798.0,,188,16
905.2733730435114,188.07009400847568,210549.37084865794,27.576376117622655,0.2671717571607229,70.404185462802,1737658.0,,188,110
442.7891564579886,78.14041173268147,169524.15888128438,21.424312353974816,0.27787181309873865,92.656285531356,1511288.0,,188,17
1877.1049290419378,979.964335994903,141959.5755105445,22.29685502754525,0.21546951066361214,68.56470541866378,1703916.0,,189,2
1514.2809596760228,274.7428910173578,136886.88142720304,19.77136651336473,0.21472150138073473,83.88235237389718,1569516.0,,189,164
1438.2699552789215,1696.3535938162197,115313.43451427633,18.099275874627175,0.06312139576144919,73.67058773707491,1646524.0,,189,162
473.2617318369114,1324.897168136164,107008.71692338063,17.119501704598573,0.08590995730718273,86.79999941298925,1523628.0,,189,16
444.670038852361,76.62331995559731,170842.8223740365,21.857046214367017,0.29240957646475635,91.90588173140038,1518487.0,,189,17
244.34756574740297,1777.5879747429804,163111.78713220227,27.27699437401812,0.21804289677096284,60.17647018127406,1801059.0,,189,59
908.6189384923562,187.36217579888466,222484.44555420647,27.116445180824076,0.26928019745887866,70.75294069798284,1737325.0,,189,110
1437.5541931656137,1695.8417349307297,111896.63562970585,17.24333387386874,0.033921882867789466,75.70577910475244,1626322.0,,190,162
1515.1168779542138,279.72721307368926,142587.75847877248,19.90756434600509,0.21058877533203485,87.74105680858487,1538568.0,,190,164
1877.0371387722182,979.7613330470394,148263.7507378057,21.661541910848428,0.24942970705718778,74.92930957547291,1654307.0,,190,2
907.3651736628584,188.0541512601016,226898.7611417651,25.93978883791739,0.22449042264167549,72.59990098763438,1716035.0,,190,110
243.79997903209588,1776.3691870230068,181453.55253209383,27.22594869603548,0.19833372396684298,62.89403187164048,1790706.0,,190,59
443.332769392706,77.59352680487353,171878.5185317835,21.567468286080523,0.30318618098204186,92.78810874890169,1507354.0,,190,17
473.76598154163304,1324.5804179918218,114503.63207426181,19.10561250508154,0.16776878605516893,86.96458727930536,1528454.0,,190,16
1516.818107577939,285.8944005253454,127163.39997497166,19.128360589059923,0.217301517636591,81.72156861136652,1579850.0,,191,164
1438.8583651488445,1696.246268316954,109736.00782153898,18.20847313734831,0.06003925268341596,70.65882351550468,1661845.0,,191,162
1878.3757240291138,979.717676999033,140225.64703122427,22.191606569780173,0.2243374833698329,69.23137253539348,1700971.0,,191,2
474.2924173838978,1324.9106248669143,103906.29801876482,16.971944022655407,0.1116103403021581,81.72156861136652,1567149.0,,191,16
443.47920543715964,78.03571030401784,166447.92153586712,21.282772320995647,0.29415514451821,90.64313723706155,1528116.0,,191,17
243.4165141197956,1775.9795097182907,166289.83133981982,26.988600830260726,0.20859449753721987,59.952941164670634,1811606.0,,191,59
909.4171030438534,186.9556791140399,218348.61172173044,28.33950617232529,0.2667255607843809,70.30196077047688,1736472.0,,191,110
1439.199377628259,1696.6025096719932,111905.88235294117,17.628755563231287,0.0568840402611808,73.78823529411764,1633296.0,,192,162
1878.4601234009733,980.4870588548176,141556.70588235295,21.6036863239949,0.21847103330882106,70.7764705882353,1688689.0,,192,2
1513.8800445167367,288.7930827840082,131926.58823529413,19.395976631318042,0.20671682519950765,85.08235294117647,1546372.0,,192,164
243.4225781644224,1775.5360176634297,170849.50588235294,26.956759293249288,0.2146756532801094,60.61176470588235,1809103.0,,192,59
906.600531569125,187.43358531317494,215442.0705882353,27.3961641262208,0.2531727286090218,69.6470588235294,1739685.0,,192,110
443.8241426116494,77.50387042274869,168906.9176470588,20.803289417067074,0.2816624923798251,92.98823529411764,1504929.0,,192,17
472.853930521463,1324.3183922973883,110732.8,17.551361485761603,0.11928698224879482,84.70588235294117,1533225.0,,192,16
1877.6934400077935,979.2526455509687,146526.05685579893,21.505263766312332,0.2241762727245021,71.72941080143592,1684162.0,,193,2
1508.2135721231155,291.777638911709,132489.21782861644,18.70431777397397,0.18860510976422287,82.79215575091112,1558159.0,,193,164
1438.899019853756,1696.216289414611,112394.99064748581,18.122619399540834,0.07508320055402094,70.65882258051897,1667378.0,,193,162
906.7428270260817,188.3219758547659,220397.00096180907,26.750069072376487,0.2534499793430874,68.51764613868507,1767008.0,,193,110
443.5751347573309,77.96427156911543,168490.95852161176,21.623024525106572,0.29510584381101945,90.9999987779411,1517274.0,,193,17
473.6592751666585,1324.5215029694243,102032.05353175,17.001200339144667,0.13283020217791422,83.86274397182807,1545903.0,,193,16
242.4813381462588,1776.9848904735848,161738.75861228854,26.975755083566458,0.19285035026317696,58.52548941012682,1813198.0,,193,59
1502.4409006628462,295.2028959895426,135607.14112639203,19.09744708693126,0.22058552307823898,85.96862741923292,1539641.0,,194,164
1438.7956986140407,1694.803910992966,118484.92936800924,18.39332421058471,0.07175706642492119,71.89411762050894,1664144.0,,194,162
1877.3649305885283,980.9990555214779,148213.33720016805,20.48010833463216,0.18443942552577156,71.89411762050894,1679365.0,,194,2
242.43508300398747,1777.3721553232665,172382.69405398762,26.23691217005138,0.19519114271814264,63.14509801589674,1775892.0,,194,59
909.9008497603617,187.2941402338095,219928.67050701752,27.921862155675765,0.2623289846722497,71.51372546378667,1727651.0,,194,110
443.48934931289307,78.08980879581596,179647.80385522623,23.004933595685184,0.34570166828438087,92.81568624023377,1514047.0,,194,17
473.0853174210488,1324.4871157994735,115320.44701623668,18.73565757036159,0.1931611457547938,86.72941173267745,1519441.0,,194,16
1877.8165511938098,979.7645997910612,148830.49311482295,21.709427920136037,0.17215072288411545,72.28235245413592,1672271.0,,195,2
1495.9944066771118,297.3159553696692,142489.22256931532,19.319432460882886,0.21927155408659357,87.71764646777952,1532356.0,,195,164
1439.0511554478537,1696.056206674766,115894.96392497877,18.36397263998682,0.09640770904680727,73.78823479693041,1634309.0,,195,162
908.3378343489023,187.98184462890245,223099.1043791048,27.178286644104737,0.2586677579974451,73.78823479693041,1715065.0,,195,110
242.70796321043943,1776.6824563931907,172406.9635441993,26.378084076234213,0.1984621494591833,61.741176054574424,1794716.0,,195,59
472.77278099848036,1325.5084355828221,107020.0463377194,17.792773248507324,0.1087042740800067,85.8352935392864,1530195.0,,195,16
443.8031524055249,77.6226360775299,172614.39883691925,20.979788837620603,0.28846451658549044,92.98823466756026,1514062.0,,195,17
1486.0404673333044,295.476717387532,140294.71369958535,20.744294277872676,0.2413943748108971,84.4470588079366,1562512.0,,196,164
1440.0376148934602,1695.6364480981108,118734.46664474283,18.90935579114858,0.08142931595937211,72.65490194736888,1660200.0,,196,162
1878.4094174244588,981.625390055511,150550.46663886812,21.64301685382336,0.22124117534340548,71.89411763378386,1680775.0,,196,2
904.9313149878873,188.73034370108655,234277.44309399652,27.04984797037977,0.23411266722145258,72.65490194736888,1721893.0,,196,110
442.99312209551687,78.50931866518688,172058.2195760733,21.834361968519932,0.3160219388055011,91.29411763020174,1510259.0,,196,17
473.4860080951696,1324.7152753521946,111084.39997948872,17.587006034547294,0.11585311749199252,84.82745096472911,1539647.0,,196,16
242.1301687290042,1776.3898665164218,179589.98428056494,26.72139164542427,0.1956766382757246,62.76470587076369,1790979.0,,196,59
1878.9233941287125,979.9497481736322,142691.20587031165,20.94924580364911,0.22526677538209572,70.77507302468292,1691648.0,,197,2
1477.8132277064337,294.7068100917917,135055.02724673363,19.091577467983146,0.19079153588372963,85.83359920014738,1547297.0,,197,164
1437.200960895254,1696.3685606672225,114244.14407224176,17.45252222700815,0.08762188164020052,73.78677825977582,1644824.0,,197,162
909.3415571473591,187.47613345030535,220997.04783534436,27.982323412634862,0.2844993722071852,72.28092564222936,1717566.0,,197,110
243.6830493191897,1776.9518751002468,173685.79383411576,27.13622900624801,0.20323656521057185,59.8576415474712,1811024.0,,197,59
473.9275947028026,1324.8457584779112,110013.82760639941,16.489102066068195,0.1050465026480261,87.71591497208043,1510299.0,,197,16
442.8873964552798,77.49696754242441,175788.71701451935,21.994970151752746,0.2747850305331326,92.23347282471977,1512314.0,,197,17
1470.103036641167,292.36206380706915,137154.6352685288,19.428997174539425,0.23499688200464464,84.70588233713767,1552803.0,,198,164
1438.2893913723447,1695.9808582040923,115546.35291961906,17.79979372684872,0.05611736691347212,73.78823528035103,1644441.0,,198,162
1879.6558507763991,979.4955164608843,147698.44703126754,20.842753646872605,0.2006257394540064,72.65882351585586,1668031.0,,198,2
908.9941518832474,188.29270820589005,215397.64701863696,28.058243844320877,0.2834677995469251,73.03529410402092,1688954.0,,198,110
442.8540660980996,78.27019736899535,172509.3646736974,21.78939846992945,0.29310237269276895,92.9882352767689,1497218.0,,198,17
473.63129219053803,1324.4068782265947,106686.87056833079,17.288854838245616,0.08154967762996987,85.83529410163283,1535240.0,,198,16
242.6601765596752,1775.6859097440058,174503.90584979588,27.155044536530067,0.22587163999548796,61.74117645906923,1790311.0,,198,59
1879.5120606342084,979.6675049655622,161915.19997156857,21.948088380422757,0.19322165482473427,73.59999998707623,1669128.0,,199,2
1464.3807263220147,289.14260177526353,149476.39997375273,20.492389865345483,0.2464361871634305,87.59999998461791,1538544.0,,199,164
1437.6186302695044,1695.076542360411,117430.39997937984,17.955502219386812,0.0633845302430148,75.59999998672504,1616824.0,,199,162
471.45444685836287,1324.86605026483,117282.79997940577,18.231278156450337,0.10687543589346585,86.79999998475839,1531633.0,,199,16
445.15002594069136,77.37611271913057,175785.59996913298,21.710002029061847,0.30454177139656174,93.9999999834941,1500076.0,,199,17
243.5186374045296,1776.804671264246,181312.79996816244,27.2621644023309,0.247269245378127,63.19999998890242,1785760.0,,199,59
909.0160339163168,187.9818706360432,213796.79996245843,27.973978967030845,0.2703063480861413,73.99999998700599,1696335.0,,199,110
1878.9003376552857,980.1993800427539,138362.4805348003,20.729625193138514,0.19503296141971804,69.65882261406568,1698034.0,,200,2
1454.8602056344364,285.7058871789443,137805.93936564287,19.616002685718936,0.2418893502589914,82.42352832868505,1586421.0,,200,164
1437.563269044039,1695.3640458414386,112304.24558309876,17.82841293615915,0.06669296629847712,71.84705787942902,1655528.0,,200,162
242.92554633661254,1777.295740935371,167604.59779760547,27.53525485327727,0.23742495980150763,59.81176391993075,1799973.0,,200,59
908.3925559238728,188.20345780029538,207170.80904239477,27.375245390920522,0.26920312973009947,69.65882261406568,1736921.0,,200,110
442.39299202370347,77.96085495593177,169863.58600321552,22.538886917840138,0.31101793490807045,87.52941061453281,1550754.0,,200,17
473.2529044746712,1325.3381565529996,105507.58684888028,17.83084697043558,0.09582564776180931,79.87058718576118,1588038.0,,200,16
1878.5463583102378,980.6969902910168,145897.72835592515,21.882797662838033,0.22153211190279784,72.24502805009696,1672853.0,,201,2
1450.67792081092,281.38078620878196,137526.1514320792,19.091705400070282,0.19432119342320783,86.6203142437387,1538228.0,,201,164
1439.3943797348331,1695.8903450806445,113512.05154705975,17.542042364670905,0.06850025641692947,74.82520762331471,1633093.0,,201,162
243.60576216244942,1777.0823627877317,166471.71167568158,26.44711837631247,0.21706622457355346,62.66150392100246,1786892.0,,201,59
475.15359673221514,1325.889361625217,101968.69673356542,16.30856355503009,0.15609062915963787,86.98891132562696,1512674.0,,201,16
906.2654884162232,188.23591169807838,231539.04875016864,27.566575367914538,0.23541097085832605,71.87643096820871,1710644.0,,201,110
443.1752768028462,78.24879371793774,176539.94096745912,21.964515440417397,0.30154553114798827,92.88646463583895,1514015.0,,201,17
1877.8851182426597,981.6502456248489,143174.66271866142,21.506924911129598,0.21652650144917435,72.65490194736888,1674816.0,,202,2
1442.9425121442687,277.94829409382146,139934.48232710283,19.025335382664984,0.18868412231614537,86.72941174869165,1537850.0,,202,164
1438.93785461281,1695.8972345887628,117058.07840975825,17.717332848775488,0.060434476536567874,73.7960784177464,1641243.0,,202,162
908.3963422321414,188.5137894611309,223278.78427249796,27.30504371360071,0.2551683205277972,74.17647057453891,1702630.0,,202,110
243.07879660836247,1776.6688170826435,174828.61565399313,27.5554649813823,0.23430815701659594,63.1450980275562,1777912.0,,202,59
474.2773270525669,1324.3457411828617,106432.20390191635,16.73791933439325,0.12590501465277712,85.96862743510663,1529086.0,,202,16
443.22456106179914,78.77094753146535,164050.964675591,21.625009539685166,0.3112659586505845,90.91372547340923,1524158.0,,202,17
1878.1501593154342,980.9279904565665,145800.28235294117,20.97746328429656,0.20816202423955693,70.7764705882353,1693635.0,,203,2
1437.4048780870494,271.6900843087415,143963.85882352942,19.57677348660433,0.21960364449338948,86.21176470588236,1560163.0,,203,164
1439.1379013373985,1696.348839402178,119776.0,18.287725517147553,0.07164823341232157,74.91764705882353,1651339.0,,203,162
906.8954800561869,188.16380564905975,237995.67058823528,26.843532851347703,0.22170099968990029,74.16470588235295,1714505.0,,203,110
473.305830276478,1324.9171570597157,116177.31764705882,17.981774849997915,0.1194375219385053,87.34117647058824,1518358.0,,203,16
443.05075204977186,77.99072163171749,174756.89411764705,21.60437793223006,0.28879478984879564,94.87058823529412,1506622.0,,203,17
244.81746333526402,1777.9523546343253,170293.45882352942,28.117920537918234,0.2315388254070993,61.36470588235294,1790079.0,,203,59
1433.756257332542,265.84586272101143,140640.17647058825,19.06157826969195,0.22222650736959604,87.74117647058824,1537684.0,,204,164
1438.812880771524,1697.1178609389988,119803.2,18.65807906500774,0.07717622657642004,74.15294117647059,1645245.0,,204,162
1877.9181536635094,981.7847549487702,150429.5294117647,21.499104518176804,0.19364570693711664,71.82352941176471,1682152.0,,204,2
242.82342451007094,1777.0296291973075,179604.63529411764,26.970234546311996,0.20152096247191822,62.11764705882353,1787496.0,,204,59
474.5770691237605,1325.420440189321,107865.35294117648,16.88482760157634,0.13677099940155887,84.63529411764706,1538340.0,,204,16
905.4465293593425,188.30789323627127,227405.71764705883,26.158013127164594,0.2313016635435545,71.82352941176471,1738478.0,,204,110
442.77950670877,79.47272089810096,168314.36470588236,21.330242122234395,0.30521940549139565,91.62352941176471,1519668.0,,204,17
1878.798171990689,980.8398716448138,143132.23526741358,21.796996879747216,0.19890240932003056,69.64705881053541,1700429.0,,205,2
1439.1914722445697,1696.8146000209872,107629.17645050793,17.787567526267374,0.04965917727616463,70.39999998686552,1675069.0,,205,162
1428.3649800782166,257.8373087353273,133132.42350457335,19.481951341602443,0.21115270374988046,83.95294116080754,1563534.0,,205,164
908.4075588050599,188.80124428717846,220021.082311892,28.338805958000908,0.30835116461502093,72.28235292769081,1714097.0,,205,110
244.21655179767748,1777.13117621607,183588.51761280684,26.677282360691038,0.20386466457667937,62.8705882235644,1790251.0,,205,59
473.5903004804276,1325.420356340791,105944.84703905748,16.897483505841972,0.08003030270508821,81.6941176318172,1566120.0,,205,16
442.9865425073901,78.01177086754667,169639.152909527,21.90003301299561,0.2571567652832556,91.48235292410867,1513948.0,,205,17
1439.356138543131,1696.1493838906244,116739.52156862746,17.57457820542597,0.057257414598763705,75.70980392156864,1621485.0,,206,162
1424.1992626324645,252.00360156001273,135198.49411764706,19.01047863305459,0.2445623784968446,85.70196078431373,1537217.0,,206,164
1879.0609334093351,979.2191625344908,152373.47450980393,20.629728395591624,0.1951300937609178,75.70980392156864,1636842.0,,206,2
909.3049859389927,188.38167897845773,228494.49411764706,28.03952619305786,0.28887057815934014,74.94117647058823,1709089.0,,206,110
474.4790711776141,1324.9969966649426,107744.27450980393,16.55756438124335,0.11492245863851004,90.69803921568628,1492539.0,,206,16
444.4717709084855,78.58489594317109,173123.72549019608,21.202280855349404,0.30816722710478434,94.92549019607844,1485245.0,,206,17
243.74061207679296,1777.3263005104502,182425.6549019608,26.210070972025242,0.2012779605099089,63.79607843137255,1785253.0,,206,59
1422.593240857358,243.56621981447296,135015.03529411764,18.832733808167088,0.22126112612301133,87.74117647058824,1525723.0,,207,164
1439.0664296003508,1696.4768581986207,111579.6,18.021946570026028,0.08091709789313843,72.98823529411764,1649929.0,,207,162
1878.350711506348,980.1704792114438,145771.09411764707,21.91677777018469,0.22949248027644212,73.76470588235294,1651624.0,,207,2
908.6361754069941,188.486618630983,229319.71764705883,28.154765041687796,0.28410072158088684,74.92941176470589,1692906.0,,207,110
243.97848475757303,1777.2869136959573,177288.8117647059,26.4680576511694,0.19437978846654688,62.89411764705883,1781153.0,,207,59
474.26388100917995,1324.9593361449654,113595.31764705882,16.968256472551083,0.14644080957418731,90.84705882352941,1485000.0,,207,16
442.89666397899305,79.70748049999352,180081.38823529411,22.683705547448568,0.31969981727224833,96.67058823529412,1481187.0,,207,17
1878.6873032555495,980.7872088182132,148284.27049531168,20.744236093414763,0.22218170841545926,72.65293823390797,1672566.0,,208,2
1438.13378497132,1696.9433876044545,117801.28096491187,17.90642214357894,0.0953673138512042,73.78225851733659,1640957.0,,208,162
1420.4875735144312,235.81090662139218,138577.00977905374,19.792981623847616,0.20927934861999847,86.95766182400384,1542767.0,,208,164
243.81000076648047,1778.534735090828,166983.5557483228,27.150344864818145,0.22238146800750658,61.359735399621755,1797268.0,,208,59
474.90015592810613,1324.4858412605136,112742.67897534059,16.693342769848336,0.1031992716161391,87.71054201295625,1514283.0,,208,16
815.1613182569748,1632.9166736432323,143887.4501918296,19.094340820730643,0.05235492816952996,75.66445898971763,1634839.0,,208,200
905.8177963572234,188.998785627423,220710.96823243945,26.74195209061764,0.23012847201701872,71.14717785600314,1733215.0,,208,110
441.99649306856503,79.24617031525986,175825.7571274744,22.310429876444434,0.33414211125560417,93.73358352457556,1493897.0,,208,17
1879.2565671801003,980.510184741865,150175.6274509804,21.382166724977196,0.18085088356868845,71.90196078431373,1679249.0,,209,2
1439.1224227355099,1696.1155127559998,113274.64705882354,17.97593703009831,0.06478125181970651,72.64705882352942,1644829.0,,209,162
1417.5295284475249,228.9013830634381,129591.54901960785,18.824412220512055,0.24104883889575407,85.68627450980392,1542432.0,,209,164
907.4596878978168,189.07677226869473,226512.0392156863,25.813912407246775,0.25387304504237423,71.90196078431373,1734133.0,,209,110
243.73421575451877,1777.460808354791,176081.19607843139,26.87357533457776,0.17037645545506788,61.47058823529412,1800738.0,,209,59
474.82106902331856,1325.550298714223,112682.29411764706,17.19692488043328,0.12385814855207412,87.92156862745098,1515676.0,,209,16
821.8361948209044,1631.0734111765253,148139.27450980392,20.322001784808762,0.05627029526487967,75.62745098039215,1647870.0,,209,200
443.769715780474,78.96987234836993,175605.07843137256,22.62564784360802,0.3368962276367167,93.13725490196079,1508893.0,,209,17
1878.9522297945116,980.7967375813014,146791.8093976093,20.672170504330452,0.17423454765842428,70.75037326826288,1687746.0,,210,2
1438.9798270705385,1695.8653126722527,116623.62200901145,18.045088272995642,0.09042821217695633,71.8915083209768,1667923.0,,210,162
1415.5408224668329,222.00630417875368,134009.5752938098,19.19786115653033,0.2396242990698901,85.96550730444845,1535562.0,,210,164
243.17415198842147,1778.3234557643111,168465.38745380472,28.43624625718331,0.20960097616933837,60.48015779383763,1795131.0,,210,59
475.1012352513754,1324.6816753745545,109933.14719494976,17.420914737810577,0.15407541350463755,84.82437225173453,1537051.0,,210,16
827.8851219908153,1625.5434706641463,138240.5236909221,19.19459372693942,0.08795093671044507,73.79340007549999,1651737.0,,210,200
907.4212154590133,188.5114421434726,222050.80725914487,26.524805784129036,0.2102678050626016,71.51112997007216,1730401.0,,210,110
444.78170402829744,78.45264599493544,171091.51958845035,21.747809402494777,0.30394803069978354,92.43193926982731,1510994.0,,210,17
1878.4414411080568,982.5638982871643,139459.13720175726,21.546562144366924,0.19999233148440096,67.82745095454466,1704034.0,,211,2
1439.8151464947757,1696.1736915012843,105911.8274106198,17.97127764721501,0.03267445024791593,67.82745095454466,1693019.0,,211,162
1412.9077832831779,212.2459880423467,129599.82740159283,18.869615771951192,0.2386198418654198,83.67843134066106,1555875.0,,211,164
910.1823626899854,187.95691692692068,221314.7057980149,27.786898834251026,0.26520098154748334,69.30196075790433,1741199.0,,211,110
835.4722519831907,1620.2408390187577,132808.36073370348,18.645856503211135,0.07532747652403445,74.09411761882323,1650999.0,,211,200
444.0358180863731,78.43119342406823,172745.45875770002,22.54859465664776,0.3088997599124088,88.8392156524199,1537670.0,,211,17
472.08856689110263,1325.3486336968933,112344.37642777634,18.19949695924682,0.10320364659991978,81.83529408646149,1566227.0,,211,16
242.59178918242657,1777.7682449741508,167064.54111280607,28.228131379272554,0.24021565774151718,60.45490193774632,1802034.0,,211,59
1878.4128188328036,982.0006552065706,147464.33042476917,21.136464133811604,0.174448253337543,72.65489473134187,1667542.0,,212,2
1439.7295583290816,1697.1610378481626,116304.1296037608,18.125169865260045,0.08030643270283919,73.79607108837865,1636463.0,,212,162
1408.8250995535852,204.41791207898152,135740.26492469228,19.622803328858026,0.23304747032708373,87.87057949183232,1520750.0,,212,164
242.4289084555081,1777.3615225581664,181232.1192216066,27.057132811665763,0.17338458764140557,62.76469963702308,1787754.0,,212,59
474.1227421174711,1324.798573220082,114961.72581576653,17.973970240123915,0.10095376162274454,86.72940313479553,1522712.0,,212,16
842.6472437668327,1618.4286061054408,131635.45356843097,17.57984159516295,0.06742025300175919,83.68626618269744,1551112.0,,212,200
906.8003521007001,188.931565487653,234868.16878657346,25.54342151719396,0.21541340752459995,75.69803168343995,1696757.0,,212,110
443.3131790217484,78.81315820042389,173558.84939689128,21.774539829176163,0.29814638700110485,92.81567703899171,1506338.0,,212,17
1877.7620305014455,980.9666716038286,148957.00392156863,20.924110579094037,0.19213469490567375,74.93725490196078,1659496.0,,213,2
1438.4848818556807,1697.1500547435962,119516.17254901961,18.094947036811405,0.06344372588563903,74.93725490196078,1626689.0,,213,162
1405.6555249399055,196.923171371421,131978.58039215687,17.779018111676038,0.1913544311674873,89.3921568627451,1513841.0,,213,164
907.1610315138344,188.2316191590738,227531.568627451,26.756205226030602,0.2411677303325586,71.13333333333334,1731077.0,,213,110
443.00710762850673,79.18671306778222,167674.58039215687,21.8336367421842,0.3030537094254886,93.19607843137256,1490974.0,,213,17
474.27868726220106,1325.7586150168188,108675.37647058823,17.783330449882573,0.07579044774473165,86.72941176470589,1530766.0,,213,16
846.072388945887,1611.6747687089278,127172.32549019608,17.64539372520193,0.059286171711476515,78.74117647058823,1610741.0,,213,200
243.75985847172288,1777.7970250088895,173305.90588235293,27.402200136972105,0.21620591172033585,63.14509803921569,1785002.0,,213,59
1439.4220684934348,1695.826363680364,106626.96470588235,17.44378112512388,0.05640983192485503,69.67058823529412,1669157.0,,214,162
1402.9261402182262,189.70089986162873,123345.32549019608,18.361519068244117,0.20749511300307216,82.94117647058823,1565665.0,,214,164
1878.7327592357226,982.0526675985403,139506.69019607842,20.383525666832853,0.1571708888277665,68.93333333333334,1704346.0,,214,2
848.5822452211664,1602.4880252286973,133139.38823529411,18.07973856059523,0.06491470892120249,76.67450980392157,1624047.0,,214,200
473.25966674921284,1325.6371528637635,104199.92156862745,17.145526959066377,0.07840828517384073,81.83529411764705,1566585.0,,214,16
443.80302608246654,78.58351167788823,162771.50588235294,21.023938986179214,0.2637199368556832,88.83921568627451,1539217.0,,214,17
244.60645071436034,1777.1046204199115,158806.54901960783,26.48882469251144,0.19431786602895046,57.87450980392157,1827332.0,,214,59
905.9868460319633,188.66104872310223,223575.86666666667,26.74466967730306,0.21739550977401084,70.0392156862745,1739548.0,,214,110
1397.9845442673125,181.76152491960028,129158.98409507483,18.58892393688674,0.23341426634032328,86.93871866207812,1528664.0,,215,164
1877.9816240467508,982.3920989099801,143429.56607717066,21.210854207872426,0.20773633260934934,71.70586624692767,1684254.0,,215,2
1441.3344920007385,1697.0397257396055,116718.57360071149,18.62458884275174,0.05024602680843261,69.84820131825079,1674604.0,,215,162
906.4621160761168,188.62453390759904,223593.00921137843,26.314945936990632,0.25385121852914866,69.84820131825079,1750552.0,,215,110
242.49230449069003,1778.6030405257393,169604.8079881994,26.025143836674673,0.15382277246199863,59.816810703395625,1813026.0,,215,59
472.5013878046665,1326.084035575839,111368.49860612207,17.270957640940416,0.06000716950493723,85.82411970487199,1523660.0,,215,16
850.8429951760636,1594.6511389287914,128544.0970036828,18.075365602863812,0.0680127112120636,77.6503940186937,1616374.0,,215,200
442.6091157076272,79.23693966535645,172974.61216881927,21.176800634387067,0.2859388085092387,94.74091136252102,1491230.0,,215,17
1879.5758976595434,980.6907980811164,152821.7031891631,22.408722965651144,0.21629837760465775,71.89803794862105,1679190.0,,216,2
1440.2277183670528,1696.6280342030311,128912.77812031603,18.473008305563283,0.08364036703504871,77.95686137125766,1620036.0,,216,162
1393.3467552069371,173.85083742234758,138624.2642236795,18.916708488661257,0.24428644220193987,91.69019446256729,1498383.0,,216,164
908.3198253629879,188.78070185918781,236658.04680974732,26.983616171746597,0.26472619843297834,74.7254888791848,1708562.0,,216,110
244.97413778076054,1777.4294165584445,185372.5300664975,27.68359683364296,0.2323475555948577,64.62744984145712,1772927.0,,216,59
474.22663351185923,1325.3754246365722,105585.09617848057,16.80888864758605,0.10195093884443225,88.86274353200355,1502230.0,,216,16
854.6576424123102,1588.9640526763462,135815.39368494516,18.09470117723663,0.04589642382661065,82.80392010936694,1583770.0,,216,200
443.9039089168546,78.5504734261335,177847.06745402134,21.818243733813055,0.3011966104444774,95.32548851614925,1484032.0,,216,17
1878.6686475731713,982.5779333996544,139310.35294117648,20.823687649600693,0.17764752238735076,70.38823529411765,1689888.0,,217,2
1438.5970726010262,1695.7774391800474,114292.98823529412,17.76341261593676,0.059217619598326894,70.7529411764706,1664800.0,,217,162
1388.3103272989636,166.98294907954,133447.3411764706,20.782005181486465,0.28343092814235293,83.88235294117648,1557242.0,,217,164
243.60245539677152,1777.998011142099,162286.45882352942,26.683323117101615,0.2213780456758022,59.44705882352942,1811628.0,,217,59
474.700720342979,1325.5599379039688,100550.1411764706,16.250528167602354,0.08475664433153718,85.70588235294119,1525590.0,,217,16
858.3045601165238,1582.3688988612978,123692.91764705883,17.85184027962589,0.0772450160208783,77.68235294117648,1603561.0,,217,200
908.5838025291073,188.05631176549423,220429.32941176472,26.099928410624553,0.2066384278546812,70.7529411764706,1739522.0,,217,110
441.8178318888078,79.55452923830617,170925.24705882353,22.039011487296012,0.3125278028039922,92.63529411764706,1499662.0,,217,17
1879.821111446919,982.6213642187926,156996.87088707878,21.959036753376495,0.22244829003760577,76.85910139565902,1635289.0,,218,2
1438.9596970216544,1696.0214290276924,116640.35271854383,17.45348671746493,0.058426543614366416,76.85910139565902,1613244.0,,218,162
1386.52518551439,159.20489946534147,145587.21571254768,19.41571562762482,0.23018730320694678,92.15249402030547,1490607.0,,218,164
245.19519511714392,1777.289954234054,181049.06396465094,26.19868021385989,0.198235452599899,65.87922976770774,1768488.0,,218,59
473.3260739463407,1324.5297154739565,115976.85476159763,17.354569883447464,0.12121001062930686,90.97607920302497,1486285.0,,218,16
859.8286767548758,1574.1174633774378,146051.11528882865,18.38783153526986,0.04065742442244064,84.70186684419566,1559630.0,,218,200
908.3510188578729,188.44493004549633,238491.04666282298,26.544807406446214,0.20142231481358727,74.89841003352487,1701986.0,,218,110
443.71546904302835,79.53086254375523,178569.5736680961,22.352454768180756,0.3419500243404928,95.68173847214695,1481127.0,,218,17
1878.2330110900996,980.1897423692509,145528.84705882354,21.632073311421987,0.17624111623585792,69.6470588235294,1702037.0,,219,2
1438.3049690252406,1696.5151195330066,109508.51764705882,17.58309975416998,0.05830387611306904,72.65882352941176,1654847.0,,219,162
1382.0903851352668,152.17232845329966,135081.03529411764,18.980616295153013,0.23824734713566698,87.71764705882353,1530160.0,,219,164
246.4941281641312,1778.0231181994668,169294.68235294116,26.751647024783168,0.22041022208462427,60.98823529411764,1800809.0,,219,59
444.62368523214604,78.87402293422812,165826.63529411764,21.456793904991695,0.27354466893062934,88.47058823529412,1549711.0,,219,17
862.9231680430789,1573.0601449901474,135071.24705882353,18.951638916201613,0.06304376332677862,78.30588235294118,1618872.0,,219,200
909.1324904950909,188.66793064549822,225270.58823529413,26.246916820336,0.22029427277673652,72.65882352941176,1720512.0,,219,110
473.93324268776917,1324.0939929254516,107706.72941176471,17.929919103255045,0.11891378719378845,82.82352941176471,1558831.0,,219,16
1877.6607180828444,981.564512099175,143103.07197408058,20.290018219583366,0.1751565989597274,72.65003494473875,1676391.0,,220,2
1437.2743227629933,1696.131281013174,119503.98235064378,18.42038262846226,0.10421380403566692,74.93223499535881,1637859.0,,220,162
1377.5150455477237,145.83138846562818,138792.75681180946,20.20111798059823,0.2684982174036717,87.86470194887251,1528371.0,,220,164
911.4677322054348,188.0616243365801,224463.5037786859,28.167005666691363,0.2699129153416566,71.50893491942871,1730079.0,,220,110
863.1007170318723,1574.9012669187698,132671.51590937134,17.865466211535402,0.07401233260391925,78.73590174639224,1607363.0,,220,200
473.6053603081311,1325.037410206176,114160.2109321169,17.368370182861067,0.133447442431745,86.72360192356248,1532466.0,,220,16
443.22786339762376,79.27982512548067,176268.76384304155,22.121602437423938,0.31055965252441803,92.80946872521598,1510141.0,,220,17
243.75233484500973,1777.9043017618849,175126.90308438134,26.764078480829404,0.1894915251047644,62.38013471694845,1790170.0,,220,59
1372.2898578143875,138.93326153711814,132036.74509803922,20.049035111102903,0.2604351310942049,87.23921568627452,1529700.0,,221,164
1437.412499428549,1696.2330605607403,117691.46666666667,17.752212918015864,0.1133406137631856,73.78823529411765,1643706.0,,221,162
1878.3759803882929,981.8100654511823,146265.57647058825,21.48773104020085,0.1814004782694247,70.71372549019608,1682293.0,,221,2
910.1979763129309,187.71195588626546,226787.7568627451,26.47550602200359,0.2445741392225388,71.48235294117647,1734749.0,,221,110
444.46436806802757,79.00859961575709,171831.66274509806,22.027640430161142,0.3234006971876645,90.69803921568628,1528654.0,,221,17
474.0406397473591,1325.4991122558704,107578.25098039216,17.785069356996228,0.10970135506658579,84.93333333333334,1535137.0,,221,16
862.2415142216782,1575.6103053371116,137520.51764705882,18.351403252955414,0.07629630477308887,79.93725490196078,1598800.0,,221,200
244.04536481373148,1776.9948905701222,175405.01176470588,26.582492116456578,0.20382238503432576,62.258823529411764,1793108.0,,221,59
1877.3466292928942,981.262348946929,144098.81568627452,20.38835534100398,0.21119782428539452,72.63529411764706,1672573.0,,222,2
1440.2139232237967,1695.4292878856397,122377.78823529412,18.713433257636378,0.05615977076561711,73.78823529411765,1650810.0,,222,162
1365.845628632401,131.7903111378496,135426.00784313725,19.52563632547785,0.25910233647049596,89.92941176470589,1514301.0,,222,164
910.1683379728405,188.36265661544672,224620.99607843137,26.072866454999847,0.20778247941487812,73.78823529411765,1705988.0,,222,110
861.194966053502,1575.0469535194104,132457.568627451,17.742638760846038,0.0711980939726581,79.93725490196078,1593148.0,,222,200
474.86839044798745,1325.257419083961,103433.0431372549,17.492964435844282,0.08254604081894618,84.54901960784314,1541804.0,,222,16
443.12477789534626,79.40108163025371,173249.01176470588,21.920219923408414,0.2873420698689725,91.85098039215687,1516550.0,,222,17
244.23503221610872,1777.5446331269934,173152.93333333335,27.244136703168905,0.22012659848573968,61.490196078431374,1796572.0,,222,59
1438.5672763600767,1696.275089509608,109958.61960784314,17.637350427451018,0.09163712319209968,71.88235294117646,1658788.0,,223,162
1361.9947569577575,125.92250765307675,121140.56470588235,18.468189581029122,0.2439336785534428,85.89019607843137,1534576.0,,223,164
1879.5947792081824,982.0433603362492,143658.1725490196,21.395501372438364,0.21446967633687672,72.61960784313725,1671190.0,,223,2
243.52795598037076,1776.9607966061849,174048.55686274508,26.209210715312402,0.19703736447921302,60.8235294117647,1810343.0,,223,59
443.94054263113657,79.14364362742239,170607.7882352941,20.781361715218857,0.2571599005046225,92.89411764705882,1514093.0,,223,17
859.3070862996304,1574.5425791448504,129191.01960784313,17.931836325325396,0.06206952522154108,75.93725490196078,1627889.0,,223,200
909.5491346147205,188.60435558839984,213495.74901960784,25.992927705071057,0.20013869070284054,69.67058823529412,1745950.0,,223,110
473.34428897311085,1325.992484687371,102612.98039215685,17.37672490713353,0.09829137938474154,83.67843137254901,1544795.0,,223,16
1355.8186677196888,119.7845802732468,129065.22750595893,18.298135549825826,0.21702650295989742,93.90531269283797,1472723.0,,224,164
1878.2961933922531,982.0755759382813,150069.91969252232,20.297365825619487,0.2129562145577252,77.85312248893403,1633284.0,,224,2
1439.8440884989063,1695.9848294079088,123666.87594038603,17.894430033646263,0.054117070832235756,77.85312248893403,1609141.0,,224,162
909.0990615133747,188.60695278076537,231336.1391235614,25.659612523973884,0.18582321165736315,75.84659871344604,1696701.0,,224,110
859.1845265798479,1574.1061174190868,137098.14478874754,18.292446466018465,0.06864528427262744,83.87269381539801,1569955.0,,224,200
473.62224427205484,1326.197402128811,111221.61287529932,17.857351957745884,0.11666850219684248,90.69487465205718,1484263.0,,224,16
443.6066483858096,79.58727949296141,172983.21729432986,20.216260526274684,0.2725160968699509,98.72096975400915,1454869.0,,224,17
244.87404804794093,1778.322557919706,180006.05050853782,27.247804283804914,0.21979611790049428,63.40615130542051,1783185.0,,224,59
1351.293916723343,114.27796569183103,119356.47058823529,18.19844122595353,0.16888381529043606,87.67058823529412,1524840.0,,225,164
1437.9221867973724,1695.555914880286,110558.38431372549,17.724068363182674,0.06274357835517996,71.79607843137255,1656925.0,,225,162
1878.1528058677784,981.7919224940127,139498.69803921567,20.8957257011761,0.19868279793396404,72.87843137254902,1671286.0,,225,2
910.8271880642402,188.3095239655664,220198.93333333332,27.867782125551024,0.27998444268029676,70.71372549019608,1732316.0,,225,110
859.775747300198,1573.9363935265999,129591.2,18.51698553234574,0.06329658762199782,75.76470588235294,1627597.0,,225,200
474.22996746972876,1326.7525753131385,103809.19215686274,16.332163563964976,0.08705350147685471,85.86666666666666,1528309.0,,225,16
444.9520108780007,78.48478806917674,165036.09411764707,21.169697119639203,0.27688129029745295,91.63921568627451,1514007.0,,225,17
243.59110666079943,1778.4333201620072,160697.66274509803,25.869931772497928,0.17394912015901062,60.61176470588235,1800944.0,,225,59
1345.1116002819115,108.53325654248697,121256.28235294118,18.597488777813613,0.21208493964691824,86.96470588235294,1517359.0,,226,164
1438.7650954608848,1695.1053745268177,109595.85882352942,17.883053122216516,0.07576494037382002,71.90588235294118,1658349.0,,226,162
1879.4133882962042,981.6888272284149,141648.56470588237,20.741856512028793,0.16489152756128367,70.7764705882353,1683264.0,,226,2
908.6900965351533,189.48043080233288,221861.2705882353,26.5198544466758,0.1556198522666631,72.65882352941176,1708595.0,,226,110
243.695186712363,1777.6463197493842,168725.0823529412,26.14026885469882,0.22734715997305777,63.62352941176471,1788088.0,,226,59
473.55419439543186,1326.23001444906,108388.89411764705,17.495704747779563,0.07609860637464547,85.45882352941176,1529307.0,,226,16
858.6728214583608,1574.8112501280418,128634.35294117648,17.673212530191133,0.029797116841615207,81.69411764705882,1576630.0,,226,200
444.5872643363239,79.14815455270221,167636.70588235295,20.786796159956832,0.2755497135607885,94.87058823529412,1491766.0,,226,17
1878.661653014105,982.8785230550885,146423.71761974067,20.975723746436596,0.18963420928027264,74.91764704484619,1653329.0,,227,2
1440.0538278810914,1696.027901452423,110938.35292047878,17.19598421778778,0.06942789462463789,77.92941175016665,1601149.0,,227,162
1340.1957822133602,103.06481632362832,127067.48232923429,19.093714993942886,0.24879066786910362,87.71764704245811,1526203.0,,227,164
910.0976034745908,188.26540542808004,233341.74113293618,26.212706895102848,0.21335199428464827,74.54117645668114,1709552.0,,227,110
858.1924199176303,1573.6267825344096,130442.16468154585,17.1731180167671,0.08688003194841697,84.70588233713767,1554470.0,,227,200
474.1034769973655,1326.3533760925243,102601.03527497544,16.730839808045612,0.12137446137742762,86.964705866128,1512382.0,,227,16
445.4481253438715,79.26220073191836,164904.2823221751,20.412652577400575,0.2656664188527722,95.24705880575924,1485852.0,,227,17
245.23700934579438,1778.0123298515668,171199.99996805933,26.674772082258958,0.18953415363332993,61.364705870904174,1791069.0,,227,59
1335.3073066226343,97.40825968657063,128846.36470588236,20.585075061375637,0.2456734902462584,87.74117647058824,1524447.0,,228,164
1440.10674574788,1695.9329001923784,111801.6705882353,17.958551066783972,0.09925739877597932,73.76470588235294,1641689.0,,228,162
1878.6014304061778,982.3368297007497,142982.01176470588,19.776795395496013,0.1795396572952601,75.31764705882352,1646084.0,,228,2
243.72553015733982,1777.7502986572888,179066.15294117646,27.32807054809275,0.21581008260150333,64.05882352941177,1777130.0,,228,59
474.39712723986247,1326.5049974820827,116412.74117647059,17.21669478271085,0.11724479979860802,88.90588235294118,1503796.0,,228,16
857.9936612966229,1573.7028651412743,131194.02352941176,17.036978808306678,0.031212839212287236,82.69411764705883,1563310.0,,228,200
909.091961869136,188.99098436470746,227498.89411764705,26.267538483722895,0.19638973901932075,74.54117647058824,1690073.0,,228,110
444.5098441586649,79.16604975700699,171595.3411764706,21.48668582447013,0.28341218085191744,94.72941176470589,1484811.0,,228,17
1878.9159828966654,981.1772496578121,153782.64705882352,21.79320439142056,0.2385819748132523,74.88235294117648,1659770.0,,229,2
1438.5882293827801,1696.4056697354772,114923.92156862745,17.856747202196527,0.0759281257340097,73.3921568627451,1649429.0,,229,162
1329.590531853054,91.25329926158699,129461.52941176471,19.761448987902938,0.22857648364224126,87.92156862745098,1524210.0,,229,164
909.6548764870421,189.59760388231726,221092.9411764706,27.728980726359296,0.2869824110567595,73.76470588235294,1702915.0,,229,110
858.8649812035469,1572.9309897552157,129822.1568627451,18.535359421525293,0.07040097657550949,80.84313725490196,1597389.0,,229,200
474.5012836057468,1325.7133190183633,109999.56862745098,17.694060776589758,0.11957780251044123,87.92156862745098,1515116.0,,229,16
444.54644573322287,79.41097155481911,168625.0,21.712692007222344,0.31289502437093175,92.76470588235294,1504732.0,,229,17
243.37301399968374,1778.0315903814908,162568.0980392157,27.053738144833833,0.22693650772325435,62.96078431372549,1771322.0,,229,59
1325.89959980298,86.26878771087304,121018.82350659571,20.29275432194194,0.293388747100738,84.941176454574,1539575.0,,230,164
1438.7622410872946,1696.5804087072413,107341.80390133114,18.064902799496718,0.04786533541922128,69.66666665353219,1675864.0,,230,162
1878.895604713709,981.9168995626293,141567.88232625092,20.48458221483564,0.20661748145875633,71.90196077075782,1677710.0,,230,2
909.6473870233463,189.15446027571053,212602.92152854474,26.346831715769724,0.23937749158341912,72.27450979029543,1721371.0,,230,110
245.5169467719945,1778.1801055562025,163128.41173395078,26.587471183269773,0.21520843210544402,61.84313724324248,1786181.0,,230,59
474.5350192117311,1325.1866249938364,98219.1960599138,16.85287944294201,0.0817569683103727,82.70588233734837,1552339.0,,230,16
443.07767705048747,79.80087256714145,164463.9999689931,21.915229308667538,0.30722572804319376,88.29411763041246,1540040.0,,230,17
857.7582428065856,1573.8598430527773,121059.80389874484,17.829394688870792,0.054256895978828504,76.7450980247467,1625970.0,,230,200
1878.8712844718252,981.7591781278512,133278.49324447842,20.575448706183657,0.1952809753269243,71.52941129608385,1676904.0,,231,2
1438.4010658520028,1695.8170638153429,110908.23456750686,18.040900484508008,0.07248298929005012,70.77647012454612,1671230.0,,231,162
1318.1905048639042,80.78750233841549,128795.10503855706,19.021673672698604,0.24241502447155489,88.84705824145152,1511492.0,,231,164
244.58796349697877,1777.7131975191433,169717.4577116324,26.463247159385343,0.22226343636903562,63.62352899493774,1780044.0,,231,59
473.9082781195624,1326.2292332958768,100173.92875547928,17.90167916472216,0.08351281993652197,84.70588179799404,1540431.0,,231,16
858.0000777283426,1573.8154542599796,121085.36391259651,17.041385597997007,0.05335733810467796,79.81176418299883,1584790.0,,231,200
910.3597713611904,188.5801043597597,226041.59851909766,27.066499285794308,0.19704636312649793,72.28235246762158,1709823.0,,231,110
444.43110423555135,79.46077832516676,170105.22241497433,21.21311746791033,0.2799269252542652,94.1176464422156,1491092.0,,231,17
1879.3299191988165,982.3690818198725,140047.26048243712,20.94087444453179,0.20535177903869764,72.69285754791792,1668250.0,,232,2
1439.4307791207834,1695.5018522823023,107031.87500435041,16.918933653678334,0.05284733171867663,75.41398055773303,1622223.0,,232,162
1310.4617678135512,76.85269434897194,128031.17000295216,19.76530751575567,0.23496406867470102,86.68720445553848,1522461.0,,232,164
244.3003143801193,1778.943262996776,164825.80660981353,25.888613318776134,0.1823644966759079,62.197097367202495,1780233.0,,232,59
443.13080030189525,80.46847104973817,166877.92209107266,21.03275974170232,0.30228070819897795,94.4618416264388,1491054.0,,232,17
856.8021991644663,1573.1116875550101,125431.3313330031,17.501091844544288,0.06763370170235417,81.63369029445327,1579444.0,,232,200
908.5441354250069,189.6696428728543,220910.4842332542,24.76179148262005,0.18972792624226043,75.80271241627804,1687969.0,,232,110
475.11650835414434,1325.9910178083007,104603.07835216116,17.26335525651974,0.08690221018131426,86.68720445553848,1522524.0,,232,16
1879.969083863459,981.8646890002777,140757.26504789054,20.375665845793957,0.17656737235552467,71.85767191081423,1674355.0,,233,2
1439.1709713870616,1696.1247359995696,110708.47164423206,17.58945168040844,0.08443206650553471,72.97463054155227,1648337.0,,233,162
1304.9116047066848,72.1337170304684,130996.90821295792,19.700885996562896,0.24710900814229678,89.72901000262296,1501262.0,,233,164
857.7909342035318,1572.4188844129387,121168.78922109386,17.506178025337114,0.06877081776394525,78.93174323882185,1590180.0,,233,200
475.9157015339284,1325.6742213363377,107404.88033405252,17.329414062004112,0.12313169602765918,88.98437091546425,1494519.0,,233,16
443.96498282280425,79.45053961801452,168524.85660803833,20.72776441962719,0.2774210500080485,94.94148361273383,1487518.0,,233,17
244.04217749439002,1778.8304622078704,163263.60913771857,25.691607393400737,0.20484222522700282,63.66664195206857,1777827.0,,233,59
909.6834543051853,189.7381357280932,208208.90747998675,27.34336459135437,0.27512625919175737,68.87911556217945,1745125.0,,233,110
1297.9916769776935,71.51744394463267,138363.0900544304,19.36407405879844,0.23128332194732915,92.79992625966399,1486946.0,,234,164
1438.341757339283,1695.6181528516495,113485.10982287952,17.460240025329337,0.06314882424172776,74.7999405627464,1636368.0,,234,162
1879.645291208852,981.2262925060703,144308.68532996334,20.36194973026736,0.20848852640998197,75.59993992705385,1644931.0,,234,2
910.381233309509,188.80600238017223,235613.01277805457,25.969240448929973,0.23395148150628148,77.59993833782248,1681415.0,,234,110
244.1697033699749,1777.6727789321137,174992.26094829338,27.102525064879437,0.22632383902666633,65.59994787321075,1764376.0,,234,59
472.95013688695497,1326.8157628501497,110309.91234594326,18.41632449942636,0.06626459942336986,87.59993039166558,1504622.0,,234,16
858.2548446475039,1572.6053920686884,133425.4939779248,17.47394207536056,0.05182608577585853,86.79993102735813,1536933.0,,234,200
444.575104527648,79.9918355431671,169907.0649890731,20.949019454719313,0.23920625515116906,97.9999221276624,1458963.0,,234,17
1879.8902454768447,981.0427957538856,144732.8192563274,21.488567009482704,0.22647329080663714,72.83411139584435,1671094.0,,235,2
1439.0708912825705,1697.1083811499348,107726.98938041997,18.22406350950105,0.07570494793328102,72.83411139584435,1651010.0,,235,162
1288.8102011051296,71.09047655749757,128636.48063784579,19.96871656634906,0.26338340762828877,87.7059980159382,1522615.0,,235,164
911.8814854815157,189.11102564414216,219616.20036233542,28.151600183168643,0.3014189063790291,71.30878969121933,1718934.0,,235,110
244.1654242459445,1778.8710856075734,173975.5243165458,27.026916293225867,0.19462150769196251,61.394198611156746,1791166.0,,235,59
474.6652642676692,1326.3017544906606,115019.171119806,18.62335179896441,0.1730433062281972,86.9433371636257,1525332.0,,235,16
859.422776587034,1571.9856077208362,126674.91692569802,17.924567200754414,0.050124190869376625,79.6980590666569,1601952.0,,235,200
445.4547287638586,78.94700440851824,171526.62031977036,22.454057980786907,0.34758967913693745,90.75664142518823,1525989.0,,235,17
1439.3382062359758,1695.343671924713,117094.1176260865,18.217217174257566,0.07197556637867011,76.8627450842726,1616944.0,,236,162
1281.2121647402087,71.8880709235776,139780.39213182716,19.0953977737401,0.2113490735771566,94.5098039046413,1467936.0,,236,164
1881.1289025639917,981.0577607860421,145040.39213088507,20.568356661056182,0.18815394361835375,75.68627449624802,1648090.0,,236,2
909.4221733109533,189.57210304606406,229663.1372137678,25.88869096765184,0.23342681966419798,74.50980390822343,1707537.0,,236,110
444.3541339172944,79.36889498696083,172632.15683182556,21.12576339931072,0.2857768420868,95.68627449266589,1485384.0,,236,17
474.85047595870674,1326.4290752751883,111189.41174479114,17.371135624248407,0.10774978518730165,88.6274509645184,1507511.0,,236,16
859.2507712018491,1572.0043864385214,134371.3725249528,18.34354975913347,0.05878586264264391,83.92156861242007,1551578.0,,236,200
245.83988022241817,1777.9943488737417,173000.39212587726,26.34768883199192,0.22069854351684454,63.92156861600221,1776850.0,,236,59
1878.9502853072977,982.3542937431929,141505.47740278783,20.373893551637046,0.19030320595538286,71.76469939421784,1679293.0,,237,2
1440.048077832295,1696.5751618879515,111975.28399413542,17.723089020887315,0.0545134498070928,71.76469939421784,1662956.0,,237,162
1275.7676299360662,72.58231214742383,130343.12547078227,20.027507822368417,0.2726847484601059,88.62744296772259,1517043.0,,237,164
910.304232567784,189.2727466107997,219381.9409503329,26.15462992500809,0.19099592477655503,71.76469939421784,1717780.0,,237,110
858.4551286039596,1572.2918289511342,126059.59644628478,17.760199215012705,0.08615327044600242,79.60783594003401,1600699.0,,237,200
475.2781738135899,1326.2694941012423,100120.77526196158,16.697541813445095,0.11480888092232547,82.74509055836046,1555651.0,,237,16
445.2547092007535,79.3008837681414,160719.98546955554,21.23521978199259,0.2912939451350245,91.37254075875823,1509885.0,,237,17
244.06013304060338,1777.545644548686,167367.43584896202,26.244478378720164,0.19842468567606333,61.96077871194765,1789249.0,,237,59
1439.534022504734,1696.7380897704727,99997.95697203129,17.101273471294775,0.06977930473965044,69.64353841512835,1671173.0,,238,162
1879.2491136729886,982.7216340922552,136657.56269063684,21.46690345040199,0.21620412387730942,69.64353841512835,1692753.0,,238,2
1265.7142037535614,74.47690266824138,134511.41235277388,19.800842296427025,0.27036915347474666,90.7248257191672,1512977.0,,238,164
244.61584054538312,1777.021866647288,165770.8204575145,26.1483985560296,0.21411367201258077,59.85579788111031,1811973.0,,238,59
474.15828792101723,1325.359929004257,108594.22832181213,17.88764413557568,0.14463283826999096,82.81934298015263,1555699.0,,238,16
860.209111904262,1571.2157593459387,121926.6367353807,17.7480018021404,0.07710652933074807,79.43127894914639,1596298.0,,238,200
444.5413226623708,79.11307536328258,160774.1789148983,21.91704239808335,0.30769318867641676,88.08966480616235,1541433.0,,238,17
908.5525247493091,189.63292087289912,223671.7053927342,26.043175591833624,0.1931628917583728,72.6551508871339,1715994.0,,238,110
1880.2715985265456,981.8179304178357,139163.45098039217,21.038634159046037,0.14301975168257425,71.52941176470588,1675874.0,,239,2
1440.410893202588,1696.7764558735241,111697.64705882354,18.074074249118382,0.06010656021011084,71.90196078431373,1655279.0,,239,162
1257.922089721749,76.50692372681819,134492.05882352943,18.58893776846888,0.18496260297880723,90.15686274509804,1510565.0,,239,164
911.0607835848375,189.756188826271,212465.45098039217,24.926791435762897,0.2339535601516856,73.01960784313725,1714117.0,,239,110
243.79834587135167,1778.57242215024,175854.68627450982,26.863287644007254,0.20634476172507252,61.84313725490196,1796579.0,,239,59
475.1802159124618,1326.4149932173223,111775.50980392157,17.968655643927676,0.1369805440840066,86.80392156862746,1524679.0,,239,16
858.9685850556439,1570.7324490877431,123025.0,18.03164461257833,0.047648649895076736,77.86274509803921,1608911.0,,239,200
445.4806538026592,80.06802563284717,167025.27450980392,21.357076848299695,0.30167864703384745,93.88235294117648,1493083.0,,239,17
1439.1869148736055,1696.5136017016598,109412.73928647589,18.204988385242565,0.09361498315176842,71.63938781798367,1661471.0,,240,162
1879.2814473405383,982.0700995973723,149421.5562930674,21.713052373092168,0.20577241803403823,73.22257870898885,1659574.0,,240,2
1251.7353859432433,78.48457268709356,132986.05585582004,19.42887673565035,0.17625565413483146,88.65868989628919,1520445.0,,240,164
243.6515182365142,1778.1901604938548,176895.06362240275,27.584861699157763,0.1751364596365856,61.744444749201406,1802945.0,,240,59
475.3659339496421,1326.4522839454846,104722.53627187309,17.030818368814987,0.13941437006948668,86.67970128253275,1525888.0,,240,16
858.9864105468504,1570.873390598452,125792.43224481533,17.376844624152533,0.07455865531237547,79.9511399957608,1587898.0,,240,200
909.5662683467511,189.6961790748382,217646.3971568757,26.267690596413885,0.22042786582436433,71.63938781798367,1713031.0,,240,110
443.9590228777913,80.6193258631892,173610.73411901254,22.462470819661192,0.3143519675125422,92.6166671238021,1502276.0,,240,17
1879.5510384527067,982.518012251868,147094.97556271587,20.885799153240814,0.18704890643513958,76.87058776084771,1642642.0,,241,2
1438.425999669075,1696.6618094240068,105586.411113025,17.12644831070874,0.06485647452434432,73.7647054270761,1642007.0,,241,162
1243.912402600198,80.19634365089615,135274.76387096453,20.196090174749344,0.24317998150411624,88.90588180421275,1519352.0,,241,164
911.6057734358405,188.8838012141637,217497.56336348417,27.7516112281408,0.2750109668750545,74.92941130224045,1678937.0,,241,110
243.24817879295762,1778.1796850675375,175815.84597368553,26.30962513205006,0.16565555077923932,63.670587842318305,1778716.0,,241,59
475.67970731411873,1325.2424651933952,102561.66995522316,16.676152637503446,0.12071901623015897,86.1882347621626,1520176.0,,241,16
859.0468234138041,1571.2584470289346,129587.50508253694,18.145214661421942,0.048662682010784525,80.75294067806225,1585033.0,,241,200
445.1151590714079,79.61388384539899,163791.03428319696,20.99474611820013,0.2836975932928939,92.78823472142729,1497916.0,,241,17
1439.870406209717,1696.4134472059402,110608.18039215686,18.280551811442912,0.0560211872050933,72.63529411764706,1657501.0,,242,162
1235.8925174086548,83.90820044753647,119707.19215686274,20.232504244398466,0.25650229398546487,85.70196078431373,1539369.0,,242,164
1879.0243684334305,981.5934811500829,140535.07450980393,20.985101440502554,0.20010027350408735,70.71372549019608,1688363.0,,242,2
910.5498251972627,189.47707714079877,224582.56470588237,25.8602795707845,0.20602342255466213,74.17254901960784,1692853.0,,242,110
443.64535402318256,80.32241580300538,168462.76862745098,21.50712062108939,0.3058444591874473,94.92549019607844,1483434.0,,242,17
475.3073024414187,1326.416073733389,105703.56862745098,16.388983334726735,0.09813545593377374,88.7764705882353,1502507.0,,242,16
858.5123337196109,1571.6485629270178,127349.2705882353,17.84716401473418,0.03846932831184699,81.85882352941177,1578356.0,,242,200
246.14166062902086,1777.9992558419679,176106.3843137255,26.082108332258112,0.222676412347138,63.79607843137255,1776522.0,,242,59
1878.7772876094075,981.8462883007448,146311.0611288924,20.926420627676595,0.23298357683329185,72.90456328507481,1674846.0,,243,2
1438.9532117172425,1696.7551797930187,108803.3809655004,18.03486527673283,0.11135981364510475,72.14116471664471,1656808.0,,243,162
1229.1242904147782,87.30258083564408,125402.33773816033,19.40615421565347,0.19818173935171482,84.73724109574141,1543787.0,,243,164
910.8037604626184,189.19226728907563,226007.19977800566,27.299345927495562,0.2728848256982888,76.72155612722533,1686385.0,,243,110
243.9729658747449,1778.8233180632217,177308.47830071254,27.583345266628324,0.22935880059919572,62.980381895483475,1782633.0,,243,59
473.44073239262667,1326.1091384403207,111258.85246085582,18.568818143943876,0.10072252856152883,88.93593322210697,1508814.0,,243,16
859.606879457244,1571.6241390020646,125349.28153765445,17.26840051950878,0.05780354643930986,82.82874467466615,1574920.0,,243,200
446.0834996346057,80.54218430865515,162961.1656056372,20.155996772084745,0.3016732250955434,97.3333174748381,1471846.0,,243,17
1440.2708937015161,1696.3283894526057,114193.05882352941,17.55532154707797,0.07083598550771834,75.70980392156864,1626914.0,,244,162
1221.8658496128592,90.3282935134357,122796.69019607843,18.857936509412443,0.19723631614259224,88.7764705882353,1501883.0,,244,164
1880.855683520305,981.9811823733359,146760.18823529413,20.770468497467515,0.19583229791223572,74.94117647058823,1651848.0,,244,2
909.6431890149737,189.74460941815389,231686.21960784314,26.032492446169513,0.24999204382498041,74.55686274509804,1715560.0,,244,110
244.62598983382125,1777.5421306206415,179716.2431372549,26.84070045417548,0.22197441178079247,63.79607843137255,1776364.0,,244,59
475.2110679843946,1325.9485913293145,115648.4549019608,17.718254570309977,0.08030985656342456,91.46666666666667,1487296.0,,244,16
858.9108908284682,1571.5935580489288,131390.7137254902,17.491214364342877,0.05358171885699031,83.78039215686275,1570595.0,,244,200
446.2072529751964,79.03286119851636,174899.63921568627,21.54823863419765,0.334893648304369,95.69411764705883,1479141.0,,244,17
1439.6972038238764,1696.503130698273,111144.78429277102,17.459409665515118,0.04894412117074995,72.64705880983303,1654798.0,,245,162
1212.8505370000973,88.29675488955921,122517.96076121503,19.541441354419895,0.21286404047682572,85.68627449364922,1538380.0,,245,164
1879.6469840789214,981.2221327053938,137801.0391897062,20.154931460296687,0.19328055234638272,72.64705880983303,1671839.0,,245,2
909.8318538791052,189.27909838852247,219163.13721358243,26.326949949997648,0.16052546343322874,73.01960782937064,1701342.0,,245,110
858.3851659732023,1572.0026577707717,121950.9411534788,17.908432018525442,0.07448039310436687,77.86274508335951,1612861.0,,245,200
475.5929801135672,1325.8376155753297,107138.76468568314,16.524243880324526,0.12732231936287078,89.78431370856288,1499696.0,,245,16
444.8286772361139,79.95464985661839,163173.4901653148,21.012361177904936,0.3178639146597074,93.50980390393893,1495755.0,,245,17
244.65563121861328,1777.998164069394,162539.78428308136,27.089334747174867,0.20707281164034996,61.09803920416727,1798623.0,,245,59
1203.624923158822,93.40425113915066,121284.03135038292,18.99648699522803,0.25294780691325774,86.85490194491055,1521994.0,,246,164
1439.4595829367483,1696.2780583196331,111037.84311696142,17.760905683600125,0.06911372446201541,72.63529410437211,1658752.0,,246,162
1880.6201483423192,981.339435280992,141919.7568368076,21.493162356092427,0.1962137326766382,69.17647057559248,1709105.0,,246,2
244.56844197327416,1779.2267197809683,177706.28232046324,27.105021012812852,0.25255037128965846,64.94901959597294,1765148.0,,246,59
475.31502863152974,1325.372599431265,98657.17645255747,16.74046700536258,0.08402237119654105,81.8588235144511,1556186.0,,246,16
859.2103386700633,1572.221394050572,126118.698016166,17.562079365603076,0.07461464085552148,79.9372548873513,1589825.0,,246,200
911.0181580209979,189.44676598837208,217872.06270527936,25.437275271904344,0.19825123246350537,72.63529410437211,1718983.0,,246,110
445.2811692337037,80.04577273377521,161188.86271563888,20.634529002005703,0.29591237182581276,92.23529410078997,1511159.0,,246,17
1195.114412596883,90.83426768686296,122746.08235294117,19.53167350245724,0.23302114994014222,87.87058823529412,1513409.0,,247,164
1440.857198134602,1696.7756845512479,113053.30980392157,17.510691096094277,0.07958838045707534,74.93725490196078,1636087.0,,247,162
1879.759724285184,981.7131683995544,147513.03529411764,20.436547368220975,0.18995437031686724,74.93725490196078,1655054.0,,247,2
911.5413419976311,189.0767737227026,222560.9843137255,27.769383112514173,0.28192250842905764,76.45882352941176,1688313.0,,247,110
245.09842053011306,1777.3636032967315,177784.6431372549,26.34982093403714,0.1591162188628184,60.86274509803921,1807175.0,,247,59
474.5900429530024,1326.5863282770633,115305.23137254902,17.661906478809556,0.13584219571865716,88.6313725490196,1510906.0,,247,16
859.3936399344947,1571.5392764750559,128219.54509803922,17.590942016858843,0.05682537970075745,83.68627450980392,1561247.0,,247,200
445.46636944275,79.37594639204852,169618.3843137255,21.733687656714856,0.31020249651229104,93.5764705882353,1501077.0,,247,17
1439.7374215055431,1697.2560135035133,117392.17951768781,17.973312950979466,0.044817368384616516,77.35743281652425,1613036.0,,248,162
1186.2312694743518,90.01015200211867,126523.2523228169,18.62876461929844,0.18496504684443382,92.66344893530179,1475212.0,,248,164
1880.0839815626905,981.974155525865,151404.21571416807,22.675650595578485,0.2012589907141533,76.11640448256932,1639350.0,,248,2
859.6738277272812,1572.4888897116446,134078.21914382323,16.919843430455447,0.048239378728491794,89.7677161560736,1502336.0,,248,200
475.3923107668297,1326.858693211016,108674.78282387703,16.362397280503878,0.07826398465967538,91.83609671266517,1481610.0,,248,16
444.45589636740647,80.10932798395186,165386.468276727,20.7062317824266,0.27374853468654564,96.8002100484849,1478701.0,,248,17
244.80080709566025,1779.038837853634,185440.2451251048,26.854071183430115,0.2089538060024401,67.01553003356646,1747740.0,,248,59
910.9307278412499,189.38367920610753,233107.3160800912,25.454698459742204,0.189288441043163,78.5984611504792,1666518.0,,248,110
1438.613843263144,1697.201291002503,115383.05747467949,16.927175266189177,0.04298013186791061,77.5999041457953,1608136.0,,249,162
1180.5885231572165,91.05918983239012,125386.24511838077,19.102666547627237,0.23279474863726352,90.79988784069863,1497252.0,,249,164
1879.8714900155214,982.19671591402,153077.4109132525,20.777205188167926,0.2003994396001457,76.79990513398297,1644341.0,,249,2
910.3797458719326,189.090790668708,231221.7143865861,26.3843535743423,0.23464871709208784,75.59990661626449,1711658.0,,249,110
245.04737370298022,1779.7721815021237,178562.97943255768,26.05956615781511,0.18933342495424896,65.1999194627043,1766492.0,,249,59
474.1784332125762,1326.2190614406472,109972.66415779275,17.32222241026802,0.11189164394303172,92.79988537022943,1460884.0,,249,16
860.0742965061379,1573.1980956877558,127079.84302638746,18.272700922216192,0.07434899326014299,82.7998977225754,1572008.0,,249,200
444.86646506554695,80.40609721940746,175660.18301819667,20.840457574721825,0.276032426010648,101.99987400607114,1435181.0,,249,17
1880.6548311433098,982.1098396415679,146146.9022783398,20.739444850146413,0.22355429014140718,74.79964289813735,1648316.0,,250,2
1439.1993429531194,1697.6339410840922,113598.65766730059,17.645522287309866,0.06478811790658483,74.79964289813735,1636636.0,,250,162
1175.1438392801472,89.96632745816774,121891.01807864437,19.423815289881933,0.22739933848390506,89.99957033198343,1494599.0,,250,164
911.5552380619438,189.3515445461119,217396.162126403,27.752261809453948,0.2945346007047522,76.39963525959483,1672157.0,,250,110
245.70723415590598,1778.69924278484,183196.72539833965,26.90512107360307,0.2267030438695734,66.39968300048555,1760150.0,,250,59
474.8043696968547,1327.215998177711,105361.4969924271,17.107372480909646,0.1127756935679719,87.99957988016159,1503837.0,,250,16
859.7898267809928,1572.7168388148953,129500.18175164578,17.74955377386196,0.055855423348698356,82.39960661506039,1573264.0,,250,200
445.5957954093451,79.82776152928238,170955.18384082845,20.628956252675014,0.27931836634443097,96.79953786817774,1476470.0,,250,17
1440.0340180737571,1696.31023084828,108827.2705484564,18.071428776314164,0.10435535569071437,71.86666664039774,1658925.0,,251,162
1167.6008323840178,92.22909245429724,127522.21171809356,19.497154666160554,0.19712622389401577,85.70196075298767,1546827.0,,251,164
1880.484486729048,982.8918679480443,139683.81955678546,21.325773402631835,0.1967073368858841,70.71372546434857,1684465.0,,251,2
913.1641057572729,189.45002915532132,223428.08619284167,29.155226087154176,0.33796564976110294,74.17254899249606,1700601.0,,251,110
446.0732574547885,80.22894231126295,165586.948959082,20.475961404803456,0.3110851852670716,96.84705878812957,1465639.0,,251,17
474.95561667418986,1326.4308863718277,109830.32937161917,16.880476604855,0.10145611975304746,89.9294117318346,1499920.0,,251,16
860.7634112834104,1572.6942622502386,126444.59603221294,17.90980834861784,0.039434514884013935,80.7058823234413,1596874.0,,251,200
245.16484157124773,1778.7652194397647,161508.61170567074,26.246298388392685,0.21898710190406445,61.874509781305,1787958.0,,251,59
1879.969386068317,983.3438261317291,141817.5276433017,21.772067063510203,0.2443641598523236,72.63529321188575,1673922.0,,252,2
1439.9311318844134,1697.1381448280517,108165.48100411883,16.87448457611704,0.09616018056265957,74.9411755360726,1621880.0,,252,162
1156.6996223317965,89.1912674647499,119872.82987773616,18.99798778349628,0.19955213026733,83.78039111212219,1560083.0,,252,164
860.27599851577,1572.3235116883118,129465.68466007416,17.524632438799618,0.047366229065213886,82.62744995002878,1570863.0,,252,200
475.13477456985936,1326.161783283336,112866.40643569441,18.129317508062975,0.1788735181229627,87.62352831910027,1507784.0,,252,16
446.4371972042184,79.58282694075938,170947.73904475418,21.939630140292998,0.32491592532621333,93.77254785026521,1507051.0,,252,17
246.09335164627907,1779.6175582393832,173203.6605852503,27.03213425696912,0.21174345817188267,61.490195311649316,1800554.0,,252,59
911.3340343090939,189.35163440617876,221677.91880430625,27.808102716678977,0.2937078184952543,74.5568618153748,1711062.0,,252,110
1439.1407026586373,1697.5600461514186,111238.91063728434,17.330641137273098,0.05472052383675377,74.95982026140403,1631973.0,,253,162
1152.364361173148,82.21435918418376,128690.28810945882,19.793195046549798,0.17908690789998022,86.6608653753793,1545792.0,,253,164
1880.2717432074896,983.4176981615601,145253.48312595062,22.25126931891653,0.21300394982554224,71.30324366328676,1686212.0,,253,2
243.2216796034628,1778.846862468375,169966.4560643262,25.337464111189956,0.14952218617327356,60.69917152874668,1803917.0,,253,59
476.10086794641586,1326.1900347664812,105280.51907065226,17.278203932885816,0.11308839297204233,85.92955005575584,1530342.0,,253,16
860.6197485397249,1572.296150373962,122321.99430617779,17.033970450186075,0.06416296802886216,80.81034281839166,1585890.0,,253,200
909.9697326437658,189.75873637035292,225188.441506753,26.39535125337363,0.17012896379810777,73.49718962215712,1704767.0,,253,110
443.8228173566854,80.67136442807538,163119.5163843516,21.373667973885187,0.305101213256414,91.78007261274348,1502363.0,,253,17
1879.3793320310394,982.6823694903856,145133.29983907685,20.638618491274134,0.19467734321222724,72.64693409542336,1665908.0,,254,2
1440.3050136256143,1697.2917082217323,111691.12196210364,17.515644261192648,0.03748431428008075,72.64693409542336,1648421.0,,254,162
1147.4377535468543,77.3263470201941,132975.92855530273,20.418759996632417,0.26551548354232263,87.9214176744611,1514925.0,,254,164
909.4825739815286,189.56982671594596,223270.10686183436,26.447240129320623,0.21522913789870626,72.64693409542336,1729122.0,,254,110
244.89417996531373,1778.7803180023573,166263.1263062057,26.071471385724134,0.20985939096933112,61.47048269612746,1794105.0,,254,59
475.273108572064,1325.8747862891455,107208.99240260602,17.68989202119239,0.11930971055204256,84.94103063464885,1537943.0,,254,16
860.052626461437,1572.4642213134075,126439.93977699449,17.62741023651058,0.047400662082732456,80.84299845490703,1579952.0,,254,200
444.9759392026252,79.86166992143959,167114.77190283206,21.719187040565664,0.2938752406007623,91.27435309424988,1519186.0,,254,17
1441.0472006855043,1697.499361641356,109392.6130224161,17.969626719940187,0.05358532159112563,71.90220237958586,1662753.0,,255,162
1139.5979533948303,80.55703872914015,129530.12355587781,19.437390050924858,0.219790865169039,87.71315787666757,1521742.0,,255,164
1879.3057359351783,982.8607952757413,137567.7357182157,21.066745283158113,0.23325951677653492,72.65510502230404,1665302.0,,255,2
910.8265935042934,188.8901534590504,219332.20981476697,26.204101674227303,0.17083360683676801,71.52575105822677,1729252.0,,255,110
446.6968683190845,79.27229377811284,164287.49760564108,21.821516221404647,0.283415182193911,90.34831712618119,1521565.0,,255,17
475.4654645867388,1326.6815295407612,111925.7539638414,17.94858554513198,0.08342555418758102,84.70154730579486,1541307.0,,255,16
861.1860833937062,1572.3955813146472,123669.52938495953,17.502762569183886,0.0651418356448782,80.93703409220397,1584516.0,,255,200
245.52776873090463,1777.9688735867492,169912.43324938856,26.23646084320395,0.20399020409617838,61.73801670289048,1798732.0,,255,59
1131.5298493672303,80.34407828424236,131658.98039215687,20.101519559171336,0.26178669480926064,88.47058823529412,1524716.0,,256,164
1439.4661869656127,1697.6689179240004,112655.1294117647,18.19980306785482,0.045083657485557684,72.25098039215686,1666281.0,,256,162
1879.849957859195,983.1989437400682,141272.4156862745,19.767885587973133,0.16373116075085306,73.72549019607843,1665351.0,,256,2
909.6578088516458,189.92538415904738,223076.00784313725,25.677339920246716,0.1707154235649854,74.09411764705882,1694510.0,,256,110
859.9943867612523,1572.6001978287386,121491.49803921569,17.17995393199617,0.06202060393162847,81.83529411764705,1573650.0,,256,200
476.3443302301748,1327.6767648282716,107189.12156862745,16.83284949177036,0.13976359259042243,87.73333333333333,1511186.0,,256,16
446.3909019798414,80.23711632447318,172952.2588235294,22.263184865051983,0.3438460503629959,92.89411764705882,1510665.0,,256,17
245.45363141918656,1779.2897746997926,165644.95686274508,26.311044853459663,0.21814415249401897,61.56078431372549,1798611.0,,256,59
1123.6880733944954,77.61752851721691,135624.63921568627,21.348020934191805,0.2177978392392768,85.96862745098039,1551032.0,,257,164
1879.8770973561188,983.2401910932161,137272.4980392157,20.009776381920425,0.19445648171640795,70.75294117647059,1688986.0,,257,2
1440.1736049569508,1697.716048849022,105593.05882352941,17.31264220863601,0.0779322102012281,70.37254901960785,1669610.0,,257,162
913.2990789088749,189.29179351246887,214543.07843137256,28.653661155008,0.2991162337464025,70.37254901960785,1719038.0,,257,110
444.7281606841386,79.646804369922,175523.2117647059,21.574219980709643,0.2917525703918636,92.8156862745098,1514095.0,,257,17
475.2994620864547,1326.62984272298,107700.81176470588,16.72680821740876,0.10603971500339378,87.87058823529412,1513709.0,,257,16
861.0702256615109,1572.8429995390823,121318.09019607842,17.47455674535492,0.03447893294852879,78.36078431372549,1604804.0,,257,200
245.47657075406397,1779.357808169937,156618.48235294118,25.23603056386937,0.20692733296763252,60.86274509803921,1798441.0,,257,59
1881.0046777868338,983.454199920916,135581.96470588236,20.65746842434293,0.1824472307036,69.65882352941178,1694729.0,,258,2
1440.4723128059381,1696.9446744921686,104456.8705882353,17.52946930633093,0.07522666012360593,69.65882352941178,1668388.0,,258,162
1114.0611231311118,79.6185755633067,127771.78823529412,19.500148389235903,0.22390027518452574,86.80000000000001,1534258.0,,258,164
861.3710078518269,1573.315135841422,121137.78823529412,17.547904724925797,0.07532551410508809,76.58823529411765,1628142.0,,258,200
475.4533868355176,1325.4847960536003,99068.70588235295,17.533087134212774,0.13294332157452093,81.69411764705883,1560076.0,,258,16
446.7435698069995,79.49928151156598,163701.51764705885,22.09091324701768,0.3113577222253068,88.98823529411766,1531941.0,,258,17
244.30954408929932,1777.8685635728268,170845.37647058823,27.481851365206623,0.20608934327765888,59.44705882352942,1811187.0,,258,59
910.9000275704357,189.72099395649283,215618.85882352942,25.886237328810566,0.25574301589526366,68.92941176470589,1751412.0,,258,110
1106.3737115032804,79.51282375758242,135416.7610266582,20.73829035149888,0.24398448856516497,85.68205399136569,1546063.0,,259,164
1440.03818042028,1698.4368522304926,110957.88738814906,18.220086148805624,0.07819042887902343,71.89841921884165,1655364.0,,259,162
1879.8629636320318,982.7093782808013,142290.69694078292,20.724975104507784,0.2230952999448927,73.38854189695236,1675094.0,,259,2
910.1644661690962,189.89183347769563,226656.2275460378,26.876919301152267,0.17583961754741934,73.01601122742468,1711605.0,,259,110
446.85121706969863,80.01037540484953,158844.46977191477,20.609221190449954,0.30217953486690585,91.64254470380853,1516776.0,,259,17
475.6212605501031,1327.3849347171074,105711.16543852125,17.47767602799624,0.11542556454339252,85.68205399136569,1530037.0,,259,16
860.2222556503003,1573.0236670792647,130016.18391051548,17.435214761269908,0.07173658492912846,80.8391552875059,1572896.0,,259,200
244.3053948702962,1779.2497679255987,173363.85261675596,27.427857248323818,0.20489163801372803,61.467560472066694,1788907.0,,259,59
1097.7200370849826,80.44811690380581,131158.2117647059,18.689824939572564,0.2380456928192416,90.72941176470589,1499377.0,,260,164
1440.6522689868304,1697.9960520717552,114144.75294117647,18.256521578626607,0.07587940484169126,73.78823529411764,1647752.0,,260,162
1878.9671551275444,981.7276806869353,145385.03529411764,20.573253090053534,0.21813562875238213,73.78823529411764,1658879.0,,260,2
909.0025957281927,190.09961492698014,219582.49411764706,26.589676452128703,0.2115569429100056,71.90588235294118,1721690.0,,260,110
860.6384472727168,1573.359333636156,130122.16470588236,18.24770666593821,0.05236569917616337,78.68235294117648,1611489.0,,260,200
473.89664022476177,1327.069878531459,113094.4,18.60264839383569,0.12755335152780115,86.96470588235294,1521258.0,,260,16
446.06446961354936,80.54146347858004,172312.09411764707,20.929632607570174,0.2808105802943612,96.0,1479235.0,,260,17
244.5973996726736,1779.2068154351791,168840.28235294117,25.598016517192836,0.21297872275161445,61.741176470588236,1794538.0,,260,59
1439.9966379391988,1698.4311048124146,114782.5411764706,18.273027440876312,0.06788525620281163,73.76470588235294,1650375.0,,261,162
1879.5262559810185,982.4274452140014,147591.9176470588,21.235804517844713,0.1873176479697771,73.76470588235294,1664529.0,,261,2
1089.5383352477752,80.26715745994176,133843.3411764706,19.282527617070766,0.1685855235967124,87.74117647058824,1519892.0,,261,164
444.44757492628673,80.39474862837308,166431.8117647059,21.527098430977986,0.30436807421704853,92.78823529411765,1507817.0,,261,17
913.3394923060649,189.82087644345322,216548.71764705883,27.558517220182935,0.28518193454359697,72.98823529411764,1701224.0,,261,110
244.50117960525742,1779.0488914763164,178055.57647058825,26.204502742125793,0.19217764846086022,64.83529411764707,1781195.0,,261,59
476.1934940486025,1326.2226655939544,108093.24705882353,17.549252174285023,0.17463365894869537,85.8,1533851.0,,261,16
859.1421610214267,1573.330919048496,128592.45882352942,18.401129681685916,0.05953198274518606,79.9764705882353,1597922.0,,261,200
1880.5384786636232,982.1490270939743,147120.18823529413,20.808704495214833,0.19705689440145616,73.41176470588235,1668870.0,,262,2
1440.7524820438982,1698.2590232550353,112431.05882352941,18.717529726643672,0.03391589897780138,71.90588235294118,1660306.0,,262,162
1084.0692193315144,81.12961183846852,127355.10588235295,19.062441688101462,0.2304439756839477,88.84705882352941,1516386.0,,262,164
245.56560501650955,1780.1691509479485,163841.1294117647,25.699338487495393,0.21711538568716868,60.61176470588235,1801711.0,,262,59
475.7702660233302,1327.4013532250015,101822.11764705883,16.209502949695164,0.09181288194307727,88.84705882352941,1511901.0,,262,16
859.7779638838001,1573.914657388734,122272.0,17.26052526453331,0.07432096886447812,79.81176470588235,1592070.0,,262,200
910.4861826705883,190.33885127988154,220667.48235294118,25.78466401236365,0.17309876109783912,74.54117647058824,1698217.0,,262,110
444.9630926444078,79.90044569292532,170204.23529411765,21.527882865195792,0.2824412052816363,92.98823529411764,1509515.0,,262,17
1880.843587012916,982.2223984747947,148653.63953435447,20.896091937873244,0.1874766473508065,72.69740161076936,1668323.0,,263,2
1441.6664021110184,1697.6823772020866,108800.33353558158,18.1916724786507,0.04871498465742506,69.74522286515436,1685036.0,,263,162
1076.288203709194,80.00820513665163,134428.9352709518,20.071866425108468,0.1839316102626818,87.82731768204623,1528376.0,,263,164
911.5899241549713,189.74674276528395,223130.83590638646,27.73199247277717,0.2689206742751854,72.32837926756748,1716698.0,,263,110
245.82876800688024,1778.6305288053502,163050.6772320324,27.080465714363477,0.20129072861205552,59.41259725550186,1813234.0,,263,59
476.8306609496498,1327.0439461203332,107063.71438847356,17.74337099299662,0.182793649885026,86.35122830923872,1522817.0,,263,16
861.0189219719601,1572.7827883465823,123157.14779785053,17.55810319299683,0.045237142792483954,79.70882613160498,1590418.0,,263,200
445.5147167098322,80.10828345474548,170410.0898225074,21.662982889478535,0.32456261367256495,94.1006975164781,1491660.0,,263,17
1880.148139075379,982.9022725192607,138395.25490196078,22.021329064889347,0.2563785179143112,73.3921568627451,1661727.0,,264,2
1440.3217134724666,1697.4497663354878,110729.39215686276,17.756492267718038,0.06584317614711699,72.64705882352942,1653096.0,,264,162
1070.123974944863,79.56919501556553,128885.94117647059,19.922130440452463,0.21913798994662165,89.41176470588236,1506908.0,,264,164
246.20589464651803,1780.2991554117561,168456.60784313726,26.864569514022552,0.24401185173026244,62.21568627450981,1786931.0,,264,59
475.73561743776634,1327.792721223421,105702.96078431373,17.49498300022302,0.10275762058704699,84.94117647058823,1540712.0,,264,16
860.4495894653446,1573.2045260845557,124142.27450980393,18.273257402965836,0.05466249371658583,79.72549019607844,1588884.0,,264,200
908.4474060479666,190.5190189781022,223296.568627451,26.432350861287823,0.23407411308883064,72.27450980392157,1719620.0,,264,110
445.7149536910128,80.82538972798807,165804.43137254904,21.37686282602142,0.3126052267077304,89.7843137254902,1537738.0,,264,17
1880.3004290938857,982.7953129744789,139601.05700862818,19.643477875610603,0.2049210021810651,73.72548923760085,1657494.0,,265,2
1440.9120712750587,1697.9824379519282,112002.65736742466,17.724911301309525,0.05175693965979312,72.98823434522485,1648990.0,,265,162
1060.857232634868,77.74834306063903,126699.46501949421,18.802005825577798,0.16987043508191685,89.57646942368504,1510959.0,,265,164
245.05390427045853,1779.6145040552578,159304.194007377,27.932133210173582,0.2547776624056726,60.454901174832706,1800622.0,,265,59
476.0811860556597,1327.0018995035066,104018.92413788487,16.931285967049163,0.16294239368277544,83.67843028467698,1548586.0,,265,16
859.7188926007965,1573.2118964619872,121819.5748868574,17.816602076063162,0.04650532578493222,78.88627348423292,1596949.0,,265,200
909.3452881623203,190.1421008043885,219740.66380990032,25.857878372589,0.20459402098365592,71.51372456047284,1723427.0,,265,110
445.92775346738017,80.40994428835414,160984.39790710193,21.701165801466654,0.3264823225753973,90.68235176224906,1522270.0,,265,17
1879.7858979379425,983.0334633497872,143084.95683548186,20.81229664376131,0.22669532049009933,72.6196078293004,1675825.0,,266,2
1439.466019980664,1698.0323525620367,114385.0980174209,17.74172195797692,0.055888734939455446,72.98823528021056,1647283.0,,266,162
1051.0587000562746,75.88947383230163,131010.19605346886,19.736183844130533,0.2776547742508656,91.78823527662843,1484989.0,,266,164
246.1226398125936,1779.8190600641012,170105.7176146471,26.07128209270117,0.1998307576734771,63.40392155654655,1778948.0,,266,59
475.98607948851895,1327.4133310992177,112199.50586097459,17.8666387855589,0.10684396730956452,84.78431370933549,1543496.0,,266,16
859.9544548503898,1573.8645355744393,130008.63526934596,18.078362728116453,0.05857041235647058,81.46666665114411,1586215.0,,266,200
909.0582236098671,190.20342186545238,220194.07838941703,26.412531563631354,0.2087213572578925,72.25098037839025,1709141.0,,266,110
446.9197138882338,79.63945244127504,170378.5019283206,21.424083209193437,0.28597745509998374,91.78823527662843,1503684.0,,266,17
1880.0658454892202,983.2497135904412,133694.0519795099,19.919025106976324,0.1776714190254834,69.81985297575127,1694860.0,,267,2
1439.086473231381,1698.2117916126517,104050.95502919776,17.491457316958375,0.07419618619763785,71.64759781804844,1656824.0,,267,162
1042.3129187688714,73.7967409022852,132082.71212654075,19.799111554565705,0.26622231735176877,90.65614417793884,1500607.0,,267,164
910.3715830128575,189.45228844471586,221475.15352051533,26.215651638723767,0.1860858084130339,70.91649988112957,1733918.0,,267,110
245.0138311068916,1779.6780578680793,163254.9004119187,27.65545206647712,0.22019721466209516,60.31557979580608,1795524.0,,267,59
474.4769435443321,1328.2098161908486,104687.37578328562,17.917800144399358,0.0962473912967898,82.61406687183135,1562304.0,,267,16
860.4381347535299,1574.1796042853605,118057.69485365777,17.277907657312408,0.07669515486259643,78.95857718723705,1602679.0,,267,200
446.1249414394086,79.99001998581652,170100.90149322693,21.631285480778583,0.2922558206734175,89.92504624101997,1530520.0,,267,17
1880.5879997571583,983.181493807537,135002.8217673129,20.61830697810667,0.21320799399858673,69.66666575735566,1683165.0,,268,2
1440.672902305152,1698.058297816891,117219.93964647946,17.60065913295723,0.0630563883136782,74.88235196378871,1638850.0,,268,162
1034.7312369162016,71.01761622362787,132048.50808038336,20.286997674577783,0.2665548748669038,93.50980270104958,1471152.0,,268,164
912.3288293307623,188.96972031258326,230692.40875363676,27.198984997627672,0.2542768301203726,73.01960689006262,1722952.0,,268,110
245.9948321985757,1778.8186879695409,171431.03697811504,25.50689073855728,0.19659628255328945,61.47058743296088,1796897.0,,268,59
476.19266884443726,1327.7598839866646,110852.70443546894,16.943508879333567,0.1117726577434775,84.94117536190959,1538037.0,,268,16
859.5832736090376,1573.8314811719747,131513.90024422397,17.115181602664858,0.06651848436327587,82.70588127343828,1569319.0,,268,200
445.7019819297864,80.99929114901892,169758.291901909,21.828506031766732,0.3164824685924785,92.76470467155914,1498553.0,,268,17
1879.6542276401633,983.280121123905,137295.80207779325,21.033938140229502,0.17937068613573798,69.58823435960201,1692224.0,,269,2
1440.1186852426388,1697.4419273221592,109733.15146754596,17.978154067875465,0.06755426326853016,71.37254806113027,1666490.0,,269,162
1030.5843375165052,70.21507828190363,128646.16297826487,19.030042832550713,0.22558495207299903,90.64313603763544,1497962.0,,269,164
246.1260369632632,1781.1907319169782,154433.77831823184,25.729366273729045,0.2027947646299507,59.239214890738126,1806594.0,,269,59
477.42699096389777,1326.815185008221,101575.98294963938,16.494469309808768,0.13638141818615185,83.86274397182807,1544362.0,,269,16
860.1086217561144,1572.9768713813644,128080.17867214011,17.75441210808506,0.06449026645422437,79.9372538284659,1585655.0,,269,200
910.1543089631365,189.9969654378827,217088.52649643537,26.514607321817092,0.1528669402153099,71.01568532082462,1719852.0,,269,110
445.8297241713041,80.61580787045038,165190.3350365248,21.63760407277164,0.29324480039022904,89.21568507641284,1537182.0,,269,17
1879.9868292736378,982.8004859581648,139904.470245379,21.00808124659309,0.17960685275891666,70.5171387231127,1696148.0,,270,2
1440.5897510890286,1697.8600331697783,111381.0541225182,17.906627532862103,0.06058801987901984,72.8166106379968,1652934.0,,270,162
1028.3083083594083,66.08027290143957,127626.05671053614,18.274683213577223,0.25733734548071774,97.72755638257465,1436618.0,,270,164
912.0469061893738,190.14715732544465,218682.46182271285,28.22221165842103,0.2894334725895667,73.5831012762915,1706141.0,,270,110
246.1858156512975,1779.390848972602,179481.06461776854,26.64472842157748,0.19182484199548677,61.7024963827236,1799264.0,,270,59
476.5995792377516,1327.4558164807836,110028.96463656634,17.201621774730704,0.1411486612303795,88.91291404218556,1505555.0,,270,16
860.6518749625008,1574.2959380812383,127750.99468457817,17.753225297388383,0.08574270305195857,80.86476234009118,1587696.0,,270,200
446.0757093566986,79.943364961184,168834.89289717426,21.79406524246868,0.29415598974292356,91.21238595706967,1519059.0,,270,17
1880.175078737606,982.164466334003,151283.51708672335,21.61535611517291,0.19995526703688088,72.9407923741314,1677647.0,,271,2
1439.8059388172587,1697.4076282564224,117128.40282533977,17.995237103714544,0.10622722637444526,77.64664994665601,1619870.0,,271,162
1030.5559026757926,66.15939939298461,132179.3039614643,19.151095133189255,0.2658902734776181,98.82300902301675,1432411.0,,271,164
911.4913690421805,190.21296396278166,236061.89418454043,25.94411220505689,0.1910284645367126,78.43095954207679,1674178.0,,271,110
245.05241126946942,1779.0817056786188,174254.3765174068,25.504359069729826,0.16153077611865754,65.8820060153445,1754986.0,,271,59
474.3784806258189,1325.5205614666138,111639.80427658523,17.946956694729266,0.14503963629577285,90.97991306880907,1500515.0,,271,16
860.7800712303396,1573.3125631565,134663.21245016187,17.872523103625223,0.05463479824392381,84.70543630544293,1549985.0,,271,200
445.5955086148333,80.86440585234189,172023.40787323244,20.808568621569485,0.29017390657250175,97.6465446298856,1465386.0,,271,17
1880.1755961130275,981.8916545524669,140084.46760215177,21.149818119170014,0.2156887490533755,71.4067063944276,1680296.0,,272,2
1440.0252576192524,1698.1024904957717,107131.97276079949,17.292511372743217,0.0840445774597964,71.78451965577378,1660447.0,,272,162
1024.083062491544,64.35421596187669,125662.57979004546,18.41332458822755,0.2511714889881095,95.96456838192915,1438947.0,,272,164
910.8821072720107,190.0201541248626,218561.9491826731,26.12224224951413,0.17853953576817969,71.78451965577378,1725924.0,,272,110
245.7071519294063,1781.204925205504,164497.2492972964,27.043791685593288,0.2134888304282352,61.2057483380808,1789565.0,,272,59
475.39706462891945,1326.77994233589,107190.1560030468,17.435180036476645,0.10196279394841365,84.63017054154383,1529364.0,,272,16
861.9599986297701,1573.5776172947926,121321.12760391654,17.131996844184002,0.06467597633472107,80.85203792808205,1585533.0,,272,200
445.5403745342369,81.00602543461682,164971.7827535472,21.250443692034786,0.2905312596549217,91.05299598442885,1520928.0,,272,17
1881.5881786657005,982.1850732363749,150019.11605654052,21.9011889524797,0.23115217434249732,73.76334571384167,1658025.0,,273,2
1442.0834026108982,1698.0525751769826,119550.97199537055,18.613224956322423,0.06034682610398634,74.9280301198497,1632949.0,,273,162
1019.1228634122709,59.9279017411872,136233.13497075884,18.92731093869937,0.23982933692847366,98.99817451068225,1438692.0,,273,164
911.0274428845283,190.06511816322,229050.3293387565,26.58633002772346,0.1836954696510853,74.53980198451369,1694762.0,,273,110
245.34982301318195,1779.6339086735247,182393.07203407495,26.16331942564528,0.15624290207813474,62.892957924433425,1797608.0,,273,59
476.07650507699594,1327.349475136794,113096.29101727407,17.473297717008986,0.11350190693713785,88.90424299194602,1506064.0,,273,16
860.6336178368143,1573.2755664650394,134911.6063980751,17.722303512338662,0.04773873038655969,84.63373350324991,1553006.0,,273,200
445.1168055512938,80.25836924169431,177130.63965959536,21.903560575564473,0.29481084319279804,95.50412129265817,1486470.0,,273,17
1881.0658223086418,980.7814356029098,148543.03408960233,21.13745297122788,0.20845338852149664,72.79862380744301,1669017.0,,274,2
1439.7441015625,1697.9235085227274,110811.3106171673,17.60237698227533,0.09581466470853095,74.76615418061714,1627531.0,,274,162
1013.0552582644026,58.01910824312587,135011.1471950599,18.50903472809484,0.2565241023597787,100.3440490318809,1409907.0,,274,164
911.4029536735284,189.34966413651802,228935.53812534822,27.430044511449243,0.24419697118132896,74.76615418061714,1703891.0,,274,110
245.14668091868447,1779.8431370827554,179284.51565222428,26.844380899007426,0.22578848684310374,65.3220083893813,1764729.0,,274,59
475.2003841778808,1327.772301275585,110007.77121276298,16.83594119105002,0.09613276018274541,89.71938501674057,1493636.0,,274,16
860.8419898504519,1573.4132771034892,128486.42297153983,17.637852098863938,0.07105641559118255,83.42328782258333,1562128.0,,274,200
445.23184872450497,81.86000201261544,172057.38308548107,20.633763790431594,0.30556708790988785,96.80249436016746,1462328.0,,274,17
1880.8682835644709,982.8504767645009,141188.6257255722,20.430666032030416,0.20231814619260374,73.72548929510953,1658517.0,,275,2
1440.0717801680562,1698.7419394401445,118307.84169146339,17.66598552115799,0.04793005356641655,78.43137159054204,1609752.0,,275,162
1012.5485099568925,57.54782665529811,132000.3905437402,17.634888936862765,0.23693703137243105,99.9999987779411,1410948.0,,275,164
911.1312472159575,190.04242793056642,223613.3306006467,27.498415684724794,0.26881104954726565,75.68627358487308,1693908.0,,275,110
245.32051855163166,1780.031153821849,167555.68422688064,26.033169716251827,0.1947459619463242,62.74509727243363,1787657.0,,275,59
476.52763033843826,1327.9050420542362,105652.54772847147,16.923357781548546,0.14033658343972083,88.62744989731252,1499675.0,,275,16
861.2092737635137,1573.8753735032662,126124.3121841768,16.974473971634737,0.07352985704326169,82.74509702802186,1568218.0,,275,200
445.5766064296915,81.18180692230575,167812.15481198172,21.0078635197312,0.2925038143307241,95.6862733404613,1476100.0,,275,17
1880.1599690816295,983.0950153894236,137723.81960784315,20.105849714040417,0.17950058838407768,72.63529411764706,1667395.0,,276,2
1440.842794683272,1698.5005241696556,109611.2705882353,18.085970253776157,0.06076600692880029,71.86666666666667,1660968.0,,276,162
1014.0417783210821,58.221070917308715,119465.84313725491,17.160212765491988,0.21761656436862029,95.69411764705883,1443655.0,,276,164
913.2803044441956,189.80664380846747,216214.51764705882,27.81368892301106,0.29794849994692485,72.63529411764706,1714334.0,,276,110
245.78687418184455,1778.8025669132269,169690.65098039215,26.107473309608825,0.19721563093078925,60.721568627450985,1796398.0,,276,59
474.7911379520934,1327.9216365538941,107608.99607843137,18.624894759039737,0.08831418602012654,84.93333333333334,1533611.0,,276,16
861.1804117199367,1574.039930239939,124725.56078431373,17.390126391509895,0.05972889453114297,80.70588235294117,1590692.0,,276,200
446.68678834731014,80.05425623213478,170615.69411764707,21.284025091366747,0.27461731342459844,93.77254901960785,1503926.0,,276,17
1440.9126734324664,1698.9882439185144,115452.58836927322,18.135585032693918,0.06468445692771586,72.98820562860523,1647816.0,,277,162
1880.522631012152,984.1010910581734,134469.51005175177,19.86433142679752,0.18675138083383627,72.98820562860523,1672364.0,,277,2
860.2100145055064,1573.7483009336981,129273.3709872132,18.240954881063274,0.0597160856534906,79.97643808240785,1596642.0,,277,200
909.7705487292986,190.67694941477663,223829.97961420758,26.760670184819308,0.19186817212725588,72.59997049228285,1707541.0,,277,110
1009.8580380526056,58.883702223163766,126450.90154614959,18.35674674572575,0.2644782131496685,98.9999597622039,1419023.0,,277,164
445.605626099458,80.23133711948708,173909.1528453322,21.429582555244913,0.2762041129236933,92.788197581046,1503619.0,,277,17
475.79022341738346,1328.206682261065,105392.25128175168,17.253157236379895,0.14457619415833162,84.63525971827627,1532179.0,,277,16
245.1310122139548,1780.6766437362535,165923.93256145372,26.41088523521625,0.18686300552948684,62.50585694790128,1790512.0,,277,59
1880.0727890966862,982.7476852755093,139172.385461438,21.191037195361652,0.21628967288991174,72.53612442177571,1668714.0,,278,2
1440.5557143581166,1697.9284205902725,114802.96291171576,18.1340641408126,0.05650661092374913,73.699805562232,1645596.0,,278,162
1011.8084642973985,59.07350143585891,128049.92112095674,18.1607394352035,0.2593276796753196,98.52500322529963,1422661.0,,278,164
244.83840283858933,1778.7672379479363,170539.41060243745,26.06607979461096,0.21546038567176912,62.83878158463992,1782675.0,,278,59
476.93252571939763,1326.7995937080661,104064.12545387159,16.50944953985867,0.1585252250037865,84.94872325330952,1539652.0,,278,16
860.4389120552091,1573.79816546623,129950.98821074884,16.961419283259822,0.05489108793566061,84.94872325330952,1545446.0,,278,200
910.5726738924122,190.37041617114426,229294.44717150272,26.112431606935154,0.19328666986312734,75.63927412965917,1697785.0,,278,110
445.82265789389095,81.43426723338601,156877.01822605357,20.875105417333987,0.2942938775863786,91.54291638256186,1509885.0,,278,17
1880.420958158784,983.2754260421688,138416.29019607842,21.60528342534158,0.21366391810421742,69.30196078431372,1692675.0,,279,2
1438.877909217691,1698.283945253096,105201.1137254902,17.360218024788125,0.051160789305170554,71.88235294117646,1663417.0,,279,162
1013.0387448259969,58.87496417713778,124769.70196078431,18.928770131879453,0.2639776906960812,93.6313725490196,1469028.0,,279,164
246.73823119586896,1781.283724033041,161905.6,26.638203468831826,0.2325435605544815,60.08627450980392,1800743.0,,279,59
475.6907579441485,1327.5041670765816,104915.79607843138,17.234680181171175,0.12412064939048298,82.94117647058823,1558938.0,,279,16
860.746030411978,1574.6103780485907,118423.41176470587,16.866023653697958,0.04730092911811316,79.99215686274509,1585876.0,,279,200
912.0885179417854,190.32657129656565,215422.19607843136,26.33285457956518,0.14667535199774737,71.51372549019608,1723620.0,,279,110
445.7287008870399,80.50540736058275,161532.18039215685,21.07260481738701,0.26965385242407747,92.52549019607842,1509281.0,,279,17
1881.1579273663717,982.2690855434057,136997.06384810063,21.00958436655295,0.21708816265559908,69.94469616396795,1698065.0,,280,2
1441.0505084857327,1697.2004322402993,105093.44323243138,17.62500117518618,0.07031731038161435,68.79176161181464,1687841.0,,280,162
1357.041394891477,448.12150009697143,112949.5392708041,27.99317714362186,0.23548948208847373,76.86230347688786,1620475.0,,280,243
1007.4234637146826,60.25324721326422,124771.73016858422,17.806393562090502,0.2512409736682641,97.99943693303203,1423715.0,,280,164
244.8471858794424,1778.475553071031,161556.8756780706,25.57218620425042,0.18247271692579617,57.646727607665895,1825885.0,,280,59
476.25603377433663,1326.2187153133434,98676.97813818078,16.661271843999703,0.1181880252884925,85.70146837672996,1531411.0,,280,16
860.5083325128003,1573.596814690823,124898.1686578037,17.34819730644597,0.09101138257463459,78.78386106381006,1594888.0,,280,200
911.1849180703113,191.22673323807803,214906.61620986107,25.610842818562066,0.2039524888973021,71.09763071612127,1728957.0,,280,110
446.6148219942537,80.90677950493591,166932.62518324412,21.652697075596876,0.3320331987392431,90.69751810272767,1527225.0,,280,17
1881.0878968977727,982.7032574621032,141554.08057998412,20.368313590868684,0.21169884329282132,73.76470495845408,1657816.0,,281,2
1441.3428219684017,1698.1073661172286,113527.76328395338,17.702984214316324,0.044826859141145176,72.98823437994403,1652518.0,,281,162
1354.5368384693938,448.7810836787409,129259.05720456685,28.70192055049764,0.28122474810869136,80.36470487578944,1608811.0,,281,243
1002.857946039161,61.738974702719304,131477.04541208077,19.660740496318397,0.3171431122593381,98.99999876003048,1425612.0,,281,164
914.1551017458368,190.54940342835118,225624.49129171274,28.20772449286416,0.304383129152171,72.59999909068901,1718855.0,,281,110
244.99417890969235,1779.708977788115,180275.5036244122,27.21982124127101,0.18667066766402843,64.05882272707854,1766914.0,,281,59
475.99043219939864,1327.8052349382313,107164.58689306358,17.152392601815503,0.13445590928407533,87.74117537163485,1514780.0,,281,16
860.7701950664136,1574.473757874763,127874.9983983727,17.21269193262235,0.04350354920130079,82.69411661131957,1571079.0,,281,200
446.1798033091627,80.63840004738441,170420.927277252,21.061605854616698,0.2902612964595674,93.9529399997152,1499241.0,,281,17
1880.8557830639556,983.8204631713826,132997.65098039215,20.661240072780423,0.20347549830762415,70.75294117647059,1676319.0,,282,2
1439.8906067510063,1698.7896192529952,112365.18039215686,17.571465479640935,0.10007551568611392,71.89411764705882,1657624.0,,282,162
1353.0915149459706,450.3865024415934,137957.96470588236,30.263202646202163,0.3021615399375616,76.45882352941176,1629415.0,,282,243
999.4133710221678,66.4338785159454,134034.6,18.222680071295326,0.25668714925131886,96.61960784313726,1444274.0,,282,164
245.88052811955728,1780.2813865947526,169265.0,26.57918490844317,0.19217928211877625,62.384313725490195,1784567.0,,282,59
474.67477040960057,1326.0011726012733,108025.28627450981,17.663908777661256,0.1000484992244965,85.96862745098039,1524493.0,,282,16
860.551615690657,1573.6222096016268,124581.09411764707,17.883335268296104,0.056706304379610745,80.64313725490196,1584357.0,,282,200
909.7013701281978,191.295587831146,220079.30588235293,26.076200777187978,0.2366722114392772,73.41568627450981,1715999.0,,282,110
446.23412010716277,80.56931979946772,172087.89019607843,21.618627785555493,0.26369182157015836,93.19607843137256,1507463.0,,282,17
1880.3726511488164,984.3865882054324,142324.47568302977,21.26216101930062,0.22905274849113583,71.8823515530994,1667304.0,,283,2
1441.623747687132,1698.0029638351557,109574.50768799383,17.31264461550698,0.07694299407464973,71.8823515530994,1659595.0,,283,162
1350.5701376202655,450.48530020703936,151339.9970775639,30.552295051587446,0.3339020135016965,76.30588087944398,1646387.0,,283,243
992.9044595400588,69.46934956903604,139679.57377331957,19.55460120759818,0.24820496832419173,93.99999818482229,1481243.0,,283,164
910.8059741000511,190.6842327272479,215853.8546553048,25.383614677680747,0.228269372864094,71.8823515530994,1723272.0,,283,110
245.87386345318538,1780.181862738691,169224.32614397502,26.737918108253535,0.19327254246270328,61.192155681100004,1790186.0,,283,59
477.25095515637355,1326.9018367684641,100246.3902210647,16.48802562650507,0.10748255144148272,86.99607675144338,1511267.0,,283,16
861.4302910458651,1574.1351622596333,123781.0407469933,17.641586639481737,0.07593817312554986,79.99215531806446,1595104.0,,283,200
446.1605158234623,81.28006591622663,165310.2399450478,21.291531079382143,0.3134736763375277,93.63137074096025,1499548.0,,283,17
1880.1259826505736,984.0560371827655,140278.34464590994,20.500457858019516,0.21774383959998772,72.65489563327249,1665101.0,,284,2
1439.5642582612836,1698.4364835119338,110255.13549592407,17.17648250479573,0.08088919151682843,74.93724837567896,1634592.0,,284,162
1348.412884456891,454.56607881648165,185542.34462543868,29.616151934907037,0.39086151326590274,71.89411138580367,1705881.0,,284,243
985.5753977538606,73.94820957587102,143070.04244199677,19.43060932176036,0.26428354131323883,96.99999155227479,1448496.0,,284,164
246.06785428342675,1782.1140465313426,161537.31926505495,28.009658415202694,0.27449853748087016,59.72156342630252,1793547.0,,284,59
476.3230580722966,1326.9756215405548,98412.00711557693,16.495264911327805,0.16056822774527316,84.82744359277365,1525868.0,,284,16
860.4752863885033,1573.6803870439412,123559.3500235351,17.558547264437664,0.06712944989835307,79.8823459842263,1589235.0,,284,200
911.1486272385314,190.98737972578843,223287.13349510936,26.120097644941417,0.2361489454012116,71.51371926206926,1732555.0,,284,110
445.73393124413707,80.78784563566236,163419.11910116908,20.720032923302988,0.28917620097798097,90.91371757252422,1522501.0,,284,17
1440.1810181000917,1698.3525033248222,110286.66333445163,17.30165858522687,0.05525251198302522,73.90521198179361,1640228.0,,285,162
1351.2917277608524,457.1875569031418,182746.36517009878,29.47793468314804,0.35668212442639785,71.25220437219076,1727391.0,,285,243
1880.7400592059646,983.1872100788304,148128.40587565248,21.955182135259616,0.21059837360568306,72.76820872053526,1679362.0,,285,2
859.4287641514594,1573.813568385807,124736.07977961,18.298654989738615,0.06855287286891236,81.86423481060216,1576529.0,,285,200
911.0480082044478,191.0959300997294,223951.36335810187,25.90914451130035,0.229391099551047,71.63120545927688,1726147.0,,285,110
978.5607697295859,76.78359391887024,136764.05827937514,18.71631599451227,0.23346281862109644,96.64527720696088,1449132.0,,285,164
446.3009467660206,81.12140697019157,168811.25320011628,20.828111890420132,0.2913782777805395,92.85526633609966,1501810.0,,285,17
476.66034286527247,1327.6217029449424,106559.9456451338,17.198697787242374,0.08426704771126102,84.51724242020501,1544651.0,,285,16
245.9650935127962,1780.2318274705244,168216.97949556523,25.107856730483473,0.19308906693301828,60.64017393377937,1801293.0,,285,59
1880.6395655662445,984.8111332610931,140804.78736624488,21.351360475019074,0.2123442915150935,73.7647054270761,1659875.0,,286,2
1439.6125442877674,1698.350816033239,109139.152267568,16.869892234115362,0.06507956275846388,74.92941130224045,1628113.0,,286,162
1355.095391902157,457.9460760845744,182461.65769737336,29.519572314207135,0.31445162093166795,75.3176465939619,1667975.0,,286,243
970.8579643396181,79.51699243202088,144819.14028264472,19.302834781244112,0.24094018240937987,97.83529351380618,1434999.0,,286,164
913.5073069982371,190.62472487925982,223313.71626876327,28.211405049801293,0.30328975316335943,75.70588188568335,1695251.0,,286,110
245.67349411063068,1779.4963750559118,166649.2225008503,26.23722691854893,0.20806432358419746,64.44705842576121,1766817.0,,286,59
475.81365600370884,1327.7949522484932,104677.9405303968,16.577073498836086,0.072236395657561,88.90588180421275,1504449.0,,286,16
861.7467737901713,1573.6492622233338,124188.70511585842,17.349546717111473,0.06350100134746639,82.6941171366695,1574263.0,,286,200
445.62430002724216,82.04344080413335,166739.6813238214,20.637139624283932,0.30139901091502863,97.83529351380618,1463972.0,,286,17
1880.9387879549226,983.7673293238907,137854.96470588236,20.40783399719059,0.1810577834661498,69.99215686274509,1694999.0,,287,2
1440.8019776909618,1698.0836490272682,109711.62352941177,18.267846563445442,0.072734673688079,69.99215686274509,1671245.0,,287,162
1359.2302946700804,456.66764482813034,141757.20784313724,29.437421412590965,0.25498567197329547,72.51764705882353,1684337.0,,287,243
966.2126758624178,83.6935842355341,128399.16862745097,18.494214172026542,0.19449320001874396,90.91764705882353,1494793.0,,287,164
244.8086894440242,1780.864486211388,161204.92549019607,26.14609425922944,0.19488231088279293,59.52941176470588,1810790.0,,287,59
477.46114360186306,1328.3777494618153,99382.7294117647,17.0941355191863,0.14231672074132737,84.7843137254902,1540703.0,,287,16
861.6608086644784,1573.7272050704141,119255.45098039215,17.508774884638367,0.09217419955598757,76.84705882352941,1613956.0,,287,200
910.6068675009761,190.69797092049794,218062.36862745098,25.94364524380034,0.2194370764332403,71.07450980392157,1724439.0,,287,110
444.85509351304364,81.34084062760894,167673.7882352941,22.266250175392,0.3090929173635998,89.83529411764705,1521268.0,,287,17
1880.518273000845,983.5750897590699,144183.33987465312,20.153279405681026,0.20096029525621006,77.63135917936069,1629947.0,,288,2
1440.1528236202935,1698.7348702977283,114921.69785526438,17.211660852452283,0.0660698833407823,76.86273186075316,1615672.0,,288,162
1360.2526891804587,453.60912281955325,129084.42482792676,28.702427775776204,0.24110814013804535,82.62743675030964,1596346.0,,288,243
955.5769301219351,87.7667340169813,136377.92945419363,19.437217020365857,0.2384892709261977,94.92547384803014,1459622.0,,288,164
912.5227956296096,190.54568864329335,222969.94591388092,27.555236203241428,0.27254776648441476,76.47841820144939,1691172.0,,288,110
245.57023319355633,1779.703012900383,182290.3450765773,27.157635914778695,0.22958541222447967,65.33332208164018,1769230.0,,288,59
477.2335344544868,1327.4601572059794,108982.51456438398,16.945545770386197,0.1293200460669959,89.9293962770812,1482501.0,,288,16
860.3885316153106,1574.5809608489053,131831.11455097076,17.70127706546673,0.08219971154175973,82.62743675030964,1562373.0,,288,200
445.49466613025874,81.36245777997843,173860.4249597492,21.354934714534014,0.31058108566574727,97.61566946315651,1475528.0,,288,17
1440.1441002717036,1698.7620696488004,115592.03024597924,17.26310840459242,0.0399596155347881,76.86698613507222,1619847.0,,289,162
1361.3395962716322,458.3860485500198,145275.49805847296,29.392737980221234,0.31960053174032527,79.58450584691822,1632218.0,,289,243
1880.496175751309,983.3195627554286,141917.42012883472,20.893471558175886,0.23497849686653222,74.92590062661081,1644027.0,,289,2
861.6008158490857,1574.4383555950087,130762.00171170694,17.733169602392937,0.04918955317374137,83.85489396553334,1551743.0,,289,200
912.251137760656,191.6296920780086,215048.5930943221,27.94123195327715,0.321455994182785,72.98481511814938,1706156.0,,289,110
446.6630379526209,81.31365500346169,160370.15540647236,21.06483360079343,0.2954911309986642,90.06636759260988,1523120.0,,289,17
475.4206035822596,1326.7892943301924,107656.87268738897,16.8579842573323,0.08116408479577845,87.73706498245618,1524349.0,,289,16
245.72390930011747,1779.4993873182934,168863.95737439784,26.263971016500914,0.23477021257802588,63.66760467753457,1773739.0,,289,59
1881.2136168973507,983.4956329095821,143275.27356126116,20.26308307668648,0.1916484744586098,75.62745047970652,1649044.0,,290,2
1441.6947540736064,1698.530728787733,108556.3130068016,17.932019085101206,0.08265107583247205,72.64705834257524,1642950.0,,290,162
1363.8519073786601,452.0888791826279,126235.25406623015,26.74457908608052,0.16957447593644126,81.96078377111051,1591395.0,,290,243
913.2657914575357,190.44358257120373,225348.93968456553,27.57516442199023,0.2913535357824254,74.5098034282823,1697196.0,,290,110
861.2326710228031,1573.8748188647376,125718.528579455,17.785337724858845,0.06389887657629684,81.96078377111051,1581294.0,,290,200
476.2344569765713,1327.101673074336,105235.41106800306,16.850589916607603,0.17212600567794412,86.80392099394886,1520610.0,,290,16
445.2273279654794,81.31537983307231,171982.41062610975,22.174861160621884,0.3188782151362668,91.64705821678722,1506586.0,,290,17
244.88664547562482,1780.0020971672886,169827.58711096382,27.734140237631717,0.21260418311885684,59.980391759767244,1799538.0,,290,59
1364.8297313659273,443.2247394256789,105378.90215031932,17.03533565305075,0.18250881048756556,88.00726687778763,1502439.0,,291,243
1441.4402020105117,1698.339285836651,112167.37534739025,18.034617316761715,0.09315407213092126,73.78775214207522,1644950.0,,291,162
1880.516734689482,984.3206189896728,142750.09274302598,20.75549153128562,0.1658242807181319,72.6348185148553,1669426.0,,291,2
862.4908479433736,1573.7855481814786,124442.65967640078,18.050795990496237,0.02723239902796053,79.93673148724815,1590013.0,,291,200
911.5228364480175,190.93638274303373,219608.10713438786,26.51684736898871,0.1654252788852993,71.48188488763537,1716265.0,,291,110
445.4937463628218,81.9041170547863,166417.5142425966,20.687452368486493,0.28202843257120025,92.61900138666734,1496564.0,,291,17
474.5612372582451,1326.604652524203,105037.63379666222,17.280650535801616,0.1279165693597586,86.8543332505677,1521072.0,,291,16
246.87104704932148,1779.3786467440023,173199.83846032235,25.925956708530684,0.20545416386750756,63.41134949709589,1785149.0,,291,59
1880.6444424949557,984.8065460287585,141615.81176470587,20.280420783919272,0.17799102757929205,72.65882352941176,1664290.0,,292,2
1440.551407520514,1699.1197532574142,111441.69411764706,17.22477623324069,0.04471978097179211,75.67058823529412,1625209.0,,292,162
1362.7668744516134,443.7504677804128,106837.4588235294,16.34625938622011,0.14737098881633065,87.71764705882353,1508743.0,,292,243
861.2135414568855,1574.0675895487936,121508.51764705882,17.23655899810736,0.06275798957291474,80.94117647058823,1587179.0,,292,200
474.68719988978455,1325.5845752169867,112037.27058823529,18.164230064281224,0.094635620100472,87.71764705882353,1517550.0,,292,16
446.45539756010544,81.9470460410788,162506.54117647058,21.15193988782621,0.3019330407343953,93.74117647058823,1489253.0,,292,17
246.71703488812636,1779.1846418635866,173893.64705882352,26.63577689289999,0.20174724087555768,63.62352941176471,1784404.0,,292,59
910.8292243831248,191.76145599937504,212044.04705882352,25.84458296778963,0.22618791544036698,71.90588235294118,1718804.0,,292,110
1880.5883812465747,984.2105450650192,143251.8431372549,20.446773024824555,0.1867014231176427,73.87058823529412,1664496.0,,293,2
1440.3839342809206,1698.2080629332995,112729.37254901961,17.587639301237846,0.10071292487586536,74.22745098039216,1636136.0,,293,162
1361.9801746613673,442.8220143026615,106489.9843137255,16.888696768072137,0.1293410933095014,86.71764705882353,1516250.0,,293,243
447.2189460646277,80.59998503700226,171717.7137254902,22.4590521601995,0.296703324690085,90.64313725490197,1522674.0,,293,17
475.6313769821927,1326.653640458683,103227.18823529412,17.978785147408157,0.16513998240487437,86.71764705882353,1525865.0,,293,16
862.0969183600713,1574.868218181818,125125.00000000001,17.057774114872394,0.07059102214315231,82.43529411764706,1574619.0,,293,200
246.03105406103685,1780.497175853283,169892.71764705883,26.240677742784094,0.2184681581254377,61.38039215686275,1800337.0,,293,59
1881.537935607678,984.4002692641953,149881.22352941177,21.45474228493033,0.1598578680130884,72.65882352941176,1673406.0,,294,2
1442.4375950809342,1699.344904298454,118289.31764705882,18.15391341521081,0.0607823261780933,73.78823529411764,1644511.0,,294,162
246.46561403431676,1780.8622649759511,171336.6588235294,26.357433060771438,0.22448911876511005,62.870588235294115,1795154.0,,294,59
912.8445692748029,192.496212767038,207558.02352941176,27.246660693872187,0.31296949775645605,73.41176470588235,1705309.0,,294,110
474.84178800996983,1326.8784304079759,114793.41176470589,18.522196054670616,0.1302823726942143,86.96470588235294,1518576.0,,294,16
861.9244469036369,1575.1332550205498,127232.37647058823,17.43017427425411,0.05255222403095724,82.82352941176471,1577085.0,,294,200
446.55423781338806,80.66556407106137,171289.22352941177,21.207459647180077,0.27762276875466657,92.98823529411764,1506761.0,,294,17
1878.989991488036,985.1471457103596,135338.91762180874,20.39330737267552,0.20812280906448044,72.65882351585586,1668076.0,,295,2
1440.8679674257623,1698.4241214462854,111273.78821453385,18.216736943171274,0.07424466304409341,68.8941176342053,1691878.0,,295,162
1362.0655120093309,444.0480097987607,109420.79997958544,17.286961049470154,0.18090872766568034,87.71764704245811,1505757.0,,295,243
912.3531231320981,191.80629296174538,201547.29408004452,25.47344398097053,0.2182451057144463,71.90588233952575,1720973.0,,295,110
247.06861424765216,1780.038479551296,168004.8940863025,27.014293673213082,0.22778270807762055,61.364705870904174,1796429.0,,295,59
474.20768764071227,1326.7145003070086,103005.36468666472,17.382761499738827,0.0609235159429555,82.82352939631238,1554449.0,,295,16
861.5147944337203,1574.453529504035,117602.25880158844,16.960571467462373,0.060043335553649546,78.68235292649676,1594277.0,,295,200
447.0665431166523,81.27222530567909,158043.48232345513,20.08442636922641,0.2683958324669896,91.48235292410867,1520213.0,,295,17
1880.3914452807428,985.6089192520521,137570.66661310193,20.681878127293075,0.20551646535084903,70.71372546266286,1683701.0,,296,2
1440.720331894677,1697.964167419452,107834.82348742502,17.17044075143037,0.04419822898801353,71.79607840341791,1661999.0,,296,162
1360.8614941042986,443.5972683010901,100481.31760793526,15.864128164683235,0.11995023640586187,88.7529411419136,1498978.0,,296,243
244.7028513678402,1779.4942516441804,165286.47836701633,24.808164537753346,0.18151510671531323,59.890196055112426,1816294.0,,296,59
447.88817543819215,80.34587275430125,156538.90189983408,20.745322406881144,0.28552348871765365,87.67058820115855,1539241.0,,296,17
861.262690575692,1574.5901508398642,124662.52544165727,17.73241041368085,0.030997294508727746,77.56862742077814,1617808.0,,296,200
911.8286078719924,192.40738195373018,193188.4548267406,24.498783105584,0.2149198140936677,70.71372546266286,1733755.0,,296,110
475.0852996770616,1327.8834248209191,103452.01564599427,18.01146929998327,0.1508219704042009,81.5372548702133,1566674.0,,296,16
1879.6715387077697,985.493028315348,138779.85882352942,19.82502692763947,0.18421586517029928,73.78823529411764,1657178.0,,297,2
1441.5928701558212,1697.6731080434656,110968.84705882354,18.018399013326636,0.07687213586974143,71.90588235294118,1663059.0,,297,162
1362.1864763504439,443.16719085230886,110722.63529411764,16.37077989859153,0.12859774628106296,91.85882352941177,1476380.0,,297,243
913.1340698698502,192.16730404149135,192357.64705882352,24.615939827485175,0.21366573260784935,71.90588235294118,1719895.0,,297,110
860.9803857409214,1573.7299967896083,121956.89411764705,17.65065131571822,0.048603580133831197,77.55294117647058,1611064.0,,297,200
474.2120599214554,1326.8608297137148,108515.38823529411,18.571630009867413,0.08180800071776778,81.69411764705882,1569709.0,,297,16
446.36614821009766,81.43472628765704,165656.09411764707,21.376438237063677,0.3096527591041124,89.97647058823529,1532799.0,,297,17
248.00359322342655,1780.7985608889699,165330.82352941178,25.78920218360355,0.20370734086093303,60.61176470588235,1801879.0,,297,59
1440.9106840824522,1699.3140588455676,104578.55294117647,17.398293014095056,0.07175577933432081,71.89411764705882,1654716.0,,298,162
1879.6956483051877,984.9417796676437,141074.89803921568,21.784413774061544,0.23565776615867182,71.89411764705882,1677441.0,,298,2
1361.240746162686,443.21628763202773,103937.59215686275,17.02664741940182,0.16712270955487818,88.6313725490196,1498998.0,,298,243
247.28416701950522,1779.5589993572123,173393.0156862745,24.986695009652465,0.20731209887210633,63.90588235294118,1783064.0,,298,59
474.54049876963506,1327.5094316105851,106818.30196078432,17.705058655476623,0.11827108963365003,83.30588235294118,1551091.0,,298,16
861.353560879355,1574.6671458489698,125690.69803921568,17.320196179606924,0.06645086318517959,79.88235294117646,1593448.0,,298,200
446.24649482007055,81.56078161266582,161264.9725490196,21.542337212265124,0.29535022867856975,90.15294117647059,1529049.0,,298,17
1880.6050240937393,985.9238976551936,139195.7515813974,21.555846081203327,0.19691927234492737,70.72150046342621,1681470.0,,299,2
1440.6613974402167,1698.9592949754997,110425.36117411984,17.50741323833271,0.08350416582179891,72.93154735290828,1658988.0,,299,162
1360.6917142964514,443.89283896292903,107816.7691622345,16.483225804820727,0.10959745356841177,90.98026361701184,1487636.0,,299,243
245.57120655552416,1781.088376836677,166855.59342671026,28.031349686330753,0.26551692253073855,61.881312905497936,1781730.0,,299,59
475.9206683137162,1326.5922869174642,102425.72811649124,17.422532879691,0.10158893923347267,82.87675835557759,1547373.0,,299,16
861.5416416635894,1574.0783846473412,127675.88216997213,17.31480565650253,0.05100455122397459,79.9300291696015,1588318.0,,299,200
444.9460700296433,81.05771512659008,173215.37169234315,22.738783557742618,0.31532405524227575,89.87524017227081,1535965.0,,299,17
1440.5144886592946,1699.597421772002,104942.11762617457,17.734145480401263,0.06961319754000088,67.76470586886727,1691821.0,,300,162
1359.4270777605393,442.5386261502247,105554.82350840558,17.64395798255532,0.1828188737164052,82.94117645408234,1555885.0,,300,243
1880.0897952319767,986.2288288572352,134321.29409091614,20.57062609838858,0.20710351141399677,66.70588233966622,1726175.0,,300,2
448.3581722996911,81.143534920624,153913.7646752524,22.184069216315123,0.33881659171931766,84.35294115968374,1577231.0,,300,17
476.8444431228222,1325.6429940806875,100886.11762698175,18.30917556682683,0.1818075624707154,77.64705880807708,1595853.0,,300,16
860.8150673171425,1574.7272412404827,119224.94115274395,17.615579314710057,0.07091100684632355,75.88235292607533,1621833.0,,300,200
244.47713698038348,1779.4067264024623,164213.2940849674,26.42006453361189,0.21814649690556467,58.58823528245816,1827139.0,,300,59
1441.65650713919,1698.88757683822,107393.96078431373,17.239194192909093,0.09244664850038316,73.76470588235294,1632254.0,,301,162
1361.177039111779,442.66739210347396,114521.94117647059,18.406922934678363,0.17416888674784736,87.92156862745098,1505768.0,,301,243
1879.8550206791774,985.95321671829,145656.60784313726,20.844170218158013,0.19620970666173038,73.76470588235294,1656229.0,,301,2
861.2946410284213,1574.3238304357778,123687.76470588236,17.5536203043168,0.04897587588485502,79.72549019607844,1594175.0,,301,200
473.8610942584524,1322.8352166179473,108074.98039215687,17.595270134526036,0.11763567503595485,84.94117647058823,1535418.0,,301,16
447.1968249694277,81.3716154510675,166032.05882352943,20.966888453169958,0.26605935836851485,92.3921568627451,1510958.0,,301,17
245.74450665768924,1778.311945837989,180379.6666666667,27.838282040041396,0.23381699798628405,62.21568627450981,1797188.0,,301,59
1360.564266443668,441.7960391176949,113448.28235294118,18.23782035869743,0.13719276935436323,88.84705882352941,1502675.0,,302,243
1441.7671503004358,1698.0088891794974,109394.07058823529,18.180798799339655,0.08634845866997448,72.65882352941176,1653857.0,,302,162
1880.2612668410218,985.8731378650612,150137.6,21.136691047263504,0.18903460522560062,71.90588235294118,1681330.0,,302,2
246.07769075122755,1780.0080958305477,170057.03529411764,26.91958645352255,0.23603908735731038,62.49411764705882,1793316.0,,302,59
474.1970993322204,1321.7241682566182,101026.63529411764,17.243787269040375,0.1685864336645253,85.83529411764705,1531451.0,,302,16
861.3835568969041,1574.6421748801226,127110.4,17.837629405681763,0.07982230575930138,80.94117647058823,1590209.0,,302,200
445.90039646078327,81.68826332587318,162662.77647058823,20.547828151507204,0.292090807855892,90.72941176470589,1512109.0,,302,17
1880.6080186339423,985.9111895313478,141101.14420920462,20.828074224233514,0.18026949440010034,71.89411719417816,1677378.0,,303,2
1440.7455499168111,1699.1838787600332,109285.9051939312,17.034877857103336,0.043242062490091535,71.89411719417816,1652851.0,,303,162
1361.6454712847121,441.0346460458046,106598.8150147795,16.734417322093183,0.13491911621863195,88.63137199070641,1501624.0,,303,243
918.5905853498468,190.82413001043315,180841.47337063414,29.22317189958191,0.3221324688916347,66.949019186113,1707267.0,,303,110
245.91999477049313,1780.08405602213,183303.7517864961,26.918778204602752,0.2466119407462227,63.90588195038059,1788896.0,,303,59
466.5310225256976,1321.901913164321,113869.25026309869,18.004956682140534,0.12545917483627675,85.96862690944056,1529376.0,,303,16
860.9031213382173,1574.1485841875572,123684.12863264463,17.849778402092575,0.058871955350610135,78.74117597457608,1603146.0,,303,200
448.1481751214532,80.74036515172851,172886.7126364296,22.090403012767624,0.2957639713796099,92.81568568983847,1510865.0,,303,17
1879.8371602680318,985.9598537911279,138457.85903173924,20.289059055547852,0.20076149474159682,71.87790683627415,1677359.0,,304,2
1441.8452480782669,1699.7649863414015,116044.1160522863,18.57046000039136,0.06159327200203695,70.77209288494686,1674028.0,,304,162
1362.1901196131898,440.8793326399235,104898.98584150894,16.28663825474106,0.12890936286152302,88.83372075662601,1493901.0,,304,243
244.87300024349506,1779.1602731416415,172574.0624534385,27.005176344656597,0.2043940277571555,61.55697662388607,1808938.0,,304,59
445.66661849976146,81.97263661051781,160705.72991849307,20.630121973457403,0.2574129560446522,90.67674400883817,1518060.0,,304,17
862.1168424542318,1574.3918476726053,120081.07418393182,17.50940790897815,0.06756837039669955,76.66976729202577,1611968.0,,304,200
463.38914125178206,1325.3963219467196,105488.75328221684,17.179100231939486,0.05813574846755658,83.67325565043197,1549868.0,,304,16
1880.4955666413568,986.4856932981468,149956.5592482294,21.553642291825874,0.20529744081803183,72.69344311241059,1678331.0,,305,2
1440.0827882787587,1698.7233327216256,107114.90108087852,17.035262251204532,0.06827771771924668,72.69344311241059,1649530.0,,305,162
1361.2305637208506,440.08803160237017,103839.98729168167,16.375445387557342,0.1492635725167429,89.75414914899676,1486857.0,,305,243
861.4485091946202,1574.280557859777,119377.83987204559,17.244567480035094,0.04415656419093964,78.62760173383187,1608597.0,,305,200
463.2251679882286,1329.910582849669,113425.87877476006,17.840805609754163,0.15260569305761598,87.52883966596377,1515285.0,,305,16
446.4205882287768,81.17040818813749,167375.5401115839,21.247382230348393,0.2752440820760705,94.57565302890154,1494290.0,,305,17
245.49703039847725,1781.0175638164083,163673.36690164468,27.21966594255547,0.26304473449223414,60.08335604189039,1800105.0,,305,59
1442.0008451747592,1699.2125260960333,112968.86272423879,17.810224911212444,0.057603733818972096,73.03529410416138,1648936.0,,306,162
1361.9403874247,438.07754831717745,120040.7333111683,18.36592614220669,0.09064073010033233,88.63137253265418,1509838.0,,306,243
1881.1559339320622,987.1522663527933,147693.7215413564,21.70258348624806,0.21974679969778502,71.51372547699135,1686294.0,,306,2
245.82694976376072,1780.4981056395543,162549.55683273097,27.368008532287764,0.24906329128053795,62.00392155717868,1772708.0,,306,59
470.0236008288148,1333.384371961589,104459.10978463362,17.468738344030864,0.1119997515298932,87.49019606227667,1516659.0,,306,16
862.4652294381912,1574.4409372531595,123283.57644782442,16.787750297650952,0.0590204983260684,82.92549018076657,1562768.0,,306,200
447.60199234866803,81.40063940928528,162172.9685975064,20.903330810461696,0.30081021516771256,93.19607841416428,1492105.0,,306,17
1441.9961098739952,1699.099025092331,108594.69803921568,17.637948655752677,0.08822353398024994,71.14509803921568,1659795.0,,307,162
1362.725947780327,438.59968227063024,103953.30980392157,17.772397031573586,0.1541717682110668,88.83921568627451,1500532.0,,307,243
1880.3984664625661,986.4625967158363,132447.8431372549,19.899510977799938,0.16138711558985044,70.4078431372549,1684262.0,,307,2
245.27634529900757,1780.873344255984,164694.63529411764,26.979526028505262,0.2179985498360485,60.8235294117647,1800880.0,,307,59
473.023427729374,1334.861384483005,105815.61568627451,17.003460578643583,0.12663494546166215,83.67843137254901,1547541.0,,307,16
861.0749355368026,1575.0524701125175,125805.17647058824,17.745394121884758,0.053096775461103675,79.99215686274509,1596718.0,,307,200
446.5715952714352,81.92942159860544,154792.56470588234,21.32543574241393,0.3201535953627416,87.73333333333333,1543095.0,,307,17
1441.1982410174714,1699.0620482403592,110802.02280141928,18.204681309391308,0.07893870091523118,69.65882307173871,1677522.0,,308,162
1361.4944888906757,438.1419588057141,108860.32869652956,17.159997851174445,0.16413358185835117,90.81176410923005,1487500.0,,308,243
1879.89510919391,986.0252303909359,137640.72850743632,19.929998426549396,0.185905363332642,70.75294071160896,1684345.0,,308,2
862.1543396053095,1574.4595985731128,119107.46980567428,17.642299396283907,0.04361246077848872,77.68235243078715,1612856.0,,308,200
474.3493555699482,1331.0232448186528,112621.17573064353,18.162109054591674,0.11769304264224408,83.88235239005185,1548398.0,,308,16
447.67294039627484,81.42565839026244,166083.77537938306,20.9221689971011,0.2732873325443379,91.90588174910029,1520902.0,,308,17
246.2674051678926,1779.9780124371423,165504.25773613178,26.76324056466361,0.2209606251993946,61.63529371269028,1792573.0,,308,59
914.270750553522,190.53230742278646,195688.0457731121,25.01634305269229,0.16565180702564863,68.56470543186848,1735140.0,,308,110
1361.8428124715997,437.3899108354006,110680.96078431373,17.928118258503144,0.13706044829920433,88.66666666666667,1500359.0,,309,243
1442.0466010687048,1699.0839780725266,107716.96078431373,17.6234002320106,0.09229376893579923,69.66666666666667,1676511.0,,309,162
1881.5279401013308,986.6527017285541,145738.9411764706,22.286862471365698,0.2123491319993939,69.66666666666667,1701810.0,,309,2
915.203395042527,190.02674795808633,209590.49019607843,26.475156106786446,0.12221148889510415,71.15686274509804,1712568.0,,309,110
861.6656773240902,1574.395978188999,125646.25490196078,17.15760387532422,0.05585444897478455,80.09803921568627,1592851.0,,309,200
475.55209969521394,1325.6384176089375,107442.76470588235,17.07624541325934,0.08684606586151777,83.82352941176471,1542939.0,,309,16
446.9697654961818,81.17067714725118,167874.68627450982,22.583010608423038,0.3069988309962036,90.52941176470588,1537850.0,,309,17
245.45384998979983,1780.193721241245,164357.45098039217,26.854724268140004,0.22505358533841135,59.6078431372549,1814068.0,,309,59
1361.26489122636,438.57990496690087,107761.83529411766,16.843844182458014,0.15185962485170265,88.98823529411766,1505691.0,,310,243
1441.668769639752,1699.6151386406611,105499.56470588237,18.3383327621883,0.05335254029691369,67.83529411764707,1690514.0,,310,162
1880.4094868191842,987.0347848282468,138596.2588235294,21.57778766400822,0.21879006357305655,70.7529411764706,1680633.0,,310,2
914.2381545430751,190.18919714172807,213188.45882352942,26.0705490505406,0.14081219454010474,72.21176470588236,1715799.0,,310,110
861.631117046647,1575.8980130657008,118519.56470588237,17.144212026055445,0.036056406144992635,77.68235294117648,1604978.0,,310,200
473.3328138784837,1319.957363724455,100867.43529411766,17.432488926192914,0.14721472208765016,83.88235294117648,1542128.0,,310,16
446.8838639287329,81.1696171019876,166133.0117647059,21.893923444050014,0.30892322183050547,91.54117647058824,1522342.0,,310,17
245.28396138508487,1779.600779010868,165168.7294117647,27.06105526185583,0.25304039309727383,58.352941176470594,1815666.0,,310,59
1362.2198647956168,438.406785840987,112220.51764705882,17.930036353403104,0.1769983123113863,89.94509803921568,1486220.0,,311,243
1442.3435916615174,1699.0580376597613,113349.25490196078,18.053161258770405,0.06642153467805335,74.8313725490196,1637053.0,,311,162
1880.7744254644135,985.6951769163204,140592.66666666666,20.396388697557075,0.15726305115199699,70.7764705882353,1691623.0,,311,2
913.4906092525257,190.44621504950632,212287.38823529411,25.69988547007899,0.1474147392564801,72.61960784313725,1716751.0,,311,110
245.29124010194147,1779.3801495224336,178344.54117647058,27.270064706803726,0.2093854432273316,61.92941176470588,1799910.0,,311,59
447.1703052676092,82.68177651805205,161268.98039215687,21.186318760749593,0.30445317855247006,91.78823529411764,1516540.0,,311,17
802.9544912966322,181.17095270268376,131489.78039215686,19.21118282776644,0.24784447589418232,87.73333333333333,1523723.0,,311,258
861.4184393061912,1575.1212806374851,127493.12156862745,17.637352617560747,0.058295586475293926,79.99215686274509,1595277.0,,311,200
471.01999528316395,1318.0721846812205,107848.96470588235,17.975701483336874,0.09673051129752526,82.94117647058823,1559162.0,,311,16
1881.2574252967338,986.6711308065384,142127.8117381892,21.38662499226588,0.15906462598454377,71.52941175136068,1683130.0,,312,2
1441.8678404975153,1698.924312828144,107270.02350939847,17.28608108056924,0.08688930953634376,71.90588233952575,1660143.0,,312,162
1361.177205250725,437.7678715236766,112194.25880259741,17.638288912072277,0.1436792181327805,87.71764704245811,1514383.0,,312,243
912.8837292419452,189.56907039141686,220149.83525304444,25.523741209907207,0.2009565123557328,70.77647057503057,1734501.0,,312,110
861.9551024828436,1575.0593038234422,132099.01174006026,17.436826128298488,0.029051113993687854,82.82352939631238,1576483.0,,312,200
794.6775073491644,185.60528965719377,129730.6352699139,18.738209243915673,0.20324498477913674,89.5999999832834,1510537.0,,312,258
463.90139811992486,1322.2352066041358,108811.67056793437,17.301617148986992,0.07542275131149963,84.70588233713767,1530226.0,,312,16
446.85358848525874,82.62038630039109,160177.69408776282,21.26317132018661,0.30857175530171393,92.9882352767689,1505205.0,,312,17
245.3352799090963,1780.1213573135058,171289.22349745446,26.91171872394287,0.21556743319203447,60.611764694574056,1808423.0,,312,59
1363.4458539231048,439.96608211803465,107763.38747761122,16.632705143738274,0.1551992750312037,85.86666606293932,1529343.0,,313,243
1442.5056177103925,1698.7067276667142,106224.28160607972,19.313084988629754,0.09532255943356503,68.90980343706475,1682492.0,,313,162
1880.9362304006913,987.1241034529758,140292.0617587065,20.887654084185602,0.19047842218041497,69.9921563706312,1698831.0,,313,2
915.2735301586226,190.64808958710705,213118.90046234825,25.545249734319672,0.15289029740716062,71.79607792657531,1727762.0,,313,110
245.0470930600653,1779.8249120410987,159557.5831918783,26.818400471257167,0.25446400992140206,58.80784272377777,1810171.0,,313,59
462.7959165779013,1328.0685419968304,111095.59137575117,17.665437113640674,0.1353366443793369,84.78431312937286,1536833.0,,313,16
788.0859686350117,189.43549192951107,122757.58345061861,18.53439188231239,0.17508913774629284,86.94901899650579,1541794.0,,313,258
861.0157581312765,1574.618423783335,125167.62264935992,18.39067398887657,0.05560672589962315,79.73333277272937,1588228.0,,313,200
446.94490404084263,82.260568304912,157872.7204586265,20.606067177529685,0.29186056921065767,90.91764641958281,1510872.0,,313,17
1881.4840880825225,986.8400630205992,143324.29319039237,21.295601214426693,0.1907428980065246,70.77613424794414,1687968.0,,314,2
1442.186512747709,1699.8093802136766,108412.1862073152,17.965860993998287,0.0704634281205408,70.77613424794414,1668287.0,,314,162
1364.979016261878,441.2727367070129,108254.15695518487,17.8459967259745,0.11240770603645209,85.75521027925507,1530470.0,,314,243
245.91202673084362,1779.5534058189007,174274.060086287,26.61088224967977,0.2226938830221155,62.53764243072313,1801094.0,,314,59
914.2460394353935,190.77380463437837,213355.21840577878,25.725002246809932,0.15966979716826224,70.77613424794414,1717409.0,,314,110
466.96296140306544,1333.6151958977814,106695.58409412697,17.697956630112166,0.1699517037354536,84.63177957690675,1537627.0,,314,16
781.278943125162,193.6123366096298,128662.39909404445,18.16549403995131,0.19483811736157194,88.75102548551726,1513361.0,,314,258
861.0507731475602,1575.122829774496,123849.24748828346,17.738799641733674,0.03654323252976968,80.88701056907902,1590254.0,,314,200
446.6735796257181,82.43833497020006,167006.9613496965,22.120212582751186,0.3494058124814045,90.62340998943112,1519613.0,,314,17
1441.2239511291777,1700.0050380948971,118083.85098039216,17.692157740830048,0.0961010616753911,74.94117647058823,1634566.0,,315,162
1365.8232731627083,441.27832756401875,111688.4862745098,17.17091964104194,0.15723504357257861,90.69803921568628,1488466.0,,315,243
1880.9957487319232,986.8862785789481,152594.83921568628,20.96904467635014,0.2227435842261344,76.86274509803921,1634042.0,,315,2
246.46287666219348,1779.5336808366696,173262.07843137256,26.340094680888996,0.22150166939423466,61.87450980392157,1795239.0,,315,59
914.1975383941434,190.28084378659344,228095.96078431373,26.126418477596427,0.15468772151822105,74.55686274509804,1703419.0,,315,110
474.9108790205113,1336.3390590144675,113188.46274509805,17.577778209361764,0.12491429355731036,89.92941176470589,1493444.0,,315,16
774.0354024448325,198.5101143874132,137985.15294117646,19.185755218939146,0.22753614235736783,92.61960784313726,1482628.0,,315,258
862.4064730210926,1575.2334558217958,128325.81176470588,17.939888016423453,0.060299129363174775,82.62745098039215,1572818.0,,315,200
446.9821309536154,81.176684322684,181607.06666666668,21.368649124824955,0.2789850428537828,95.69411764705883,1486852.0,,315,17
1442.3090964729506,1698.6724224482357,110632.48308886016,17.472765966681116,0.0897015720972356,71.89411048004239,1652393.0,,316,162
1365.506368028107,440.96512397961675,109135.25970870435,17.356920493043095,0.1222283206940905,88.63136371349141,1506062.0,,316,243
1880.12798749099,987.1864716532439,134044.8572255038,20.23466580634737,0.23437527881427034,68.8509735285062,1700348.0,,316,2
861.0944853988041,1575.0348815135887,120230.53703400528,17.403355164118683,0.04463067692237303,76.83920802628869,1619210.0,,316,200
767.3168020858244,201.6636549757062,130431.13209555458,18.96133565405251,0.17624673708765443,87.87057947560737,1520206.0,,316,258
479.2783517724901,1335.1103982499237,106070.44040638847,17.56002608055356,0.07335214463484246,79.88234497782487,1579646.0,,316,16
446.7021124332189,81.77817797911186,161057.26237581475,21.416579015579185,0.2998670842519537,87.87057947560737,1537293.0,,316,17
244.93018244836162,1779.1319864218044,165063.93256463108,27.387883712995343,0.23646564559821903,58.58038631707158,1814856.0,,316,59
913.8811151827174,189.63762723294133,222249.04058942333,26.735397130383884,0.2266911668172128,68.8509735285062,1753854.0,,316,110
1364.175351378951,441.36662779705927,111396.40784313726,17.47562632168287,0.15367268158832068,89.54509803921569,1501680.0,,317,243
1881.3776679949074,986.7465427434412,148817.41960784316,21.287414227143003,0.20759909078962488,73.78823529411765,1663039.0,,317,2
1441.3746144062734,1699.9749039089893,109385.67843137255,17.519522663750255,0.05873738967763382,71.86666666666667,1654770.0,,317,162
914.486072752002,189.34353184461438,221527.6549019608,27.003784628690255,0.09305855338908123,71.09803921568627,1719788.0,,317,110
244.27898337833705,1779.3251754484415,174634.84705882354,27.24197020879703,0.2452288464435687,62.643137254901966,1784522.0,,317,59
486.893587879011,1330.450729947164,104377.6862745098,17.467468349012623,0.08938337765360167,83.78039215686275,1543525.0,,317,16
447.82762674054027,81.65725815000388,163144.63529411764,20.659106247249113,0.27525899538418525,89.92941176470589,1530993.0,,317,17
760.8034490234994,206.9676056416329,138258.4,19.473204567162725,0.2365651855369366,89.92941176470589,1499030.0,,317,258
860.8744513748037,1574.87048937825,126003.01960784315,18.48178963938401,0.05788728814808301,78.7843137254902,1603160.0,,317,200
1881.35953072295,986.3521083276775,142936.2588235294,21.546147759630635,0.20688899925188142,71.84705882352942,1666874.0,,318,2
1441.0406096812233,1700.3812521724442,112268.50588235295,17.598279764686612,0.0994181167535819,73.67058823529412,1648546.0,,318,162
1363.565605112309,441.8049747609364,110831.92941176471,17.039441795080144,0.14726759201934372,90.81176470588235,1487281.0,,318,243
914.6884036321522,190.18767518756607,217288.11764705885,25.85274288363801,0.14728014357526428,71.84705882352942,1715520.0,,318,110
245.9048262026928,1780.200622403971,170163.7411764706,27.18282902137591,0.24531079224171912,59.44705882352942,1814911.0,,318,59
490.9007624677728,1336.0880047787264,106235.5411764706,16.860105153554617,0.1181674072878941,83.88235294117648,1549074.0,,318,16
753.7033116013513,212.1745162659201,132353.95294117648,19.85241039904204,0.26370913723316675,89.71764705882353,1501377.0,,318,258
862.331964043794,1574.5478030316244,125449.3411764706,17.183140209667705,0.052420333302539014,81.69411764705883,1584082.0,,318,200
447.23657226778494,82.21448319487574,164892.2823529412,22.18421545363166,0.330212393150588,89.71764705882353,1524547.0,,318,17
1880.2081348325896,986.749424382729,136298.69411764707,20.594052690949347,0.23612548324588176,71.89411764705882,1666382.0,,319,2
1441.3955653963267,1699.6675229064417,109435.78039215687,17.81721678191363,0.09989877641886954,71.89411764705882,1651333.0,,319,162
1366.107473892519,441.6332228459351,108220.4274509804,16.57369769857492,0.15149344472331297,89.77254901960784,1488146.0,,319,243
247.4114012538722,1781.356539599461,180386.1450980392,26.73048357589186,0.24424659808120178,64.66666666666667,1783924.0,,319,59
447.44992537993846,82.1239148899414,158539.0823529412,20.31831019616421,0.2845416279024004,90.91372549019609,1511130.0,,319,17
745.2911631485478,216.13628685636934,131514.5019607843,18.36426407596251,0.18032365596889977,91.67450980392157,1478886.0,,319,258
862.8111256326637,1575.3038295799915,123407.58431372549,17.395772984921933,0.051745745035633825,81.7843137254902,1573485.0,,319,200
913.237411312574,189.99773530322653,216172.29803921568,26.50324327388205,0.1426475395348931,71.51372549019608,1719287.0,,319,110
495.50405652479157,1340.284058101599,101321.63529411764,16.948164920935014,0.08268059964407011,82.92549019607843,1549522.0,,319,16
1442.399443593118,1700.828100292864,108975.12549019608,17.397857686776216,0.06926080059618414,75.69803921568628,1621917.0,,320,162
1371.0307611510411,436.36385886798433,115164.4862745098,18.02089442343908,0.14869089969742447,91.67450980392157,1478741.0,,320,243
1881.4641299702928,987.2870941002631,147766.37647058823,21.20666812864127,0.2107026253920905,75.31764705882352,1637202.0,,320,2
244.53141690656895,1780.4988411410625,181684.80392156861,26.777143417075774,0.2328345849893407,60.86274509803921,1807516.0,,320,59
914.8789492584236,189.8025404665596,224569.83529411766,25.60284759344656,0.16520868623614715,73.79607843137255,1708106.0,,320,110
499.1472988371517,1344.2685309043038,107491.97647058824,17.268132657857944,0.07897696084304502,88.6313725490196,1499603.0,,320,16
740.9432969835069,219.21581759982638,140227.76470588235,18.224975262186,0.2055239790490439,93.95686274509804,1482216.0,,320,258
862.8550651866992,1575.442144220034,128787.85098039216,17.741878945945256,0.06430686273538166,82.92549019607843,1567486.0,,320,200
449.12342035565644,81.0718301395473,170914.0,21.099168846133274,0.2980797654916595,94.33725490196079,1492017.0,,320,17
1879.9611000361754,987.0299485079624,148265.06962689667,20.353073679390597,0.17948841682547226,75.69803872486636,1651773.0,,321,2
1441.5725045176255,1700.4038521185641,112830.39926841689,17.060316832232658,0.07059080719760331,76.07843087926268,1622960.0,,321,162
1374.9639942373994,428.5905756306341,108785.30909856649,17.786527026673326,0.20235852993404677,92.81568567270047,1472368.0,,321,243
244.24957810146742,1781.4813359868103,176041.30474091548,27.581814195821043,0.22704917884142148,63.52548978418434,1779213.0,,321,59
447.3674961823685,81.49184809941386,166400.2655877409,21.76275610607583,0.3171823070662319,92.81568567270047,1505675.0,,321,17
731.5459223366872,222.72427539826336,145704.6500356551,19.85134263694453,0.2140898248176734,93.95686213588941,1481643.0,,321,258
862.1875174874596,1575.307499487996,131873.21090965075,17.795845575698916,0.04819560781143198,81.78431319520737,1587694.0,,321,200
914.269010401239,189.47397320559585,224733.78285656997,26.588216583935473,0.1504558203262725,72.65490148969586,1713754.0,,321,110
503.2401408286662,1349.5978629449564,114310.50514117295,17.165629318809845,0.05587301351481008,87.87058766554838,1522108.0,,321,16
1442.778453799277,1699.5517270627536,115400.28233141103,19.156375132228103,0.09728380635530738,72.28235292769081,1654440.0,,322,162
1376.1584587013492,425.8133520980944,116363.29409593724,17.89911109181106,0.22079687791181318,90.35294115961351,1492301.0,,322,243
1881.208496542386,986.316238696262,140130.6352679736,20.90470406258529,0.19696522464714164,69.64705881053541,1689798.0,,322,2
244.0545878112569,1778.4694116612823,171297.88232098226,25.735174373172256,0.18602969989259138,58.72941175374878,1827660.0,,322,59
507.01994122274505,1352.5603728496578,101455.81174577735,16.11282633455394,0.07794789746037642,86.964705866128,1518852.0,,322,16
725.8234291614643,227.9694208693545,142922.54114980562,18.74722421182911,0.19691065472141114,94.87058821759418,1473406.0,,322,258
861.9819324920348,1574.6635231357075,132814.30585757387,17.85539045207909,0.06760861794826016,80.9411764554871,1584295.0,,322,200
913.4516483972045,189.80872684937282,217948.61172404335,26.54953811352633,0.126827330231375,72.28235292769081,1715191.0,,322,110
447.33378477962117,82.44917135263488,170119.90585061378,21.35662875921537,0.27753653241697757,95.62352939392429,1482072.0,,322,17
1442.1362866117433,1700.0604248753202,111583.18431372549,17.78817195574116,0.06462420801424447,72.63529411764706,1652321.0,,323,162
1381.7145812301862,424.9684607619149,108497.52941176471,18.111419792811073,0.15955563150978444,90.69803921568628,1479505.0,,323,243
1881.3621469152065,987.7932037414016,144423.17647058825,20.788405585396717,0.19734679967165508,73.01960784313725,1659755.0,,323,2
914.5764653948359,190.1243537003533,221130.65882352943,25.736042381603077,0.16672083316433584,71.86666666666667,1722397.0,,323,110
861.834906593089,1575.0300952473663,126332.76078431374,17.34649404737684,0.05938463102586236,80.70588235294117,1589361.0,,323,200
719.5294414181889,233.44490086332303,133413.3568627451,18.678800575360828,0.18349673905486602,89.92941176470589,1504367.0,,323,258
507.72602528357,1356.1769526946773,107100.16470588236,19.83288797240544,0.0518912670411126,85.70196078431373,1530357.0,,323,16
448.70432967211406,81.50812929864648,165675.72549019608,21.28091356755084,0.2755843821456856,93.77254901960785,1504207.0,,323,17
246.14827945686073,1780.1395543193676,176583.31764705884,26.083589917206265,0.21240714748351636,64.56470588235294,1770075.0,,323,59
1382.3063390720988,418.76023014816906,110341.87446905562,17.10395756210692,0.16119314348251962,92.81568624023377,1469733.0,,324,243
1441.9491355993969,1700.5492312167137,113778.71760504133,17.34454105244154,0.06852710055918569,76.83921565789845,1616244.0,,324,162
1880.765761961168,986.2964232373694,147721.49014152616,20.474314046253756,0.19024751468840384,74.9372548742871,1651394.0,,324,2
915.2717876179528,189.94803880448495,224013.32148590125,26.050359825436786,0.22763488419519676,70.75294115034214,1736465.0,,324,110
245.3647172166621,1781.4106980527247,174912.68228834742,27.959575646034686,0.24312805772630952,62.00392154572994,1791360.0,,324,59
512.6908854609326,1361.9782707235538,107416.65878386136,16.784538671858286,0.12455443790465244,85.96862741923292,1532970.0,,324,16
711.8759325613435,238.09888381378747,138329.2273998966,18.43260161540198,0.17526657942461923,91.67450977006696,1489416.0,,324,258
446.53323740360185,82.80426062908919,169187.01954536382,21.016789823961588,0.2922121035512197,93.95686271040057,1489964.0,,324,17
862.7823519980383,1574.704065240013,120997.79995531656,17.840306278751644,0.062120522819459345,79.8823529116766,1600701.0,,324,200
1879.71170948553,986.8800248135765,141687.14112189625,19.996454355887828,0.19389563103262267,72.94117644249313,1672526.0,,325,2
1443.366470884025,1699.6375239199363,104441.5529009482,18.053647374133597,0.10644594122588982,70.75294114921833,1661356.0,,325,162
1389.2762302489896,412.092395923976,108552.15289936491,17.451966187107885,0.15048566488306914,89.71764702426654,1507734.0,,325,243
914.5767708947627,190.42667189399504,221400.54109119266,26.100289947106194,0.23770256419440713,70.75294114921833,1741090.0,,325,110
244.86999144499,1779.7640281996905,171801.63522794397,27.994694769523505,0.21668511660359163,60.541176447269294,1808873.0,,325,59
516.82455953968,1367.529165824186,106420.08231195083,17.13732594627394,0.13526241288841276,84.97647055550449,1535687.0,,325,16
705.4730915913391,241.77104967480392,136654.19994736422,19.327899075885398,0.1876639497187597,90.81176467090394,1500338.0,,325,258
861.9370492931018,1575.2362326833666,122996.3293643896,17.374052098797225,0.05452558332664997,79.87058820452997,1590966.0,,325,200
448.19798001667084,81.66864695757602,168452.1764057047,21.571167086341404,0.3042652363641473,91.54117643532886,1519784.0,,325,17
1880.9764547540913,987.2374954421638,139968.2664313805,19.676973854938655,0.2085578378488822,74.67796211055895,1652007.0,,326,2
1441.520090879139,1698.9248393827907,109343.54717550866,17.50565010729351,0.0788145519693409,72.8016314042635,1653539.0,,326,162
1386.4195619525667,410.25244003641996,111693.83901821435,17.229049751973697,0.1537318940103046,91.9402046084771,1474173.0,,326,243
246.69343273897528,1780.5790298804825,172345.85383307355,26.47072716496491,0.20787522550612977,61.91891330774988,1793734.0,,326,59
447.47877461507665,82.12308220798602,164954.98718097576,21.049075798742756,0.3079752238007031,93.81653531477255,1495067.0,,326,17
698.7922830360865,247.0839069840805,133232.98972806236,18.117666734509385,0.15918417011361546,91.56493846721801,1496725.0,,326,258
861.9560886941149,1574.9876028684903,120567.00692828554,17.309558583089434,0.07381484339609687,78.80588966440894,1599282.0,,326,200
520.7324018227466,1372.8512116458312,115539.5664338375,17.030306021333196,0.15078224789333136,87.8122770546271,1521202.0,,326,16
914.9782398595247,190.17883708784393,216276.7599257102,25.871116773466714,0.1289860978752703,71.67583298048623,1725920.0,,326,110
1881.0450862209764,987.4439629510598,145172.10519921666,20.620731937769115,0.22002293940578868,74.57353285735012,1657127.0,,327,2
1443.0068155526228,1700.4990891110606,112727.26440903857,17.180479398538203,0.06839853213562923,75.72081797823242,1625039.0,,327,162
1386.8246330761083,401.7770602071555,111208.64133736401,17.532325570885348,0.13240851372752221,91.78280967058475,1482781.0,,327,243
914.5499932700005,189.94905744585893,215932.8271715012,26.358319033970265,0.09820812865217138,73.4262477364678,1698913.0,,327,110
861.8618424962852,1575.3008172362556,128687.14772563237,17.37183994802485,0.08614654145557787,82.22210032989884,1573443.0,,327,200
691.3059927234203,251.20561216666434,137171.32119455704,19.15559935090328,0.2387132080834789,92.93009479146706,1488063.0,,327,258
524.7472678090984,1379.6626768581436,105468.3914492162,16.412992122099276,0.10839803311789961,83.36938545078115,1552819.0,,327,16
446.9901121419409,82.68147971371334,166657.31365797966,21.632411427671002,0.33429643499972456,89.87066780244757,1522053.0,,327,17
244.18978060413355,1779.7473259141495,180410.58525874314,27.60171234982151,0.18222153534062066,62.71825327489958,1800076.0,,327,59
1388.406538790091,399.8312427617829,110338.21568627452,17.178865138802927,0.1688459918572064,92.76470588235294,1469622.0,,328,243
1441.9081333553393,1700.7237629971942,112863.72549019608,17.775017563453655,0.08298277950228307,73.76470588235294,1637390.0,,328,162
1881.4669778744085,986.0641514260136,145648.03921568627,20.023098632170058,0.1802053119022978,73.76470588235294,1663727.0,,328,2
246.02696580365418,1780.5993753360715,162816.96078431373,27.38297618109506,0.2422035791583567,61.09803921568628,1793845.0,,328,59
447.3294912985567,82.29290739967149,170337.98039215687,21.585215708744048,0.2975029862349037,92.3921568627451,1509310.0,,328,17
684.0916859349097,256.0127388535032,136633.0980392157,19.38615057092672,0.2590651839301012,89.7843137254902,1503686.0,,328,258
862.0777558701202,1575.2065988661288,124328.54901960785,17.606262887460396,0.06586905518537556,79.72549019607844,1596983.0,,328,200
914.2335023609593,190.1412671090627,224227.568627451,27.087819175110138,0.1372010407106327,72.64705882352942,1716837.0,,328,110
525.9912860451891,1385.5369883629,107438.66666666667,16.934480426677553,0.07349055527885572,87.92156862745098,1515787.0,,328,16
1442.0521681184255,1699.61387610438,108109.70868584675,17.395337788527872,0.09535395365943741,74.81312017056806,1633250.0,,329,162
1391.9548217769882,396.85498267276273,108741.068086228,16.473884235049173,0.16870955711802976,94.60495090352256,1451449.0,,329,243
1880.9687612381715,987.8003080936304,147494.26433458226,20.34064726916031,0.17975343594326826,74.81312017056806,1647001.0,,329,2
247.05795035679915,1780.329235741652,174399.27903296062,26.472495455355077,0.21922216375946804,62.93802173079535,1789653.0,,329,59
913.1512013979101,190.69852510193095,215430.51499867794,25.0815705451943,0.19106152786767877,73.62561032659079,1722201.0,,329,110
529.4719991896809,1391.1939857181258,101606.90478022721,16.36990403537967,0.12110201928604576,86.68821861034075,1521967.0,,329,16
675.1594508598191,260.80417813687984,132863.35138355294,18.834979904649025,0.18654290471702784,89.85491152761348,1502481.0,,329,258
862.6910330117149,1574.984132380143,118768.79704538673,17.620363080464703,0.09360077540780491,79.56315954647714,1595554.0,,329,200
447.79655085694765,81.89484360468427,166843.5497323479,22.37344894641193,0.3093352748401848,90.25074814227257,1523331.0,,329,17
1442.3629255644398,1700.644168150789,110296.03145933119,17.77110121138523,0.0814132458247072,72.97075380814415,1652495.0,,330,162
1395.317396568024,387.9586442130464,108371.8885015922,18.59889550365156,0.2030059161703673,88.81793771597344,1499848.0,,330,243
1881.386851731511,985.2956644096931,140646.33695610944,20.909195950730723,0.2118712176744897,70.759518844261,1685443.0,,330,2
914.6355610055181,190.02301189108903,213386.01671052782,26.656633943429803,0.13355173436009796,72.60221464749696,1707607.0,,330,110
861.1189805655766,1574.5259513557546,126674.28029765308,18.58922454468132,0.05417793675187766,77.39322373591047,1621341.0,,330,200
667.8611935350857,265.3524305415188,136746.0870189802,19.31896412705384,0.1788454472787197,91.0291726798566,1497008.0,,330,258
531.649917364853,1399.474788213826,102799.20785344599,16.766251919218355,0.11814267556653917,82.92131114561836,1566598.0,,330,16
448.3932806184042,81.55022053803248,155996.36153622568,20.824628522518246,0.2852043388150795,90.66063351920941,1513501.0,,330,17
246.76592945140936,1780.4032638385277,169735.13290599236,26.978783355981413,0.22705899176699856,59.70334402484522,1817466.0,,330,59
1392.572585887718,382.3923660494785,115274.41960784314,17.804658395855874,0.22434729360224928,92.8156862745098,1464697.0,,331,243
1442.4914570067604,1699.4490186770556,116192.6862745098,17.65420070615519,0.0561818625075287,75.69803921568628,1632183.0,,331,162
1880.99472596376,986.2649364780468,153122.29803921568,20.76565726267195,0.19074046851280288,76.83921568627451,1647326.0,,331,2
246.04652787510457,1780.0132421080348,179135.03529411764,27.28044493665908,0.22925224610311612,64.28627450980392,1791789.0,,331,59
447.0105404774832,82.3022243154904,174452.7882352941,21.665260407747677,0.3039903811721843,93.95686274509804,1494326.0,,331,17
661.9842820486267,269.34599054161345,132234.96470588236,18.17754451843064,0.16150304117748196,91.67450980392157,1486806.0,,331,258
915.0099278327456,189.56688379070656,226177.75294117647,24.708826721504796,0.18504370870904643,74.93725490196078,1705402.0,,331,110
862.1842696697096,1575.3250493895034,125925.78039215687,17.036465410714403,0.06372959917187365,85.96862745098039,1545702.0,,331,200
530.453663920659,1407.2759945613052,118901.07843137255,16.91947685694487,0.09722271305104477,90.91372549019609,1491202.0,,331,16
1442.8311459070912,1699.9286656308411,111016.25490196078,17.987778293178252,0.100486101363758,71.90196078431373,1656764.0,,332,162
1386.9308772184793,373.79438256289944,107664.05882352941,16.442486582291654,0.1581875433065979,90.90196078431373,1474563.0,,332,243
1881.199665401032,985.7475955502949,145412.58823529413,21.607528927204022,0.18769379748877832,71.52941176470588,1680320.0,,332,2
245.5555754634368,1781.6205047693063,166343.50980392157,26.44098526617593,0.23016172934311482,61.47058823529412,1796583.0,,332,59
913.9684139329283,190.48771202767668,225279.27450980392,25.683503617566423,0.19473533523619074,73.3921568627451,1722729.0,,332,110
531.5322602584448,1413.6417041811058,115031.96078431373,17.278966244617315,0.13080119955876196,86.80392156862746,1525730.0,,332,16
654.8389434453384,273.2227875059158,138546.50980392157,18.668703995266608,0.20042330733992628,90.90196078431373,1496433.0,,332,258
862.8576839139871,1575.617968528023,123251.88235294117,16.92839770102692,0.058510491178314215,81.9607843137255,1582489.0,,332,200
447.22362404599403,82.39585784890562,177291.60784313726,21.85077172536742,0.3194362384396984,92.76470588235294,1512425.0,,332,17
1442.402491301101,1700.9652393587442,122007.27687801624,18.41162100891317,0.048658815385260276,74.82611556414031,1639958.0,,333,162
1387.9316857780836,363.98251599147125,115462.89951675879,19.589211983393202,0.2145894463856964,90.72181887051208,1491552.0,,333,243
1881.2406398577623,987.3025169396681,146534.73477982855,21.049118839501876,0.21065704417934492,72.88761516092424,1676376.0,,333,2
863.280942448822,1575.6598717651602,125469.43859816014,17.35385284525426,0.06099683799159239,80.64161677378851,1576203.0,,333,200
647.7374399647001,277.62088521307226,137068.2619107632,18.538464669873836,0.1886516132342182,93.8234195156578,1466648.0,,333,258
534.6483821095575,1418.9501011394361,113849.67948120237,17.622330463119564,0.1344878076709589,86.84481806407994,1530145.0,,333,16
447.96983457971396,82.24192977217967,167506.20754198128,21.98567500452706,0.3263635482729754,90.72181887051208,1515917.0,,333,17
246.80027145588176,1780.953286967013,174814.7417621865,26.420347111151987,0.23631164169708085,62.807413064200674,1803623.0,,333,59
913.7457498608792,190.20090254590986,222943.0543730738,26.73128167662608,0.10340898850013554,73.66301532221067,1709166.0,,333,110
1388.7697289224939,356.1995694302453,107895.34117647058,17.710982005217872,0.20054208232649012,88.47058823529412,1493639.0,,334,243
1442.2469556932535,1700.1904126070115,108267.6705882353,17.700998450859302,0.09352768700018009,71.90588235294118,1658679.0,,334,162
1881.9127918584368,987.3001938717609,143308.8,20.69331486139725,0.18336290948022518,72.65882352941176,1673033.0,,334,2
246.92586163881433,1780.6049436946782,176550.02352941176,26.949196621163004,0.2199399223871158,60.98823529411764,1811317.0,,334,59
914.5229061616037,189.8663038576641,220397.9294117647,27.203447999284613,0.14636878340901857,69.6470588235294,1736743.0,,334,110
534.657115257405,1426.2215583951952,107564.04705882353,16.94337464201065,0.1622529057504711,82.82352941176471,1559598.0,,334,16
641.1541934311814,280.92855264192536,138843.48235294118,19.33541361595216,0.18481858384248318,89.97647058823529,1517460.0,,334,258
862.5752417576203,1575.5436264982425,126485.4588235294,18.277621273404467,0.07187089845094426,77.92941176470588,1614735.0,,334,200
447.20430425821166,81.70421874314783,171693.17647058822,21.447159882313034,0.28793063033346533,90.72941176470589,1518989.0,,334,17
1881.4654474654058,986.9070913010222,140989.3389218222,20.07641662980954,0.18916091093910553,72.94073302123337,1671056.0,,335,2
1441.4135682663361,1700.4315955374536,110724.81703518947,17.435336780685468,0.09372779733656396,74.5093509356685,1631496.0,,335,162
1381.7794463394594,354.6972437906149,110253.0551974231,17.9254117820279,0.21005861276382723,93.33276590889001,1464152.0,,335,243
862.9916628916455,1576.293635624616,126389.03552873865,17.19629406452918,0.05183113955181844,81.96028602923535,1576212.0,,335,200
633.6994631063554,286.05615493907237,146009.7005569718,18.418265607368507,0.16856459119684988,94.90138382332513,1464068.0,,335,258
534.7791230490972,1432.3913529141205,113395.78118899389,16.79596365587152,0.11035025319415814,88.62691216558463,1509179.0,,335,16
448.0974852995201,82.38095828643765,167593.88305959915,20.93735845793033,0.3027572861716952,92.94061143028122,1500055.0,,335,17
245.66458124152962,1780.685002498908,174192.6664711491,28.19803607657699,0.2509348595775776,63.92118001323139,1780690.0,,335,59
915.2270872744006,190.31707142491948,230104.48341327475,26.519570933887884,0.24256899805377682,73.33288749984214,1723888.0,,335,110
1380.7675036340288,350.22253293440497,117915.90588235295,19.14244700331626,0.20337309729407804,89.92941176470589,1494552.0,,336,243
1442.834786792766,1700.2967380122782,115812.94117647059,17.97905580535951,0.08499642891757615,73.78823529411765,1647437.0,,336,162
1882.3052181552575,986.8555608903963,150480.34509803922,20.969374736215567,0.17229072054011663,73.78823529411765,1656659.0,,336,2
913.9597871478278,190.65109959110683,229520.61176470589,26.60809416623673,0.15242662549523303,75.32549019607843,1690395.0,,336,110
246.08115079017833,1780.3850128633683,175674.41568627453,28.06326627647256,0.23761228298630674,62.643137254901966,1793715.0,,336,59
535.146854298388,1438.4073099525547,112024.76078431372,17.224198912250532,0.1239145709344931,87.62352941176471,1522967.0,,336,16
628.473615248163,290.8141088813443,138440.18039215688,18.22207856318157,0.16820857087217655,92.61960784313726,1489780.0,,336,258
863.5033163690363,1575.524576793894,131470.26666666666,17.545969584731896,0.07489523069678379,84.54901960784314,1550486.0,,336,200
448.07518756263374,82.42090996090752,170270.96470588236,20.99482825135947,0.3074282264582369,94.92549019607844,1490477.0,,336,17
1441.952941774038,1700.0822748590488,113493.60784313726,17.834816700048957,0.10374119116069885,73.78823529411765,1644696.0,,337,162
1380.2220780254502,348.8383807971428,111050.1411764706,17.983530962356163,0.2232313438865437,91.46666666666667,1474873.0,,337,243
1882.5907050443054,987.3322017944962,138006.29019607845,19.99525184658155,0.18930284932224323,70.71372549019608,1681616.0,,337,2
914.1257923447839,190.5592284249125,220932.73725490196,25.655344943366558,0.1430019963425282,73.40392156862745,1699959.0,,337,110
861.8492358325739,1575.3516592271837,132418.36862745098,17.799313003366837,0.05350747923422029,81.85882352941177,1583418.0,,337,200
621.9627055072086,294.03530079925224,129923.40392156864,18.965225662269184,0.2211159974017453,88.7764705882353,1516125.0,,337,258
534.9879557256764,1447.5751909392748,107531.36470588236,16.59188773994864,0.062291740260987195,84.93333333333334,1540130.0,,337,16
446.6793755749899,82.58420985479478,171691.00392156863,21.78394317978454,0.29414515802363883,93.77254901960785,1497063.0,,337,17
246.15891680569626,1780.516947148501,177142.87843137255,25.822260859725112,0.21647781904084215,64.94901960784314,1777228.0,,337,59
1382.2178051612393,345.9557674818199,103639.03919614688,17.11491524818107,0.2058367196663124,86.80392155226204,1510788.0,,338,243
1442.3497793271624,1699.5413679998626,108469.50978347147,17.87662664735295,0.10975094916347293,71.90196077075782,1659549.0,,338,162
1881.5066056910568,986.903565747614,134904.47056280132,20.75399558327396,0.19336983950521447,69.66666665353219,1688594.0,,338,2
246.0867122656523,1781.5439604343849,167378.45094883576,26.207865165238317,0.2073893291952351,59.607843126016846,1820271.0,,338,59
914.9238776028315,190.19044039684002,224520.76466355275,26.527972864219453,0.18639407871680125,69.66666665353219,1750256.0,,338,110
532.4224214596742,1454.908221948472,113106.62742965604,17.278196954907713,0.11388047200227747,86.80392155226204,1521481.0,,338,16
614.1922039103847,299.7311240299449,135857.45095477853,19.18102779131971,0.23857002996685514,90.9019607671757,1501309.0,,338,258
863.1167164566044,1576.2690254335644,123584.5686041512,17.55504441513342,0.07115819475396708,78.98039214197232,1600472.0,,338,200
446.740602778368,82.4418626728569,164822.39212578826,21.565731270911115,0.29471430459829384,88.66666664995006,1534866.0,,338,17
1881.567352324227,986.584524940825,146221.16470588237,21.456976760471825,0.21141884017143947,71.48235294117647,1682199.0,,339,2
1443.3011956643961,1699.5904278699863,107032.78823529412,17.698235913760527,0.09050238440847276,73.67058823529412,1652211.0,,339,162
1382.480059002788,343.98737599688775,112497.17647058824,17.87451242007269,0.19391956249874814,89.71764705882353,1491280.0,,339,243
915.6452658281434,190.32398386238125,227443.71764705883,26.907480716715547,0.1671658790251518,71.84705882352942,1725648.0,,339,110
244.62300037023624,1780.0785447085552,180266.45882352942,28.020257289938588,0.24895440002628946,60.905882352941184,1805920.0,,339,59
446.03869121980097,83.77043449683856,162024.6,20.297005073736276,0.2864448242016949,91.1764705882353,1505453.0,,339,17
606.5203291424522,305.03885586451116,131724.83529411766,18.604142997714067,0.1845935520050197,90.81176470588235,1505279.0,,339,258
862.5080962546654,1576.3086393935432,125566.41176470589,17.419251083533606,0.06314216189816399,79.87058823529412,1596471.0,,339,200
533.3030308856801,1463.9187063777424,113807.92941176471,17.40316901257602,0.0991240113167353,86.80000000000001,1534030.0,,339,16
1442.4515347334411,1700.580457750049,109070.22745098038,17.36716272438986,0.05220191771351644,72.98823529411764,1651254.0,,340,162
1382.3073911620295,341.14643207855977,112615.6862745098,18.003621476026588,0.20385551682732875,87.73333333333333,1510384.0,,340,243
1881.4669069088222,985.8868044870006,138709.71764705883,21.89949184037114,0.2179552730405936,71.51372549019608,1677502.0,,340,2
247.6057212223571,1781.7815886420015,174609.60784313726,26.843083171658076,0.2354692001245477,61.56078431372549,1802797.0,,340,59
913.9774466364512,190.55811750216128,217890.89411764705,26.13033050750544,0.10476685526413178,74.09411764705882,1700857.0,,340,110
532.0088758358702,1469.1018948559831,113339.67058823528,17.000387032775873,0.09961396206047947,86.99607843137255,1533788.0,,340,16
598.7035721717417,310.4627869875841,132862.54901960783,19.04308706262723,0.21512644925057275,90.68235294117646,1497649.0,,340,258
862.6213124677579,1575.2872376272167,123620.32156862745,17.71385699275001,0.08109223851621178,80.72941176470589,1587805.0,,340,200
447.77186647459956,82.6685442734071,171198.3294117647,21.966323428665287,0.31843572930971525,90.68235294117646,1517224.0,,340,17
1442.4908630057482,1700.6321888454236,110028.03137254901,17.21199446777039,0.05615970496553263,71.79607843137255,1658990.0,,341,162
1379.580069512545,336.73178297676463,108163.8588235294,17.8924624504364,0.23045957548625146,86.94901960784314,1517901.0,,341,243
1880.956436333276,985.8063760202631,140872.92549019607,20.81450321777226,0.20544756492392546,68.90980392156862,1701819.0,,341,2
863.3843736232283,1575.744574993195,128568.73725490195,19.02867746256161,0.040575897975320276,78.29019607843136,1608829.0,,341,200
593.5071719417583,315.2955494879825,136628.29803921568,18.628596511787624,0.20515635669556032,91.63921568627451,1488484.0,,341,258
530.8521371681273,1473.7633885259165,111932.25098039216,17.91312895645793,0.16213200685675325,85.86666666666666,1532214.0,,341,16
448.7151272226519,81.34678288317693,161388.2039215686,22.4746586622965,0.31796322661022525,88.75294117647059,1529311.0,,341,17
246.2110746931048,1781.1096862848883,177220.86274509804,25.949524467260527,0.21485476729151387,60.97254901960784,1816604.0,,341,59
914.0806354930442,189.20418706731053,225704.14117647058,26.933720776403316,0.14458894636377592,71.07450980392157,1725022.0,,341,110
1376.8648600737047,337.42084593277946,112912.97639247793,17.35204936460929,0.21942706675033186,92.76838034107031,1464359.0,,342,243
1443.788172528557,1700.7917682671884,115080.90800277215,18.128978363519057,0.07229262840370361,73.90675944184855,1639101.0,,342,162
1880.9130886338162,987.502824874789,135651.62271408667,20.852434474077455,0.1807874221881663,70.05744905425227,1688992.0,,342,2
915.167754668286,189.4356246804486,220592.0454509412,25.40219003912549,0.2027057949647555,71.59717320929079,1735863.0,,342,110
247.08689134525946,1781.664334076013,177949.76990818838,27.236093659960872,0.22578326666983156,62.358828279059715,1790919.0,,342,59
448.6773114042602,82.4240146193821,168513.1854929961,20.96485917158802,0.29525751327799865,94.69303553486846,1485397.0,,342,17
586.4169681202733,322.54363776116276,143227.4504879149,19.438555265477074,0.19229367654772767,94.30810449610883,1470955.0,,342,258
862.7035890496263,1576.4371197786932,128573.12584233587,18.470829912322102,0.03838639133220726,80.83551813952185,1590381.0,,342,200
526.5057592747888,1479.2565129704967,111082.6293031759,16.9598285087593,0.1457601597566995,88.91906995347404,1507189.0,,342,16
1443.2708720701846,1700.0180404609139,114843.87075195645,17.611487685433424,0.04940145042257918,73.68534328723145,1644184.0,,343,162
1379.1114513326559,337.8106940300954,114674.69521889903,18.053211189491154,0.21695809751664746,90.60289659297337,1492232.0,,343,243
1881.3269932173866,986.2592858462432,142449.5582906371,20.218060729915507,0.2030281957385031,72.93345202919848,1673942.0,,343,2
246.47802136532928,1780.6753674256786,168570.26059470262,27.121860163629556,0.23248460439343596,59.02346375558846,1822616.0,,343,59
915.1393624285697,189.86433252155103,219669.16643625253,25.147096053894515,0.1909524730445585,71.80561514214902,1736763.0,,343,110
522.3382881536226,1483.3043842511802,108146.77531665674,17.480192667873897,0.12066692780058301,84.58776652870958,1545202.0,,343,16
582.2809633375126,326.94698061476146,136432.54849822822,19.127000732951924,0.22823995251622492,91.73073348002282,1491376.0,,343,258
863.1278574455953,1575.6157446510083,123294.75254661805,17.18219471028799,0.09372025005626404,81.95614712559417,1582186.0,,343,200
447.65818280904114,82.96352511715786,166942.0400754322,22.25925210087307,0.3406757470693541,90.97884222198985,1517408.0,,343,17
1441.7581499230364,1700.8541447988384,109922.12542736281,19.23877706535663,0.1145940351631074,69.67058819546928,1685335.0,,344,162
1379.0471336888972,338.12174791100506,108788.59601624604,18.97436637147151,0.2781673997769694,89.57647053703194,1485952.0,,344,243
1882.3479855367907,987.0039559918457,143034.45482019996,21.155232144310148,0.1994834973734813,70.77647054777832,1682142.0,,344,2
863.2021113427757,1576.1667475495483,123053.74110613107,17.237847179750485,0.05821052493117595,80.72941171855965,1591386.0,,344,200
575.0307182362507,334.3566409797641,135567.1685499586,19.11830298083875,0.22162023541340659,92.89411759395904,1488064.0,,344,258
518.6582289708022,1488.5247738319083,103905.01954844935,17.492277563658444,0.16815408130825263,83.67843132471707,1552910.0,,344,16
447.45128741341,83.14129584962156,155120.27442113464,20.774832250065405,0.2925005110190697,89.9450979878016,1535150.0,,344,17
246.81062652800907,1781.2405927789391,166460.36068916228,26.934806658808025,0.24697744305288996,59.34901957391828,1811309.0,,344,59
915.1322291756582,189.57890787460275,225484.98810640324,26.159621245975323,0.20666805180652623,70.77647054777832,1744592.0,,344,110
1378.472852173302,338.05439755437646,103789.69861021853,18.00736952418385,0.193449374032161,87.89246763787436,1513773.0,,345,243
1443.5121310264974,1700.5156147740431,108663.90122424421,18.269995267915675,0.0757507995496317,70.75161295330965,1668404.0,,345,162
1881.913362007846,986.1291198881545,146602.81252479524,21.501675884881774,0.20459908964775744,70.75161295330965,1682973.0,,345,2
246.8621869209469,1782.2252482771544,175168.59390517607,26.581813184112676,0.2041562790855542,61.634137057264596,1806670.0,,345,59
915.4426593392085,189.49879360992838,220985.73377798172,25.607931874104924,0.1821816294291349,71.48101102499325,1743759.0,,345,110
513.0234348856427,1494.0319271719013,106803.57144241518,17.16831976844135,0.12394354811410647,84.97487535113994,1550425.0,,345,16
570.0936250287751,337.76960325065716,136246.45400399558,19.18546547564388,0.1951939485273152,89.71596281708338,1501547.0,,345,258
862.8623364888639,1576.520943786876,121892.6293513339,17.374596633695848,0.0675987377215676,78.77499174182931,1598952.0,,345,200
447.66513788935583,83.13278406759738,164444.6187562479,21.435783633805944,0.29813994333414606,91.53945799629238,1513779.0,,345,17
1881.9341083833635,986.5254876297564,145018.91353230274,21.602523306061286,0.1872773973250641,73.00164151764666,1658119.0,,346,2
1441.6484392580448,1699.9711890499816,107567.1503379206,17.737684172130756,0.07428704854536133,71.8489840199996,1654799.0,,346,162
1376.690032195663,337.30023808557553,113610.53359808409,19.727203321747247,0.228334729857838,89.1388464847054,1493353.0,,346,243
915.1718619868095,190.69791130988557,221901.55284452703,25.758787040583037,0.20179042973386482,72.23320318588196,1721765.0,,346,110
861.4251361461191,1575.4382764231548,127982.6357170793,18.243527794050657,0.06508305955492348,79.91758650352898,1592453.0,,346,200
563.8224390469296,343.2344889901992,149677.18669946038,19.321252091048255,0.1854030027489676,96.82322980235242,1463031.0,,346,258
506.39889213021524,1498.8786358892278,104181.41104816532,16.741483502387265,0.14293362185757774,88.75462731882305,1507285.0,,346,16
448.9322582273702,82.61574510023421,175043.72025017906,21.017098176109428,0.2930542806417874,95.67057230470536,1469234.0,,346,17
246.8639239058193,1781.2267811420666,176320.09631924023,27.36690294695537,0.2308531624368565,61.85928570705849,1804520.0,,346,59
1379.7771359552776,337.68890624201777,100851.22465233691,16.45282428779614,0.161804218528542,92.37010351450692,1467571.0,,347,243
1881.5346110728065,986.858918825034,139840.97655335275,20.222204746358763,0.21768304027398278,72.86565934610506,1665827.0,,347,2
1442.2799620395017,1700.2559338518126,109354.05828461851,18.098002643607867,0.101101165189086,71.76163420449741,1657911.0,,347,162
863.5542181723008,1575.52891184602,122328.56174879163,17.383122493425628,0.0876390003073314,80.96184371789451,1584705.0,,347,200
558.5376726999403,348.48191726171547,140027.55680228444,19.125609501238213,0.17014945579548382,93.84213703665046,1478196.0,,347,258
500.96699639291165,1503.2978082201575,102941.88026216126,16.581428364317937,0.16957974083523072,87.95400294807631,1514618.0,,347,16
448.0941842695027,83.22319475323357,165193.80990523088,22.20427066099591,0.33873435224455334,92.00209513397104,1499457.0,,347,17
246.0359266519644,1780.899752920036,180221.06411603317,26.750918666730083,0.21303529979501232,62.56142469110031,1804595.0,,347,59
914.9617822948081,190.55906123664545,215011.84039513458,27.370066075247177,0.1270800778455669,70.28960068235386,1726884.0,,347,110
1366.9884431358116,331.8012577811205,115179.49017413227,18.21755299182987,0.19022424996453058,87.73333331661674,1523586.0,,348,275
1881.6703277185595,987.5577458019793,141132.3372280108,20.012170426397255,0.16936720526553853,71.8823529274801,1679636.0,,348,2
1443.8625534781877,1700.1945763853798,109427.05880267931,18.1180698041391,0.10871408431990046,70.77647057474964,1661867.0,,348,162
863.8673175238682,1576.2886757006468,119693.33331052712,17.76196552063268,0.053023700471018065,76.6745097893121,1619851.0,,348,200
914.194533793947,191.07073835931172,223015.92152613428,26.920988475343822,0.14824575631269954,71.14509802565979,1727790.0,,348,110
550.6790227272727,355.19008585858586,145976.47056042112,19.899071408718875,0.18772361313340793,90.68235292389797,1517268.0,,348,258
492.99748300388325,1501.648015080058,100907.70978469474,17.227803138630836,0.10966089388658419,82.57254900387457,1563343.0,,348,16
447.98896863106324,81.96160668332196,166880.96467408506,22.304339390835676,0.29639581355133265,88.10196076752689,1543825.0,,348,17
245.91067270524553,1780.847402004321,175566.5646724301,26.234521495636784,0.20307242898290084,60.82352940017547,1817090.0,,348,59
1358.9559833707308,336.68700012389354,110531.30980392157,17.383513226087224,0.17698393114127242,94.71764705882353,1456062.0,,349,275
1442.6355070291213,1700.8413135083667,115457.76862745098,17.596339244439505,0.06588928847551352,76.83921568627451,1626509.0,,349,162
1882.4338144979265,988.0283607159729,144937.01960784313,20.601686181437927,0.18852887458908388,72.65490196078431,1669643.0,,349,2
915.3986500802596,191.14969803088678,224416.53725490195,26.385917097927123,0.16499402647435898,72.27450980392157,1712223.0,,349,110
862.9521272815568,1575.5286519715257,128461.47450980393,17.997368754293174,0.07358625981704682,81.02352941176471,1578761.0,,349,200
546.1274377256657,360.23791665996043,141804.8705882353,18.57703573428035,0.17663303087481258,96.61960784313726,1460030.0,,349,258
484.9794078112807,1501.573061016821,110651.13333333333,17.12677350586726,0.13373989012093393,87.87058823529412,1510171.0,,349,16
447.15067632363696,82.57523197309594,173738.031372549,21.874622035257893,0.2892171760220247,92.8156862745098,1512413.0,,349,17
247.11559695477683,1781.5148210325863,182175.1294117647,26.486153880899078,0.21267540329239923,63.14509803921569,1802983.0,,349,59
1354.978466024453,341.0730396776703,116559.26274509804,18.048830694504723,0.16000433780752402,90.68235294117646,1488578.0,,350,275
1442.652714645398,1700.0138055729228,109075.01960784313,17.299999262548887,0.07464965007851236,73.72549019607843,1639329.0,,350,162
1882.6309568743588,987.017280258599,152355.19999999998,21.72301613626263,0.21057669129009157,74.8313725490196,1659090.0,,350,2
862.7515819929413,1574.7435263280902,124604.5568627451,18.13051055145777,0.0407762031040925,78.88627450980393,1601547.0,,350,200
914.8659016829641,190.80531497372448,221663.0588235294,24.828249856831153,0.20074670802925318,72.98823529411764,1721259.0,,350,110
540.1617127700263,364.87644481753205,148426.36862745098,19.223453131287993,0.2225749488825179,94.0,1470045.0,,350,258
476.91157652320476,1502.584420005674,110446.3137254902,16.403846111444967,0.1114719734367746,89.94509803921568,1500758.0,,350,16
447.88476330933173,83.0772078041966,165717.57647058822,21.361552128973493,0.31585972156073483,92.89411764705882,1504332.0,,350,17
245.8904250508244,1779.9065340411403,180961.42745098038,27.278546332403515,0.21171341566177618,59.71764705882353,1815631.0,,350,59
1351.3335090965882,346.092164877128,109758.45490196078,17.049644575544978,0.13524952986801692,88.83921568627451,1506483.0,,351,275
1442.6100220091716,1700.8194055479466,108197.31764705882,17.179440302765812,0.08790723714826443,71.88235294117646,1651366.0,,351,162
915.6370927269131,190.96547445649242,225497.15294117646,26.707398657742505,0.21714128167507862,74.4627450980392,1700575.0,,351,110
1600.2575150025405,2175.4049678892993,161062.9176470588,24.108236926392216,0.27075922793455187,67.82745098039216,1714207.0,,351,277
1882.2776907253244,987.2518250072407,148914.8,20.632214307415065,0.18108276693222775,74.8313725490196,1656392.0,,351,2
535.4673722264428,368.83879443585784,140716.1568627451,18.978398956747245,0.17088838884836705,92.89411764705882,1493341.0,,351,258
863.9990829198375,1575.929822110742,121391.23137254901,18.058940619907297,0.049689279597909024,79.62352941176471,1597750.0,,351,200
469.0081328443884,1503.8771610833371,108464.5725490196,17.945054558066303,0.11125634393701915,84.7843137254902,1539567.0,,351,16
449.4453687045433,81.97944300424463,168219.81960784312,22.130029771612854,0.31813152365194247,90.68235294117646,1535654.0,,351,17
246.83093756658394,1780.9339659391485,171278.69019607842,26.50283184035353,0.23639019286802176,59.34901960784313,1821917.0,,351,59
1355.9430288341234,349.5679671692798,104116.64802229288,16.763527283095716,0.2163397195292491,91.93177924167021,1481462.0,,352,275
1604.503514974003,2168.8437007434104,156555.35372730566,21.841942814170658,0.19700538332205778,69.60017294814709,1710595.0,,352,277
1882.1328048671,987.2974286121688,140951.88821658283,21.35056386974837,0.21818239580851384,71.8333335774994,1681309.0,,352,2
1442.003534978033,1700.4508347414667,110132.03837089156,17.646640097345585,0.0726679546532548,73.69430076862632,1644400.0,,352,162
862.460513083184,1575.3619035423603,119169.63943788037,17.526182252765345,0.04106166434295467,75.92746139797863,1630227.0,,352,200
529.1638651163433,373.58519819159676,134601.89596701952,18.330890183803515,0.17450706423499787,92.67616611812099,1488479.0,,352,258
463.15781149048695,1506.060640510092,105421.18602327285,17.055992245686227,0.13403511383859912,84.86010391538788,1537381.0,,352,16
447.65229978860543,82.83548367488908,165325.71990564864,21.946929289863025,0.31283490119837487,89.6986186123179,1531196.0,,352,17
245.52009840854276,1779.3392253589302,176852.1784940506,27.572509138512686,0.24400513706716037,59.92314355428706,1816800.0,,352,59
916.4585196961181,190.86898969242813,215858.05082007102,26.488387797952896,0.13076056636345057,70.71675326282325,1729182.0,,352,110
1356.445282364816,349.92496100215124,108467.52156862745,17.209077099113756,0.1744287604068761,87.73333333333333,1514784.0,,353,275
1881.2861078379149,987.4211957837646,137021.03529411764,20.609533911157904,0.21878573702629736,71.88235294117646,1675691.0,,353,2
1610.9717918209353,2162.622627253652,166370.04705882352,23.39960013324532,0.21479409547538142,66.72156862745098,1740782.0,,353,277
1443.327614807823,1700.2981534245996,104664.76078431372,17.245105159981655,0.0631215744485901,72.98823529411764,1646087.0,,353,162
862.8950276900027,1575.9728896591291,124007.38039215686,17.180703966770334,0.06353191165130663,80.72941176470589,1586920.0,,353,200
916.1327790190835,191.02984905647813,221405.7568627451,26.408213907802757,0.1388089427083089,71.14509803921568,1723889.0,,353,110
447.5089003748344,82.54798612513565,166103.16078431372,21.68389685978297,0.3123226973411841,91.78823529411764,1507013.0,,353,17
455.65080769922645,1506.520845475805,102460.0,16.141781753781835,0.08902119725390907,84.7843137254902,1534141.0,,353,16
523.0538235131659,377.532453766173,140147.36470588236,18.927541886277005,0.17026665666106636,93.6313725490196,1483576.0,,353,258
246.48127055512873,1780.8619429074556,170817.53725490195,26.782274222359984,0.19820411142924468,58.61176470588235,1832167.0,,353,59
1881.6478444093266,986.9682081565887,135789.17647058822,20.139081822452038,0.17289261810395995,71.90588235294118,1685851.0,,354,2
1610.5221082686157,2160.146978072179,164818.82352941178,24.072860888114455,0.2295782162732723,69.6470588235294,1701941.0,,354,277
1442.6175669160955,1700.0213341996969,107766.21176470588,17.425632216042974,0.09385559490822531,72.65882352941176,1654108.0,,354,162
1352.878217878591,351.5698529880529,118104.84705882354,16.80745648225663,0.10399151596539043,94.87058823529412,1448472.0,,354,275
861.672722488564,1575.5209577894852,130197.83529411764,17.42683056096408,0.05115865232218369,83.95294117647059,1561022.0,,354,200
515.9733087909809,382.5853323023304,134375.15294117646,18.251920796232305,0.18033433186482126,94.49411764705883,1469374.0,,354,258
449.58855438120355,1509.4468219049684,107642.72941176471,17.418050856072906,0.06150124951729526,84.70588235294117,1542287.0,,354,16
447.65086172038565,83.50868684236536,167588.14117647058,22.032324055610438,0.32054136606316286,90.72941176470589,1511789.0,,354,17
247.70357954995177,1782.489424786239,175985.31764705884,27.447040196179756,0.2498737676922075,64.0,1777950.0,,354,59
915.9360843051101,189.98937493821649,220885.0823529412,25.100041887479875,0.13637960538971128,74.54117647058824,1704552.0,,354,110
1351.600541146511,354.1707690923686,109848.80057297317,16.94127235396237,0.1690252944157545,92.35910309198273,1469855.0,,355,275
1442.6003728982405,1700.967600258471,112933.51860052269,17.832583469896583,0.08072744243737134,73.73525102816728,1640482.0,,355,162
1614.5538175182483,2154.673588807786,156212.3101679214,21.863608177298037,0.20628386586178882,68.79422905205298,1714719.0,,355,277
1882.364057305366,986.8753675047064,142333.7395942434,21.321870237385603,0.20280623374011808,71.83485796043101,1679374.0,,355,2
916.2003044449655,191.6970065784937,220472.96151758273,25.97759329109481,0.1815484895491994,71.83485796043101,1719037.0,,355,110
863.1818884541667,1575.637433273669,119973.71475925847,17.29932381228693,0.07980065697745566,81.33682329911235,1576206.0,,355,200
511.0829842773023,386.0544614130482,131481.73502024222,18.265622849008622,0.1825905187396467,91.97902447843548,1489084.0,,355,258
446.42664790996787,83.66726494068078,164540.59274796883,21.236623094928067,0.30098966860388693,89.69855279715195,1525090.0,,355,17
441.39167125870324,1510.1864020267344,109669.02338876532,17.84507037152672,0.07264159169749182,86.65792388877392,1529877.0,,355,16
246.63200409828386,1781.6935220876258,182514.13030400494,27.21301575864163,0.23724761807640224,63.85320707593868,1787259.0,,355,59
1352.963353597998,354.33997715125054,109159.74818248025,17.94573610699146,0.16445778846488426,91.67536347556891,1460876.0,,356,275
1443.762264862166,1701.1675897483376,112248.13158118556,18.22471521004199,0.07113669525959086,73.48875290754107,1652289.0,,356,162
1616.6394497985248,2155.081297853192,164138.98539558158,23.653193909033238,0.21113370202406945,69.40604441267769,1709424.0,,356,277
1882.1502823048893,988.0753427034531,139032.92623939572,21.738842029103598,0.2608615660684086,72.00413163668166,1670210.0,,356,2
863.2702058904995,1576.063385960053,120599.49738508748,17.01241678329156,0.05745824846913302,81.65416989726786,1569942.0,,356,200
915.4437019416011,191.32246327040022,221553.74380352776,26.909047807428408,0.12497774400105721,72.37528695439651,1711608.0,,356,110
506.0212679374598,390.82587010066396,138633.93427285223,19.694968483663523,0.21722410129421318,92.78882942871348,1479397.0,,356,258
446.7548167588463,83.72340211659866,169848.46764798916,21.379302179926764,0.30045018667986884,91.67536347556891,1516910.0,,356,17
435.464774270139,1512.0899201058887,108799.72752429685,17.0161180705729,0.1004772620338604,86.85034434527581,1532211.0,,356,16
247.0852639915738,1781.262723973366,181829.73245914237,27.960460463064553,0.18351156222320114,59.38485083437663,1825317.0,,356,59
1350.4283944661042,359.0459441133901,116690.61958629669,17.17674622923264,0.18498658317876815,94.7176470413343,1465532.0,,357,275
1442.3111105688279,1700.8898076715252,109116.63135240108,17.290110297172795,0.06117942120187213,76.45882351529396,1617302.0,,357,162
1881.4506369596504,986.8713234902191,142730.74507168456,20.563145838922967,0.19343355244060959,75.31764704491643,1645198.0,,357,2
1616.4961736955458,2154.943140903041,160903.219578133,24.015140520206142,0.24499893835753855,67.70980390906628,1718995.0,,357,277
247.46824372331596,1782.2815167737406,178281.8156533555,27.20192597413238,0.2461882118673915,62.00392155717868,1804491.0,,357,59
429.02791961966807,1511.37181772828,103696.42351026463,17.504337413711355,0.1729821935660752,87.87058821906916,1510807.0,,357,16
498.9294725917437,395.50247839177507,140744.33722891408,19.80906861654864,0.2219782250265193,94.7176470413343,1468288.0,,357,258
863.729122508327,1576.0042963326916,133162.36075972582,17.106120886267817,0.04921449536978238,85.96862743510663,1548088.0,,357,200
916.7994260396738,190.9876229315611,226660.47054638335,25.85179115452851,0.2179902099317034,73.7960784177464,1703620.0,,357,110
447.95743599298,82.90095846645367,165378.15291064006,21.132220465835886,0.30256570538115807,93.57647057095677,1501409.0,,357,17
1618.4651049633205,2154.1463107435784,163390.22346907316,22.85914103526915,0.20319243223692238,69.61176468017533,1710082.0,,358,277
1443.2436280606037,1701.6972359289125,113784.42348739215,18.078248995592286,0.03830262409818353,74.9372548742871,1629461.0,,358,162
1346.7407555773655,362.6582042268802,113949.89407556634,16.640839485495,0.18864233126415625,94.71764702384512,1465749.0,,358,275
1881.8739897332143,987.074590243325,141385.67837916003,20.824072277134796,0.21039839506731287,73.7960784041203,1655686.0,,358,2
916.2164932264815,192.31658920965617,215593.3410968538,25.88230627343419,0.14463530271792124,73.41568624739803,1705164.0,,358,110
247.15033643831393,1782.2644728419457,177680.79601281538,27.08351280081502,0.22267350225975718,62.00392154572994,1807044.0,,358,59
447.50726250493693,83.46466092047487,163732.1960179665,21.019369971361744,0.2825369644692916,95.47843133728965,1491321.0,,358,17
493.11998382426304,401.4797257208977,128868.87446221375,18.20984070759104,0.19453254726163466,95.85882349401193,1456278.0,,358,258
862.1815566354526,1575.633754571396,129705.73720700275,17.548355383277375,0.05854882839686309,81.78431369528795,1575955.0,,358,200
423.92990937010154,1511.6940799242182,101194.58427635519,16.018852227907765,0.12145054097109621,86.72941173267745,1524520.0,,358,16
1621.3154090919725,2151.995397861538,160907.29411764705,22.560274714202215,0.18619137664305924,67.76470588235294,1730060.0,,359,277
1443.9606616173483,1700.4338140782,108955.10588235295,17.612645212398622,0.06937495543927003,75.67058823529412,1625366.0,,359,162
1346.1165288056886,362.3967625756916,114147.38823529411,17.305529535057673,0.16813678891075268,91.85882352941177,1481750.0,,359,275
1881.9451072613729,987.0010242742546,144079.0588235294,21.4943742932303,0.21621147566144922,70.7764705882353,1700873.0,,359,2
915.6577803871562,191.0582584866016,223788.04705882352,25.60285100545631,0.1466589536446161,74.91764705882353,1701150.0,,359,110
861.3464475637818,1576.1332215340751,127286.96470588235,18.194244632859792,0.08311019351851788,80.94117647058823,1579961.0,,359,200
487.3849446284801,404.42567458913584,140467.2,19.844771359488103,0.2126467588789805,92.98823529411764,1486996.0,,359,258
447.0806583669552,82.79618325471804,165531.85882352942,20.80338679573292,0.27240465468440617,94.49411764705883,1481642.0,,359,17
420.6532787353585,1513.2017522140748,98832.94117647059,16.377749857976127,0.14174898138942463,90.72941176470589,1486341.0,,359,16
246.20786534436962,1781.2536957478817,180429.9294117647,26.778529985433934,0.2335540863145326,64.0,1787039.0,,359,59
1346.3200499800682,367.67944418948207,107700.9725490196,18.467690736825098,0.2055697609924821,85.86666666666666,1528400.0,,360,275
1442.2747701840221,1700.8218828827303,106555.8431372549,17.52149633946334,0.05060002796014453,69.99215686274509,1678326.0,,360,162
1881.4366619683624,986.2205565656618,137710.65098039215,20.893221430359254,0.23103088166077046,69.99215686274509,1694741.0,,360,2
1624.218559523755,2151.613018771871,157330.10196078432,23.326299875835115,0.23317317688525133,64.58039215686274,1763054.0,,360,277
915.1814592435508,191.33598030949523,211811.0588235294,26.38488640001,0.1635778181213992,68.90980392156862,1741348.0,,360,110
246.21635250251032,1781.295930990084,164201.23921568628,26.838523457199813,0.20515137784450752,56.28235294117647,1847407.0,,360,59
446.54734581528515,83.47240476021909,168166.2588235294,22.164954008754695,0.3245801621818806,88.75294117647059,1530942.0,,360,17
483.56580265949964,409.19688968905507,125647.10588235293,18.286393930302555,0.19612654207832333,90.91764705882353,1496115.0,,360,258
863.7353873192554,1576.721022436438,121936.8,17.698739352995165,0.03865878545909386,74.68235294117646,1634659.0,,360,200
416.69855640729486,1510.8492099683456,108390.79215686274,18.95066954712695,0.22706714376548612,84.7843137254902,1540716.0,,360,16
1883.0898436232885,988.1624251739806,149185.32088298403,20.78370081496983,0.19489691194518158,74.8228990637354,1656434.0,,361,2
1631.5875887280354,2144.461354385099,165982.1310897197,22.500004273647633,0.17884235801962206,66.63332802193352,1738380.0,,361,277
1442.0230267456357,1700.8068684685447,105403.12958705281,17.30882526594434,0.10242740890943408,71.8448732303529,1657704.0,,361,162
1344.9440272504055,376.42517210610987,114310.77710792905,17.221132266991813,0.14180329868524225,90.82978791816636,1493929.0,,361,275
916.4657026942682,191.63331599570026,214708.21752229505,26.496462657776483,0.1189212477793255,70.35586031366165,1728422.0,,361,110
247.7056544502618,1781.2960820244327,170640.88025281747,26.7558835336253,0.22206803864221514,59.56051666765007,1827969.0,,361,59
411.50666639183476,1510.3124220593843,108358.07572022661,17.27598446440587,0.1805030979659331,87.85176208478386,1514757.0,,361,16
475.75698373039415,415.5706757136928,133643.7485650191,18.608969232104997,0.20621404476981944,93.80781375154886,1468703.0,,361,258
863.0897481487027,1576.2237652299227,119339.17372759541,16.952579402762865,0.05467148598316947,77.80092489711791,1608902.0,,361,200
445.53127775969887,81.26047502616558,169299.27961487864,21.2133057397372,0.29977037096950704,94.9245734390673,1495885.0,,361,17
1883.3548219520662,988.4480005012126,142675.40075321365,20.119592203890626,0.171528123365793,73.74541364169123,1662288.0,,362,2
1633.250353130798,2146.099764431869,168226.69677372347,24.692098675050694,0.20016107283104617,67.41373671285915,1737186.0,,362,277
1442.9372747713583,1701.2690102244112,110485.15524703138,17.193831124473082,0.0494093706597158,74.86276839383807,1631642.0,,362,162
1345.3471099934036,385.04562101473175,108410.22747229469,17.035385275967773,0.14060695523892658,89.76083175579589,1490134.0,,362,275
915.7390516455192,191.41803926724958,220944.61133476335,25.667771109417863,0.2173833577575063,73.37296205764228,1719551.0,,362,110
247.4399869039873,1782.0889581668878,180878.87708386613,26.47488639895663,0.22835362094427317,64.4341240404676,1781935.0,,362,59
405.7694525803535,1507.3555731655804,106689.87360557262,16.766203952718946,0.13724700767547965,86.78121908340432,1524449.0,,362,16
467.68196414273086,414.97999340594185,134429.32268237,18.95758305852416,0.18731545426126708,94.97515393248113,1462460.0,,362,258
863.0212029900738,1576.0861535075064,125210.40107399049,16.81994758888522,0.08035616041213897,81.93934849076804,1573719.0,,362,200
446.9878802563947,74.62185143554572,166008.74759071198,20.689346806408576,0.2942812714568667,93.8577991803343,1489755.0,,362,17
1881.0910475297976,987.0831059297103,142881.75718410907,21.08298323758349,0.22955017989283102,75.31764516103797,1644410.0,,363,2
1634.1850614466605,2144.352390381644,171356.0113686015,23.88208152095118,0.21367101266697638,66.94901792092264,1744122.0,,363,277
1443.5778277879722,1701.2814527576775,109868.66389829594,17.711009964830073,0.06847233876327916,73.7960765719261,1637561.0,,363,162
1348.4537645644637,391.50998001439547,104112.18953353843,17.68188686015202,0.12914625604886878,87.87058602121097,1502504.0,,363,275
914.7613386135616,191.5430629911507,221117.39050691636,25.61516062559131,0.20984418021498588,71.13333154098031,1743515.0,,363,110
247.04880647771148,1781.3603172201795,173491.9132755673,26.25506911820007,0.21773255790576337,62.76470430086497,1792475.0,,363,59
398.58978648791805,1506.1142846705995,104134.25227808054,17.723668086487965,0.10205867741463359,87.87058602121097,1506323.0,,363,16
462.7249533496461,420.1442475523977,138823.7337569477,18.455112010298695,0.16517404063505017,96.61960540860426,1446697.0,,363,258
864.165899836057,1577.0497771058288,122278.19691894513,17.384032699445328,0.056292294757319845,81.78431166476345,1569411.0,,363,200
447.34121389764294,67.06539338170316,165725.82719674025,21.2483547154865,0.3221010667171114,96.61960540860426,1472586.0,,363,17
1634.1105431178958,2144.6132778344504,160167.1529411765,22.84087085773304,0.20320246207190215,65.64705882352942,1745084.0,,364,277
1443.6209959397336,1701.743018690648,108686.00000000001,18.028530309036718,0.0890929868296012,71.84705882352942,1658638.0,,364,162
1352.3812498565323,393.1872948413987,111215.96470588236,17.890461203807813,0.15267221057430463,89.71764705882353,1500073.0,,364,275
1881.5730291434097,987.6549616377291,134665.09411764707,20.79645831057216,0.23045022517550962,69.65882352941178,1695239.0,,364,2
864.2276417696468,1576.2981720714965,117017.70588235295,17.20378586948163,0.061978024222635285,78.7764705882353,1601597.0,,364,200
916.526758471003,191.7523685075804,214072.50588235297,27.296667708772215,0.2367590515598551,70.7529411764706,1730295.0,,364,110
390.8724036951533,1503.8737408030308,104738.78823529412,17.542718325915185,0.10381919577746523,84.61176470588236,1539391.0,,364,16
448.79127668000996,58.392907407863206,162993.25882352944,20.67521349662727,0.3047045867846121,92.63529411764706,1501190.0,,364,17
460.1857905332273,423.70882985711285,137140.71764705883,18.650047305270625,0.1864189888446053,91.90588235294118,1497493.0,,364,258
247.07120888655976,1781.3170175385844,169807.78823529414,26.451156344805685,0.239964413254414,61.27058823529412,1805200.0,,364,59
1882.0033330427605,986.0852694893266,146836.32941176472,21.994353264046524,0.228238622536265,71.90588235294118,1686936.0,,365,2
1637.617047841679,2142.9422609852677,165235.2,23.818907326417733,0.2575688935545027,67.76470588235294,1724530.0,,365,277
1442.2924141861895,1701.1284297197167,109643.6705882353,17.033061930216395,0.0678952271367436,74.91764705882353,1628482.0,,365,162
1357.6339613660423,402.8379334597924,105981.74117647059,17.00150450805921,0.13301231940936378,89.6,1500504.0,,365,275
863.4736810899125,1575.3411279909349,114290.44705882353,17.106564122455524,0.08454860685591714,77.92941176470588,1605496.0,,365,200
451.0365705055144,429.5588856900836,133775.43529411763,18.16205343581472,0.1852089232386624,93.74117647058823,1467912.0,,365,258
448.43640562467505,50.18584883988054,155683.76470588235,20.864142916657386,0.32991109860481516,94.11764705882354,1479492.0,,365,17
385.2261239905179,1501.6936434131178,103069.74117647059,17.9991422317679,0.1430286202578655,85.83529411764705,1532769.0,,365,16
246.13277518194923,1781.4347153949036,173390.30588235293,26.621334407269384,0.20779427067272038,60.23529411764706,1807642.0,,365,59
916.313234078944,191.80457758549144,208664.84705882354,25.31389538587548,0.18076620247708078,69.6470588235294,1734640.0,,365,110
1363.1445107646834,406.36825548277864,103834.76997051307,16.654724194943235,0.19655810292227802,90.50745422170253,1487168.0,,366,275
1443.3307544528504,1701.1918225412521,100039.41623175114,18.139440283503042,0.10347122585971434,69.6497692981826,1674854.0,,366,162
1636.2752893109036,2143.8620460614916,163177.86324720204,23.154222817525692,0.21929475268002105,65.92518270469691,1747148.0,,366,277
1881.5002951618635,987.2026712848074,133128.27106961876,20.199441119602742,0.17943522349763494,70.76714527622832,1687103.0,,366,2
917.5015367901605,191.84673817352703,218731.1896650193,27.034410874937013,0.26718053453181945,73.3743558916683,1720874.0,,366,110
377.7558978248544,1500.4859289520027,99195.79736832663,16.19599673554211,0.13981924894559372,84.92057433147399,1541135.0,,366,16
447.71794748999946,433.0924052059271,132215.3748955554,17.658917688707874,0.13789425258644783,93.85958215583966,1470138.0,,366,258
863.1874608385003,1576.4355725138487,119479.89595644975,17.003545321893967,0.035640054028152714,77.84385980385115,1597165.0,,366,200
246.51394514041624,1782.546319706515,169854.92963334385,27.28908810544542,0.2249378459961129,58.103550858376934,1825813.0,,366,59
1882.51691486172,987.5266722825854,130458.49393164567,20.600815465719432,0.19267228526940813,67.8006422009438,1705529.0,,367,2
1636.7243774522956,2143.7403335695335,162449.96618246022,22.98020785897202,0.23148063690886334,66.68304919763153,1744333.0,,367,277
1443.1439405507201,1701.8049439269778,109786.7486803799,17.852408184037664,0.05367198315249182,71.89848321308875,1655731.0,,367,162
1362.2743417108284,406.67822218853155,108116.69220243028,17.783344986766277,0.1856796570869611,86.79972325725223,1524607.0,,367,275
863.5359971310784,1576.1005719761806,123617.70715837133,17.122267516020926,0.058195517437075614,80.83922723958683,1588413.0,,367,200
443.25603741401176,435.282142496437,132786.44015754512,18.602809105792783,0.2040852081027144,89.77997126608491,1510098.0,,367,258
439.58694640219613,44.31657704762935,148052.3880517895,21.147661703226188,0.18850910289075126,91.64262627160535,1494443.0,,367,17
371.5987714649755,1498.8751918454811,102916.90448901943,17.64919000977219,0.16326960387002462,83.81947524841952,1536703.0,,367,16
246.41620884365574,1780.8933912276161,175623.77997450405,26.951831684272193,0.25325290856048094,61.46761518217432,1808658.0,,367,59
916.0206234144696,192.29897604512428,214251.14694798572,26.021322579923684,0.17209271974874382,73.3886072175051,1700541.0,,367,110
1361.5813682877579,413.94146274684283,106563.41176470589,17.014643306907402,0.19787798055142705,89.71764705882353,1503996.0,,368,275
1442.4816585231429,1700.3761954728366,103228.90588235295,17.29157917778227,0.10760004535066123,69.65882352941178,1670659.0,,368,162
1645.0402347204626,2142.667234744365,152582.0,23.17812430666507,0.21849744292301565,65.64705882352942,1735782.0,,368,277
1881.5964400148089,987.0014835491182,136929.18823529413,20.909692803153398,0.20999440723467935,68.92941176470589,1706425.0,,368,2
914.2988520561138,192.37909177644002,203743.30588235296,27.44354940460548,0.24347019249331675,70.02352941176471,1729627.0,,368,110
864.2534314226355,1576.9141625718719,117789.42352941177,17.368890526422245,0.0634390847011051,76.58823529411765,1614718.0,,368,200
441.6270743981551,438.95334759369814,135375.90588235296,18.65089879850136,0.18406725504058394,92.63529411764706,1488642.0,,368,258
431.3253466112302,46.480795941576645,159382.6705882353,22.006094976405652,0.23729385626709099,92.63529411764706,1500330.0,,368,17
364.33131092550485,1495.5066262935532,97199.22352941177,16.78765208308654,0.18949507580337221,83.88235294117648,1538073.0,,368,16
246.72971289439403,1781.320216502417,173304.95294117648,27.341372114717476,0.23439319844095216,59.44705882352942,1814988.0,,368,59
1360.9516817448487,421.5168650996249,112912.1411764706,17.114202380031504,0.1733493336813935,92.61960784313726,1462191.0,,369,275
1443.0053654099684,1701.2475753456856,112814.1411764706,17.837346019108704,0.06051223657407631,73.78823529411765,1651302.0,,369,162
1882.138495904691,987.7134920760656,145549.6,20.72273733235545,0.1729108001345013,74.94117647058823,1653641.0,,369,2
1648.6956478109719,2142.2984785066487,172342.031372549,22.256405564376248,0.19872171212511625,72.63529411764706,1691973.0,,369,277
431.90053260978794,439.8234319594585,133850.70588235295,18.0501504228352,0.17122095321756706,98.0,1438856.0,,369,258
916.0847241804272,193.3139143882264,225151.73333333334,24.831871474709253,0.18078917644975218,78.7843137254902,1665236.0,,369,110
863.6424239903259,1576.359890542504,129348.08627450981,17.299591073528905,0.0862615941931941,85.70196078431373,1542860.0,,369,200
421.3338613735552,48.3046845035325,169337.46666666667,22.325214918908888,0.29776070571548313,94.92549019607844,1465231.0,,369,17
356.3215267034566,1493.2152400963619,99865.45882352942,16.82578202701481,0.1825361760565696,89.92941176470589,1496993.0,,369,16
246.46187006826307,1782.4908912627234,174019.94509803923,27.79953849124138,0.22307219753932364,62.643137254901966,1792343.0,,369,59
1362.5785595049063,421.15289822618513,107490.49411764706,17.43536225631918,0.16229014009626172,85.70588235294119,1530116.0,,370,275
1442.0695793760326,1702.1064137166788,107289.90588235295,17.420476839188098,0.061143989456452816,71.84705882352942,1651568.0,,370,162
1882.103814193436,987.7718231833741,134037.43529411766,20.537069787665796,0.18635080037775978,70.7529411764706,1681912.0,,370,2
1652.4429258870898,2142.4594545975283,154079.84705882354,23.25488117793604,0.20281503269227813,63.82352941176471,1758729.0,,370,277
424.880720407225,442.69091149353454,132475.40000000002,18.444757669271674,0.19064075055453616,91.90588235294118,1490236.0,,370,258
246.49901539600856,1781.4643417669854,173351.27058823532,27.017766311370863,0.2623131320842804,62.00000000000001,1785238.0,,370,59
347.5616571170559,1490.341944900438,104196.83529411766,18.336055472981624,0.18970523460683006,86.80000000000001,1522764.0,,370,16
863.8752306330566,1576.3770663475204,117018.0705882353,17.09344682990796,0.08125475338267056,75.85882352941177,1626926.0,,370,200
915.4722966756011,192.65094538617362,200564.16470588237,26.29192598203147,0.1429371147672582,68.2,1741741.0,,370,110
415.46509678546636,48.851058052390236,154458.04705882355,20.91080073967606,0.3078136027024962,90.81176470588235,1502764.0,,370,17
1652.8452934446295,2141.2536185748418,165237.88228212637,22.79463473572104,0.20499760226371197,67.93506745989582,1726936.0,,371,277
1443.0638762417218,1697.459375,112547.05575984568,18.475573879044845,0.07796553601467791,76.08727555508331,1615645.0,,371,162
1361.9282647001692,423.5113494464023,111916.61833381785,17.85095922214874,0.1729961203935652,89.67428904706247,1498894.0,,371,275
863.6039437162564,1576.7274987800215,124894.54542097087,17.037092951841213,0.06910039873198544,82.68668210833033,1568756.0,,371,200
916.0119796415546,193.19156029177114,217988.49166377174,25.548550912745856,0.1695117041431587,76.86367632605355,1674130.0,,371,110
417.44350396489193,444.7357273244797,145248.66803272662,18.465543339642913,0.19609906808085809,96.66189598579462,1453400.0,,371,258
1882.3779046285576,987.0674789305043,144173.74116531832,21.414860099247843,0.221123749306795,75.69907516959819,1641681.0,,371,2
339.05582171818037,1487.7916550256448,112548.22036100214,17.679188099070522,0.18419331551285312,86.95688634866664,1523396.0,,371,16
247.920807216022,1782.4586303941983,180284.52922352956,26.949603567495817,0.24902451841222767,62.88846244858927,1790800.0,,371,59
408.6420390240529,51.96349072804177,168414.91423693657,20.984726022606264,0.3194843095016441,96.66189598579462,1464835.0,,371,17
1362.198268545829,433.3037175134955,105954.6715655595,17.8088240349158,0.1562863681726468,86.60522225049559,1522710.0,,372,275
1442.867679329892,1701.0121499847014,112015.93152451229,18.603863234433593,0.11700788478306512,71.86390782487932,1658423.0,,372,162
916.3149366133334,192.81503706071737,210962.58221213383,25.70867952286508,0.18980498785361236,71.86390782487932,1716237.0,,372,110
1883.4802415437712,987.732695790558,150987.17593865338,22.423308595976092,0.22765820057040492,73.70657212808136,1665954.0,,372,2
1652.6086450540315,2142.5461185000463,159604.21128614736,22.672919522443344,0.2180127317722794,67.81004635783485,1733983.0,,372,277
398.94758194446933,52.45985571328834,164692.9130258701,21.72653311066754,0.331625832214087,92.5017480207421,1497460.0,,372,17
246.58870868899103,1781.8343313635369,168382.66402660185,27.20762195585801,0.2248105704370266,60.43938914502671,1811555.0,,372,59
333.85745265672097,1482.631524273501,97206.06998681689,16.970547780552653,0.19277034833723164,84.76255794729356,1541149.0,,372,16
410.37715333542684,444.98954174330447,131439.45594456492,19.04325476425994,0.21324819765371233,93.97587946330373,1480167.0,,372,258
863.1542930260771,1575.4763205306567,122118.1543003871,18.820440464465847,0.07159178826916696,77.39190073448542,1614134.0,,372,200
1882.5389327458697,986.889053691741,146453.40492148712,20.963979371694716,0.20414857264353928,72.65879678740778,1679885.0,,373,2
1654.6173236374966,2142.544973057941,159505.63541174322,23.196178453933516,0.20365421660511576,64.75291734421833,1753328.0,,373,277
1443.2212002714668,1701.9350321558995,116491.25124314814,18.564608931506108,0.10228673534881608,71.90585588805641,1653905.0,,373,162
1366.5123311549844,440.4236894595237,109282.21860230839,17.37846030460191,0.13344115052983158,87.7176147744353,1511450.0,,373,275
915.9951383927184,193.40750692912786,218141.28441918132,26.055656618288623,0.21221666405722697,71.90585588805641,1721290.0,,373,110
863.6907238695707,1576.5153256246597,125869.88308546889,17.43942410143446,0.07138338234924815,80.94114668027292,1587580.0,,373,200
405.769595260468,447.22625650310545,131412.28104559437,17.742942099946823,0.1588375372216358,95.99996466730045,1446596.0,,373,258
329.9025800610206,1480.0068971551614,98959.7753426507,16.652849217777167,0.14624952417938622,85.83526252605687,1533582.0,,373,16
247.75010957543174,1781.7890644842987,167491.32659026393,26.72041768885957,0.21448214780371921,60.98821284746146,1805856.0,,373,59
1881.6340990269737,987.0467935295808,148242.92916608465,21.306004474366844,0.21396748680070007,73.7958499051105,1668716.0,,374,2
1367.7240113877026,446.39559768079715,109564.01365035556,16.845135945026474,0.15371388523832571,87.87031612412642,1512698.0,,374,275
1654.9867158989375,2143.9527800803075,176678.2960112224,23.59931848800503,0.21474277474830336,68.85076717951031,1732907.0,,374,277
1444.0684372534565,1702.6547646762115,117645.80038790182,18.707267812542923,0.058453343404422015,72.65467696843353,1656990.0,,374,162
862.9193871475882,1576.1338358780993,122673.04756494275,18.07429451728635,0.07404870146631187,77.98015067292604,1617987.0,,374,200
915.8089043512451,193.33770991348064,216708.36028397703,26.62166633931788,0.17227472312410072,71.89389501064889,1716844.0,,374,110
404.1105638801913,447.3198576955036,138251.57971449892,18.36784399357396,0.20018264494691973,96.2389176597575,1452777.0,,374,258
382.4884382541157,58.67372958490672,162990.68741773997,20.829674537093045,0.31249386363849146,95.85852668086518,1473220.0,,374,295
248.2671287137576,1782.9301178018673,169978.46969999195,27.306061389455788,0.18353351675826088,60.1017746649869,1805486.0,,374,59
1372.4699578613408,448.630360799167,108767.01506597013,18.117038500999794,0.17488906181904654,86.26933947817672,1520703.0,,375,275
1443.7160433718452,1700.9597731399847,115523.38650756936,18.430456090777643,0.09862557802019514,73.72798175667965,1651630.0,,375,162
1881.8210332642154,987.1943895011563,143142.87658059355,20.382325082991084,0.1877204920072443,72.96789947052832,1678199.0,,375,2
1653.0268954453825,2143.7741887849506,169860.52902109918,23.321339691104946,0.22857627885335713,68.78744689669597,1735127.0,,375,277
863.4047286383576,1576.4505690604406,132466.00070702573,17.671184186453374,0.07120716436961277,84.74917490587404,1553573.0,,375,200
915.4907966240056,193.53770156401035,222531.5711633853,26.33954654533558,0.20624841726196824,73.72798175667965,1705616.0,,375,110
403.6333688454951,447.9295915202352,140905.95441245017,18.49545338040222,0.19194663574657625,96.91049148429542,1452122.0,,375,258
375.28309668618203,59.201568805775025,167151.59575325582,21.109628720429335,0.31998861486640406,95.77036805506842,1472617.0,,375,295
246.3651931066221,1781.6136774838876,180852.8390434198,27.560678042063394,0.21904036394876178,63.086829750560945,1797574.0,,375,59
1377.3099573652992,456.88453719723185,121856.0,25.38236243512291,0.09185539870775199,80.56470588235294,1603596.0,,376,275
1443.1773661248328,1701.2383540919006,107000.4705882353,17.10931256523356,0.05610507428927757,74.91764705882353,1626914.0,,376,162
864.4871999132004,1577.0377835263482,131852.04705882352,17.8057943422583,0.061644423153255495,81.69411764705882,1574772.0,,376,200
1653.334724209614,2144.041816391459,175485.36470588236,24.054712908733226,0.20727247216413042,69.6470588235294,1709618.0,,376,277
1881.7284108576928,987.1587542965913,143588.51764705882,20.36963907324769,0.19626308120591585,75.67058823529412,1643406.0,,376,2
915.7731023932519,193.00876769613052,220746.16470588234,26.80478555342986,0.27759172848054814,74.16470588235295,1695937.0,,376,110
398.9332528663005,453.8482575377088,139421.36470588236,18.646990405316156,0.19893070391391976,93.74117647058823,1478490.0,,376,258
368.46255170546954,62.579322733851896,168283.48235294118,22.119914455061185,0.32835839090884605,92.23529411764706,1495599.0,,376,295
246.43353279853736,1781.6776924657506,179554.63529411764,27.385810683972007,0.25242113476497263,61.36470588235294,1804462.0,,376,59
1380.005336040705,461.94241916252497,128392.21387721962,27.851495217069353,0.1953796510731248,74.64927967526965,1664077.0,,377,275
1442.1519976562786,1701.1823525103453,103474.51167982681,17.75309403314423,0.1337368808905555,72.37569755318022,1658045.0,,377,162
1882.1762287910813,988.1226499726426,136433.49491269625,20.416510825133162,0.1878412940499058,69.72318507740921,1685448.0,,377,2
1654.8236877927925,2144.1672710296357,163958.23794341827,23.85484732556234,0.1954569946273225,66.69174224795664,1740963.0,,377,277
247.57387228225826,1783.0241856446496,176307.19923954702,27.690502046288582,0.25961005170531964,64.4181601258672,1776157.0,,377,59
394.78524574927405,453.0203037822096,134541.87458711784,19.15116230650551,0.20116093308681193,90.94328488357723,1501459.0,,377,258
864.4140485663328,1576.9284767000504,124291.05065932396,18.207766985991984,0.07304702519684582,76.92286179735908,1625141.0,,377,200
915.3798169909741,193.89557935763685,206889.9102244793,26.409768547848135,0.1822652150275684,72.37569755318022,1704479.0,,377,110
362.57169221481024,64.17651888153787,165698.28612752404,21.85150607000016,0.328010893706155,91.70114559094038,1500755.0,,377,295
1881.9492778440122,987.8467468861932,139996.2284340252,21.12548709510069,0.21075887826613818,69.57435950407458,1693454.0,,378,2
1655.9801407377852,2143.087233396206,159013.0998688358,22.868273845928375,0.20246820702610985,67.77191495733689,1723776.0,,378,277
1443.4560699855676,1701.0417585813523,109652.43497860566,17.41493757553898,0.07698970707468383,73.90022641624502,1638250.0,,378,162
247.27509656129297,1782.1930630278887,163423.6816747029,27.83429949086465,0.24092347166420627,59.12018113299601,1810432.0,,378,59
386.1866054031281,452.9681368160514,136906.47799200748,19.263558631181674,0.21515864663749415,91.56418297427432,1505407.0,,378,258
863.8735589740147,1578.0283603425173,128864.33091337327,18.471536276037725,0.06587360326944036,79.6680489658056,1599035.0,,378,200
914.8039421574383,194.00676318117553,218003.86548337605,26.14840362834745,0.18980830714597804,73.53973750689748,1699910.0,,378,110
357.7793946834559,67.44180394644663,157972.36838754948,21.317564618425465,0.32028621568333593,90.84320515557924,1523793.0,,378,295
1883.5156452023145,988.3746820619343,140611.92154211743,22.231387152061554,0.20060597196174765,68.17647057538177,1702437.0,,379,2
1655.3286008249147,2143.9133862380986,164028.86271417316,22.643185630039238,0.18396241635341135,65.94117645815614,1745644.0,,379,277
1444.1348296014646,1701.6528517110266,105818.8235094614,17.476917704312676,0.10086917454570012,70.784313712145,1667238.0,,379,162
246.44513652159523,1782.3413602515307,168848.52937993116,27.433469313377778,0.21230408683924562,59.235294106479245,1809399.0,,379,59
379.8011567290125,450.10616564959525,139070.31369927083,18.817939093885954,0.19845366456718072,93.88235292347653,1473246.0,,379,258
865.6665455408609,1577.0253397139281,127129.74507407105,17.56565545663693,0.061711737126246446,77.86274508335951,1615236.0,,379,200
914.4835634064425,193.81636291943232,215416.0391750732,26.377510355690998,0.20472703325166786,71.90196077075782,1723628.0,,379,110
349.36379852572395,71.03884225333186,171886.2940852408,23.29157149381294,0.368370716956982,90.5294117476381,1523546.0,,379,295
1656.6876438388822,2143.2287485214965,159103.66951224953,23.38204520480857,0.22496537761690152,65.6470583795717,1748699.0,,380,277
1445.279869658409,1701.8231252106066,104983.86987825073,17.81007976254656,0.06761431298503101,70.75294069798284,1662233.0,,380,162
1374.3739621172808,457.581053698075,118068.42273093903,28.15716281784137,0.2737088337956961,69.29411717843679,1682427.0,,380,275
1882.7115186586227,986.7933111146995,137771.6578918077,20.429743495102418,0.20003584997982857,68.92941129855029,1698730.0,,380,2
864.1799667619104,1576.3941833343051,125086.82268347502,17.572497881320846,0.06447520579443873,77.68235241582651,1618192.0,,380,200
915.224054795661,193.57978083123172,210268.25740152795,25.22294790447332,0.1828883807741864,72.9411759773019,1707324.0,,380,110
247.63599958003988,1781.340135544266,170212.24590771273,27.830851496300234,0.2387670889344689,61.6352937008201,1803883.0,,380,59
340.9942351213459,74.55398185056399,163409.38713018966,21.66892378319619,0.3001459724410673,89.35294057219483,1526597.0,,380,295
379.41294932753704,447.5477734003532,134229.99909222982,18.443033674039434,0.18946658123643004,91.90588173140038,1490831.0,,380,258
1882.2346348267874,987.4729066687142,140960.23526667536,20.386194434225953,0.1915577423254732,73.23921567201623,1669145.0,,381,2
1655.4819864184205,2144.0613149847095,160447.99996876382,23.642769355840183,0.221294152963993,64.94117645794542,1744126.0,,381,277
1443.352594948407,1701.5502864863831,113214.8391936455,18.402021109523655,0.11574278617810645,71.79607841739522,1669307.0,,381,162
1375.232057311299,455.63171666646724,90448.98821768542,24.912491469615176,0.13272811061304926,66.74509802622168,1615888.0,,381,275
913.7669024480962,193.94597016930712,220190.63525125073,26.453114489546785,0.1964945833998755,71.79607841739522,1714892.0,,381,110
247.45119678405143,1781.9014606061814,162804.28232124628,26.967808725424167,0.23127237911681348,59.52941175311664,1826861.0,,381,59
378.56070353649363,448.66587928625177,134255.0587973925,18.94950789060038,0.23047816288515602,91.99999998208935,1487124.0,,381,258
864.9570824695834,1575.3925075464467,128963.43526901092,18.010057564831452,0.03189211123573351,78.65098037684501,1606416.0,,381,200
333.8253353585347,76.96159895180125,160807.70192947812,22.480176639164718,0.3337400393798992,88.39215684553683,1531004.0,,381,295
1656.6276596235361,2143.8960227298935,156441.1293813086,22.971400195743495,0.21215134908510389,64.94117645794542,1744223.0,,382,277
1445.8642877619877,1701.6442543056874,114523.4038992731,18.46990041220783,0.04737485972946926,72.51764704470573,1663975.0,,382,162
1373.9901835177577,452.3209520878366,100813.23919605985,19.184745721902228,0.06885989918256187,74.68235292663724,1589186.0,,382,275
1883.110621379585,988.3831065053918,128676.611739655,21.776727178558232,0.1985929727313313,67.82745096718745,1697766.0,,382,2
865.6696921851064,1576.4687289588276,122705.27056434691,17.333477122327132,0.09219196271269546,79.73333331781078,1599990.0,,382,200
914.17377703405,194.50282707384093,216247.98427162613,25.83920409561596,0.2585846046833936,71.79607841739522,1728745.0,,382,110
377.9217359309452,447.36286800844385,134335.15291502397,19.062330741076696,0.2244474778418172,91.99999998208935,1500114.0,,382,258
328.4506471380286,78.01693413206561,157551.62349873947,21.36141072781596,0.29837165315214703,88.75294115919208,1530733.0,,382,295
248.1659427970666,1782.5959493463629,167465.97643798578,27.307675086000767,0.22663992410063116,59.89019606677189,1811453.0,,382,59
1369.52668406692,453.3893417058986,108035.38823529411,18.69277786511525,0.130949990804432,84.70588235294117,1526751.0,,383,275
1443.1174689635584,1701.667640227907,112656.94117647059,17.96099803044907,0.0916278166679849,73.41176470588235,1648790.0,,383,162
1882.8398008934269,986.7268640714742,147482.35294117648,20.035939820549,0.18098826785205196,75.67058823529412,1652161.0,,383,2
1656.822269627096,2144.0789018241526,165538.2588235294,22.773563849331047,0.19069927996112804,67.76470588235294,1729871.0,,383,277
864.4923727622742,1576.1990641598516,133959.5294117647,18.183500109986927,0.06602303381693178,80.94117647058823,1591702.0,,383,200
915.013378436985,194.43378957411744,217016.4705882353,26.050951563620668,0.19664705980246638,73.41176470588235,1698171.0,,383,110
371.8314715530571,443.3222994551944,130256.94117647059,17.73727037261095,0.1893758279112203,96.0,1454009.0,,383,258
320.5220918158796,81.61190383341399,160255.24705882353,21.030737900229642,0.2895850660001481,91.85882352941177,1495649.0,,383,295
247.3559808837221,1780.6234977321842,176298.16470588234,27.188368453377166,0.24957497035413312,61.36470588235294,1807095.0,,383,59
1443.6288193734524,1702.830307042738,114794.64705882354,18.13363191636941,0.09814053496862932,73.76470588235294,1644092.0,,384,162
1882.4108970595466,986.5857798549873,128813.66666666667,20.26684945254077,0.191028898890143,68.92156862745098,1703178.0,,384,2
1657.4223272804,2142.595301833463,169504.58823529413,22.819152693586588,0.15514095862829894,69.66666666666667,1717338.0,,384,277
914.7568058750663,194.51397274818618,210527.45098039217,26.889409862762918,0.3139051315995337,71.90196078431373,1715876.0,,384,110
246.92590433439238,1781.9482175649284,178934.54901960786,27.3022679032754,0.2276323388545049,60.72549019607843,1808768.0,,384,59
365.57140119287527,438.06038132517176,128297.6862745098,17.084981767320507,0.17423791453944398,95.0,1464417.0,,384,258
866.2558582639598,1576.110280939769,121813.84313725491,17.299193809746768,0.08218381223780656,78.98039215686275,1610729.0,,384,200
312.4390720921389,81.7017131951219,157722.72549019608,21.913302111875147,0.34205837988703697,88.66666666666667,1534985.0,,384,295
1883.070301213522,986.6081438064969,145932.04705882352,21.258208991331596,0.1964701884085035,73.78823529411764,1665863.0,,385,2
1660.9259100118047,2140.8758336625247,162966.2117647059,22.19826935718578,0.1600399845177745,68.89411764705882,1710250.0,,385,277
1443.3241284837359,1701.8354479298578,109105.31764705882,17.876677040693153,0.05229340728771141,73.03529411764706,1653103.0,,385,162
1371.5849392322866,449.0060530471975,111080.65882352942,16.957568638703467,0.1588343630370604,90.72941176470589,1479409.0,,385,275
913.6569436748118,194.75964821336004,210608.9411764706,26.44365161544762,0.24655504385000693,74.54117647058824,1699882.0,,385,110
866.9042698503079,1576.3678238169468,120995.01176470588,17.205313877902615,0.07373946718590987,80.94117647058823,1581445.0,,385,200
363.1157544595275,428.58748931236016,128570.72941176471,17.2467264962631,0.2056696711055032,96.0,1450510.0,,385,258
302.84537674345825,83.09862548411817,163596.42352941175,22.10379398627994,0.3247386821853487,87.71764705882353,1543390.0,,385,295
248.08497942901968,1782.4050480267715,180448.37647058823,27.639121654344084,0.21889352735158818,61.741176470588236,1799595.0,,385,59
1374.5531325935456,448.7353009876621,107986.44705882353,17.27586333891641,0.1793453762299393,87.71764705882353,1511491.0,,386,275
1444.2253918238177,1701.9268470229592,110157.55294117647,18.278932747227564,0.07489348987344983,70.7764705882353,1673626.0,,386,162
1661.2131247557875,2142.3791916020573,164755.2,23.251957896571493,0.17302905700773022,66.63529411764706,1739411.0,,386,277
1882.8883787931823,987.8371630900132,139817.41176470587,20.65414126158237,0.20961299844849915,70.7764705882353,1687917.0,,386,2
248.27660663280602,1781.3983177894554,166995.95294117648,28.33077596721059,0.25034471562252275,59.858823529411765,1823103.0,,386,59
359.41902362383047,422.36417500601567,132986.35294117648,18.280118159499526,0.20344024493499563,96.0,1451051.0,,386,258
866.6860456216726,1576.1013308107015,122971.48235294118,17.45882867005114,0.07240863457293963,80.94117647058823,1585109.0,,386,200
913.5906764948534,194.35413527872493,223140.51764705882,26.065611783368958,0.20898552216224137,73.41176470588235,1720553.0,,386,110
294.1720098177393,89.42923733766011,164274.0705882353,22.062388114113876,0.3069403839807874,88.47058823529412,1534563.0,,386,295
1883.893796428007,986.8232969811917,136960.9411498069,20.45695172101213,0.17619454891736114,68.9098039081532,1701259.0,,387,2
1667.7501543985802,2144.4694818865783,157143.57643999538,22.437099534551752,0.1838582773771632,66.02352939891118,1732528.0,,387,277
1444.2591589138792,1700.968497453367,108661.74115531621,18.64338269564891,0.09760196323602234,69.99215684911896,1679019.0,,387,162
1372.9062608299932,449.2770902980764,103063.45096032767,16.967964824654874,0.15080348039666017,85.86666664995006,1516654.0,,387,275
914.3631355765632,194.35897374542583,211087.3254491014,26.608079738039077,0.24545409223550027,70.71372547642946,1729693.0,,387,110
247.1038206578139,1782.8265497596205,170351.5293786005,27.60332417512573,0.2320178975837836,59.16862743946139,1814480.0,,387,59
356.3946699460227,416.91451390149825,131140.04703329306,19.072951016555052,0.190001091021912,90.91764704112359,1504893.0,,387,258
866.0265708423891,1576.94585076008,118524.1411533962,17.797903714505498,0.049953758394700946,76.12549018125824,1625293.0,,387,200
286.6002943683764,90.45094355577801,157860.0940869147,22.28191057587406,0.33116340735802435,86.94901959091581,1548626.0,,387,295
1882.3431557204397,986.8042752116543,138450.90502169498,19.65436878388447,0.18071214795127247,73.75318299224651,1654997.0,,388,2
1670.2126872383103,2142.9414133916803,165272.22837537533,23.090043512306828,0.18642344136294148,66.60363974299811,1739540.0,,388,277
1443.410142633854,1701.4676735836347,115076.79038940225,18.031348480353138,0.06296328162182598,75.63464174204871,1625603.0,,388,162
1375.198480134261,448.23565461711075,99775.63896076083,16.597544241674143,0.11423110329459162,85.79451899098062,1513803.0,,388,275
916.1447125964768,194.49062345347528,214420.82271295844,27.671182673607117,0.2939475029536054,73.00059949232562,1705477.0,,388,110
247.47336675492946,1781.0505244299602,171811.42640618788,26.923598687317526,0.24168470731810376,60.582971743631056,1811576.0,,388,59
351.54258682535647,409.35964933015794,127351.42727311184,18.05004587674718,0.20943577455282328,95.95439623991254,1456050.0,,388,258
866.2650383406965,1576.086991850345,125035.72784385529,18.389460303221718,0.06835964939472235,80.150142741574,1602903.0,,388,200
279.02148096769446,88.04390076437494,161125.49329081125,22.774164947724106,0.3289705044253631,88.05226949074327,1537221.0,,388,295
1883.29021491076,986.0872347251906,139396.19033874798,20.176761729877647,0.18247588979333434,71.77450639198018,1672504.0,,389,2
1674.3132134772193,2147.5467636651356,164103.93298134202,24.47914372581192,0.23975340052792987,64.9216640731479,1754390.0,,389,277
1444.3360426895517,1702.008850105211,104900.42480939238,17.372979571558663,0.07785255338753264,69.97112683439273,1674468.0,,389,162
1374.0681897600045,448.1967872468306,103215.34695078267,19.963051444515987,0.10025849880518696,80.7914041799174,1589654.0,,389,275
916.2887373542253,194.63131946842446,210987.4733676773,27.54812618020322,0.3216565825450351,70.69247865742771,1730240.0,,389,110
248.22725212192364,1781.9542671398997,172653.03411204103,26.44530348892092,0.23728935761127204,60.95422904645553,1807823.0,,389,59
345.2983363227315,404.4175473461723,128494.03956130888,19.19307277327761,0.2104730479898707,88.72627423330214,1513248.0,,389,258
866.3273697044489,1576.6396370205784,121583.4890966338,17.937725075988673,0.03217716262905628,76.46329324170753,1628059.0,,389,200
270.6924062621873,93.05547844496604,148896.75452403017,21.502613428215618,0.34073085406910814,86.92289467571469,1537630.0,,389,295
1882.6136682119902,987.6798519650195,133899.93632678138,20.18905417658136,0.20116856549310558,68.77696655706029,1701012.0,,390,2
1678.7642122102804,2150.796127126409,166676.2169687355,23.755881896307656,0.2168920377297858,66.66075220145844,1740186.0,,390,277
1443.5328867625758,1701.4096386355732,104464.45274753738,17.446711341562228,0.08228808484319663,70.89318091266215,1666864.0,,390,162
1372.945722800008,450.42176331211715,106284.04439096237,21.838750085637795,0.07788461416119336,80.41614551287049,1591342.0,,390,275
220.52535362726445,1410.9715218192346,93804.02293119303,17.92173544073535,0.22520834354920594,78.65263354986894,1590352.0,,390,305
248.70106426533272,1782.447163933438,169712.27916423898,26.233293867348035,0.2118892462192307,56.785085208649775,1847865.0,,390,59
341.9454491384196,397.6223298301528,125716.535413669,18.30825516919641,0.19487349662361048,89.93911011307884,1504961.0,,390,258
865.2126143965909,1575.8456484906121,117198.41992997893,17.282588875797117,0.0794157650721431,77.94722876466832,1608677.0,,390,200
914.0966940299792,194.93870962190442,204944.77926826166,25.626622591171213,0.17370152249303764,72.30399048306337,1707525.0,,390,110
261.8289474895513,89.8849699887688,153250.60039440473,22.22437533808667,0.3495375446790246,84.6485742240742,1571941.0,,390,295
1884.1392568186952,987.5078290443863,135266.17180842013,20.784251549197293,0.19811075958501148,69.72575714640035,1697565.0,,391,2
1684.854160656979,2148.1249414055455,159480.7771497832,23.92635495921086,0.22570048265266013,66.49105707259828,1736159.0,,391,277
1443.5648681848247,1701.7041009165644,98894.84476747026,17.45256526688223,0.04569276245750727,67.92870154984365,1690490.0,,391,162
1374.3874626952163,450.2815714368499,99234.84768633879,20.902864056284546,0.06269861867379344,79.78926848711794,1594443.0,,391,275
339.1843635920475,390.17296879587417,129762.50933840557,18.426259254016305,0.2163660074717926,91.64983542439222,1492468.0,,391,258
915.1305934840728,194.5133886026094,213078.6791393257,26.31691558125702,0.22991303692802612,70.80399050433438,1728438.0,,391,110
865.9368205190066,1576.0590992023401,119178.93010804447,16.893729430191712,0.058936908825414275,78.71103512918391,1607987.0,,391,200
256.13066076153115,89.80392331677132,149157.77098092283,21.597585053862876,0.29603756385559016,85.5398463960994,1558327.0,,391,295
247.5433515332685,1781.8009900527302,161472.27416188733,26.79354343834255,0.2354013294289703,59.66224580568278,1819459.0,,391,59
213.88485354430816,1406.3299991958245,93855.54146360593,18.26246302991258,0.17161906844300565,80.86750184505196,1569579.0,,391,305
1372.534753142777,442.5337102324601,101044.15208997035,18.091185312861604,0.13932990975475457,79.47850996612598,1575532.0,,392,275
1444.6794224075327,1702.4301893171062,113350.54780276104,18.48339032625158,0.05797082955675199,69.89851099699473,1683439.0,,392,162
1694.7661023316975,2149.4051400662174,151104.9689253307,22.781225021766943,0.24867608369371452,65.64073367738084,1727475.0,,392,277
1884.4057077098907,987.1906633043587,135356.16024963217,21.053034180104603,0.17319153722743577,69.89851099699473,1695398.0,,392,2
206.94492409267966,1402.3078624758043,103933.40881610502,18.90909875963923,0.11579118918171154,80.89776907266395,1580982.0,,392,305
914.5138307005938,195.4121887726748,206220.83188340263,25.283682132039917,0.2245566982108694,69.89851099699473,1729060.0,,392,110
245.91125156301143,92.08505608002619,150675.99786037958,22.588139675726726,0.35007031850713605,83.73628728573988,1560211.0,,392,295
248.901620650954,1780.9736924803592,158069.98299066574,26.919513823003772,0.20986752659390964,58.544438144691014,1833884.0,,392,59
336.9549177039482,382.7765355956501,132663.11609497637,19.445909155498978,0.22755275110456913,90.12295326516072,1495036.0,,392,258
866.141086024831,1575.7214274142477,120457.84259352653,18.125552283758026,0.06459213273122787,75.93036219978107,1631684.0,,392,200
1884.5643777853527,986.5799340983979,143766.40504744602,20.544239407406767,0.15506609930054532,70.78601922572429,1680584.0,,393,2
1698.6174591721226,2148.000968703592,164507.79769626365,23.646702514015683,0.27777814504162807,67.8819774113356,1728603.0,,393,277
1445.1900104424064,1702.260477731482,105330.68562355814,18.14321952234254,0.09218037186860009,70.78601922572429,1660782.0,,393,162
1373.4863917396572,442.9060163201649,104273.97740834746,17.137244862025426,0.11558374057423224,84.94322307086915,1535064.0,,393,275
913.0942275970265,194.723373952639,215882.47542416034,26.329747032185193,0.23853643687337867,73.69006104011298,1700881.0,,393,110
866.8497782688456,1575.9280912505517,120902.88384276388,17.036257283477525,0.06994809776198749,79.86114989568894,1594384.0,,393,200
337.4112023497128,374.0114303302849,139163.86177686675,19.135853925374597,0.2301933038931635,90.75130669964652,1505258.0,,393,258
238.39912906103547,92.81763903884118,150964.0726844084,21.940781889870095,0.35979585357129945,86.75824920486208,1542334.0,,393,295
247.14564969045202,1781.7686878599118,171272.0370924285,26.78668023341065,0.22529454731348703,59.89586242176671,1818629.0,,393,59
205.55117740737592,1397.2698448475264,98242.64556508895,18.756861830386203,0.20017088171096772,83.85420739047339,1545466.0,,393,305
1371.9271251705145,443.06712827862486,103334.96078431373,17.02012204473968,0.156175318553574,83.86274509803923,1539154.0,,394,275
1443.9469252543486,1702.0391129252816,104386.63529411766,17.580292501654093,0.12126659477586892,69.58823529411765,1677396.0,,394,162
1699.1700057591956,2148.6337129730805,162965.2980392157,23.332764346447156,0.23339117842776036,66.37647058823529,1736141.0,,394,277
1884.588703292509,986.3066028125718,138376.7411764706,20.720212307773764,0.20720397328184192,69.9450980392157,1696545.0,,394,2
914.1963159900672,194.16940367796562,212547.80784313727,26.851659230029636,0.2218712105650629,70.65882352941176,1726301.0,,394,110
865.515075066091,1576.1044711716868,124055.1254901961,18.448008546247877,0.05791098169930945,78.15294117647059,1614794.0,,394,200
337.21080157848615,368.99739337683286,127870.34509803922,18.61308513370539,0.2371098099364159,90.64313725490197,1493446.0,,394,258
248.53875420489874,1782.8434384134919,165174.99215686275,27.104166570954078,0.22009045649032202,57.45490196078432,1833745.0,,394,59
229.22462471767585,93.91118378848142,147416.07450980393,22.254204694703983,0.35016930857775563,85.64705882352942,1556090.0,,394,295
202.02882498599237,1393.826641603557,98720.72549019608,18.145222334569254,0.1986432772105506,81.72156862745099,1569516.0,,394,305
1371.803896206222,445.74285301571877,108701.81960784315,17.427491953940223,0.19766783648880418,85.64705882352942,1529000.0,,395,275
1445.3467158619987,1702.4792063915795,112291.85882352942,18.063856905323004,0.06286623551505115,73.87058823529412,1650432.0,,395,162
1701.9841614774375,2150.0746097415335,167340.07843137256,23.637482857471163,0.2492818287283127,65.66274509803922,1741427.0,,395,277
1884.6334768736706,987.4331599032406,136903.968627451,20.15167338856779,0.19390347394304727,69.9450980392157,1694752.0,,395,2
913.9977407215581,194.90703060608197,207393.99607843137,25.950319355303193,0.23790472234630713,71.37254901960785,1712515.0,,395,110
200.67889560703355,1389.5441434615616,95142.46274509805,18.375922450198168,0.22579875146515074,81.72156862745099,1566201.0,,395,305
220.05736662947217,95.80121423560595,151593.1529411765,22.53325406609186,0.3739615208837369,85.64705882352942,1557275.0,,395,295
247.86203624213508,1783.2468954071667,161701.29019607845,26.230059937986805,0.2091865419996312,58.52549019607844,1826484.0,,395,59
337.80283119912076,362.8429193455019,127609.47843137255,19.84810808666787,0.2821363718643732,90.64313725490197,1496102.0,,395,258
866.4278114209753,1576.3063670641611,128053.41568627451,18.033613901721186,0.04925211927652095,77.79607843137255,1616343.0,,395,200
1884.4441608472182,987.0780315402419,151866.0629842577,21.45506970930184,0.21605636883857787,74.93716600681995,1664589.0,,396,2
1705.9198991515964,2144.8843691964985,163248.52399147637,23.141298785468052,0.21471926253832443,66.5685484832157,1738341.0,,396,277
1444.2199190011743,1701.3344505191662,111113.5583862443,17.663610402652736,0.09248939533604758,73.79599088996483,1641358.0,,396,162
1372.417194765159,444.738038797433,104144.02155590443,17.310802014203425,0.17984953169151485,85.96852546975283,1520354.0,,396,275
913.8420125202072,194.80865533390974,219541.93172252848,26.07685875647923,0.21866554529485768,73.79599088996483,1697710.0,,396,110
197.00699520680774,1385.057670729097,117295.30399424852,19.29404321667978,0.26494408649132317,85.96852546975283,1531563.0,,396,305
212.85254165787808,95.83288101431953,162309.3368703046,22.635583973367453,0.34250700052173416,89.39205082031822,1536722.0,,396,295
247.4727630061414,1783.0116068699822,170517.80948584352,27.026832650430574,0.25252401337834557,62.38423972141356,1784944.0,,396,59
333.71598840271196,359.7261997815807,137235.43720276374,19.164291227791914,0.22667529647218845,94.71753469897547,1467539.0,,396,258
867.3722533897782,1575.9952547518674,129302.36818209254,17.95903456732521,0.05886485431582054,82.16460841356908,1576485.0,,396,200
1710.2787328984061,2143.5909385219175,157701.75059689334,22.42680960817446,0.21616667278661394,65.9838418293216,1735665.0,,397,277
1442.423862637585,1701.3832629089852,100237.56548466269,16.959668478972375,0.07790976616573286,68.93284034683319,1678936.0,,397,162
1371.4559538536782,445.2708075606318,102504.23947018501,19.693949394166975,0.12902241729366215,79.62295997281267,1579933.0,,397,275
1884.6146590473725,987.6006318834011,136626.36406668214,20.802232042183714,0.17786163126245155,68.93284034683319,1701510.0,,397,2
914.214033935265,194.8590223718116,217729.72129528562,25.735752545554796,0.24100993873423376,70.77596442027793,1727684.0,,397,110
865.524705559385,1575.279583560859,123536.12827226293,17.855807333954406,0.045771649185904546,79.99158478750162,1609640.0,,397,200
193.32394996171269,1380.4271002554872,103018.10246186142,17.870856688137142,0.2087593913285135,83.67783293439109,1554508.0,,397,305
207.20604538655255,97.29705517580899,155745.4587053391,21.77744835227559,0.3233048443399516,85.88958182252478,1554395.0,,397,295
248.10201129260366,1783.6130933745021,170723.0535509657,27.317411652864376,0.26105620348761666,61.191719238365295,1805340.0,,397,59
333.0240243351435,353.645681346606,128090.11923293018,18.597899375104433,0.22292830357747426,91.78757885754794,1483782.0,,397,258
1884.0723032288722,988.0467248580646,148131.16844135046,20.328192924033154,0.17712812441016143,72.98561934558698,1672616.0,,398,2
1714.8993659115547,2143.336251448544,158573.66928843022,22.947984774996023,0.25247165656304554,67.79882406214425,1724980.0,,398,277
1443.5159600963002,1701.8509699200265,107105.8406615828,17.1977399359223,0.09997391160599912,73.7265901003645,1646270.0,,398,162
1373.991906953166,447.43097348607904,103779.25245800907,20.532046806787285,0.09830890901189934,80.39532689336231,1579524.0,,398,275
866.2926957374967,1576.7349023116217,128376.88811898144,17.976207103211518,0.0658024153542813,83.7296952898612,1550044.0,,398,200
333.7847104138945,349.7525232859444,132254.0175933549,18.745711370779034,0.2271299488066149,93.73280047935789,1472396.0,,398,258
247.4320259297226,1782.9841682369406,174200.0015359336,27.485650127324398,0.25065161538846076,61.50057264653522,1800192.0,,398,59
201.03737652020493,98.453332421289,157069.49865623182,23.089761832718505,0.35838569765216766,88.91649057330393,1538556.0,,398,295
192.0416556456827,1375.2291152354082,100849.08360824132,16.958256150165237,0.19216383018341457,85.9526075541938,1533270.0,,398,305
913.8293378814277,194.93608334906347,221786.9958346337,26.771874575698284,0.25548139858162483,75.57901698730834,1690625.0,,398,110
1882.9792820844623,986.0462560826021,139625.73637481092,20.135309265802565,0.22060376858661904,72.64821901502556,1670589.0,,399,2
1373.2927230344517,444.7049811262289,106899.03116329089,17.936901912255223,0.18652245131132061,86.95201343249174,1513122.0,,399,275
1718.9811337740762,2140.1306508651733,163066.26768425488,22.67073847421275,0.21866849738597832,69.63689387450637,1711176.0,,399,277
1442.9665083457728,1700.9309234631564,110952.27480242972,17.513578955255173,0.06983848756647998,73.77746594272026,1635225.0,,399,162
913.5689517652492,194.9404676545905,224164.92553846166,26.793255665918906,0.18429744311956398,74.53029722785006,1686525.0,,399,110
187.78495693765421,1368.6716704254773,99474.6090293408,17.11674337363717,0.24091905279336348,85.82276650479703,1527064.0,,399,305
198.38826504929466,99.18063327972105,153293.38835634242,22.152181594740888,0.31037208359741725,88.83409164531624,1539196.0,,399,295
247.87821833905804,1782.0694211936284,169313.63810390452,25.702076715305775,0.19731307100147366,61.73216538064348,1802880.0,,399,59
337.44172883972215,342.10613818877925,136070.867046428,20.72045114203234,0.27038504125264967,93.35107935609503,1485667.0,,399,258
865.5395564186668,1576.6684093358122,127151.69839585271,17.518698427958753,0.10112909236169432,81.68219443658315,1572828.0,,399,200
1721.666923230973,2142.730489249634,154400.4423018777,22.852146090932465,0.22224086823226094,66.68503435155449,1732128.0,,400,277
1443.291513018803,1701.5598717435432,106078.38017502976,17.397063748965575,0.07301554023542987,70.78299735639861,1667727.0,,400,162
1373.7778956822683,444.5666593843305,107429.59034035428,17.569775164489688,0.19254652437855108,83.82197055362994,1540786.0,,400,275
1882.790698206704,986.9255215664732,130212.4019368309,20.40899555864404,0.2062356540850274,69.66537108235022,1695480.0,,400,2
183.91080649808293,1362.5067005016142,100856.83022267564,18.07716759448314,0.23073014418863447,82.70434427958153,1557811.0,,400,305
201.58434295417686,107.55852326746012,146551.3529792358,21.994472235161844,0.3417402725044109,85.68468101037728,1562450.0,,400,295
916.1172080435925,194.89769838719104,204010.0098964294,27.63294162075655,0.30795153518927887,69.29282899100075,1742273.0,,400,110
248.90052156014121,1782.5464898620482,165785.3286135174,25.617205565859944,0.225496075910874,63.332155529409285,1792374.0,,400,59
336.10000083250776,342.39381779735095,134248.15041241967,19.24175043646629,0.25210550853801594,94.99823329411393,1472777.0,,400,258
866.5810855735621,1576.8139445561555,115423.59853653112,17.388404060684916,0.07156336516817376,75.62604454394167,1632499.0,,400,200
1722.2272264535984,2142.7008676526216,162904.0583684841,22.843473553726334,0.2513355202441707,69.60704087828252,1705556.0,,401,277
1445.1529189026774,1701.4782871377017,117729.84957116595,18.278310138256455,0.07971616851459558,75.69290237583726,1625830.0,,401,162
1371.8455871884944,446.13466052621993,114886.23078643349,18.057544600013298,0.14056522743308547,87.86462537094678,1517642.0,,401,275
1883.1225271444082,987.0330646036916,140126.96098119824,20.74006793681947,0.20185670031846673,72.64997162705988,1679513.0,,401,2
912.3673995817021,195.66710999088326,212780.7362716941,26.038454380453228,0.25783535883584974,71.88923893986555,1710383.0,,401,110
866.8764546159814,1577.0276511308707,127475.97639315629,17.43158033107766,0.08663529512545418,80.6376648426005,1585241.0,,401,200
335.9088508001278,342.8075442715891,129755.51189033414,18.662738088044005,0.23538872469815256,96.99341761727891,1451834.0,,401,258
247.30108289644318,1783.5504860287517,171585.15942840237,25.682709241081596,0.22795163442248617,63.52117938072776,1787373.0,,401,59
205.5852137015622,115.09305473055784,151762.74779817933,21.68830618494668,0.3657157474610597,88.62535805814112,1533227.0,,401,295
179.26612022692393,1356.766841771717,99632.39930915608,18.28728381603378,0.13265138494778345,82.91986290418353,1548779.0,,401,305
1373.296561718005,444.77254812871956,105606.7843873252,17.165126280359996,0.1436272336433759,84.69684246082674,1538790.0,,402,275
1443.9723036986315,1702.0763266460222,106703.84477593796,17.497644147138843,0.09261747182373972,72.33764656525547,1657010.0,,402,162
1722.4104099728916,2143.2832658337325,156353.27922877925,22.27719678512808,0.20449930592816123,70.88362351871767,1695788.0,,402,277
1883.2736767136541,987.257683056291,135255.04131775416,20.46666551694043,0.2008810421516649,69.79310623381431,1693576.0,,402,2
177.9519735555295,1351.401122716426,92922.97784661435,16.680755145470332,0.24426478986194794,83.96983093755784,1539560.0,,402,305
207.64846352334035,123.06819511833771,147214.38087552757,21.955636962844842,0.34804289749586065,84.69684246082674,1561122.0,,402,295
914.488618027372,195.20227386538568,215590.5416504908,26.276854049879418,0.26544425390305115,71.24712928035211,1732044.0,,402,110
248.20467053031564,1782.4565709806632,176688.88205189526,26.814259522918945,0.2426274577521247,59.61494490804973,1825453.0,,402,59
336.7527238170395,342.05911120620425,130818.81700276735,19.37169980980768,0.23297225882648054,91.96695769351574,1489763.0,,402,258
867.5584544451923,1576.3494942217083,115028.85372889013,17.34354248919346,0.07384765327975742,78.88075027467556,1606493.0,,402,200
1883.6950839721094,987.6606996458208,140587.99607843137,20.615664033740778,0.19746229974392224,71.89411764705882,1681723.0,,403,2
1723.0800860100803,2142.8429926744875,166114.59215686275,23.12556383394316,0.25151385690214134,71.51372549019608,1703409.0,,403,277
1444.6977745178121,1700.8802373847666,114092.92156862745,18.04302578104689,0.08061548047987278,74.93725490196078,1638378.0,,403,162
1370.7045733568357,446.14799967078415,110923.1137254902,17.74132803583678,0.10927313480587604,86.72941176470589,1522883.0,,403,275
912.6795266083864,195.41326804191473,219914.59607843138,26.325705188195386,0.275079721076868,74.93725490196078,1701844.0,,403,110
173.84109540974194,1346.3016643274107,95399.30980392157,17.036610003672628,0.1873606238276917,85.2078431372549,1531536.0,,403,305
211.61140959312843,128.60994078645493,156683.14901960784,22.395917747942253,0.33438137649515853,86.72941176470589,1547818.0,,403,295
248.12987479885737,1782.2912870313621,175641.13333333333,27.15345730676232,0.24798199271882373,60.86274509803921,1819144.0,,403,59
337.0413692688625,342.00695030545575,136114.20392156864,18.392089081180934,0.2293685259902119,97.0,1447814.0,,403,258
867.2573868392817,1577.2475210168252,129048.8,17.76561919954534,0.09479429651783129,83.68627450980392,1554625.0,,403,200
1723.3584358916446,2141.4746195210796,153417.27622363318,22.313034840421057,0.24415863574388413,67.82731477067586,1726298.0,,404,277
1445.4670540009486,1701.5044820109763,108811.23246743533,18.74178004881962,0.10812066983237859,67.09006134925546,1701976.0,,404,162
1370.494683197111,446.9937114936667,106979.89496862708,18.068675587215903,0.16564570670958234,85.15277017405502,1527508.0,,404,275
1884.6282708045487,985.8555319375066,138736.34884288895,21.481736342301506,0.18781522159370584,69.67044832422683,1700680.0,,404,2
866.6159631576671,1576.4303677438086,119345.84660611127,16.82264276563431,0.07704025846561155,80.72924964553268,1582674.0,,404,200
173.26122897892571,1342.8270930406743,93511.01221269797,18.417531872161064,0.19248882560246092,81.83512977766325,1558909.0,,404,305
216.52781513141258,136.7810688365124,155978.12598293688,22.908086115373386,0.3495121144411427,85.89002359547541,1560408.0,,404,295
915.5484065033565,195.3413340528004,219973.56609578026,26.54262915298063,0.20047501736288484,72.61946200990839,1709651.0,,404,110
248.12932746229333,1781.3302332312498,173209.21294837425,27.39730396382531,0.22143439633106451,60.823407267182155,1805511.0,,404,59
335.07122211071214,343.18127797816163,134801.99595947904,20.1813802065756,0.2588535268873743,92.8939310989691,1484011.0,,404,258
1884.6443690198457,986.5988992918881,141944.83548238807,21.15338620740397,0.21811409389774045,71.48227601604316,1690751.0,,405,2
1726.6523362366177,2141.7295681364544,160791.35637731178,23.640181740111437,0.2534461525444807,68.56463209702099,1724646.0,,405,277
1445.2399874099697,1702.2082109767653,108918.9298465065,17.6489553116204,0.06964799804942629,72.94109797555424,1652777.0,,405,162
1369.6924165857351,446.0461391582032,110781.1160778224,16.89593553158418,0.13694296098452688,87.89402306054286,1516852.0,,405,275
866.6699084308805,1577.4373240637424,121914.845272811,17.484119439126236,0.06836254724673516,78.77638581359858,1609387.0,,405,200
335.3439835495232,343.7125622798729,135857.1714453483,19.15807262300403,0.24406006695682517,92.99989991883166,1490466.0,,405,258
248.0249914509809,1784.037591724985,167442.4903962127,26.797490601154536,0.23404356470690976,60.176405829832255,1809840.0,,405,59
222.76668773516894,140.78939480727257,147715.93515421392,22.301610353687423,0.3317501412876323,86.79990659090956,1555462.0,,405,295
170.05935230472804,1337.2765784793241,98426.7176082129,17.97723650371927,0.23167504810976186,82.78814620225407,1557915.0,,405,305
915.9764546903591,195.1911139792483,216450.52000951796,25.660101812201617,0.2554872816456688,71.84698150592094,1730361.0,,405,110
1372.118894264505,447.1284632714112,101139.40659935202,16.464284022488133,0.14877289306157174,86.65783628559171,1512132.0,,406,275
1445.0296961325967,1701.8962727594371,109795.4785738447,17.62579476124768,0.08594207144943443,73.95798096787568,1643858.0,,406,162
1884.991212873179,986.4918166856048,146610.86503927785,21.121987768947847,0.23263945699527247,74.70503128068252,1658301.0,,406,2
1729.964342260173,2140.281416476086,165614.33089645786,22.375370506413248,0.2213944217492371,70.96977971664839,1700504.0,,406,277
914.3041552660453,195.37232982402534,215147.5018871144,26.264268294636075,0.20268142038722223,73.21093065506886,1702768.0,,406,110
166.0459973112219,1332.7168516245397,89464.50431080695,15.419224568204672,0.17658693199700837,86.65783628559171,1516551.0,,406,305
229.55630989046503,144.98004426447042,152567.84423359946,22.19763116598327,0.34059822952924146,88.15193691120537,1531323.0,,406,295
335.31420303209177,343.4047655383907,129719.68394155912,18.675408655859872,0.22999298670546278,94.87538972646679,1470906.0,,406,258
866.2549207845158,1577.900384296807,127619.72551225915,17.55669455007527,0.05084611243531248,80.68143378313711,1590645.0,,406,200
248.37530220790174,1783.498021322146,172729.23807563007,27.105992174338365,0.25980963146756264,62.75222627577331,1794311.0,,406,59
1884.8703494392057,987.2217962803418,145298.8839709599,20.050668393969154,0.21047816727402066,75.7979270934606,1644020.0,,407,2
1733.3254119676294,2142.3317555302147,173559.2606067854,23.415301497145734,0.2382907150547171,73.88383802544391,1679049.0,,407,277
1444.2902939902708,1700.98729634367,114028.79368458499,18.32474038955395,0.08573687314983117,74.64947365265058,1630506.0,,407,162
1372.498807791162,449.9088347319853,98898.68523754033,17.726813818557613,0.158411655212275,85.368372433544,1523931.0,,407,275
913.0781086945859,195.16812430550036,226342.18074641342,26.24410994794765,0.26837491997148255,74.64947365265058,1715076.0,,407,110
234.79665497420496,150.3800838670584,158573.4744754692,21.902478566490604,0.3400578685985875,92.64191089200739,1493541.0,,407,295
163.85874603377977,1328.6079904735348,101586.83192466295,16.581845212411903,0.2337162955683159,92.64191089200739,1462986.0,,407,305
248.59455814758383,1782.7158802648962,181396.68970468652,27.654072160550676,0.23210839193657523,63.164939244550496,1788815.0,,407,59
336.4256393879648,341.10429035572463,137856.52285669744,19.494086059549026,0.23150642466099375,97.23572465524742,1457786.0,,407,258
867.2863284822768,1577.4986000584865,123053.72364028364,17.266043567541146,0.08851356549281468,79.62610522949396,1585573.0,,407,200
1740.8862618833193,2138.076940933213,169664.2351637925,23.316980731786185,0.24990561663252478,70.74615665406938,1704824.0,,408,277
1443.8957369579873,1701.9167483055096,109810.79860898627,17.88147300352897,0.07378363155963095,72.9341821175973,1649146.0,,408,162
1371.9114652876149,447.8197653533594,107607.82163812424,17.02425202688748,0.17207575176158127,87.88568945170475,1506213.0,,408,275
1884.8371421241663,986.7783196511032,142148.72094719714,20.563013379381832,0.19802782259738955,71.84016938583335,1677148.0,,408,2
914.0258247762742,195.92970705397116,217237.01413363768,25.243732263601405,0.2209635533295877,73.66352393877328,1704531.0,,408,110
161.85204349838764,1325.26936203934,92956.80313434129,17.051960190760504,0.24622752115591154,85.69766398817683,1528162.0,,408,305
241.6516708821203,154.66447837423462,149370.66366048163,21.209593627579295,0.32050256149336037,86.7916767199408,1547042.0,,408,295
249.96606696072178,1781.9780908121897,163533.75248589786,26.658599734177432,0.2503294250039692,60.90004206819375,1803715.0,,408,59
334.4540943861314,342.9082553147169,126046.31221927401,18.675313615814183,0.20902472128123176,92.26174037876059,1483068.0,,408,258
867.0417383225032,1577.4826006163364,126381.80945701496,17.42833846924186,0.060957219915242764,81.68628397170897,1576172.0,,408,200
1885.67688503981,987.4338957955022,138536.9889871658,20.739450723563724,0.21473732640794121,70.82628575122598,1693284.0,,409,2
1749.9157367032828,2133.552962415648,159499.63442510925,22.731432402886494,0.23447413096307043,69.66519909956654,1703313.0,,409,277
1444.2816156110007,1702.401463531322,106784.36529535113,17.394887904242267,0.09654197101069385,72.76143017065839,1657244.0,,409,162
1372.1751444616261,447.12647513632294,104619.32571889016,17.953783647337797,0.15932729050003402,86.69446999057169,1516468.0,,409,275
158.51954647026082,1318.923407361993,95952.97495090408,16.61206602597516,0.17584637561854463,88.6296144100041,1499667.0,,409,305
914.942790939527,195.1395177843257,212128.59611376066,26.105717963426578,0.26688927212024904,72.76143017065839,1712991.0,,409,110
247.3883655103586,1781.9209490501755,179940.56492757372,27.149173756800078,0.270642722291336,64.24679472515581,1780381.0,,409,59
335.4723563101741,342.74373659733317,131570.856106093,18.411982835234067,0.23446064478308992,97.91830762327963,1439079.0,,409,258
865.4709469580641,1577.410901079892,123503.23902147933,17.350954289280583,0.02244018789231407,80.88903673227448,1585006.0,,409,200
246.76924300013627,157.24591516876902,153349.35843126918,21.34263854679676,0.30741536721962276,91.72584548109594,1507524.0,,409,295
1753.4170018984173,2130.485000174701,163304.22854519132,22.187196644660016,0.24724562452646504,73.79606652092828,1670678.0,,410,277
1446.068769622284,1701.6738240460286,110013.95871469438,17.525956751701592,0.08670039537634541,75.69802699827179,1625171.0,,410,162
1371.9241028233087,448.3850061376273,105361.00260292122,17.25479450543518,0.13956105274071484,88.63135824420768,1502910.0,,410,275
1885.9862476276428,987.5747090129667,143307.01608640162,20.887832935955213,0.21329827735044288,72.65489023452217,1663175.0,,410,2
915.3874315537303,195.58231177275837,222301.14059190973,27.16781145889597,0.280269916067958,77.980379571084,1671439.0,,410,110
866.1794421417198,1576.2044540683878,122792.85076986997,17.690905100335716,0.07877019681939211,82.92547681217714,1564304.0,,410,200
154.24251601820419,1313.0624404660136,93446.3613886505,17.190457274678778,0.12783902160241095,87.87057405327027,1502053.0,,410,305
252.40526864957098,158.7371100990634,154939.40636583455,21.463375005267608,0.32078088833203844,90.91371081701989,1505460.0,,410,295
248.3819043157962,1781.995648008176,178658.7554787855,27.024921174143497,0.25012469125308673,64.28626413421071,1775115.0,,410,59
335.5485943706682,342.65466181702544,133970.6724952178,19.513045100747608,0.2500490037513955,96.61959224905043,1455964.0,,410,258
1884.9112218088103,987.9647481131497,129352.55274351133,20.109166927018848,0.19443878689184943,68.54854775632758,1704713.0,,411,2
1754.8918192169972,2130.8913276108856,157785.04722551483,22.465010860479925,0.21431415165021397,68.90932958662404,1719896.0,,411,277
1444.3477787229465,1701.942212837781,107303.37118494313,17.52736989615817,0.05721693137015806,69.99167507751343,1677949.0,,411,162
1369.2135432167772,448.16679853947835,99401.88831962034,19.42959497586002,0.14506102362010853,80.81512998640726,1566945.0,,411,275
915.6402660993951,194.90497045075182,207927.94912743816,26.797929346454993,0.28261894819952055,69.99167507751343,1734829.0,,411,110
866.5607259464985,1577.3262876013134,116134.5888269399,17.19487965279725,0.059622248410314216,77.92887534403557,1608449.0,,411,200
334.66178197837127,343.36321084395,124404.42994099538,18.82468181880573,0.2489374466230221,91.99936672559755,1491624.0,,411,258
260.5565329418314,160.15422038733072,146462.2702634907,21.75830693553973,0.3351762710024287,85.50529378026125,1566419.0,,411,295
248.09787841590708,1783.3470491960268,165767.70600265433,26.270462707406903,0.23585205277682852,59.88978382921252,1805831.0,,411,59
151.3115715599927,1305.9703481443814,92945.69746646516,16.30944704952132,0.2197184410645916,85.86607561055771,1517305.0,,411,305
1373.925471928539,448.1537213440804,106768.82352941176,16.819913211501536,0.0877056240989007,90.90196078431373,1487013.0,,412,275
1444.4312172155817,1701.5851893255367,103976.94117647059,16.85903724710078,0.0833812907177815,76.37254901960785,1622799.0,,412,162
1759.7449228838252,2129.242959693355,159689.0392156863,22.02814592630887,0.21134841049979505,70.7843137254902,1696429.0,,412,277
1885.2016835311886,986.9843837791306,144546.78431372548,20.427662587901146,0.1910747072137795,73.76470588235294,1660904.0,,412,2
915.7963255661655,195.42807331168083,210484.60784313726,27.391982187491703,0.2998288716852214,73.3921568627451,1703533.0,,412,110
866.3075127203736,1577.8197895748376,120957.72549019608,17.42459426665971,0.050868192960674144,81.58823529411765,1571916.0,,412,200
147.73532980877738,1299.8219751426054,96399.29411764706,17.27305973621905,0.24173724329584007,82.70588235294117,1560224.0,,412,305
248.86971831763768,1782.617805789168,168642.88235294117,25.03959773247358,0.218157245061338,60.72549019607843,1808665.0,,412,59
269.2817282744502,160.24159218830158,151772.3725490196,21.716553329238348,0.3391548707016689,89.7843137254902,1534115.0,,412,295
333.23206066784047,345.3107496988231,120605.29411764706,18.04722128956902,0.24930531793257674,95.0,1458588.0,,412,258
1886.2464147571761,987.6878378836889,133147.10418741955,20.125987301442738,0.1950257065648724,69.64705793693766,1697582.0,,413,2
1760.4670735073423,2129.7333778677744,162306.63322798986,22.75825537222518,0.22315782391699096,68.89411677005185,1717087.0,,413,277
1444.8360137384038,1702.137975355853,106322.82217594559,17.42511997998387,0.07210919400294055,71.9058814375951,1652661.0,,413,162
1371.9678094139645,447.115713461876,105103.43395617402,16.775622856939208,0.12553784093238343,84.7058812746539,1526491.0,,413,275
866.5276350979804,1576.934625574885,120494.68081907036,17.498143397815834,0.05118851289984968,78.68235193956741,1596920.0,,413,200
334.3726159552471,343.97277248074647,123625.786661565,18.28375614558511,0.23246830217274675,95.9999987779411,1460012.0,,413,258
278.5308793527612,158.54598775926556,150579.1980831599,20.820702139895666,0.3107100855936029,87.34117535875426,1538217.0,,413,295
247.8424059034653,1783.4244970567597,168457.7860908635,26.390707606240063,0.22738436103399196,60.61176393430791,1808320.0,,413,59
144.0628704853534,1293.1826676151093,93676.79880751492,17.51859242809821,0.23441320822726391,85.83529302498263,1520766.0,,413,305
915.4336151963487,195.6453156351289,204888.84445063354,25.590928411743658,0.19662389291281224,71.9058814375951,1712604.0,,413,110
1371.9191460923425,447.9192494376294,104645.85776502342,16.969281431553206,0.17238755897540853,85.79627250111294,1527395.0,,414,275
1445.4841716878366,1701.2992272738234,104639.36897130485,17.638026797811733,0.08654858135010551,69.93477674460466,1672724.0,,414,162
1760.4858916753358,2128.421999158901,162865.11745074712,22.61497711351571,0.20348469107809158,68.85331112484273,1730497.0,,414,277
1885.2084298274178,986.7679739498535,138382.5382620367,21.181031184953238,0.24783831368355577,72.81868506396981,1682595.0,,414,2
914.0453222330161,195.79953446913117,207063.89635333727,25.532497719428424,0.2391754925828987,70.29526528452531,1737531.0,,414,110
137.7218135897379,1286.891511767877,97628.22735838828,18.47970752302901,0.22276976451465394,81.83089856198588,1557789.0,,414,305
249.78450868269186,1782.9765039799784,164349.2487696004,26.297841892202555,0.20654534922491954,60.56207470666796,1800535.0,,414,59
283.7417896475904,158.39588448299634,149029.92777713278,20.569237624580452,0.2857632580416947,86.87773812087487,1539384.0,,414,295
335.1409618141535,344.0919008934648,124471.28550649909,19.102702572665955,0.2580883285891229,91.92457767976387,1495507.0,,414,258
866.857756643258,1577.110606274482,122581.965068775,17.995293294313758,0.07235831726198612,77.8655246228588,1614689.0,,414,200
1763.49390058578,2126.973332691942,170380.9690141764,23.11749643266353,0.23654189272042334,75.62735019291556,1661397.0,,415,277
1445.6206529156975,1702.0579379117282,106997.42603352768,18.000668888809717,0.08112560156679913,73.7646075773265,1633627.0,,415,162
1372.596983796493,447.4446934931022,105210.68331665466,17.327600430085052,0.12224534067560638,88.66654850203892,1499355.0,,415,275
1885.4536436454855,987.0937259485191,143763.12213445504,20.7319178066403,0.2174609734075478,74.88225314667993,1644876.0,,415,2
134.3105050862389,1279.0142823946421,107415.79802498898,18.546227084276513,0.2206195959376979,88.66654850203892,1516293.0,,415,305
915.8259874767421,195.66897301045665,217045.27937434398,25.072129467112013,0.26931033906443813,76.74499576226899,1674957.0,,415,110
290.9395228394179,156.4516698682467,153794.36366792524,20.901435079840706,0.2902047713684828,89.78419407139236,1508347.0,,415,295
335.8140776293703,343.16735719817916,129392.43540370863,19.5322318364887,0.2571760017478102,94.9998733950417,1464680.0,,415,258
866.1302810787732,1576.3192713299652,130885.6098843648,18.190562079815457,0.06952294272418086,82.70577213215395,1578218.0,,415,200
246.80626534854332,1783.3711329257005,171880.10427120246,26.4273816310098,0.22111654710233505,62.21560336067437,1796548.0,,415,59
1770.0522070132615,2126.51593160051,165691.05743724882,22.141403384454016,0.2017679622272748,72.91846854926993,1679886.0,,416,277
1445.850435049124,1702.42433550716,110371.87472757923,17.653053517442043,0.08568055036647296,74.79781052218927,1637832.0,,416,162
1373.304467693566,448.4655977371865,110294.82170668953,17.252279257698248,0.15128859894032148,89.83254630554389,1482776.0,,416,275
1885.675470422146,987.856918611539,152289.84569675566,21.50601302971036,0.21992066799438836,73.67020533843767,1662689.0,,416,2
913.2204300895042,195.13873152090108,224250.60157662592,25.64272835095129,0.19450121776481064,75.92541570594086,1687072.0,,416,110
867.4627735200235,1577.4876127619548,121873.44760184552,17.706006064986394,0.06399745840465942,81.9393100192827,1588578.0,,416,200
336.10654145714875,343.6401622364571,133725.32981986395,19.51131011261429,0.26952661417724555,94.71883543513414,1459976.0,,416,258
296.73424305142623,157.0235451443563,147281.39933892566,19.816718698306065,0.3114974974561353,90.96015148929548,1506979.0,,416,295
249.44692624001914,1781.943440422658,175867.3183522124,26.148139301504294,0.2288277056968001,64.64936386842489,1791072.0,,416,59
131.49771807126078,1272.8419298157924,97758.48314213386,17.457411449487033,0.25564565985634574,87.20146754345683,1510656.0,,416,305
1371.4309981048862,445.36382030023873,108663.34117647058,17.87205382033083,0.140956727172073,87.71764705882353,1501549.0,,417,275
1444.6991595004538,1702.2783623582961,104542.8705882353,18.032824616166245,0.07650703983650739,72.28235294117647,1649641.0,,417,162
1772.507219462934,2125.2736987245776,155084.04705882352,21.560446889251445,0.22206240383608297,71.90588235294118,1688471.0,,417,277
1884.4720703542462,987.444894423633,133862.4,19.947499305960736,0.21104348629435052,71.90588235294118,1674751.0,,417,2
127.20767104078527,1268.552226498076,94502.4,15.956063914748416,0.17855135326424446,88.84705882352941,1500199.0,,417,305
248.2802280772505,1782.3407895326434,168033.88235294117,25.735509110556745,0.21954125244030173,61.741176470588236,1807294.0,,417,59
915.2070039727681,195.8664887379898,215111.5294117647,25.053578282761766,0.23826045276939373,74.91764705882353,1692226.0,,417,110
305.03863404955223,150.98587316920344,144199.5294117647,20.174524862086837,0.31565581779320623,88.47058823529412,1524644.0,,417,295
334.4465580257138,344.4437888029078,130918.02352941176,18.52841396938945,0.26288004739711407,96.0,1455515.0,,417,258
866.4690736706303,1577.3449940970997,123727.81176470588,17.371504868126646,0.08302945101362316,81.69411764705882,1577705.0,,417,200
1884.876437854697,988.3675963960932,140172.06274509802,19.815297181947994,0.20990863106510843,75.93725490196078,1651900.0,,418,2
1773.6294904902034,2125.656824344012,165730.84705882354,22.74598138103879,0.2417255310925385,71.88235294117646,1703132.0,,418,277
1444.7151682614406,1702.7662317283255,108061.29411764705,18.054691379523444,0.0673553009090062,71.88235294117646,1654623.0,,418,162
1372.2334479399058,444.59531289712237,104427.73333333334,17.49552422421338,0.13720722117142192,85.89019607843137,1522085.0,,418,275
913.4339973567887,195.87366416033183,213655.73333333334,26.2713365376647,0.1988983116011115,73.35686274509804,1697818.0,,418,110
122.48605775884317,1262.0639341993544,98553.65490196078,16.91989832220254,0.1666013651306784,87.73333333333333,1503840.0,,418,305
249.01796808460045,1783.6557399729354,170526.32156862743,26.678203059596335,0.2256339453781955,62.666666666666664,1796338.0,,418,59
310.71225073333676,147.37880144767712,149419.08235294116,20.61354676790409,0.30581349216559606,88.83921568627451,1511414.0,,418,295
334.9077079418966,343.0310701892018,132038.29803921568,19.96543969620993,0.24511620795834405,94.0,1470262.0,,418,258
867.0015680043173,1577.350990121273,122953.8431372549,17.289275444800083,0.04386253540272907,81.83529411764705,1581315.0,,418,200
1774.9134375293136,2124.626046910525,166807.00083887603,22.47538804384546,0.22045430912343664,72.6469140172795,1688822.0,,419,277
1445.5667283666523,1702.5568350930707,110899.05345600877,17.92245987969542,0.08915374259579503,75.99984851038471,1621818.0,,419,162
1371.2488220064083,444.5788817575499,112666.42248215224,17.303738871852094,0.16044847719763866,89.78413475981723,1494796.0,,419,275
1885.8057590912358,987.4459023898179,139973.46609055507,20.297644660840746,0.17138536524545148,73.76455884831458,1661050.0,,419,2
914.0596025716151,195.58705244231646,223156.79047827917,25.739691924101944,0.21381606077414841,73.76455884831458,1707030.0,,419,110
117.86284588303678,1255.9763982466852,101906.4831455006,17.600445788356126,0.2165047166852547,88.66648992878217,1498402.0,,419,305
247.7613241243812,1782.8370480798646,172931.69451294822,26.23573674965089,0.24172158075076006,62.21556226095219,1784881.0,,419,59
316.11378212275554,142.21142816366216,167064.0591500141,21.915237022466883,0.30248156513946794,87.92139337475878,1536818.0,,419,295
333.75129081182894,343.62105706948756,136082.19933716796,20.061104073491276,0.24637915714724268,93.88216580694582,1482814.0,,419,258
866.6990147351098,1576.6260107510943,123153.65648003129,17.49297422879394,0.05839184503862912,80.84297611153669,1582855.0,,419,200
1779.379858511568,2119.4890915387277,159806.84449744734,22.69185160964018,0.2270185388593899,69.64704745263755,1708252.0,,420,277
1444.7056170500728,1702.9046399131435,101251.37170453739,17.629127225639476,0.0914799552568247,70.7764590329506,1663399.0,,420,162
1371.3303791501112,444.15455586234765,111804.21704045568,17.792073970018876,0.09200665105772467,89.59998537150129,1505715.0,,420,275
1885.4979941922568,987.8171404909416,142738.4237547031,21.014378353820376,0.22543200703824073,73.41175272034769,1657302.0,,420,2
912.8877416079565,195.7427777215675,212088.81243224512,27.25819519823455,0.2637417551700827,71.52940008649261,1724713.0,,420,110
867.6955984931494,1577.5586809689062,119223.32171153204,16.94138235717479,0.056899333419548705,81.69410430930999,1577762.0,,420,200
336.57394715826103,343.11455318942194,123980.40328781058,18.542940674182976,0.24419379851816608,95.62351379983751,1451835.0,,420,258
321.02015906196687,136.46992239121556,156683.26853682823,21.63662214093998,0.32356823967322323,91.85880853212737,1497332.0,,420,295
248.8739131860513,1784.3842964753499,160728.82081750955,26.39734602159664,0.21774403457068917,60.61175481013322,1813695.0,,420,59
114.28297662316051,1250.0700813518554,99541.44257194345,18.938182781950488,0.23584975559103397,87.71763273764621,1516357.0,,420,305
1370.5871376893747,445.18804396739074,107921.69141027791,17.74053351474404,0.16941488741220748,86.96470370071964,1517879.0,,421,275
1787.5994674558979,2116.3876490913085,161038.30184247807,22.561234806967683,0.22946943842051049,68.89411591875192,1709400.0,,421,277
1885.005344740011,987.4494004645614,131929.5966903584,19.737973020870204,0.1999256898581932,71.90588054907988,1681418.0,,421,2
1445.6291400937089,1701.9280585339973,105016.09148316902,17.585275725975052,0.04200831884628864,72.65882170666187,1642905.0,,421,162
913.9393599719059,195.88322316204312,212261.26526335953,26.00121316109063,0.2290681612847844,73.78823344303484,1703305.0,,421,110
111.59503339127971,1243.577562947872,95720.65642224059,16.767008498824058,0.19798879450638146,89.9764683310476,1495125.0,,421,305
247.59464779020595,1783.1777545507312,172528.1839071792,26.65605829885185,0.21505598271504955,62.11764550051403,1789160.0,,421,59
334.7351420432674,345.2840495804142,122249.40869790557,17.88084288575422,0.24031572983842564,95.9999975917035,1447178.0,,421,258
326.93158040967666,130.53043807519344,153114.725570664,21.135629383789844,0.31543254626550715,91.85882122500257,1506316.0,,421,295
866.9724741710716,1577.7099591542528,125349.6439142494,16.973111438193072,0.040895344009772086,82.8235273340187,1566460.0,,421,200
1884.534159646611,987.2605966769886,141331.76470588235,20.269961351718127,0.2009338588424206,75.68627450980392,1644024.0,,422,2
1789.2980822021098,2116.694778189084,166428.6274509804,22.66674668854348,0.25167075284614476,72.94117647058825,1684000.0,,422,277
1445.7792361444892,1701.5215291899287,106066.66666666667,16.88619998012936,0.11510361479048034,75.68627450980392,1615647.0,,422,162
1370.4650837242602,443.8966599345309,110095.29411764706,17.304735497021774,0.12118632297197043,91.76470588235294,1472827.0,,422,275
867.3681218846255,1577.9193557267831,121078.82352941178,16.852672200075737,0.0649305642564614,84.70588235294119,1550457.0,,422,200
335.83604466233623,343.4662883671531,143262.35294117648,19.209415177221533,0.21130295390012796,99.6078431372549,1427691.0,,422,258
332.22996011546155,123.47225928543196,163707.8431372549,20.83341330507302,0.2815469490349407,92.94117647058825,1498748.0,,422,295
248.22944787415855,1783.3884412821317,179896.4705882353,26.548267218583252,0.24464589436941106,67.05882352941177,1760502.0,,422,59
109.78947226657945,1238.312372780268,101915.6862745098,16.388011706108543,0.24719694483767876,93.72549019607844,1455649.0,,422,305
914.3344542171626,195.5894617982196,220880.7843137255,26.843684290725157,0.27584624161554677,75.68627450980392,1695900.0,,422,110
1370.3307936301499,444.82002066444124,103123.05882352941,17.758450783789016,0.1456230833603262,86.05882352941177,1519449.0,,423,275
1444.494325933716,1702.927736484566,104856.1568627451,17.633953410601716,0.10391709028017633,71.90196078431373,1657621.0,,423,162
1792.0853297807985,2117.5211283894387,167509.96078431373,23.640149475629176,0.27777392633301784,70.7843137254902,1699657.0,,423,277
1885.1356206772523,986.9472305584461,135684.96078431373,19.572046290692732,0.19571612856411333,73.76470588235294,1647116.0,,423,2
866.7043358122199,1577.8480946845116,127545.13725490197,17.596510393873526,0.08934831303220418,81.9607843137255,1579879.0,,423,200
105.39206950715287,1233.4088475815483,105782.3137254902,18.8916197058263,0.2325450366217346,88.66666666666667,1502658.0,,423,305
248.0730404131669,1782.1336768954477,166993.23529411765,26.0294704773903,0.21971200922299103,61.84313725490196,1797795.0,,423,59
913.4553704175694,196.42994491879415,210484.23529411765,26.172641972375814,0.273096016323965,73.01960784313725,1705491.0,,423,110
334.27936070186377,344.5291820900086,126712.49019607843,18.08851082467298,0.2371608024558374,95.0,1461442.0,,423,258
335.5162112715565,115.86399710056425,150076.5294117647,20.435253908883578,0.284538510382761,89.7843137254902,1512025.0,,423,295
1790.718995511008,2118.3585301940793,160610.9111469457,22.53073670828576,0.2366322404370035,71.66259079078037,1699570.0,,424,277
1446.1148910294194,1702.3212263200699,106129.52547973393,19.07369442391204,0.112993655605907,72.05851670675153,1649611.0,,424,162
1370.1752009867535,444.78979658252206,98544.77270747437,16.47802029902031,0.16374011876914768,87.89555334559802,1504922.0,,424,275
1884.8535524184217,986.4037382414201,145417.65004746834,20.896767715665213,0.22061421585398144,73.24629445466502,1667659.0,,424,2
913.0641805588951,195.9942526761485,218997.31412338107,26.386480822243353,0.2086309345312071,74.03814628660734,1693052.0,,424,110
867.1334229759917,1577.5454714449922,127790.23641660024,17.591447470679284,0.055960415753097334,84.72814601782872,1549768.0,,424,200
337.1130010868027,107.92676917319028,165029.44436918388,21.810379537392866,0.3426704776366989,95.81407166502126,1467718.0,,424,295
334.9873923923325,343.8320961195388,132272.51371130976,18.468886088647675,0.22010106211577576,100.56518265667522,1418530.0,,424,258
248.72023406775864,1782.8188237956572,171450.5708744042,27.209324204577406,0.21419790933550523,62.16036880747247,1790860.0,,424,59
100.46604930789556,1226.8264688532804,97994.03975835849,18.23842432491447,0.2018427458550332,88.68740517754034,1501890.0,,424,305
1369.2285513308839,444.7155231118062,99568.89694331097,16.801625192701206,0.12717765206296525,83.82286490704006,1542635.0,,425,275
1445.3481474475516,1702.1493531742278,106351.09807945615,18.31680667730967,0.11318061280532184,70.78375258816716,1666648.0,,425,162
1886.0535239626165,986.3471486529858,135810.55081451882,20.70761515755937,0.17324804348517858,69.66611438940663,1696258.0,,425,2
1793.519536691708,2116.1515533622764,160723.45135702362,22.26226271767727,0.2242500809090866,71.90139078692769,1692891.0,,425,277
868.028766526224,1577.404960108315,120519.02497907719,17.480632464754144,0.09496916956182974,77.86212784698388,1611058.0,,425,200
99.45652204397577,1222.905461212699,106268.02030668162,18.678156147753835,0.19034878398972888,86.80323343706816,1525479.0,,425,305
914.8435551590218,196.65948707183094,212954.78239183218,26.503472260177187,0.2854647847403412,72.64648291943472,1713815.0,,425,110
333.77792427081164,344.9000618740314,128850.27265870446,19.39594831224976,0.25357099818053347,94.99924689464541,1458658.0,,425,258
340.6008903608241,98.76206966893457,155234.35761684438,21.549851901367056,0.31799188374613124,92.01887836461731,1491612.0,,425,295
248.31750670501464,1784.233605798073,168909.40607081202,26.853332745013528,0.2187095942279176,61.84264699808289,1791081.0,,425,59
1884.875566549898,986.8747253720276,131803.92468884817,21.00331411633455,0.2079089816995272,70.75291337980991,1685017.0,,426,2
1797.6436283738444,2117.5310379697285,156525.8679175275,22.19260717255007,0.24512731082330835,72.94114781423703,1695298.0,,426,277
1444.3996312156376,1702.3952814513623,107992.28698489048,18.06862263542146,0.08579125240440522,75.85879372680651,1625294.0,,426,162
1368.9209157680225,445.2213919787156,103083.34773699233,17.98646620818485,0.19135768788909402,86.79996589894206,1513078.0,,426,275
867.1433228832652,1577.9221221585153,122382.11662568316,17.120567259717568,0.055957373147655705,81.69408555194546,1571332.0,,426,200
341.38760834948516,90.74299946440709,151849.2462254177,22.39780188540592,0.3525014612011666,90.8117290287251,1522057.0,,426,295
335.00869962124307,344.6535386419764,120651.58789379039,18.38306677016266,0.2023065795462638,92.27055198500983,1488867.0,,426,258
248.01695586919044,1783.1841869723355,160135.36061711505,26.071080479280415,0.22253043332048994,61.635269903030284,1789031.0,,426,59
97.47887771143584,1216.414674472814,94188.17476104613,17.745571063846793,0.2364478411827301,88.98820033336916,1491041.0,,426,305
915.0231731837888,195.94639642314775,214937.5037929076,26.08946688182171,0.2273586668566456,75.12938224866413,1685507.0,,426,110
1370.0461794362363,444.8510372868826,103900.40866279799,16.083773137678907,0.12707159176498367,88.9966146017519,1486810.0,,427,275
1804.5032704285834,2113.9270822256562,163218.68333793746,22.617072636240255,0.23217335437681283,72.7482700271582,1676731.0,,427,277
1444.2821015865939,1701.9126630253038,99384.47671273646,16.67951264315458,0.0665573966042499,72.7482700271582,1643046.0,,427,162
1884.3067533948379,985.9673603192703,142497.98191918683,21.09771521102537,0.2336439933376233,74.96395337823915,1657148.0,,427,2
916.3683625247993,196.16020197031753,216847.083167501,28.223953025738087,0.33879356526400206,75.33323393675265,1686674.0,,427,110
868.5171910385745,1577.2892093557182,118381.74576490463,17.58113705773717,0.061095724073365845,82.34956454850902,1572166.0,,427,200
95.33142070592862,1208.2319064005505,93898.81401601853,16.993699145215224,0.2094158532758159,85.67308957513046,1524563.0,,427,305
334.27470614620063,344.67786435049175,124317.192181892,18.32909504412094,0.20559342760855961,93.79726186242732,1466447.0,,427,258
342.9451078829052,82.02199695110903,152852.97806046368,20.734867064425014,0.2981303291415979,91.95085906985985,1493853.0,,427,295
249.65526301948648,1783.9572050947152,168508.62733864324,25.362549800966192,0.20132846284269884,62.777694947293874,1798876.0,,427,59
1886.5682012142424,987.3127673710137,137479.78343262695,20.853754402545942,0.2182548052942172,71.65974797580428,1672578.0,,428,2
1445.3763406781004,1703.194199338755,103092.75804904594,18.04442765261472,0.053651915575972785,71.28845394484156,1666714.0,,428,162
1369.6253518346723,446.3780431478594,94054.34745332053,17.363277627902434,0.11634948424497546,82.42727487372306,1549087.0,,428,275
1807.756256187752,2113.0234096622457,162762.67917700217,24.136887744595604,0.26184770870819124,69.06068975906527,1712557.0,,428,277
915.5353146146675,196.82604295533255,209489.2903855981,26.532710651488795,0.3006950542019591,73.14492409965514,1715138.0,,428,110
868.6028940724271,1577.7598321839946,118236.35639589129,16.890009797080413,0.07392960238950952,79.82821665698404,1601671.0,,428,200
344.7576324155926,74.18623929398007,151121.8687182591,20.97481066806773,0.3589925907308943,92.4522137097164,1489970.0,,428,295
335.191065110379,344.60464985012464,124982.39764445288,19.027827937414195,0.264457402260644,94.6799778954927,1466177.0,,428,258
248.97467641106266,1783.3794306413454,169331.2418787636,25.73056107006087,0.19855289321547454,61.63480913981093,1806557.0,,428,59
92.35851215003582,1203.8692530271185,93801.12492420395,18.032938306024626,0.1794338733220754,83.91245099757393,1545075.0,,428,305
1368.9141320903602,445.9947479492779,99369.12624150941,18.161950747579883,0.09626290246569803,81.329033644162,1563490.0,,429,275
1445.1225229359468,1701.9500162072193,100136.46385042115,17.566501781978836,0.121267208516424,72.94083734902422,1644988.0,,429,162
1811.1879047444622,2114.2241914502943,155322.40727613264,23.820774011368478,0.26060917332454436,67.83497873459253,1728234.0,,429,277
1886.3790942617395,987.3364550104993,131822.69300321076,19.80688239194354,0.17926447834618572,70.75261222855349,1680509.0,,429,2
914.2782889599121,196.16246493029445,201748.52084041305,24.53751585725333,0.23339245245880325,71.84672478878885,1726987.0,,429,110
248.7545276904013,1784.5532989315518,168348.91141829488,26.08384837145944,0.20863461168877692,61.999711746670584,1790329.0,,429,59
87.49033992730739,1194.2696553059643,97933.28585829388,19.015119134656448,0.17251771266221544,86.43489225859369,1517438.0,,429,305
344.1350365479506,67.06006258630359,154770.97454577402,21.594290049486588,0.38156299882241923,92.63486343326075,1491409.0,,429,295
867.8379711298343,1577.736612220471,116396.43531226563,17.565464079274214,0.06636641410691779,77.31728758996567,1611358.0,,429,200
335.34150208151806,344.54292828444187,120544.94543649138,18.881268237990636,0.2543178290378378,92.99956762000588,1479292.0,,429,258
1885.8134279368483,985.5121226709264,142334.05296206893,20.617553382450595,0.18411237182276197,73.97091342025924,1660797.0,,430,2
1814.9938088911792,2112.5949657940646,164692.73484483466,22.795356037842694,0.24137525063547433,71.63498983856684,1688469.0,,430,277
1445.2315008658345,1702.4736797409512,105442.42251580395,17.38636512132907,0.10946408919300421,74.74955461415671,1636514.0,,430,162
1368.5507019090246,442.0845305279867,102029.63816295136,16.74768294025621,0.1387941781229432,86.81849311956742,1514776.0,,430,275
914.0172406557616,196.69829126107305,213372.99296670724,25.879298120586284,0.20573554324448123,73.5815928233105,1701460.0,,430,110
867.2343657621741,1576.8896743116154,120506.01505294432,17.336083592688393,0.06358687729392046,79.81072237449023,1597122.0,,430,200
345.0403777702985,59.94724066538159,152689.98084090522,19.752324569484863,0.3086879117928243,99.27675222192687,1446051.0,,430,295
335.94229940654594,344.38590554425116,123791.88089119163,17.721704776895855,0.2149767265295791,94.99422565549081,1463292.0,,430,258
249.8595176290981,1783.0535373715136,171879.59306450826,25.862331100877483,0.2388311791482179,61.901974914848516,1808155.0,,430,59
88.27112236057825,1187.1587825024653,97517.41244431555,18.21960626367036,0.24883256344049687,88.76509610431108,1507813.0,,430,305
1368.3703044216734,443.09757171920785,100850.78641137168,16.50056035644923,0.1301266739181848,85.83526252605687,1527266.0,,431,275
1444.9137645166422,1702.3373588107402,106490.31374751349,18.293689364952407,0.07554538830692487,72.65879678740778,1651290.0,,431,162
1884.8367358072646,987.1876043382906,138012.5609693085,19.99334667945192,0.21445905737719104,71.90585588805641,1675740.0,,431,2
1818.4426157152263,2106.174650339952,156091.04843318474,21.772726875746926,0.20742411394794916,68.51762184097522,1720013.0,,431,277
343.79626670408277,53.438916907662765,144888.79373263498,19.755992521384833,0.3224191370100068,95.99996466730045,1466390.0,,431,295
913.5369238845144,196.21648993875766,215152.8619896557,25.68487747456934,0.238107701695114,74.16467858611054,1698209.0,,431,110
249.01085323558195,1783.8846857133046,175414.14720368877,27.003600613875477,0.23174412304056752,61.36468329713715,1800816.0,,431,59
83.33681634914284,1180.809731925764,97855.21104330223,18.286057251787255,0.23043883176974975,88.84702612346237,1499361.0,,431,305
337.09850524503213,343.24808728378457,130741.0342338226,18.555899089910078,0.1995957704906612,93.74114196924631,1469732.0,,431,258
868.8991789683724,1578.0503707987266,118485.03874463058,16.857152862383852,0.058895151892087876,82.07055802929999,1569433.0,,431,200
1885.476201415051,986.2153169271016,144910.8538303138,19.988124004273097,0.19938808008351616,75.97576804374032,1647184.0,,432,2
1824.6033783720075,2101.6160460884244,166139.42332814363,22.466037428067718,0.2246803381689178,73.62600202176895,1676463.0,,432,277
1442.9955733290185,1702.9133928949811,101652.05299349158,16.8068840039656,0.06508253643356585,74.80088503275464,1622424.0,,432,162
1368.2970099667773,442.16323094796485,96072.14194665028,17.720402861611475,0.16673055637371095,86.94134281293995,1517094.0,,432,275
868.5827404191924,1578.3893840542485,121974.78768985145,17.151944170912042,0.08709783988342956,83.41669377998292,1560013.0,,432,200
913.15776311917,196.2048576660152,222222.46385754482,25.182348376803628,0.24351600405236723,77.9339063953831,1681174.0,,432,110
335.1862585985007,344.9379108005868,130546.34251033262,19.35506396433422,0.25487339917882823,96.7320345711539,1458093.0,,432,258
250.06654429251887,1783.5821570453343,175373.6121668207,26.349457788186033,0.26165725953958735,65.79344861519779,1775357.0,,432,59
82.0467334090977,1174.5183068158028,104758.83530220803,17.510777723548895,0.22010340307849569,91.24924718655409,1486335.0,,432,305
1370.1761892039278,442.3923375629966,98617.11099654618,17.603502889955852,0.1713118655393921,82.65344607713338,1545901.0,,433,275
1445.5828395967849,1702.8504288505246,101794.75701952908,17.48388653829496,0.09541189762040712,69.65989123531328,1667757.0,,433,162
913.4967107039668,196.60094375286906,213862.3628698327,26.008931279825568,0.24876597502098344,73.6301441036472,1700792.0,,433,110
1828.0635603484627,2099.657458662671,160919.40180267883,22.40128737679694,0.20448894442862875,68.93802707743438,1712460.0,,433,277
1886.2059933842404,987.7577407610272,134426.9872085234,20.180149083954188,0.14245591069162625,68.93802707743438,1693834.0,,433,2
336.1434035553618,343.7302902214811,127485.90239843892,19.2241860128328,0.270222400233471,91.67674805061955,1483623.0,,433,258
248.23051068224044,1782.9500491791214,161827.86784536942,25.494437075191254,0.21279984265370547,58.83192886712987,1816107.0,,433,59
81.97746815671246,1173.2553219754916,89656.9721368744,16.999200998162614,0.1749589956444976,84.81903855077006,1530247.0,,433,305
340.6481730208044,47.582112756104586,141618.55888139192,22.084363445616802,0.322888780978662,91.67674805061955,1481976.0,,433,295
867.4380023014126,1577.093460907699,119504.97226892987,17.132505826534455,0.05843668988218791,80.84878568243614,1590671.0,,433,200
1884.757536370813,987.8471523626931,133442.7727564651,19.709475900799593,0.1934761050854464,71.86074657856331,1670614.0,,434,2
1831.114320931142,2098.2889958563997,157808.45689217673,22.534841756387877,0.21890898258364552,67.72216955047851,1720739.0,,434,277
1445.6370671633551,1701.6793402969447,105643.95085881952,16.592842617491932,0.09268766613820548,74.8706207808068,1635384.0,,434,162
1369.195936074917,442.1657525177621,101725.84711604906,16.484098626504313,0.16571156280227664,85.78141476393945,1526437.0,,434,275
248.71803522072855,1783.4299008240419,175871.46444839047,25.807077056595222,0.21339249764772286,62.831123971832845,1793325.0,,434,59
82.1697652731205,1175.577467806901,94809.15619929352,17.11917394009414,0.171100567481479,86.91011758978077,1516471.0,,434,305
867.2953237917575,1578.1392453480898,120001.80327207153,17.357336037724004,0.04959497076371044,81.64283773585466,1574717.0,,434,200
913.4448272221139,196.32228905420908,210232.56457547742,26.322641785319213,0.27024107330547054,71.86074657856331,1714673.0,,434,110
336.80680004659564,342.60212010018057,129191.32544579619,19.40246399162634,0.24415634857756627,92.92986599426774,1490512.0,,434,258
1840.820840924753,2093.5573840518828,159519.6234996503,22.0361986156506,0.229612863587975,71.90588233952575,1689989.0,,435,277
1445.88899146801,1702.9130052784394,109693.74115600511,18.29930590770843,0.09848596350790202,71.90588233952575,1661117.0,,435,162
1369.095886588589,442.4855949215995,97142.21174658212,16.950664498314957,0.1578012602683981,86.964705866128,1511842.0,,435,275
1884.7005033373455,986.1985884670095,137622.58820961797,20.047500082229615,0.18134990520366837,73.78823528035103,1665895.0,,435,2
868.8788240137849,1579.091352414645,123442.82350638113,17.794281747013123,0.07473939489511164,80.56470586732205,1586276.0,,435,200
914.3794995332695,195.66244386678005,217382.02348885496,26.14432886279342,0.27610408824207305,74.91764704484619,1704919.0,,435,110
336.25470016159136,344.6903140596397,126273.50585879417,18.412711008475995,0.24559850783088683,94.87058821759418,1458571.0,,435,258
249.4282608137924,1784.1154390510887,176088.84702597075,26.891371479673744,0.22398529669634173,63.999999988059564,1785380.0,,435,59
82.93425042369432,1174.1676945013498,106403.01174485435,17.518069719505302,0.22011026006321527,89.97647057144844,1495790.0,,435,305
1369.0305200005932,442.9634916868131,98357.93290294545,17.365846789293744,0.17972889228256683,85.70559835735648,1531711.0,,436,275
1447.4188759278898,1701.8130897888504,108677.6163545189,17.845001398968613,0.11100648947444433,73.67034411994047,1645139.0,,436,162
1885.396969119329,988.8437231087631,133926.85033527,20.321239435136935,0.20395556353802444,70.75270672905172,1678022.0,,436,2
1842.5242911938553,2086.766104535702,155363.4616554772,22.3971502874117,0.23512437600847,71.11741140291282,1688376.0,,436,277
868.9330267744567,1577.9717896610546,122932.82794172737,17.1284711148523,0.0938557765980039,82.78796096646775,1567312.0,,436,200
914.2494218951193,196.62815794989868,219224.70886724975,25.60412172884946,0.26605746790486084,75.12916281538483,1703765.0,,436,110
336.4630361332015,343.7671186390663,123592.94340141595,19.257166954931048,0.2399623731963832,92.63498716071722,1487433.0,,436,258
249.01291798131396,1783.3373784019573,166796.58847634855,25.952971599040577,0.2057379834894979,61.63508988252445,1799950.0,,436,59
83.31594147020023,1174.0171953021936,96482.25676527787,18.383366520097095,0.20741555414146576,87.89382640052303,1513213.0,,436,305
1369.878429390958,442.47714606307403,103370.807985181,16.455434745685096,0.1865177682858376,89.87296416985835,1484406.0,,437,275
1447.5813571431163,1702.8332710768439,105904.5342442774,17.52197782497356,0.061900917175685966,72.97377432595336,1650663.0,,437,162
1845.88554242719,2086.8111541835938,161098.44049196044,23.56661848178274,0.2472683052056347,70.66933934723905,1691707.0,,437,277
1885.3599797208572,988.4910267562791,138635.57646444617,20.7502902447891,0.19911624865859265,72.97377432595336,1670994.0,,437,2
335.69426504779125,344.0278165274549,133807.0170390468,19.56391872332173,0.26567096728228107,94.48183412728697,1477500.0,,437,258
249.2174986339237,1783.925449733749,179233.19155695275,26.524216356678753,0.2555312409626081,65.67639689335802,1767873.0,,437,59
84.21549785238585,1175.1972182525308,96482.46776130746,18.001826186587074,0.2091651930535135,88.72074668050118,1493530.0,,437,305
867.2706504951951,1577.1873375907041,125336.68220228587,17.714616736104674,0.08913748790153521,80.65522425500107,1581290.0,,437,200
914.5018356720963,196.20191000419533,220630.06151457672,26.739703795935494,0.2993654438169039,74.5100643117629,1707544.0,,437,110
1884.730425539971,987.9461570500512,136297.05098039214,20.603093100301603,0.2181344027744169,71.88235294117646,1679834.0,,438,2
1848.95323073376,2084.853010548158,159882.94117647057,22.992782513782313,0.2516848889700905,71.51372549019608,1695996.0,,438,277
1446.2742985929303,1702.0384944047444,108277.30980392157,17.159501408347836,0.0709897654878021,74.8313725490196,1623725.0,,438,162
1371.3339420384336,442.3588779577141,99519.09019607842,16.348342255097272,0.17165949952345116,88.83921568627451,1503568.0,,438,275
248.60354676889125,1785.426310700595,162032.03921568627,26.64904784369262,0.23894789171538502,63.035294117647055,1782264.0,,438,59
84.8434305999844,1175.5126823749708,94493.96078431372,17.55215636395964,0.19261948513603164,88.83921568627451,1500813.0,,438,305
867.2935048541162,1577.8712748236642,113304.28235294117,16.96095784417571,0.07919870565532497,79.99215686274509,1586247.0,,438,200
914.512101010585,196.09203749396832,215431.0431372549,25.757690536981965,0.24858872923275177,72.98823529411764,1717978.0,,438,110
334.4881052708978,345.2288646557429,130347.40392156862,19.863597562642326,0.2648334085230938,91.78823529411764,1480170.0,,438,258
1884.8746857849517,988.1176248710135,136809.7935259513,20.114900653260396,0.19396076711601287,72.98232614279537,1669935.0,,439,2
1850.3648413074372,2083.484729985789,155621.90958327378,23.02733073289523,0.24969063954143822,71.87653332244999,1686626.0,,439,277
1445.6340532919885,1702.9444138140293,99612.3974399597,16.933960019737494,0.07949025685111528,70.7707405021046,1665482.0,,439,162
914.1408065201787,196.64834347320078,211564.70555976033,26.56834938665135,0.2722291676778294,71.5079357156682,1734483.0,,439,110
248.77396150534008,1784.5786827830502,166073.86332117836,26.6792426684914,0.19850451932290925,60.08140990543256,1810196.0,,439,59
84.00670755212897,1175.0515857718592,105179.32709518516,18.76221125636091,0.18336005376912534,86.98903520050358,1513890.0,,439,305
867.542207044487,1578.217177599242,112036.71697175366,17.281710960022394,0.03838553257967968,80.72287588521307,1576247.0,,439,200
335.88624878424673,345.1255436617767,127716.49056664444,18.334811680437326,0.25289310955760735,93.99238972935768,1483459.0,,439,258
1884.854298388879,988.2158088215477,133858.67853005277,20.502553301261987,0.1835470722777284,71.06978560723036,1680884.0,,440,2
1850.8900872270735,2083.229704303313,151662.56172549658,21.95022304476053,0.23499820179992717,70.70902527419874,1694859.0,,440,277
1444.6596306983713,1702.836925307289,104017.30530234272,17.864370623418896,0.10819011588771243,70.70902527419874,1675456.0,,440,162
1370.2963512066551,449.16704074348627,105119.78888008738,23.81927859317151,0.1397334770703039,78.64575260089451,1597283.0,,440,275
248.95281824858088,1784.4990211856934,161617.38235517126,26.36630064032483,0.23024827821764415,58.08241361809182,1819925.0,,440,59
83.93268062513522,1177.4997961153738,86702.2523581568,16.42716718264966,0.16780310086604974,85.86095926152704,1519309.0,,440,305
868.0254405110787,1578.3733952153814,117684.34975891285,17.777916048985972,0.07103636785167612,77.56347160179963,1615965.0,,440,200
911.3114675772714,196.58155393014482,205377.97151224056,26.099537927046523,0.253137942433858,71.79130627329361,1720092.0,,440,110
335.44897243648523,344.42597287400133,120386.44465331973,19.219668919761233,0.24311808215973554,91.99388492306468,1485536.0,,440,258
1851.5394524808873,2082.4085828586417,159299.27235749963,22.167372587547835,0.22289708390339094,72.75745322504223,1682739.0,,441,277
1445.2603766255008,1701.6594388102833,109489.89299478047,18.22343688843943,0.10176865276918941,72.75745322504223,1650287.0,,441,162
1884.5186887392024,987.8523810589446,133384.18686417383,19.77022875478016,0.20761920624787059,74.62302894876126,1653224.0,,441,2
867.0081304832863,1579.1422602805342,120738.94149366149,18.162916559061745,0.07362217079478442,79.84664097517455,1581715.0,,441,200
83.3750073251487,1177.029351870843,101872.37419969092,18.260113378668663,0.20125096999012837,86.93582872530688,1519225.0,,441,305
249.05178152762446,1783.563244493508,177444.2349615357,26.655017628571876,0.2023934525462221,62.68334431695946,1791435.0,,441,59
336.16986683867776,345.54022968192675,126677.44213740392,18.494339178696464,0.2526658117515294,94.7712467649268,1459013.0,,441,258
913.0775721363784,196.2635432493544,218312.28299561428,25.98945090672179,0.24642989626118963,73.50368351452984,1710979.0,,441,110
1885.117821891862,988.0981515856482,133525.60396278536,19.944060734734116,0.19654304161059288,72.87786847504503,1665852.0,,442,2
1852.8937884337315,2079.696327825032,154945.92479001495,23.23333126452257,0.2613367427134,69.63083473110738,1696002.0,,442,277
1445.9133053897813,1703.307212864422,115769.38032482588,18.494236471073606,0.05440382341215978,71.7955238937325,1661535.0,,442,162
914.3171724589326,196.40168757061846,203397.44075399835,25.49964300766321,0.26652518613656456,69.63083473110738,1743761.0,,442,110
248.959323780418,1783.3249429731468,163856.86772796116,26.4607635891935,0.21248709616656336,59.88973349929444,1813391.0,,442,59
85.16021780959576,1177.9917815048805,92626.32770567383,17.48805885393778,0.1450524420139188,83.70131428817054,1529978.0,,442,305
867.2540107669595,1579.4596954829474,120964.63431512612,18.377766048183958,0.06723909674415529,76.84646527319106,1624220.0,,442,200
335.5783238642301,344.4898447226294,120843.41172201911,19.769864163084357,0.2691546408183096,90.91694483025421,1483862.0,,442,258
1857.8918349390374,2072.8814736494464,152678.79889083863,22.101699589557988,0.24834579337722515,71.87257533290986,1681210.0,,443,277
1446.0647351447783,1702.4342253327843,109682.81810490349,17.613053536080216,0.0805711971831885,73.75405636256718,1634495.0,,443,162
1369.0799123968625,443.5167879894375,96046.59619435905,19.164385348244505,0.17158756067627962,81.65627668712796,1549562.0,,443,275
1886.431736324706,986.5788006837324,145954.38569084334,21.39759630791256,0.22284649822387176,75.6355373922245,1651307.0,,443,2
869.3130419132181,1578.7852808002476,119173.76101090689,17.380026287810683,0.0505706843260739,78.64590703967623,1599074.0,,443,200
912.8289689512212,196.61540884342548,212661.16670872606,25.41407504405762,0.22432191143928124,74.13035256849865,1695177.0,,443,110
335.8317642443856,345.6143197754241,122786.95718026083,17.88620132333186,0.26465243431408264,94.82664389472923,1465106.0,,443,258
249.00485279134315,1782.8511598390894,171368.30255083673,26.662652193865334,0.2568381295364584,63.21776259648616,1789884.0,,443,59
83.7700054849514,1178.2649231523299,96733.33677018397,19.051904902830678,0.10718048280994014,86.548127364237,1520192.0,,443,305
1370.0915501542916,442.09364547220844,96754.71620121764,17.630080160503244,0.12985597629652013,85.88460084149382,1522322.0,,444,275
1446.3889021520413,1703.2483339585963,108078.21378855966,17.396522132293452,0.08196976275477562,74.82649772885513,1634059.0,,444,162
1886.7189688489318,990.5105979415353,134479.43496998455,19.467876857442604,0.24441819786667013,76.30091147720695,1633526.0,,444,2
1859.7618247234693,2068.7341136974637,165353.29025703468,22.707047003909736,0.26973462781298413,72.98348054341534,1673703.0,,444,277
868.5183177369044,1578.400205903594,119941.71541123553,17.195891907804434,0.04504700309318582,82.93577334479016,1572941.0,,444,200
912.2075197195143,197.2434012670527,215101.8531436107,26.159395443454862,0.2696491902879029,76.66951491429491,1684850.0,,444,110
336.1313520977788,344.56116464919495,125457.8658472568,18.082880301414903,0.22848778265490965,92.88806614616499,1477737.0,,444,258
249.40171090395353,1784.5393218679778,165676.1868679237,26.55421200625429,0.22319606658289293,61.925377430776656,1796657.0,,444,59
83.58904351511727,1177.0483383567234,93923.10459750796,17.341910295266885,0.16982205471689094,87.35901458984564,1513815.0,,444,305
1369.5354483757126,442.4182644104606,103048.897975361,16.60811144195105,0.1286321203048692,90.63752495887331,1481723.0,,445,275
1884.6851432226458,986.0526182696265,150450.08556527251,20.816527400356257,0.20966782479247903,76.83674955361276,1639051.0,,445,2
1863.0666338500487,2062.8194104435956,169732.3797639306,23.502368947107318,0.26075503676716905,74.97177990425322,1665920.0,,445,277
1446.0564145395545,1703.5557658801742,108966.81966670867,18.377346324247856,0.03966721348359998,75.71776776399705,1626007.0,,445,162
85.29126290258898,1178.1310282587851,99192.14074048548,17.60022630128142,0.23686996536165408,89.8915370991295,1484806.0,,445,305
914.767980734403,196.24632977977046,228610.2175820708,26.406680355050117,0.27967458165682624,75.71776776399705,1702207.0,,445,110
334.8916758908242,343.9130711569674,130071.18921279103,20.071142773852745,0.2620542194342296,93.99447032772046,1472390.0,,445,258
867.5561009017235,1579.3922821348915,120908.59332548763,17.27594586983728,0.05847939893113306,81.68567064194755,1579525.0,,445,200
250.0912079833363,1784.2324025794271,164385.13878528695,26.554120972657266,0.23326273756857838,61.9169923587365,1789360.0,,445,59
1886.9085607403138,990.2893929289736,138744.36862745098,20.27989882923485,0.18684868798872287,73.72549019607843,1658619.0,,446,2
1864.8695856614645,2056.622666134522,160711.24705882353,23.361106564116213,0.27617709822726955,71.88235294117646,1689352.0,,446,277
1446.555503818532,1702.2522576413128,108458.67450980392,17.745289434229502,0.10523588990945124,74.8313725490196,1623497.0,,446,162
1371.5893002749765,443.4825006971482,104431.05098039216,16.042915236367868,0.15397864150441404,90.68235294117646,1485242.0,,446,275
249.34907632784748,1783.0779828426303,167497.67843137254,26.939663421604045,0.25299936268751594,62.666666666666664,1794668.0,,446,59
82.61590897621534,1178.2705325636737,94959.53725490195,16.8292003669934,0.18685867190574737,87.73333333333333,1509337.0,,446,305
868.2660454949275,1578.9107777977915,120745.02745098039,17.551541634250974,0.07419222953068345,81.46666666666667,1586710.0,,446,200
912.7380009472273,196.8237854832371,219488.89411764705,26.087901372788703,0.29073731697205774,74.4627450980392,1696245.0,,446,110
334.61248719428187,345.5967817905632,125219.79607843136,18.125893551138088,0.21255604185359553,94.0,1468250.0,,446,258
1886.0011890993794,988.7532863123259,137224.23222842687,20.186604290836485,0.1342327934730973,71.52799972813051,1674746.0,,447,2
1866.3699034650315,2052.689109866445,155175.89745186138,21.779341500168247,0.23914557578941686,71.90054139338119,1688125.0,,447,277
1446.6719322950796,1702.339253098727,106879.22342709801,17.851027961452683,0.10656263632058705,72.64562472388255,1643631.0,,447,162
1370.6060841881854,442.325898758215,100051.6523280488,17.40319587618592,0.21274732293392756,87.91983299916042,1495422.0,,447,275
249.09535514982733,1784.5747663052416,174438.53679531303,26.687413639517697,0.19948822292554538,61.46937476636216,1806302.0,,447,59
80.03352194159949,1178.9026966231545,96719.63967404673,18.81356283535346,0.16967971853466296,86.80220800340838,1531170.0,,447,305
868.2196024430456,1578.318545163869,119308.70354652169,16.937519910259343,0.056797003124002945,80.09645802889615,1580535.0,,447,200
914.2877459723298,196.75555827970877,215769.05422155396,25.960493452532994,0.2617853870671399,70.78291639762915,1735929.0,,447,110
336.21490470513737,345.37768040026515,125314.4477320279,18.53999259085529,0.25058359803483643,94.99812463892334,1468843.0,,447,258
1885.849815718492,987.4056123499496,147796.04519680832,20.871383478841942,0.15540516808548127,73.79607750164931,1658711.0,,448,2
1867.3657722511532,2046.0203069354275,159897.4607306226,24.20604502014127,0.2308324894699906,71.51372458922717,1687476.0,,448,277
1446.2224705809306,1703.1731354306573,116403.42206289795,19.109127491874506,0.10182515116634475,75.69803826200109,1625337.0,,448,162
1371.4967704591497,442.7507686545566,111719.27310230357,16.92039630234611,0.10894360754398891,94.71764586551896,1455420.0,,448,275
248.30467496858705,1783.4936337111365,179521.89185593234,26.387476173335745,0.23786635028696262,63.905881547820016,1783867.0,,448,59
83.0130414458721,1178.2247803184155,96837.57132900706,17.800416828824325,0.2602055961849956,90.91372434481538,1473420.0,,448,305
867.7771644784774,1579.1590067549537,126873.33565648246,18.627231831765478,0.09507886582456515,81.78431269512681,1574176.0,,448,200
913.3409622437667,197.20271835009686,215835.64826117692,24.872245061503815,0.22053057290816494,76.83921471821216,1677733.0,,448,110
335.1752654294102,344.45818461555865,134498.29634473278,19.453664187350835,0.20547614032470932,96.9999987779411,1448801.0,,448,258
1884.785952418261,988.3373975393228,134992.91341915264,20.77858477602102,0.2279703172555939,71.84703152728702,1689734.0,,449,2
1868.4507973662858,2045.354079456599,152378.80093152472,21.67048971816584,0.22614613643896472,69.658797064527,1701273.0,,449,277
1446.3088702852692,1704.1754839057712,108170.6294918718,18.259356519699466,0.07373947499525602,72.94114875866701,1652733.0,,449,162
1370.2477081067846,442.489539748954,101285.34975479743,17.625233707255294,0.18736461236491558,90.81173020454044,1478943.0,,449,275
913.5763096312096,197.58748307378374,213043.95435410808,25.812541387548126,0.24668102344013593,71.84703152728702,1716665.0,,449,110
248.7436755096721,1783.9757184257392,166495.10145078955,26.861362532484172,0.21811456230831353,60.905859213486956,1802396.0,,449,59
82.86889187698497,1177.4047195896135,101168.27921103977,17.012016007233665,0.22837794582305113,91.90584743592044,1471950.0,,449,305
868.2317713079764,1579.245866308536,114056.25078520864,17.360401181598657,0.05441018528715495,78.77644065936038,1604284.0,,449,200
334.8540561329289,346.3636956946108,125174.67009049226,18.406621430257122,0.21606023136298208,92.63525892350711,1475531.0,,449,258
1884.597634517906,986.4040908279187,134174.86274509804,20.918244153017852,0.2094247415201072,70.7764705882353,1687493.0,,450,2
1867.8310198823635,2042.7299753342854,147655.93725490195,21.819223653833564,0.2119682297591967,68.93333333333334,1714076.0,,450,277
1445.2722261630825,1703.096700634959,106531.49019607843,17.572606274789653,0.0956068779363908,73.72549019607843,1647202.0,,450,162
1370.75129800425,443.1082144865307,100960.42352941177,16.769738935785863,0.1433770353879805,88.83921568627451,1496461.0,,450,275
82.48598088678692,1177.7894952517727,98052.69019607843,17.74212710061288,0.17686153018289494,86.99607843137255,1526166.0,,450,305
913.3206476170429,197.5768334824326,210150.82352941175,25.567122048289512,0.27032459716785345,72.61960784313725,1722780.0,,450,110
867.8859803823815,1578.6378623775456,118305.81960784314,16.52630901766903,0.046125407617284876,80.72941176470589,1582857.0,,450,200
336.18514048454807,345.80971552992264,120033.57647058823,18.067948856947762,0.2485310417436702,94.0,1462157.0,,450,258
249.57257844241866,1783.9735203489365,172747.67058823528,26.01839290155246,0.22211460019761495,61.92941176470588,1803852.0,,450,59
1371.143942063026,443.4639548746419,106875.9753547405,15.892842444594375,0.1386083791652905,95.84777590133136,1436837.0,,451,275
1448.1477770864312,1704.8993071301265,108197.30540823741,17.422505480104313,0.07414386394399328,75.68931509668627,1628706.0,,451,162
1868.1641180266322,2041.3667249369391,162094.9440267853,21.310108793399703,0.2094626051198489,75.68931509668627,1654377.0,,451,277
1882.3430711119272,988.1871652283398,145000.18891612918,19.86060543365636,0.2019699882721158,76.8303600478926,1629804.0,,451,2
868.8818573703297,1578.740777627763,125643.50236386507,17.29347138298533,0.05186587738675089,82.915933120993,1566050.0,,451,200
337.34608969467376,344.13666237366044,126103.34347920123,17.933007236362304,0.1822133121403389,95.84777590133136,1455542.0,,451,258
249.92513618102737,1784.120176009077,164924.3551574599,24.287433811787427,0.18350608363128082,63.89851726755424,1784710.0,,451,59
76.44781466162313,1183.1982968226473,96830.21560432001,16.516456537474582,0.1962957677057,90.90324777943728,1483574.0,,451,305
913.4751135505065,197.30025365894704,216970.0778201999,26.086416206999964,0.27672146830560485,76.06966341375505,1689419.0,,451,110
1372.8434118970831,440.88126248922777,97955.00392156863,16.03607483821469,0.16663829355547766,93.6313725490196,1452018.0,,452,275
1869.1111735639995,2034.480206401677,160023.01960784313,22.087748746369286,0.2075508001217458,71.88235294117646,1681369.0,,452,277
1883.3923111165689,986.6996848105282,144087.62352941177,20.755889131923727,0.21968972575327664,74.8313725490196,1650634.0,,452,2
1445.5996053056574,1704.6481896236562,103855.99215686275,18.569401866948606,0.048354556408155294,72.98823529411764,1647146.0,,452,162
915.3044032036513,197.768649204538,202882.2274509804,27.359825214310728,0.2854183274987433,74.09411764705882,1695023.0,,452,110
868.8242691863318,1578.6431223588625,116454.94117647059,17.091775072976276,0.07347096099343266,78.88627450980393,1599262.0,,452,200
335.9296103749581,344.04216905029824,124157.78039215686,18.853980942798668,0.24731232247476256,94.0,1464611.0,,452,258
249.89414592897904,1784.3970966499467,166528.92549019607,26.422436149703557,0.20391677062447067,60.8235294117647,1806711.0,,452,59
67.85410887691657,1186.1925420914856,89701.43529411765,17.38477952159242,0.1833646831908834,85.89019607843137,1521893.0,,452,305
1446.1767163982045,1703.4310040929495,109303.2156862745,17.288182141222528,0.07347143206690993,73.96078431372548,1640691.0,,453,162
1369.63473336941,441.2935348846307,110672.03137254901,16.94443207863387,0.190831337624093,90.91764705882353,1491310.0,,453,275
1867.6990182933337,2032.1622530075206,155529.06666666665,21.653753466318886,0.20872504285104507,69.99215686274509,1706339.0,,453,277
1883.290342062035,985.9978983476665,134415.24705882353,20.51225031556106,0.23253781148283975,72.51764705882353,1666889.0,,453,2
915.236289042912,196.94584137604153,210087.59215686272,27.161769973224068,0.2741263333649745,75.04313725490196,1694331.0,,453,110
249.64851199044602,1784.4328780269345,169177.17647058822,26.050125323211027,0.23895361065542925,61.694117647058825,1797038.0,,453,59
59.73367606195712,1190.1176989354183,103092.67450980392,18.870672567414516,0.1481983921652289,85.86666666666666,1525147.0,,453,305
867.9182592123967,1578.2398050517832,115481.64705882352,16.645131407752874,0.06179233689897716,79.73333333333333,1584860.0,,453,200
337.72117520818534,344.011610017078,119360.07843137255,18.33805965244045,0.21912404043330433,92.0,1479624.0,,453,258
1370.0973929154027,442.0978800829661,106187.6130571886,15.705924693468624,0.16013961099901805,96.79997499621922,1427968.0,,454,275
1884.3664423496077,986.2016210767218,143843.9790389162,20.662590971354984,0.22202180289174236,76.81293562453024,1633809.0,,454,2
1868.641637927694,2030.7478203588173,161821.3411969185,21.582046449526278,0.20805922976313104,72.89390829674808,1674123.0,,454,277
1446.3816769128973,1703.755786390179,122012.64540677294,19.08747945330551,0.0401248880307089,79.94815748675596,1602160.0,,454,162
55.78755467442201,1193.3291458061728,101605.48630554571,18.476261976821615,0.23263351938603463,92.48904493565885,1473825.0,,454,305
913.6310620330827,197.52553677652142,226569.55119287138,25.407852231924103,0.2527555950670323,77.98864382286489,1680217.0,,454,110
867.6585954891008,1577.9930938480647,130631.37030603146,16.878514225290505,0.06714303809277533,86.61050394398562,1536668.0,,454,200
336.06913427729734,344.9000671148912,131967.75862480517,18.755365651849644,0.2034241500877528,98.7594886601103,1428158.0,,454,258
249.05658710247462,1784.6125819343492,182297.08327638195,25.608632888717356,0.19873471200377144,65.8396591067402,1774998.0,,454,59
1370.488222917467,441.4879667746126,102883.76470588235,16.78128969338621,0.10608227610851763,89.97647058823529,1486164.0,,455,275
1446.3429676671099,1704.0085358264264,106468.89411764705,17.515195034160058,0.07192942038874973,73.03529411764706,1643829.0,,455,162
1866.419092832518,2030.6991652822883,165657.97647058824,22.54917220362056,0.23836624317063904,71.90588235294118,1691077.0,,455,277
1883.534592761531,986.8562061995833,145096.6588235294,20.546471808285833,0.1654619189485787,75.29411764705883,1648145.0,,455,2
250.01603486643697,1784.5932685781058,175265.1294117647,25.939359638948222,0.226372264743496,63.62352941176471,1778813.0,,455,59
48.81147291856626,1196.9260230740726,90421.83529411764,18.299658514252606,0.18986437398052786,84.70588235294117,1535497.0,,455,305
869.4226191237608,1579.2522929325232,117722.35294117648,16.39541136754723,0.042143778301672465,82.82352941176471,1565986.0,,455,200
914.515215010156,197.50040034939585,217222.02352941176,25.77994586982323,0.27209020645321463,75.29411764705883,1694478.0,,455,110
335.97955458531305,344.64372634269535,123130.72941176471,17.814003841223972,0.22928938372940239,96.0,1450828.0,,455,258
1884.6476407102723,987.1792570924431,143164.8237250841,21.967842811337054,0.19673573313559709,73.0267391810905,1660975.0,,456,2
1865.9408508318074,2029.6608530223411,156481.77123432152,23.760146052839193,0.2101542352114351,71.16381216116473,1697424.0,,456,277
1446.9189082359355,1703.5475176338298,109342.63850752363,17.51439326511547,0.09092130792272435,76.75259322094206,1617051.0,,456,162
1370.9519313866251,441.4598246103313,108213.33214804462,18.446687298197567,0.1954339729531747,89.79308236042252,1487229.0,,456,275
248.39206087599862,1783.3398796210815,174749.6335917137,27.055617669903505,0.25890074310361555,62.96693327349131,1793832.0,,456,59
335.0948556254336,345.5278570697479,131047.22863127488,18.956724913705163,0.2563925491300433,94.63669261222954,1471960.0,,456,258
868.3423023363763,1578.812539068544,120400.97329780305,16.94859508764192,0.07288372720449884,82.71395968470455,1562742.0,,456,200
914.2038732641324,197.22164398933933,212492.90760081395,25.037372577801836,0.17910579808813432,75.6348370089866,1686811.0,,456,110
1884.3006992435307,986.0339838896034,136713.51074740812,20.729728885208505,0.226639284054328,72.6470280671464,1668424.0,,457,2
1867.2312842528315,2026.6898132078918,163146.59759571668,23.11768705528869,0.21085361350121157,67.80389286266997,1727011.0,,457,277
1446.6313670093875,1703.956119803308,104173.97550397852,17.75117270267155,0.06920654505509555,71.9019303433808,1655444.0,,457,162
1372.8071409164847,440.4836755360627,105583.70039734304,18.179922679036515,0.1599663438942946,87.92153140434128,1516389.0,,457,275
250.4707538457592,1785.5446505682062,174273.8870024322,27.598963384369092,0.23907377087245682,61.09801334877954,1805254.0,,457,59
336.8649222950257,344.60050124729656,127986.55365780347,19.39569346280616,0.26679315796419084,94.99995978011452,1461526.0,,457,258
869.3650098409822,1578.599312693305,119249.16520006611,17.045326807795938,0.030367832222462292,77.86271213350562,1603888.0,,457,200
912.2976993086487,197.82719791808165,208435.12744163763,26.60703344384982,0.2764389402593372,72.6470280671464,1709763.0,,457,110
1884.4617128588102,986.9428232164632,128008.1493337969,20.079935991972363,0.2225950131989827,72.6470211672562,1659405.0,,458,2
1865.9959470093806,2023.9953290429728,154332.82196302505,22.650962733400586,0.1989107808724287,67.80388642277245,1718609.0,,458,277
1446.1053037427798,1703.7757899402206,103390.12287875952,17.772766666155437,0.08140113278714806,71.9019235142587,1657977.0,,458,162
1371.396007619103,441.82302338540205,102291.84893824121,16.924586803563976,0.1828537851573629,88.66662070670243,1502850.0,,458,275
913.8784809952172,197.48289147579214,216308.18199522456,26.180510235975643,0.2763524843225131,73.01956999375494,1722035.0,,458,110
249.38480928417752,1785.0236138460416,163462.5035052034,26.316997572128017,0.2175110796956607,61.84310519879245,1797907.0,,458,59
869.3328425392285,1578.5903864760876,115126.15601112312,17.431368739955925,0.06766678356001121,78.98035121773493,1603532.0,,458,200
337.5080810487183,344.7453874076071,118849.78153197814,18.135266999583777,0.23224827492092232,90.90191366569493,1495342.0,,458,258
1863.4871808849775,2017.6086881294307,155527.22523854394,22.574231746278745,0.21705866039053007,69.67058197403895,1698276.0,,459,277
1446.5578589042946,1703.0820109016224,103741.33969643328,17.31436823264306,0.11947686799092037,71.8823464811513,1648456.0,,459,162
1372.864245364476,440.9178776836282,100754.7203569959,16.309986146385928,0.11832452271613987,91.78822704516244,1475645.0,,459,275
1884.5153152763667,987.6430767817384,136424.58381803244,20.63866202814334,0.22219177682655994,70.77646422759513,1677732.0,,459,2
913.7707532290069,196.89802007544648,202864.51510201595,26.889609059384096,0.27906263148090943,70.77646422759513,1729158.0,,459,110
248.51372352029995,1784.0012883862385,175388.87051241283,27.074593663557494,0.22235519432074202,60.82352394558957,1808936.0,,459,59
869.297599749475,1578.7595359147233,120067.84803310092,17.665020637045945,0.10669720366646257,76.67450291322807,1617197.0,,459,200
335.94322075794173,344.8602850403266,130488.57650836074,19.25440876829357,0.25121718024553497,92.89410929871862,1480933.0,,459,258
1862.3202179420161,2013.233414201527,171260.07161965666,23.570461702722845,0.21156889627592879,69.63004596257167,1711592.0,,460,277
1446.395736922292,1704.1493433047772,107225.29720764876,17.778319227420013,0.10132512052880588,73.8384553339359,1647621.0,,460,162
1372.5772288769494,439.98746478557496,102396.7213280135,16.19940377123058,0.1293656158213959,91.81984082976484,1471473.0,,460,275
1884.4298161017089,987.5809163502499,138846.13747606915,20.450537075684203,0.22737910940844575,74.98620334430795,1651553.0,,460,2
913.9007077786771,197.88924038643682,222161.93071431728,25.36893507686447,0.26007877885748415,77.6642820351761,1670150.0,,460,110
868.374372624028,1578.6190656648544,128213.3999079824,17.29435496426789,0.05515189813143935,84.93335276753248,1564978.0,,460,200
336.27760208166535,345.2548867665561,133796.81139577235,19.31580745081185,0.2294933768514543,97.55858088162515,1436841.0,,460,258
249.1451302785265,1786.070128032345,170325.80473921378,26.95207007470428,0.23710148547257,63.126140570463335,1789470.0,,460,59
1883.3492582710778,987.6657844183565,138161.56862745096,20.426575565366836,0.20680175351678853,73.72549019607843,1656387.0,,461,2
1859.6463400610833,2011.9847912680307,160285.1137254902,22.713278425104303,0.2015580447401576,69.67058823529412,1695672.0,,461,277
1445.1310566363377,1703.7212118030377,112346.21960784313,17.77139578633966,0.0706996317216574,72.98823529411764,1648553.0,,461,162
1372.3227644213339,440.75806134181335,106762.98823529412,17.509692801607848,0.15365288711507497,91.41960784313726,1475519.0,,461,275
912.8806402981282,197.83193021089184,217619.2156862745,25.11725880941417,0.20987865039562992,75.56862745098039,1695240.0,,461,110
248.63292095199847,1782.831924776057,168887.40392156862,26.270033261123864,0.22835123365268878,59.71764705882353,1813606.0,,461,59
867.0583882964639,1578.2175667380786,122511.12156862745,17.251885013772156,0.07631580615197946,80.72941176470589,1579761.0,,461,200
336.81187783926896,344.4025186757562,126423.73333333332,19.0226313843496,0.2669321949309418,92.89411764705882,1472874.0,,461,258
1884.726082447154,987.6711981389575,138969.96860097183,20.125212697645505,0.18581064879438874,74.46274508385117,1655172.0,,462,2
1855.1091685106103,2009.1341662790862,156931.3411465691,22.177071119243788,0.21996604609632342,70.77647057474964,1693898.0,,462,277
1445.8858145400052,1704.0038232391535,100852.78429450913,17.52947651462283,0.11638023723823608,73.72549018203087,1638817.0,,462,162
1373.1078256972455,440.788320060675,106927.76468550847,17.426582646695156,0.11815711701392481,91.78823527662843,1477828.0,,462,275
915.032183389356,197.8890219376479,207488.59603889677,25.823258960219075,0.28969917466694267,75.56862743658164,1699824.0,,462,110
249.57393216290723,1784.2195452972755,165139.5685959855,25.092882047386787,0.1914092388480925,60.82352940017547,1800187.0,,462,59
335.26323896054083,345.36202174329964,123015.40389812943,18.27315777791784,0.24190301818731344,92.89411762935889,1481205.0,,462,258
868.5243938092169,1579.2046729195008,123566.87056469101,17.275085144237366,0.06126269870148385,80.7294117493238,1591411.0,,462,200
1884.6210647480477,987.0033436955848,136497.20638030086,20.12360512091524,0.2145825545148765,71.81454148885062,1673217.0,,463,2
1849.309485515686,2009.4758748821473,157752.8524977217,23.143753297495223,0.23163074168937636,68.5336741111874,1719994.0,,463,277
1446.2818920227357,1703.7127646984993,101654.03028869767,17.612667105436515,0.09622304809392124,68.89821493092775,1678855.0,,463,162
1370.4987565768597,441.03899994834444,98800.0402109504,17.245728837044883,0.18460391230366696,84.57347017976318,1538977.0,,463,275
914.4523943450066,197.66365817004305,213219.56092531595,25.85040850428942,0.2802114179203966,70.72091902962954,1731310.0,,463,110
249.66942606768038,1784.399475251983,168394.52810758224,27.255142091485638,0.2534698710554903,60.878316896639866,1807870.0,,463,59
335.66925581064754,345.3342867296894,128218.11982317759,18.271186719170803,0.20466511378824673,91.86428657457034,1489613.0,,463,258
869.143244639628,1579.0069245357915,115713.27608362408,16.92908723898503,0.05584558009530127,78.74081706391743,1603274.0,,463,200
1884.5002706115822,986.5473220223975,141830.8404904947,20.57621137379848,0.20378939016405492,73.70692688819696,1668230.0,,464,2
1845.8688289395502,2008.0979040867007,150398.02956242693,22.070173858838874,0.23315549971210925,68.7422116055723,1709989.0,,464,277
1446.1144202472042,1704.6167656553766,107060.26605804506,17.678756988029548,0.11855202751524758,72.94312453702393,1650864.0,,464,162
1371.6561831994125,439.4365858025571,104514.51282158536,16.9877964689766,0.20173139356228684,91.65628214076307,1471630.0,,464,275
914.7793795881996,197.95991828234037,221146.36804335518,27.0685359514151,0.2996662272104601,75.61643276612952,1699502.0,,464,110
250.15811671887894,1784.5960033191043,172132.02546505537,26.083671727649588,0.238877500104433,63.01369397177461,1786730.0,,464,59
336.7184357675254,345.5007698229407,127991.12378841506,18.955697271301897,0.2623450443861186,94.71149154545516,1462078.0,,464,258
869.4146958505568,1579.5043288576528,118350.02861073354,16.800131160578854,0.03634124743426913,81.72685157551373,1575974.0,,464,200
1884.5246675559924,987.1404984904866,131259.01960784313,20.428382580528023,0.2252508518204902,70.7764705882353,1686094.0,,465,2
1842.5333249944674,2007.984357410205,153247.27843137254,22.134451304098068,0.2146227858457111,67.82745098039216,1732088.0,,465,277
1447.3083973454186,1703.9912844386229,101593.35686274509,17.321770411889602,0.11110318041143123,71.88235294117646,1659899.0,,465,162
1374.0685185835118,440.1302109290001,105033.01960784313,17.94229041345043,0.16205045238893953,87.73333333333333,1496818.0,,465,275
914.2770171478741,197.55616352179518,213293.00392156863,27.12603110027113,0.2869725783700639,71.51372549019608,1729050.0,,465,110
250.35833149197344,1784.8427793307176,171832.36862745098,25.8347520526447,0.21387125976356747,62.666666666666664,1799814.0,,465,59
337.9645310990658,345.40256944583786,128602.69019607843,18.680180212434614,0.21987952572912844,94.0,1468442.0,,465,258
869.0230312593928,1579.3113165013526,117736.6588235294,16.761963055394013,0.08473519725816978,79.99215686274509,1584208.0,,465,200
1883.9948789030727,986.6252081915418,141743.3858463822,20.387284068307277,0.20015084083049828,77.25482371291228,1625995.0,,466,2
1841.595903547111,2008.1689901263005,162761.4037738809,22.178847577601296,0.21723065591629825,73.72541552298229,1670389.0,,466,277
1446.967857311445,1702.8077865771959,107998.71414246144,17.232081073773276,0.11545806704196797,74.90188491962562,1635087.0,,466,162
1373.5851790056622,440.96378707467295,110468.51556248135,17.666948538486523,0.14011153387734177,93.72539526591896,1458774.0,,466,275
867.5355834354444,1579.0111255387503,128656.34027812174,17.51883774300712,0.04438655742841674,83.92148362722452,1561192.0,,466,200
337.0366595511025,344.6767086608344,127126.14574955431,18.54334734907059,0.2433392937236361,97.64695992139674,1433187.0,,466,258
249.9089228007995,1784.399058181538,173048.45217813022,25.48100741304419,0.23400943449188602,66.66659914312227,1772981.0,,466,59
915.3055543381397,197.89246139574294,214748.01778568767,26.578383246910157,0.3034042915251423,76.07835431626896,1681691.0,,466,110
1374.1798472261335,441.21873063925653,103604.89677972841,17.113199858758186,0.18175719404486027,88.98759086966253,1493986.0,,467,275
1885.5302823221175,987.5234898809647,141426.08171230005,20.31408600542494,0.22173657945087727,73.67005473635996,1656851.0,,467,2
1839.0738699577619,2007.0330545354298,148167.25642391827,22.67729579996256,0.2479372422384235,68.19950611732334,1712110.0,,467,277
1447.2367057049892,1704.0580353592459,105473.27148475005,18.29300632917756,0.06258939343406261,71.84653853001441,1656800.0,,467,162
868.3069845392965,1579.7032475689618,119903.11992880362,17.415197113912942,0.07903309445037124,79.87000983793482,1593314.0,,467,200
914.9805216946552,197.96418321825362,205360.0187197399,24.889459748559656,0.25004696619026334,72.94064825382175,1704783.0,,467,110
337.1354645485508,345.6304332293329,122502.35992932855,18.497403776195686,0.24512470829010496,92.63462328235362,1480466.0,,467,258
248.77882610963835,1784.4429205659715,171277.40671341788,26.57594098465414,0.23789896131725682,62.728957498286704,1799434.0,,467,59
1374.2515278213302,440.7708755792481,109137.41160246909,17.219689000650366,0.16310937398629982,91.64181107346452,1480664.0,,468,275
1446.2123742451045,1705.1070569234319,103829.41143328033,17.502261728523827,0.08341697194559451,74.91052606420129,1631826.0,,468,162
1838.0634506591578,2004.9083066683731,148547.19292883368,22.249609830089025,0.19767679089824872,69.58693537943572,1709494.0,,468,277
1885.0581687472352,987.575872823332,136678.2474971488,20.571879935120755,0.2208517051935997,71.86847424433525,1679058.0,,468,2
867.9545398538477,1579.2072008315456,120358.39999652248,17.385255715313995,0.07810674553022803,81.75514265889989,1571806.0,,468,200
915.3294833278852,197.95056392375398,219857.070407746,25.91401969584835,0.26369321974486515,75.6710390191678,1698545.0,,468,110
336.63016074148106,346.03003938225777,127839.18567805056,18.656428742621593,0.21968145419979115,93.92334993836405,1468647.0,,468,258
250.27735381147608,1784.9884901704459,166674.39946693793,26.513533136646057,0.22040625145306944,64.26334469467014,1767336.0,,468,59
1374.9241129375603,441.094433079615,111029.37660790811,17.619316105669323,0.10939938177160963,92.61959814368785,1460364.0,,469,275
1446.795329915902,1703.780232409654,105334.61641996965,17.585784624477032,0.09170466833049111,74.94116862248603,1628133.0,,469,162
1885.796705733121,986.9679092504455,143003.5065927983,21.139410060051954,0.2010714982092165,72.63528651102492,1667289.0,,469,2
1835.445103984285,2008.2628147642026,161990.52421225433,23.71551486235425,0.20321547474522464,68.40783597334622,1723252.0,,469,277
250.4657962854827,1784.4689948491794,176383.07172462408,25.97089805237927,0.23073204179505705,65.7176401766416,1777966.0,,469,59
915.3814746497832,197.74973827209732,215850.5499443924,27.451953829162676,0.2892541116608084,74.94116862248603,1694032.0,,469,110
869.9376964730537,1578.1962754042404,122498.44991663042,17.65048438225706,0.07235908952830758,81.85881495686935,1579104.0,,469,200
336.5743482491685,345.27064615920875,132305.75085035976,18.859635302785808,0.2274570565708866,96.84704868136656,1450281.0,,469,258
1884.695625507206,987.6776995412046,143490.82868855546,21.085148813913133,0.2322261889377225,76.86274366032288,1640713.0,,470,2
1836.6106350191405,2008.5762564528088,165346.74984836826,24.139297418655477,0.2375579895927657,70.71372416749705,1701274.0,,470,277
1447.1619953696738,1704.3883236531879,104745.0882368233,17.123338261905943,0.07848031684832098,76.86274366032288,1616990.0,,470,162
1377.6879743714417,441.2280741683305,111446.75085656685,16.87535292636309,0.14346222679152254,93.77254726559391,1464456.0,,470,275
912.1896182125138,198.17999391587904,216030.04301798518,25.72419508677387,0.2479676965026542,76.47842994202126,1680068.0,,470,110
869.5505905041842,1578.9164333485262,123949.24474035497,16.87027055961809,0.06326821105762025,83.78039058975193,1557771.0,,470,200
337.80870459881635,344.5889644822118,131109.77793975064,18.57332893792354,0.23923370310020595,95.69411585710198,1462728.0,,470,258
250.4802025782689,1784.8524172361726,176127.90258788347,26.80098868368049,0.2628299697830634,64.56470467467122,1769788.0,,470,59
1446.5685647161745,1703.017567129009,106741.09187813078,17.620002905952642,0.10417990179872888,72.67087642505129,1648217.0,,471,162
1377.1904633231788,439.70826593425306,101723.03607441753,16.93331750360771,0.1901432283454146,89.99139619475264,1481558.0,,471,275
1885.5330147745372,986.0830751908607,137110.74062910973,20.403982444318817,0.20117833858736053,72.67087642505129,1665591.0,,471,2
914.3031293480034,198.03975094289868,217038.91483766588,25.40570292246956,0.2431310387023135,74.17700857893837,1691945.0,,471,110
250.0086115376277,1784.7535106599348,168469.541672154,25.12179556508165,0.19704795058735947,62.88101742478531,1797176.0,,471,59
869.3358546088833,1578.542710052266,120021.41214503004,17.217983682290242,0.07001483137880819,83.59033454073257,1570103.0,,471,200
337.7261267770661,346.14965435088266,115689.02300437388,17.11238985741901,0.2506977135029357,95.63939177182917,1450853.0,,471,258
1446.1112855935653,1704.503316877243,107884.88732826716,17.20595825192754,0.09382849215169052,73.81968595092401,1642517.0,,472,162
1374.8231786792885,438.4813408452694,104493.61095568171,17.705198795638236,0.1309650464685988,89.69091843037268,1493198.0,,472,275
1885.850365834261,987.4548274216637,139231.30967203778,20.736849099035613,0.18115826097920426,70.86689851288705,1682291.0,,472,2
250.410563636119,1784.6129626888767,164590.5863867587,26.259371423026497,0.23232073437800405,62.00853619877617,1799643.0,,472,59
915.2873375760636,197.5551610288842,222244.49931128987,25.64668803995987,0.25755032232808733,73.4505875211694,1719188.0,,472,110
869.178349729441,1578.93423550511,119572.75820487695,17.228578377293893,0.059097349591864134,81.93985140552564,1573690.0,,472,200
337.4366924526224,344.9941869982826,124006.36854308945,18.527065892208782,0.1958622759661265,92.64370586840963,1482975.0,,472,258
1446.3591463061184,1704.6218770831522,106079.81176470588,17.623576705719678,0.09291495504560132,73.78823529411765,1642304.0,,473,162
1377.049105144593,440.8885374855994,104747.78039215687,16.579168935594165,0.15724214424102415,89.92941176470589,1483736.0,,473,275
1884.3452202269912,987.1767569030089,134938.3137254902,20.539625606175655,0.19262414203961856,71.86666666666667,1673263.0,,473,2
869.1407272878158,1577.6253666601767,120405.87450980392,17.60340396675102,0.09165395538421493,81.85882352941177,1577058.0,,473,200
336.8608156198289,345.9169781304506,120304.8,18.37676528139269,0.2187974798977725,92.61960784313726,1487325.0,,473,258
251.24402430881398,1784.3323941565004,170364.73725490196,26.294337249126897,0.24897027537137237,65.71764705882353,1764692.0,,473,59
914.1728336907231,197.8721077793792,218651.45098039217,25.653181460717324,0.264265784395305,76.47843137254903,1687300.0,,473,110
1376.1009405791622,440.8331841575297,99614.33780837228,16.537385166331397,0.1761310489323297,90.69753984450682,1471845.0,,474,275
1445.7886780030583,1703.7699460553888,108572.64142606489,17.579771502698897,0.0974081973661532,73.78782902603945,1647561.0,,474,162
1884.5169631395563,986.8494191001175,142504.28205297672,20.02741551465471,0.20628453600777652,76.86232190212444,1630774.0,,474,2
249.9976277332873,1784.812899604982,178040.03933798592,27.101685235969516,0.22010778735238543,64.56435039778452,1779653.0,,474,59
336.2725647099518,346.33435765663654,124436.64035505385,17.781818668591864,0.25248116848815777,95.3092791586343,1459779.0,,474,258
868.8555351371496,1578.962363380517,119623.13744593332,16.93395665213909,0.0388762072407805,82.62699604478377,1568117.0,,474,200
912.5795959168435,198.382432034851,223368.44074493527,25.916682226788918,0.26745722744945494,75.32507546408193,1698023.0,,474,110
1886.0601001449465,988.76996442219,136903.19634323008,21.90938020199156,0.18498107205046843,70.71557908360283,1683242.0,,475,2
1448.527487910838,1704.8011724047421,107216.00249763778,18.172365409354384,0.061541167483103246,71.79796039610696,1667975.0,,475,162
1376.0772262768787,441.09858393139046,106729.65249455259,17.60682511750233,0.19190071615532298,88.75526762533825,1498352.0,,475,275
913.016955845399,197.70452828253474,211060.74800059604,26.595220766520427,0.271220190562371,73.2411354794458,1709097.0,,475,110
868.8209795525677,1579.0097100063545,121503.07502892139,18.658898971999783,0.0763484251229441,78.65304204196642,1595276.0,,475,200
336.9930062577085,345.1647607463781,126958.27684394218,19.943396624020618,0.25186198671595283,91.28082402118122,1492516.0,,475,258
250.10635520543994,1784.2872711581788,166391.23202732165,27.096712027437132,0.21838900979365278,60.252559729396296,1801048.0,,475,59
1376.9828266111247,441.8754017239721,111710.94052420065,17.844083768805618,0.1715513388533896,90.77280392032569,1490246.0,,476,275
1446.4793213921655,1704.0807776321537,101769.28073810229,17.105650427270334,0.05693370457379935,73.72974685773393,1638007.0,,476,162
1884.2245027900597,986.5928316509173,135581.96494780335,19.72666590014512,0.21499373289245471,75.21175181969843,1647811.0,,476,2
915.1747530525449,197.6704623405131,216046.68335518497,25.76619450740848,0.2274254766293492,75.21175181969843,1686973.0,,476,110
250.56528870394555,1784.1305535426818,170772.17276965044,26.8634159683871,0.2498372434075208,61.13270468103567,1805339.0,,476,59
869.6038692147114,1579.2589371291383,119446.26542317437,16.678461313115648,0.046539550539118,81.88077414853868,1571793.0,,476,200
337.4853395363384,346.08897086337566,132678.7172273149,18.733706001378778,0.2563034024570239,94.47781632523694,1476071.0,,476,258
1446.97471163435,1703.9860284332444,107152.41090586051,17.87660942072584,0.06074966538741837,74.76317849127979,1637621.0,,477,162
1377.4644284704375,441.11917849851676,110399.32104297203,17.4513045023143,0.17795243282005616,91.53930634785964,1476627.0,,477,275
1885.0622066454162,987.9508531138139,141414.0050686082,20.837072359672444,0.2133707978635372,73.66908319628544,1656989.0,,477,2
868.3221263103326,1578.9418209327698,121001.83384833051,16.654249059699712,0.05749097037567508,82.78654398790493,1563351.0,,477,200
336.57108130787816,346.1269414656143,122124.01092256303,18.081661417167734,0.23084050793515104,91.90400477952441,1482508.0,,477,258
250.04207241001973,1785.558080023163,171303.9591309902,26.48345636992509,0.24415100900553516,62.72813024634206,1792504.0,,477,59
914.101305415011,197.9100520508227,215592.57197392936,25.81209682946364,0.20804504059313086,74.398480059615,1692483.0,,477,110
1377.159945839488,441.81220369979604,108158.75916534713,17.7807158050608,0.1287852151261466,94.33555698461731,1450768.0,,478,275
1446.5975733890082,1703.6734551344443,102392.87862997281,17.319593495016314,0.11883904182140963,72.6535942905722,1649261.0,,478,162
1884.54271402318,987.3313341884916,134333.45276078462,20.23760700959737,0.1878225996740914,73.79475022183775,1663372.0,,478,2
250.12118401230236,1783.4813564777355,170182.10557087048,26.39947671020572,0.21719583297160713,61.24203497791689,1807067.0,,478,59
336.0554493307839,345.4605379065307,129113.04476055525,18.85743521957302,0.25368516562399435,96.61786884714839,1452462.0,,478,258
867.7888985612084,1578.98080896011,124099.18598388492,17.78497477876802,0.08659694034133798,83.30438298238384,1565257.0,,478,200
915.1380635337887,198.35580824948107,211848.75170385843,24.474911070252098,0.24430459365203397,75.69667677394696,1671341.0,,478,110
1885.4595394074556,986.5827357813605,145849.366964992,20.028998192208196,0.21711713367961666,78.6820241284087,1616682.0,,479,2
1447.2889615056922,1703.542910336558,107373.10422817021,18.67419937667843,0.09555783234033667,73.41145791885022,1644932.0,,479,162
1376.7038658651884,441.29178717332377,107909.94904351523,17.6231743995492,0.16056756715406284,89.97609457746258,1498931.0,,479,275
915.0034766177912,198.31899752422672,221553.14471598517,26.0018554893282,0.29314279207963406,75.67027200866099,1684908.0,,479,110
250.17110321818564,1784.3143977668487,185170.426171403,27.34219318205588,0.23052088183345493,62.4938564847648,1804841.0,,479,59
337.34515668555315,344.86300309824395,128436.54561565569,19.529235325185383,0.2539528396284092,94.87019177205259,1455007.0,,479,258
869.5317627034333,1579.3128534142022,125631.09851611071,17.182629670884708,0.06989033994401743,84.7055283679041,1554442.0,,479,200
1884.6778099369105,987.7272042732428,142489.78923235595,19.89736839710489,0.20359966516172087,73.7646272233765,1660632.0,,480,2
1447.6133988154481,1703.1016887206513,114165.66257306874,18.912206277447787,0.11158989424234586,72.64698135635564,1653357.0,,480,162
1378.4650851158867,442.3896400388534,105090.75068148173,16.0414878421384,0.14486757668940026,93.8822528297519,1450104.0,,480,275
916.4301496053836,197.68645563156326,221055.82310045406,27.83174199001134,0.29679825109439706,76.37246757975849,1687804.0,,480,110
869.209767429032,1578.7831196810384,121565.96840723617,16.944449446854033,0.06989982901409804,81.96069691486278,1564802.0,,480,200
337.6740933204055,346.0974887443136,127181.76634039363,18.39140757847912,0.22658295364508613,92.76460696273105,1493012.0,,480,258
251.09404521387378,1785.4934789823872,167249.37067309133,26.458741102766567,0.22680411683320692,62.58816855316794,1787344.0,,480,59
1885.6957782361437,987.7561572941484,139797.52848624607,20.206288569120016,0.2095035089862141,75.62745047970652,1651265.0,,481,2
1445.272075719998,1705.2916569654637,110406.763974943,17.22741184422961,0.06635282514062436,74.8823524454237,1634753.0,,481,162
1377.0587744145848,441.46701766855165,107978.48948121528,17.40597655852852,0.15156831926739528,92.01960723392862,1475543.0,,481,275
914.2083647999775,197.62662411790947,212124.1946740797,25.75336945856812,0.2656054252022557,73.39215637685805,1705990.0,,481,110
868.9373134620785,1579.0553425766886,114088.66591135156,16.780657483709934,0.07256723155254151,82.33333278825194,1565637.0,,481,200
336.24314782488096,346.0571268349599,123568.17565251478,18.02984531045178,0.2304630481701886,94.6274503539185,1459987.0,,481,258
249.86975076853895,1785.0363540469382,177297.19490464914,27.049406827624736,0.22733004391565956,62.96078389689853,1785501.0,,481,59
1378.2605572470684,442.44649090415044,104690.28233277913,17.19580852270736,0.19839277369522768,90.81176468839314,1487406.0,,482,275
1446.9296241012487,1704.0284411834784,104085.59997995441,18.896497333081744,0.14515944590324376,71.84705880969256,1660297.0,,482,162
1885.4326612871523,987.3788233382516,139161.1882084934,20.318457889485888,0.2204168236274607,73.67058822110607,1664294.0,,482,2
914.2853213857187,198.2083164745933,209119.43525384384,25.401731908025997,0.22407546793232722,72.57647057425797,1703206.0,,482,110
868.8455713588636,1578.8044144844246,121081.62350609295,18.941977956559885,0.08191176613550442,79.87058821991204,1593261.0,,482,200
337.5412625413073,346.97616704245854,122282.96468233217,18.654615814713015,0.23873972368760996,92.63529409980666,1480926.0,,482,258
249.9076473925432,1784.695304814175,171641.89408459095,25.490504230151828,0.1916180485404458,60.90588234121146,1804716.0,,482,59
1378.2604929577465,441.1819542253521,110258.35928572353,18.551732863900373,0.1930586353262829,90.84667631288488,1483992.0,,483,275
1447.846513540683,1702.2640547415238,101956.3707118999,18.326921065273922,0.10317433318457515,72.98792797787333,1650170.0,,483,162
1886.2104932770178,986.9673551103706,150287.1907440141,21.456825738329467,0.22547355881810704,76.87026457244106,1634772.0,,483,2
913.4359221348155,198.16430557785318,210388.09062987933,24.688561476307825,0.2089068564206086,74.15262895624365,1694135.0,,483,110
251.592595789335,1785.940855806643,170924.91561341725,25.906272165751265,0.21153288731819364,63.282086491454,1782840.0,,483,59
338.50154772808423,346.5369824735706,125044.23820613473,18.164198393975823,0.2597979791508429,98.99958316147712,1425382.0,,483,258
868.9101548891925,1579.5618484872846,115901.72375958718,16.733879933424973,0.0825280970204673,80.75260116700878,1585110.0,,483,200
1884.9363462646413,986.9819912354565,141402.17162986117,21.155421679585572,0.2040744537925719,73.72548971683963,1660963.0,,484,2
1446.8484139081822,1703.5433336971023,104713.41892717309,17.304630235586036,0.0921371933608689,75.93725440834483,1626431.0,,484,162
1377.775732533219,440.9194204886412,107500.9796933668,16.946498499738194,0.11348707577117903,90.68235235171275,1476147.0,,484,275
914.3688601791899,197.83586971933212,218391.1201490167,25.838303349986848,0.2523107516336905,74.46274461400803,1704707.0,,484,110
868.2565302073284,1579.510721371753,121507.71685722057,16.917280431431553,0.07146066475643406,82.94117593144459,1565796.0,,484,200
337.17611092914075,346.2799368027591,114792.79925381082,17.45309746800797,0.19231933240955715,91.78823469746534,1486395.0,,484,258
249.97522988096085,1785.7114526160096,165487.18323800692,26.356322536886687,0.23433347681379393,61.560783913561096,1800047.0,,484,59
1377.1481305876855,441.4454798800684,109218.3876432449,17.393379889484272,0.1825289589909133,89.78374585823786,1485864.0,,485,275
1446.9688718964226,1704.4778920118604,105918.36929962553,18.38340519439758,0.05588469569608698,69.6662260393796,1674540.0,,485,162
1884.898197413463,987.986834294084,134296.366284105,20.778758733073296,0.2220262818137426,71.90150601925274,1675521.0,,485,2
912.1803662099186,197.9659821242262,214244.13513757443,26.72384087554419,0.2935584745643071,73.0191460091893,1714094.0,,485,110
867.6649844016536,1579.715350924375,121209.91964193768,16.96921866605636,0.04743975575349402,81.96026592868188,1575382.0,,485,200
336.2240136126145,346.2504715212858,127205.31309462077,18.666497167174025,0.2360181374381277,94.99939914460853,1463575.0,,485,258
250.02511374332377,1785.4607946924855,171381.523883517,26.22627440963364,0.22893273308443512,63.70547942638455,1788441.0,,485,59
1885.2772722100644,987.4843676816538,139305.419554757,20.23085173938202,0.20436507801668305,74.83137252050307,1652759.0,,486,2
1447.2260238929218,1703.7489883612348,103030.26662740417,17.229581685700918,0.06975869375065416,73.72549016798332,1632947.0,,486,162
1377.325141872209,438.8869558205405,109713.48231113185,18.136219839635814,0.15956600409382757,89.94509800493965,1497366.0,,486,275
914.1640710739482,198.1392404842784,211610.58815465413,25.59183425750693,0.2785557399395346,73.72549016798332,1711316.0,,486,110
251.70016187328568,1784.8789566907262,169200.36856297255,26.25262525723624,0.1949681843184921,59.71764703606649,1815266.0,,486,59
867.6935512150646,1578.953708633128,115633.63917162092,17.106196932570175,0.05729800024152469,78.88627447974216,1605482.0,,486,200
337.2757097998168,346.0028041107133,123966.46269785723,18.06690684979568,0.23963738976788657,93.99999996417873,1471308.0,,486,258
1884.9532755285693,987.3378861534902,137022.87843137255,20.331658252785065,0.19917947095800437,72.98823529411764,1669066.0,,487,2
1446.253287036057,1704.5467030834268,104463.85882352942,17.7849077503403,0.10868053861014156,73.72549019607843,1646594.0,,487,162
1379.5365419134052,439.8747076881784,109871.25490196078,18.731254227108455,0.23380925403959651,89.5764705882353,1497145.0,,487,275
915.2583834917236,197.78470986847745,210740.2588235294,26.369580122179325,0.2655967337868583,72.98823529411764,1715545.0,,487,110
868.350475856269,1579.4924734240476,121854.22745098038,17.646365189905556,0.0808247040946159,80.72941176470589,1580582.0,,487,200
336.8845669633167,345.68146154402723,127370.0,18.687776109163703,0.21592336248575728,94.0,1468390.0,,487,258
249.60524069884497,1785.392462877319,173203.66274509803,26.451179132224777,0.24535178033252125,62.666666666666664,1795891.0,,487,59
1446.1233213134362,1703.506314869403,105277.50980392157,16.644541102501066,0.058262370054129896,76.0,1617637.0,,488,162
1381.7313990368527,440.00956963903803,102425.64705882354,17.263738191273628,0.19650146225592693,91.64705882352942,1473236.0,,488,275
1885.6795326884069,986.7118031562758,133709.33333333334,19.99150595322817,0.18423626415153732,72.27450980392157,1677270.0,,488,2
869.0196367072849,1579.0805822860725,122995.94117647059,17.615004589507038,0.0467685435900725,79.72549019607844,1592616.0,,488,200
337.54083317815923,346.3412721428375,122042.96078431373,17.391874958205175,0.21539390958279916,95.0,1456485.0,,488,258
250.6912856625725,1785.1907784521875,177015.92156862747,25.767930498613648,0.21749131018548626,62.96078431372549,1797194.0,,488,59
912.5208373300035,197.94552785693605,213617.3725490196,26.27553397692965,0.28740011155708134,72.27450980392157,1715751.0,,488,110
1447.231496393336,1704.0357587527574,107793.92939100493,17.920765177647443,0.0645620109572939,73.67058822110607,1646908.0,,489,162
1381.491888393199,438.7489612549849,104804.07056805133,17.49936709729961,0.171956257837285,90.81176468839314,1484102.0,,489,275
1885.525357603727,987.8869994094617,133397.74115077985,20.059706091285488,0.19010678145819201,72.94117645654067,1667822.0,,489,2
250.41250929421983,1784.0806995058713,163336.81173324925,27.074925895118703,0.25991097195553964,59.81176469436335,1810918.0,,489,59
914.1424107079407,198.0376266717833,205282.7293722298,27.234722882263984,0.2644091524230558,73.30588233882338,1699795.0,,489,110
868.0558033690547,1579.7575144910454,120678.98821205285,17.258038367746156,0.05334123522971652,81.32941174904285,1579008.0,,489,200
337.05527203227615,346.37683971430147,125560.57644640683,18.55017258555049,0.24158930150800179,91.54117645295854,1494644.0,,489,258
1446.172566808007,1703.6780748587769,102443.9843137255,17.045838279344164,0.07098884733105021,74.68235294117646,1636230.0,,490,162
1381.8450701882775,440.4094072250682,108458.98039215685,18.297177854811437,0.20099065444994876,89.83529411764705,1487246.0,,490,275
1885.4033622526595,987.6479000468288,130203.09019607842,20.426581808580256,0.21688997971440147,71.79607843137255,1675436.0,,490,2
869.2313257386647,1580.2830421035114,119237.41176470587,16.853390612583564,0.03790199146749941,80.8156862745098,1581306.0,,490,200
336.82095614856155,346.35920326840096,122572.14117647058,17.923107111093728,0.21391505551576995,92.0,1485781.0,,490,258
250.44971268626696,1785.4062789801526,170400.59607843138,26.48134248786817,0.22062179007743604,59.89019607843137,1820037.0,,490,59
911.401673724609,198.08097349151197,214523.0745098039,27.585259543365915,0.29315312441156527,74.32156862745097,1694819.0,,490,110
1379.4890979745821,439.9521959038021,99522.53343892437,15.75618403770629,0.12874042124230303,93.6769417864056,1450518.0,,491,275
1447.6226501432538,1704.0328203061772,110168.974304842,19.101996702748277,0.07180650096094748,72.98524781752084,1649680.0,,491,162
1886.1691119290788,987.1683642981683,137878.53844273728,19.866039628484867,0.1755433026457764,72.98524781752084,1660540.0,,491,2
249.41264039935817,1785.4306450517452,177254.832065525,26.961984522245125,0.1943611102223756,62.82750714188649,1790938.0,,491,59
337.6707716061873,345.46058542082375,120854.1650703741,17.74623666735931,0.19068714457981506,95.93421749210214,1459963.0,,491,258
912.9197578416471,197.75807136935194,217812.0570950096,25.342652612811488,0.23152377222337908,72.98524781752084,1717450.0,,491,110
869.1525438194434,1580.487392328239,119016.74264593713,17.934223972593255,0.09090633940361949,77.87601184652996,1611767.0,,491,200
1884.412382933574,988.5490223926525,133778.9999747782,20.180790733185585,0.23081265451876123,74.88235292705866,1644624.0,,492,2
1447.5304065589764,1704.3015740792855,99286.1764518695,17.04369294719457,0.09711612810561056,73.76470586844584,1643173.0,,492,162
1381.4547595488552,441.46480040601574,102034.09801997888,16.303121283243637,0.14715388272677898,93.50980390393893,1452747.0,,492,275
869.1978338940047,1580.0764511710984,118054.07840911545,16.865569691038477,0.10288143685325822,83.82352939596119,1562782.0,,492,200
336.9399378200988,346.368495516739,124023.4313491665,17.990342085261275,0.2302106155777845,94.99999998208935,1460713.0,,492,258
250.9563027669586,1785.6938807213455,165475.09800801813,26.641606533487955,0.26615291641095085,62.58823528231769,1784296.0,,492,59
912.629169808927,198.32771720361143,211433.4901562162,27.049243878753753,0.29443280788300774,75.25490194659628,1691510.0,,492,110
1380.4534840487452,440.2226677739825,107213.27450980393,17.570917413353893,0.22586579331775425,92.76470588235294,1466100.0,,493,275
1446.4577090708556,1704.0266521978901,104710.49019607843,17.022329444397126,0.09786380708028898,74.88235294117648,1631994.0,,493,162
1885.2676505855497,987.2288484400316,145094.05882352943,20.855763518856374,0.22841397471689345,74.88235294117648,1645395.0,,493,2
912.801722157476,197.74368528284802,222167.74509803922,26.616089409335796,0.2650425747784892,76.74509803921569,1686498.0,,493,110
869.3748870370081,1580.2124360918713,119139.3137254902,17.05478226990583,0.03492497186848777,83.82352941176471,1563239.0,,493,200
250.879106116638,1785.407488671285,171661.64705882352,25.360326880553316,0.1888285704834047,61.84313725490196,1800263.0,,493,59
337.532075875784,346.51303350160623,121767.64705882354,17.761780785216256,0.23216093269960053,95.0,1457437.0,,493,258
1884.6177988816612,987.865788611423,138714.1568104407,20.556513321652517,0.20186080538752824,71.90196075720195,1674807.0,,494,2
1446.216974846192,1704.52799659069,110148.21564474136,18.198788793850227,0.097513887223082,73.76470585453878,1645798.0,,494,162
1381.1945248689503,440.6754312446666,97792.62741410611,16.422014113487467,0.1654195486796579,89.78431369163559,1485652.0,,494,275
914.6703477597847,197.2575873102436,221337.70579889402,25.9586572147548,0.257164259855162,74.13725487400615,1704932.0,,494,110
868.4087414696455,1580.4621441496847,125997.56857994158,17.259045529129107,0.0592322223601237,82.7058823217556,1565244.0,,494,200
336.2098914075343,346.89528873092684,128720.1568142091,18.43118232520949,0.23758657245242107,94.62745094471136,1470860.0,,494,258
251.66389693944785,1785.4641126896427,173021.45091515165,26.632185551796393,0.2493928489497567,63.705882328919856,1777055.0,,494,59
1887.4365379037506,988.0699777628543,146020.25274421996,21.755264150696956,0.21277709466513042,74.78571475795772,1651699.0,,495,2
1447.2141557373734,1704.539911577188,113230.15086077807,18.587169991658342,0.07345826771674667,75.93039406547749,1628105.0,,495,162
1381.7374996529609,440.76941336516836,109947.2106068114,17.394530530732204,0.21236016374226716,93.86370321662041,1460410.0,,495,275
916.2760250263966,197.35241635941787,223327.69601664372,26.71734995462729,0.29638647342430374,75.54883429630422,1691510.0,,495,110
869.3132225422764,1580.1319900985086,128092.28542984546,17.434347705222162,0.0559182446197955,83.56158944894256,1561297.0,,495,200
337.3262889301813,347.1070233618132,128750.09447190016,18.287609983434304,0.2489993503427479,97.29774113917968,1449640.0,,495,258
249.82105287592086,1784.6032079648353,180814.68809512898,26.68243889243468,0.22446775530903879,63.72048145193336,1786412.0,,495,59
1885.295995666509,988.4389345360981,131962.62352941177,21.21851783363283,0.24368518886982116,72.21176470588236,1662839.0,,496,2
1449.2976558021314,1704.172385570129,105606.42352941177,17.845481429824247,0.08434391105186538,72.94117647058825,1656138.0,,496,162
1379.3117835167816,440.78542264479563,102186.21176470589,16.226845660182242,0.17554095269440573,88.98823529411766,1499832.0,,496,275
914.4097764097919,197.72906672705935,212569.5529411765,26.0263011685271,0.27156705018598,71.11764705882354,1723985.0,,496,110
869.284384854634,1580.8168478143368,118080.45882352942,16.96291953525102,0.04171916519650183,79.87058823529412,1586894.0,,496,200
336.9775590623451,347.9653549859572,119207.03529411765,18.04145406282097,0.26438720154888,90.81176470588235,1495221.0,,496,258
251.11857468041094,1786.0495936437046,168551.0117647059,26.17767024607091,0.24481476895597376,62.00000000000001,1784080.0,,496,59
1379.9693167650523,439.1632558876406,105343.03936659503,17.665384981448096,0.19386237610786122,90.70224567820232,1480886.0,,497,275
1448.0677504326493,1702.889839520159,104402.63848340343,17.962532505248994,0.09462193672412945,71.83617857713624,1652931.0,,497,162
1884.841645288324,987.5526183972746,131099.9374763255,19.691279828529886,0.21185272773983213,72.56179654256185,1667323.0,,497,2
915.0394315055373,197.12121361091286,214024.2841831306,25.26305412489458,0.24234867579823233,71.83617857713624,1724988.0,,497,110
870.0372031921644,1580.3886838428703,121793.88706974193,16.993011958701025,0.06933657803524776,82.72044805852052,1568828.0,,497,200
336.18729830238135,346.37876133008234,126926.18293919733,19.010100569059325,0.22880058429759,90.70224567820232,1500882.0,,497,258
249.62838671683863,1784.3035931566344,167573.48731742692,26.00244879143543,0.22475331195868503,61.67752706117758,1801313.0,,497,59
1885.663838582044,987.8399170071091,140409.2388750511,21.042822659456036,0.17719126323074055,74.90118735627746,1651160.0,,498,2
1446.6471632856437,1705.563653228782,109152.86047491366,18.298561387079808,0.07865870341925502,74.90118735627746,1633842.0,,498,162
1380.2831447179349,439.454096040149,105297.51945938426,18.00792623784909,0.16173007562773245,91.83864178357638,1470236.0,,498,275
914.9352575579446,197.44540514820673,216743.33487587803,26.56595394983442,0.2622043732201626,76.03035098476406,1682393.0,,498,110
869.7465359312538,1580.2860304070005,119574.66437796877,17.54861313349648,0.09200751560535998,83.18172063184582,1573462.0,,498,200
337.53828374679443,346.52749573334364,126369.59470632493,18.029266137908063,0.2086509866833558,94.47335691671177,1469946.0,,498,258
251.23826592447205,1786.069463839463,175466.3820486744,25.164353182765577,0.22338785601545633,64.7387146998981,1777773.0,,498,59
1886.1966682251432,987.9726062331977,140240.86274509804,20.39338876671942,0.19360177467647507,73.01960784313725,1666313.0,,499,2
1446.4299096174095,1705.0966091903592,101893.64705882354,16.505682058575776,0.08529259853380866,73.76470588235294,1640292.0,,499,162
1380.2763527720176,441.0110512207282,103122.3137254902,16.5705424997622,0.1554901803461466,90.90196078431373,1476880.0,,499,275
869.3669285193577,1579.7677083301824,123162.09803921569,17.22591000705538,0.040191817285751,80.84313725490196,1588718.0,,499,200
335.85234836575717,346.5768412625132,127500.43137254902,18.818957760326814,0.2410868838869085,91.64705882352942,1487856.0,,499,258
916.6549648775247,197.13695370265822,217764.58823529413,26.41152022737934,0.2604315932828838,73.76470588235294,1709695.0,,499,110
250.9340548846178,1785.3359196296626,171176.21568627452,26.11449753944681,0.23778363224572244,62.58823529411765,1787857.0,,499,59
1885.74796457287,988.163253642936,132766.8631064686,20.006869301837995,0.23196038548205125,71.76425563737858,1677023.0,,500,2
1447.0107483633255,1705.8177374928625,104080.9707762504,18.42385524281053,0.07779137752061865,72.88557213171262,1655197.0,,500,162
1380.4778286210405,440.0589457653413,105044.18164488334,17.10148237039316,0.1655516083346402,90.82663604105727,1479106.0,,500,275
915.1556433634535,196.49129989243627,220308.04181912713,26.182207234382087,0.23055153616904464,72.88557213171262,1714926.0,,500,110
870.1932269589439,1579.4282699527673,123449.47058288228,17.89149014598668,0.039515811836954816,81.48233192160693,1580258.0,,500,200
334.927400683917,346.97436892980505,129961.70300980961,19.373271530166672,0.2544590570806877,92.32172470016933,1484879.0,,500,258
249.873355672356,1786.017711333505,166760.3201765346,26.141440602786382,0.23044947438465943,59.80354636448215,1812680.0,,500,59
1885.9866275440459,989.3681995253661,142931.2,20.703198074666087,0.23086591451962404,74.16470588235295,1660052.0,,501,2
1447.5083759570648,1704.6608901445532,107534.68235294118,17.20068391196626,0.055273036461470706,74.91764705882353,1639403.0,,501,162
1383.0812158377962,438.88258042684845,109030.02352941176,18.570173357284535,0.19007201923582023,90.72941176470589,1485895.0,,501,275
870.1301801056698,1579.547050295311,116073.03529411765,18.20322274302248,0.06146441803761503,79.43529411764706,1605493.0,,501,200
336.3393026829991,346.2146582621157,123212.42352941177,18.650757110535533,0.23454228173608968,96.0,1451183.0,,501,258
250.97630192500242,1786.5465474492644,166566.02352941176,25.735308377988204,0.1958672928095282,62.49411764705882,1795366.0,,501,59
915.3508797958517,197.45384060867457,215686.4,26.557217551014183,0.28042322798116187,72.28235294117647,1720903.0,,501,110
1447.6253940068175,1703.7945958666724,102909.26109948139,17.547253696117163,0.08171184339087294,70.81956053870148,1670265.0,,502,162
1385.1743249628016,439.29844083860456,104069.52768198591,18.246447568555872,0.1699745220355505,86.9649525786127,1515036.0,,502,275
1885.9976082962899,988.868550990095,135625.3294832642,19.99344196356633,0.21519346219604824,71.92038272324088,1677025.0,,502,2
915.6861727302133,197.85887059704797,215537.31432553296,25.602018802391957,0.27344209265317165,71.92038272324088,1717333.0,,502,110
869.8713991097508,1580.1678346911035,117965.20611742677,17.289606350947885,0.02418955088615278,79.99307874319649,1585867.0,,502,200
337.1342127435191,345.6351584485852,128042.49933542863,19.176338730942696,0.2202705070663545,93.5698856858491,1484775.0,,502,258
249.8247878168738,1786.3849512700815,170255.36070523286,26.70347755426913,0.22146002544098675,61.64604233420647,1807215.0,,502,59
1886.9844917409382,988.086916730879,141656.13974835575,20.62191402296706,0.17202723371377468,73.76197089321586,1652348.0,,503,2
1448.4071655140833,1705.0498591163268,111456.20069568182,18.11263889303322,0.07218541424493535,73.76197089321586,1643477.0,,503,162
1382.1522387010614,438.9280522949322,106001.16766644263,17.901652556820828,0.19765068688493675,91.64366080672274,1468079.0,,503,275
917.0172740347346,197.26938343522798,215769.78387653723,27.622218770422574,0.28779239174004806,73.76197089321586,1701139.0,,503,110
869.0799700542044,1580.4183061347112,115943.75979355899,16.7344820067492,0.0503930829792632,80.84013981731233,1581869.0,,503,200
337.5827465201981,346.5355139309438,126968.93923085557,19.27909632603921,0.2905276577279769,94.62394245897389,1468259.0,,503,258
252.0536717825502,1786.9148522603027,165591.15423279122,25.434173303664053,0.19219379033785883,61.09577387114849,1802522.0,,503,59
1447.3032979791092,1705.0027206316902,109815.65352922269,17.99766281321007,0.03980366929148978,76.42007900433033,1626804.0,,504,162
1382.8870809106927,439.5807073820885,110496.90589180401,17.11295403489215,0.16513740158054685,92.93296039722584,1463340.0,,504,275
1887.0806176878716,988.4875278481496,150825.97049922493,21.127454823121173,0.18819207448397143,74.88399701429354,1660863.0,,504,2
868.6909239423023,1580.2399273519347,124116.19283596771,16.989737884126644,0.06715741504019286,84.86852994953269,1550104.0,,504,200
335.61398993469027,347.19045547641053,127125.37745444979,18.812105440708102,0.2541967820224677,97.54120636733622,1452307.0,,504,258
251.62173683797215,1785.820601532438,171156.01563736185,26.23873709919206,0.2063529679487343,63.36338208901762,1782255.0,,504,59
916.5466899921781,197.06990420279737,228294.42546175537,25.696140906467846,0.24543999148539397,74.88399701429354,1699131.0,,504,110
1446.7371562803255,1705.790522128045,104038.41174509119,17.585041603547467,0.08219554036176349,73.76470586844584,1638637.0,,505,162
1381.5251544631499,437.35353249040827,110404.5293909498,19.047667449706946,0.20170655095197956,87.92156861087486,1513930.0,,505,275
1885.9530205855406,988.7774172669732,132963.11762199088,20.29296615062961,0.22748890204671113,72.64705880983303,1666220.0,,505,2
868.9259635300328,1580.3790952174172,119252.56860496792,17.71191005862699,0.07686830204260658,81.21568625919795,1589830.0,,505,200
336.8067375996912,347.2623069212618,119678.3921342994,16.919870321374216,0.18829816243590647,94.99999998208935,1459343.0,,505,258
250.79272564281968,1785.8929158649642,170389.01957571917,25.501693593932632,0.22187944156405573,61.84313724324248,1801759.0,,505,59
917.3467687516221,196.98155549788044,215314.705841759,25.821376507276156,0.27336832260708627,73.76470586844584,1715732.0,,505,110
1885.8295582715457,988.1271273518745,140812.52541654411,20.95832164321777,0.2201833818083762,73.64574564617806,1667320.0,,506,2
1446.289561799905,1705.1879145591397,104861.87114668886,17.391371569120913,0.05610141903486764,71.78600459450689,1662301.0,,506,162
1382.6438941076003,438.4110566014814,104096.77367803136,18.53546116762323,0.21690844001193116,88.8956222698816,1496273.0,,506,275
916.2109149952047,197.320161369471,216019.7096497053,24.652365216061607,0.2453399530994708,74.76159027718076,1697904.0,,506,110
869.1058233171788,1579.8379881246876,121338.06101986437,17.49411453865905,0.08186896095917638,81.82860627353118,1577320.0,,506,200
337.7816832279434,346.17354712436014,123524.00065199866,18.00218428314096,0.23970582109967797,93.73094900422663,1470956.0,,506,258
252.50266072678392,1786.6171886283093,167400.87128407642,25.462963798682114,0.22222799957994033,61.74340291548262,1801368.0,,506,59
1886.05727033024,988.6507025566026,142090.66779033825,20.128944008550533,0.2176773890806211,76.65971884308644,1629365.0,,507,2
1447.1122630729328,1705.4404512723777,103590.2029160756,17.217900589268687,0.08488986824869968,74.78080416555981,1639351.0,,507,162
1385.7779326305524,440.4674014693628,103270.03585502507,17.435994076760363,0.20559345757579503,91.69103626329947,1471922.0,,507,275
916.7727690496972,196.96203450236715,227327.63213633373,26.310084838660526,0.27090281018713225,73.65345535904383,1725212.0,,507,110
869.2491287606468,1580.7579477743795,123357.51267246225,17.29875795597909,0.07895532481586372,81.920679940161,1570141.0,,507,200
335.92109469258804,346.5255295595607,120847.28266328668,18.33478388977728,0.26291111600252637,94.69729974734207,1468445.0,,507,258
250.55875880616338,1786.7156285368571,172984.53448410207,26.527728092367443,0.22399894419530422,63.50731610040004,1775815.0,,507,59
1886.1592826886636,987.9153215917958,134815.5646890383,21.30485935422819,0.2376247258026638,72.13406649285295,1668246.0,,508,2
1448.4264998773253,1705.3287390494884,104127.02777548517,17.25110463733057,0.06274451226735463,72.88546301882016,1645633.0,,508,162
1384.138249615953,439.6425031158517,103695.72616957998,17.274955337443547,0.16591660075120773,89.79188485308258,1491722.0,,508,275
868.0559225935677,1579.9250100957888,116291.76183263144,16.84363882017986,0.04566651913585043,82.653617856394,1568434.0,,508,200
334.45854992117864,347.0748099789614,128217.55179452014,18.467177177134037,0.2182933793982974,93.92456574590227,1471576.0,,508,258
252.16561327617893,1786.6005040594541,162932.4469924686,25.255974674181363,0.22490557383533505,61.9902133922955,1791828.0,,508,59
918.2748906708733,197.07146224968233,214345.2514887236,26.260926313091314,0.27479212044893386,74.38825607075461,1701370.0,,508,110
1384.2192041464514,440.5806297869805,103213.9843137255,16.094071651913367,0.18200621566747316,91.85098039215687,1473697.0,,509,275
1887.0528386336225,988.3676869757451,141161.12156862745,20.61434409642444,0.19122473380139374,73.78823529411765,1666153.0,,509,2
1447.5173734804034,1704.3304299819831,103027.20784313726,16.923755769621177,0.08757672831734531,74.94117647058823,1638964.0,,509,162
249.67770982101356,1784.854216526249,177763.92941176472,26.579576991255497,0.23423643841011196,63.02745098039216,1791214.0,,509,59
336.70916408778436,347.02603883678626,130147.07450980393,19.17159500209326,0.264307284352017,94.92549019607844,1473183.0,,509,258
915.8577495135925,197.7028271733318,220637.2,25.60993590653587,0.263595942580853,76.47843137254903,1691088.0,,509,110
869.1450761442721,1579.9826962631034,127617.90588235295,18.303766905400664,0.06998052789313877,82.24313725490197,1584269.0,,509,200
1887.565644042866,988.903327905022,141823.7880215674,20.162317333073254,0.16914961483932361,73.7579061469593,1666564.0,,510,2
1447.9219190466818,1704.9865222366416,111662.3921276237,17.415776218469187,0.06570889749008499,77.85556759956815,1608966.0,,510,162
1382.8569304159382,439.13718991802125,108466.2161945888,17.57394334806881,0.2349572231880111,93.50118405498377,1460473.0,,510,275
869.5673132536864,1581.133612781651,119795.50508169725,16.9587156348632,0.055252740286736095,81.95322905217701,1568414.0,,510,200
336.7776971456217,346.72243620755955,120118.10279242082,18.172047340733407,0.2277717821926326,94.24621341000355,1471062.0,,510,258
251.04876302704767,1784.519034024349,171715.85580367147,25.584063962578302,0.22221035325078373,63.700009854192125,1792970.0,,510,59
916.7026163528919,197.2391317030316,217100.06399405704,25.60100947382415,0.19329931537927575,73.7579061469593,1702275.0,,510,110
1448.6536230837726,1704.3201831739843,107063.68423023792,18.83306966657134,0.08890062653608387,69.93512589342082,1677156.0,,511,162
1384.9142573013712,438.76901496911967,105487.93541997616,18.533908312973573,0.21366011936528836,88.70718600165482,1487957.0,,511,275
1885.805486319014,988.9435967416277,132168.1859483162,20.047965389114296,0.21105454847587093,72.8797627731438,1668636.0,,511,2
868.8982027161725,1580.247626463992,118168.27798328326,18.36412825873351,0.0764479700488593,78.76903653258977,1600550.0,,511,200
251.335401184617,1785.974115848148,177170.3352219026,26.927234372377942,0.2290689861090034,61.83737447418262,1813426.0,,511,59
918.3974519950059,197.07544627225172,208135.0324102396,26.277189990332253,0.21402437447157152,70.30320550338618,1721716.0,,511,110
337.27125709364594,345.7976638306109,131213.38744006603,20.628771855596018,0.28325429325725815,93.49222093120467,1477352.0,,511,258
1886.5468979658021,987.1363132319634,142448.48580874925,21.361198193412452,0.19143798476558752,72.64700658722913,1673644.0,,512,2
1448.4340706274525,1704.6629535747768,107290.31501054419,18.209031993505064,0.09507431070174514,73.76465284241726,1645387.0,,512,162
1382.8031486704053,439.3338663958133,103434.80797889683,17.493849225261336,0.1909582856938313,89.41170041505123,1496081.0,,512,275
917.7758761353655,196.67332396858973,226492.50380888357,26.629162084019708,0.2789836234535793,74.50975034587603,1710226.0,,512,110
870.6920581810303,1580.5854390958712,123813.59724724565,16.96065015576119,0.057132781357515386,84.94111539429868,1551179.0,,512,200
336.8056071664578,346.2317008483943,125720.67430734835,18.557296463122892,0.21034637859881486,92.76463918061566,1489826.0,,512,258
252.4228346099805,1787.264243303268,164390.8621881063,26.335940658818455,0.2744644638524862,61.843092787077104,1796124.0,,512,59
1885.9160528549046,988.7780866480982,134061.15217449504,19.737651571762093,0.1897010322930082,72.92908008448029,1669047.0,,513,2
1447.793091780434,1704.787363703535,105610.78874273843,18.109992332443124,0.09653763179593969,73.65837088532508,1644885.0,,513,162
1383.6609787529771,438.3981741999474,108087.46030240739,18.978190383174766,0.20543145875644922,88.97347770306594,1500925.0,,513,275
916.467280918411,197.56211796117174,211415.56883850158,26.230047797556324,0.2127768503689531,71.47049848279067,1710759.0,,513,110
251.77231141735402,1786.6059242161955,161142.27212766552,25.628930184218834,0.23592447773803443,61.26042727096344,1795764.0,,513,59
336.17865429234337,347.17095871486515,123529.46371949524,18.269015641623625,0.2522859895750499,90.79670470517796,1493360.0,,513,258
868.7740580680504,1580.3734859090632,119815.18567079266,17.498399707705698,0.1033456505296773,78.76340649123871,1605603.0,,513,200
1886.6672423185573,989.31307319484,134130.71729167635,20.565766240198954,0.21376740065180702,74.19942633189068,1657247.0,,514,2
1449.0073190724602,1705.3036969204334,109817.7874990374,18.02661647077974,0.04446866931937626,73.06948582937457,1644437.0,,514,162
1381.9309972411359,437.7366998168834,108808.37398345635,17.353280595609696,0.1604006580308735,88.88865286459999,1505018.0,,514,275
919.9646445311103,197.68333392965758,210538.0473654835,26.98286915978411,0.2954900534008217,72.3161921610305,1723735.0,,514,110
868.4428077329852,1580.9623926900613,118590.64556057242,17.449625457337874,0.06593575100993607,78.71918834195507,1598745.0,,514,200
336.9934844353726,346.1773807849205,125846.37017406247,18.173097083516865,0.24655490467672198,96.04494271386864,1446755.0,,514,258
250.64498722756673,1785.236660688081,173248.12754828128,27.018298497875673,0.24147672485377902,61.016787135869485,1808524.0,,514,59
1383.7572069042815,439.38054247926476,97617.01347383576,16.0324861210978,0.17186017240702978,88.98808670558144,1491838.0,,515,275
1886.1706099245062,988.4082195739336,131256.33377491246,19.92090755291524,0.19736936722058016,71.8469388565555,1675735.0,,515,2
1448.1114686525805,1704.7456667821268,105290.41242582524,16.944137009873128,0.08828506084102353,73.67046522347316,1646110.0,,515,162
918.7405885892551,197.35873042847953,210313.49588626035,27.121952676642522,0.17933273297578695,70.02341248963785,1725421.0,,515,110
869.4594066581589,1579.6663389579494,115741.04203463031,16.861766496557923,0.0851812020491027,79.87045487099317,1588982.0,,515,200
338.0163425050968,346.7138826470632,122539.14833049932,17.890751916894033,0.22875004798178178,91.90572889264968,1497408.0,,515,258
250.76595907697856,1786.3947426536868,161841.61211667547,26.945243863193078,0.24671333059065637,60.176370108282526,1809902.0,,515,59
1382.6002006657466,438.9504565689055,105552.49646487777,17.88239710224572,0.21380241854226534,92.90482373276429,1464606.0,,516,275
1886.3876597352692,988.503808099463,143669.0899286037,19.999161189292703,0.1789279627575335,75.70022674521535,1639794.0,,516,2
1446.6910682130217,1705.5257653008423,110830.48449628029,17.60090213794814,0.07730823297454423,75.70022674521535,1631188.0,,516,162
917.3030794902382,197.92125488440104,218581.7284561668,26.14959619383199,0.2252626047582264,74.93557799021318,1690516.0,,516,110
869.4820188541357,1580.9181774539272,125034.2174448232,18.141284886670032,0.05872420313549199,83.72903867273818,1567842.0,,516,200
337.9164803351952,346.56866638465146,132857.33885725043,19.84658489636757,0.2440316355206756,95.963418752773,1458374.0,,516,258
250.77524757115788,1785.7391915688545,171301.58431249482,26.358579940332685,0.18076373208115024,64.23049542018272,1778753.0,,516,59
1885.475809708424,988.4879035080635,136919.29411764705,20.440382578720527,0.23508648133522547,72.98823529411764,1668298.0,,517,2
1447.0480058877129,1704.892629845097,105184.15686274509,17.824531515304955,0.05822015352922714,71.88235294117646,1663880.0,,517,162
1383.8187550753805,438.4339476750344,104406.35294117646,16.6167154226504,0.14951271179338244,91.41960784313726,1472816.0,,517,275
917.0978496246466,197.60685488315463,217383.66274509803,26.215113544188846,0.24385292531664152,71.88235294117646,1717487.0,,517,110
250.41468710175513,1786.237145470769,164010.09411764707,25.913938292950657,0.22447314864635634,60.8235294117647,1816174.0,,517,59
870.5063937251547,1580.8450032707694,117211.73333333332,16.698089319197287,0.05663208184204285,82.94117647058823,1569528.0,,517,200
336.4665660651044,346.55203352605554,126049.57647058823,18.51946883998489,0.19534992886759486,94.0,1463390.0,,517,258
1447.2018114150192,1704.0331960392894,99941.6303776301,16.989354980835856,0.0586958098085162,70.71146069798138,1661330.0,,518,162
1383.7658348092095,439.0230952253171,100834.18218256278,16.776988706023502,0.12054102279586754,87.66778035515038,1504325.0,,518,275
1886.4343331305747,988.4853340941266,134042.23229923163,20.56039066942518,0.22448728939275894,70.71146069798138,1691463.0,,518,2
917.4364681661698,197.3951290352893,211162.0995093469,26.261675269131818,0.19618001979910146,70.71146069798138,1724099.0,,518,110
869.255218622999,1580.9560659140204,111941.65387628447,16.43123805828514,0.04290595492803415,77.92691587124479,1601488.0,,518,200
335.96995715989584,347.1303763113697,118573.01795327221,18.686375796576378,0.22832077140342344,90.91473518311892,1493480.0,,518,258
251.3884062594855,1785.6247388373026,162833.70230434593,25.912694484892725,0.2312377453780922,59.5275051794231,1813611.0,,518,59
1885.5599129498141,988.237678881537,139768.91405663348,20.464576303837735,0.20694899456735216,72.97073506506881,1668435.0,,519,2
1447.9141751268128,1704.382380717306,107361.4584447354,17.858338668336106,0.10494346541298658,73.73884806575374,1640266.0,,519,162
1383.1991928792336,439.4640642679339,101828.74050080181,16.614518780010386,0.1742921056311124,89.10110807945243,1498072.0,,519,275
869.3265017481016,1581.0070353651847,116220.87379463542,17.149795636119325,0.08131231135066308,81.80403457294555,1570267.0,,519,200
337.7113090455057,345.58894376383034,124266.85747681012,18.448624724148377,0.22095380831515077,94.47789908424699,1475417.0,,519,258
251.77123178772555,1785.122864796617,172471.70911729493,26.225402603587927,0.2404443477255594,62.985266056164654,1791268.0,,519,59
917.0918733078345,197.084959388027,223415.26766172185,26.795843452906237,0.20745502650807712,74.12290456609621,1712693.0,,519,110
1886.013080686606,988.3460368943847,137427.56437735487,20.21014339821295,0.21535098870939304,73.78822880096415,1657668.0,,520,2
1447.9005792191572,1705.194305778356,100679.1440816992,18.207724868614623,0.13707603234576538,71.90587602542935,1656707.0,,520,162
1384.8729573342841,439.83828029830346,101366.9557858796,17.154258820651215,0.17832450109727152,86.96469822970775,1515389.0,,520,275
917.793254630373,197.41880528347727,215701.06337186333,26.412972624009164,0.20873080843819042,72.65881713564328,1712296.0,,520,110
870.1596912830894,1581.4809024220945,123117.54210718421,17.375639710704757,0.10011325352718109,82.82352212353119,1574655.0,,520,200
338.7863103550035,346.47607400038333,123746.24793421284,18.636691067653594,0.24295052815237458,94.8705798869539,1465487.0,,520,258
251.95449006932105,1785.6974329784678,173949.34939883617,25.839757667892297,0.21576811415057368,63.62352381307623,1789967.0,,520,59
1885.849009280891,988.3289181615329,125198.42352941177,19.954365098760796,0.19107812688809342,68.92941176470589,1699595.0,,521,2
1448.9052736000888,1705.623851906321,105146.16470588236,18.409527853050452,0.08345946040399205,68.92941176470589,1692127.0,,521,162
1383.428868635515,438.57698693175166,105882.1411764706,17.963295052348165,0.1843918128470883,85.70588235294119,1525224.0,,521,275
917.7227107300318,197.76230810232659,206634.32941176472,25.73960664349494,0.2142597876699801,70.7529411764706,1734474.0,,521,110
869.387465278117,1580.5709824379728,111994.97647058824,16.676282367299805,0.052715499485374344,79.87058823529412,1594549.0,,521,200
338.0553308402656,347.5646279477982,119468.52941176471,17.84896662001548,0.253801093959281,92.63529411764706,1475436.0,,521,258
251.5637309393065,1785.3622027422894,163714.64705882355,26.429128720816117,0.21235440467303485,59.44705882352942,1816284.0,,521,59
1384.5671878372546,439.0671676019858,109213.40804186436,17.596926776182496,0.165208398289292,91.71345039129689,1476001.0,,522,275
1885.324946886769,987.9998157438505,131933.66582253564,20.50276527291548,0.2576616984900583,72.92876778103127,1661741.0,,522,2
1448.363848236276,1705.77123491217,108573.2555246753,17.734807801699898,0.06928155026121569,76.98036599108856,1622304.0,,522,162
251.12827396933358,1785.5468293900965,166685.32865152706,25.60486057027089,0.21217065323399403,60.40564604085418,1810179.0,,522,59
337.7974298941721,347.1693452083321,125226.0608222308,18.599059507389697,0.25293298322546537,92.81843172131252,1475669.0,,522,258
916.5161150258248,197.45553915620576,218858.86378376483,26.413144305973873,0.19141974708009782,71.82378645101564,1721318.0,,522,110
870.4902589670858,1580.1163980334056,122189.20380023784,17.400445297376876,0.033067041968806325,81.76861842115626,1578691.0,,522,200
1885.7885995730303,989.705203202833,131575.6705130245,19.8187719579337,0.19611622454720193,72.25098035085703,1663255.0,,523,2
1448.8883688614972,1705.0515760401795,106644.29013511882,17.915899955296357,0.12259915434264464,74.83137250624478,1637465.0,,523,162
1384.6261053578548,438.79754785198514,108176.3058205176,17.54950188877626,0.22864568402965502,91.78823524165,1477199.0,,523,275
918.3918158021822,197.5841936183764,210676.48615408372,25.497880334236893,0.23894212406435342,71.51372544931768,1720440.0,,523,110
251.40609025437382,1786.019868328239,169319.4351973319,25.82030453856244,0.22266485496488184,62.666666630845384,1797922.0,,523,59
337.7710857981171,346.93777772389166,121615.3567932278,18.960268849132394,0.26264345917287185,91.41960779088032,1492800.0,,523,258
870.0485250353058,1580.7421039233395,121637.47444027397,17.150583937913257,0.05442618682733648,80.72941171855965,1584357.0,,523,200
1449.2052973411812,1705.1761266210815,105341.19213679117,17.291726556676657,0.09474165130346372,71.51372547656995,1665719.0,,524,162
1382.9117960078336,438.80538605510833,110491.28625345693,18.3048742137584,0.1885664931705751,89.5764705711675,1495487.0,,524,275
1886.3448802784371,988.9179593086335,137263.5921307087,20.23149094279347,0.18414164694462584,75.56862743658164,1653709.0,,524,2
919.2564282887171,197.07284346350437,217006.18819394603,28.2884005012005,0.2986391044014593,75.19999998567148,1675149.0,,524,110
250.60515916714667,1785.984530122319,174068.83133938216,26.424150763470713,0.22810807590767532,60.82352940017547,1813854.0,,524,59
870.0355731225296,1581.3003802052447,122453.98429039326,17.10049357418347,0.05623924248293462,81.83529410205426,1584040.0,,524,200
337.32905725949604,346.26584252272056,128132.32154421328,19.011312346911808,0.2314191058071064,93.6313725311792,1476605.0,,524,258
1447.7938621494693,1705.1451563645248,108563.4161396582,18.237842865062586,0.09485968458880135,72.94145965894455,1653952.0,,525,162
1383.7286292853514,439.2234285799683,98602.11781047708,16.694017320732858,0.2087494418093122,90.99262896848134,1468290.0,,525,275
1886.5642565523776,989.4326139537959,133725.27259231088,19.84897690556642,0.17814723819288641,73.67824207974198,1658042.0,,525,2
870.1194030301019,1581.4330897747636,122112.10807570195,17.42024230279394,0.07854524051476452,80.67767507731746,1587157.0,,525,200
339.2968759547149,345.7247162405547,126612.0067107222,19.566651338681236,0.2798418260179396,93.93975865167101,1472537.0,,525,258
251.38561886586695,1786.5192430025445,162151.07516909612,26.437674817648436,0.2152064077236982,60.41615850538842,1806591.0,,525,59
917.2569755634343,197.68684736763672,212593.41004414987,25.51606490991886,0.1832729817411734,73.30985086934326,1696833.0,,525,110
1448.8741770070578,1704.5793138764448,106128.41645180894,17.336601170349418,0.10210116996770105,74.680522407234,1635423.0,,526,162
1886.2345789085282,989.2578535431818,134763.96032830552,19.81289873973937,0.21132343468164802,74.680522407234,1655313.0,,526,2
1383.140453864664,438.8858488490123,104167.49818028434,16.738779685599606,0.19360574781174708,91.68697800492095,1467033.0,,526,275
918.5098342644836,197.578450570474,213343.76723964396,25.220594146920924,0.2199544177674391,73.94111129429109,1706162.0,,526,110
869.7396531041483,1580.816665765115,116188.4743489537,16.58940362153195,0.07742405979888349,81.70492798019166,1571216.0,,526,200
251.4121479003837,1785.6093911213914,164469.80179078697,26.71854593587376,0.2423959788719919,63.219650156618876,1783793.0,,526,59
336.6707787337825,346.81186259514936,125211.13845463959,20.393286776348084,0.2706298966565435,91.68697800492095,1483183.0,,526,258
1886.6318131028597,989.1629337877113,130504.34463585749,19.873275493797276,0.18930122790877157,71.95404054660612,1682118.0,,527,2
1448.8544781771363,1706.0706186570878,106123.78965256305,17.988434582661704,0.04460972535089338,71.95404054660612,1659645.0,,527,162
1385.5844254665267,439.1658072428008,103615.34932414572,17.350009443135644,0.18718665535526038,90.7080191997109,1471721.0,,527,275
869.402216680521,1581.0770166088048,117409.47472489164,16.218090114267746,0.050165001869073245,82.67059977695172,1557996.0,,527,200
338.004060862808,346.4554777780563,122147.34210747907,17.72936156703654,0.25205452630340347,97.59723584779022,1436769.0,,527,258
251.89986746321057,1785.2444101892343,173554.29400118865,26.086594111531127,0.22671493480539892,63.533886865620296,1783513.0,,527,59
918.2991231810113,197.5154745096943,219037.28504606648,25.626235485557476,0.2539109073744487,71.95404054660612,1719865.0,,527,110
1449.425972159984,1705.2416298572434,99239.29409789771,17.82302256741557,0.08108947357003507,70.58823528007008,1662743.0,,528,162
1384.443544413288,438.4546614720886,99560.82350959843,17.445082274624557,0.2116280986853386,84.70588233608409,1529865.0,,528,275
1886.2606590890507,989.5917273148527,129483.52938599655,19.85067603390163,0.20963612616810737,71.64705880927113,1669168.0,,528,2
918.6032027864636,198.05353668599125,197188.58819605215,25.38350965716816,0.21827077252194466,68.11764704526762,1741958.0,,528,110
870.0083394189946,1581.3546403683579,114057.88233024282,17.099378824195227,0.04568971259991164,77.29411763167673,1610659.0,,528,200
251.92777734151514,1785.5457511134045,157307.64702751816,26.757670456939255,0.23772187132442008,59.294117635258864,1808980.0,,528,59
336.4060992496314,346.6839958249718,118012.58821180875,18.911441098658823,0.2441344791847669,89.99999998208935,1502094.0,,528,258
1886.4028871245964,988.7708959927462,134767.37081540207,21.34622861471028,0.20810301142042611,70.78431281493651,1687855.0,,529,2
1448.6741447286613,1705.758260125374,101863.09672887142,17.48189129289586,0.07549704200143752,70.78431281493651,1670173.0,,529,162
1385.5024220658552,438.87053083609993,107054.93979933961,18.48093131144204,0.2179599305892934,89.78431257052473,1491196.0,,529,275
918.5140141193305,198.12321447985383,212457.99726698748,24.823013610204853,0.23664236580245793,71.90195985938287,1727613.0,,529,110
868.8541543166085,1581.5467552955429,115006.9985205755,17.28891419945464,0.055643667437206404,79.72548917050743,1596285.0,,529,200
335.54144854808237,347.6366174470799,123830.82193647955,18.887607909778353,0.2584307856131166,90.90195961497109,1500347.0,,529,258
250.70315718342073,1785.4338728506484,172009.23308142906,27.26931493563886,0.22564304703161647,62.215685474181036,1795340.0,,529,59
1886.9664897858183,987.9113222072531,135499.58333037008,20.73629291837359,0.19526323323594785,72.64694055544848,1663649.0,,530,2
1448.8733358767897,1705.1877740072155,111319.70112621199,18.117790674793394,0.11159556392787649,76.74497309960199,1619426.0,,530,162
1383.2146857705407,439.2634764793529,112014.87646506567,17.91606224291597,0.16084201988388339,91.64690962379655,1482271.0,,530,275
251.98413407772034,1786.7099224205492,169227.88136240584,26.24415230232329,0.21837376842417028,62.21558498851229,1790420.0,,530,59
920.1232460025174,197.31561798650745,223763.00826634828,26.63320791056579,0.2890492311131602,73.76458579476308,1709487.0,,530,110
870.2604674690908,1581.2506300864416,125200.48245008613,17.795908009101097,0.0634188446693209,82.7057477092798,1578834.0,,530,200
336.76993973663554,347.35033909209494,126236.53958693075,19.0566561003787,0.25801896446561884,94.99984534174033,1463805.0,,530,258
1886.7806128416046,988.7836731511442,133427.10667418625,19.805671708980917,0.18531531344379212,70.96514581656403,1683513.0,,531,2
1448.1766532443116,1705.6659387999823,100390.04470708028,17.030674547915094,0.0810191998928633,71.70823634867465,1651997.0,,531,162
1383.4515057001506,439.53594321359435,103638.8365134679,16.77462543140102,0.18815198342686998,90.65704491749541,1474491.0,,531,275
917.2760775391903,197.91099372192963,214591.91313450062,25.153596029301234,0.20522898679774623,73.9375079450065,1702774.0,,531,110
869.4996167215152,1581.4969007308723,112448.9178621714,16.625415625143763,0.043350383018833656,80.99686800005738,1574513.0,,531,200
339.47021297354115,347.6360881100526,118054.42129114784,18.514828283437073,0.23741798443118298,94.7440428441038,1463851.0,,531,258
251.89652793996635,1785.5322355683707,170220.86282637744,25.91519620345104,0.1930014036024542,60.561878367015375,1807572.0,,531,59
1383.6576217874951,439.0669351745301,96101.17522121272,16.35898629748319,0.1702436583764365,88.47058708512104,1495837.0,,532,275
1448.010539324541,1705.6120570799621,95450.54777869089,16.677287120230837,0.07645465548690167,71.88235200666084,1658947.0,,532,162
1886.6916363475877,989.7940242681356,133639.61394887578,20.055776106536573,0.20342923678807934,71.51372456047284,1680250.0,,532,2
917.6969564170563,197.9819474011498,212813.41684113533,25.61938531432845,0.2611129520926439,70.77646966809682,1732014.0,,532,110
252.53023976854595,1785.2367424285098,163597.96650057487,25.071758358643855,0.21751987049768925,61.56078351339672,1798572.0,,532,59
337.3329367078347,347.84469940419325,127329.08069758333,18.522467214305614,0.22117051220596587,90.68235176224906,1509858.0,,532,258
869.5727881699894,1581.2468634721643,115617.41810474424,16.74122175687227,0.04460812779572181,80.36078326898493,1584312.0,,532,200
1886.711645613428,988.8381513969678,141200.90702469094,20.205801131121557,0.19720368260816434,74.80394664478415,1647903.0,,533,2
1449.0522224011313,1705.410879929432,107387.64364510163,16.97383602947135,0.08550264078669814,74.80394664478415,1624681.0,,533,162
1383.3042625362705,439.9221225496206,110374.53892168181,18.013709505872843,0.23884961160455456,90.59171427835669,1491575.0,,533,275
917.5862023359671,197.75478186190313,218848.531339665,25.869639469987035,0.25451108179994286,72.5485512685595,1714310.0,,533,110
868.7815590586533,1580.7197348565157,120562.91163454729,17.408112868703682,0.054987801935471564,80.81833431471655,1590109.0,,533,200
338.3561485206148,347.2853869685298,121404.92590833783,18.073695409333226,0.2506559910355803,94.72660580143521,1465770.0,,533,258
251.14185076874696,1784.4373867523516,175713.71887013924,26.39033930153456,0.20897874324917595,61.64747361680704,1808082.0,,533,59
1382.3147837144409,438.262827655523,112340.36001454211,19.245418962575528,0.2068332398003148,90.90631122791822,1483786.0,,534,275
1447.5939872803858,1705.1550220307045,104141.11577684626,16.61621094486235,0.06188370201522854,75.75525935659851,1625033.0,,534,162
1886.8463583672064,989.2271544400714,134186.37311633377,20.127957355140705,0.20345324036972362,72.86934471444239,1674506.0,,534,2
918.2858090481202,197.78612100498103,210460.37562985986,25.84814920492605,0.19435562019113253,71.78712672363383,1721585.0,,534,110
251.72669057210354,1786.474132451739,166294.69868563264,25.69381281922467,0.20213290543558748,59.882728824739786,1829319.0,,534,59
870.1538283606486,1580.7615362789063,116965.39896792757,17.30422379338478,0.10573436948257471,78.64117399875465,1600549.0,,534,200
338.8493176866328,346.41034070092593,122684.92104935077,18.85352328231933,0.2824885322068112,91.62778988845726,1485474.0,,534,258
1448.2243658485934,1705.7565015200569,109432.17576673262,18.190261948629345,0.0843588593257379,72.27450933905995,1653304.0,,535,162
1385.4397453927463,440.0790866802299,106757.27382315298,17.59088016287444,0.23238526600571238,90.9019601996424,1484253.0,,535,275
1886.2041365389955,988.5492511214369,143596.4108411097,20.151908997241765,0.2160762951219608,76.74509754559973,1632279.0,,535,2
250.86424627775128,1785.9307582260371,175777.94004588638,26.74922271008459,0.24027950156030817,61.843136857133764,1806465.0,,535,59
869.5329212939425,1581.1297219652931,121639.48941370673,17.31277220704826,0.08506404529210698,81.96078378656281,1582581.0,,535,200
918.3967020982154,197.62200490286529,226134.27305533335,25.659409167350546,0.24171270107686765,73.76470540790653,1714368.0,,535,110
337.5235000340044,347.39255036355195,125992.72467982485,18.205919854266504,0.23554170914180703,94.99999938897054,1461971.0,,535,258
1446.7569863551657,1705.205795071855,99477.14237148638,17.137182265936133,0.07224948384203456,70.76052940076609,1666295.0,,536,162
1385.4443199554657,439.3639012497049,104602.85821995436,17.32961710155797,0.18402683543345053,88.81920617491994,1493822.0,,536,275
1886.3624118298064,988.8280304545515,138198.63081951183,20.38260341617039,0.21713426580049897,72.97179594454003,1660242.0,,536,2
870.5949022595191,1581.1374663652336,119981.84848747816,17.005873911942224,0.06217611657740606,79.97413999982417,1594075.0,,536,200
337.2032889526111,347.26525238042933,127496.46929206993,18.831865943132904,0.24691381750336858,93.97882811039247,1474003.0,,536,258
252.457949718847,1788.0939359886795,168245.32061631215,28.22851831662866,0.2891528533240148,63.38964092151963,1769222.0,,536,59
917.0837511451085,197.6608738819732,216036.6873380504,26.64244170097137,0.20256960009735525,72.23470709661538,1713968.0,,536,110
1383.8822398900954,439.3133741578124,104063.57926755163,16.510630404637322,0.19308876691611696,89.73227097299952,1488752.0,,537,275
1449.5768540339968,1705.1016563873707,113741.3567805845,18.440247515766387,0.09393451332965586,73.762968511703,1636475.0,,537,162
1886.701331825991,989.1090883271007,136549.32291018768,20.302856051316837,0.24346706496978848,72.62230405018181,1665896.0,,537,2
919.4328205507483,197.40467561923077,215920.93857919032,26.00275648696206,0.22819003766586451,72.62230405018181,1719714.0,,537,110
253.23708146039075,1785.6259480545684,169595.89324640497,26.28155368541006,0.23531727985450024,63.116766870838646,1786390.0,,537,59
337.47890775115906,347.08159253970774,129412.945817424,19.233650745335126,0.19932338862659288,90.8729354345207,1494615.0,,537,258
868.7769697477421,1581.3013690685243,118004.40009477633,17.234905412455223,0.07063669320796544,80.9871767680038,1577511.0,,537,200
1447.2813703354966,1706.1641371955438,111124.27251071866,17.715349704018074,0.10658733851497723,78.75648306402115,1607657.0,,538,162
1384.9445692422519,439.5936080173332,103509.27066017127,17.458072177988434,0.18432643479289276,92.63262531815822,1460592.0,,538,275
1886.7936857226637,988.5047386671473,139409.85091859772,19.824002000398398,0.21381206260288824,74.63114347495338,1656292.0,,538,2
918.5772346971913,198.50784098404014,224033.69197088844,26.33750539198351,0.1863961590444688,76.13126696188712,1678669.0,,538,110
869.8424232768641,1580.535510081252,127115.21385056054,16.883916750395343,0.06426553174785807,86.63213137042327,1526417.0,,538,200
338.77840954364876,346.5295877016244,131784.3482036418,18.305525178101956,0.20255694343161734,95.63287229202568,1462665.0,,538,258
252.82570737554045,1787.4520889516716,175221.92389129507,26.597501132217637,0.21304981051053984,61.88009383601662,1800148.0,,538,59
1385.4992126041527,440.2392555926927,102434.96078431373,17.65074879731463,0.20810358544221014,86.80392156862746,1513533.0,,539,275
1449.3655398878268,1706.5545727179665,103355.52941176471,17.990386630943092,0.059845329117957674,69.66666666666667,1675569.0,,539,162
1886.9317845288358,988.4271524272433,135359.72549019608,20.501876874164097,0.19806480882325714,70.7843137254902,1681573.0,,539,2
917.7909030510554,198.1751043423451,218690.0,27.023365729702093,0.2847995875207986,72.27450980392157,1721283.0,,539,110
252.9036823786838,1787.4453793121888,167194.78431372548,26.45465042564475,0.22668397981181818,59.98039215686275,1809900.0,,539,59
337.1625008839925,347.9790486088264,121163.74509803922,18.674400749300045,0.2558362097519673,93.88235294117648,1478564.0,,539,258
870.6734749618815,1580.7152611864142,124122.90196078432,18.39725637632996,0.09450749122535416,80.84313725490196,1586919.0,,539,200
1886.5341604957723,988.1269917546348,138887.29231935786,20.674764580205753,0.2228732383531261,73.6705872814198,1658622.0,,540,2
1449.6751702790646,1705.1597245201854,105805.55157122406,18.344813924097807,0.09062812408595208,69.6588226274811,1672672.0,,540,162
1386.2169086251067,440.1601009913489,108048.85742453106,17.685004745172392,0.18344955336952506,88.98823414191303,1502584.0,,540,275
919.2332622152255,197.80435960905754,211280.67961731463,26.922608910757354,0.27372054901944537,71.48235201563506,1720932.0,,540,110
255.13529167848804,1786.1028043909998,167111.8801892048,26.43594555504695,0.267321854514408,60.54117568671132,1813221.0,,540,59
335.8069431330375,348.64078879493684,120897.44549346383,18.801279072744812,0.23041092291393886,91.90588116295935,1488543.0,,540,258
869.2541387511465,1580.9335592482628,117309.4690693321,18.112879700962548,0.059248669400557535,77.6823519353585,1608151.0,,540,200
1886.6187772469434,988.514743828492,140489.76321987424,20.240373129566716,0.20458964754611078,74.91141077406097,1655187.0,,541,2
1448.4974784001126,1706.5687694662936,106963.3307256058,17.57294262943091,0.09293497285660014,73.78209302369824,1635278.0,,541,162
1384.2261299896436,439.4381364119744,108318.8884652912,17.298001459811037,0.1957940691324425,91.8511770295019,1473729.0,,541,275
252.2018071177514,1786.861413780901,173396.57670844367,25.862438629135163,0.22525678122137321,63.9946725205546,1788771.0,,541,59
338.4617778931677,345.82174977173213,129042.99850219762,18.498781709934914,0.21628454482057555,93.73337328010645,1480822.0,,541,258
869.4993797743138,1581.4317941610182,118960.07318770906,17.210439429334034,0.04500038719983197,80.93443877599552,1584200.0,,541,200
919.978018686583,197.52917950642473,213656.7545088749,26.173001831011725,0.2373061068360208,73.02921452345643,1708402.0,,541,110
1886.89853479154,989.4508100794121,137897.23612130762,19.855575893320662,0.20799625800559535,72.97961313568163,1673090.0,,542,2
1448.811066493564,1705.4540288303158,112136.18505155774,18.162347704382988,0.09456751080852038,72.97961313568163,1660108.0,,542,162
1383.2653277374498,439.7291496298431,104422.91707354735,18.30000298731886,0.2049287765892246,89.90787391457685,1487129.0,,542,275
919.4812235417727,198.64771359536837,209093.73912161228,27.19400020561257,0.2751972356209672,72.60342956281728,1711515.0,,542,110
869.1836844241369,1580.640745080583,114933.10991580409,16.652038209583566,0.060219226301794444,79.37473387437538,1595423.0,,542,200
339.02424055558004,346.70202469570836,128107.43482108608,17.94392814037635,0.2202133348852387,95.55062750754192,1464024.0,,542,258
251.47897678482653,1785.711494383981,174794.82568213338,26.5754659927899,0.19726109836108335,59.813188085429786,1824268.0,,542,59
1384.0206157767393,439.7008366732542,103542.13139595857,16.88902853502143,0.14486225113519224,88.734552883521,1489905.0,,543,275
1447.7546852167102,1705.8443709606954,101553.6359630214,17.040805217719335,0.07397610417439235,73.81796856258428,1640713.0,,543,162
1887.7898888763539,989.8030714124549,135610.87530336727,20.192243368141817,0.1878145015798442,73.81796856258428,1665633.0,,543,2
919.0790579986858,197.85661330883897,222355.78532438795,26.49782583718687,0.2606684149815243,74.20044508363394,1704499.0,,543,110
252.59131619937693,1785.5483385254413,176795.94708999462,26.155174785331273,0.23210690851288968,64.2560555363428,1784210.0,,543,59
869.3840158577224,1581.586775616911,124648.33325704193,17.348300360482494,0.06891223731872193,83.76235810987544,1563707.0,,543,200
337.9954880194579,346.9934934655594,130205.33463137243,18.227544208915692,0.2008941713424248,97.14903634661351,1444162.0,,543,258
1887.8897400738424,988.9736214772302,141850.43397043095,20.341022224144687,0.21735952123900498,74.92927434783954,1652187.0,,544,2
1449.300427547047,1705.6290290604813,103790.24494754961,17.44137571263827,0.07862565628307219,73.76457060150007,1646531.0,,544,162
1384.9300657614253,440.21877086878277,102901.18775451048,17.100821952278913,0.1756441482064367,90.84689221447903,1475223.0,,544,275
919.17915535101,197.5495176593348,224727.25844870898,26.196413594049147,0.20207663592482103,75.70574351206585,1688567.0,,544,110
869.5758868664625,1581.4404913463854,124115.8782595019,17.30569528150136,0.08561810562859737,82.6939659901027,1566831.0,,544,200
335.83749888601045,348.4566957686835,126334.25066169648,18.419049137901872,0.22103478354350387,94.7292380356106,1461382.0,,544,258
252.93427510831611,1785.1170713391177,172672.3774443946,26.950283787365944,0.22360180950208952,63.67047146655795,1775222.0,,544,59
1384.903919488488,439.75899948390054,100662.68579227946,17.938471141150778,0.17509793865012718,86.94736959865868,1511231.0,,545,275
1448.8033845942855,1705.6157918860686,99963.85983828525,17.7393156960245,0.08752868322055558,69.99082863958417,1683711.0,,545,162
1886.9623832194254,988.6287069859347,132919.7991359146,20.521598051868807,0.2122719468133348,71.07316104122721,1679943.0,,545,2
250.08043403863886,1783.4057842754723,165510.63163672303,25.295977354061062,0.13349462238593107,57.72439475429621,1826139.0,,545,59
870.0884034319199,1581.3115609382107,113407.87137656084,16.874109148749625,0.04935441473375694,77.92793291829989,1600830.0,,545,200
918.7687840271632,197.79274810343225,209534.50207355426,25.847247068036054,0.1911868090217829,70.71238357401286,1723473.0,,545,110
337.2298784089414,347.698660447864,117884.39818975652,18.39116082597885,0.25746875891243687,90.55514427080219,1494247.0,,545,258
1887.4258943587045,989.0497117001681,131434.30114172245,19.895052577722044,0.1728537759834314,71.80024802385621,1667904.0,,546,2
1450.3655410171648,1705.6887923761049,108713.84569375456,17.473593226790207,0.06899343768191919,75.93534084198406,1623965.0,,546,162
1385.0175703609477,440.51045994732004,108750.6856115888,17.751263947659503,0.19696992889687043,92.85162964341615,1461028.0,,546,275
918.2294444660421,198.0711188937662,222403.7117178326,26.517459545747876,0.2702802792821192,72.55208308169763,1721071.0,,546,110
869.5895985176035,1581.5444101297096,121722.09586452691,16.88184660824348,0.08962362817107167,82.7018563625569,1573259.0,,546,200
338.88512149908223,346.9890387524694,123496.8025185616,18.834926522211628,0.23607871805226643,92.85162964341615,1476817.0,,546,258
246.28565395585832,1784.0613524964692,162897.09464227047,26.74398428349796,0.26942641122567684,64.28189744544194,1761569.0,,546,59
1383.804682324243,439.8166582297403,104865.49260244159,17.40536024844794,0.21320215196419248,89.78057469334982,1485650.0,,547,275
1448.3572753121523,1706.6583599560156,109511.63734282243,18.221714879663427,0.08854161137392658,71.61069648160046,1668905.0,,547,162
1885.7006260386424,989.2871482534107,127988.26585144075,21.285388722484146,0.23800077361209435,69.11679162900741,1692806.0,,547,2
921.1366551235354,198.1271885597402,198561.1416422407,27.810779944068,0.2889913838296997,73.03578496879648,1695232.0,,547,110
336.30341334833923,348.76284559226406,120293.5005648258,18.45848805747656,0.24724180368136828,90.84939105874685,1498057.0,,547,258
239.84667943452413,1784.3963534113427,160912.0851711306,25.52771984788969,0.16413835250471798,58.42862797503719,1822002.0,,547,59
869.310098397209,1581.6916553404444,113764.1013886154,16.855483825975902,0.06278527038245053,78.3798667957816,1602957.0,,547,200
1887.2234933463387,988.8089207831115,132272.68351731717,20.025535916971894,0.18631037019287963,71.8823194757245,1672359.0,,548,2
1449.2627279078677,1706.4934566871755,98138.16607561144,16.960988123712436,0.07269911412559893,71.8823194757245,1652248.0,,548,162
1385.1977633625484,440.1808290138035,109732.59989340614,18.18627836334912,0.20261001628557096,91.78819256130976,1475703.0,,548,275
336.2975503300135,348.37117054245226,124657.94980752208,18.34242594836915,0.2453891794972956,90.68231072322169,1502150.0,,548,258
240.6118880416664,1786.300769194722,165193.31132808153,25.117585304504082,0.1078804209929039,60.45487381548112,1797953.0,,548,59
869.6047688636037,1581.8564714820975,120323.2616294962,17.669741572093116,0.06009774745947912,78.88623778361561,1597582.0,,548,200
917.8704204435139,198.11942692803194,222898.22563951698,26.74473240339059,0.19201568216400003,72.61957403444988,1716473.0,,548,110
1887.5289642082878,988.7664709917167,133766.7933564157,20.517074784109624,0.20452761025588567,68.90693922777648,1700234.0,,549,2
1449.5626525541131,1705.4246300219165,100542.96254575253,16.966188129666666,0.0661272573218182,71.8548296760236,1654794.0,,549,162
1384.6534140615004,440.5261046815191,106566.6081904395,17.133394596428378,0.14304565968675928,89.91065867153722,1488909.0,,549,275
337.97092117901997,347.8907823087994,112400.48338752055,17.76399596298649,0.22694403041645356,88.43671344741367,1517777.0,,549,258
239.31078451914155,1784.4578867509215,160039.86697641815,26.496072212865013,0.12464025374967291,56.7468911287571,1831716.0,,549,59
869.8476844826356,1581.1084164238346,118740.65876908804,17.264238799589798,0.05181555356112456,78.85606949061051,1602383.0,,549,200
918.8212646730398,198.5159820382929,216475.38717657916,25.802586466331903,0.2442607067525648,71.8548296760236,1719117.0,,549,110
1887.0051353538267,990.072602633638,138037.3411764706,19.609994891729,0.1992371372140076,74.8313725490196,1653296.0,,550,2
1450.0629774344393,1706.3498970978615,111230.75294117647,17.733598288195335,0.06480440738118363,74.8313725490196,1639155.0,,550,162
1386.1021319275826,440.0396937696924,109156.85490196077,17.786988952394317,0.18391758154275334,88.83921568627451,1501515.0,,550,275
335.6070679597425,347.31095176607414,120759.03529411764,19.164694401600208,0.21262726933958756,89.94509803921568,1509374.0,,550,258
238.89170595099182,1785.7470058343058,157956.86274509804,24.870868461240672,0.11528287182912746,63.035294117647055,1781937.0,,550,59
870.1970659484509,1581.6311009464198,122496.74509803922,17.634585791292462,0.04688530184172778,81.83529411764705,1573641.0,,550,200
917.1543626286619,198.25107944048563,209509.41176470587,26.741822668180895,0.24578065647759464,71.88235294117646,1721899.0,,550,110
1887.6910517744834,988.8029256513927,129893.64705882354,20.213417492918826,0.18246420264026766,69.65882352941178,1694612.0,,551,2
1446.6790306025985,1707.6840410015395,108020.04705882353,18.18960772345686,0.09305015443212088,70.7529411764706,1664970.0,,551,162
1385.2473946764737,440.07046571751084,100159.17647058824,17.485839173612252,0.16892717522227643,87.89411764705883,1506662.0,,551,275
917.9851739534756,197.85229168661022,213347.10588235295,26.0902176772584,0.21662368524019646,70.7529411764706,1733911.0,,551,110
868.5135003202518,1581.6525548625405,117297.43529411766,17.848577122386875,0.059770431435555126,78.7764705882353,1602307.0,,551,200
337.6283155174633,347.19818354031423,110508.43529411766,18.160067486139187,0.24261317715091757,87.89411764705883,1517608.0,,551,258
240.16085964426125,1785.2687589843954,168462.0235294118,27.326700066377906,0.1472397997715195,59.082352941176474,1809123.0,,551,59
1384.7199186214332,439.9495765880123,101481.2686874209,17.372854715366753,0.18822770084659057,86.8190790905964,1523667.0,,552,275
1448.5067708830024,1706.1404169631526,96220.24424838221,16.757307548488228,0.09575092458085648,70.93754023256048,1664062.0,,552,162
1886.7930125615378,987.9064573697635,132695.19808209044,21.084799610582177,0.22787407047213287,70.93754023256048,1679581.0,,552,2
917.2198224305428,198.12817059374584,217752.8380517878,26.991190052227473,0.22258272458426287,69.17292480388981,1748508.0,,552,110
870.2517216913485,1582.4175173225851,116893.41984143044,17.472019032120144,0.09516450275555466,76.93723269004072,1611960.0,,552,200
335.03745440634253,347.96148366543326,107014.04390247489,18.91234407160335,0.2064973967895549,81.87815589031855,1569011.0,,552,258
241.02004649744822,1784.873181584404,151651.40286304214,25.981165775424568,0.10567950820647803,58.58523223186587,1821639.0,,552,59
1448.0526976160602,1707.9231467596985,108397.90106111356,17.344913516558286,0.06672456689555718,73.71675018522274,1641234.0,,553,162
1386.533990653829,439.9916811022036,109792.25339086704,18.89585370587683,0.22974424857531664,91.77735398060231,1474183.0,,553,275
1887.3596600909505,989.2867670677933,138841.44455260684,20.337637533319835,0.23758068478616437,73.71675018522274,1655964.0,,553,2
869.9236259771133,1581.642923850357,121558.18388793044,17.042407766636398,0.06525892251896717,82.93134395837558,1566591.0,,553,200
919.0477065009497,198.04485575873093,222773.49339474682,25.251099095014673,0.23298326318070522,75.92825269077942,1689694.0,,553,110
338.10418276545397,347.3210828001415,107320.89934090745,17.603767692536035,0.20771295437858647,85.51143021485838,1551674.0,,553,258
243.48815084542525,1786.9415671994807,167523.15771467332,25.987010818889612,0.11385784256057263,59.34198389910431,1810466.0,,553,59
1385.7853031212924,440.0406969080017,98527.271983583,17.0605038817702,0.18167864494143426,88.75290710808599,1492930.0,,554,275
1448.5114551220918,1706.7802753073552,97604.386063329,16.920688369558636,0.10106475016274057,71.07448252151602,1662570.0,,554,162
1889.250532188211,987.8843132936945,142533.92175800898,21.238307734742182,0.23028999274165338,73.96075592340499,1659551.0,,554,2
919.0403694927589,198.17192312883216,211182.49148523732,25.158758127501176,0.23849604116368361,73.96075592340499,1711156.0,,554,110
870.5137814434942,1582.177598239194,121954.79240254058,17.866132023433213,0.07310954089325418,79.73330272718295,1589571.0,,554,200
242.60997495102882,1787.569829424307,166500.4537347693,26.214256860116613,0.14653641671398845,60.611741439668485,1795735.0,,554,59
1448.5783749752666,1707.2140377385642,101375.4705882353,17.21740214308653,0.09762482314890142,71.84705882352942,1656779.0,,555,162
1384.5441084905337,439.98930216009467,106604.25882352942,17.221685506463437,0.17570158143714826,87.89411764705883,1512105.0,,555,275
1887.2705064967688,988.4556586969925,127766.68235294119,20.5832160918012,0.20957511419395103,68.2,1700546.0,,555,2
241.61877189043557,1786.4014863044454,162440.0,25.218283018149265,0.13053793989302706,60.54117647058824,1805190.0,,555,59
870.5364857899115,1581.8843681119731,115326.92941176471,17.04577944971271,0.03598982152066239,77.68235294117648,1612818.0,,555,200
919.9863828888195,197.17716497144448,217504.0235294118,28.476177138675038,0.29224078622257843,69.29411764705883,1752909.0,,555,110
1888.1221918098402,988.4892968236094,129439.30980392157,20.73744386220437,0.21586469429097527,69.99215686274509,1687262.0,,556,2
1449.2614416884676,1708.2201995597845,106051.46666666666,18.050975099277064,0.09213777775986236,73.96078431372548,1647370.0,,556,162
1384.4483824729878,439.22192547741633,112259.48235294117,17.607581753760496,0.21847027032159774,90.55686274509803,1489634.0,,556,275
918.4406413549976,198.1519409167208,218803.41960784313,25.51524381313352,0.21135494325436457,72.87843137254902,1709711.0,,556,110
872.0710985445045,1581.8746235390552,117518.63529411764,16.41566872273156,0.06427046226873769,82.98039215686275,1568014.0,,556,200
243.54154690600257,1788.8349713501586,155648.12549019608,24.748501412737607,0.11130745042522439,59.89019607843137,1797694.0,,556,59
1384.3648178357803,440.055823817292,101531.85293354058,17.21885734872867,0.20798241819876687,91.64919840656735,1473733.0,,557,275
1449.5208092362495,1707.3151401829368,103738.79507669632,17.48018439967812,0.09927033380026538,73.9818830510845,1638293.0,,557,162
1888.0043083829712,988.9097190221893,130196.70402874162,20.264855891834205,0.20272929077800722,71.77346863164914,1673331.0,,557,2
918.8960039623007,198.29263959573046,205107.2253431987,25.45838507356812,0.18478097049630157,71.40539956174324,1719369.0,,557,110
871.9004696372175,1581.9402006185467,112465.34465509513,16.82655154714698,0.07698249355787372,76.92643561033164,1616557.0,,557,200
243.94245881854363,1788.1509963701355,159806.75649546098,24.050887949483453,0.11173135841221106,59.99525839466056,1799746.0,,557,59
1384.9073312345936,439.4791511983606,104570.16857323132,17.325173951812847,0.18144365647193345,92.78114062918493,1462693.0,,558,275
1449.8665423009263,1707.0779320537836,113205.8023527134,18.027652042486434,0.09737423627279944,75.70009381879106,1628253.0,,558,162
1887.3790351984294,988.132965923433,138414.7100055895,19.879366098196737,0.23125018567016917,75.31188820946392,1645178.0,,558,2
919.5311534990623,198.38411779635922,220249.2288629679,25.454206844906818,0.20131367679962794,75.31188820946392,1689441.0,,558,110
871.2878829670947,1581.7250639342644,114000.84744061538,16.86617298299914,0.08495507001840409,80.7467667400438,1585478.0,,558,200
349.34546658771166,349.4593695010959,138325.81092105358,29.14092029902958,0.24720011674559694,66.77136480426698,1750288.0,,558,258
245.14418204818182,1789.144067895324,166636.86959806277,26.016053949409283,0.13720144136716975,62.112897492341375,1778073.0,,558,59
1887.9024271286778,989.5542284847754,130109.5594921451,20.57009380606656,0.2184708804068326,71.84565272341436,1672168.0,,559,2
1450.0747292498402,1708.0586239348288,99206.08195496762,18.164235457359272,0.04559107442998937,70.75155648904764,1664121.0,,559,162
1384.7192507202626,439.40549843555846,105951.91463732801,17.476388097486954,0.17365690627929856,88.98649372849292,1502715.0,,559,275
244.54745269676405,1787.6695889604218,163486.42391648094,25.578258251984387,0.06509208131666978,60.17529289016939,1797720.0,,559,59
871.2889270236643,1581.8139527195572,121349.1309435708,17.761087602729674,0.0626717671528297,79.86902510877029,1595014.0,,559,200
918.7363446319248,198.1329650092081,219814.87444661694,26.06194017779189,0.20206631203970066,74.7632426817256,1700038.0,,559,110
1886.9159448095215,986.8095015164745,128331.14377431505,20.487077103013153,0.24844815220978256,70.76759915866829,1680597.0,,560,2
1449.328977947632,1707.504470725955,107052.5798835386,18.566081677855582,0.06375944824463287,69.29327417619602,1678358.0,,560,162
1385.0254801001947,439.69193570832175,105944.99324045632,17.458685476878646,0.17614958932120495,88.09091770271729,1499940.0,,560,275
920.6491050079969,197.8525059597784,206716.21153617185,28.466381791440607,0.2819630224549443,70.39901791305022,1732416.0,,560,110
871.4873387359844,1581.6252278643751,115250.19536732996,16.542598943591,0.08338388705058807,79.98213029911989,1588967.0,,560,200
243.84786097963575,1788.3462445167938,161664.15730303028,24.19250540961055,0.09285885677122131,61.921649263834745,1790295.0,,560,59
1889.048691690981,987.5759202732187,139879.77891481403,21.023905304206142,0.20339521528840157,69.95475031110006,1704623.0,,561,2
1450.503541225334,1707.0899901586295,108649.15118913884,18.35921684118909,0.08573727169774498,70.67967000344306,1664562.0,,561,162
1383.7817624020447,439.2845895058714,107631.36394108926,17.625134639471042,0.15643259905290047,89.89004185053271,1491006.0,,561,275
244.81113402351093,1787.3894219528847,155029.8755650905,24.498386822332453,0.09294215455067588,59.80587461829797,1808898.0,,561,59
872.3969085110123,1581.9483004344659,115462.30891762458,17.10847363258678,0.037300466745283645,77.56640708070161,1622741.0,,561,200
919.1341845164158,197.7336638831797,210388.73033071033,26.473249760454774,0.23794405951812275,72.12950938812907,1717467.0,,561,110
1888.8178361385778,988.5320561604677,134940.665539832,19.65785172862261,0.18672653131747552,74.75273716719704,1642494.0,,562,2
1450.0838368975215,1706.7726048002094,110975.15573044757,18.098010203269247,0.09044812860621645,71.8497182480826,1657771.0,,562,162
1382.8998464473827,440.08666762710254,103272.35790594228,16.977587192036584,0.18008302895521652,89.99358649254789,1493312.0,,562,275
243.73520521465105,1788.001183364897,166510.27053047187,25.215056844352432,0.09154003284873714,60.60051993651411,1798121.0,,562,59
872.1704736301929,1581.3101105642509,124455.32408135552,16.922559419536313,0.05840671060514408,84.5504260192083,1557942.0,,562,200
917.3621564331532,198.0879024922685,229394.74060159925,27.37298514494441,0.2766357197324182,74.75273716719704,1701166.0,,562,110
1888.658294597101,988.2179091680887,130093.78503664855,20.3210543063599,0.17896612406851783,69.98581322842054,1682814.0,,563,2
1449.5301955265404,1709.0500315995907,111892.00595560073,18.611135219620586,0.07555503626888554,69.98581322842054,1678926.0,,563,162
1383.8335768117524,440.2878563431817,106792.51883546739,17.833043247353007,0.1759012674871643,86.75324764772964,1516343.0,,563,275
920.1336121532476,198.26475746502837,209085.53309545756,25.91399988466571,0.22483456161336768,71.80836044791066,1724538.0,,563,110
869.0869929073049,1581.8248559346034,114553.28940550021,17.56498723273764,0.07661619829380142,77.64051155027904,1608213.0,,563,200
244.35558618788338,1788.882654444368,158660.02564549277,25.09000569150479,0.1445095902750619,58.68602046758181,1808486.0,,563,59
1384.2970927219237,439.8017927655497,94654.89823371671,16.847848787381647,0.18271330655372245,85.76466697289285,1519679.0,,564,275
1449.0790423409733,1708.64372532876,108455.59785500912,18.301702442759844,0.034091830684033146,67.76467513907583,1699255.0,,564,162
1888.1684365043805,988.7412591641674,128393.2358685841,19.794248240896238,0.20428015190927004,72.70584936796678,1676962.0,,564,2
923.5125937553545,198.77518428650126,191565.44250292215,29.598210696119462,0.349921883030485,69.17643920447325,1698932.0,,564,110
871.6804923694433,1582.3909652238688,114662.7715095452,17.5301827180216,0.042612480828241435,75.88231851511097,1628028.0,,564,200
244.90730778936248,1788.056086051124,149656.52033956724,23.87050833815293,0.09376954224857446,57.88232668129395,1815881.0,,564,59
1385.1093837652866,439.7491164591047,104632.94618950033,18.006940963569505,0.21127759290732764,89.87950120760259,1494149.0,,565,275
1450.094183522277,1707.7469108576547,106465.02059370755,17.57464961686119,0.09823341988636664,72.63731118002168,1651290.0,,565,162
1888.1356042610635,988.0314896978956,140231.09834942248,20.609154310668853,0.22873370239930646,74.83844182184053,1647711.0,,565,2
918.2098305715881,198.71467969518844,220682.42330790104,26.973481371580057,0.24799590815398048,74.47158671487072,1705502.0,,565,110
872.1488951852256,1581.6384720414874,114458.05966436569,16.71837983735427,0.08621310828234452,81.80868885426685,1570767.0,,565,200
245.38715225427458,1788.1026345473024,164242.86566591723,24.795876199191515,0.06978463541766167,60.89794775698788,1797016.0,,565,59
1889.9216916627554,988.1453231002262,132350.11762072018,19.858120539440844,0.18131964564785374,73.41176469127288,1662094.0,,566,2
1451.2901152742588,1707.4434954779604,105171.17644965841,18.05095682042903,0.11758409656313626,72.70588233847218,1643957.0,,566,162
1385.2431754602824,439.97908073645175,108501.17644899571,17.574991880525765,0.16683168711056964,88.94117645288829,1497873.0,,566,275
242.93329126536034,1789.0450570131738,159405.88232121823,27.04856398150836,0.15000926858159863,59.647058811659214,1795080.0,,566,59
921.2006417714521,197.7445125488028,208100.47054682177,28.503533662787618,0.3114274106956978,71.64705880927113,1708555.0,,566,110
871.7753784804731,1582.558043403376,120901.41174064562,17.173061202723098,0.048855984040223385,79.76470586647919,1589573.0,,566,200
1888.454916806756,988.1187975697248,127392.98039215687,20.380879082447574,0.19536809585268625,67.78823529411765,1709228.0,,567,2
1451.6683455234388,1707.291338503677,100843.6,17.707287568361913,0.10820546638981182,68.8,1685748.0,,567,162
1384.5055373092482,439.71143576187234,101042.91764705883,17.485015432536485,0.15653052338940968,85.66274509803922,1526177.0,,567,275
919.5107748525095,198.61043327793234,202308.76078431372,26.137937151465234,0.2399018196243689,66.7764705882353,1764526.0,,567,110
869.8657023121388,1581.824921965318,116690.19607843137,17.742942258825057,0.059911066892507255,74.87058823529412,1638495.0,,567,200
244.81152764698118,1788.9606618543464,150768.79215686274,23.947828995111628,0.07825258655326936,56.99607843137255,1826833.0,,567,59
1450.5373428257712,1709.5201253851876,95217.17376451855,16.669473039681787,0.07763639840233243,70.82352739896183,1657160.0,,568,162
1385.0936127363902,440.0658865326522,100813.24419371366,17.055228390755655,0.1874788016549042,85.99999755588223,1520212.0,,568,275
1889.1518585000215,987.6883203441564,133586.32561524468,20.365034792434102,0.20674409663720714,71.83529207608986,1673796.0,,568,2
917.9928029373455,198.5162488437506,214384.84096601172,26.35835698652498,0.23548040366575965,70.82352739896183,1726138.0,,568,110
871.2841179522707,1582.0692953647529,116348.55355612212,17.59142297233566,0.06696741552049902,79.92940949311406,1589942.0,,568,200
244.51700836101247,1789.0256997612398,153117.76819741647,24.395080593876884,0.09597846426119062,56.65882191916947,1828536.0,,568,59
1383.984065450403,439.2409755423995,99963.82595230128,18.158078232528947,0.20426419719444874,85.9243407912837,1527216.0,,569,275
1452.6057769248505,1708.9348222641152,101774.44850704772,16.808720118740833,0.053703183155470714,70.7409231414183,1666344.0,,569,162
1889.2590707843128,988.1377077083573,138266.41251780375,21.08170611318837,0.23113942810893504,72.46631151072118,1674704.0,,569,2
921.2135315464999,198.43959074810897,197306.78697163146,28.48936833731783,0.3351631799555986,70.39584546755773,1712853.0,,569,110
870.7104930626717,1582.2374031068669,109780.94069596083,17.05591220141381,0.07905771679417237,75.91708824932697,1629210.0,,569,200
245.6791470567435,1789.7546750132888,151261.6926377192,24.642941526140994,0.1129209312878342,57.97304920857695,1821599.0,,569,59
1452.1782011722257,1709.4408189254052,106881.35455916246,17.859061864388917,0.08297604191803715,73.98686443173969,1643701.0,,570,162
1383.8507554345679,440.9947854005581,97177.209500724,16.162150630437292,0.14364124120116725,88.9936341042152,1497040.0,,570,275
1888.9388732051852,988.8969871428874,132028.8615891524,19.270865125312906,0.1784420118899038,72.93988050110187,1657554.0,,570,2
919.3341952490669,198.71087590090318,208121.5597000483,26.602793503234142,0.25428973246049225,70.14792335273434,1731508.0,,570,110
870.1072759322201,1582.1968042576968,113050.18387848053,16.601475654009622,0.05455419441169911,79.57077872847476,1585354.0,,570,200
244.91782120821293,1788.6288360513556,155321.46208869567,24.918474611981388,0.11377066239356984,57.93311082862637,1825222.0,,570,59
1889.260894304256,989.6522570667281,140601.13718438245,20.28699496966214,0.19024741981457854,74.71529071051815,1642425.0,,571,2
1450.9262421410574,1709.0018522466353,100844.14419158938,17.20300702088857,0.11866252859447733,71.19098454492766,1659205.0,,571,162
1385.0781547268289,439.69123326879367,104663.08235262323,17.564747850005197,0.20875208239567453,87.40279290664387,1516220.0,,571,275
919.526837653114,198.64274356762292,216105.87247599286,26.357190617730875,0.1765708490116299,72.60070701116385,1710035.0,,571,110
869.4913320218943,1581.536751989445,118602.06566815013,17.28470221915183,0.08905494880022093,80.70661119202195,1586411.0,,571,200
245.48942714902645,1788.2439837282925,168767.74449039812,24.93138378010485,0.07551196170397474,61.67535789783337,1796634.0,,571,59
1452.0834954032548,1709.4428375881407,107855.0862745098,17.597094114368367,0.08859365332293931,72.94509803921568,1654407.0,,572,162
1383.0557574562552,440.4623915090651,102663.76862745098,16.77768033747722,0.18806186870947442,86.90588235294118,1511684.0,,572,275
1888.5204256935378,987.1034276328531,138757.28235294117,20.390942877528136,0.21833368128896286,73.64313725490196,1661776.0,,572,2
920.145290514448,198.79001826217637,220165.7568627451,25.541108391229727,0.2015509531281449,73.99215686274509,1703719.0,,572,110
869.2291706009281,1581.4977601798048,112739.26666666666,17.68109119631431,0.1011641560367775,78.87843137254902,1591975.0,,572,200
243.73523784705256,1788.3585067917522,160718.29411764705,24.834415423137962,0.08305970112931937,59.68235294117647,1805116.0,,572,59
1888.3007500845051,988.3579534174987,130099.80902662243,19.303845586815328,0.20552610333836266,74.69017199281357,1652306.0,,573,2
1452.465257727475,1709.850475575525,104322.27616272883,17.395735316095845,0.07617215989535796,72.94507451634597,1650690.0,,573,162
1383.9064264438593,439.6621953157935,101005.5438989545,16.85071715392903,0.21561781837346652,88.99997129984794,1495694.0,,573,275
918.8632845349005,198.88236003561994,211254.17109176732,26.13120488777565,0.2175952429270605,72.24703552575892,1715682.0,,573,110
870.2127724169133,1581.8820652788609,117261.47591174554,17.21012626710682,0.05893533744176088,77.83134745045527,1615275.0,,573,200
245.01773153151146,1790.7207963369392,156641.69458520884,24.300111752842472,0.1041836178266617,59.68233369519215,1807260.0,,573,59
1889.7566782268877,989.6981262845308,136231.99553972355,20.383512304630223,0.20712904342544905,72.99368258392116,1667783.0,,574,2
1452.6616545565387,1710.1052246552322,110204.11883248574,17.351086839799628,0.08488211465402538,75.89890378129115,1625377.0,,574,162
1383.856771300145,440.2068306574626,107372.25447034933,17.323617185583903,0.1333529699184132,90.78816241781239,1487175.0,,574,275
920.6779789628808,198.64807441407703,214883.2332528731,27.300397901084352,0.2820664890277629,73.3568352335924,1708028.0,,574,110
871.2057614960853,1582.3849582709913,116745.95066366362,17.440363748760717,0.08601471713975793,77.7146670296474,1615265.0,,574,200
244.9334528123523,1789.6854091171683,165954.9504573663,25.119921922468098,0.12378596054613232,62.09910309378367,1774628.0,,574,59
1384.7600125909605,440.3216953357898,99688.72152286759,17.069185198510453,0.19050174666600272,90.81572942257642,1480802.0,,575,275
1451.9111025451364,1708.3304336351102,106306.45634249809,17.285931612577652,0.08354101759399729,73.83392635981824,1639828.0,,575,162
1888.4977505221289,988.0614342915675,138757.94365616541,20.309338221653192,0.17979362078150415,74.20309599161733,1646761.0,,575,2
246.38966254351084,1789.3691131548048,159403.38614489778,24.251847299463176,0.10151922950769535,61.651328510448224,1786653.0,,575,59
918.7695804558097,198.93090324777103,224461.412017588,24.986684786829503,0.19933737346925173,76.78728341421096,1682453.0,,575,110
871.0582277377806,1583.0648202618956,118604.23511698942,16.896285490283347,0.06555275670806912,81.95565825939825,1572260.0,,575,200
1452.830675451019,1709.4501330651506,104324.50069076565,17.39738494726644,0.09187521311279112,72.79997174816887,1651662.0,,576,162
1384.6242375378042,441.0043374871151,104899.40635001221,17.02543666617901,0.1934782870666977,90.9999646852111,1484217.0,,576,275
1890.0134029741787,989.4848284319518,135897.20608525458,20.82990602331263,0.21231516051964372,72.4431091415602,1664714.0,,576,2
920.3151229995754,198.0893914689608,220182.08710191032,27.047980854954773,0.18308899731729328,73.15683435477754,1694743.0,,576,110
871.7048964535534,1582.418811320466,116574.5233878215,16.436756465213886,0.07995750735778226,85.29016297947236,1549444.0,,576,200
246.18981786579238,1787.687729624199,173283.917066612,26.044269643265725,0.0819317839382642,58.882330090430706,1807868.0,,576,59
1890.4311785388857,989.6485618973586,134069.8979846412,20.255361497475363,0.1864520621338949,70.74509801041819,1683800.0,,577,2
1452.454746053405,1710.2619274300819,100405.23917481533,17.61510817470497,0.08344801551601914,69.70980389319256,1675196.0,,577,162
1386.1781401683138,440.2380835981423,98825.72544996809,16.923536982301894,0.1673396472783386,87.99999996417873,1511819.0,,577,275
243.66903568471818,1789.6177870872702,145477.1136662723,24.291260896824888,0.15749656685792582,55.905882330184134,1838071.0,,577,59
919.9160656424832,198.96147769265656,210773.11363969292,26.877357026926852,0.20376064852040218,70.39999997134298,1724777.0,,577,110
871.0477972326331,1582.2704228239927,114452.1097573327,16.753040081861727,0.04128700657762486,78.68235290914804,1595784.0,,577,200
1889.30282935001,988.0336222977036,140416.57104693152,20.70704126229205,0.22273889620421833,72.87695295416866,1672640.0,,578,2
1452.3849047979043,1709.124323564057,102603.1734425782,17.61307382475946,0.07163456200054881,71.79462196970081,1664521.0,,578,162
1384.3076534142317,440.30265713981584,108458.22329155444,17.380331854936685,0.22465569705840005,87.66880974189596,1500928.0,,578,275
246.43147678843894,1789.5791972851155,164569.14774232646,24.776242951425324,0.07979656934495635,62.41442010431276,1783455.0,,578,59
872.2900453965888,1582.6316593469544,117142.12555693484,16.530411496418232,0.04990570916143448,81.89637782473409,1578701.0,,578,200
917.6899369764766,198.69131854309953,215698.46344858775,25.559225964410672,0.22585795533298864,71.79462196970081,1727996.0,,578,110
1889.1564703106485,989.7249460040397,133092.82724094056,20.99919669710815,0.23043776590358084,68.672678487302,1696489.0,,579,2
1452.4239867782478,1709.6056470157923,101894.72587750829,18.066484765597874,0.0772398025631585,67.98250081406279,1695584.0,,579,162
1385.5410039843807,439.85230278641467,104105.71005373012,17.94819036488878,0.20340980258353547,87.99765333800005,1509027.0,,579,275
244.90135938357395,1788.8964576714332,149674.00075167613,24.348336110372294,0.12041914780050363,56.93965804223533,1823064.0,,579,59
870.8331906454216,1582.2531766024674,112056.55684944589,16.877826674835465,0.08754743395456518,77.99007707603141,1601365.0,,579,200
919.6592171683889,198.76545860132856,209460.6416960232,25.075369767864835,0.20902959014154043,70.74321150701965,1745868.0,,579,110
1888.7508560921942,989.2365534367443,128320.19735705324,20.62206638828111,0.19670682816168156,68.75686132894745,1694029.0,,580,2
1451.8678390108223,1710.2681044349304,107036.98210913845,17.813535037353848,0.07511243780364482,71.89803773483845,1666385.0,,580,162
1387.6829524524642,440.5728903958759,103654.2841395945,18.676725974736303,0.18438572613222468,88.65097856625712,1490825.0,,580,275
922.0654480948407,198.63366445391335,212884.15639964552,28.298108635475906,0.3092707477774322,71.89803773483845,1716423.0,,580,110
871.2911922570347,1582.4832302758102,116331.37407456926,18.053170689354033,0.08293156112902163,78.529410147275,1602357.0,,580,200
243.96053000721113,1788.501466123304,167948.5808545728,24.99019776618857,0.11108771932235398,58.984312510619894,1821174.0,,580,59
1384.608962209618,439.5538128452966,105222.08593932644,16.802752042035817,0.13421469920527565,93.63133735487966,1462615.0,,581,275
1890.240768059885,989.9041879958714,141430.50370185816,21.46877034747199,0.22402257210781557,73.72546248415722,1661744.0,,581,2
1453.0173899868691,1709.0182855796102,109485.99806209767,18.224302857427435,0.08600412187306668,76.67448098352351,1626179.0,,581,162
244.89324858638938,1788.2871244116732,158678.57565002673,24.625085723384124,0.13360455685772127,61.19213386185049,1790244.0,,581,59
871.5024093603726,1583.7266702849552,122933.89104652038,16.815100813790153,0.04511217478054964,83.67839991951844,1554907.0,,581,200
919.7818548407321,199.02319010671363,220491.84653330626,27.476219642122402,0.3020138443380257,75.56859904626114,1692622.0,,581,110
1889.5576908195114,988.9773596099776,130745.51975721546,21.083636868347874,0.21029186821775145,67.78922658756238,1713815.0,,582,2
1451.729386870909,1709.3826523768644,100573.58050857612,16.63682137259473,0.08167993879758213,72.84812409409689,1646924.0,,582,162
1384.0827610398471,441.0374656463001,104799.4462257013,17.652128077160526,0.18276468440871482,86.0012576110866,1521637.0,,582,275
923.4876387806905,198.3192853759549,194382.7405312481,29.122301975010032,0.3213388061335401,68.80100608886929,1720131.0,,582,110
871.6033927509179,1583.6731143976533,115092.27909249639,16.889436473902997,0.06959918752783525,78.9188011019383,1605496.0,,582,200
245.93848511884337,1789.2148788689863,162169.03024897142,24.6542772428071,0.12268512310974988,58.683211075800266,1812632.0,,582,59
1385.490755479765,440.0338528073969,110043.01592596495,18.10094719636288,0.19325733567860107,86.69214716669795,1519604.0,,583,275
1452.716496831164,1709.948403495917,94457.33759974464,16.69329827030597,0.055387905109829536,70.99480364680203,1663829.0,,583,162
1889.7200047720564,988.7915830260025,137557.9618116916,20.486924323334478,0.21225042366196412,72.77859268315383,1661908.0,,583,2
919.8523476227671,199.72968346104824,209644.08759093366,25.661706890759948,0.20395270901022294,72.77859268315383,1713591.0,,583,110
869.8998314905152,1582.4848463572034,116866.00899001061,18.280544539964556,0.09429652352432037,77.7732019849389,1611320.0,,583,200
245.19495225878205,1788.4073959393108,169369.6987281825,25.242902604197145,0.056563073441629946,58.865038199609714,1809432.0,,583,59
1385.7982947632859,439.88250767783984,109722.44705882353,17.874438944153702,0.19556077957373477,89.47450980392156,1500160.0,,584,275
1452.010106906864,1709.8026861021076,100736.39215686274,17.606184741936595,0.08776470014872195,71.79607843137255,1663632.0,,584,162
1890.9477900552486,988.2726045777426,137134.11764705883,20.218690054478653,0.1906864592819731,71.79607843137255,1667194.0,,584,2
920.4440873876775,199.05811039896375,203884.26666666666,25.934107282903746,0.19085101705397345,71.07450980392157,1720190.0,,584,110
871.2950879396985,1582.493209798995,114873.72549019607,16.869439899195314,0.0815323872468874,78.65098039215685,1601725.0,,584,200
246.56863426028332,1787.239539739699,163107.7019607843,25.905394967510347,0.06631817602597971,58.08627450980392,1818585.0,,584,59
1889.426105284156,988.243288502525,135960.42256297113,20.777812692598875,0.23917305369804379,72.79999948251941,1666152.0,,585,2
1452.1819321809062,1710.8266384778012,103303.19926569505,16.88319355368807,0.08720618695143338,74.94117593788764,1629635.0,,585,162
1385.469869144829,440.2865899074106,104450.1561202873,16.857249453402464,0.1569919295919239,90.6431366105879,1482780.0,,585,275
247.3174258579871,1788.2813601286755,157970.28907318614,24.480385763591634,0.10995711225713437,60.66666623543285,1786533.0,,585,59
871.05599128031,1583.8922516320197,122123.42658289657,17.228151586990595,0.04656429108708308,81.72156804655366,1585774.0,,585,200
920.6488205915507,198.82744529502548,221290.22979956277,25.547054891515025,0.2234011637338825,75.65490142301037,1695946.0,,585,110
1888.7999678355632,989.3265762488609,142811.00594812163,21.46593842298722,0.23266509768969554,76.19270133573653,1633193.0,,586,2
1454.6470640900263,1710.0501714852412,105869.2116684365,18.02526811151131,0.04342012274812353,73.64079267855875,1643869.0,,586,162
1386.5816534798612,440.8946333429173,102703.75125839727,17.250943444122235,0.16632380617826117,90.77503651960954,1487313.0,,586,275
920.9276198815555,198.75908553132896,218160.4837518507,25.29208174815023,0.17794752768979338,74.73446781734923,1701209.0,,586,110
870.714650955277,1582.4923489244827,115212.84293750314,16.674366538270366,0.08161795664007318,80.93196027049525,1578030.0,,586,200
244.1864776468931,1789.4011387847095,165634.91241954008,24.625602942587026,0.11066751840801087,60.51669101307303,1800664.0,,586,59
1889.3681844644689,988.2961663498148,143098.96465135057,20.36566986182378,0.2116987353534638,75.93725487302282,1635366.0,,587,2
1452.0771613405052,1710.176754716457,106157.70192033002,17.71418462685919,0.0598170775044429,74.83137252050307,1632502.0,,587,162
1385.6212291583945,440.42436294840525,110478.01564417384,17.02499204658666,0.18408886443474465,93.99999996417873,1456044.0,,587,275
247.0094408228212,1789.4440725135078,169811.55287646514,25.31786269402673,0.06688886440140832,61.192156839426154,1797884.0,,587,59
871.2701385716462,1583.642756143115,118618.04701362088,16.834477499218895,0.07825056548435566,80.72941173394173,1572955.0,,587,200
919.3711393615083,198.89008304101583,220578.92540613844,27.56350839058068,0.13817917490162693,72.98823526630349,1705816.0,,587,110
1889.3080873844535,989.4950291165171,138678.53891107385,20.725783656874214,0.19127795909481055,74.0921506039528,1654495.0,,588,2
1452.3718893027053,1709.6262142059843,103068.88329266555,16.662228514867532,0.08671001536024148,73.71982823910882,1635988.0,,588,162
1382.123733967006,438.9062057016853,108738.23594214488,18.06538776558373,0.23535384114254324,87.86807810318021,1510176.0,,588,275
245.2961142482123,1788.3081165087483,163387.71265394485,25.16793144810914,0.039744522690234166,58.454611280505475,1822766.0,,588,59
871.1321622778509,1582.925795456347,117424.88903631987,17.204470569259822,0.029678074262264487,80.79395317114451,1584755.0,,588,200
920.1814511340696,199.22636128794645,216337.537770232,25.49666105147186,0.24020795600495404,73.71982823910882,1720945.0,,588,110
1889.8405429776035,988.5102640963777,131781.59117420303,20.254028404354187,0.20768640356595489,70.655204489861,1691034.0,,589,2
1451.8905095120303,1709.4011766541128,96076.09063859191,17.21337937070746,0.10323960356837664,71.72573789122254,1662071.0,,589,162
1385.022716625333,440.2380593567663,108922.84829939739,19.166847747483025,0.20548906263014355,87.78373891164549,1513385.0,,589,275
920.5009884179868,199.17678051336492,209756.0325291728,25.79071429234775,0.2473959303367061,69.94151555561999,1743056.0,,589,110
871.2011869678852,1583.8050435127204,113459.76885436756,16.882029832068337,0.08084502376117116,76.72156043090968,1615627.0,,589,200
245.49178682261243,1789.2587976459422,163168.20312425462,26.198327566640707,0.07898876834074968,58.52249260776366,1817459.0,,589,59
1384.2496466098921,440.8380776970803,105288.00634882036,16.514450592933816,0.2066267365257057,90.91152216959748,1479920.0,,590,275
1452.1025359685095,1710.281408155148,106910.48375657294,17.096513755674337,0.07536021539696576,73.68232240358506,1641267.0,,590,162
1889.7980534470316,987.6958043926683,143237.7015951325,20.699544366122076,0.20349325532035695,74.78205855886245,1642837.0,,590,2
244.30112922886914,1790.6249119045378,159684.25579730584,24.648258722325302,0.12361834809419546,59.75233110340479,1793470.0,,590,59
920.1119190752603,200.40300480327917,219644.43703405806,25.69779192840169,0.21423715332501742,77.71468830626881,1679679.0,,590,110
870.6298696355215,1583.231285038689,120379.68560769196,17.07514320552968,0.0793959820866012,85.04626267478474,1541502.0,,590,200
1890.010140813506,989.2238849373836,130820.22745098038,20.3389073101975,0.22853751939609288,70.85098039215686,1677801.0,,591,2
1452.854756072058,1709.7076412332328,93461.86666666667,16.870616337449363,0.0877706824990968,70.50196078431372,1676681.0,,591,162
1385.3149160818693,440.69018825360337,97779.23921568628,16.832261534839866,0.1901465215828894,88.65098039215685,1491997.0,,591,275
919.9272888487428,200.2909027208151,210195.66274509803,25.454177312365633,0.2545117577049556,72.94509803921568,1724835.0,,591,110
871.2578763441666,1582.4194278664322,116552.65490196078,17.90211112882871,0.0650903746295094,77.48235294117647,1616165.0,,591,200
244.69454492673424,1788.9985825382319,153892.86666666667,23.946861529392095,0.08102040558597383,60.72941176470588,1798020.0,,591,59
1385.5562585401958,440.8309966408563,103592.96867678373,17.473699614146405,0.19657123144780023,88.83905093908307,1487383.0,,592,275
1450.8336078248049,1709.9844942284872,102511.41774128468,17.613917760931237,0.10547182232585071,71.88221963950704,1666629.0,,592,162
1890.532406052526,988.2631179613913,136036.547727616,20.583947612019852,0.20183740436631564,72.9880999416533,1663267.0,,592,2
921.3487516526822,199.69589182576976,201300.44238554506,28.933032667816665,0.33418605117763434,73.35672670903539,1678988.0,,592,110
244.30754356695468,1790.2284971401136,168144.3077933632,24.501295349487684,0.12678329123840376,61.92929692019068,1786551.0,,592,59
871.7017423579017,1582.757787009134,118287.53750493588,18.12262063185914,0.07871929120739488,79.99200852191296,1603575.0,,592,200
1452.9181926778158,1709.8688553581678,109299.43529411766,18.793050227051634,0.1017048461672067,70.38823529411765,1681279.0,,593,162
1385.1231990007184,441.8223675897747,101023.16470588236,16.722915777914036,0.1868536033192847,89.71764705882353,1481704.0,,593,275
1889.5805612793058,988.7688888081509,140533.57647058825,22.169209882790593,0.2939993547973643,75.49411764705883,1643655.0,,593,2
919.9183077146416,198.90030992258687,216053.95294117648,26.115418774239583,0.2646094798665873,72.5764705882353,1717322.0,,593,110
871.6344258342253,1583.0427433867724,124027.71764705883,17.92577356315927,0.08767017459328846,79.87058823529412,1605919.0,,593,200
245.23657815004648,1788.5490222744409,163585.5411764706,24.18963215858714,0.11134945171732379,62.72941176470589,1774127.0,,593,59
1384.6896501070244,441.58350004896545,102363.96696276663,18.136690290361962,0.15815081309900178,84.85100578553035,1538554.0,,594,275
1453.2865605386326,1709.6022796865896,96459.12460656093,17.31836470781707,0.08471179569009094,67.66599195554952,1692338.0,,594,162
1890.739584155774,988.6518686309049,131501.5159326206,20.699071184790384,0.19230529600617052,68.74005531992331,1693536.0,,594,2
919.4284081190392,199.19854812714877,210146.22557767766,26.52590502668976,0.2196010726610152,68.38203419846538,1745561.0,,594,110
246.64576184958662,1789.2641277283353,159747.95033116575,24.415681999764654,0.03140682911390254,56.92535831181149,1832324.0,,594,59
871.5249544603789,1583.921023968551,114388.4643480528,17.766959159597153,0.05989432911797614,76.9745411134558,1607582.0,,594,200
1891.4120492896614,987.2449741695073,125949.33333333333,20.435734803277434,0.24990024587428497,66.66666666666667,1716903.0,,595,2
1453.652072641266,1709.6168039280383,102035.66666666667,18.00112665863753,0.07424098127875772,68.66666666666667,1690330.0,,595,162
1385.684572305929,441.3942023653274,94222.33333333333,16.55274264051152,0.1747226336507612,84.0,1538913.0,,595,275
921.0982378524164,199.26973191840494,191073.66666666666,26.746890750701652,0.262119114943199,66.33333333333333,1762768.0,,595,110
870.9761664719986,1582.8859439355751,108446.66666666667,17.43219826180885,0.06595707762087125,72.33333333333333,1655589.0,,595,200
245.82342256023315,1789.463691549505,150291.0,25.02325582382838,0.09878907750237802,56.666666666666664,1838000.0,,595,59
1383.5434441785626,440.4179903457381,99882.96470287348,16.773310140824535,0.20182892034875682,86.88282198004164,1512897.0,,596,275
1451.1164608384252,1710.6040265115182,103470.57277095843,17.723278353803963,0.12808142320591806,70.74253489284023,1666707.0,,596,162
1890.4283315944465,988.4168874677555,137254.5975170159,20.597927663059945,0.2037315673071053,72.80299707418509,1661883.0,,596,2
921.8152136486697,199.0920606682555,203459.65127617118,27.47437040932747,0.2836298019649294,71.08594525639771,1714598.0,,596,110
245.2959209767026,1790.0874438497833,151751.32260423122,23.96179966195436,0.12111043578886466,58.72317216832854,1808593.0,,596,59
870.8744133698583,1583.6808185974269,113200.76201199599,17.09993177223508,0.06485180868870809,76.9239214368748,1616155.0,,596,200
1892.513219951791,986.2703192576128,133095.07177384966,21.347725845400355,0.21683350977687904,68.87445765446867,1701827.0,,597,2
1453.7649579627634,1709.9434520245727,98347.37259345787,17.378732145934833,0.07350647716471674,67.80387022978782,1697057.0,,597,162
1385.1009153909063,441.32819203122085,99488.97565064255,16.69730255096011,0.15137125236349494,86.71758139914968,1520455.0,,597,275
920.6514012632979,198.21244015957447,214688.46489600182,27.08082609439356,0.2739103443913046,70.65877002893677,1736377.0,,597,110
872.4894333335421,1583.0345749844976,113948.32940838225,16.943984869687657,0.0712745410716299,78.86660695149004,1600127.0,,597,200
246.88084187803562,1788.825483450261,158703.8798346907,24.488314053531447,0.056515178964179555,57.811720932766455,1828795.0,,597,59
1386.0207671041069,440.2965545324008,100450.10586575979,18.899565504822203,0.2251984096228192,85.75297826818137,1526481.0,,598,275
1452.9274095755802,1709.61187190745,102968.15775482295,17.304547744428582,0.07939034356411236,71.04221630585737,1665707.0,,598,162
1891.3515320961862,989.0402482487403,140138.30644382094,21.397598130815794,0.17187105884304107,72.83621166711639,1664403.0,,598,2
247.3379141721326,1788.456082472439,165529.08159079216,25.791043660028798,0.11124517597231585,59.56064599379961,1801121.0,,598,59
871.527144987452,1583.789738491568,118379.29550618248,17.320587171298115,0.04458006415643017,79.65339403990068,1601543.0,,598,200
919.4901815060257,199.65860734040564,214837.40289406868,27.300540949112243,0.1913330362809694,71.04221630585737,1718288.0,,598,110
1890.3700857874896,988.5990670510316,137964.73524448325,20.317772499377554,0.24199228201812623,72.98219750200424,1666829.0,,599,2
1453.2741298743151,1710.1463869276067,100650.55948831963,17.177972382762782,0.09772526326048994,70.77061575951926,1661475.0,,599,162
1384.6986066861643,439.4647115381394,110025.08589775636,18.745751876962174,0.16180090383273416,85.88309099983327,1524280.0,,599,275
922.302705899041,198.91956816360153,215676.76889974868,26.33671525470766,0.2845002926177722,72.24500358784259,1717421.0,,599,110
872.9648610982068,1584.0469261977764,119016.27147182904,17.75749265310374,0.05400407927249404,78.87974881529752,1599755.0,,599,200
244.37669099877922,1789.6432261527555,162746.24586294158,24.780040535074036,0.12146717207204887,58.23831921877106,1815177.0,,599,59
1382.6057514474867,440.22141449826756,95277.66939711213,16.759592496121847,0.18030535034379067,87.74656842967653,1499292.0,,600,275
1453.8950957179618,1710.752678629556,104953.16703481886,18.17742070418164,0.04221320715124333,69.7657142432674,1688938.0,,600,162
1890.6534944305972,988.8877473138721,127687.43983394711,20.649542215463136,0.20045054088721967,69.7657142432674,1691266.0,,600,2
246.56287998225744,1788.2305494886964,149177.0779062921,25.034778688164263,0.1259716263730898,58.61758464769375,1813036.0,,600,59
871.1632289223301,1582.7620661681938,114371.8980747437,17.241770292046294,0.06372822407785207,76.95805591783105,1616413.0,,600,200
922.0896097530452,199.38832457311307,206897.77754716776,25.554987607307808,0.21853063045577104,69.7657142432674,1734914.0,,600,110
1891.9574425140522,989.4292616249361,137427.47089259975,21.65586643021071,0.265246315969562,71.62801242230545,1678624.0,,601,2
1452.2782167304586,1710.4443084979257,98431.98712968963,17.025373011691208,0.07143655711539591,70.92577700640048,1667287.0,,601,162
1385.50022314891,441.108907128213,100701.9631116024,17.74341645096788,0.19897137079443047,87.77942698811941,1504692.0,,601,275
246.36842226004927,1789.119290574487,153052.9111319009,24.548571165371634,0.08113253720318289,55.82771556444395,1837145.0,,601,59
873.9977211682011,1583.324676718356,111244.27229287554,17.010997552469757,0.07847152366003327,77.94813116545004,1614970.0,,601,200
920.1739081463127,199.14735780269362,211977.13376277775,26.76960814198938,0.283333043684551,69.87242388254306,1736468.0,,601,110
1890.501130906528,989.7103185659887,129204.0,20.43315818248605,0.1989031507413561,68.8235294117647,1701993.0,,602,2
1451.9591481287437,1710.3957817079906,99700.23529411764,17.712386512216323,0.09450707099044528,69.17647058823529,1684137.0,,602,162
1385.767109867533,440.39378156176326,100153.76470588235,17.462631122558307,0.20152849340936502,85.76470588235294,1522175.0,,602,275
246.71333672022286,1789.7854196813596,146586.0,24.869351608855734,0.12169346494082205,56.8235294117647,1820930.0,,602,59
871.7736851232186,1583.4058150662497,109905.17647058822,17.122625696821178,0.08961650772235048,75.88235294117646,1620776.0,,602,200
921.9697454905743,199.39062994842578,199484.11764705883,27.39545638442721,0.2911139451504926,68.47058823529412,1748012.0,,602,110
1891.4255895726906,990.4975962887924,136778.69016855265,21.00027612970411,0.19541918585447599,69.80392155457989,1697508.0,,603,2
1454.636396673721,1709.6492478818843,97960.72939205077,18.1512005566112,0.08563880527613116,67.70980390794249,1694117.0,,603,162
1386.1156536245173,440.7473682785784,103145.4156655172,18.021710569366373,0.1594497641112163,85.85882351213326,1529054.0,,603,275
247.1705237232752,1789.4370653129283,150497.603891282,24.54523792612209,0.07030550584679578,54.79607842034521,1844754.0,,603,59
872.5737750040205,1583.623616042159,112854.79213415149,17.65857712463766,0.0808517518449067,75.73725488671917,1631751.0,,603,200
919.2162951041594,199.65951839730172,212961.64309439782,27.06478302983789,0.21021880742964474,68.40784312348829,1742310.0,,603,110
1888.5961119768665,989.5445004528807,129653.576183788,20.291314578607366,0.21374160901940725,68.92936157528209,1693428.0,,604,2
1453.169910226515,1710.450790352942,99003.35144226269,17.830957289447714,0.055113927725258006,69.65877280888294,1681389.0,,604,162
1384.8774528877766,440.54065091440015,102164.61972868886,17.661662220925585,0.2068421295238235,85.70581994810206,1520083.0,,604,275
247.63854369739357,1789.2120402280266,157892.73209264563,24.678426623387377,0.07068003613163665,56.89407622086775,1829668.0,,604,59
872.3466585281673,1583.4854465735214,114122.2227867247,16.6872220560707,0.048599339250763665,78.7764132288938,1598568.0,,604,200
921.6022227083322,199.78476827669857,205069.2271538658,27.620001355962778,0.29249641342975435,70.38818404248381,1723869.0,,604,110
1889.4812569050127,990.9888663360825,130490.41325595873,20.886220632795816,0.22029249269871776,69.66164304007343,1688121.0,,605,2
1454.1045867577864,1710.1037600666864,108148.39699217048,17.72402788291686,0.0584584256773412,73.75938674831305,1650929.0,,605,162
1386.2299604137597,441.31548792695503,98244.52297151063,16.152117593315314,0.18084188637263698,88.28775080479895,1501726.0,,605,275
246.8782101029639,1788.9026902709143,157925.17990477826,24.849447489094928,0.08440499597595714,58.85850053653264,1811925.0,,605,59
871.697801236088,1583.5831703725164,123441.9215556313,18.068020367783035,0.06938472909460652,79.3472190777307,1596436.0,,605,200
922.4174895924959,198.07396183143584,209213.65772357114,27.634849136059447,0.2871082937894387,70.40668735066245,1740075.0,,605,110
1889.6941437417036,990.9134314308503,133566.72424431553,21.920856290532505,0.22011983983713598,73.02903892259168,1654793.0,,606,2
1452.8064058424623,1708.9759554860025,108244.84609376926,17.191857729133044,0.0954364360838863,75.66410733732437,1626432.0,,606,162
1384.7863247560522,440.73882090424496,106281.72012479341,16.512209025819526,0.20041148414340465,91.85095617068232,1472274.0,,606,275
245.27606154312065,1789.6100628633214,159106.56019659468,25.484584938414294,0.15261452064294107,59.47725850396642,1808953.0,,606,59
872.1805295147155,1584.1939496228777,114641.66288970535,16.351647935231842,0.037422013455975046,83.56931258152244,1565220.0,,606,200
919.4834967454046,199.75461238247294,220686.22685717282,25.54787057791504,0.22667309917096215,74.91123064740074,1698459.0,,606,110
1889.3980028721774,991.8338263190046,139046.2444464356,20.149043896122567,0.18414148982229725,73.76340010179685,1663776.0,,607,2
1453.111127811831,1710.9144096254802,101620.63245539262,17.263030937438625,0.053928525613447416,71.9006879780141,1655080.0,,607,162
1386.5408003615883,441.0958625964815,107150.65220847884,17.294427886932393,0.22612660210259802,90.90035164059815,1477000.0,,607,275
921.44114119394,199.7014314536836,214007.36844382476,27.71948525322385,0.30076019621747474,73.3908576770403,1704169.0,,607,110
246.55837429385463,1790.0893815837758,159392.64897451457,24.478912885848885,0.11826492483728201,60.35187281056106,1794101.0,,607,59
872.079168712875,1584.1589536342224,119100.6955673947,17.12202543671654,0.039619651090915406,80.8417061721713,1579407.0,,607,200
1888.2391698794743,991.297120634752,130449.09411764707,19.2994695442869,0.20790586911334494,73.67058823529412,1653099.0,,608,2
1454.0783204827928,1710.0734378472637,106663.70588235295,17.79609949970639,0.07475287003214441,73.67058823529412,1641331.0,,608,162
1386.0243458735324,441.9895415881715,95828.29411764706,16.35720824280091,0.18610871240060772,90.81176470588235,1482594.0,,608,275
923.0392263938658,199.1928138397555,210373.65882352943,27.676823140978193,0.2896288418441902,72.21176470588236,1718808.0,,608,110
246.23242289424107,1788.6350644353834,164933.1294117647,25.278538587709388,0.10201586148354239,57.98823529411765,1830177.0,,608,59
870.7683921543735,1584.4415767424146,114911.52941176471,17.180714256509944,0.04086433407946149,79.50588235294119,1592827.0,,608,200
1889.9692744663735,990.8408459783794,138070.21474434435,20.452964914375254,0.22117582320242346,71.89017429413943,1672600.0,,609,2
1451.973013147532,1711.2160757490828,107218.29920467424,17.80021031366706,0.09065341229349884,74.55277334207052,1638108.0,,609,162
1386.0236215158263,441.4173406790919,107083.26739581488,18.070691692132762,0.21446389816052536,91.66948150734181,1482858.0,,609,275
246.29998654421138,1789.5172154271756,166782.54176335555,25.442722981648803,0.08508041702156312,60.098664224730314,1799904.0,,609,59
871.9552301923986,1584.5229626324447,114230.82435433962,17.274469225986806,0.06389489028930868,78.73685756024794,1590616.0,,609,200
921.4737057582184,199.89598975254648,216475.76890877116,26.01414968799158,0.23536875493437812,71.89017429413943,1716941.0,,609,110
1453.0897753753497,1710.6704405594157,105028.92329455668,18.256855965272724,0.07028505234786671,70.77998072606918,1662667.0,,610,162
1385.658108088544,441.62772356781954,102926.01281456373,17.646400003755023,0.21320145323532522,86.7986079430217,1510504.0,,610,275
1888.5665738807702,989.4154205633914,131688.76182435214,20.069611206461744,0.1918957053212315,70.77998072606918,1682491.0,,610,2
921.3502395168009,200.25132254929187,214634.7036585896,25.946242194819142,0.236006063751937,71.89755936911239,1716633.0,,610,110
245.47163282627145,1789.9948616763268,154061.56867943393,25.256033595368578,0.14155474302187573,57.369037009550816,1814380.0,,610,59
872.0372342468033,1583.8901788114224,116417.42219338121,16.58691638550226,0.056360562202714855,79.72060987041476,1594382.0,,610,200
1889.5299659615853,989.8130732931061,134841.87120420526,20.426171314533025,0.2160494167236752,72.6470528170657,1667656.0,,611,2
1453.3419722895244,1710.7066058247012,98869.65849211598,17.11007206219381,0.05157712387446516,71.52940585064931,1661804.0,,611,162
1386.2383003443492,441.03550886097236,97478.56056791637,16.411842092838018,0.18605566657952405,89.7843063021171,1487423.0,,611,275
872.4766384275209,1583.900164549802,115919.36296479809,17.113714002141293,0.05853322455904841,80.84313057078593,1580456.0,,611,200
247.34678978272967,1788.4983542880507,164009.10408677394,25.313661526971906,0.07345554945371292,60.725485175290814,1803212.0,,611,59
921.5238201705508,199.08037582664045,213283.55099315118,27.653244521812816,0.2892124379147374,74.13724877228756,1700258.0,,611,110
1384.4556958918326,440.27220289773766,103143.96790717234,17.948848147945363,0.20601021835606256,86.43915006877634,1518406.0,,612,275
1453.1716433131805,1710.8344602785485,93978.88630929425,17.55648874517406,0.06073063680205346,67.99397578631779,1693316.0,,612,162
1890.1483410176784,991.2778618778636,125430.44015147387,19.93771843653607,0.21054602141018525,67.99397578631779,1707351.0,,612,2
920.9866994976286,199.2036252154757,200787.29550724835,25.473788237572528,0.23527649883256,67.63230570234802,1755575.0,,612,110
249.17486426654463,1790.6437884165873,146217.78989772068,24.945976431262046,0.0884565065782604,56.0588630153152,1828543.0,,612,59
872.6433735629715,1583.6399912668758,101049.17478081939,16.864737121785982,0.08220345525557546,74.14236721380398,1633021.0,,612,200
1889.9075195125522,990.242448388877,125346.02837790406,21.66391646909167,0.23346609526064524,64.93954549982078,1733400.0,,613,2
1453.5786580763522,1709.9555942376517,97727.31026329279,17.42534728223124,0.08969453723607183,66.7042070623159,1709860.0,,613,162
1385.8254950102682,441.7445038977325,100191.48366916098,16.58196314509948,0.16048371469797976,83.99789037476818,1536401.0,,613,275
920.5656320510004,199.69305332938825,194429.3521587759,25.01997695209044,0.20333254149398175,65.99834243731786,1767810.0,,613,110
872.1310651459502,1583.8641087343435,105891.69344833275,16.857080462968767,0.0458711320330267,71.9981917498013,1651145.0,,613,200
249.33248493905572,1789.8872297202633,151146.79215083286,26.01230049876647,0.09724417771823475,54.70450843734903,1834379.0,,613,59
1386.8285463676389,440.4641476334617,110076.42873289708,19.206888913307207,0.2269476528905123,85.94988071810552,1521358.0,,614,275
1453.4618677028038,1709.6687257866838,99786.29697837746,17.800371967052126,0.10737129257635353,69.6686257803146,1670878.0,,614,162
1888.7236523961221,991.0933553732267,132167.441246629,20.48513619980501,0.21852360833207682,71.5617949591275,1676462.0,,614,2
248.85611660251925,1790.0419939643107,173141.6804175123,26.16122823313539,0.07513834719045534,59.82414605048754,1809385.0,,614,59
871.8355433913728,1584.2570882499037,115100.52109963074,17.290690342647444,0.042032248966071654,77.99857016709136,1615845.0,,614,200
922.1572375150246,199.33490311705665,211372.7174482957,27.387748834597264,0.29251320855312046,71.5617949591275,1717773.0,,614,110
1889.5919751641418,990.4829364946661,139311.74867842137,20.52623801818572,0.23560913304526523,72.98768448969227,1665329.0,,615,2
1451.1559536663656,1711.0806211116253,105710.23754766144,16.512196844929612,0.07501829338415844,75.7053110398404,1620556.0,,615,162
1388.4679025250953,442.13981806859124,104734.22138379396,16.6461381810969,0.18177199218616175,91.62283797642222,1476604.0,,615,275
921.4772029255964,199.64059894268786,219064.38211616094,25.91770743527815,0.25778929447764676,73.76414921830603,1717925.0,,615,110
871.7577859588362,1583.5398716440402,117477.56050980279,16.887680227702848,0.0354893072334048,81.91702886875038,1567038.0,,615,200
249.68711533209802,1790.743004037673,172016.83127999672,27.130476901426253,0.051393637087555004,59.01131937464482,1817201.0,,615,59
1386.121885855382,441.6640604968582,106067.8868088934,17.330250728466424,0.20772098756011725,89.78416811882768,1493845.0,,616,275
1452.9276322488001,1709.7276940415627,106110.35732825252,17.137579032371395,0.07771783802764569,74.88223150159487,1633033.0,,616,162
1890.895349616118,989.7713118977689,144600.94196531858,21.887490854071213,0.2384885018151844,73.7645862553024,1663744.0,,616,2
921.3428586388142,199.82083597940792,220575.4854209566,25.90664580976305,0.2249922509657468,74.50968308616405,1703285.0,,616,110
873.00219705019,1583.8316795428216,124123.4457627481,17.29959068447842,0.08612652131956745,81.58810297934963,1578991.0,,616,200
248.37424131441645,1790.3428188282492,165297.86918457778,25.36422672911389,0.07488760587653112,58.8626496380696,1821682.0,,616,59
1386.5097968620391,440.75122571080635,108877.19791996738,18.822934907265296,0.20355610993072695,89.54443838037592,1494941.0,,617,275
1452.4683325747346,1711.064008185344,102165.59246127689,17.11202591323674,0.06107329173756049,73.78769171258445,1644666.0,,617,162
1890.2230753891834,990.5074203672898,140691.22237492137,21.166524510530724,0.22744310192084619,72.63475902957532,1667113.0,,617,2
921.2463056003202,199.3029197080292,218921.16371514002,25.922497018406276,0.25456240010557074,73.78769171258445,1723101.0,,617,110
248.22843835042914,1790.446500896506,168898.48908652845,25.607631959860274,0.11700765531751485,60.72112130514762,1795933.0,,617,59
872.0155753881734,1584.6888249335414,118979.1940884934,16.92102235987594,0.06416140157894842,81.85822049364837,1579125.0,,617,200
1890.8639287427202,992.1830873586845,130888.64334198608,20.532511072994907,0.19822271103903893,70.66820894380612,1674886.0,,618,2
1451.5189975747776,1710.537658313123,101172.48212017921,17.631857574781858,0.08933228850034533,68.87459957975013,1680539.0,,618,162
1388.1061505973603,441.53422454698836,99714.9951509473,17.927938998989344,0.1865864012888877,85.73452760187647,1523283.0,,618,275
248.0638951719468,1790.4742068063936,152566.56483783963,25.593726350691064,0.0740128844222515,56.319334031358174,1822343.0,,618,59
871.1138981056811,1583.8793524450286,117085.74311995678,17.260545740933882,0.036848801704425,78.91881201846368,1593844.0,,618,200
921.8561045725108,199.0195194128788,212133.76670563038,26.651279856808987,0.26015214663599345,68.15715583412774,1757993.0,,618,110
1889.5457471352977,991.2197162003667,138897.72140530325,19.740629385330305,0.20556252079429999,74.57051675880922,1643582.0,,619,2
1452.9275186450182,1710.0157606650978,103679.02237238378,17.523686301243877,0.08515390296308165,72.65845222653206,1651218.0,,619,162
1385.7860812655304,440.86821474818885,109266.83976151055,17.90137080647118,0.1426576917824007,91.77909754930366,1480917.0,,619,275
922.346608276921,199.55499860422918,219183.78146399534,25.58286204227879,0.2479088561151193,73.80569094589836,1714147.0,,619,110
872.946208590293,1584.3587313877488,126436.796848453,17.552686327643123,0.05501356225826287,81.45394907500699,1580354.0,,619,200
250.71046093697834,1789.1106211908057,166086.13181556508,25.884842734851077,0.027916300321125756,58.50917468768108,1829969.0,,619,59
1385.6886361982768,441.6478361345266,107527.70588235295,17.489260281986933,0.21300306984607043,90.90196078431373,1478255.0,,620,275
1453.623612443704,1710.278784857497,109108.80392156863,17.997822952381316,0.08032887316807362,73.76470588235294,1647135.0,,620,162
1889.9692086202472,991.2958550494961,133526.03921568627,19.644084024559003,0.18967045105654712,71.90196078431373,1672908.0,,620,2
870.9485541755967,1584.2759570875558,122896.84313725491,18.30828360263326,0.0633987727733523,79.72549019607844,1597675.0,,620,200
247.0363242873295,1790.4233293949267,161124.8431372549,25.651587474231707,0.06213029148053779,59.98039215686275,1805609.0,,620,59
920.7858084749992,199.67135915986552,219520.4117647059,26.314139952345187,0.2498007284244385,72.64705882352942,1714570.0,,620,110
1888.5322320219452,990.0249603574198,127393.05275223692,19.89547897888377,0.21738371160648234,70.77637570873263,1689609.0,,621,2
1452.065470736981,1709.8589621431452,100587.23770646808,16.645050469563408,0.09462239386506312,72.25088353599789,1646585.0,,621,162
1386.1314542196938,441.4247695746135,99785.47407539259,16.270167740374763,0.16090969287073717,86.99596180865052,1513690.0,,621,275
920.9554737235215,199.91803440998427,212220.38217393705,26.892389211973114,0.24491974753907217,69.67049483828367,1733817.0,,621,110
871.5702561095071,1584.2516562693338,114398.21527054817,17.069170019139694,0.08771134026106224,78.88616875869157,1601326.0,,621,200
248.91982960432898,1790.3624768324646,163290.31443396656,25.036347409345556,0.013267490142828952,58.98031309061052,1815173.0,,621,59
1451.296779275025,1709.4108714169122,101232.10980392157,17.13552254484097,0.08104845775272818,70.71372549019608,1660315.0,,622,162
1386.7200326492537,441.0710545284939,102104.84705882352,17.444173610569123,0.20591914017290489,86.94901960784314,1522595.0,,622,275
1889.8011282884636,991.0918011581805,132765.38039215686,20.183413156889117,0.19904238525445575,70.71372549019608,1684219.0,,622,2
249.22235069810296,1789.8354429224994,158194.54117647058,26.28149275069811,0.1121464804707933,57.00392156862745,1825718.0,,622,59
871.2086928761232,1583.9617343186137,115271.67058823528,17.049056531201757,0.056998907167556824,79.37254901960785,1594044.0,,622,200
920.5484154314693,199.51519257903635,206602.4156862745,26.71810756456959,0.15318043006867493,72.15686274509804,1702164.0,,622,110
1890.1253376493528,991.0619949069496,127786.58823529411,20.916956682156048,0.2054885681473926,68.8235294117647,1698002.0,,623,2
1453.336832491858,1709.4449330553307,102411.17647058822,17.767814012747433,0.09437074762556405,68.8235294117647,1686449.0,,623,162
1386.5909705355077,442.8902382604673,97648.94117647059,16.26505923772515,0.16419561616103415,86.8235294117647,1514005.0,,623,275
920.4177438754404,199.30617181149506,213624.0,26.886331731157565,0.18941045691114786,69.17647058823529,1746950.0,,623,110
248.063490379014,1790.6920132946175,156312.70588235292,26.40033541149719,0.05700589394839305,55.764705882352935,1835689.0,,623,59
873.0641787375606,1583.5356954718584,110547.88235294117,16.87006506216736,0.09056488775257503,75.88235294117646,1615113.0,,623,200
1889.6963677162666,990.960753316956,131749.66274509803,20.561080367688046,0.22647632660192188,69.30196078431372,1688343.0,,624,2
1452.4400340833872,1710.6909163384496,100800.07058823529,17.358304017029255,0.08910306032130813,69.67058823529412,1676523.0,,624,162
1385.8367971787814,440.65085644140436,103902.80784313726,17.707187310395593,0.1879521711287855,85.52156862745097,1537966.0,,624,275
922.8426604150565,198.96118678221225,216048.49411764706,26.91929368532544,0.2897392276345573,69.30196078431372,1751991.0,,624,110
251.59963805345737,1788.7352296032848,175785.89803921568,26.424504981513905,0.06236939615647661,56.76862745098039,1839377.0,,624,59
872.9125146368098,1583.6334613917138,112073.06666666667,16.936724552662568,0.058003702976057336,76.67450980392157,1606615.0,,624,200
1890.4106133414577,991.5895112932933,135926.57711394152,19.780037241825486,0.19119544186901352,74.54117037171739,1652118.0,,625,2
1452.151507463011,1710.180913684241,103865.96797239695,17.503266115340175,0.0858056680679001,73.78822925685155,1637138.0,,625,162
1388.7179103057972,442.02430548478486,110824.64975598697,18.301270355174747,0.24637943613386049,92.98822768593027,1471916.0,,625,275
249.97756540341265,1788.884556846431,178094.66778144502,26.72155397470856,0.00989396937963433,59.85881863183366,1818326.0,,625,59
872.5206419452282,1583.3016545877206,121137.68420630427,16.772044243928164,0.042236552958637645,84.70587542240612,1541539.0,,625,200
918.7717711460065,200.14129972794854,227638.56961017422,27.05740834745836,0.25541179669980013,74.16469981428448,1705315.0,,625,110
1890.421403335897,991.7136728513748,121387.06674059293,19.29418357567771,0.17839967541965374,65.64143918629448,1717108.0,,626,2
1452.049532234431,1710.8182302253904,93826.0497995786,16.899654669172506,0.05015084667026668,67.82948715917097,1700323.0,,626,162
1387.961308300047,441.91678292410717,99331.54317399798,18.168524759616272,0.18350727958097363,80.95777499642986,1567880.0,,626,275
922.28161063862,199.49139914397662,197498.31547710137,27.801159991849108,0.3091123284790307,67.82948715917097,1747523.0,,626,110
873.2846333021454,1583.726283556992,111471.562676841,17.1791872842889,0.06310770050673835,75.48765506423865,1626030.0,,626,200
250.82783573083435,1788.9886403087191,154413.0981685284,25.79101647898963,0.084484263801746,55.79522330835031,1834779.0,,626,59
1891.2827249282432,991.5870227895634,136648.72156862746,19.951666460223326,0.1750939198903278,72.98823529411764,1667133.0,,627,2
1453.6138869654965,1712.5148707262586,112863.40392156862,18.966447593835888,0.045994638456684285,71.88235294117646,1665825.0,,627,162
1386.6968655757157,441.48834655234515,104387.18431372549,17.537310736451417,0.19266331310537682,86.99607843137255,1510510.0,,627,275
921.4645331730582,199.47678641464074,217116.77647058823,25.651794920917574,0.26072521290266676,72.61960784313725,1723781.0,,627,110
251.09506079456781,1788.822591583093,169595.90588235293,26.481588505026696,0.07102649168760003,58.61176470588235,1829326.0,,627,59
872.9400565504242,1584.1706586733826,119289.6862745098,17.246007660048214,0.07043024869868218,80.72941176470589,1581481.0,,627,200
1889.7899418612642,991.2360707560784,128394.70588235294,20.327272291627896,0.22590022123663692,68.8235294117647,1697394.0,,628,2
1452.5799427784414,1710.0211384959557,92766.35294117646,17.326574355407445,0.08412095771021197,67.76470588235294,1690526.0,,628,162
1386.0987584081122,440.91887882236017,98014.58823529411,17.30733728317753,0.16835287043122749,82.94117647058823,1554456.0,,628,275
250.13335865736585,1788.2321661256533,153307.0588235294,26.49088562511872,0.0913364737533167,55.764705882352935,1837874.0,,628,59
871.99647879554,1583.9857354967041,111960.35294117646,17.06880647235733,0.07644637753043718,77.6470588235294,1607907.0,,628,200
922.0374256201452,199.55990353675782,206649.88235294117,26.378045130079496,0.20848455165262597,69.52941176470588,1741528.0,,628,110
1891.4939495097017,992.1382079189559,127954.05387240059,19.78997354590414,0.21665126990101735,68.96473450943074,1698360.0,,629,2
1453.3182758907194,1710.7516560543231,98176.8612463125,16.755985727928145,0.08388571161953781,71.9309596496213,1656364.0,,629,162
1385.5023909215156,440.82782691800026,110957.95459725114,17.662758463894168,0.21758603380630243,89.72831049076471,1505381.0,,629,275
919.2970973356906,200.08189220336433,216846.6304299166,25.65312443546475,0.21784800927936973,70.0770689370022,1743119.0,,629,110
873.2778270380821,1583.9644678592695,114576.37849014111,17.703530480013107,0.06951083031331598,78.9757443575739,1600702.0,,629,200
251.14010828358292,1788.300112285851,166755.61570937594,26.902937421226042,0.06672028257438141,57.8413902337161,1828240.0,,629,59
1386.0094304773136,442.30730568954374,109675.03787790284,18.287044968949793,0.21377478296993124,91.9367072509362,1472946.0,,630,275
1450.5436561325514,1711.200033635074,106554.64370383504,16.806727978726304,0.08422112529101485,76.35421449654022,1614915.0,,630,162
1888.9735129233122,991.3586730504998,138075.29960974606,20.917638577631152,0.23707866963538057,75.57508985882043,1638824.0,,630,2
920.689176961705,199.8850626714588,216128.3953788343,25.612451945419703,0.24069883378115176,72.84815362680114,1726284.0,,630,110
251.87823091847042,1788.6109486897515,174288.62320864343,25.36973650601667,0.08139724938520929,61.94040869872396,1796018.0,,630,59
872.284975685026,1584.2935566191538,111589.73667509924,16.677740073331826,0.046369523273593054,79.86027536627932,1586613.0,,630,200
1889.5114590831054,991.1108995023147,133019.74509803922,20.29401797443896,0.18828443519722587,70.7843137254902,1680530.0,,631,2
1453.5441995447911,1709.0908342499774,107703.17647058824,17.685976030198866,0.08659404778875548,73.76470588235294,1646823.0,,631,162
1384.5627877942202,441.296214151948,101456.27450980393,16.425184705676116,0.19377586456405776,90.90196078431373,1474044.0,,631,275
921.261863461229,199.43513886752282,210691.0,25.86826138205414,0.24149729911730522,71.90196078431373,1724891.0,,631,110
871.5819249829794,1584.4587786380405,117649.11764705883,17.575823752596627,0.05387454982059506,81.58823529411765,1582106.0,,631,200
249.10539401573556,1788.3973461891037,169469.9411764706,25.84626689552656,0.011662286068467977,59.6078431372549,1816025.0,,631,59
1384.7888422746473,441.05945590643944,105740.7426659844,17.200841796462736,0.19510386588929532,91.91280324260877,1470204.0,,632,275
1451.7081527720147,1710.8214689061683,105261.04898625128,17.466618187461624,0.10467572251705343,73.68216458291778,1644299.0,,632,162
1889.0932600125436,991.5086657781561,135648.10538720747,20.340627773666707,0.2298607522678474,72.92255463876398,1664877.0,,632,2
251.01980505873922,1789.5250120542735,168567.32153700036,27.67581567906043,0.08849966270710498,60.009185588149535,1791574.0,,632,59
873.2358436789533,1584.4325209287529,114601.59266453837,17.472053412380816,0.08344039533888944,80.5186540803019,1595000.0,,632,200
921.3648177148202,200.25708925519925,218035.7797350998,26.405235554724413,0.24081754107030373,72.5427496666871,1720541.0,,632,110
2040.7959646926824,1363.6576701321105,109635.2808475869,19.233480741083007,0.26575362354182974,70.74895384453427,1669011.0,,633,468
1889.0383387697416,991.3891160776179,132319.03085309776,21.059012914267615,0.21505128318890424,69.32686432002103,1696598.0,,633,2
1453.2480199921752,1710.6187211634374,100865.6102722948,17.22605032039546,0.05676981160978177,72.88208813130416,1641165.0,,633,162
1386.8793203843115,443.1110094414175,102573.89531361633,16.42750664800907,0.16713548301956427,87.8140281386933,1506470.0,,633,275
251.34127620275663,1789.4810656223317,163224.591444582,27.51864205234888,0.04921716750029935,56.52805859940176,1833709.0,,633,59
872.301575563104,1584.468065704867,113455.72435519173,16.957291625914095,0.04251723239658175,78.92596861048547,1603052.0,,633,200
921.1657839575521,199.76973693809364,219304.33632138098,26.8529878867398,0.27528201382109,69.68238670114934,1747094.0,,633,110
2041.623030602986,1356.885184109257,103877.4705882353,18.397798090223798,0.2760095072170262,71.90196078431373,1656013.0,,634,468
1888.315027802793,992.26315022085,130312.05882352941,19.58224172203223,0.19426458547276482,72.64705882352942,1665089.0,,634,2
1451.595079619503,1711.219317480585,95992.09803921569,16.82470103866283,0.0743243797148303,71.90196078431373,1658562.0,,634,162
1388.0728491824243,441.4745117383758,101957.35294117648,16.97664605783424,0.16510209143695082,90.90196078431373,1480554.0,,634,275
251.29900072210907,1788.784891489058,172316.58823529413,25.902327699232472,0.03561222196853195,59.98039215686275,1819216.0,,634,59
872.3060144517082,1584.389141503441,119046.92156862745,17.6645133202286,0.07658641041608656,77.86274509803921,1604253.0,,634,200
922.2069201752022,199.7908545997428,216977.39215686274,27.424856795758004,0.28049535151285915,72.64705882352942,1729627.0,,634,110
2042.5966400200773,1354.9331953025237,100943.64705882354,17.952012256359897,0.27926377093781085,72.64705882352942,1640968.0,,635,468
1890.2289376767308,992.4668658213992,130696.1568627451,20.4475672982061,0.2170316557055491,70.7843137254902,1679038.0,,635,2
1452.3688843926902,1711.0819396313595,103849.52941176471,17.939227526746222,0.0869318270916908,71.90196078431373,1663061.0,,635,162
1386.0387484408216,442.30840638780063,106029.3137254902,17.459095443441583,0.1553934477204717,89.7843137254902,1493640.0,,635,275
921.5449596117488,200.14599917620723,216168.96078431373,25.70851186017494,0.22623973234082007,72.27450980392157,1716495.0,,635,110
871.5376772253067,1583.93778946406,118165.4705882353,17.91073468810973,0.06967625374157864,77.86274509803921,1600178.0,,635,200
252.62454445635967,1788.0247328687822,174398.39215686274,26.415358251165546,0.0844344558506152,58.86274509803922,1826498.0,,635,59
1387.41808654936,442.76003641836525,97085.25490196078,16.584583180297308,0.20832335591883952,85.86666666666666,1519954.0,,636,275
1452.4387926085674,1710.2762284145035,93014.52549019607,16.572841436464742,0.0886500292851001,68.90980392156862,1673177.0,,636,162
2042.3480892084947,1350.5137626556875,97531.90588235293,17.83026330890738,0.21299821360824703,68.90980392156862,1678705.0,,636,468
1890.154786437851,991.443625532068,120274.30588235294,19.899316642540672,0.1875313803042057,65.66274509803921,1719674.0,,636,2
871.3893984687336,1584.9943541556117,109465.20784313725,16.7797451785667,0.04050117906096191,76.84705882352941,1611998.0,,636,200
920.9721859206608,200.19833225314053,203739.95294117645,25.253326458259632,0.24619809249597258,68.90980392156862,1744761.0,,636,110
253.10981501507837,1787.935035475958,164140.98823529412,26.700408817735543,0.0830860486277323,57.72549019607843,1831847.0,,636,59
1387.4772134621226,441.9363722365541,101104.57805883125,17.573918301136647,0.18339988379162886,83.29410926327022,1552507.0,,637,275
1453.503861559909,1710.4601957855039,91901.28486752178,17.010255392967792,0.08049412681150647,66.70587563880538,1702530.0,,637,162
1890.6737306323064,991.0859402396362,125808.34027820978,19.961617731456286,0.1673064792491101,66.70587563880538,1703368.0,,637,2
2043.6434164235457,1348.747676048281,98716.22535804925,18.80467934293958,0.21532070956817628,70.9411693301581,1664483.0,,637,468
920.94451880605,200.38435626302044,205672.21459262524,26.272426015540358,0.21770747257621556,69.1764636254278,1729896.0,,637,110
873.214339750613,1585.1525343037513,108237.16557621017,16.71811520977682,0.08302645391740489,76.94116872624113,1608384.0,,637,200
251.4264122749077,1789.062803867852,162972.33653754802,27.32756065302008,0.05834281646843247,55.41175912853145,1839785.0,,637,59
1453.7132769460336,1710.1815909139127,106315.854515379,18.269373799439368,0.09122539253005378,71.8030318042665,1658796.0,,638,162
1386.139481313347,442.0456247986756,100367.10490663182,16.210684523143115,0.1640489338384873,90.97556909231672,1475228.0,,638,275
1889.9451496005206,991.4361167877738,140358.38616477876,20.7295951213508,0.2373184077853673,73.68269232270279,1656173.0,,638,2
2041.8842892710854,1348.4353293481877,98295.34308321134,17.475099574530812,0.22516941014602654,72.93082811532827,1642353.0,,638,468
921.0641295300152,199.50551433404638,210008.83074333202,25.46260152038088,0.23471980095851255,72.55489601164102,1726884.0,,638,110
871.3794941088815,1585.0710533294607,119075.74197873195,17.28281885567179,0.04274462950991235,80.82540229276071,1586833.0,,638,200
251.33461108883347,1788.7147569432645,165936.05463545248,27.144972099948845,0.1381069277338204,59.021340278899686,1809332.0,,638,59
1386.760283932123,442.0756383161858,103855.80784313726,16.02536934633002,0.1173928163160406,90.91372549019609,1478024.0,,639,275
1453.1220877079156,1710.163774035626,103186.69803921568,17.586133434683525,0.12089322792245849,72.65490196078431,1649015.0,,639,162
2042.897632713442,1344.8906457917121,104912.53725490197,18.544560048545215,0.19349209548909804,72.65490196078431,1648445.0,,639,468
1890.0639478308065,991.4294227453518,138772.00392156863,21.220684298268228,0.2602888156920424,73.79607843137255,1665894.0,,639,2
924.1961209131049,199.7580987111421,212795.17647058822,28.97745147676749,0.32812319218754554,73.41568627450981,1699152.0,,639,110
249.89188591991666,1789.3498274007752,168708.86666666667,26.95873442454107,0.061225382956804526,60.48235294117647,1796913.0,,639,59
872.254803570924,1585.2419668342434,121140.06666666667,17.22213978703368,0.050783432854236296,81.7843137254902,1585615.0,,639,200
2041.7894307781814,1340.7711372242989,109183.83742403652,18.967607489699716,0.2371426239496763,73.79316703977162,1635387.0,,640,468
1890.65672525387,992.7018369283498,134286.44704064832,20.024524244843224,0.19412813175521892,72.65203559070298,1668737.0,,640,2
1453.7298304586548,1710.1086436315538,100938.02157306658,17.339356026423122,0.08194790065248234,71.89128129132389,1651539.0,,640,162
1386.395665913903,441.9030238547366,107967.39129932936,17.05827993074107,0.13937389136101253,91.29051592549067,1479356.0,,640,275
250.38112243784244,1788.5537054419244,174254.5760442772,26.89517730174081,0.02605268694530668,59.719212501258475,1816420.0,,640,59
871.9575296321823,1584.7197344024542,117551.37396290712,17.24192479485798,0.06272211125779441,79.87920143480433,1599898.0,,640,200
921.7618984051276,200.13015320949816,210857.88878175238,25.55776942998786,0.2534826748463959,73.79316703977162,1709035.0,,640,110
2040.5626316056064,1335.0987865149027,101886.41564744791,17.977479393257354,0.23355996826272418,71.88235291378373,1657380.0,,641,468
1890.576940114329,991.6482006876622,139804.1724957434,20.74394213948546,0.19598270941000226,74.83137252050307,1646266.0,,641,2
1453.8121620660215,1710.8879410927718,103628.54898011735,17.307137827440755,0.0774206167315105,74.83137252050307,1633843.0,,641,162
1387.953481908227,442.1085650755147,102121.59996108378,16.53904642790349,0.14804920339178945,92.89411761165898,1469428.0,,641,275
873.1496438022851,1583.9168046305704,117564.14113166956,17.183248391530075,0.05434743157370448,79.9921568322619,1590941.0,,641,200
923.1441477962743,200.17589960275592,212781.71756597253,27.910734035843554,0.3226930758857081,74.46274506966316,1697465.0,,641,110
251.16760612084272,1788.4099068041658,173761.027384764,26.974084273363527,0.03849804410628553,58.61176468354674,1829168.0,,641,59
1453.7576129241002,1710.434664670163,99022.7843137255,17.644637976156556,0.07667975582720349,70.03921568627452,1671945.0,,642,162
1387.044167073894,441.87739533634493,99870.33333333334,18.499785126865195,0.2298830658825126,88.29411764705883,1497273.0,,642,275
1890.755106258989,991.5224503153465,129776.33333333334,19.87247731203111,0.18891382852977998,70.7843137254902,1673753.0,,642,2
2040.2282999698978,1333.2587898856111,99008.62745098039,17.90356961017197,0.21568276879383866,72.64705882352942,1650323.0,,642,468
922.8836398855539,199.9533756286542,209637.05882352943,25.60343783978549,0.23813150802699246,72.64705882352942,1727152.0,,642,110
253.46044574601603,1788.297470387133,176317.76470588235,27.10072944833878,0.07915117209271096,59.6078431372549,1811019.0,,642,59
872.6005011673842,1585.190313720645,117599.94117647059,17.248364125689452,0.03075527532037729,79.72549019607844,1595169.0,,642,200
2039.1686920628258,1328.1662573897227,107621.64705882352,19.506125769263438,0.22685591426408533,73.78823529411764,1634222.0,,643,468
1891.6326791712695,992.9000185990938,133592.84705882354,20.322411208916005,0.20485915799305332,71.90588235294118,1672893.0,,643,2
1452.1578439671634,1710.190751422328,95617.88235294117,17.292506849993618,0.09022290456827849,70.7764705882353,1659586.0,,643,162
1387.299131221135,441.12555487373817,104909.92941176471,19.26510663244327,0.1750241363701097,86.21176470588236,1529513.0,,643,275
923.4591894638926,200.7119881623227,209643.67058823528,27.427320493318433,0.31250631180998706,73.03529411764706,1702407.0,,643,110
872.0840107289366,1585.2292868412749,119303.5294117647,17.265031866151414,0.05973989574648365,78.68235294117648,1602335.0,,643,200
250.1569371354928,1789.5199104403737,161249.1294117647,28.150431841838902,0.17963866089980274,59.48235294117647,1788551.0,,643,59
1387.1338187994108,442.0908708329576,102158.29373892411,17.32639954523704,0.22648766199741674,90.97422226277172,1478432.0,,644,275
1453.4457580107446,1710.9052831818128,98674.78712696355,16.763330421860207,0.0684687514322458,72.93292080137817,1648390.0,,644,162
1891.46802360801,991.3620327581333,133068.8010044598,19.879908923306097,0.20173585429112317,72.93292080137817,1670127.0,,644,2
2039.3285642710016,1318.5956169162537,103428.47813330179,19.073366858337714,0.2562305822067268,70.62977593396623,1657755.0,,644,468
923.0093353664006,199.91357789936316,213981.35105646454,25.98631431555617,0.2622911128244257,72.93292080137817,1719048.0,,644,110
871.7334707576493,1584.4352643406733,117688.01572240493,16.792576903372698,0.03439874895010469,80.99392783731997,1586648.0,,644,200
251.68225261024003,1789.0070682788562,171175.86826570198,27.431315838663707,0.09420271503612011,60.265624030612486,1793419.0,,644,59
1385.9039672157214,442.7115908614546,104176.17908752382,15.478138013990622,0.14035343346338292,92.61175657359065,1470229.0,,645,275
1453.456792744383,1710.7885785282735,108173.5434423953,17.544883754494876,0.07608979599653506,73.78822881473077,1632783.0,,645,162
2035.3264276525128,1317.0704790253008,104470.95553222757,18.457729191071422,0.286306595915669,72.65881714919918,1648779.0,,645,468
1890.3601162754703,991.2559439221303,133783.70589943454,19.742471571964725,0.19831238759343514,73.78822881473077,1661742.0,,645,2
922.1232718539273,199.7715425959568,220079.41596881734,26.336911214823264,0.18479489779382788,74.91764048026236,1696037.0,,645,110
251.90857249917627,1789.7379623866982,174816.73759041802,27.366758230836428,0.13322676188472266,58.72940660764286,1820085.0,,645,59
871.4502018152497,1584.6254594831416,121159.14230212239,17.3066637997546,0.08327675087083986,82.82352213898352,1564082.0,,645,200
2037.4949100221,1313.9456870242398,103266.55491756897,19.066098403298753,0.24176307043958103,68.82746495365386,1679541.0,,646,468
1890.237246826214,992.6215115137159,121728.25451703221,19.68103286344136,0.20717187913163543,70.63871403138158,1678253.0,,646,2
1452.0124907667307,1711.0459410548087,98082.7600571122,17.552095495581426,0.09084534552887549,69.91421440029049,1678368.0,,646,162
1387.6398022665608,441.8791155688237,101200.28196969717,17.497564571513774,0.15461706414683155,87.66445536202228,1506837.0,,646,275
921.1000275899148,199.84572816152127,204824.73970502513,27.348042037922202,0.26760391029039515,70.27646421583604,1724769.0,,646,110
871.8536395448398,1584.2958479655529,116770.50354147586,17.067539773474046,0.06165203066493882,79.69495942002025,1593272.0,,646,200
251.39674910273055,1789.649326366086,166031.76920806812,26.082556434957187,0.08654495584638987,57.95997048728746,1825478.0,,646,59
1386.8832725473983,442.18769933849154,100922.03919665913,17.73580718589795,0.20497174362417128,87.92156861087486,1498006.0,,647,275
1453.9190498922305,1712.1734149199324,103015.76468646046,18.110052598511718,0.07145255884627863,70.784313712145,1669919.0,,647,162
1891.7087165117207,992.0153169018998,133483.19605326536,20.413167980372943,0.18612958213470462,71.52941175122022,1672227.0,,647,2
2037.6009880317251,1309.4311796777013,101882.09802000753,18.176379018505468,0.22698472927577545,70.784313712145,1659339.0,,647,468
250.43219845674832,1788.7784486259645,165121.17643945743,25.864262181828607,0.025088040304684367,58.490196067404035,1812716.0,,647,59
872.3837039048183,1585.1337483475388,115261.8235076811,17.373874619514357,0.1025993509802957,78.60784312243472,1594601.0,,647,200
921.7657756342963,200.4630900279092,220385.47054668533,26.377559710332083,0.22656692262276837,72.64705880983303,1715914.0,,647,110
2037.0364958181874,1300.4637697763799,101658.70519217,19.338348930281267,0.24330432492090193,67.7647054222837,1701769.0,,648,468
1890.8791656992275,992.1662615078621,126166.94031989593,19.835442179540298,0.19703718159746536,67.7647054222837,1708828.0,,648,2
1453.0137081004207,1710.903826021688,89341.7640993218,18.03912224747917,0.14053427524033923,64.94117602968855,1713923.0,,648,162
1387.7253748653798,441.9701839871668,93727.76406954428,18.052954083990652,0.18984389668502288,81.88235238525947,1559594.0,,648,275
922.5212315152379,200.30002584969736,197977.05747942036,25.190284102198483,0.24930160268495954,70.58823481487886,1722092.0,,648,110
873.3061749544471,1584.6445001635234,113313.52864245465,17.35698405319607,0.09330106154452546,75.88235242599477,1631376.0,,648,200
251.10423633460374,1790.140277631174,157153.05775658332,25.636850047641655,0.09601219400558741,54.705881981531114,1850743.0,,648,59
1385.8489985363638,442.1560901943523,103009.62220984942,17.134432765161666,0.19745512071073135,90.68235177952755,1483401.0,,649,275
1454.0516299809005,1710.6870429408646,101520.73595441238,17.032865169180717,0.06731831674426457,74.83137159042313,1628728.0,,649,162
2036.5081474817032,1293.0246241154384,106527.80255693808,19.494792553197787,0.22628160812164186,69.67058734280775,1674192.0,,649,468
1891.0940604918312,991.8361077035147,136124.16296211982,20.183339594043662,0.21601812313878072,72.98823435913192,1661294.0,,649,2
920.3454326878115,200.12997383111463,216790.90702681092,25.898982296862062,0.24388592433083608,72.98823435913192,1716308.0,,649,110
872.6616953260352,1584.5925373087227,116811.77105265051,17.340673524710606,0.06054025128081464,80.36078328429677,1598081.0,,649,200
250.32721251524669,1790.9578648638478,166522.6566903595,26.300881309557568,0.1062389281956314,59.71764629383521,1809351.0,,649,59
1385.8905231078647,441.88723377306275,96041.82745098039,18.31529786992509,0.21494717009527206,83.67843137254901,1533168.0,,650,275
1452.7182245528606,1711.6399775259856,98414.3137254902,17.496037944597024,0.11552631773962632,67.82745098039216,1700438.0,,650,162
2035.4698046147628,1286.2283057422032,97597.43529411765,19.251942179301512,0.2194034216279315,68.56470588235294,1691990.0,,650,468
1890.3525526121732,992.0040756707698,129970.66666666666,19.188550661464916,0.19556373778711508,71.88235294117646,1669562.0,,650,2
923.2425676207123,200.3750351758794,210900.98039215687,25.000790444134942,0.2363870076991869,71.88235294117646,1727980.0,,650,110
251.26435630604098,1787.9659947204223,168967.76470588235,26.04649238748803,0.08222713047788936,57.87450980392157,1834050.0,,650,59
872.7880286493861,1585.5540049770098,116728.09411764705,17.1817271289162,0.052038986954468736,79.99215686274509,1589678.0,,650,200
2036.4919131944444,1278.8960277777778,110682.35294117648,19.34092137369193,0.26284571253720695,75.70980392156864,1619683.0,,651,468
1891.8227904927382,991.5549228096137,138683.83529411766,20.53116322547671,0.2371534538856576,73.78823529411765,1657805.0,,651,2
1453.274816427466,1711.039263282459,101326.61960784314,16.464787229939287,0.06980894993683064,73.78823529411765,1641804.0,,651,162
1387.1920586768908,441.7194203936604,109457.92941176471,17.772988129922503,0.14683468661214819,90.69803921568628,1481069.0,,651,275
922.2111840976914,200.13494323054232,224077.96078431373,24.910990415633933,0.22087320624613427,77.24705882352941,1688041.0,,651,110
872.6854450408122,1584.9203022730374,115495.1137254902,16.778241623007354,0.07103485082748033,82.62745098039215,1573951.0,,651,200
250.93238657041056,1788.4716732821585,181637.4274509804,27.7156109487282,0.08243115891203912,59.568627450980394,1826163.0,,651,59
1386.23216755266,442.6103201566809,92780.95010383411,16.89809697221038,0.2221657804132339,86.7770187629289,1514439.0,,652,275
1454.2409318644613,1711.5607118266653,101256.17226968016,18.579493925478417,0.10318584596790407,67.86407877613671,1690177.0,,652,162
2035.0066562002257,1272.9811908174088,97554.79866167677,18.378734300858294,0.22677962313296113,68.97660465771271,1679539.0,,652,468
1890.4656284446455,991.9090528814901,131207.59405346954,20.295594211540998,0.19571418037398555,71.57249838139008,1678096.0,,652,2
922.5594945077208,200.42879763425918,208672.40034564672,25.759577856637012,0.21630594826048058,70.8308144603394,1727364.0,,652,110
872.3053060347288,1585.3804387611528,110434.13995072174,16.791020115210017,0.08134950774918959,78.61849563137149,1600766.0,,652,200
249.70907047309134,1789.6907559445172,163648.47791826553,25.324342159087497,0.056638525746735245,57.8513458419526,1825188.0,,652,59
1386.241031941032,442.1986064762184,97312.79284141728,17.298153482445265,0.16297203820373232,85.64696278536121,1526086.0,,653,275
1454.840938131304,1709.9462119968305,99983.5506309408,17.738914906442467,0.09870400723783286,67.80384553841095,1692932.0,,653,162
1891.595545642369,991.6504386950398,130235.48533611013,20.997277111463447,0.23119582804926728,66.73325850359394,1718113.0,,653,2
2035.426781406918,1268.9158372370587,99567.09227439697,18.62819162072801,0.23156840351536956,68.87443257322796,1680747.0,,653,468
923.0099899550283,200.48751654935703,201079.7980534014,26.793929940029138,0.2729541425129994,69.58815726310598,1731219.0,,653,110
251.45960028213355,1789.2933586794775,165950.98254229562,26.645477314759454,0.02861189758352263,54.599938775667766,1856173.0,,653,59
871.9662014222346,1585.039152464302,113113.23002593667,17.85276918552068,0.0724089322525387,74.94109243719106,1639518.0,,653,200
2035.6834875166205,1262.1893544757827,101183.79215686275,19.218715407815154,0.2402218584468504,66.73333333333333,1701252.0,,654,468
1890.9544344750946,992.9401273327458,130376.94901960786,20.255666356167684,0.23022656309225076,69.58823529411765,1695961.0,,654,2
1454.4495166105028,1711.9734402940946,100180.65098039217,18.137771011733165,0.09597613481487192,68.87450980392157,1680008.0,,654,162
1385.5292031782396,441.6949772722298,97821.07450980393,16.34473149694293,0.1536674191992652,85.64705882352942,1526020.0,,654,275
923.2926235615822,200.51005047203302,203064.89411764708,26.15203809715341,0.2648172926962256,68.87450980392157,1744861.0,,654,110
253.11692129659176,1788.8322292988212,167759.03529411767,27.847747961803627,0.08089022832850856,56.741176470588236,1835716.0,,654,59
873.4710183173978,1584.9699390322296,105476.49411764706,17.007645622151323,0.05577026910965196,74.94117647058825,1634432.0,,654,200
1891.1441574252513,992.2251376115029,133088.62564141338,20.886472950196616,0.19698828410599897,71.79908430635813,1679781.0,,655,2
1454.989426235942,1710.9712351756127,102726.05993091877,17.341492498936834,0.0981457347325407,73.7188459188276,1639139.0,,655,162
1386.4756654516939,442.22779286409246,105760.435135588,17.932138862936647,0.1993818701389081,90.99670043105282,1486690.0,,655,275
2033.9582086219255,1255.0862336614548,106600.90676952714,19.07979852780738,0.2343172081037568,68.72746572640698,1682288.0,,655,468
252.5813078990857,1789.0510051302851,177970.3484270146,27.82271710879877,0.14150539278227017,60.664466954035206,1807440.0,,655,59
872.7689791153374,1584.9586956079086,113137.69505998568,16.688912244360974,0.060069077577231664,79.8620830787299,1579551.0,,655,200
921.7060729960526,200.46703874106976,217391.88523443014,25.206719165472386,0.2198653696200709,73.7188459188276,1710217.0,,655,110
2033.0799770226438,1248.8033716174614,103304.30343923182,19.5170428893149,0.24287371029153787,69.29096683985748,1677055.0,,656,468
1891.6540129096434,992.0216971747992,131459.5329651606,20.340958692920353,0.2143141366255324,69.64630513134392,1691385.0,,656,2
1453.0308993380847,1710.8964543457798,95126.90333725419,17.099899047429403,0.07793831524791245,70.71232000580328,1680451.0,,656,162
1388.1969775960242,442.16665538230296,104964.799275348,17.17996639854754,0.1800097171318057,87.41321970566636,1509038.0,,656,275
922.8449182698951,201.00001973940397,198016.17165202985,27.42594027708417,0.29973216734366726,70.71232000580328,1716954.0,,656,110
873.1448195531425,1584.6971310120875,110738.6911737113,16.66707453222022,0.04388131065541875,77.81908583553225,1604692.0,,656,200
252.84429748304007,1789.6546182199827,168608.37464861135,29.039703778878756,0.11062794210834015,55.788111763372434,1832789.0,,656,59
1386.7566840193224,443.15396243023764,104156.96734889473,17.27914034038334,0.19169938157191324,88.67908515911107,1495889.0,,657,275
1453.97767104756,1710.8176462586061,99438.56365252627,17.924061781568597,0.08886415808064801,69.515384552693,1683021.0,,657,162
1891.3771060386816,992.3988920208213,134773.79725891326,20.57415288347749,0.21914745275283698,73.64873174231259,1652232.0,,657,2
2030.962894832476,1240.9595604626156,100296.42107379004,18.286139096827394,0.21830271513332392,70.64266105895288,1666085.0,,657,468
923.4391640409108,200.29171892685613,221097.25027877657,26.296675377516507,0.27267630357304096,72.5214552360527,1725683.0,,657,110
873.1653426308699,1584.8866569868705,121891.28134537528,17.323666077283452,0.07353617265561503,81.91542612155176,1582840.0,,657,200
251.27153461563654,1789.1796257887038,172108.81938740527,27.54880769560499,0.05646862399451762,58.6183783255141,1823550.0,,657,59
2030.1847795593344,1234.0150521159283,98129.64705882352,19.18000479480087,0.19123636841086075,66.0,1707047.0,,658,468
1891.723697314927,992.9457286262029,125096.82352941176,20.850296163073676,0.22344521574057968,67.76470588235294,1713483.0,,658,2
1453.003898571135,1711.8971628084382,96234.35294117646,17.47503185700414,0.10275864121256426,66.70588235294117,1698385.0,,658,162
1384.9668791237548,440.9128913478253,94413.5294117647,18.474501089875293,0.22500531299170634,82.94117647058823,1552050.0,,658,275
922.8760706506031,200.07862540799277,200263.0588235294,26.252465305345368,0.16205199849288543,67.41176470588235,1747771.0,,658,110
873.418863176671,1585.2046696077339,110804.11764705881,16.80934306384883,0.05515383832361919,76.94117647058823,1608057.0,,658,200
251.5503871128871,1789.51610458507,163928.47058823527,26.9989991862695,0.06085817132379769,55.764705882352935,1852011.0,,658,59
1387.638063185399,442.49460556164996,103834.61176470589,17.003551857676147,0.1871329661499975,90.68235294117646,1477468.0,,659,275
1453.8586670652587,1711.2968230073063,103580.25882352941,17.116404244173275,0.093818004999496,73.72549019607843,1638769.0,,659,162
1892.2526232493603,992.3390766595846,136026.47843137255,21.768169321159633,0.23218891723710666,72.25098039215686,1675366.0,,659,2
2023.9402072682599,1227.8137326781068,111618.91764705881,20.095973606511222,0.2613568180460202,68.93333333333334,1686375.0,,659,468
922.6696987134478,200.41598168453692,209477.3411764706,27.656734453077217,0.30817258633536987,70.7764705882353,1725831.0,,659,110
252.03948247364409,1789.4065853366105,172174.0862745098,25.762787305716877,0.07315024919737717,58.61176470588235,1829678.0,,659,59
873.5204223837183,1584.7501582224218,118237.62352941177,17.20673823749534,0.0646195871711291,77.78039215686275,1609461.0,,659,200
1890.482588198636,991.7314052924952,130104.24124059275,19.916630936406783,0.21070845231651827,70.94465613343189,1680526.0,,660,2
1454.6263554232173,1712.237439998916,110809.92235215606,18.404455708668802,0.09703274280336399,73.94760454119621,1650918.0,,660,162
1385.9355786109736,442.38966032017527,100074.75716294961,17.79871060254904,0.21366839857493597,88.58697802904723,1510993.0,,660,275
2019.3605072168577,1220.2572844800898,115182.2152338609,19.610429882574486,0.2769391210378542,73.94760454119621,1643974.0,,660,468
921.8044904124141,200.1530155522529,216958.142669809,26.119342348946894,0.1832798215660934,72.8214988882846,1716194.0,,660,110
872.3561345447591,1584.9735921713284,115803.82555426811,16.695139667362486,0.10086295021589732,81.83034411157753,1571437.0,,660,200
252.52134937887868,1789.147042447024,175953.63289888925,27.171416953787766,0.10916847265102192,59.683599604315724,1809199.0,,660,59
2012.7771479344888,1217.1480814646807,113877.61040759306,19.72175854537631,0.2421441478316298,71.89411183868432,1661417.0,,661,468
1389.369952226756,442.49807237138253,104785.85820094547,17.529719261884846,0.19127245105023047,88.63136538843095,1500450.0,,661,275
1454.7420889110506,1711.659690844233,99172.03120351,17.652383721986013,0.05917755450889619,71.89411183868432,1648270.0,,661,162
1892.0335057973714,993.286222464277,132705.4990825535,20.722576824802523,0.22372553709644666,74.17646459546796,1652653.0,,661,2
921.9435188198097,200.53440568518167,218606.40978961895,25.194875002679254,0.21715002525061405,73.41568034320674,1710717.0,,661,110
251.85931208149717,1789.8267155039202,166164.7904970015,27.493362122458898,0.10874161200682987,59.721563802504974,1803439.0,,661,59
873.0715805842943,1585.0315909068058,113500.2614184715,16.710000773614723,0.10648674796133954,82.92548349647187,1561000.0,,661,200
2010.8176360481284,1210.447953754235,100418.55864730141,19.191477701984653,0.2523575501041551,65.6615769755904,1714969.0,,662,468
1891.7597851718963,992.8316098568189,127901.5363905407,20.44327941456759,0.2202090881664176,69.99091172123373,1693880.0,,662,2
1453.7408506152826,1711.4280227107572,90358.26703211274,16.514718150102098,0.09932188127090405,68.9085780348229,1680877.0,,662,162
1387.525644629946,442.0668598574137,100096.38398664646,18.255351916745756,0.1827205487123862,81.5358043762826,1561152.0,,662,275
252.23096052704423,1789.8616553174998,162918.2781469903,26.14610747217279,0.06706435566256626,55.92057379789293,1861571.0,,662,59
873.8579946953076,1585.1955106585021,110177.96149766789,17.024553549411024,0.08851794297904424,74.68102436234733,1639214.0,,662,200
921.2551960385049,200.7089803979515,200210.80686806643,25.925983734181177,0.2650817093097101,66.74391066200124,1771045.0,,662,110
1890.9760640149732,991.8373027035909,130577.30904893704,20.33868946773647,0.22995849344118957,71.64566131065978,1675255.0,,663,2
1452.7867606031975,1711.4820484016159,97770.50615629397,17.64925763627132,0.06752662018060646,70.91829419075461,1665489.0,,663,162
1388.6182984056454,442.5205186815065,102146.3467496435,17.768514227144916,0.20716306660659717,87.64773794857363,1508027.0,,663,275
2007.1361392303572,1206.4260671381828,106594.5603714236,20.166765419448197,0.3157623375074301,69.82724351089684,1669457.0,,663,468
252.30267219351038,1789.7791609648948,164244.58724442794,27.116269311285,0.04861036469579565,55.64358467274592,1840373.0,,663,59
873.9688106275346,1585.3734202844244,120347.98155815061,17.336601604326848,0.06324978507421829,79.6466996296167,1594338.0,,663,200
915.2636879444912,200.38869725660726,209919.9692224334,26.271520500158555,0.2814576104308133,72.00934487061237,1709672.0,,663,110
1890.8861010041396,991.9531280883486,133824.45098039217,19.87851270113408,0.19786497370957423,72.64705882352942,1669465.0,,664,2
1452.6702539071991,1712.0559019364155,107315.72549019608,17.926354982901916,0.11246578095690242,72.64705882352942,1660589.0,,664,162
1389.124123221392,443.2134437000773,104102.11764705883,17.777890092315346,0.2054492149449677,89.7843137254902,1487548.0,,664,275
2002.01824136527,1200.8388407952273,105220.88235294117,18.641842619364475,0.2344809775708941,68.92156862745098,1682574.0,,664,468
914.8174095875937,193.78495835220033,212270.23529411765,25.785079502176654,0.23305402507541328,72.64705882352942,1724343.0,,664,110
873.2610914457154,1585.3503625908916,114613.58823529413,16.928312795572303,0.057607869029567535,80.47058823529412,1582811.0,,664,200
254.03661094096938,1787.9743534442919,181375.11764705883,27.623633634727582,0.07352645901193167,57.0,1842234.0,,664,59
1386.4852448194822,442.56369521734115,91920.73898205072,16.702167560863348,0.19197758511492194,86.99665519176395,1513780.0,,665,275
1454.7935659657628,1711.5491703778869,97262.62603655676,17.531740735501117,0.09423797281436333,69.81664345221392,1666435.0,,665,162
1999.2492219983164,1195.7110967272913,114639.6596128646,19.37525998699911,0.26889818120732545,71.6443042755703,1658129.0,,665,468
1891.8540836667116,993.5099958367912,132578.88165843688,20.628294205915765,0.21046811878026297,72.74090076958414,1669924.0,,665,2
253.32349050618478,1789.852633346741,176301.28047126235,27.72469315187927,0.0657509410633253,57.02301768871922,1829975.0,,665,59
873.0441171706439,1585.1397832045043,112831.73752640047,17.510363212442776,0.0784481616591022,77.85835107498202,1609137.0,,665,200
906.6141917377237,198.25793961495145,204482.34823875912,25.62090033459826,0.19456874581111627,71.6443042755703,1716523.0,,665,110
1995.4026503144,1191.5263108662891,108655.64948531747,19.52093692598695,0.25801891321220055,68.88733169053023,1689340.0,,666,468
1891.385678187627,992.0623816439152,129606.05628988829,19.861670110732607,0.1895015087101386,71.89879974257526,1669180.0,,666,2
1454.911559549687,1711.503563356368,104425.2897392072,17.388781967887184,0.0875773357499196,72.65166675558652,1651311.0,,666,162
1387.0277007453133,443.37182893764816,97326.50667352404,15.876249099156338,0.1607559452592093,88.8383075353286,1493579.0,,666,275
252.44903380683198,1790.6996880116146,170607.94668549448,27.657781378457653,0.10384687375378969,60.22936104090074,1806664.0,,666,59
873.6857874129413,1585.3080653585018,116042.78061698395,17.065003143501315,0.05352096186855402,78.6746028596766,1605221.0,,666,200
897.0870645782717,202.03770719820585,209474.70623220073,25.791151631795845,0.1745837267248294,70.76949922305838,1725586.0,,666,110
1892.6082331693979,992.0567643817725,139102.67835127178,21.61438607282153,0.20812698878585134,72.38573756621902,1666823.0,,667,2
1451.7512543319713,1712.1715349772041,96039.55147621555,17.166519914501595,0.053161745048620423,70.61157733175287,1670858.0,,667,162
1386.733196582916,442.30621196554176,98773.17756548099,19.63777805680488,0.1812813063134114,84.80485920748208,1526067.0,,667,275
1991.0899633115655,1185.3782179027296,104162.01186164848,18.790390891643916,0.21397430886831886,70.96640937864609,1675504.0,,667,468
252.04055118276037,1788.7335577988065,168511.8680618765,27.21653887887109,0.04793969995775809,56.41829545602364,1850336.0,,667,59
873.5231204703101,1585.536427260568,114074.95475570466,17.902601445357227,0.05804594592206673,77.70821826961748,1606532.0,,667,200
888.0715607171895,204.80250184751557,210784.78396850152,25.0033625383897,0.17583073763200907,70.96640937864609,1745726.0,,667,110
1891.2693663958066,992.121438634148,127430.45487768034,20.018452878879177,0.1907674673902736,69.67058822201918,1683702.0,,668,2
1452.1878299392872,1711.647145848323,91196.21959046672,16.423395133466425,0.10553653965322046,66.72156861473793,1701797.0,,668,162
1387.0707750917836,442.0974624665568,93277.85880575636,17.083804466624084,0.19209058706247142,82.94117645478472,1544801.0,,668,275
1989.396582842875,1183.0366113786338,103344.70586266177,18.82516084750795,0.19057232733449891,69.67058822201918,1678268.0,,668,468
872.7679292649982,1584.9416999326302,109981.10586139727,16.743827212817838,0.06066190612853776,76.6745097893121,1615110.0,,668,200
877.9290349184474,208.55265257742448,206501.78035281028,25.312341798530696,0.1655474565056559,67.8274509674684,1748981.0,,668,110
253.25314322974788,1789.1855523025554,168467.90585025327,26.544412456185135,0.12394576548206651,58.61176469471454,1820981.0,,668,59
1386.7800930239355,442.7291563905544,94388.30550014919,17.326322201513044,0.1907976291293481,79.66480169582145,1574238.0,,669,275
1984.601150830756,1176.4484427821333,95894.34960839877,18.721060094435988,0.2370925399916827,64.49055375376022,1723922.0,,669,468
1891.1194576355208,993.1698860403675,122441.69638303488,19.51455916692983,0.2095828771473949,67.93924646786505,1699913.0,,669,2
1453.146427465815,1713.0595925732969,91349.66234975142,17.241906872129597,0.08491907474706697,65.87003083940216,1711561.0,,669,162
872.1028469792454,211.66603763825694,206692.91451934434,27.55630260412786,0.21990986252462114,67.93924646786505,1758079.0,,669,110
253.95302561325565,1788.7166316938142,168131.01206730984,27.569883863917603,0.09099177820727541,55.52395269708768,1856592.0,,669,59
874.189253784462,1585.2294424092925,112406.00058498984,17.723658839006237,0.07670561351764128,74.8366318960747,1634326.0,,669,200
1981.2995140218081,1170.463138258885,109437.94053329178,18.971331235588888,0.253458758697467,71.85033247575197,1652356.0,,670,468
1891.803391806604,993.253674655436,127818.32002995914,19.203313568085537,0.21227589002422462,72.99081394362105,1658775.0,,670,2
1452.7401890531505,1712.3429495227315,98411.76570193352,16.798898036776993,0.07158506288991871,73.75113492220044,1647526.0,,670,162
1388.9030437147198,443.692117847833,101356.48885197149,17.741400782554056,0.2303948123716018,89.71787547236754,1486707.0,,670,275
252.43593256801142,1788.2858304468361,178128.37902206782,27.119357548169088,0.05695385709577875,60.82567828635087,1807494.0,,670,59
861.9210060350168,216.9765092367871,216631.03337732793,25.29374397321262,0.1658771561603535,73.75113492220044,1718888.0,,670,110
873.8850092464561,1584.9321509589606,112447.29096650898,16.310640264083887,0.06528272625607265,83.63530764373245,1549371.0,,670,200
1891.6526661914384,992.8973748104,140481.5058561434,19.993729219476513,0.19393285924539294,74.91764704484619,1652353.0,,671,2
1453.534117989068,1712.0993990766206,98421.08233457882,16.919771008005743,0.09335567559239616,73.78823528035103,1633491.0,,671,162
1976.9708115952044,1165.0031406557716,108961.88233261224,18.86987382949014,0.209333716005441,73.78823528035103,1647127.0,,671,468
1385.1423498538632,442.22879626222726,108455.9058621184,18.58947573185203,0.21808551014670916,90.72941174777856,1481444.0,,671,275
254.06354598360377,1788.7620656613037,187405.92937680052,27.41356083432837,0.08124725046946336,62.8705882235644,1802459.0,,671,59
853.2873973306404,220.54108259499918,215471.81172450545,24.673855946900066,0.1204044181035965,72.65882351585586,1725670.0,,671,110
873.2411677974865,1585.5503890317927,117964.04703681506,16.7234660737204,0.04534582952065749,81.6941176318172,1562350.0,,671,200
1891.9040380969782,991.7813791882694,124996.17254901961,20.934305289478484,0.21062399676178817,66.73333333333333,1724581.0,,672,2
1454.3045429920285,1712.5797207204218,96831.49411764706,17.612580707498715,0.10113015864484937,68.87450980392157,1682268.0,,672,162
1387.798931973844,442.5345009511635,94359.14901960785,17.3842233819908,0.18938143968819562,83.86274509803923,1537205.0,,672,275
1973.8804622849318,1160.8132665059236,95907.57647058825,17.873663313359366,0.2209238393921983,65.66274509803922,1716534.0,,672,468
872.7683205651574,1585.092885165942,107698.32156862746,16.35030410114683,0.057532596389873444,76.3686274509804,1615810.0,,672,200
848.2609927664678,227.36476720891937,204146.18823529413,24.931092467081747,0.15806784243528335,67.80392156862746,1764115.0,,672,110
252.9580593307029,1788.2176179190838,168498.8117647059,26.498897802683945,0.04464487691454452,57.811764705882354,1831444.0,,672,59
1386.7574080926215,441.9928625028962,103371.73916965706,17.924639745365628,0.2314531874983189,86.86490494827274,1509935.0,,673,275
1453.4931505324478,1711.9353604689993,96341.40136876126,17.012134038322912,0.0897258855382478,70.77881143933334,1669633.0,,673,162
1971.2675656788383,1157.030828288888,112023.91266499858,19.599774840818775,0.19307227532734894,68.99146771611785,1682749.0,,673,468
1892.3732662539514,992.8874912556608,135926.0602755593,20.94249252204921,0.2010543540037969,70.77881143933334,1687443.0,,673,2
251.58392591937957,1788.224209843359,165839.40229603837,26.61979703867312,0.03700656881339423,58.26740537682492,1819535.0,,673,59
843.8261372998345,231.59257111801887,206535.43152993184,28.177283874006417,0.23143803869549548,69.70640520540405,1736165.0,,673,110
874.1360440119843,1585.2031874342595,116568.05534690164,16.878717597953635,0.05981963396985218,78.64312382148148,1600208.0,,673,200
1966.6244417582895,1151.6825676585333,97517.25786896498,18.587966544822226,0.21347744399869492,63.87886127479122,1730508.0,,674,468
1891.738581360305,992.1920563254869,123661.0053027439,20.273772914050955,0.2206457064863413,68.11392390074423,1707597.0,,674,2
1453.084438044737,1712.3048813006644,92646.23000534803,16.76350035281256,0.09860842982895128,66.70223635875989,1698658.0,,674,162
1387.104540746509,443.005299805699,93361.2497453631,16.91716343740327,0.20876164329822694,82.93664309157977,1547926.0,,674,275
873.1242862456685,1584.568230019773,108162.79362306886,17.037043867666263,0.0793840069989031,75.87820538165808,1615902.0,,674,200
837.9908042608936,237.2460079977937,204751.16108940815,25.3940942562848,0.1696802677789617,65.64347070227164,1781431.0,,674,110
252.86848519489394,1788.9009270026477,161155.77933973336,28.574200922862975,0.0788064266571446,53.644126595404785,1854179.0,,674,59
1387.11081146718,442.09904560991436,100615.44956499209,17.182679137038583,0.17542676515411754,86.79939320823725,1523781.0,,675,275
1454.290027371177,1711.8519933357134,91938.06316749801,17.24388807632241,0.06553997199611576,70.75244656469758,1665367.0,,675,162
1890.48882714757,992.4009579964124,128902.93416755722,19.87737748386329,0.22741167909443552,72.9406665615439,1665708.0,,675,2
1963.7788336042863,1146.5049965490284,111493.82057598073,19.132224821486712,0.24669326812334189,71.84655656312074,1665577.0,,675,468
251.8607161920074,1788.702720457782,168767.56136677062,26.36848179587418,0.08165740440082205,58.717236582042844,1817658.0,,675,59
834.3203287501733,242.87544400473604,205143.43648434538,24.35378229863639,0.11955025980648103,71.1171498975053,1738420.0,,675,110
872.3303322572896,1585.3511357690752,110830.06051027069,16.45196263999246,0.045241019830869755,80.96413988331373,1574055.0,,675,200
1891.4036165526834,992.022883346951,133157.73770133365,19.886698836103182,0.22049567958619284,73.78682522387568,1653436.0,,676,2
1455.0876189669837,1711.6592685526919,97820.62476018918,17.747483649907267,0.05921108785873112,72.65743504187758,1647449.0,,676,162
1388.652849145674,442.71375555277046,108136.8511459538,17.652684488155227,0.2118911285782795,88.8453609838503,1502662.0,,676,275
1960.3738951510034,1140.331911758061,108311.9066241635,18.59055756157442,0.19903126335240706,71.90450825387884,1663872.0,,676,468
873.2699628817331,1585.481012328218,115520.42769246336,17.597877981274124,0.04170456819054621,77.9279225578687,1606855.0,,676,200
829.7777888946259,247.88876938277076,210710.70271877898,25.403430540545283,0.09870872772125834,69.64572788988265,1735741.0,,676,110
253.08812922806732,1788.9755939009262,176631.3539769864,27.02594912095904,0.053825131100655135,57.97536267590232,1833089.0,,676,59
1959.765208989163,1132.5401248267244,104315.26129287227,19.644269700545422,0.19108041186109662,66.95871131791887,1719680.0,,677,468
1387.9658790826963,442.2922753374054,97378.62373102232,17.94197883289962,0.184833164653399,82.62989907317647,1551491.0,,677,275
1454.5446741799262,1712.139841921837,92691.87010212608,17.779852371246573,0.060422336965909415,69.80801818251116,1677139.0,,677,162
1891.1062744579428,993.2377236906171,118500.53551824499,19.5147745182135,0.2106606084320777,68.73952810828905,1700244.0,,677,2
874.1262407822805,1584.6929005090733,106064.02338101578,16.87876222971276,0.040671647920281384,73.72581512132557,1638785.0,,677,200
253.87119996809304,1789.7938676569645,160740.79745910957,26.006435608761183,0.07921385304320198,56.62997393377181,1839746.0,,677,59
825.543630511244,253.95696903641138,195740.61449368708,24.76181737508124,0.09838174666142575,66.95871131791887,1762294.0,,677,110
1386.177677493448,443.0721899938161,101211.13725490196,16.207009516088327,0.14335763273017085,91.64705882352942,1461049.0,,678,275
1954.5625676281966,1125.5192657887096,112930.03921568628,18.791188167279824,0.23414877652491703,73.76470588235294,1651697.0,,678,468
1891.7737045793692,992.6271019355818,137561.11764705883,20.091943959231326,0.197798693626571,73.76470588235294,1658765.0,,678,2
1453.7061399998545,1711.6507061108969,102408.50980392157,17.14304553160645,0.10208881001808204,74.88235294117648,1637959.0,,678,162
873.065135379416,1585.4666005161055,113763.05882352941,17.110119883677516,0.0677114849439101,80.84313725490196,1586273.0,,678,200
824.724518600932,259.5369523705411,211290.80392156864,25.782895397293657,0.1084826873475226,70.7843137254902,1727462.0,,678,110
286.12351738908274,50.230181120424426,137072.70588235295,20.269468827694123,0.3382101949482767,95.0,1464013.0,,678,490
254.00413399617526,1788.2805226717608,177082.60784313726,27.376791215457153,0.0807756091103741,57.74509803921569,1842788.0,,678,59
1386.991285185884,442.4484070900424,101344.63558827201,17.864437891958776,0.16765026494460508,82.98036028815334,1554487.0,,679,275
1454.2805319562663,1712.4261142896091,89986.42818569964,16.865650482155047,0.06873681413496337,66.74507240568856,1695344.0,,679,162
1890.9127145201287,993.2184990068226,116970.5589988816,19.261950289498934,0.2126905025250347,66.38428823052267,1712603.0,,679,2
1951.3529043190017,1117.5464896530582,107099.14318216786,19.417300653206574,0.25221504452522847,65.6627198801909,1707211.0,,679,468
253.71308371530915,1789.019865646129,165684.7206823048,26.597798323393224,0.09460608929429667,54.83919462521438,1858770.0,,679,59
290.62188007069255,50.73367301590583,139633.5777461018,20.035743830210315,0.29532647609751866,91.99996466730045,1495895.0,,679,490
821.7702293813675,264.16133507948507,208545.1591236615,25.816124102860353,0.11878267769028178,66.38428823052267,1770348.0,,679,110
874.1465214631745,1585.9868850547914,111413.03956462634,16.932075846808036,0.05342952333613134,75.76467678483566,1621243.0,,679,200
1947.0633739938812,1112.055906064943,106256.28396944067,18.987776393910416,0.24371418186046176,68.71311316449734,1682101.0,,680,468
1891.6866063192695,993.3512015413128,123649.77033580611,21.162800839505778,0.23313997289883437,66.96912552072838,1703504.0,,680,2
1453.8685646089584,1711.8572039036785,90601.90208144167,16.580729494099042,0.05043317042198211,69.41070822200493,1674443.0,,680,162
1387.4173214988286,443.5075421504965,96631.91375853725,17.07828231030829,0.1888157728910788,84.75779948717185,1535993.0,,680,275
819.9276712472688,272.6094706999604,212474.54900824718,25.46476018909061,0.12747638760694205,66.96912552072838,1765845.0,,680,110
873.2910962593907,1585.2013503674657,106832.1486894132,16.631562565704126,0.06950361209654443,75.68906373957321,1622510.0,,680,200
296.4866810465999,50.73547315847965,132760.36178685518,20.80497955389588,0.3206950162108872,88.59457230346358,1518950.0,,680,490
252.12578260369838,1788.575820663123,160837.86525647808,25.90723236957678,0.07663227008946491,53.71481942808422,1869727.0,,680,59
1387.9074135603046,442.8437192927886,102840.94675693716,18.053406987695283,0.23301938628249616,86.87794267836863,1517800.0,,681,275
1453.8346627623373,1711.881474850779,100303.31111744892,17.666298010754556,0.0727487045665048,70.88367708067733,1666281.0,,681,162
1891.5871504860195,992.8058472338894,121163.83202323779,20.147505227165848,0.19047538246802803,66.8851106812545,1721086.0,,681,2
1945.577013902575,1106.0482907888959,105135.76036416955,19.164768853135715,0.24345920034415477,65.79459257232101,1700017.0,,681,468
872.6638825876985,1585.496633106057,111851.53438501834,17.561585972143618,0.08375458789370051,80.69834006107881,1583975.0,,681,200
817.0713532483385,280.11438864776886,214410.40045777804,24.922536437135133,0.12761421430824407,67.97562879018801,1771412.0,,681,110
253.02738580378323,1789.8894488517383,167339.27680377255,27.56795295161694,0.07913472336577784,57.433953737164195,1832539.0,,681,59
1384.9983241005393,443.27039072398856,99016.18695324926,17.11397720181721,0.18821812366431814,86.43529299849749,1517531.0,,682,275
1454.4825747504647,1712.284363914126,99311.59871413019,18.53299458380575,0.09616529779057308,68.92941087221952,1689779.0,,682,162
1891.5479376055994,992.8481469132032,130160.24537353066,20.580997323218256,0.21457145422458726,66.74117560643477,1710998.0,,682,2
1941.9199728265805,1099.2523749495947,100392.22222955023,17.930316785322418,0.20279437915956797,68.92941087221952,1678909.0,,682,468
814.5218846464004,287.5133936179371,207586.57378279234,26.123792778868633,0.17156727476891076,66.74117560643477,1778511.0,,682,110
873.5392509588083,1586.1261175104949,110593.77503863872,16.82589806901537,0.09522842866506165,76.95294018009692,1626405.0,,682,200
300.3538617923167,53.49777591751527,140285.20994831668,19.440150315220034,0.29104418450041103,92.99999879585172,1491279.0,,682,490
253.93671820260454,1789.6612487672448,166043.65667362418,27.434286446600716,0.060308849635237624,53.97646988935708,1861954.0,,682,59
1453.3125339678902,1711.76442441869,100403.15280623124,17.0566118099024,0.10871925604753423,72.63407623065686,1646603.0,,683,162
1388.2263435484326,442.72089330479116,104719.9028798786,18.281595532268938,0.19775175923992,87.75081290810321,1499881.0,,683,275
813.0313022339759,296.4230137399482,205362.34256668697,25.231163040566774,0.07683918524809107,70.05316996865382,1717974.0,,683,110
1891.0651714671758,991.4001436935681,137531.33288961777,20.60293026272752,0.21679224845669146,71.52797354694127,1680175.0,,683,2
1941.766145517185,1092.4049807234846,112370.81514313932,18.30024377312195,0.20074118200528784,71.89667444151314,1661919.0,,683,468
298.37237919064836,54.24367746285039,132346.66091014823,19.14707291814499,0.28884726956504814,94.01872811582487,1465977.0,,683,490
250.01402242017554,1790.9479369688725,169120.88813474576,26.908730002262196,0.09898532456314224,57.88604044778237,1823721.0,,683,59
873.5816508369827,1585.954232939645,116691.62092662697,17.00674277354592,0.06550914908605952,78.90199143837852,1605543.0,,683,200
1453.684910791738,1712.1161700232105,94337.99555098668,17.06045292693038,0.07964394456448168,70.77616715428162,1664543.0,,684,162
1386.4260928729375,442.00088237795546,104023.27167500541,17.219028931214844,0.14452131015240707,87.73295720166159,1509872.0,,684,275
300.41197325112745,56.94559972021424,130698.88280062827,19.671674698318753,0.27435011098915785,93.63097113118506,1465717.0,,684,490
874.7160017049197,1585.45184247575,114160.48311637387,16.778787542715595,0.04224525024540503,79.99181391916204,1592722.0,,684,200
812.8589276472594,302.2998533940066,212969.54185180995,25.512936419075597,0.11888767232343173,69.30166367190076,1748573.0,,684,110
253.32278728836124,1789.858684489035,164749.59171924964,27.451451078128276,0.09565935418878488,58.24288755404425,1814102.0,,684,59
1891.3406675107678,992.9209060392367,131885.85810394486,19.676662234922432,0.18590057597884693,71.88204476606727,1681294.0,,684,2
1387.1944580469144,443.89937445002045,98953.05244825443,17.272402228233283,0.17866671894314803,84.88945629965752,1534837.0,,685,275
1455.2218682791738,1712.0833235129483,98932.2854997176,17.681348422824488,0.11020456262435287,69.58749421989093,1678929.0,,685,162
1891.472858440562,991.4450392608206,123931.68388132105,19.779117005168523,0.17178325834314737,67.76583206753777,1709370.0,,685,2
254.32929517029015,1789.1678898143448,174399.7408149741,26.77007446837149,0.09310099361566991,57.92885644483067,1834904.0,,685,59
812.8295316040004,308.03902087654154,205354.88143748097,25.25988293265457,0.15692794453357994,68.85882935894966,1761289.0,,685,110
872.6705888733972,1585.6906189280508,114192.34934998008,17.00202754536135,0.05388539987494509,80.88179956448056,1571725.0,,685,200
303.9771282827836,54.88459965514192,131847.5345981565,21.669255236185123,0.33489778488621785,92.90476977001146,1477966.0,,685,490
1890.5597671727621,990.4547523872974,129696.48293015141,20.305168488340648,0.1636537583563036,71.62662106490005,1677618.0,,686,2
1454.7176790186984,1711.9386875619557,100164.33439521278,16.861427208982562,0.07102546642209197,73.90048205108737,1641928.0,,686,162
1388.0952259155813,442.3517933083017,111126.99718645279,18.555813062344097,0.19591662025311973,89.81750895439848,1502393.0,,686,275
253.39635199097157,1788.6466572901227,179992.77203729044,27.130829757722882,0.08543062505289223,61.77322345808841,1800489.0,,686,59
809.0114950554678,313.667273568355,217098.77254038793,26.393948942892724,0.17892802625181262,71.24764423386884,1731026.0,,686,110
873.1483996304405,1585.6691177401187,119776.38540107827,17.09465385617179,0.0471721294899511,82.61694916480536,1572505.0,,686,200
305.82241996175435,58.63530421730101,147446.2417883295,21.396547064096946,0.3093844204802787,93.98625409574187,1474037.0,,686,490
1891.4829451893672,991.2397827465763,122472.39378996186,20.052079639841683,0.18800734689580267,68.92579981568832,1692822.0,,687,2
1454.5918327457257,1712.2284257032852,98887.00621599355,17.057028181606434,0.05988470737324688,70.74923367324621,1661151.0,,687,162
1387.731660377644,442.84002692054656,96453.08670292527,17.412306274507813,0.15673609281014922,87.8895119342904,1507266.0,,687,275
254.08844894043628,1789.0421988972241,168788.70783224684,27.263480584126324,0.07817967208016113,56.89113635580623,1839391.0,,687,59
811.8173162024372,321.04450854996696,208085.53089647696,26.06684517802115,0.1590047349313994,65.6436188720841,1785099.0,,687,110
873.0269958130029,1584.9496162474122,109571.59924773977,17.18952018524598,0.0845264838045639,75.8548484744083,1625359.0,,687,200
307.29882979993704,63.94314000065132,134381.24031367246,19.016750039330585,0.2788536304223827,92.99512673545249,1488379.0,,687,490
1892.9044630088197,991.7217611363575,121920.17379387484,21.619141772091925,0.20448847380965865,66.72154784768549,1712754.0,,688,2
1454.8119214586254,1712.3704977066827,97247.57755634205,16.833335278677673,0.06149567407563058,71.8823305541363,1650701.0,,688,162
1386.9006055505072,442.84711525570174,98982.33780038187,17.523846549845896,0.18057975209520669,87.73330600966379,1507719.0,,688,275
252.03592562293719,1789.5577259835823,169878.5902302499,28.457998176861,0.06620127419891104,57.505864443309044,1819806.0,,688,59
812.1468862573084,329.5628667032196,215813.97984569622,26.152894949065473,0.16437743766778123,66.72154784768549,1771410.0,,688,110
873.6013123596625,1586.219790657768,118366.60627314729,17.13272936994008,0.06015434955111098,78.88624994146241,1605389.0,,688,200
308.8951658857794,64.32377274070322,139730.40354117277,19.930392964419422,0.2984174849612483,93.99997072463978,1471284.0,,688,490
1453.9925187654894,1712.8457967086847,101137.69428820044,16.425649383598234,0.09279044636988464,74.65367275004007,1624283.0,,689,162
1389.2420974464799,443.6178787460399,96646.93325881155,16.532591122466997,0.1918147999786375,88.71885747106212,1494497.0,,689,275
253.85734832207282,1788.809527452519,164995.0755046888,27.685581873913083,0.11619575855078715,58.063967694475615,1808025.0,,689,59
813.9128303680495,337.6687860651255,211684.27586324044,25.991204981206877,0.18152277118901608,68.16204903264529,1765932.0,,689,110
873.4284417998786,1585.3317925435047,114067.92679596462,16.69447360150792,0.06630589857731267,80.78465070535738,1583579.0,,689,200
312.6092013552891,68.29418659484979,132306.14362998528,19.360968942054,0.2867260934955765,91.96466932975952,1490347.0,,689,490
1453.3617054756917,1711.4297538578817,105410.89228631735,17.72719315252885,0.09687954214026626,72.98366164879495,1660807.0,,690,162
1387.3063095727844,443.0423903721316,105728.26063318408,17.97279579469404,0.17657489951579822,88.83364877454333,1499943.0,,690,275
253.53343834145826,1790.732913447493,167555.74297156272,28.579638981801175,0.13342136386931064,59.71390498537768,1798831.0,,690,59
813.4181150955196,343.69591169683207,218666.79099117665,26.61302740528226,0.1392901601628839,70.03482683470222,1744106.0,,690,110
873.8490789218538,1585.6875573653933,114053.55852207137,16.96249555858296,0.056470734083388256,80.72435303578834,1588192.0,,690,200
317.42700113899906,72.32310246874614,134302.83858609435,20.280419096218967,0.3313975412479692,92.88829664392084,1481804.0,,690,490
1895.1310732053228,995.5496548591183,137326.13073816907,25.012614957374236,0.2574537840362669,67.7098026420011,1718944.0,,691,2
1454.8831780592484,1711.3947151979185,101748.81376344392,17.375579444078447,0.08779425318548328,73.79607703678771,1637962.0,,691,162
1388.136028508233,442.35020889653475,105251.46467764363,17.55645669794107,0.19961045864334717,87.87058657473175,1509184.0,,691,275
254.93574266519875,1788.140518903646,179323.32602294508,27.22094155604643,0.11329309710221896,56.67843030145035,1851763.0,,691,59
817.775593328368,350.9738498667965,212465.75284760594,26.442648319205915,0.15237347345227706,68.85097909102358,1745841.0,,691,110
873.4515496533801,1585.8995732886683,114462.28018985382,17.483255723405264,0.047398824818803496,77.9803906832035,1611415.0,,691,200
317.8970591335512,81.34973121113103,144351.21295835153,20.305074680070867,0.30038348732238984,95.85882171788919,1472539.0,,691,490
1456.2143058137037,1712.0451782024984,98501.95101861142,17.55506400471364,0.09701311713783191,71.84705742121565,1657776.0,,692,162
1387.7562931902999,441.2746512848893,102807.66858163108,17.800847156630127,0.1668261978066833,87.89411593153793,1513886.0,,692,275
253.20051725817737,1788.9207106985643,164705.54972644692,28.120025203965145,0.1113591649703476,58.352940037535554,1810941.0,,692,59
819.803390290302,358.85058582348375,212414.91350113598,27.190772934620263,0.15519954669457336,71.48235154598105,1731689.0,,692,110
875.1183635641466,1585.8856374304507,112939.56250152341,17.17566020520444,0.09264174652194378,78.776469050673,1600229.0,,692,200
320.5073579870377,82.75365138627788,138710.40905735054,19.869670005712386,0.285979362639575,92.99999818482229,1485144.0,,692,490
1454.3392735223044,1712.130489816271,90992.90196078431,16.590529223887234,0.07653214238543952,65.96470588235294,1702347.0,,693,162
1388.8923317984138,443.0152674739206,98230.8705882353,17.660786455986,0.17499376408553202,80.97254901960784,1568802.0,,693,275
874.4295381918209,1585.6452002237247,106706.81176470588,17.087896950586842,0.09396211682792062,73.99215686274509,1641431.0,,693,200
254.15988598301587,1789.7014983760191,165055.5607843137,27.7999944823714,0.07963388914487217,55.49411764705882,1854845.0,,693,59
325.21197848660074,91.06152459118323,134718.77647058823,20.729952038571685,0.28409151978977065,86.90588235294118,1536538.0,,693,490
822.1938237401808,368.2096767004173,203582.43921568626,26.480540954975357,0.1857328652251613,67.01176470588236,1771706.0,,693,110
1454.3706039666713,1711.6339331261884,95379.42966369969,17.34680463470557,0.10035135600380134,70.40405272058094,1671161.0,,694,162
1387.8647237806133,442.7758824906201,103942.18434798814,17.02586437967875,0.18332728838450363,88.83443301392673,1506088.0,,694,275
873.6317208919373,1586.2791048211166,113714.34058712595,17.27727951388325,0.084546383474918,75.93316680858467,1625619.0,,694,200
255.26449042461581,1789.5307172340745,182352.3942679985,27.289716574971962,0.13730573189680914,58.97721693870654,1838870.0,,694,59
828.434116191973,375.71851435529953,212493.80680734204,25.621257548667767,0.17874544949992746,66.71797666191178,1774240.0,,694,110
325.8416859044456,94.50383540561339,136519.3559469003,20.776492117488417,0.3302319193395937,91.78329386086205,1485675.0,,694,490
1455.4760593572041,1713.5833844577087,93454.00784313725,17.132054135687515,0.05640432798506738,65.76470588235294,1699408.0,,695,162
1387.5026141308101,443.09453691553284,97662.27450980393,16.766795149138517,0.17918723242225815,81.95294117647059,1562647.0,,695,275
873.5491791083396,1586.70646816053,104271.12156862745,16.499542864610472,0.04749038823153986,73.85882352941177,1636439.0,,695,200
254.22758337830544,1789.401860766325,156233.33333333334,28.481305444956234,0.09600602370300608,52.61176470588235,1855215.0,,695,59
328.02019938268717,99.24153781349072,136909.63921568627,21.167450141169816,0.2908769099422701,83.9764705882353,1562803.0,,695,490
832.5683388007943,383.15297292143083,201603.89803921568,27.24335309880789,0.1725439174603439,66.7764705882353,1767066.0,,695,110
1453.9483259916917,1712.9031397395015,100085.36076583336,17.7355960726948,0.08291441179542845,74.17647057453891,1634579.0,,696,162
1390.0978987131327,442.7226378498199,108453.98821526853,17.803063175669784,0.1638735479596891,91.67450978699424,1478153.0,,696,275
873.430707065363,1586.673486123557,115037.81566503324,16.70556052682907,0.05101574174607965,80.64313724001153,1581116.0,,696,200
840.4182557640275,390.11590585364854,223258.24309603116,27.36675686749718,0.22858351949122896,71.13333332019884,1730650.0,,696,110
330.28905481964955,107.19231724249764,150131.65487423958,21.68481291338685,0.3519412459425371,94.7176470413343,1475140.0,,696,490
254.70818189818277,1790.2145597747174,172903.45094846623,28.22570797140589,0.10873334354397107,58.96078430283862,1813471.0,,696,59
1388.6452434489634,443.5464084819642,99158.68235294118,18.30970122740479,0.22224925312968377,83.70196078431373,1536948.0,,697,275
1454.1805723335297,1712.9358131997642,97960.15686274509,17.60540704579377,0.06102433908714354,69.99215686274509,1683014.0,,697,162
255.71316183273413,1789.0926881466717,174311.85882352942,26.77377043306803,0.12877778589393712,57.72549019607843,1839821.0,,697,59
843.4732673062822,397.070775972763,209606.30588235293,26.701386442984624,0.15227909011592491,66.38431372549019,1772901.0,,697,110
873.9016992406529,1585.8697106325042,109706.21176470588,17.52375846618387,0.07538889694886919,75.76470588235294,1622172.0,,697,200
330.48527753898105,114.35004452772301,140172.6431372549,20.510190222811033,0.28877828879285244,87.67058823529412,1532242.0,,697,490
1453.969944026221,1712.7164718559648,100569.0997159688,17.532310317071822,0.08410706913534713,72.62312078206885,1660043.0,,698,162
1387.0411155317227,442.75063906667435,97888.81738783058,17.245757188314155,0.23279807970283703,87.67454477835255,1495389.0,,698,275
874.0016088197458,1585.9423321880897,119049.61438420582,17.451651891402385,0.06740616420694368,80.90140398002488,1581814.0,,698,200
254.70178335679856,1790.248406777282,171583.97584403472,27.651019241119954,0.10601126266521554,60.205695985134795,1799011.0,,698,59
331.22355006522895,114.87825809187886,140179.1796757888,21.251394955191525,0.316264422242589,90.68482957760929,1515189.0,,698,490
849.024271286183,399.61288309551287,215868.27552590062,25.341570840790457,0.14513459960559544,70.74169278253339,1739527.0,,698,110
1455.2459656636784,1712.8276650575297,103721.41174535465,17.138905188727804,0.04185554421968051,75.6705882211763,1630862.0,,699,162
1386.362128736732,442.826267177453,105446.02350973878,17.361869494812858,0.17588306842805673,93.74117645309902,1460251.0,,699,275
874.3841484309982,1585.4485174850279,115352.47056671407,16.42507258479069,0.0677173628582447,82.44705880814732,1568388.0,,699,200
254.78186370277248,1790.1076167097037,177284.517613983,27.183585825939353,0.11912027493556122,62.8705882235644,1790528.0,,699,59
328.93223058850026,115.69765203904566,147095.3411490271,21.548934624551556,0.3241288645830348,91.85882351227373,1492612.0,,699,490
859.6662448137507,402.59758562241126,214776.09407757645,28.070697025336287,0.23262069294524684,72.28235292769081,1717658.0,,699,110
1453.7120924648143,1711.7225833228338,98202.96634918381,17.227643224265314,0.04894301780708175,69.87100261268424,1677466.0,,700,162
1387.500468074357,443.0837221570055,97960.60130887106,18.39060943813151,0.2044839674968906,85.88310737809104,1520487.0,,700,275
873.7467600211824,1586.7071255751418,114762.03005691804,17.203833463242397,0.08090277342663049,79.69661235509297,1583789.0,,700,200
865.4102107713936,406.07689508917514,213041.41781520948,26.223103627588994,0.15776579506232058,70.59882555656637,1729497.0,,700,110
332.9606289797777,123.21799323803491,143046.68530206528,21.22175749891491,0.32605049638027533,88.79439915361955,1515640.0,,700,490
254.3321812937574,1789.0638577231123,171841.18051940194,27.184657813339722,0.08538833537293906,58.953658454452324,1823516.0,,700,59
1387.004853777004,443.1040056362072,108473.27136195257,17.791933577079227,0.20141362987263667,93.69071379752302,1465370.0,,701,275
1454.265083022277,1712.3450169125938,104928.45564933101,17.627631244415593,0.10014485826621625,76.78964385757769,1616866.0,,701,162
874.4934426756713,1585.1728445087635,114247.55864839129,16.411401289889817,0.07354826740672815,81.93344775234365,1565130.0,,701,200
254.6802324840629,1790.4808585007029,173020.66194998726,25.77072926152076,0.08762390218392295,57.684086534161224,1833981.0,,701,59
335.73977054784444,130.00670060211797,137356.83247475524,20.11334863235972,0.31699295624841867,88.9143244666689,1521234.0,,701,490
875.0045984805762,408.83984032249,215647.73224047676,25.600825255244725,0.14921020513526131,71.64583996281172,1721967.0,,701,110
1454.8645477676532,1711.8918150910845,101703.57647058823,17.256748955877104,0.07089928459985385,73.72549019607843,1639873.0,,702,162
1389.318848001196,443.0988992094492,98620.74509803922,16.60012535189025,0.18494272884019983,88.83921568627451,1492711.0,,702,275
873.9496963329318,1586.3440919457755,115079.59215686274,16.95722250623466,0.05394765463935607,80.72941176470589,1582824.0,,702,200
881.9939322937006,410.6294030355888,212390.23529411765,25.87675631199373,0.13197649884497809,71.88235294117646,1720300.0,,702,110
333.5594962955999,133.99296464302222,141155.9294117647,21.690233384638287,0.31617564045371854,91.78823529411764,1494195.0,,702,490
254.2213996080359,1789.8545826097595,171728.4156862745,27.810238748215955,0.10669189177957328,60.45490196078431,1802594.0,,702,59
1387.0665456034467,442.6495789492425,106630.26551508032,16.88466003674951,0.16159886474149193,93.4004355310216,1453123.0,,703,275
1455.8673497656046,1712.123796092089,105530.72217647123,18.041268823962692,0.07953828937510457,73.65725403665931,1657395.0,,703,162
256.04660604997264,1789.294260679306,183940.00812819664,27.804700642310653,0.10371898396770864,60.36857418468469,1810057.0,,703,59
873.437231171595,1585.8082608444818,118459.84831930813,17.26776376780171,0.059431481794609234,82.7694916494419,1569688.0,,703,200
891.3778753688122,411.02694889902745,222362.89705219606,26.060333462034638,0.10559702150492316,72.89790090226076,1710717.0,,703,110
335.1975297454781,133.61521859116408,138267.95450666148,19.93384546803544,0.3068132816383355,93.78011209822087,1474912.0,,703,490
1454.869038013103,1713.0456564385388,99590.17216134825,17.596670951899018,0.09562492836989243,69.66925468591931,1679972.0,,704,162
1387.7118774990913,442.6660235438861,105463.76953788497,17.925865399164934,0.2077034199659634,88.8375152344262,1505124.0,,704,275
899.6987578803489,411.59426886956584,206579.66151481535,26.470227786134437,0.08754604156993376,68.19477310526493,1742635.0,,704,110
874.546231794449,1585.873605386095,107312.76944002556,17.15873219520759,0.08581483258545007,76.6730421940276,1605678.0,,704,200
336.2185016866447,136.54579771005058,144135.3665741025,21.361933342191705,0.29756469342291253,88.8375152344262,1516323.0,,704,490
254.45618318792248,1790.4877956959517,173311.3022309058,29.271979103571894,0.12312651268574691,56.030300064866324,1835150.0,,704,59
1389.0278851617072,444.0148282661735,96097.0705882353,17.576566141762154,0.19896256823043568,83.86274509803923,1538573.0,,705,275
1455.5787462018232,1711.4594074844074,89258.50980392158,17.131036899028814,0.09571220536731657,67.80392156862746,1691416.0,,705,162
908.3414202166255,410.1774143070696,204109.43137254904,25.478978446982246,0.11446039701443364,67.80392156862746,1750775.0,,705,110
254.5053524896877,1790.0563264814293,165847.32156862746,25.9668589051609,0.11170486545499778,56.741176470588236,1834933.0,,705,59
336.38584768602624,143.47817533026137,137310.43529411766,20.531838589912645,0.3042730120181256,87.78823529411765,1520979.0,,705,490
874.9034329480281,1585.8433916489116,108702.89019607844,16.98542280541782,0.05773750859667493,74.94117647058825,1630666.0,,705,200
1514.1189010473852,2151.534040637067,154170.93161705002,21.486332467008847,0.15743057295577426,71.13328368814902,1689836.0,,706,506
1454.4230384216369,1712.8183135249258,104499.35844058747,17.232598210232148,0.07283727193035652,74.93720260195379,1634116.0,,706,162
1388.0979086837433,442.73489385257983,105824.26339826567,17.85159238494689,0.21473841880121458,90.91366203993377,1482839.0,,706,275
874.6582314390068,1585.4442581888868,118000.22744946333,16.853608005669578,0.0654355566309902,81.78425664680235,1571829.0,,706,200
335.285098565491,145.49435447095152,145977.29027671457,21.028096612748524,0.29839067105444994,91.67444582269472,1493977.0,,706,490
253.05302513200135,1790.563988180429,172759.54217313975,28.323028355098927,0.13477550705036423,60.86270262087616,1796425.0,,706,59
918.4794291099948,407.9474288094905,222788.68372749997,27.122872410420356,0.08823002611423049,69.99210801400758,1733397.0,,706,110
1388.7934793887532,442.8301465857759,102721.7728227188,17.33909991757249,0.20085808518703044,89.89052250720428,1491812.0,,707,275
1506.1834077654867,2159.5086792376183,139941.7786183204,21.956811848719443,0.2474796670402088,69.9938060629219,1687881.0,,707,506
1455.200560913409,1712.9841177643202,103375.52207731665,18.521358235905765,0.08888620706420733,70.70440307878914,1666824.0,,707,162
253.58524771024148,1789.6274646128227,170685.40321130806,27.490465344296407,0.10727541580712549,58.268955301112655,1815952.0,,707,59
925.87349653221,408.59993196706245,206808.9578114265,26.026874484062642,0.07512407468188162,69.6385075549883,1738592.0,,707,110
332.4456333307651,151.6576079628631,147565.41870305192,21.357378897902027,0.2932445354161736,87.40343295166899,1535085.0,,707,490
874.1336529230045,1585.4745384128062,108801.64089047881,16.25003525547189,0.07452519665489613,78.87626876126225,1600425.0,,707,200
1496.785249786004,2161.249307149326,150154.01960784313,21.191149721244628,0.1784891284993592,71.90196078431373,1677627.0,,708,506
1454.649676579301,1711.3833375336021,106435.76470588235,18.41198419710306,0.11400240037950236,73.76470588235294,1656038.0,,708,162
1389.4933249974958,443.4619585303596,107857.7843137255,18.380999219718767,0.19316095742147654,90.90196078431373,1471197.0,,708,275
873.1148831983044,1586.008934898776,116706.94117647059,17.39261128251841,0.04954322660025468,79.72549019607844,1585303.0,,708,200
331.72322280432485,160.33659657847284,152676.92156862747,21.790365686424575,0.29935443633225334,89.7843137254902,1512288.0,,708,490
253.49424760417375,1790.502870165849,169843.98039215687,28.74523521616182,0.17084171622347072,61.09803921568628,1783549.0,,708,59
936.3211973585037,406.348006648664,223910.52941176473,25.00492285435037,0.09133068393036567,72.64705882352942,1731905.0,,708,110
1389.0357364048339,443.76855362537765,94497.2549019608,18.248281382472634,0.21210009981974556,85.64705882352942,1519158.0,,709,275
1493.3915435624713,2157.381792397085,135884.4117647059,20.746445249245525,0.1529881058869689,66.73333333333333,1711262.0,,709,506
1454.07179027381,1713.1309518191686,98309.61960784314,17.372280163834898,0.05954323046063612,68.87450980392157,1687081.0,,709,162
942.2572234438256,403.4532377057603,208383.57647058825,26.16595546695858,0.10063139238188745,66.73333333333333,1770331.0,,709,110
254.35460083632273,1789.5487911528094,168121.60784313726,28.08296728097596,0.11299609060761794,56.741176470588236,1832277.0,,709,59
331.99758807491037,162.37309386301902,139524.0549019608,21.280784992339257,0.30115874863294717,85.64705882352942,1543356.0,,709,490
875.607397347715,1586.4108110572665,109576.84705882354,17.004395161915436,0.054419852058496955,75.65490196078431,1628171.0,,709,200
1494.2814786131446,2151.2384328641697,144010.94117647057,21.78055819439391,0.1933553922589706,68.8235294117647,1708136.0,,710,506
1457.4819581861213,1710.8906200199372,104091.5294117647,18.458504081335107,0.11865433926129554,70.58823529411764,1667672.0,,710,162
1389.102086006807,443.3504714612509,101212.23529411764,17.756396716826885,0.16496789243357524,84.0,1538568.0,,710,275
950.1863585928028,398.7942543815275,212798.47058823527,26.210436285446463,0.05285837736612536,67.41176470588235,1762639.0,,710,110
253.90762378061527,1789.140832855549,170517.5294117647,26.95568032811705,0.07178350107959355,55.764705882352935,1854606.0,,710,59
873.5168330270225,1585.9204977172806,108693.88235294117,17.04481305800635,0.057150189380571814,75.88235294117646,1621071.0,,710,200
329.39171792250767,171.52392675142522,141217.76470588235,22.114273625395008,0.3239943541599736,83.6470588235294,1569921.0,,710,490
1494.2668727277335,2148.968209168873,139514.75948171952,23.448409853390668,0.24489076287806527,66.09812397380715,1730698.0,,711,506
1455.2526206896553,1712.4254329501916,92254.60084044741,16.395174507349314,0.0810302824363325,69.27931710623638,1675770.0,,711,162
1387.3437056529947,443.58264215152724,102619.63499770903,16.943570603880886,0.17567482525781292,85.89221457558897,1524540.0,,711,275
957.516845196523,395.7049418971567,210031.20725056727,26.652709882263842,0.06659661590907986,65.03772626299741,1772451.0,,711,110
255.5191403778826,1789.3737097734725,171530.9940982944,27.643210623073394,0.10670218201805697,57.261476383725984,1835549.0,,711,59
873.1778972211744,1585.8982624934918,113373.1281830306,17.79323365290698,0.06542263480660451,78.11596469631755,1602971.0,,711,200
327.5945417633994,176.26146722143497,140680.84349770664,21.20476364134758,0.2951200753034777,86.59914638279547,1552449.0,,711,490
1498.281600803361,2142.8862341971726,153590.03723993813,24.14007744983754,0.26251288053431615,70.0392147853056,1693112.0,,712,506
1455.2062505679476,1712.5421469463647,106592.97902096844,17.54022172888542,0.08939407963612829,73.76470493346015,1639500.0,,712,162
1388.7102005900736,443.0477121558632,106699.90058822048,17.038366321970745,0.2109646729789665,90.90195961497109,1474899.0,,712,275
966.4909683829711,391.8909412074427,219343.82070782155,25.212942540080242,0.06317169353433531,72.64705788901378,1718521.0,,712,110
255.8825704531707,1789.8540515234126,179841.33101989437,27.878646803125054,0.08839894391655072,58.862744340841935,1821792.0,,712,59
874.6349660229064,1586.1289741477965,120776.29256400764,17.64990643417139,0.10208490333070422,80.8431362149538,1587792.0,,712,200
326.49350678898895,182.42197908318946,147368.09614350522,20.320274779329843,0.2953602609105306,89.78431257052473,1514656.0,,712,490
1501.3971714604302,2140.101165695254,144967.76470588235,21.131961380606413,0.21347899245041002,68.8235294117647,1712584.0,,713,506
1455.1127088370079,1712.5406415761556,97810.58823529411,16.360997726271737,0.08373400671631563,72.70588235294117,1647413.0,,713,162
1387.8707227029142,442.04276959626367,104587.76470588235,17.61067971380384,0.18581551962737405,86.8235294117647,1518274.0,,713,275
974.5487716549525,385.02454326432,209047.41176470587,26.582447197853647,0.08383692153704189,66.0,1775863.0,,713,110
253.08726209221922,1790.0758438024168,164967.5294117647,27.00836307612436,0.09126951592013799,55.764705882352935,1854932.0,,713,59
874.4282213979217,1586.2073927180365,114083.64705882352,16.646240841529252,0.062335998504843664,78.0,1596638.0,,713,200
322.26946168053104,192.46690419755322,140266.5882352941,19.870393445841437,0.2671901176126726,88.58823529411764,1526139.0,,713,490
1507.4641904198215,2136.453786910923,143432.75294117647,22.312889186642987,0.1663742995467788,60.73725490196078,1773550.0,,714,506
1457.0072014706864,1712.750120456921,93109.52156862745,17.852348640204642,0.058215148932637996,64.87843137254902,1714984.0,,714,162
1387.802799440112,443.1221901074331,94920.94117647059,17.3106078730543,0.18681623835062494,79.71764705882353,1576290.0,,714,275
979.8383774701977,379.0653988319066,215669.01960784313,25.791586761496742,0.13785908970734026,67.29411764705881,1784062.0,,714,110
256.73871120616326,1789.4281620369245,170396.9882352941,27.351177376211876,0.12343599797838606,53.14509803921568,1879327.0,,714,59
875.030765099069,1585.6142068512772,115649.25490196078,17.07448340093861,0.05423690047015754,77.99215686274509,1621919.0,,714,200
324.4574439182927,191.44057941576,135915.13725490196,19.8578438877194,0.26414162782824946,83.51372549019607,1568581.0,,714,490
1513.8524077214338,2139.2534762712257,162066.82352941178,21.563272521317675,0.13302087537596946,70.7764705882353,1695803.0,,715,506
1456.1209245409275,1712.2792884051596,101831.90588235293,16.867166424319418,0.05816544972094449,74.91764705882353,1640226.0,,715,162
1388.0475469129542,442.18398486506686,112829.74117647059,18.04925765858527,0.20950214315095828,91.85882352941177,1475644.0,,715,275
986.5014823087466,373.8399191160296,222482.82352941178,26.22581741002494,0.1539063773679364,73.03529411764706,1720182.0,,715,110
254.2350466946099,1790.0309308457554,179186.82352941178,28.820458771895876,0.11278996205657281,59.10588235294118,1809871.0,,715,59
875.5169314874538,1585.643993025512,114865.69411764706,16.684243792510394,0.060142405393605755,82.82352941176471,1567840.0,,715,200
323.6995325617869,195.42153496048303,146903.3411764706,20.006213733414544,0.2723831843938804,93.74117647058823,1488681.0,,715,490
1517.850180094695,2144.402037200205,150534.1429355661,20.981326641612018,0.16500411376746135,67.77600137979476,1716424.0,,716,506
1456.237276273076,1712.5181847916688,103606.54972214208,17.66455698767857,0.11183640638109164,72.877420838489,1652745.0,,716,162
1387.6183676196556,443.34604933963874,98165.1570952363,17.002233155200177,0.21243392444545214,85.99535658941701,1516827.0,,716,275
988.7237008509636,369.3182839460496,216671.85989491164,26.212104371704914,0.1451923270418379,69.59793690075699,1751349.0,,716,110
255.64317018889136,1789.0851514843537,175681.5901571993,27.426698577781377,0.11685618100366292,57.937549566598754,1835927.0,,716,59
874.7988421049162,1585.6589946226457,110521.8881855063,16.583045618624777,0.06388156041185776,78.70761450556812,1592582.0,,716,200
323.7520008604159,204.6851691058233,138908.37237630616,20.292212068637816,0.2911156750370679,87.81729211037924,1532454.0,,716,490
1519.4912276907996,2149.768022758508,153421.2705882353,22.729686082208996,0.20692291633857224,68.93333333333334,1711110.0,,717,506
1454.8760743918606,1713.019398638483,98985.31764705882,16.939712039367798,0.08485716893051198,72.61960784313725,1651515.0,,717,162
1389.535423784974,443.78257616514594,103463.7725490196,16.096954864382987,0.14994215618605522,91.05098039215686,1481700.0,,717,275
255.49556817623997,1790.76278377865,172717.81176470587,29.53502789298199,0.16421403388302325,58.61176470588235,1808576.0,,717,59
992.2859926437311,364.5967086045306,223994.6274509804,25.394841405920303,0.12697776293462426,72.98823529411764,1715854.0,,717,110
874.0176415135296,1586.3529139972338,118874.2431372549,16.786956143490887,0.05362530791100279,82.94117647058823,1576201.0,,717,200
321.29464620274973,206.23942833144304,146582.12549019608,20.08873674849681,0.26172153911708246,91.78823529411764,1496192.0,,717,490
1514.459476484838,2154.8906005930644,136297.0431372549,22.06988753198623,0.24467520414740973,68.75686274509803,1711800.0,,718,506
1455.1995473320885,1712.4645428997153,92523.35294117646,16.817886264404915,0.07039385034198212,68.75686274509803,1678679.0,,718,162
1388.490092083316,442.74611609665993,101275.71764705882,18.236560719187658,0.19811526310474897,83.76470588235294,1554915.0,,718,275
875.0724255967681,1585.989358871236,115420.0862745098,17.458657858747706,0.048663190180886315,76.43529411764706,1629265.0,,718,200
320.6686618460315,206.94232094963493,138720.63529411764,21.16275214873822,0.32311554127661263,83.76470588235294,1571754.0,,718,490
255.72098248733002,1789.774882662436,169620.38823529411,27.858840424248843,0.09478296145183565,55.49411764705882,1855555.0,,718,59
996.5224125216527,359.2752314650907,202092.47450980393,25.47922295102032,0.13368448614840447,67.70980392156862,1750497.0,,718,110
1389.0247777042496,444.13838243236046,94863.90588235293,16.41175531981614,0.2052698174617885,88.75294117647059,1485575.0,,719,275
1509.2228726893534,2155.42047560182,138047.26274509804,21.475970431354515,0.21214835312887778,69.99215686274509,1697930.0,,719,506
1454.749805401832,1713.288303850378,101506.30588235294,17.185989904787576,0.08284587830160688,73.96078431372548,1639958.0,,719,162
255.61311006329086,1790.3899170806817,165426.10196078432,27.642309495804813,0.12006305025710542,58.44705882352941,1817125.0,,719,59
1000.1336306296676,353.7267775419091,212614.16470588234,26.91068124222035,0.09934284724106482,70.35294117647058,1733921.0,,719,110
319.049081501999,215.61093574433613,138068.54901960783,19.728675925993798,0.2895284566413955,85.86666666666666,1543573.0,,719,490
874.4807874700318,1585.850590800116,109554.32156862745,17.36608070776219,0.08317975905927481,77.92941176470588,1607680.0,,719,200
1501.0805168065624,2155.416822358638,136389.37276986238,21.242236382469564,0.19095628278290996,67.23299454581999,1723183.0,,720,506
1455.3602813776522,1711.759897748311,100118.10084491385,17.781875447821207,0.07642171321549676,69.83316560560309,1675991.0,,720,162
1388.1176658642996,443.25882352941176,98761.9259107327,16.557795141892672,0.1542305365426962,89.52017505824651,1492740.0,,720,275
876.0965817825661,1586.347939928175,113776.05651593737,16.965471358418554,0.09418358908881742,78.74803781057369,1602735.0,,720,200
317.91530601739845,222.1597415967468,144324.3519383033,21.413536741344092,0.3255046827292144,87.6629100155443,1528737.0,,720,490
255.28371287518416,1790.0894774130427,165153.57939220857,27.80410038385899,0.13416829105284098,59.43248136647071,1803981.0,,720,59
1002.5920089817353,345.6418281992051,207113.28268994545,25.776118782632725,0.16314755897081448,68.71880657998176,1760381.0,,720,110
1388.7263290284523,443.9758253907598,95130.79885656228,17.294378667212946,0.2094562777407598,86.4700311266932,1522461.0,,721,275
1455.9387430161587,1713.0525572155004,98419.83648949963,17.446471731644365,0.10223791692063128,68.82308599879663,1691503.0,,721,162
1790.4608183090809,1035.8046254020874,104125.0938493486,18.18751554751727,0.1717829428431157,69.52896380391249,1680983.0,,721,516
1498.417162811132,2150.652274689815,139782.86411367898,21.106815891660162,0.20144911674973667,66.70545258344903,1721746.0,,721,506
1006.6965611241134,336.4587487333997,196796.96737178977,25.238292769325103,0.16969357060808726,67.76426929112283,1760382.0,,721,110
254.5531254421225,1790.0694725322282,169635.14236983392,26.560848637268606,0.11197036566460579,56.82316331182696,1836540.0,,721,59
874.5030680722546,1586.867692975679,110549.64069261063,17.042723546364318,0.05641229021093607,75.88186404995525,1619090.0,,721,200
317.7104001407973,231.3394320338919,140376.15440887885,20.89458097567089,0.2934135847234191,84.3523977113456,1561756.0,,721,490
1782.2273548413093,1040.1590231421164,103942.22745098038,17.608527079637728,0.20686761929402148,71.89803921568627,1658498.0,,722,516
1498.8795710398806,2147.58241331109,144567.76078431372,23.464204157224408,0.24629372679123476,66.31372549019608,1735119.0,,722,506
1457.1687876592512,1711.8939374127542,98760.33333333333,18.134777655669545,0.08085878222648683,69.80392156862744,1677103.0,,722,162
1390.257023146955,444.0358662868049,100211.20784313725,17.092140313883156,0.20005997377251336,85.85882352941177,1526602.0,,722,275
1011.4969063516552,325.4137855922577,193877.94901960783,25.724166005993293,0.15245313002175062,66.66274509803921,1763592.0,,722,517
254.34342573786233,1789.6743675162104,164277.9450980392,26.27947784004748,0.08175238164406935,55.84313725490196,1850129.0,,722,59
875.6416930050873,1586.7447031731474,105789.93725490196,16.604824208563247,0.07605391057385345,75.73725490196078,1631244.0,,722,200
313.14531610472625,238.41343630283404,131921.03529411764,19.99029630248482,0.30131882604344395,83.76470588235294,1560267.0,,722,490
1776.1318203829067,1042.8291154667386,104979.61618887717,19.03657994461117,0.1550191326312248,65.84703208152544,1704684.0,,723,516
1503.6302358955961,2142.9920222042833,136935.89732833873,20.708337976704147,0.23607780032206552,67.89409007369721,1711188.0,,723,506
1454.305716844771,1712.772368583606,88372.85822738365,16.261489378747612,0.10893599794030118,67.89409007369721,1688242.0,,723,162
1389.2880933193796,443.751962689751,93564.5384718633,17.251304149763662,0.16520501593880627,81.88231968687101,1558329.0,,723,275
254.0586741933426,1790.2340917940605,155085.45466326573,27.514115364521267,0.10615520624768633,53.56468412849478,1855362.0,,723,59
1014.9976161356523,316.6554711414219,197504.24920071723,24.898296440947476,0.11188333205774209,65.84703208152544,1772494.0,,723,517
312.82835809139743,242.14660029510142,129949.28840105646,20.551114670346916,0.26018685663661967,80.51761435875649,1595762.0,,723,490
875.347890510231,1586.9507473720614,107528.8857417951,17.023031178239627,0.0654905220512453,75.74114571035568,1625131.0,,723,200
1770.2812218423703,1045.1097783166374,112462.11764705883,18.441685635203857,0.171968118954261,73.76470588235294,1641744.0,,724,516
1510.4886024892132,2139.913707813408,139099.0,22.14031649263989,0.22524361306551094,66.68627450980392,1722649.0,,724,506
1456.0989332435224,1712.6453819926662,98449.43137254902,17.70738046000388,0.0742351969433158,68.92156862745098,1687053.0,,724,162
1391.8979268045957,444.15207692225783,104961.58823529413,17.93416927567406,0.20640160321215895,90.52941176470588,1490974.0,,724,275
1016.4740514994126,309.38199805343515,207081.74509803922,25.611541586265407,0.08455383659806134,70.7843137254902,1728408.0,,724,517
875.6291290338737,1586.2417135511444,111576.56862745098,16.98434104890316,0.07685239521708923,77.86274509803921,1603860.0,,724,200
311.30758049315534,245.26588964437653,139937.60784313726,20.26831258256063,0.29764290349121364,90.90196078431373,1506241.0,,724,490
254.56709266250766,1790.3896886125187,166074.5294117647,29.221809650640857,0.1891764436325621,58.86274509803922,1811736.0,,724,59
1390.761888264209,443.1119347436087,108444.21890352284,18.01655726950611,0.2075147828109466,89.64883786321337,1492608.0,,725,275
1457.2066191696981,1711.899380970071,101134.67672919859,17.28236208205766,0.04958045812057281,73.65340206189315,1636027.0,,725,162
1767.1516563487883,1047.225464304531,112964.97544523086,18.3586684518104,0.15244970072434544,74.76936269919455,1641212.0,,725,516
1518.9971083638907,2138.0340877198632,161703.4403187327,23.47515427561182,0.2389033559499173,68.81757263358702,1722668.0,,725,506
874.6505314240155,1586.0559737332771,118506.83597006966,17.23395158564907,0.0693648025891201,80.72115276480208,1582663.0,,725,200
1016.8791579223266,305.9126542811015,204370.70733843575,24.949966149880318,0.19022243042554246,70.67750702908938,1723441.0,,725,517
253.37900301485197,1791.1989061320514,160646.99758208735,28.207809978529355,0.11027799129921823,58.02995313967338,1806370.0,,725,59
309.7922214297557,250.95698573823518,141342.73849116845,20.105880858246937,0.27364552760229854,88.90486410501242,1510072.0,,725,490
1761.4787722787232,1049.0173195045816,114650.27716714094,18.53831856889933,0.15187445926897583,74.6796878889279,1634619.0,,726,516
1529.8010731291308,2133.321048018383,152292.4475775514,22.979055484818,0.19088140475968868,67.46425910738897,1717927.0,,726,506
1454.6448782093953,1712.0927727315025,100804.5908782459,17.752532345428904,0.09563424990987536,70.71120205908149,1672181.0,,726,162
1389.0547547116591,444.17852344509686,97205.53500201428,17.259365870626965,0.19629675521809972,83.69897386585156,1542665.0,,726,275
1018.064384565127,298.3349592061901,200444.25077971234,25.56254837625983,0.11303091459843899,69.62888774185065,1717791.0,,726,517
256.47269068430666,1789.5595628528085,174795.5660899759,27.12044356285181,0.10823981074372109,58.084201691388365,1843765.0,,726,59
876.8893874124782,1587.0429605143288,110883.82334317763,17.264261416951314,0.08142613256245075,77.92663084062042,1609648.0,,726,200
309.91978748355433,257.7118242053796,136284.6580542682,19.9138838214768,0.2766938974967345,84.7812881830824,1543088.0,,726,490
1758.1926518867806,1049.6398226667175,115088.04705882353,17.90472831733081,0.1408242382080124,73.67058823529412,1646300.0,,727,516
1537.5359782438,2129.5532525867893,146310.1529411765,21.585445871097864,0.15493895930684853,65.64705882352942,1736634.0,,727,506
1456.5341392529335,1713.329677736049,93614.16470588236,17.104646077126485,0.08422242060888485,68.92941176470589,1686483.0,,727,162
1389.3961200210613,443.8076695934311,102512.98823529412,17.326734519403534,0.1841824007696244,85.70588235294119,1530361.0,,727,275
1021.5126620255958,291.0919800179831,199965.6823529412,23.97945382839557,0.1566090447531829,70.7529411764706,1725667.0,,727,517
255.08021496815286,1789.427595458466,175899.10588235295,27.718885987286615,0.08713993649076293,56.529411764705884,1842411.0,,727,59
875.4805682968591,1586.8460117983777,116721.92941176471,17.871271392323717,0.05972734494691508,79.14117647058823,1598945.0,,727,200
308.5919595956411,258.5107383202865,138789.91764705884,20.10065722016405,0.29953113976971113,88.98823529411766,1521633.0,,727,490
1752.8970668213626,1052.3243174649215,108127.69155810568,18.502934634004397,0.15385069957200376,69.85384386942498,1679399.0,,728,516
1544.3253191004783,2132.8388035093626,143965.92103758408,21.22060992295213,0.14010897760994295,64.86428359303748,1746361.0,,728,506
1456.7216938792567,1712.6664062301265,98073.01480685968,16.750118870643565,0.08772702257260137,69.85384386942498,1677604.0,,728,162
1388.9203189085288,444.1072479559851,92891.00006266867,16.87247647052888,0.15165334832988786,81.97134739779462,1558655.0,,728,275
1022.1303229849024,284.3162757110845,186560.01513129118,24.297640632029076,0.11691051468748802,67.71546089383034,1739960.0,,728,517
876.1868662076449,1587.0282582578702,110356.2430158379,16.917427067828314,0.039946018694306945,74.84340414581249,1631485.0,,728,200
305.582300731035,260.9004959653404,135239.18011418235,19.230404787864625,0.2832030810761913,86.96090767418212,1527676.0,,728,490
256.28491368765003,1788.9750081896177,171896.76667047612,29.363403648634073,0.12265407112121689,54.88516304026248,1854845.0,,728,59
1389.9628866201895,443.0967566711993,105743.69411764706,18.564121888323594,0.20324480018477034,87.87058823529412,1508965.0,,729,275
1454.395957115608,1713.591801685266,104100.4,17.61368234369986,0.04475249458288657,71.89411764705882,1659197.0,,729,162
1747.682991254045,1053.2481944846998,127305.46274509803,19.358250163933114,0.14690096274834272,75.69803921568628,1635792.0,,729,516
1552.2555211939898,2141.0090975446956,158428.00784313725,21.885196884080692,0.2067524921920398,70.75294117647059,1704392.0,,729,506
1022.9304549358415,277.34137419836,208609.72156862746,27.111021641278636,0.23559284178529608,73.03529411764706,1706211.0,,729,517
255.4035222276094,1790.8501078360891,182019.16862745097,27.745457562958443,0.10181149886182467,63.90588235294118,1779482.0,,729,59
308.68107154725084,258.01452672477694,148813.21568627452,19.830598302188854,0.2744361200735808,91.67450980392157,1498552.0,,729,490
877.299577190506,1586.6437682977833,116418.25882352941,16.672128607577733,0.05840427343028589,82.54509803921569,1567999.0,,729,200
1741.9397100922718,1056.2747827884514,116441.10588235295,17.556399199523668,0.12219018974831268,76.58823529411765,1621129.0,,730,516
1557.7798307893843,2138.7503093992227,151175.32941176472,23.346990100791288,0.24681482448428638,68.92941176470589,1702866.0,,730,506
1455.7189953016418,1712.7714096861212,102075.70588235295,17.145037236420777,0.07919659689472097,71.11764705882354,1669371.0,,730,162
1388.9470009963004,443.1142888992622,104693.20000000001,17.745309283318747,0.21947890048141916,86.80000000000001,1516002.0,,730,275
1024.0356040632685,274.0028064670917,205973.84705882354,26.01963523345364,0.15481575413133236,69.65882352941178,1728472.0,,730,517
255.87031942940058,1789.1050152255216,178454.23529411765,26.96391296982951,0.10837462483327391,56.89411764705883,1846616.0,,730,59
876.7127274398089,1587.1568492311462,119061.88235294119,16.95256507792592,0.0477739520732945,80.96470588235294,1580933.0,,730,200
306.30160929509384,259.2996816314011,137923.7411764706,19.90966920331246,0.24869557886059362,86.80000000000001,1532902.0,,730,490
1733.7122252920547,1055.3809798652637,111904.94117647059,18.77900149048904,0.16513939647076395,69.52941176470588,1684227.0,,731,516
1563.7313288808132,2138.799933703285,143738.82352941175,22.36172854897142,0.2073065099824247,64.94117647058823,1754576.0,,731,506
1455.5728152039671,1711.9628511970632,93449.29411764705,16.705387435494835,0.08134703938623858,66.70588235294117,1693324.0,,731,162
1391.0433096337933,443.7347993655387,101466.35294117646,17.493405587932024,0.18403144994210197,83.6470588235294,1542574.0,,731,275
1024.1549937545733,268.6417508629036,191010.35294117645,24.983613762264262,0.15280090894421736,66.70588235294117,1752811.0,,731,517
307.8417563424723,257.40302436376044,141719.64705882352,21.42031894789189,0.29790249699138543,81.88235294117646,1587734.0,,731,490
875.1540540189417,1585.6267359983372,108667.76470588235,17.095134048854714,0.07359888309088868,73.76470588235294,1641998.0,,731,200
255.17948707357672,1789.0574285112411,170894.82352941175,26.66288623997016,0.09223165124850252,56.8235294117647,1839109.0,,731,59
1729.132002191514,1058.869187922323,115955.29411764705,19.104913987750187,0.2036207739485038,70.58823529411764,1680059.0,,732,516
1572.7667545604909,2135.8705012345085,147236.4705882353,21.97754434312288,0.19455439034143432,66.70588235294117,1728101.0,,732,506
1455.08666321496,1714.6043164098191,92707.76470588235,17.750397856912922,0.11039667688352624,67.05882352941177,1697869.0,,732,162
1390.1043095796786,443.1961823585004,98218.94117647059,17.369749064385804,0.19127232588159412,84.70588235294117,1526743.0,,732,275
1024.521168323443,264.5681252759798,196625.64705882352,25.234200913224882,0.13336132929735162,68.8235294117647,1731357.0,,732,517
255.521537685898,1789.4450490658032,165911.64705882352,27.804948527941768,0.08662925103424952,55.764705882352935,1841962.0,,732,59
305.5719195374647,258.87145187343197,133504.5882352941,20.13075721571199,0.2916667731366976,84.70588235294117,1558452.0,,732,490
875.4009802217888,1586.7235169559706,109675.05882352941,16.76560853118112,0.050187934475338994,76.94117647058823,1604567.0,,732,200
1728.2844559633568,1066.4765953366962,117840.92354052111,18.865526048883616,0.13947424220306723,70.70462701568071,1674348.0,,733,516
1575.4075180482948,2131.4845848443088,142010.24336099473,22.919481984553627,0.23430956988249563,66.69560177252356,1724473.0,,733,506
1455.6796757847342,1712.7917878968462,93571.74254580884,16.679001990386986,0.12395776252454667,68.88234281424565,1678937.0,,733,162
1389.9643505803137,443.83984894125985,98726.98455166865,18.043363414039575,0.24511189801845962,83.82507326601322,1545328.0,,733,275
1022.6323927939308,254.95863413702693,198502.14697600275,24.915355409625874,0.1682266326637225,66.69560177252356,1768290.0,,733,517
255.55279722656516,1791.1780164502752,160845.73732386788,27.633681151638807,0.13067218175639986,56.49081024448717,1828038.0,,733,59
307.95050780698995,258.2955859853951,134354.827430766,20.009334946175176,0.2841180722424583,84.91844378687426,1561198.0,,733,490
875.4867302100162,1586.5036833602585,112799.39206883084,17.16269661471801,0.08864313984202606,75.80702277969891,1620259.0,,733,200
1732.2767965383553,1075.2646405722996,115730.72329175354,18.32051651792105,0.13765806433767577,71.88631942611893,1658300.0,,734,516
1579.3159440804243,2133.1637456273197,136899.6816166711,22.50546044222426,0.2679807012144667,62.509842979233845,1762759.0,,734,506
1456.9361647668502,1713.3149966865706,99044.41526225796,17.961592980096555,0.09857916030683528,67.71899656083667,1691126.0,,734,162
1388.9260830664575,444.39538582800174,97811.92952485073,17.005634370182214,0.21785208540883655,83.69373421108531,1536088.0,,734,275
1023.3296351477277,249.0812462104478,194163.55966232545,25.50895571093092,0.18413902929765466,65.98261203363573,1773052.0,,734,517
256.7016593704057,1789.502342447858,169602.40052506817,28.322836062852154,0.09879836337809522,54.522474154109524,1859193.0,,734,59
877.4842338984664,1585.774535708055,109484.25359360088,16.488952369734587,0.037658897513968496,77.79002681860213,1608925.0,,734,200
307.5727885186106,258.3970266691694,136909.75264692886,19.879747580425256,0.26538564225878186,84.73556492740589,1560680.0,,734,490
1739.7132498955598,1083.4850521629155,120605.05315487877,19.88503613955958,0.1276928746499393,69.01932182766424,1691452.0,,735,516
1585.9935527604873,2133.318695510188,139489.429800146,23.421319734965408,0.26085070740618743,65.22325912714271,1737386.0,,735,506
1455.9328479405322,1713.1394850331164,94984.73579584066,16.869020891814515,0.10055802872126011,68.67422521852592,1683674.0,,735,162
1391.6723414310704,444.4942476440381,97847.31216864304,16.640858848897718,0.18142381589689222,83.85847602061206,1546211.0,,735,275
1019.936014205925,242.48249793487278,192590.48033808687,25.135305200067535,0.1928539601652794,68.67422521852592,1741395.0,,735,517
254.9744082639981,1789.6571586258603,165699.86236081063,27.296422473338286,0.10344964173669151,53.83507102557811,1869549.0,,735,59
308.6882699573462,256.87046836210607,133172.09127325987,21.145306112300673,0.29863171335894584,80.75260653836716,1595099.0,,735,490
875.121786099882,1585.2188998669244,109953.30121721535,16.871470815591536,0.05254639344441448,76.95654383784563,1608213.0,,735,200
1745.365616255396,1090.472669577532,118955.7097812559,18.66056197811957,0.1442380391467926,70.40784312383948,1671246.0,,736,516
1595.3419966194485,2134.1782268559377,147863.1058541793,21.66189530271634,0.20605254419083993,68.93333332019886,1718389.0,,736,506
1456.22921616118,1711.7919572058868,95580.6744915921,17.523611851562194,0.08266905490767139,70.77647057474964,1668500.0,,736,162
1391.4132881905257,443.26364050698845,101909.27056881762,17.5417425549259,0.17580741820306642,86.99607841479643,1513404.0,,736,275
1016.770102769207,238.37567569055804,200833.0274127139,25.456466200506547,0.14161902783593,72.6196078293004,1699125.0,,736,517
255.12030146568594,1791.8962605913232,170847.39604587833,29.216466506453074,0.16465507118252093,59.34901959653485,1796312.0,,736,59
306.203896688844,258.93653081446973,143224.6666393768,21.25829749231435,0.30673662094925064,86.25882351297612,1538984.0,,736,490
876.6024135919498,1586.191105307118,111217.85095920085,16.50451709518706,0.04633453053847744,77.78039214204257,1606182.0,,736,200
1752.8798975848988,1096.2504996815217,113733.2274509804,19.248600898963748,0.18205784614910014,70.65882352941176,1673048.0,,737,516
1599.153822747118,2131.3480070529486,131351.5411764706,22.0008880840648,0.2439010018751458,63.52156862745098,1752852.0,,737,506
1456.5573592911892,1712.137048215273,95537.86666666667,16.572578806593036,0.08999313628589438,68.87450980392157,1682783.0,,737,162
1391.2174103540563,444.06511539599023,97738.63921568629,17.191472802246235,0.20597195494801454,84.93333333333334,1538041.0,,737,275
1012.3585871621198,228.83538215351035,193571.63137254902,24.74352846259929,0.1973331369892941,68.87450980392157,1731167.0,,737,517
255.7369423818206,1789.4436067773229,169697.8705882353,27.086804895423224,0.0953176293449014,55.67058823529412,1850916.0,,737,59
307.65495716477295,258.5575205962686,128173.32156862746,19.290980132835713,0.269978007590934,84.5764705882353,1553303.0,,737,490
876.8729631972491,1586.561714758406,110008.29411764706,16.966781716996003,0.053562058388787956,75.65490196078431,1620760.0,,737,200
1756.1482544558476,1099.3611061067327,120722.17252601736,18.570638141140627,0.1519269710409519,72.98823528021056,1653665.0,,738,516
1608.1743729018144,2132.1271623099847,146590.23526618653,22.433361040562474,0.23069059206208206,66.72156861473793,1721338.0,,738,506
1457.8049094176363,1712.6910232180944,103182.87841171221,17.79175648271732,0.08360707831403956,70.77647057474964,1659579.0,,738,162
1390.3995910378235,443.7140763906354,101134.04703955357,17.055699263900056,0.13415963492568636,88.8392156693472,1498951.0,,738,275
1007.7456774870163,224.33664241126905,205270.93329422126,24.69715458057067,0.21087402067085306,70.77647057474964,1726762.0,,738,517
876.4830104195203,1585.4828781681292,117067.59997769409,16.84773438317906,0.038955171630640134,79.9921568475035,1591260.0,,738,200
309.4030177863947,257.5919883314303,144309.9058548563,21.11131637980051,0.3151246376145304,87.73333331661674,1538337.0,,738,490
256.18391810255036,1788.1498715392474,185804.82349400874,27.916912474749537,0.12189866757377578,57.505882341984076,1852102.0,,738,59
1391.6079218446423,443.4867260530078,100384.72209820844,16.773023344293513,0.08962388799249622,89.7902129548842,1476140.0,,739,275
1456.5903838921313,1712.4810804975555,105674.24882367362,17.80400014589017,0.08110104069685553,72.86254985683226,1649860.0,,739,162
1755.6713427519571,1103.6496125782485,110752.54775308921,18.313872737263974,0.13336495696679265,71.02258647660922,1670050.0,,739,516
1611.1422675796682,2131.931590729523,139726.8190941374,21.957790691017856,0.2314895496815579,65.87068901198472,1738173.0,,739,506
1003.3093376118518,218.77511946925998,202294.0378532697,26.05409920829765,0.255448082945183,73.96652788496608,1691580.0,,739,517
256.1249955549234,1790.559268037075,175921.47473185687,27.26469494665552,0.11183887925235664,60.71879154736021,1801614.0,,739,59
308.3045274650007,258.6790120388092,133242.4201495554,19.820615858644352,0.2859813785934725,86.84627154652733,1530608.0,,739,490
878.2286417402881,1585.1116777262034,122170.25651272525,17.099032628898374,0.054687340934078565,81.69437408190284,1579067.0,,739,200
1756.6292628520368,1104.3407163841373,111026.42352941177,18.81789261570037,0.15696737435434738,68.87450980392157,1693218.0,,740,516
1620.7776418786693,2132.6940148368544,142967.78039215688,22.781028315426656,0.2511579511566409,64.94901960784314,1743978.0,,740,506
1455.589873699026,1713.716208007704,96349.37254901961,16.538344913443353,0.0748108088250976,70.65882352941176,1664389.0,,740,162
1389.5710200907974,442.83137991206917,99594.32549019609,18.46436445621343,0.22093053636103094,82.7921568627451,1550662.0,,740,275
999.1659643008027,214.91308090409802,202726.58823529413,28.146013782026998,0.3120205469144557,72.44313725490197,1696720.0,,740,517
878.4641610764596,1585.4814762725557,109108.28627450981,17.28995772400877,0.06548532934745749,74.94117647058825,1637358.0,,740,200
308.07134466537576,258.9984954380394,133061.9843137255,19.70662876616405,0.2892175147579198,86.00392156862746,1531314.0,,740,490
255.42444400235414,1789.0405155049361,172206.2588235294,27.33316584309725,0.11100277684293923,56.741176470588236,1847302.0,,740,59
1391.7757013311116,444.3281338594522,94068.194345068,16.73637919746642,0.1720589043136191,87.80670543710085,1500356.0,,741,275
1455.761138988421,1713.7305420320504,97110.22499955003,17.23551138932043,0.0997434904986693,68.93914889689736,1684093.0,,741,162
1623.7864610962306,2128.0869902658915,138848.88844273787,23.281471231952757,0.24920383065737237,66.76212314225849,1726878.0,,741,506
1759.8505250894027,1107.3675302189356,112115.01217577263,18.2295959965362,0.13911041172375574,70.75333702576307,1678638.0,,741,516
993.5427287781803,208.91644519669092,198509.19073573864,26.514945896689728,0.27403252800511435,70.39049939998993,1732950.0,,741,517
255.84936151641426,1790.5482880750653,172927.6867682289,27.396494645757635,0.11691221144805992,59.14253300102247,1815390.0,,741,59
308.0564483152333,259.09629059239,136648.27824242375,20.7923224750554,0.28647476311195114,86.71819255978141,1530804.0,,741,490
876.911569223486,1585.4869065268035,116498.45353273799,17.66361633097543,0.07568239321879286,78.73576479277224,1594606.0,,741,200
1759.4653829715019,1108.4464041031315,115624.27737887994,18.947942769391766,0.1993286645725928,72.31150359651633,1656330.0,,742,516
1629.204535020463,2123.0302932099903,148009.29313281123,22.178867147533097,0.2382627527901041,69.04113408712614,1699842.0,,742,506
1457.5804359350152,1712.7810970095732,104877.47979663387,18.262696525446465,0.0919125614412287,71.94812920658408,1659471.0,,742,162
1389.8781547217854,443.3827033696726,101894.90280407,16.843788855126412,0.18727208892033517,87.93660236360277,1510497.0,,742,275
254.83005730367205,1790.6677717247844,174827.04985859062,26.32601532420469,0.044144836906646306,58.86665116902334,1825681.0,,742,59
878.1886012791534,1586.1433749871571,113175.13399073662,17.536823149795353,0.07365614233589265,76.67199627570324,1617971.0,,742,200
986.8803628075206,205.41418723197953,208365.0525517769,25.60590027624029,0.23223264353154258,71.22138042671959,1734630.0,,742,517
307.06834974595427,259.4744810351893,144536.8874626187,20.695459749382902,0.28633760612018655,85.7563560240093,1545720.0,,742,490
1760.6704428658045,1107.7727439263608,106436.17252735664,18.67445343397073,0.15574668495211372,67.6392156725079,1700233.0,,743,516
1636.9680620664383,2123.0873529523255,136557.01958004967,22.86872465545694,0.21947224960169975,64.53333332019886,1745920.0,,743,506
1454.9484036595175,1713.6503612157296,91811.95292248997,17.16301943561017,0.08737764031309997,66.94901959421699,1698030.0,,743,162
1393.2906093471872,444.54561824729893,100038.39997963917,17.362414975898695,0.18324552180271472,81.78823527747129,1564842.0,,743,275
254.8250899618445,1790.3516380987369,165333.70977027118,27.70031460959873,0.01590963987979159,55.21568626327175,1848361.0,,743,59
879.0795264943087,1583.9200313691067,106931.73331156951,16.88751443047574,0.04400593444075492,74.88627449456231,1634593.0,,743,200
983.5696999782245,202.86163345598953,187006.55682468365,26.621227488181674,0.2630984620403924,65.91372547678066,1774056.0,,743,517
309.67869349212503,257.5962792008738,127324.95683683064,20.421401016049437,0.31691718348980513,80.75294116003494,1580630.0,,743,490
1762.017752046343,1108.3511514706902,109151.42684139196,19.84205268830023,0.14740668426722883,66.36814194636754,1707895.0,,744,516
1643.6278812451353,2118.97202057251,141806.3561611229,21.17808281622763,0.2015569868562609,64.9253562518813,1742769.0,,744,506
1456.832176072489,1712.7998360840263,102543.10766422132,18.014100084032712,0.07737153795230337,69.97510618258318,1678325.0,,744,162
1393.386211895769,443.69812465966754,103996.35355499259,18.67204395043813,0.2226524058484845,84.04226670382413,1541830.0,,744,275
255.23163370003337,1791.3037371509863,171905.39062307146,28.188887652830168,0.12091272422194457,54.82585639047754,1851901.0,,744,59
877.0968276637543,1585.4786550690171,111631.2147537902,17.611698001715926,0.04637014897918142,75.74624896052818,1628260.0,,744,200
977.554804776397,198.2580890448107,200178.94048507127,24.766231357608902,0.22433310343862028,69.97510618258318,1731712.0,,744,517
308.2886059931028,258.82612367408944,137956.64323180998,21.014507124624174,0.31307271074637544,85.48505239831037,1548097.0,,744,490
1761.547882145658,1107.5200209120505,106222.60069204259,18.59593122519294,0.1615624383769444,66.71209309945743,1704787.0,,745,516
1650.494281667235,2115.0442960942214,137473.79055300626,21.729932203560484,0.2000788265066489,63.46663992164599,1754262.0,,745,506
1456.734990771903,1712.74255160755,93003.1486869993,17.03175481791808,0.09046977715631548,67.79391082539459,1691446.0,,745,162
1391.2984198284053,443.68991362019824,99064.57340542514,17.107852428632746,0.1913123410755237,82.93935898851466,1557846.0,,745,275
256.10803588592046,1790.037738519484,170706.8704878868,27.646801654892194,0.0805465857623824,55.89391584008596,1851009.0,,745,59
879.7142006089757,1584.7984737781085,114403.66694148794,18.13547863280283,0.07591311577747879,76.80905854153748,1615139.0,,745,200
971.7275097120865,195.24907599026977,198643.37083657904,26.808762394635977,0.2768938415862368,68.51512264268602,1750188.0,,745,517
307.38636477088517,259.105846559665,137252.73913100644,21.031304934815864,0.2954451522864693,83.66057080580609,1558716.0,,745,490
1762.7561221010126,1107.9427917388355,104534.47058823529,18.832931106981434,0.11580367110695976,66.0,1708600.0,,746,516
1658.0081850947565,2113.018413879523,136604.11764705883,22.347423454716164,0.22250990525869796,64.94117647058823,1745897.0,,746,506
1457.4234100188303,1713.4323695142223,99152.11764705883,18.190470465929252,0.08509392518080071,65.6470588235294,1707719.0,,746,162
1390.5697500977667,443.4675189390662,101983.41176470587,17.470465557782777,0.17106434358096856,84.70588235294117,1540013.0,,746,275
257.1899943669157,1788.8282589518212,166035.88235294117,26.925017982644224,0.11115186901889453,53.647058823529406,1869364.0,,746,59
878.361152922445,1584.4164776794375,105516.0,16.441895540993464,0.07888250661397742,74.8235294117647,1628605.0,,746,200
964.2887662252379,192.63233153222478,190797.5294117647,25.996739558127558,0.2576788023919707,68.47058823529412,1742722.0,,746,517
307.8942493097997,258.82337767811765,138195.17647058822,22.29605323094211,0.31500298037690916,79.76470588235294,1598333.0,,746,490
1761.1616666823652,1107.7544089343519,118657.23529411765,19.32385106698361,0.1943640699036067,73.76470588235294,1646344.0,,747,516
1663.0490967855085,2110.5369102798586,148695.49019607843,21.654689576114624,0.1632227289895535,69.66666666666667,1705794.0,,747,506
1455.4212008682043,1713.379115849157,100925.01960784315,17.569167670373968,0.07618867162073331,71.15686274509804,1665838.0,,747,162
1390.048490609162,443.05944688925086,102689.7843137255,17.923757888944422,0.1812407859187857,86.80392156862746,1520946.0,,747,275
257.4162975209393,1787.815704784381,177118.0,26.686362086443506,0.14059710320162683,58.86274509803922,1833740.0,,747,59
878.3181193580413,1584.9708574133613,113327.17647058824,17.487262559592043,0.04877259631225309,78.98039215686275,1602634.0,,747,200
955.1341083234238,188.75581762462826,197060.92156862747,27.613949137927357,0.3001248343523784,72.64705882352942,1698190.0,,747,517
309.1372051293273,258.6175453681845,144710.33333333334,19.774247738224965,0.29047255506335323,90.90196078431373,1502279.0,,747,490
1762.5248783963814,1107.3754685999318,115857.30172148635,18.356056381993856,0.15700075308251812,71.7893866973302,1670247.0,,748,516
1671.128168052084,2109.542717839912,148199.13832250057,21.419857712045395,0.14171324823099057,64.96939496108384,1748085.0,,748,506
1455.4648528289526,1713.9842497186205,103010.23202506562,17.38413343730032,0.08712151227649584,71.7893866973302,1657184.0,,748,162
1390.4992916182894,443.802337314093,103876.37097556892,17.549128076672392,0.1797096777259554,87.9419987042295,1510674.0,,748,275
255.36037590550728,1790.1545016648315,162674.39130921676,28.051117004360677,0.0843822131392005,56.35466855740421,1826777.0,,748,59
877.7459857796902,1585.2034888297105,109448.66317101568,16.533762643952645,0.05940485146800617,77.89148456660327,1600395.0,,748,200
946.3947648711779,185.82769013046143,193778.57888356902,26.983949949462986,0.27804736147814246,72.14833363081685,1701247.0,,748,517
308.78083482830937,258.7633903529828,142060.4278660119,20.28378409750253,0.2630042046295048,86.86515790376954,1550271.0,,748,490
1762.5751205585439,1106.7335656182931,106507.22203328622,17.707459319471194,0.1795267871701706,69.84589028705741,1678441.0,,749,516
1679.765063244666,2112.6793015427284,142202.35229721072,22.097943981138872,0.17497786129247947,64.20177794062853,1750374.0,,749,506
1456.2096962359674,1712.949486389317,96154.50896184905,17.00651836895287,0.10870187736148208,70.55140433036102,1667900.0,,749,162
1391.4505061024759,444.24122791374504,98905.30821668982,18.23750410964172,0.17362502745994737,84.66168519643323,1530437.0,,749,275
256.423537542245,1790.3591017504825,167422.71556020653,28.816225306633942,0.11260522894215629,55.73560942098521,1828712.0,,749,59
879.3456012074793,1584.5513989613296,106573.89311037841,16.798674077708423,0.0735415796526564,75.84275965513811,1623255.0,,749,200
935.7243829368388,185.82876418837392,196754.8146675758,26.154408147563696,0.26118541654972394,67.02383411384298,1757403.0,,749,517
309.14792021178414,259.1645777338387,139514.34379222398,20.411654717608258,0.30768062392287093,84.66168519643323,1557174.0,,749,490
1763.1625048245799,1106.0146991570364,112445.02352941177,18.744675345709243,0.16071885571691027,70.7529411764706,1682283.0,,750,516
1685.6132640138005,2119.2442444273893,153487.56470588237,21.97533521061581,0.25670705602478866,70.7529411764706,1702517.0,,750,506
1456.4164,1713.2902742857143,95735.29411764706,17.244327818293232,0.07755136152027707,70.7529411764706,1663601.0,,750,162
1390.263772024652,444.00358858340115,98174.08235294119,17.794589726607462,0.21148184121483465,85.70588235294119,1529969.0,,750,275
255.87084342890236,1789.998077406223,171294.32941176472,26.573242708754456,0.07113726318517637,57.62352941176471,1830794.0,,750,59
878.5802941090786,1584.649548607627,112669.68235294119,16.702705406953957,0.06396720204051,77.68235294117648,1604918.0,,750,200
931.4579780777443,184.64926950188658,199502.87058823532,25.62104355655649,0.2676766059212918,70.7529411764706,1733234.0,,750,517
308.48261746196613,258.7473893651329,137290.24705882353,20.923216489244567,0.2810978706181556,84.9764705882353,1558266.0,,750,490
1763.307300985861,1105.754350419254,124742.5411764706,19.17246853393763,0.17435493636502328,72.5764705882353,1663939.0,,751,516
1689.8703087646534,2116.9448884856515,151946.6823529412,22.345852001725873,0.2903222493156649,70.7529411764706,1694754.0,,751,506
1456.8439351585362,1713.3533432371787,105809.56470588237,17.11133732481033,0.10502816958448968,72.94117647058825,1653454.0,,751,162
1389.5336713450615,443.4931788727734,105811.38823529413,17.878438011899313,0.21814901914073417,87.89411764705883,1507726.0,,751,275
255.55286668017084,1790.687325922925,172844.32941176472,26.933953660004846,0.09841542416610388,57.62352941176471,1838356.0,,751,59
878.0189181481129,1584.3154322899577,118926.57647058825,16.76354598615985,0.03397071520037871,82.78823529411765,1559939.0,,751,200
924.4152344994102,185.36831326608865,204974.5529411765,26.390582661398742,0.2846840527493248,74.76470588235294,1691440.0,,751,517
310.13547165580894,256.85976756642293,146394.76470588238,21.262208286698264,0.2824536273882276,86.80000000000001,1546184.0,,751,490
1764.0216336045908,1106.5031784115363,117957.55294117647,18.322768854424435,0.15941544620083714,76.95294117647059,1631408.0,,752,516
1696.558990933473,2112.0627776243546,155833.71764705883,23.79376800253261,0.3134629818999141,73.30588235294118,1664251.0,,752,506
1456.3348963554636,1712.777813709321,101500.20000000001,17.71683312720915,0.0826753741712138,75.85882352941177,1623504.0,,752,162
1392.626280697144,443.18587249124863,108248.71764705883,18.3605291957281,0.18643146266015906,92.63529411764706,1464198.0,,752,275
255.35567908814815,1790.6609050937277,177007.0823529412,27.43088206145147,0.10027052283337626,60.905882352941184,1808208.0,,752,59
877.8061630188633,1584.9432920026486,120625.37647058825,16.854613318773673,0.04709639527479709,83.51764705882354,1560175.0,,752,200
914.8508948303354,184.79889920832517,208594.25882352944,25.679381530473403,0.2824440240308512,74.76470588235294,1699580.0,,752,517
309.23123344307857,258.7098895918803,148547.2588235294,20.50895696240331,0.2791468210405536,87.89411764705883,1536260.0,,752,490
1763.0611486686553,1105.1839852138598,110938.4477533226,19.509123781346506,0.10968542078690025,65.69704331158204,1711527.0,,753,516
1697.9627561495834,2111.174799665112,138768.75262184525,23.020963262460484,0.28459085904192893,65.69704331158204,1725343.0,,753,506
1456.9072866970955,1714.0239387392437,93785.64129249286,16.986221199143998,0.08415383118465677,69.8463302575767,1680623.0,,753,162
1390.400466189345,442.66483439714017,101464.93410779248,17.409633945700524,0.15156309469375606,84.71460848072421,1544444.0,,753,275
255.92291960041587,1789.7891887127694,172616.9066577088,27.257202825590472,0.12323991466152386,53.94073029793052,1870909.0,,753,59
877.706664691663,1585.806040989729,109713.71655642985,16.801721496622417,0.02708857924519888,76.76180850090113,1608978.0,,753,200
903.9336684749358,187.96311063071883,203456.13610990194,25.801483097426473,0.21498082431932836,68.1174606967456,1734903.0,,753,517
309.6656329518533,258.51188437770287,137924.02695442317,20.228758549388363,0.2834931045637587,83.67728674422555,1561932.0,,753,490
1764.3043171806166,1107.7274265118142,106877.1315304386,18.40226257614823,0.18929073058318202,68.14112671063606,1690133.0,,754,516
1704.1603178264238,2106.3543049361056,132129.06886914498,21.324923148444093,0.26883612026846193,64.71694948899606,1732509.0,,754,506
1456.4451611717573,1713.46109457125,93161.58966915957,16.993282948866383,0.08907565723986188,66.08662037765205,1706836.0,,754,162
1390.3893597610324,444.0639613590547,93081.46392217319,18.27563739365153,0.2123048279479442,79.78332926421207,1568521.0,,754,275
256.8834304449688,1789.3481614391085,163548.6342194693,27.344859270449206,0.09077142656050359,55.81408871273205,1855901.0,,754,59
877.4857831340502,1585.3837907226866,108564.56606526278,17.136768681879925,0.05239282695787734,75.67431659824406,1623639.0,,754,200
899.6973774384251,187.91793289398996,197859.91723346862,25.294738309624325,0.2521234138785107,69.85321532145606,1738641.0,,754,517
308.74806824837395,258.70097152721405,133297.74055489068,20.4606823643848,0.25278191967797603,80.81058243070407,1587503.0,,754,490
1763.1011158173092,1108.1794986204022,113399.78638130227,18.090296468230843,0.13380690828459776,72.54931395560334,1660426.0,,755,516
1709.4768002178644,2103.3253895208245,147545.58605421183,22.588115804861086,0.2989548680464164,70.6890751362289,1687769.0,,755,506
1455.547700889219,1714.0453737073726,102716.80688939871,17.860555991097705,0.09305211529588338,72.92136171947823,1648023.0,,755,162
1392.6231389414288,443.20145749900496,105628.45268948359,18.461680831919395,0.21769397633204912,87.80327227447378,1506233.0,,755,275
257.29972569492725,1789.8249356373274,176593.95931427152,28.2051829948562,0.11645844899299686,58.03945116448267,1832756.0,,755,59
877.6477755501086,1585.1058538807408,120063.16183230153,16.657939906778537,0.07043246957450826,82.96665134410023,1565679.0,,755,200
891.3765041515273,190.96703127806254,215439.46634044868,25.15967084438184,0.23032711250099858,74.78160053885267,1699104.0,,755,517
308.0962979269107,259.8150576057214,145349.01605629447,20.39264863397254,0.2609398477300441,85.94303345509934,1549479.0,,755,490
1763.6987762287763,1105.6614624876463,107362.43529411765,17.93628770159525,0.13300389433016377,68.91764705882353,1679061.0,,756,516
1715.0976503268862,2101.5368084122206,137927.0705882353,23.08768589243006,0.23745277661233025,66.87058823529412,1719691.0,,756,506
1457.5362743134913,1713.7723525309507,98823.1294117647,17.767286780030474,0.10884899825902551,65.84705882352941,1706837.0,,756,162
1391.830060391543,444.94642661311974,90221.04705882353,16.4285083327383,0.18795963376118374,81.88235294117648,1552674.0,,756,275
254.14667162053377,1788.6369042458768,165289.76470588235,26.709402910803373,0.07741707423873838,54.92941176470588,1868692.0,,756,59
878.8193199301395,1584.985933069674,111543.21176470589,16.7822875761258,0.052017837167992964,75.74117647058824,1615024.0,,756,200
889.8621410406341,191.918876575523,183795.17647058825,28.80163443950254,0.33037487531191206,69.25882352941177,1709057.0,,756,517
310.7054620543464,259.1340021563145,130691.40000000001,20.45139006423667,0.3068175201029633,81.88235294117648,1585862.0,,756,490
1762.614201297237,1106.0852787468,106434.35294117646,19.19031790398789,0.1724119874152434,67.76470588235294,1702416.0,,757,516
1720.9828819005781,2094.664869497754,134656.23529411765,20.547013847496245,0.20055549886048837,66.0,1729861.0,,757,506
1455.8382551452505,1714.0630706928753,95433.5294117647,17.377047238895397,0.0803959778893256,71.6470588235294,1661703.0,,757,162
1389.3524780601986,443.7505270067061,101628.35294117646,17.58607179562214,0.23141051818617744,84.35294117647058,1540864.0,,757,275
257.96861768611825,1789.2948461057729,180720.0,27.675279510930405,0.13041737728690106,55.764705882352935,1862705.0,,757,59
878.3794298587644,1585.528630614845,109978.94117647059,16.32492497606758,0.04632040108097268,78.0,1598833.0,,757,200
879.7241385410346,193.47331197560194,199514.47058823527,26.390479575030238,0.28666771302759037,70.23529411764706,1725073.0,,757,517
308.72652232205394,258.73787095031315,141100.23529411765,22.44168381055701,0.3107343555862892,82.94117647058823,1574772.0,,757,490
1762.5123170837303,1105.2141712949792,115397.20194292038,18.57337844998851,0.15293722149173708,72.79860098077681,1659775.0,,758,516
1721.1861873415587,2091.3912822350703,135418.95834795697,20.028074348656858,0.16883136479867536,70.65746565781278,1683624.0,,758,506
1457.351457799066,1714.292396979138,101025.18794341154,17.59987852702938,0.10618357940587358,70.65746565781278,1663309.0,,758,162
1390.280897185546,444.02891488561244,99596.69382710737,16.453069368437934,0.13990071762345918,87.78654824152497,1505301.0,,758,275
256.160914743563,1791.1095504692541,162475.41485659184,28.790558274324614,0.1336391781886023,56.74008605854663,1822511.0,,758,59
877.642013789864,1585.0931033904276,106359.11288880208,17.903401130730582,0.09310040768684653,77.43772751386552,1607671.0,,758,200
872.4458303328148,195.42926380559206,194750.17500317722,26.539968530156983,0.293577580343222,69.58689799633078,1731946.0,,758,517
309.5131650390401,259.4237437195537,139990.63911837232,19.92599541148389,0.27489784084093427,84.93170114423961,1552145.0,,758,490
1763.8327473121915,1106.3031399258662,122487.71764705882,18.609131974478966,0.171847582728992,75.67058823529412,1622132.0,,759,516
1723.992931126314,2088.2812734314807,145606.02352941176,20.57799087481247,0.16900711796607726,71.90588235294118,1671746.0,,759,506
1456.4954968657316,1713.4014362227992,103958.96470588235,17.80390040105219,0.09732871301645979,73.78823529411764,1642114.0,,759,162
1391.6448810120153,443.11744639720047,106719.62352941177,17.274938572526082,0.16751711270229463,92.98823529411764,1467558.0,,759,275
257.25968969911185,1790.5434192861244,176381.36470588236,27.931926798537674,0.12225877988404836,61.36470588235294,1785701.0,,759,59
866.9770289324476,197.3744466627685,214399.62352941177,25.854812716385492,0.25852619205813393,75.67058823529412,1696416.0,,759,517
878.9835587672163,1585.5626984126984,121908.70588235294,17.439184763492904,0.04705422553150303,83.95294117647059,1563108.0,,759,200
308.6639466275886,259.00719859113286,146433.88235294117,20.744862170977953,0.2677531214332873,88.47058823529412,1533541.0,,759,490
1762.0217517642175,1107.2782007946391,117709.47908507613,18.614735541821187,0.14776258470274475,71.89750546025525,1676544.0,,760,516
1726.4906609895606,2082.801318388181,136071.264338785,20.469304788026943,0.0909068299622919,66.6622502082949,1720059.0,,760,506
1457.5766111045689,1713.33594193279,97803.99156607255,17.278298373559153,0.0891430094299881,67.70930125868698,1687733.0,,760,162
1389.709713516742,442.752470117515,96999.50734235466,18.49444389320766,0.19860788858095624,81.6699819305812,1554328.0,,760,275
255.92988709095152,1789.9567531019572,174989.10483080774,28.10085436111186,0.10448145126174838,55.14468865398218,1855348.0,,760,59
860.7846283175213,199.4729314278852,203438.52892101058,25.7455503547743,0.22593868414599097,68.75635230907905,1749884.0,,760,517
878.4712524855922,1585.8053002785127,110402.1098043899,17.36025995327563,0.07759872895319515,73.99160756103937,1637082.0,,760,200
310.1056167446736,259.55200258635256,142502.60090730988,20.452866309813277,0.26737742374976387,82.71703298097327,1576160.0,,760,490
1763.9511428289538,1105.4778636498174,107442.36632098161,18.95466496248101,0.17229859519707535,66.78267252496309,1703281.0,,761,516
1731.051102476174,2078.0458713871785,131582.71237512422,20.314928639217328,0.11144898905277054,63.955892735546655,1742119.0,,761,506
1456.6543158473744,1714.088731087012,92503.18848138947,16.948511799257982,0.09793491822764434,68.9027573670254,1683347.0,,761,162
1391.5889702026766,444.6343235376817,92993.28142737955,17.14023104375942,0.1788630974939113,83.03665631410755,1551800.0,,761,275
258.83454217693406,1790.2571007219208,167001.9097890384,28.578598080909828,0.11629559239365758,54.41551094626622,1859626.0,,761,59
854.8044409908213,202.67632799724512,195984.52962245131,27.174983375938204,0.25701950675445756,68.9027573670254,1733382.0,,761,517
878.6816696867126,1585.9099392823323,107835.64205918417,16.531262115913123,0.05321712412896764,77.73644420895174,1608259.0,,761,200
308.50233328082265,259.6306340274209,136824.26879964964,20.579923929480856,0.2639147145987761,80.91657147204522,1589910.0,,761,490
1760.7876852777742,1106.920392263585,116490.69803921568,18.530360352004358,0.170144008976609,72.98823529411764,1656703.0,,762,516
1735.3660084064832,2074.786313990638,138917.99215686275,20.013271829573576,0.10520109376347313,68.93333333333334,1691718.0,,762,506
1456.7925422398116,1713.0530751544186,92026.36862745098,16.528691777483633,0.08078896343452738,70.7764705882353,1668781.0,,762,162
1390.1093018954791,443.59818754894127,93679.66274509803,16.866717251541942,0.15873600292673795,87.73333333333333,1505085.0,,762,275
257.08939747561993,1789.8150168797365,172633.0274509804,26.595604590922985,0.11786674909786103,57.87450980392157,1841327.0,,762,59
850.7343315691625,205.3710749023862,201847.85882352942,26.80038334776123,0.29342768664939156,71.14509803921568,1720023.0,,762,517
879.1815875943968,1586.146567129763,115102.44705882353,16.557877204769667,0.060807841947109406,79.99215686274509,1588860.0,,762,200
309.10498188183857,260.1178429178544,135400.9176470588,19.442819102693324,0.28101553863759116,87.73333333333333,1534026.0,,762,490
1762.078654645237,1107.525221481772,115018.55545033388,18.668868679736924,0.15782438207672408,71.77951402466935,1661076.0,,763,516
1732.608090234497,2076.032944324422,142082.67854731373,20.604165246017693,0.14721489431542265,69.61530757166425,1707587.0,,763,506
1456.9622422504438,1712.7202685123295,100373.73108392382,17.85620056058375,0.10806354710878363,69.9760086471651,1675091.0,,763,162
1390.664029955866,443.530683173538,101915.72818168996,17.791705863675407,0.16860123160623783,87.6503613467068,1513286.0,,763,275
257.6771175204407,1789.230318456741,176286.15803168193,28.43945486891909,0.10516534209286346,57.71217208013616,1822829.0,,763,59
845.6186130772868,207.62399302979162,203683.92962350007,24.686778659146515,0.22719297390018187,69.9760086471651,1733973.0,,763,517
878.9348455248116,1585.6209495434705,114287.05366921815,17.209056397033226,0.02851429457319457,79.71493768568807,1587413.0,,763,200
309.0900985765903,260.32887594934004,135166.9568267359,19.974147231146876,0.2984209836703706,85.84685596920255,1551442.0,,763,490
1761.9186504423428,1105.7677807151972,113045.14509803921,18.859536597730298,0.174472069641379,69.70980392156862,1684101.0,,764,516
1757.2401770488625,2072.204487470422,156635.16862745097,22.89372444351276,0.17767502221639694,64.53333333333333,1755489.0,,764,534
1456.6731962946626,1713.9374539038376,97792.15686274509,17.296676019493884,0.06001286498697268,69.70980392156862,1679195.0,,764,162
1390.089099244418,444.4097192744149,97557.83529411764,18.36201311085483,0.2062361130326045,84.54901960784314,1533716.0,,764,275
257.3913330037898,1790.2781744119836,165457.59999999998,27.01877344053686,0.08045992404942122,55.560784313725485,1844814.0,,764,59
840.5384674023462,210.9225580967564,208243.5450980392,27.472823346425226,0.25197033457896606,66.60392156862744,1774988.0,,764,517
879.3146122190992,1586.2016467408114,102644.58039215686,16.253961403711962,0.030904792845597592,74.88627450980391,1633034.0,,764,200
309.0203246096374,259.50659122709664,129976.69019607842,20.134299527022335,0.26893644296888164,80.75294117647059,1577746.0,,764,490
1764.7690518806494,1105.9184741815661,107687.0234546749,18.195073820407742,0.14483990527446688,68.73919073205253,1694689.0,,765,516
1760.8355317215728,2075.783515503242,166893.57375138847,26.65826383801962,0.17755217170237367,52.84972955780923,1867132.0,,765,534
1456.4990541065981,1713.7651081234671,92390.9991129827,16.691130178736746,0.11305671752702962,66.6666523180208,1698313.0,,765,162
1389.0972459432373,445.41829231213893,92023.12354449206,18.11886283667504,0.15047166203283394,81.86526735425352,1552281.0,,765,275
255.76713155677402,1791.3725953779276,164802.03706856145,28.781369415943885,0.1367970383292741,54.23142183383039,1844431.0,,765,59
835.3842923291652,214.70440398812642,193285.2779156686,26.076532541464108,0.23725888883858617,67.35749845603138,1753594.0,,765,517
879.2685954198955,1586.2865834973447,109341.25453214123,17.067125228569306,0.054829567397852566,75.9930751811636,1625056.0,,765,200
309.7210700448734,258.7626715495585,131862.14778514806,19.847781208137686,0.25432456125858544,84.62865190629583,1565313.0,,765,490
1761.8598689892588,1106.88363825465,112106.85851569258,18.652646548237982,0.18068354066353426,69.89035603937918,1685908.0,,766,516
1761.4118850285306,2067.593899170798,170340.52595340146,25.98980021110396,0.16270821258396434,54.889499133366094,1848969.0,,766,534
1455.7257922236547,1713.7406452391185,90436.7570006925,16.45975152500613,0.08837552688922776,69.89035603937918,1675007.0,,766,162
1390.6773992390079,444.18268742953774,96769.1641864263,17.01267215788049,0.15344790082399884,85.23214151143803,1527622.0,,766,275
255.85184670895967,1790.1226863029967,164500.41961703773,26.806986240382642,0.07118249772823308,56.935070529640605,1851198.0,,766,59
831.5326712288311,218.18632363240545,202018.92645324065,26.31546138093097,0.247154494779628,67.84478464310467,1751390.0,,766,517
878.4215137167347,1585.7426893268664,106279.70746483859,16.506653279334163,0.06681223769649754,75.68614166215697,1626576.0,,766,200
310.2532630316542,258.86223283556853,129061.57703371388,20.730276015582294,0.30284060327771434,81.14099871888901,1591037.0,,766,490
1762.8487166580567,2063.5241545573763,155854.1435360598,26.82276743519593,0.1197075372481156,46.79498655704091,1901533.0,,767,534
1759.1888205626042,1106.9877494864813,107039.74686061249,18.916790615637815,0.16159624101583892,67.78391435100778,1698517.0,,767,516
1455.847589880468,1714.1718577032411,89206.72801297781,17.040946509127767,0.058558147540415884,65.71942964996185,1704948.0,,767,162
1393.713282520008,443.864339513426,99269.71460744266,17.46050030118783,0.16614550852461316,80.85898412429862,1565340.0,,767,275
256.8302308397258,1792.5206442121428,155063.10181477573,28.138941612288264,0.057755290636928115,53.332521443686325,1853517.0,,767,59
826.4597491181181,222.71387653830533,194010.29386157406,25.357569929749285,0.2022423044785803,68.81615670153074,1742798.0,,767,517
879.8579250759641,1586.2372934354798,101234.75996205486,16.31775089952976,0.04198933570595697,73.97736845414555,1637896.0,,767,200
309.8316565655498,259.4031534506719,130236.64104234798,20.173320939674145,0.2707101771989292,81.89122647482158,1583817.0,,767,490
1760.6566350732367,1106.6591200741575,120785.84705882354,17.936326696936217,0.15932892554066544,77.68235294117648,1611480.0,,768,516
1765.679463455153,2064.0036013999247,183092.2,26.231426198008624,0.1548238409345168,56.529411764705884,1838597.0,,768,534
1457.906426527895,1713.224860689617,104913.84705882354,18.641147545590517,0.1140749606829205,74.76470588235294,1633646.0,,768,162
1390.9605926451427,444.8423194199063,106929.57647058825,17.4088490897828,0.1568487788226881,90.81176470588235,1486387.0,,768,275
255.16720148368591,1791.6339651937633,169117.76470588238,27.85101170806075,0.13175617376893647,59.44705882352942,1806949.0,,768,59
826.0627999103334,226.49057449685117,208248.51764705885,27.32914552672749,0.2712363693927132,71.84705882352942,1716961.0,,768,517
879.7012563630127,1586.96555094508,120149.8,17.113497560795903,0.03508301740432451,81.69411764705883,1574539.0,,768,200
310.0437546640954,260.0559435000141,142215.96470588236,19.70235718635971,0.2690060688904568,88.62352941176471,1520321.0,,768,490
1759.7309939017161,1107.2088892693914,110758.25882352942,18.5565105060782,0.17497201173563387,70.7529411764706,1673815.0,,769,516
1759.4518840291364,2059.219973251097,164976.52941176473,25.214389121154028,0.1299947317760334,55.800000000000004,1848794.0,,769,534
1456.4377158405134,1714.0148358740014,104550.23529411765,17.743209142671276,0.07286655864571753,71.84705882352942,1656240.0,,769,162
1391.4433476868721,444.19310294063524,99094.23529411765,17.52417910381738,0.20850605471544767,87.89411764705883,1501554.0,,769,275
257.80671826375055,1790.2667671517456,175907.49411764706,27.433367489860125,0.11353797995395223,58.352941176470594,1824401.0,,769,59
820.9964359189823,233.2666140548538,213968.2,26.63068782816868,0.21074194344234115,72.21176470588236,1718941.0,,769,517
880.2171628034671,1586.3869670941679,111586.87058823531,16.031702921255295,0.03576100175743181,80.96470588235294,1576604.0,,769,200
310.3159718027241,259.65420779207136,138860.30588235296,20.189707921804068,0.2793205430362946,83.88235294117648,1559169.0,,769,490
1759.033641530082,1108.2716411321412,114785.14895410414,19.114525840764223,0.17891851528837377,70.65765753759489,1677481.0,,770,516
1754.4546709035153,2059.8878516510376,160592.72244984066,25.763437180370044,0.15884112149207966,52.45795786882044,1865719.0,,770,534
1456.7883484088907,1713.6238895322665,92751.73607863081,16.98757071051136,0.06355156034163784,66.73223211883962,1698711.0,,770,162
1391.5044185629267,443.62061054423714,93483.2926339443,16.44785545803446,0.14941070290952543,83.50450436261214,1547138.0,,770,275
257.02193915290144,1790.602184695398,170302.44065155994,27.97036324100323,0.07607611821106083,58.52452442507859,1817778.0,,770,59
817.9627212587162,240.08784459410242,215557.24287696448,25.283785020889397,0.19049599128988287,70.65765753759489,1747823.0,,770,517
880.8199517333446,1586.6673530968937,109866.59090440378,16.7858572539965,0.08282780339885734,78.86536523135591,1590012.0,,770,200
309.46957473706163,259.42960028151026,136906.3486162151,20.752415413799763,0.2688892577474716,83.86136121886261,1564814.0,,770,490
1759.546730571722,1108.5428743064213,116537.74539198141,18.90788656561385,0.1912846795551959,72.64178350866017,1659261.0,,771,516
1749.2572527644677,2061.287591661963,151364.7758056593,24.41461573237675,0.04746168691182302,53.44628631207121,1854514.0,,771,534
1457.549279538905,1713.0972872238233,97953.49304729953,17.27685785908969,0.10203079404771224,73.77093040257716,1638154.0,,771,162
1391.2153539671806,444.1904995601312,103535.99529082516,17.31378705359977,0.1581966253002874,88.82622232147047,1496681.0,,771,275
259.01006673525507,1791.3466100918702,176699.068282177,28.78368375505294,0.17367620267999997,59.092020781656196,1807612.0,,771,59
813.529496830357,243.41066653780484,210299.0924044651,24.906451801576306,0.16830179388014807,73.39454810460484,1716031.0,,771,517
879.7820675641351,1586.0778381300352,115581.73435513169,16.132142822829415,0.04945792351140145,85.8151639376918,1538307.0,,771,200
309.704970692184,259.0053609218296,139083.04504052413,20.381138952542408,0.2683560764774954,87.69707542755347,1531245.0,,771,490
1760.912766318443,1107.9297967617617,120373.36470588236,19.113401213432887,0.18761762016802463,71.84705882352942,1662691.0,,772,516
1748.546741363212,2063.101347833251,166005.0,26.2404488452369,0.11220789237337536,53.247058823529414,1863930.0,,772,534
1456.8880579651134,1714.2119885698496,100316.72941176471,18.036892553514747,0.07628410266666141,70.38823529411765,1677699.0,,772,162
1390.597914696696,443.0417132296054,101822.96470588236,17.934778991065933,0.2013468869704078,87.89411764705883,1498725.0,,772,275
256.97117254258507,1791.7211834605012,175372.83529411766,27.262286069764855,0.13709427980009348,59.81176470588236,1811113.0,,772,59
807.8656054958967,249.49855962888535,205980.4117647059,24.857386084652603,0.1600822144252409,71.84705882352942,1726801.0,,772,517
878.1129105428332,1585.558888232918,117373.29411764706,17.081320311640177,0.07826336570951684,84.9764705882353,1554807.0,,772,200
310.8481767836107,259.19718630251987,134673.11764705883,19.612305241650283,0.27321788691887267,88.62352941176471,1524900.0,,772,490
1746.02175239766,2063.17685019527,158856.68235294116,25.917007548034157,0.14273385482612233,53.819607843137256,1848924.0,,773,534
1455.3702350469316,1714.9415106295464,99478.17254901961,17.880196317738026,0.11100132854507977,69.67058823529412,1676244.0,,773,162
1392.0895844070656,443.2904068709251,102279.00392156863,18.433366275520683,0.1920535663389202,85.89019607843137,1522731.0,,773,275
1761.6812233398284,1108.4937858760336,111997.86666666667,18.818130034900573,0.17095723328429888,70.7764705882353,1674690.0,,773,516
256.6918237784585,1791.269486775267,172568.51764705882,27.182392892648142,0.10044334296961926,58.61176470588235,1825949.0,,773,59
310.20097338648065,258.8668622447654,141863.32549019606,21.59189922637401,0.30302311961514633,86.99607843137255,1539159.0,,773,490
805.527082996954,257.0932162340148,203192.2431372549,25.361602551807366,0.1118129381841259,69.30196078431372,1743501.0,,773,517
879.1102329152802,1585.8337479737224,108017.05882352941,16.52162662705735,0.04624850338832342,78.88627450980393,1592556.0,,773,200
1760.7920496230745,1107.6381516212296,109840.74117647059,18.91357594656273,0.15699647500914282,67.89411764705882,1698997.0,,774,516
1743.6537797818457,2062.231494268227,158362.85882352942,25.873614066992662,0.20503982243348504,53.90588235294118,1853703.0,,774,534
1456.5052158422855,1713.9161382171105,94421.61176470589,17.367519977345736,0.12122748882555524,65.84705882352941,1710899.0,,774,162
1392.7166808830052,444.01243986488794,99995.41176470589,19.092683966645165,0.2007548857330425,81.88235294117648,1564302.0,,774,275
879.5590251285964,1585.6098299328098,110898.72941176471,17.384126625507047,0.055335671118131625,75.4,1627916.0,,774,200
806.5060927178678,263.2959875811684,188571.30588235296,25.02603273792203,0.18375267303389262,65.50588235294119,1776984.0,,774,517
309.0121751895516,259.86402479935026,135263.50588235294,20.68020305050627,0.27429114969539614,80.85882352941177,1589956.0,,774,490
258.79540978624044,1790.6291932009308,166135.5411764706,27.993806601392386,0.10211814665383318,54.247058823529414,1856002.0,,774,59
1760.2843348661297,1108.3237442860252,102848.84184024979,18.916469956839013,0.15045412426108432,66.81312850827068,1701870.0,,775,516
1738.806789262523,2068.401439542824,154498.5384397429,28.366671452674918,0.17765661867240348,51.071815508939885,1865561.0,,775,534
1458.2948245336117,1713.280049201409,93847.95906723246,17.65708029332095,0.1032868292456527,66.81312850827068,1703380.0,,775,162
1392.6143097864147,445.3191453664799,95908.67184232263,16.259191158326907,0.14151473045289484,84.65328324084557,1529750.0,,775,275
879.6311923583663,1585.0809914361002,106201.39170215171,16.600623926716075,0.07134274479037156,76.95753021895051,1613412.0,,775,200
804.6653061880927,271.51049218469393,195754.42096925565,25.781638063554464,0.15857786545957414,67.16293546381137,1758776.0,,775,517
310.2867740184549,260.35141584264863,133403.42998586193,20.461096861275113,0.2932222115805134,81.8548275965201,1569249.0,,775,490
259.93890561786037,1789.0888148002614,174484.40903760435,26.854316594360046,0.16467198547346074,55.969112886509464,1844989.0,,775,59
1391.8309947605746,444.91696149843915,100961.5294117647,18.100340316874924,0.193477671133252,84.7843137254902,1532681.0,,776,275
1457.608955917711,1713.1887014605188,96742.9568627451,16.882929780248443,0.09377735453168602,70.7764705882353,1663026.0,,776,162
1758.361723810634,1107.7851031588764,110685.92156862745,18.82914326175141,0.16600372194232366,70.7764705882353,1670290.0,,776,516
1743.4727603380657,2073.48184433646,164389.0431372549,24.904341362364292,0.09348385480830788,56.03137254901961,1833627.0,,776,534
879.3426180890475,1585.8510701192376,114726.81568627451,17.12069357501873,0.0583496033649285,77.78039215686275,1617803.0,,776,200
803.7232447061718,278.4071072886079,206759.08235294116,25.072918338780013,0.08192433460212079,68.56470588235294,1740078.0,,776,517
310.09793199917345,259.48738429421456,139144.3294117647,22.33863137331224,0.29558052751980424,85.89019607843137,1546768.0,,776,490
257.25476131014466,1791.6395675103936,175649.87450980392,27.76728819941524,0.13146258384710133,59.34901960784313,1810337.0,,776,59
1456.692136527993,1714.49585134935,104215.6752871264,17.348769524095587,0.056162164127271715,73.7844737382531,1638404.0,,777,162
1392.4611245668293,444.82713790662143,101028.26131191319,17.64643364358911,0.17446690869186254,89.97188379307394,1488895.0,,777,275
1759.4937375661968,1108.2589344366922,120916.56504694202,18.301543842415484,0.16369200120554822,73.7844737382531,1652717.0,,777,516
1740.507022620278,2069.8109817430245,163925.7606598077,26.90008359924023,0.19096395993924917,54.96190390706609,1833410.0,,777,534
257.95528436471926,1789.1963359055103,187090.69735104957,27.565869244368145,0.10712779278401331,58.72641787330349,1828052.0,,777,59
805.4282636921624,282.85075056934954,216872.14378935032,24.61457882849702,0.13286496892138427,71.9022167551344,1728238.0,,777,517
879.4549830277696,1586.0053827579954,118332.60266051666,17.001506839725323,0.02128351535205498,81.68995306735165,1574500.0,,777,200
309.45512076263464,260.29476860119433,144610.79240183686,19.9939278858121,0.2805894877013745,89.97188379307394,1507614.0,,777,490
1757.2372366970917,1108.044561595139,107922.0,18.125328266847177,0.19117832017033273,70.94117647058823,1665315.0,,778,516
1739.659532401424,2064.744146210972,160303.41176470587,26.068561669303513,0.15382886782827138,51.88235294117647,1872740.0,,778,534
1456.2498299509466,1713.9184448339277,98068.58823529411,16.88931301833465,0.0963176599501648,72.0,1649854.0,,778,162
1393.3682552241548,444.2859156223067,99920.47058823529,17.759351926989503,0.17656434823049122,86.8235294117647,1516996.0,,778,275
879.197619582304,1586.7713772416669,110015.29411764705,16.708193472281287,0.059742365946629204,78.70588235294117,1600948.0,,778,200
805.8412055935569,289.81157946270963,204739.76470588235,24.55518865388516,0.10875963858615122,68.8235294117647,1755882.0,,778,517
309.6357586964678,259.4331752157367,131696.4705882353,19.864217617501282,0.2835754143382775,84.70588235294117,1554646.0,,778,490
258.7048876652385,1790.3041548306285,173572.5882352941,28.093449133609518,0.13046548277871095,55.764705882352935,1860892.0,,778,59
1391.7393933837013,444.9453018411208,98371.45098039215,16.50091197753533,0.16991769718371177,85.86666666666666,1522139.0,,779,275
1458.8903058727876,1713.653489720175,95848.12549019608,17.981328621424677,0.07252775490215142,70.71372549019608,1668835.0,,779,162
1755.9166740896899,1106.5772703728996,109357.69411764706,18.123144878754545,0.17794800419519338,71.79607843137255,1669955.0,,779,516
1745.4569468648474,2062.0008375532825,149473.66274509803,25.45193941300113,0.04265956570062714,50.870588235294115,1869456.0,,779,534
879.1221625401882,1586.9302367747096,111431.48235294117,17.255104413075,0.059077345355033666,79.01176470588236,1599233.0,,779,200
808.0975008401281,297.21847927978916,203983.8431372549,24.966360713977668,0.1640870618609745,68.90980392156862,1740268.0,,779,517
309.306599542089,259.8517466225715,134729.49019607843,20.31907204165335,0.28181315907640364,83.70196078431373,1562398.0,,779,490
259.4998819218241,1789.9932675081434,177217.25490196078,27.30250548542677,0.14239848514116862,57.72549019607843,1827740.0,,779,59
1393.0196011286255,445.0822640997927,104440.76470588235,16.65252891655895,0.1492556688583192,90.90196078431373,1479653.0,,780,275
1457.8512763942108,1713.772958139571,95574.84313725491,17.151057704975145,0.10957743039813661,72.64705882352942,1647702.0,,780,162
1756.8935564303617,1106.400121771289,115645.92156862745,18.98330676171578,0.1516460279849125,73.01960784313725,1646055.0,,780,516
1751.74474440715,2059.278598615639,139185.05882352943,25.988480615963546,0.07671710124869227,49.92156862745098,1853543.0,,780,534
880.3415506247393,1586.3053773266324,112526.94117647059,16.29486551790303,0.037420975431748604,82.33333333333334,1570075.0,,780,200
809.983487104306,305.0724328314811,213969.43137254904,25.371833389339226,0.12316246527254682,72.27450980392157,1713833.0,,780,517
310.39085660334325,260.0204556846541,140472.96078431373,20.190264339831568,0.27626624315644593,89.41176470588236,1525309.0,,780,490
257.3642319743964,1790.3951012919117,177866.82352941178,26.61026394182144,0.09071488127345469,60.72549019607843,1819697.0,,780,59
1457.1562370084343,1713.7079355125106,102404.11782786867,16.301285005798842,0.07896775006361013,75.7645725514287,1622403.0,,781,162
1390.6397109936174,445.422889502103,102764.901506685,16.75830154990232,0.18202205644791788,87.6704339523675,1506899.0,,781,275
1757.5167152202469,1107.3937521946652,110964.07139146485,18.573972302672384,0.16329838867722338,70.71360104800013,1667564.0,,781,516
1749.4566108263798,2062.0148169130416,136283.86997079468,25.33521946698505,0.035552808437211016,50.87049871310213,1853092.0,,781,534
258.0323078591339,1790.0747705280883,169683.41903721617,28.203805234933004,0.10328789061623132,56.643037574163365,1833983.0,,781,59
813.1130789726536,311.3670006882594,211775.69006103824,25.957307446066224,0.10172073783091082,69.63125001155115,1746589.0,,781,517
879.7269390692227,1586.7617626779795,119827.44402894557,17.456074424833076,0.05805540488012673,81.89789509130627,1574515.0,,781,200
309.48122704428044,260.5563990399311,144002.4759953912,21.504610110198744,0.3107103573552268,84.78416452183689,1549364.0,,781,490
1758.4105271055619,1106.4929176344806,115407.32549019608,18.85542899202867,0.18338193720139767,70.71372549019608,1676653.0,,782,516
1746.6853861373895,2062.905235577815,140039.15294117646,25.931943652199,0.018037472640809727,49.06666666666666,1879194.0,,782,534
1456.5785687687708,1714.4244450089961,103670.29019607842,17.437812170894457,0.08847916853692865,72.87843137254902,1656094.0,,782,162
1392.2363460744307,444.81351358918187,103091.23137254901,16.999909317377856,0.17359214746282461,87.67058823529412,1495198.0,,782,275
256.4406771721611,1790.8010215922616,169445.6,26.547621750726393,0.0784814435650774,57.72549019607843,1834262.0,,782,59
816.6509181540991,318.4981208674501,210618.66666666666,24.8818139640452,0.12003404281131268,69.6313725490196,1742865.0,,782,517
878.7893271461717,1586.7275312909387,114291.05882352941,16.63278162811828,0.016258161738862027,81.89803921568627,1573774.0,,782,200
310.4391686955804,259.80958558577146,139886.18039215685,20.187895405139948,0.2832776132190897,86.94901960784314,1539835.0,,782,490
1757.0304060537933,1105.9899960244566,102982.58823529411,18.18187815525511,0.1412019304315098,66.0,1713972.0,,783,516
1749.3551051835557,2062.932281039461,128347.0588235294,24.608609806572314,0.027471143455052388,46.94117647058823,1891401.0,,783,534
1457.2269048807116,1714.8064936088151,94072.58823529411,17.298598407715428,0.0929399085959037,69.88235294117646,1666603.0,,783,162
1393.8386009255705,444.40009559883254,97466.11764705883,17.675257529617856,0.143406559183065,82.94117647058823,1542621.0,,783,275
259.0777633245908,1790.303882022448,166596.0,27.243388816700037,0.14103514176756077,55.764705882352935,1847227.0,,783,59
821.8517624327251,326.4333771027107,193258.94117647057,25.474579865054046,0.14601229741737212,67.05882352941177,1768099.0,,783,517
879.4519432023221,1585.897095787244,112473.5294117647,17.26428262676363,0.09360630900934996,76.94117647058823,1611222.0,,783,200
309.1080674571696,260.82909064685947,137038.5882352941,19.936710015107774,0.30361436922434243,82.94117647058823,1563066.0,,783,490
1744.1058935038325,2062.8129715159184,128839.76470588235,25.407599816455093,0.03430625912529805,45.17647058823529,1905590.0,,784,534
1755.8322031903986,1105.3876956178246,104984.11764705883,18.897748976370316,0.1989662041995166,66.70588235294117,1707866.0,,784,516
1457.7643853796103,1714.3294748677492,95740.58823529411,17.43123075549459,0.07350952912685822,68.8235294117647,1690432.0,,784,162
1392.3428399804327,444.9135157688766,98123.29411764705,16.581039716464087,0.16616186091771684,84.0,1540840.0,,784,275
879.4612494705771,1586.4510748499026,109164.35294117646,17.034074384539412,0.07961204169934707,75.88235294117646,1625643.0,,784,200
823.0700350874739,330.6161601681122,201882.0,25.345401556325037,0.135426218779894,65.6470588235294,1772081.0,,784,517
309.2136232118491,260.5743868171892,135277.76470588235,20.890604420503916,0.29965443738487163,82.94117647058823,1574734.0,,784,490
257.7026583662825,1789.6214411902558,176207.29411764705,27.325208786330307,0.14382531604945495,55.41176470588235,1858881.0,,784,59
1392.6521185585932,443.92653414859177,109100.81568627451,18.066257334221618,0.16983156760744464,85.86666666666666,1528892.0,,785,275
1456.5451419091767,1713.903348344546,98300.37647058823,18.944733373649385,0.11784710431485348,70.71372549019608,1657703.0,,785,162
1756.739070133447,1106.251250860684,110035.60784313724,17.961100591651533,0.14690364929250335,71.79607843137255,1670016.0,,785,516
1749.156436099952,2065.9513200318206,145581.16078431372,25.214824702802417,0.03319369569133208,50.509803921568626,1872888.0,,785,534
880.3243315802072,1587.0890406971102,111540.8,17.039042707683222,0.09188469969520183,77.92941176470588,1607348.0,,785,200
827.0780289918938,333.4880023739379,203041.47450980393,24.841359208138115,0.08536701635041348,68.90980392156862,1756723.0,,785,517
309.32736361683016,259.4623009555171,139364.84705882354,21.34224961992146,0.26082931644846946,86.58823529411764,1541222.0,,785,490
256.8415261976173,1791.174898627704,172255.74901960784,28.6347127688692,0.1355363520209684,57.00392156862745,1839650.0,,785,59
1391.3266184222282,444.0973036719378,97623.2342055889,17.652120424754596,0.16932482498558832,81.98502649267718,1560340.0,,786,275
1456.2367433277493,1714.4137331691388,94338.94893153757,17.27475310152883,0.08252705521594476,66.98351100678306,1701950.0,,786,162
1751.4601083248874,2063.816250912697,160064.42587222447,26.139446846560976,0.08696467778153227,50.58650570824762,1890808.0,,786,534
1756.5606987710628,1106.4094393940957,101430.82815938072,17.874795620018933,0.15166878821846252,67.68125591310371,1699873.0,,786,516
258.29261653041135,1789.8787698497624,163014.14246369505,28.20646518685995,0.10924617774875506,53.377485333530245,1864737.0,,786,59
832.5609299024935,340.2715970491425,202547.322238464,24.94971115767733,0.13752096549893023,65.93689364730207,1776307.0,,786,517
879.3533003896991,1586.1294142461131,104205.41077936481,16.565327785337608,0.05136529919587405,73.96096006998962,1645709.0,,786,200
310.0584321545849,259.69041670024984,134182.27631716605,20.71911532900698,0.2889827871455273,80.93840913319619,1593556.0,,786,490
1757.5927662508618,1106.9614523913997,120116.7058375328,18.210189226447103,0.1366386652726436,73.78823526658444,1643589.0,,787,516
1752.0658501606,2060.4736887885642,177452.42346319748,25.013432124061424,0.1764698266631841,59.858823507076146,1811710.0,,787,534
1456.353298773246,1714.8410541413957,106826.16466602142,17.777442989688172,0.10733324770129557,74.91764703086889,1639173.0,,787,162
1392.0653573728268,445.60697500573605,101730.63525615806,16.652664552163184,0.18054121223922792,92.98823525942018,1458956.0,,787,275
879.8322943492673,1586.5174951510473,116071.15289786589,17.55667599945449,0.07598057638933986,80.94117644038599,1582511.0,,787,200
840.0091295127587,348.2189249349287,221729.50579961718,25.136589997335665,0.16550702288586425,72.65882350229998,1730402.0,,787,517
311.16501527375266,258.44504875851806,153804.79994260953,21.6583895184218,0.30704036930719514,88.84705879037718,1529084.0,,787,490
257.05942330571906,1791.8930639517782,171505.69405365174,28.00040973423718,0.1351141542706488,60.235294095170964,1801452.0,,787,59
1389.8558082104964,444.35602857028385,96900.35294117646,17.585343970148887,0.1480936728767078,86.8235294117647,1518223.0,,788,275
1457.4497270358722,1713.4399301439007,99431.29411764705,17.39002371471084,0.10282460212640673,71.29411764705883,1659834.0,,788,162
1746.3258305229913,2057.500435736845,164832.35294117648,25.99709692958285,0.16600929067752773,51.88235294117647,1867743.0,,788,534
1756.8056487065558,1107.5930805530984,104931.88235294117,18.39967489400289,0.12968255605454881,68.8235294117647,1681071.0,,788,516
879.307709187131,1586.3463583852335,109372.94117647059,17.045504696900807,0.06731404017074576,74.8235294117647,1624241.0,,788,200
846.14453275513,350.3790694334494,201516.70588235292,26.49489245481465,0.20441928495614978,67.05882352941177,1773393.0,,788,517
311.6602747225005,259.65897259418506,132814.23529411765,19.924337223110783,0.28443356641810874,83.6470588235294,1568823.0,,788,490
255.8533693939321,1791.7715908816947,161036.11764705883,27.979496320940775,0.13288455177234257,57.17647058823529,1821903.0,,788,59
1391.3383305597938,444.7017358594999,99078.22743169175,17.15046500821471,0.18093981724192823,85.86666664995006,1523155.0,,789,275
1458.3416779981671,1713.8443532176534,97639.78037314826,18.55459227679023,0.05097969619203619,70.35294116277421,1669311.0,,789,162
1748.669017367479,2055.3039352798633,164069.55290923524,25.003367806265338,0.1732601507024791,55.19999998925361,1838758.0,,789,534
1757.8535967210735,1108.3377036953925,109327.02742969649,18.306974200105323,0.138686751764289,71.79607841739522,1666547.0,,789,516
257.9457882659968,1791.509968443618,162577.3489879571,27.818564356709544,0.07711737084292593,56.64313724387462,1834357.0,,789,59
309.2657012012247,261.20883471294223,138339.85879659728,20.691315473873303,0.27351585115533705,83.70196076801855,1565366.0,,789,490
850.6203536225294,354.0437032519905,209437.45878275592,26.499080503196563,0.21214578359782654,70.35294116277421,1729733.0,,789,517
880.9522692362303,1585.9501974932555,111801.28625274422,16.711054877341716,0.0655643618608789,80.81568625877652,1580259.0,,789,200
1756.4788259998834,1107.2281697808714,112450.61743624703,17.945490443232742,0.168970831556992,72.51681174717311,1664066.0,,790,516
1748.7129752412925,2060.279825849769,173675.94210403366,26.063875867995428,0.22681776185586008,57.94056817990213,1822738.0,,790,534
1457.385056432048,1714.2782122568299,96732.32518548038,17.064004984532232,0.08704142542838962,70.69478130126423,1659731.0,,790,162
1392.9096490577238,445.4685710046001,98229.30539983911,17.365269952816853,0.20101234977681898,85.63543095771698,1525677.0,,790,275
258.7165437836789,1791.2371259491829,165275.65293621543,27.334295195042,0.10914917201650146,56.847349912356805,1839151.0,,790,59
855.1247206442033,356.06510109174695,215723.66751645107,26.979366663102287,0.2536544559911547,70.69478130126423,1730942.0,,790,517
881.7122808894035,1586.6041758421522,115835.95000474571,17.967186167612983,0.06773974098783635,80.89815179835391,1590149.0,,790,200
311.1605855994271,259.0106880713108,136378.61447018987,19.109414605696735,0.2454379846519714,85.99983704689876,1547789.0,,790,490
1757.7750828218113,1106.0112816737467,105247.21176470588,18.379414006378,0.15533328327571508,66.66274509803921,1702746.0,,791,516
1745.6539221218961,2061.8730427460678,155852.61176470589,26.220244905008826,0.2974538863811427,57.937254901960785,1801917.0,,791,534
1456.8118212839427,1715.5327765901084,94201.43921568627,17.738550887637935,0.0964996591591358,68.75686274509803,1685161.0,,791,162
1393.0023463236978,445.1472140368618,88358.50196078431,15.910563193200087,0.19369470854172918,82.71764705882353,1543318.0,,791,275
258.4461945538263,1791.2589158034498,184270.83529411763,27.51351626473965,0.1004710161936346,56.89019607843137,1852768.0,,791,59
861.031626326409,359.5613174640777,213629.66666666666,26.431691468039592,0.1828763107038842,69.45490196078431,1736420.0,,791,517
878.9316882401197,1586.0688691001772,111467.78823529411,16.617488360869174,0.07165349550801099,77.8313725490196,1602197.0,,791,200
309.5096639163223,259.91115419326803,135741.05490196077,20.353203418731777,0.27331548049872784,81.67058823529412,1581516.0,,791,490
1757.0269999156253,1107.0459779813189,110431.71764705882,18.34629564222675,0.13119801159890543,69.70980392156862,1677959.0,,792,516
1740.2088874338408,2064.261120750805,158115.29411764705,23.735711528118504,0.2314234065224139,60.73725490196078,1783476.0,,792,534
1456.1973402362783,1715.6085906810245,95053.11372549018,17.039099108333215,0.0945360021593992,68.67450980392157,1678463.0,,792,162
1392.301248336828,445.03697988868066,99078.33725490196,16.52501980363164,0.14919915576433546,84.89411764705882,1529946.0,,792,275
257.46240728528045,1791.0920898365941,169543.90588235293,28.11019849894457,0.08272502421718166,54.52549019607843,1862080.0,,792,59
869.0898159888245,360.9155680481508,203314.16470588234,25.89283103233493,0.21461924639564298,68.32941176470588,1755039.0,,792,517
878.2794812025581,1585.4608055012914,109702.87058823528,17.80482482736757,0.12129832643881064,75.92156862745098,1618904.0,,792,200
309.5267149312372,260.96199617711494,133421.4588235294,21.171603417304325,0.3059426698261346,83.85882352941177,1571062.0,,792,490
1756.924087141577,1106.983500721824,118473.56702473157,18.5332446674946,0.17631801815088666,75.19603641802705,1636000.0,,793,516
1740.9095631755356,2071.465349242853,175188.70306094186,25.114461570775166,0.21287628371871611,62.66336368168921,1788246.0,,793,534
1458.9720072777482,1713.4971234196787,102512.83968698367,17.678446417780695,0.08777621280477343,72.98438828808509,1650241.0,,793,162
1393.9566567838488,444.88586894763483,107044.87531325643,17.53673067672342,0.14138941114831127,89.94035728430687,1492201.0,,793,275
258.23934343505135,1790.756052920881,184078.05411122195,27.583428913844102,0.08675634480384248,59.71449950843325,1822902.0,,793,59
873.5623459915328,361.5354944838688,219148.1585077118,25.120227048801592,0.22305824566782123,72.61578026642809,1720422.0,,793,517
879.9935162664872,1586.8099523086792,116090.14755669744,16.961235508641913,0.06222770565289411,82.93680487282396,1566620.0,,793,200
310.1237963776945,261.1032891726687,143401.05309730754,20.277548332153895,0.2678073755681083,86.9914931110509,1531208.0,,793,490
1757.8175357972439,1106.6395701200233,115248.13405971929,18.322973799073335,0.13703284070463254,73.96072941303932,1655490.0,,794,516
1457.1998254537828,1714.451239427968,96321.40301089958,16.883696377868613,0.07556622597025194,72.87837727528753,1640615.0,,794,162
1392.5069019491427,444.66865584034434,106950.1010036222,17.85017550453998,0.17311650079293528,87.67052315789539,1519146.0,,794,275
257.06339550679763,1791.032678030019,168379.71814981717,26.60211251916303,0.08529255336337138,57.7254473467624,1837770.0,,794,59
880.2947839552002,1586.1910024515078,119059.09593674337,17.28906617947174,0.09396014852598841,80.81562628546736,1583895.0,,794,200
879.305357348472,363.26107565675846,206799.25041550078,26.486055629788375,0.2402038704363153,72.51759322937026,1716682.0,,794,517
310.8092755162018,260.11607396793494,133196.7795600573,19.4795677948528,0.26866180362942366,86.94895506606086,1540195.0,,794,490
1756.0039165854926,1106.0304260045098,107039.79804674376,18.539323766861237,0.1883432950602177,70.71358171123701,1674070.0,,795,516
1457.7908828908119,1714.8354728986392,100022.55741264396,17.350442729553507,0.07113353008990222,70.71358171123701,1664148.0,,795,162
1393.007646290601,445.1348808470601,102767.03810691631,16.771707930599252,0.1453601374791907,88.75276071920564,1504145.0,,795,275
257.51812873069645,1790.8861753808496,172742.45661314725,27.39351696934436,0.09328607565724181,58.807723565977724,1826168.0,,795,59
879.0663711689376,1586.8356012157979,115256.28330129331,16.916703676702095,0.06475018836520617,79.73317121522133,1595276.0,,795,200
880.3861233003604,363.39188398839747,213438.12288796416,26.54100498100872,0.23591764945059357,72.15671603187451,1724980.0,,795,517
311.19634989730463,260.3613322189323,136836.91393210634,20.415413199247112,0.30898370868393765,84.78414133745254,1550458.0,,795,490
1757.9667852434598,1105.7234693346954,116775.88217511564,18.744330718496023,0.1616064746593611,70.72282293519741,1670795.0,,796,516
1740.1357082810198,2065.935339265244,163582.24663508602,26.381678083078313,0.19745221987960918,52.86352421418796,1855679.0,,796,534
1457.8068511228669,1713.343063717473,95001.11080251208,18.03282776162918,0.07446012842818737,67.86533513983589,1689513.0,,796,162
1393.7762959121942,444.94108720076053,103324.97275040015,19.05043563135397,0.21515963399304977,83.9387039887444,1549340.0,,796,275
256.69485716266513,1791.3664482834822,164867.75895702429,27.088344988707433,0.05009711884013087,57.50694188165042,1822124.0,,796,59
880.2656275232815,1586.9176030844592,106167.1015488616,16.16502715003842,0.049935211302308,77.86654242360119,1605620.0,,796,200
884.2995420443044,363.8296767135887,205050.82389332113,26.140537227619767,0.22288841408989607,70.00845098635703,1739011.0,,796,517
309.75589069669314,260.42007786148935,134595.89043893886,20.263989920309704,0.2784492875933942,83.9387039887444,1554755.0,,796,490
1757.9580220351806,1105.6746353083033,115432.81283080015,19.52638149554667,0.13320393612205236,66.86457145722063,1706474.0,,797,516
1740.6332765796444,2069.119585255311,169509.8761426001,26.951326138937848,0.21590317879270127,51.85415745662008,1874731.0,,797,534
1457.3686125819067,1715.6740774918046,91683.26756989541,17.169703355245055,0.08108269193096564,65.84113413899786,1712005.0,,797,162
1391.709029570895,445.36935827710664,96976.14423397082,16.63200579042135,0.2019484607544115,83.9218600942667,1539696.0,,797,275
257.6343316246223,1791.3219573579793,162116.56495575883,27.413315095634555,0.05509979907584231,53.90103209306561,1858956.0,,797,59
309.30666656379555,260.8870732133856,132649.757689489,21.380565622660356,0.3042463972437616,77.78123618493012,1612436.0,,797,490
881.5839439342992,1586.044861674875,104803.73398951125,16.667845695157308,0.0758794519698,75.73436154848459,1633140.0,,797,200
892.838060906289,364.8766406060616,206873.18461050402,26.539030466937835,0.22002754857403697,67.20571722996155,1773741.0,,797,517
1737.3287971284833,2061.313443276242,153183.24705882353,27.043470291702537,0.12053704345291553,49.42745098039215,1885646.0,,798,534
1756.8539254349841,1106.7181864868269,111702.07058823529,19.870806349003814,0.22360717281879897,67.82745098039216,1691257.0,,798,516
1457.8307586212122,1715.1155191294101,95215.6705882353,17.90744786140239,0.07263710973014251,70.71372549019608,1670481.0,,798,162
1391.7999953790882,445.9663713133787,93691.71764705882,16.746428520733588,0.1947838095330697,85.50588235294117,1531795.0,,798,275
259.2240263009195,1789.7070015924385,175584.70588235292,27.14146918773319,0.12629271541389653,57.72549019607843,1839143.0,,798,59
879.3142349275926,1587.4047298976166,113256.69019607843,17.200459201333185,0.05575434997888565,77.92941176470588,1610944.0,,798,200
902.1986820036441,367.3587394397395,209299.27843137254,25.31239258920126,0.20165274121436452,69.99215686274509,1736532.0,,798,517
310.6382147369279,259.9117990178098,141641.03529411764,21.369012186038617,0.3121366048157302,84.7843137254902,1558691.0,,798,490
1737.863456365979,2065.1345161946524,157885.72847122216,26.345460305539483,0.11166057780909523,50.67417092627884,1867110.0,,799,534
1758.6714761117187,1107.5264191586416,107020.99411343182,17.779248819491116,0.12642549509173737,72.79951316169635,1649030.0,,799,516
1457.701417222185,1714.8377774805103,96037.5459953402,16.828484840755518,0.08292887061651323,71.72893208578905,1649436.0,,799,162
1392.2602367670625,445.91083225371267,99989.06074651403,16.460609716901203,0.1952357812416847,86.71706714849125,1516569.0,,799,275
256.632594434864,1790.0001083217069,164722.45922196616,27.246326781983893,0.06790591669969666,54.956495229908036,1856508.0,,799,59
880.8396614638824,1587.7707856115492,107183.72243696974,16.951886817670076,0.06762902724610702,76.72497710668979,1613229.0,,799,200
912.9104419057184,366.1978724220423,204665.12544335023,25.7576631569538,0.13906477259359598,71.72893208578905,1714220.0,,799,517
310.38957890369755,260.9283125032412,137626.7659114697,20.283027464663473,0.2902015549595848,85.64648607258395,1551077.0,,799,490
1756.9144710392443,1106.5411104392942,112730.44313725492,18.263153581068845,0.1732753352175258,72.80000000000001,1658192.0,,800,516
1458.1439230140147,1714.646718125091,95563.91764705883,17.50979119250617,0.06992151553372272,70.65882352941176,1666089.0,,800,162
1392.4936909075468,445.9578957425126,100852.26666666668,16.943620480334182,0.18208635630945677,86.71764705882353,1524240.0,,800,275
256.91505582184084,1791.0802140835362,169827.0549019608,26.532225191758847,0.07299949030090709,56.741176470588236,1844908.0,,800,59
880.2944674956633,1586.5027862675452,112325.40392156864,16.643331675622175,0.05900726313457162,78.86666666666667,1592180.0,,800,200
920.655861360025,367.1824336227938,208640.16078431375,26.720536469330288,0.23640783067752735,71.0156862745098,1734836.0,,800,517
311.97741195568693,259.3662350605285,138934.16078431375,19.92237189258632,0.2854305291254949,86.00392156862746,1546850.0,,800,490
1757.912111136885,1106.646501842831,109189.61076931232,18.176024689894877,0.16607481048477304,70.70772366759381,1675766.0,,801,516
1457.7874303477806,1714.628997282534,102525.49575857155,18.006230927099914,0.07989442338631123,68.94882506889743,1687191.0,,801,162
1391.7889023008236,445.2786015658741,95298.18141652818,17.72656349046247,0.22101590188192918,87.5931502150789,1506399.0,,801,275
258.9937252214566,1789.915835985487,167346.53759604835,27.33156096774329,0.09400586993638804,54.87763627932654,1851527.0,,801,59
310.3882402820197,260.4789780712429,134415.38269209582,20.743487307044333,0.25269968374476565,81.26111525977198,1586722.0,,801,490
880.923304725629,1586.4623375189553,108333.73071118667,16.419785932785008,0.043171786922412116,76.68797890316144,1606649.0,,801,200
1758.0501775053435,1107.8740356976143,118756.98823529412,18.150259543047564,0.17401018573997853,75.85882352941177,1633620.0,,802,516
1458.395010116061,1715.223965707789,103289.44705882354,17.078975744185385,0.04478772099267545,72.94117647058825,1647609.0,,802,162
1393.2700677857003,444.64777315845527,109919.0705882353,18.507108573263597,0.21187369660381392,90.81176470588235,1491963.0,,802,275
881.685805719918,1587.0795057859439,115445.09411764707,16.74015982520733,0.07664980316338808,80.96470588235294,1579231.0,,802,200
311.44448707324307,260.3630694781212,142589.78823529414,20.066850869817028,0.2874813865553057,87.89411764705883,1539319.0,,802,490
257.08111992787826,1792.4450858571684,171527.0117647059,27.739560516821822,0.1291649224727203,59.44705882352942,1813750.0,,802,59
1392.1986178989962,444.3719435748444,92980.49095175744,17.11650757742174,0.1958968306157139,84.81137549933958,1527853.0,,803,275
1457.338093205684,1714.9148374088438,94858.2078249527,17.251208429235255,0.04846964813556531,69.10556522168409,1675707.0,,803,162
1759.741750649929,1107.7095325095443,106596.38140846623,18.683110238997386,0.17108729486920762,69.45458322785422,1688383.0,,803,516
257.5226497979995,1790.337122832076,168115.69124803657,27.334897653488046,0.07988425139533212,55.84288098721947,1847959.0,,803,59
311.3263881333188,260.17385278559254,134728.62877780272,20.04969526817592,0.2817689775335518,83.76432148082921,1566882.0,,803,490
880.5786100812189,1586.8562421144682,108161.72716613923,17.02940029308054,0.06706400280499028,77.48199736976702,1612234.0,,803,200
1757.879399912298,1106.5523508342908,111491.41568627451,18.869271350230928,0.18757961787204766,70.65882352941176,1677244.0,,804,516
1457.1678517856112,1714.856808544395,98968.03137254903,16.862367010321893,0.07908902807225578,71.72941176470589,1656743.0,,804,162
1392.92335243553,445.3865895038456,94654.27450980393,15.848894968537142,0.14031487195478975,87.78823529411765,1503066.0,,804,275
880.1968836765985,1587.7869768539033,111948.9137254902,16.687922189975506,0.057705100544079194,77.79607843137255,1606053.0,,804,200
309.4995094039516,260.2160404251144,138207.23137254902,20.08424286181215,0.2633269310346239,86.00392156862746,1539498.0,,804,490
258.902578527695,1790.172237375536,167336.86666666667,26.61359121046033,0.16720781774140037,55.67058823529412,1843932.0,,804,59
1395.4312395342777,444.4991913053724,95557.04638769513,18.39877366791921,0.1577019167021438,80.8588229615138,1572763.0,,805,275
1457.1207791334996,1715.5284651801849,91379.34053468358,17.1162589061232,0.046537631082121535,66.8705877656401,1699474.0,,805,162
1741.1551717596171,2068.417321564926,143872.06957777467,27.344322251298717,0.04886429290070819,46.741176142309655,1891925.0,,805,534
1759.3121444903402,1107.4987788846731,109523.78746607271,20.126672489624642,0.18090293846842703,66.8705877656401,1708763.0,,805,516
881.1143342228067,1586.9183887041088,107911.38747739713,17.028114378023577,0.057142135928977975,75.74117593863316,1622276.0,,805,200
309.0136441287538,260.6653804271814,136604.3284523478,21.237762671429817,0.28849816619419716,79.83529355693767,1596795.0,,805,490
257.06530746424187,1790.3958930336223,165015.45766457185,27.872890905194676,0.08200984263811747,53.56470550615048,1868587.0,,805,59
1391.8469899604145,444.27168205286387,96113.60869258545,18.597657578692832,0.16243218286744293,79.76467404221587,1576515.0,,806,275
1458.2183151677148,1715.068473396139,96918.66719475489,17.870543509173704,0.07272511459403182,66.70585572556992,1697666.0,,806,162
1758.309135030781,1108.415825143104,104572.19355141617,17.642829242183996,0.14897591457025136,68.82350193908007,1686114.0,,806,516
1741.6017413069014,2067.5222487530104,137908.53318552865,25.59513704408458,0.05775523709371171,47.29409876839348,1889892.0,,806,534
256.7636263287171,1790.7578311628672,167543.22723842534,28.176311772994442,0.07336285183153289,55.058801551264054,1849926.0,,806,59
880.8722543955757,1586.4100113476288,108237.1332649311,16.709859283409653,0.04338318841536451,77.99996886429075,1608124.0,,806,200
311.12784919120145,260.0627978220822,138135.12133037424,20.64586479073306,0.28714195333130943,82.94114336248111,1572654.0,,806,490
1758.0227460448568,1106.41392401042,114802.11764705884,19.160565903004073,0.19456661444322235,71.84705882352942,1667638.0,,807,516
1740.5949764094403,2070.1674571378435,147564.01176470588,25.89213525844947,0.05306805808085123,49.964705882352945,1873698.0,,807,534
1457.7701783069494,1715.468945353825,94803.4705882353,16.792407759358852,0.05922131076358555,68.92941176470589,1681238.0,,807,162
1391.884858731114,445.1532221025625,92113.03529411765,16.646123878622493,0.15875936957076078,84.9764705882353,1527419.0,,807,275
255.8689677668428,1791.9941698305245,176655.1411764706,27.42638946139085,0.14425127524527478,59.81176470588236,1812371.0,,807,59
879.5344288237892,1588.104525491928,118917.45882352942,18.15744482684644,0.0829029635857318,77.68235294117648,1605302.0,,807,200
311.0331363993604,260.9186048402396,134572.82352941178,20.199967492183646,0.3013591746080863,84.61176470588236,1553021.0,,807,490
1759.04174304719,1108.1000988582202,116134.3122001409,19.80027092416145,0.1842237350268096,70.7097564199779,1679785.0,,808,516
1733.8509512854073,2072.408024345102,140289.29721717842,26.16585729127969,0.05609897572887333,50.181117459339156,1869239.0,,808,534
1459.294565497917,1714.5160749179663,103110.79157951938,17.159901307468402,0.09681774921168947,73.75103626599845,1636859.0,,808,162
1392.3442003361242,445.44094251667315,99981.31461796424,16.40108813409795,0.1874592009908998,90.85823539986407,1481791.0,,808,275
257.37388770123846,1791.46780939972,176229.6217975263,27.458031279399904,0.0737298058180891,58.92479701664825,1821177.0,,808,59
880.7818108868058,1586.7398277965267,117489.58253152382,16.569927256381472,0.05725798606355787,83.63519576556526,1554366.0,,808,200
309.4019981108962,260.0434573245105,143684.12584529884,20.23909835937702,0.27652349085612066,89.71775545760636,1501681.0,,808,490
1757.7823717113831,1107.6916644959624,113975.2907226824,18.529667748548032,0.17912173940358608,73.85088191525722,1642403.0,,809,516
1731.2807517174217,2071.148240465349,140995.8068646416,25.178168739723496,0.07051424849022854,51.95539431224126,1844022.0,,809,534
1458.777857142857,1714.2994411547002,100273.91102262565,17.319559973076448,0.10203589174411466,73.85088191525722,1635414.0,,809,162
1393.1503415125003,446.01669737323135,102526.91958598004,16.736218278833185,0.16258218524147128,91.66415996516852,1467750.0,,809,275
256.46741799248394,1792.2780885391444,175480.457619473,26.418379262125434,0.09266270047461299,59.748703459077454,1820386.0,,809,59
878.9923747204616,1587.0100534596604,112180.60295915384,16.903194581454944,0.054884789854852456,78.6753113871082,1585146.0,,809,200
311.9506901983226,260.6620875686517,133588.0809655941,19.541649264934385,0.28209285795241207,86.83973049331755,1521359.0,,809,490
1759.2197863831448,1107.987063499805,120933.39607843137,18.41050828346572,0.12733396038329484,76.67450980392157,1618987.0,,810,516
1720.6616828380577,2068.7039674640982,128526.0156862745,23.821692960187143,0.07176517040002597,54.55686274509804,1810406.0,,810,534
1456.8180486074152,1714.5382331027142,103897.64705882352,17.248313068461098,0.11711133003167006,77.41176470588235,1605767.0,,810,162
1393.0649729196125,445.30781596008643,110532.20392156862,18.375845749195122,0.1772885870800555,92.89411764705882,1468419.0,,810,275
256.71139314025254,1792.1873330990495,175174.34509803922,26.7591453826497,0.060025734462308813,60.8235294117647,1811239.0,,810,59
879.932122681874,1586.8747825153384,116740.25882352941,16.86219229842311,0.06716028713697018,82.94117647058823,1555667.0,,810,200
311.1094627915437,260.67292281418,145911.59215686275,20.916570174338762,0.29623178791246696,88.10196078431372,1527312.0,,810,490
1758.135018887194,1107.7805321147766,111536.33364053637,17.90866557250723,0.16621801308161654,74.84483825200151,1636571.0,,811,516
1724.1065084879071,2067.6989236587056,128116.47334560048,25.08878006983585,0.018076290023146924,51.843741618459575,1840437.0,,811,534
1458.3210531866278,1715.3892677610995,103859.07871974082,17.566400100372817,0.08115120764497619,74.84483825200151,1632534.0,,811,162
1392.0550078920935,446.01104893098005,101774.37615184361,16.209869152535315,0.16487119872653008,90.90909621828474,1480870.0,,811,275
257.5505904515895,1790.9059287838465,177523.92420476442,26.916124609156984,0.10007126351407908,58.78058028571825,1833620.0,,811,59
881.0576935289262,1586.686010033657,114983.57736139196,17.370431720004202,0.0755218325503862,80.68638660337723,1582103.0,,811,200
310.39662896307186,260.7053460308557,145798.8402052148,20.40309308894062,0.28681326184921413,88.71851558651885,1518782.0,,811,490
1758.932570031201,1107.8913750055656,107625.35764311685,18.018108376198366,0.14350702520356579,72.98458718781663,1651160.0,,812,516
1722.3061806917233,2062.6758424096624,111852.565955591,24.10591888618358,0.04663441155235555,48.65639145854442,1820406.0,,812,534
1456.073799455045,1715.2981606823653,97537.2658140453,17.267396666940886,0.10654551457779476,72.98458718781663,1650823.0,,812,162
1392.464964378777,444.9517762100128,106377.61608942614,18.117553118382023,0.23787436442398294,85.88590310485492,1524148.0,,812,275
257.4891856350165,1790.3177039119882,172385.54023833465,26.83600023593778,0.10500703566257492,58.240226139772865,1830032.0,,812,59
881.6665145815801,1587.1956997096866,109066.61893556312,16.611723644026846,0.08828476319427948,78.88233160703413,1600931.0,,812,200
311.3204632295827,260.6833237873308,140940.97864922413,20.363947980877047,0.278092958271371,86.9917301834582,1542544.0,,812,490
1759.4723630449182,1109.1058553093253,114805.74134116233,19.149553986093284,0.12590564557685627,74.91734008044263,1641387.0,,813,516
1723.088258175655,2062.479616431886,108395.97937025972,23.89755854844055,0.0666462833601035,51.57625925136,1782467.0,,813,534
1458.2362264709145,1713.6668725269035,101800.99462890699,17.209458549162488,0.0789894707274927,74.91734008044263,1627284.0,,813,162
1393.2486919584744,446.2194372626865,104403.5251413497,16.865139014154206,0.16569173240626,90.72903999691796,1481759.0,,813,275
256.9462285663891,1791.603895531226,179288.86535291377,28.104855955577452,0.13726057002866826,60.61151634648876,1805662.0,,813,59
881.253868423028,1587.100557784008,115346.72735973315,17.413963460897214,0.05557788194606864,81.6937829017892,1582669.0,,813,200
312.0402747644373,259.8022317430728,144194.79738829678,20.099199510020505,0.29248895606702346,90.72903999691796,1504754.0,,813,490
1760.2493703970706,1108.6828484411571,109899.64311513834,18.79617246040455,0.13668573784964047,69.80392155457989,1678472.0,,814,516
1724.973481324929,2058.5672622547013,93800.41566739781,24.237848481291845,0.023330697094518706,43.27843136383953,1817113.0,,814,534
1458.1844239692332,1714.4501106690884,94927.05096128873,17.15336361735919,0.05531954527285516,71.89803920121729,1653564.0,,814,162
1392.8243653416735,445.42604735042795,98314.28625472472,18.492028467681767,0.19829427904815738,86.55686272767906,1520256.0,,814,275
258.39024849599036,1790.9738127901278,163079.76075149502,26.363311487076047,0.10344255600584792,56.890196066982604,1845061.0,,814,59
880.825160795421,1587.5920516905646,106467.03527269188,16.452362400448553,0.05189269840122712,76.78431371003788,1608535.0,,814,200
311.5738762432214,260.17902888961873,139211.007815122,20.534751559037023,0.2793630071973851,84.81176468881456,1558060.0,,814,490
1758.2373465410526,1107.2916041509347,104653.39462510622,18.308459304862538,0.22803011363076184,67.9843127813898,1687322.0,,815,516
1723.9910641511442,2057.219463915605,103731.98287319602,23.38480956021349,0.018982437976908993,43.482352337335605,1872594.0,,815,534
1458.6425564737438,1714.7285035426905,89033.91248907331,17.583085672925073,0.06367330002952563,67.6392147469665,1694630.0,,815,162
1393.1788719032816,446.08332868298993,105129.62991261037,18.610376767250575,0.22445604618852544,84.89411646813141,1543838.0,,815,275
258.61397675068287,1790.82880013037,177882.85243169573,28.001610247718087,0.12859092677110104,55.56078354215105,1857007.0,,815,59
880.8991418335673,1588.171246072771,109621.77102669845,18.1178286595848,0.08811127542481251,74.54117543543246,1630516.0,,815,200
310.63739894745265,260.5591132388842,137967.43337815933,20.388789822601627,0.2866399218859031,82.82352826159163,1566302.0,,815,490
1759.705613805744,1108.4141554696027,109410.1019607843,18.45118443147851,0.14833080051056838,70.7764705882353,1669670.0,,816,516
1725.9738081370572,2060.505341364321,103796.6431372549,23.55708367550433,0.02995572519856727,46.8156862745098,1826012.0,,816,534
1457.4194210305504,1715.1753918913764,96650.43137254902,16.884313691102708,0.07204242505648593,74.8313725490196,1635632.0,,816,162
1393.6442105933597,445.01628032879114,104178.17254901961,18.25616114659019,0.2067191784089357,91.78823529411764,1473919.0,,816,275
257.42366278862994,1791.6840568127852,176200.60392156863,28.847526764984444,0.1337813726994292,58.24313725490196,1825573.0,,816,59
882.000183602464,1588.394840158755,120464.8705882353,18.0696302641985,0.08013201661290968,79.99215686274509,1592812.0,,816,200
311.30634315088423,260.59255277876565,136824.1882352941,19.92643709671307,0.2721935529075992,85.89019607843137,1553427.0,,816,490
1760.6169930130807,1110.2918965278204,111820.23294474404,18.9685006798857,0.19220409845106945,71.74642788836425,1662036.0,,817,516
1715.9316803732152,2054.568589670605,123496.51341505843,25.374574943476333,0.02580428309669514,47.951130196745964,1878914.0,,817,534
1456.6941132109132,1713.9198254925254,88921.22479951003,15.864640656029552,0.10695570130674012,70.66482344783616,1654468.0,,817,162
1392.2946156797545,444.9448193959768,98665.75973904123,16.823495914913632,0.18729135406531253,86.88889005575773,1508989.0,,817,275
258.4968852028371,1790.8710340542816,172929.08116051438,26.707834531844487,0.13101103797497315,55.88289609395206,1853706.0,,817,59
880.7309863832613,1587.2202820427663,112899.31364157758,16.61512715876726,0.06619775416918448,81.84140266662656,1570706.0,,817,200
310.7139624935573,261.18237540803784,136402.9386690668,20.539489603420453,0.25493403190623204,83.64407673417341,1564412.0,,817,490
1759.6316640416574,1109.3802031435825,114683.50782636898,19.057916596914428,0.1713876159461159,72.9881217242167,1669995.0,,818,516
1711.5322510950357,2048.3823811936745,118579.52529355709,23.636173170236994,0.029666764266655963,47.552867183959364,1881508.0,,818,534
1457.4205236729927,1714.348002851985,97198.06052401295,16.688594246685085,0.09481797886788836,73.72537547900677,1631169.0,,818,162
1392.7992123708361,445.2421742900499,102028.54712539747,17.385878344414408,0.17203267931392968,88.83907745220316,1493822.0,,818,275
257.186790164296,1791.5698681900303,173840.0118569692,26.927324439355154,0.0919679341251763,58.98030038320542,1819732.0,,818,59
880.608475262938,1587.6782921873057,115556.04764516302,16.807874531715463,0.04699381211572832,80.72928614951242,1582668.0,,818,200
311.44849571842764,261.2321677567258,136677.6304661437,20.32678726775123,0.29376051563240196,85.89006243304289,1542175.0,,818,490
1759.3531458737696,1108.0529458480662,109483.96862745097,18.64566074981318,0.19953367384289747,69.6313725490196,1682514.0,,819,516
1715.8011017835233,2040.6100484107847,119390.02352941176,25.050948574402586,0.10470076002852612,44.73725490196078,1912444.0,,819,534
1458.4702688768416,1715.0713750058587,92370.8862745098,16.814018064166618,0.0669815520478674,70.71372549019608,1668976.0,,819,162
1392.751640207796,446.1694736077306,99313.09803921568,16.78171883671245,0.19990862508409382,84.7843137254902,1526986.0,,819,275
256.57984616212144,1792.8708385778064,167683.5294117647,27.289482556673043,0.14727073426528126,58.8078431372549,1814984.0,,819,59
881.5006914818404,1587.9988101684044,104611.93725490196,15.809890505785164,0.06030420347762047,78.65098039215685,1592362.0,,819,200
312.4720113471359,260.16453605899267,139390.10196078432,20.030007345097044,0.29488018148318956,86.94901960784314,1540553.0,,819,490
1759.2782925226356,1109.072332151747,113835.68641275546,17.529536306573373,0.19400554669096107,76.7502150682071,1613058.0,,820,516
1718.812692997236,2039.5899614455232,129294.65271141792,24.03539775771069,0.02656883710375418,50.77918269664207,1869419.0,,820,534
1457.762748808826,1715.8597070360913,98519.75460581103,16.725129906015976,0.0770988126470218,75.97496037054843,1620087.0,,820,162
1392.2359972293643,444.28971637249816,106887.85381233858,17.166063177620014,0.15787563477795546,94.58107311435622,1446493.0,,820,275
256.71815966522354,1791.3965476180351,182294.94011685206,27.76594477153577,0.050542696111972284,60.85749376620461,1804589.0,,820,59
881.6089618913439,1587.3319920277654,112803.43478282297,16.291126650185593,0.06377905890806078,84.890389393623,1544277.0,,820,200
310.76728015926244,260.37167419063246,146228.15344502716,20.26181115435836,0.2476212182660809,89.92954492840427,1515753.0,,820,490
1395.0436462327823,446.18994883472794,105140.64002040829,17.01527237526515,0.14337771970792043,89.97287046441733,1492154.0,,821,275
1759.6155245859559,1108.0265729130451,115856.82299379783,18.656476242092488,0.1786291628207831,74.9146494661885,1647522.0,,821,516
1726.7396983494593,2032.9719948776324,132286.47146944038,23.82518020340099,0.08231512545697443,51.19795139397806,1866819.0,,821,534
1459.4112603235915,1715.3812833943293,100189.12050066568,16.807151149250036,0.07095855842248405,74.9146494661885,1625355.0,,821,162
257.16191106852403,1791.605274756117,171685.9302557812,27.151124301076457,0.11883053674645329,59.47997294300392,1812032.0,,821,59
879.9556291497195,1587.1644583058694,117083.31509410357,16.960711552858694,0.0727131496335308,84.70249311503723,1547925.0,,821,200
310.80058781138405,260.8588419093921,139999.29226473317,19.056710902854398,0.23706888331127798,90.72578151432877,1506326.0,,821,490
1759.797860844714,1109.0108663969913,104252.51954099252,17.87125503137633,0.1510760077841299,71.89164453677424,1660378.0,,822,516
1733.16485285921,2027.1411504399866,131642.4949585289,24.161130527232135,0.0699264623278324,48.91596432399072,1904041.0,,822,534
1457.747849293223,1715.1530608923943,102477.83353229865,18.439091071833175,0.08960907600434723,69.66819161295648,1671692.0,,822,162
1393.196125010348,445.7346391537362,102958.09936384328,17.558718502533843,0.19878806750341918,87.82639049080151,1506450.0,,822,275
257.538973909088,1789.223744598239,182483.2283635712,27.112939971054352,0.1331858491940863,57.80977601926176,1849366.0,,822,59
881.43770303042,1587.5955987829432,115217.1070593125,17.065221875719114,0.10467670738490296,80.78545623204528,1588607.0,,822,200
313.29077487892516,259.52771702338174,142323.22165357482,21.666005261517054,0.3161059254677197,86.34408854158968,1547419.0,,822,490
1760.4790636164332,1109.5042803629722,107511.49803921567,18.57313732760625,0.15863759600318822,67.9843137254902,1693454.0,,823,516
1456.819845929193,1715.0668919120276,92640.87843137255,17.40316311972341,0.10065513377450028,68.67450980392157,1679503.0,,823,162
1393.2743741887632,446.4022733172631,93055.6862745098,17.403839164176176,0.1886645914302687,81.78823529411764,1547395.0,,823,275
256.18681833827105,1792.9356015093956,163427.0431372549,27.10414497292616,0.10883370890789554,57.6313725490196,1821986.0,,823,59
880.521767683768,1586.179071870318,104570.91764705881,16.806727457276317,0.05697925287190126,75.92156862745098,1627175.0,,823,200
312.0901757494116,260.7437140625737,131677.67843137254,20.51316770827665,0.2891038762158156,82.8235294117647,1567439.0,,823,490
1760.4812644290535,1109.0853380325943,106427.03689457657,18.20852081257078,0.14272109316920673,70.87575712212077,1674272.0,,824,516
1457.964120311862,1714.898948146132,93470.58502723175,16.93907234626087,0.09699902201079649,73.78348049123342,1641846.0,,824,162
1393.6225211842702,446.48747237629703,99340.91504404903,17.077774417307058,0.1995594855833814,89.77595902135299,1486037.0,,824,275
257.1672395385489,1791.7714451181369,164431.39305789905,27.93763752417766,0.1361812210936712,58.51793280339203,1818523.0,,824,59
881.6761409140496,1587.5700038560537,110282.31461659879,16.840987805799816,0.05645082869550129,79.59892722945872,1594842.0,,824,200
312.4212053091363,260.20739069877,141959.4164651331,20.45882066479829,0.28474668039994233,87.95863191565758,1537939.0,,824,490
1760.8047117092588,1108.6726892009283,112514.68089612009,18.97160709080187,0.1761863746546294,68.92941087221952,1703515.0,,825,516
1458.8771868520978,1714.8412731691787,93934.37525434181,16.718460301113918,0.08607817435090195,71.48235201563506,1660886.0,,825,162
1392.624624333495,445.7842908385846,94048.52819404025,17.097075404787645,0.1860129555654843,85.70588124323591,1531384.0,,825,275
257.5577850143106,1793.0887601912698,168328.90370285872,27.39928936415018,0.11762319838603633,59.44705805381895,1813963.0,,825,59
881.0330425480778,1587.8695765503187,107736.6691932791,16.78098461909627,0.06230995723932236,76.95294018009692,1611470.0,,825,200
310.3607647611073,260.91379310344826,143734.23343307106,20.62934207959697,0.26559710323377533,84.97646948797433,1565119.0,,825,490
1760.172470150996,1108.6238273891197,115253.95294117647,17.820733647569526,0.11909767598664085,75.93725490196078,1624715.0,,826,516
1458.6246619323229,1715.326351349087,109993.63921568627,18.28190350750513,0.07118834839756315,73.72549019607843,1645804.0,,826,162
1394.3427665200911,445.2637220049095,97160.2431372549,17.35624037271334,0.2188045824571281,90.68235294117646,1480885.0,,826,275
255.7288984757969,1792.2295663413074,170552.12549019608,27.621692300944435,0.1198111992007259,60.45490196078431,1800036.0,,826,59
881.368961219376,1587.1831660672785,113571.16862745097,16.615841102933977,0.07307517085333481,81.83529411764705,1568790.0,,826,200
312.56422443404216,261.0471032437067,138440.98823529412,19.383489841919516,0.28144065276616453,88.83921568627451,1516805.0,,826,490
1760.639341201316,1108.5642863121568,108414.41122748963,18.68800880956136,0.17302766914951892,69.80382274985972,1681718.0,,827,516
1458.423547094553,1714.978582632462,95902.42501869102,17.27647273151233,0.06378024608250393,70.85088009110761,1666867.0,,827,162
1393.6648127251194,446.09287059324964,99902.18406225799,17.40996275423132,0.18305761821257002,85.85870198232746,1531106.0,,827,275
257.6725659464406,1791.95765137492,167056.6027196468,26.77916831468219,0.10827598608798902,56.89011554113567,1837955.0,,827,59
881.9820577355113,1588.5617033496055,103311.40276536114,16.70771268146039,0.08926498070490504,73.9920521148513,1636883.0,,827,200
310.73601751154916,261.217906639367,135688.85889054232,21.620995079085755,0.3072211987232613,79.92537704858938,1593006.0,,827,490
1758.5347659845643,1108.2853082978766,116971.10810382907,18.097030341834962,0.15180668017232812,76.79963069004503,1626803.0,,828,516
1457.967676692568,1715.6194780086998,101258.8071897128,17.17657716595179,0.08092860574517077,76.79963069004503,1614471.0,,828,162
1394.7483310503928,445.50555114988106,104439.9683629034,18.361481374599695,0.2173232493102228,89.97603791627824,1483645.0,,828,275
257.8661566030112,1792.1011775091795,171431.8344512962,27.467075155215618,0.13211486609837403,62.1173483522423,1775422.0,,828,59
880.7475870518074,1588.4840686702362,118614.3943193293,17.017806826390512,0.051729359722761985,85.08194380367733,1545188.0,,828,200
312.41380955886274,259.9167248368485,148313.2632697032,20.033381582832163,0.26510851914608136,91.85838180574014,1498599.0,,828,490
1759.3355139081464,1108.598283577676,108612.60392156863,18.240910163796606,0.1529097307409352,70.65882352941176,1674601.0,,829,516
1457.324459360026,1715.4067550833618,99423.74509803922,18.18942135592262,0.13086685311006813,69.9450980392157,1665956.0,,829,162
1395.3701618481593,446.07314655810256,103697.53333333334,18.618242238368868,0.20896683575852584,83.86274509803923,1540462.0,,829,275
260.09549620557596,1790.8427340063258,176577.4705882353,28.451153934143253,0.07285824294565856,57.811764705882354,1834627.0,,829,59
880.8979014499915,1587.9250359023456,115550.37254901961,16.838871683145843,0.03851988925800978,79.93725490196078,1583396.0,,829,200
312.3430974338158,260.15322770920807,140662.80392156864,21.044371131078346,0.29178916120582093,82.7921568627451,1576059.0,,829,490
1759.8468824020017,1108.7128607172644,111580.40209885222,18.463407897586528,0.15862942518422685,72.9599960346123,1654518.0,,830,516
1457.2099759565167,1715.2363136364154,98002.02569398205,17.120869250441526,0.08382070871648943,72.58775115688468,1653111.0,,830,162
1395.6405876112758,445.1190980530828,108427.86022937707,19.521566826697793,0.20698139101922705,89.3387706546273,1511707.0,,830,275
259.98820084157853,1791.2434978873055,170203.7589126632,28.153551380993125,0.1353329732765017,59.5591804364182,1806831.0,,830,59
880.0295984596752,1587.2503555790192,119866.57307706891,17.483972883342975,0.07475710643672578,82.63836285553026,1560641.0,,830,200
311.1421996500138,262.1453126850256,141458.63720965915,20.648661196046366,0.30447408933686604,87.84979114371684,1529954.0,,830,490
1758.6730631318774,1108.1653997151443,108163.49803921569,18.709635132636205,0.14630284845818184,70.71372549019608,1672340.0,,831,516
1460.14173993609,1715.115177642899,95404.0,17.605812936574047,0.08351921506734068,68.90980392156862,1673961.0,,831,162
1392.9713162206444,446.26992900054614,99089.41176470587,17.430299571838315,0.18597042389257112,84.7843137254902,1540187.0,,831,275
259.48419312101385,1789.6843820928632,175646.03921568627,27.969373148149828,0.14528580911508038,56.64313725490196,1861070.0,,831,59
881.5958407945324,1587.5713431458257,111014.4156862745,16.30733571005303,0.05126268524875223,80.8156862745098,1578339.0,,831,200
311.4465124773347,261.4351061193076,138286.82352941175,21.17939647261848,0.30308111715157365,85.14509803921568,1558973.0,,831,490
1758.6106584093873,1109.4252371091852,116583.49170371023,18.25969843064576,0.14764130709840004,75.99966864648646,1629458.0,,832,516
1457.7052677487864,1714.8821070995145,98233.297199537,16.452579810876237,0.07288456616683736,75.99966864648646,1621490.0,,832,162
1391.8269794721407,445.3489526352766,106585.43725534868,17.595318639115828,0.19885672586317996,91.64665925017485,1473255.0,,832,275
258.93906936134704,1791.1032901214837,173664.08597336078,27.5931667780297,0.10340156888057687,59.60758325214624,1810513.0,,832,59
881.1285789238202,1587.4218808844025,115740.41694808767,17.47942487355683,0.05302855978123978,81.96042697170108,1576079.0,,832,200
311.6790160175504,260.97897203982905,146553.06692070336,21.207930260217484,0.28094513450646547,87.92118529691571,1533260.0,,832,490
1759.438711393752,1109.0457669310092,116394.6884305053,18.77940210776952,0.16424544355274356,74.46263859916033,1643852.0,,833,516
1458.5148692554083,1715.3931139523404,96326.27007418408,17.32482996913287,0.08617533109960963,71.51362320909458,1657855.0,,833,162
1392.6725221947315,445.7407691747926,101313.42372570903,18.284573836230923,0.21938919481335545,86.25870015942334,1521886.0,,833,275
257.93602232570566,1792.3827242954858,176605.1042764016,27.696459254076245,0.09690885857274957,58.61168087755689,1819815.0,,833,59
880.9868084537867,1586.856696610342,115884.50876802392,16.82717002751727,0.07916536570002103,81.83517707432472,1568843.0,,833,200
312.09103744455575,260.5478953612619,143859.23738511145,19.776073025604173,0.25953694062247545,87.73320785445623,1526005.0,,833,490
1758.6840463593458,1108.3913179490605,120080.87058823531,20.140409291414052,0.19478069373973603,74.03529411764707,1643802.0,,834,516
1457.4350593434297,1715.3257274562757,99529.32941176472,17.292827290086695,0.08005624699055562,71.84705882352942,1656316.0,,834,162
1393.484324595734,445.9411329761258,106046.98823529412,17.785674438117105,0.15039911740667186,89.71764705882353,1500283.0,,834,275
257.3744305356937,1791.7952018074845,167554.27058823532,27.06752178930076,0.03966646679303596,59.082352941176474,1810045.0,,834,59
882.0216827333621,1587.6840938091543,112324.6705882353,16.38555026652581,0.05636392008956551,81.69411764705883,1571974.0,,834,200
311.2238357647175,260.72297473492586,148249.29411764708,20.41102101410774,0.26715221551641216,88.62352941176471,1523808.0,,834,490
1759.2578925095218,1108.9545004720205,116773.80752502177,19.01978363880571,0.13990332428379013,74.8866827775295,1641922.0,,835,516
1457.1552780349439,1715.8895660566905,96491.68082656956,17.0162813861854,0.10028198546313283,73.74627644081586,1632976.0,,835,162
1394.1473182496431,445.4175293330423,106233.79202566868,18.135656216038047,0.19066615510554122,88.95169426366449,1507125.0,,835,275
258.2151832973509,1791.4105187853702,178539.7352632152,26.866023045860874,0.08300236498744612,59.68126495468088,1819550.0,,835,59
880.1668487488519,1588.279960057895,109257.00922429655,16.26309505961189,0.04566975366909778,82.86952713452504,1562465.0,,835,200
311.0563243531327,260.7055662117203,144078.55644495663,20.06023660746127,0.25169965598719685,90.85237149152057,1520814.0,,835,490
1759.013545837036,1108.7176713772928,119602.66641503526,18.592628743591373,0.15687688848302792,74.6633371150422,1637536.0,,836,516
1458.0135486842648,1715.4048577537944,101723.8446591302,17.452142978219563,0.10992436806053535,74.6633371150422,1642307.0,,836,162
1395.233438098778,445.7147228526993,105567.48277898111,18.53750455766466,0.22412757786245519,89.90075285280591,1489779.0,,836,275
258.2117524324371,1791.4433544999547,176730.40456366554,28.527231726249596,0.1328320336966573,58.664050590390296,1817838.0,,836,59
881.368402995015,1587.2982233075677,113249.80685856813,16.678256547311854,0.08987026466145538,80.75830341014768,1581294.0,,836,200
309.77813948551005,262.1651963973184,139952.9970036056,20.131276218703253,0.2567326996932371,89.51981745936182,1514983.0,,836,490
1759.1898153130026,1107.233301460709,118621.68235294119,19.141922695749326,0.15652012478443403,73.67058823529412,1647321.0,,837,516
1459.414138163092,1714.4186221728062,99716.42352941177,18.017880018223934,0.09254387657180821,73.67058823529412,1644544.0,,837,162
1391.2597318189905,445.69211832497615,100444.0117647059,17.26229253166803,0.18999748253370344,89.71764705882353,1491996.0,,837,275
257.8175606494787,1791.1987078544203,173469.80000000002,28.557274342103316,0.11821758943169199,59.082352941176474,1814616.0,,837,59
882.5398470237392,1588.0163683959868,114101.51764705883,17.077356576459476,0.04327256990536985,81.69411764705883,1579165.0,,837,200
311.94785110639395,260.8001291169305,137276.38823529411,20.010389620265766,0.2631264102823139,87.89411764705883,1532057.0,,837,490
1759.2968530337732,1108.7579713684154,108137.26274509805,18.245250337087192,0.1385869264312736,70.65882352941176,1671282.0,,838,516
1457.7034741534994,1715.4178267330788,91492.1137254902,16.60195643839392,0.0567204449275719,73.87058823529412,1633798.0,,838,162
1394.975443240064,446.1306157745848,101928.56470588235,17.134248613880846,0.16285546942035709,86.71764705882353,1525421.0,,838,275
258.01183309113554,1792.123706836897,165024.75294117647,27.632695889451043,0.13297243067478692,56.741176470588236,1829590.0,,838,59
310.64728375968525,262.0368315547584,138679.36078431373,21.689770688961012,0.2946376975412246,81.72156862745099,1582992.0,,838,490
881.5596973678549,1588.4783335374268,107825.72156862746,16.848092835591146,0.04646016784060269,77.79607843137255,1605220.0,,838,200
1758.9319823330736,1108.8909944141335,109809.7347266755,18.48180863943157,0.17598523561451299,69.8970771837763,1673814.0,,839,516
1458.9091422459574,1715.087110502775,95358.15740118902,16.518991983231043,0.0784990282123504,71.68016588744406,1655595.0,,839,162
1394.3054027336777,445.9030288422913,102092.88343494215,18.159074259216318,0.14619102712962825,85.94487551678617,1527380.0,,839,275
257.7718714819138,1791.3290720649184,172007.07827027366,26.85657396279164,0.07651624283504924,57.41545625810196,1833651.0,,839,59
882.1453995537559,1588.23134947525,107885.78201541798,16.886588455937208,0.07430370463506661,76.6728142577138,1614157.0,,839,200
312.09513680194425,261.2353829670473,136466.91084650854,20.100440036334312,0.2850274023607806,84.8750222945855,1564884.0,,839,490
1759.6582481135003,1108.9542486680618,111797.74365717298,18.82956500569872,0.1466809136054314,71.9628180085585,1660898.0,,840,516
1458.6523054161,1715.150103451863,95781.03460902197,16.513580604608283,0.0894266407241372,74.177058562668,1633277.0,,840,162
1394.417306700135,446.7142773506822,100856.07395904092,17.486774733026316,0.1672182501498182,85.98634151791862,1525265.0,,840,275
258.48634244638936,1790.9227204828214,184053.2104589663,26.919005314148794,0.11634065894255723,59.784494960956295,1819101.0,,840,59
881.5050459860664,1587.9020530825414,113835.21400704606,17.07105672055674,0.08089678109946374,79.71265994794173,1590699.0,,840,200
311.8833697077859,261.2285811813275,137303.58059996023,19.453933627305066,0.2539768560568552,88.93866225673128,1521869.0,,840,490
1759.1721695709773,1108.0419086925508,110280.4317514437,18.770412306921042,0.18175373851722032,68.8339594902265,1692544.0,,841,516
1457.170026953765,1715.4982426451445,91727.57250680245,16.099351079022654,0.11527830681794635,69.88754050283201,1666169.0,,841,162
1393.5894360305585,445.1489229116674,102007.36244679439,18.489409555485512,0.20756201314514855,83.9352873375721,1544722.0,,841,275
259.0746422933446,1790.5211929253014,174636.32074442593,27.200891124640027,0.13498728947005817,57.94695569330292,1839166.0,,841,59
881.1734246321215,1588.0066055799593,106013.42865039139,16.523892217016826,0.06555497245135887,77.96499493280757,1600334.0,,841,200
312.05051654325973,260.9404089458481,139207.90322721138,20.86526726111047,0.2768418094682993,83.23289999583511,1569595.0,,841,490
1760.11237208062,1108.5785728788187,121366.98783597315,18.78500120049768,0.1624127321581424,76.1318163780639,1627902.0,,842,516
1458.10568707524,1715.5752399752866,97626.7336553565,17.65669524562512,0.08909282904485427,72.82173740510461,1653494.0,,842,162
1394.1536980345847,446.06020353669453,97793.70875021468,16.812969499968478,0.19102645949057553,89.73991882245214,1488134.0,,842,275
258.5527421884731,1790.345026610174,174217.17986445155,27.26300022011446,0.08519332995036341,59.58142151326741,1818267.0,,842,59
881.4943747491617,1587.8632170738338,113632.80442237748,17.056872954336797,0.05519910811652276,81.64861466632941,1571338.0,,842,200
311.3941580586171,261.07084309894987,141387.08103753612,19.571561290207597,0.2302609071827021,87.90098605969698,1526610.0,,842,490
1760.7437627552265,1109.3375028887435,108433.05880195044,18.678641462724585,0.13084814175149576,67.76470586886727,1704904.0,,843,516
1458.7960969145747,1716.4380355072356,93753.88233428347,17.270368239209336,0.05289986858514785,68.82352939806832,1684725.0,,843,162
1393.4731543747675,445.2810076449391,95888.11762797639,17.080668414370322,0.17147751753521334,85.76470586528514,1526892.0,,843,275
258.8147116528899,1790.3749745371115,164599.4117319494,28.31263836887946,0.10783502770088822,55.41176469485501,1854155.0,,843,59
880.5892858239147,1587.591198192612,114979.05880064773,18.266614778562342,0.06901347827812661,76.58823527887603,1627822.0,,843,200
310.70876267392805,261.0122819774938,136871.99997276146,20.53280684225825,0.24932540635992717,82.94117645408234,1567445.0,,843,490
1760.2813389458106,1109.1212437890063,107318.90377166845,18.682234843514497,0.14682862619828035,71.74957460807438,1662631.0,,844,516
1456.3412637812146,1716.4062721570767,89404.84614634278,16.63063908968096,0.09238487813183266,69.65978117288775,1672582.0,,844,162
1395.892949440519,445.89533445137874,101349.40882405784,19.823047197036956,0.2037726784181616,83.94003631332973,1535322.0,,844,275
258.276793742507,1791.2593891534568,167339.51272475786,26.578573982528074,0.07797290725776697,55.72782493831019,1853517.0,,844,59
881.6452017873379,1587.7779255362175,107646.30474318103,16.941105000063995,0.08982790334392951,74.88426476085432,1626787.0,,844,200
312.7775869276282,260.86451187617905,129979.5788861147,20.51268758331673,0.30845351520669123,83.94003631332973,1558234.0,,844,490
1759.173050514168,1108.8050127333097,107052.86270152111,18.399534268223064,0.1884048869392714,67.63921565874129,1697854.0,,845,516
1458.3495101381257,1715.4936097603236,91617.66270780416,17.77538930004035,0.02868225863115777,67.9843136978165,1688473.0,,845,162
1392.9220950529257,445.53585535707185,95491.73329446248,17.387023855848195,0.1675999825187774,82.82352937805057,1548060.0,,845,275
257.7573547362622,1791.4441575837448,159733.8038565474,26.78701748188961,0.06577882778768808,54.52549017388329,1856816.0,,845,59
879.9767821542823,1587.8602061159204,104207.87446738507,16.29397064555914,0.05429748127245698,74.88627447932072,1624534.0,,845,200
312.9550553723561,261.0002368728525,129663.34112368984,19.65970258525224,0.2897117644921045,81.78823526082493,1577442.0,,845,490
1759.4321092089208,1108.5516956188128,112233.88235294117,20.169698244010267,0.20877439569194925,68.8235294117647,1693973.0,,846,516
1457.3952195957604,1715.09582323546,86943.17647058824,16.686035169663324,0.10931490433518253,67.76470588235294,1688352.0,,846,162
1393.4969428084044,445.36497813283165,100553.64705882352,18.076213550354847,0.20255063213921842,83.6470588235294,1542549.0,,846,275
258.8708769193651,1792.1501348510176,163840.94117647057,28.036129887615697,0.10557315584555002,55.05882352941176,1845029.0,,846,59
880.8738980150905,1587.6520668409084,112217.29411764705,16.838016142179615,0.05854195891983543,78.70588235294117,1601596.0,,846,200
312.3762610230191,261.26836435629195,136198.94117647057,20.136974104297938,0.2811851689236399,84.70588235294117,1553235.0,,846,490
1760.7393879315532,1109.5403405869852,110202.59215686274,18.967382241899845,0.14030164775022164,68.4078431372549,1691409.0,,847,516
1458.7726473715811,1716.1402028371153,96496.2431372549,17.237926793129454,0.0885777425715944,69.80392156862744,1672672.0,,847,162
1395.85491001668,446.75688174874904,99392.05882352941,17.444414499371426,0.15481233481749762,84.4627450980392,1539589.0,,847,275
259.640295210859,1790.7647234561593,169395.968627451,26.68487274909227,0.14075068504682198,55.84313725490196,1850816.0,,847,59
881.7261892744685,1587.8872545986799,107183.5725490196,16.70506663414502,0.07857083117747105,75.73725490196078,1620457.0,,847,200
313.04335417163924,260.2028535444587,137452.99607843137,20.36617548381962,0.2867402467948825,82.71764705882353,1580117.0,,847,490
1759.9904376634458,1109.0728506334012,102139.85169907531,18.032515088394362,0.1400177909979336,68.80623169085355,1685878.0,,848,516
1460.2562835874369,1715.5974443692528,88640.06904132984,16.980717280629666,0.03141231585398083,69.86478910148206,1660356.0,,848,162
1393.667356275681,446.56563595815015,98411.25964637147,17.263064691912923,0.13987155804934223,84.68459285028129,1532504.0,,848,275
259.0185544449166,1791.2480214819332,171876.90820634153,27.406126870501488,0.1141010302969164,52.9278705314258,1872072.0,,848,59
882.0778603984937,1587.8290576287745,106911.12280124825,17.091572054730328,0.09784374765336197,75.86328109504366,1620250.0,,848,200
312.3441009262041,261.6206779670358,128042.7515371551,20.490480288707793,0.28817704599166444,80.80321567797672,1598245.0,,848,490
1759.500412483411,1108.7357954082281,106032.27688911206,18.652668589947925,0.19532800471495712,67.76572986825302,1703472.0,,849,516
1459.823817390909,1715.6830562165603,91244.48080648427,18.68133662881442,0.11665884838325513,65.6912687498371,1707586.0,,849,162
1394.8742861900764,445.73145481921443,99657.80361573971,18.23922399050082,0.1624646002272798,80.90398361822044,1563702.0,,849,275
259.3176871762797,1791.9276624917366,155331.84536826613,27.95196197456089,0.12199413705043459,52.89875851960567,1860836.0,,849,59
882.0158556052536,1588.4101025746393,109377.69118607746,16.559734621508156,0.05904097028649287,77.79229194059657,1612480.0,,849,200
311.2901245408939,261.1702466128593,135836.7512644329,21.250321920223488,0.28287929578150306,79.86675305901248,1588440.0,,849,490
1760.6476150274377,1108.5200051953113,112318.4705882353,18.340472170590516,0.14652430699922922,72.94117647058825,1651236.0,,850,516
1459.570327639991,1715.8322552483735,96920.22352941177,17.810355017423003,0.06344694217787221,71.84705882352942,1653212.0,,850,162
1395.130937667688,446.0460611725606,105347.11764705883,17.637630076153226,0.18116390287513606,88.62352941176471,1503906.0,,850,275
259.67350051394305,1790.1129675945385,175276.91764705884,26.613104897749054,0.1464155028720157,57.98823529411765,1831784.0,,850,59
882.5199619174813,1587.5161173020915,110323.89411764707,16.730393888050678,0.09885307722861984,80.96470588235294,1583289.0,,850,200
312.54445416235984,260.9378177095757,137607.17647058825,19.993381004322206,0.28210652294151434,87.89411764705883,1525645.0,,850,490
1759.5386659373755,1108.7994651864758,104533.41176470587,18.63786623706171,0.185870473728642,68.8235294117647,1686266.0,,851,516
1458.3089585151477,1715.9009708889166,90590.11764705883,16.705213432032213,0.07939064132475275,69.88235294117646,1677115.0,,851,162
1394.0431449121877,446.2983665754714,95980.23529411764,17.365728147873483,0.2169140598189648,82.94117647058823,1545295.0,,851,275
260.85072772276243,1790.642160328008,177241.0588235294,27.45207360178036,0.15722038797172422,55.764705882352935,1852875.0,,851,59
881.0820936547335,1587.2337770077795,105933.5294117647,17.117178731504374,0.09752468728900861,77.6470588235294,1609113.0,,851,200
311.2941617385551,261.77930503287706,136551.5294117647,20.716308671610914,0.2857430590310146,84.70588235294117,1558852.0,,851,490
1760.4702299821763,1109.6859870608043,116995.02217315194,18.73938266994656,0.18753307636063865,73.59856584410981,1650735.0,,852,516
1460.160267191551,1715.2346078424173,98244.70519251432,17.707680241231333,0.09580006527456354,71.79467942636202,1656785.0,,852,162
1392.807920994838,445.99716476827365,102180.06380147289,17.20425937358531,0.17129929298402116,86.5865480518939,1520595.0,,852,275
258.54172713770424,1791.0761489497136,170034.33373690664,27.848859342671194,0.1115220607254649,55.920478950181476,1853293.0,,852,59
881.9554161610216,1587.84001997229,109105.90531377375,16.514161127606638,0.057519929002127504,79.01022509735319,1591372.0,,852,200
312.2879579964106,260.03088766106754,143130.450148049,20.99968486028809,0.264894565610057,83.70032978349744,1572832.0,,852,490
1759.5205858317067,1109.1655916738146,102456.70751285019,17.867247793882743,0.1572442543406163,67.81408816692434,1700216.0,,853,516
1458.267534830465,1716.7459973884504,88234.77846131231,16.701718251954524,0.0826033216462291,65.73814669242665,1701359.0,,853,162
1394.1625398737829,447.2015989432314,95340.03414802637,16.111263022835537,0.15589364012473603,81.99968824265851,1562455.0,,853,275
258.6956359107636,1790.6934845687153,160021.18063968795,27.691552008896032,0.04828010937500937,53.28249784544055,1864746.0,,853,59
880.8976694805865,1587.8347209314334,107218.22527485638,16.683566884545982,0.04461279840278,76.8098345564143,1610025.0,,853,200
310.3385140227905,262.7120830521072,131743.74384481777,20.37999644200317,0.2682191584620466,80.26973701391044,1594431.0,,853,490
1761.0904581514817,1109.2008296690165,116750.25824281268,18.665700924037562,0.13472433130104378,76.83377449244277,1633933.0,,854,516
1459.3228182370729,1715.8547202790603,101255.82931108792,17.49729782403146,0.09635276715819638,75.68700173882422,1620118.0,,854,162
1394.4015495749559,446.7138638603537,103558.54900035396,16.86839467207325,0.19095853214616745,92.88859304310245,1468569.0,,854,275
260.292129113556,1792.9158851516179,189290.89780329211,27.191086210522492,0.15676090642949037,61.1612135263226,1819536.0,,854,59
311.41809194011404,261.69263526473657,148470.7571230708,21.226250266828966,0.3087464208745179,89.83053236678631,1512887.0,,854,490
880.624745055417,1587.4649987923679,113952.51498156795,16.945029666704514,0.05958824985191115,82.94989584507502,1562396.0,,854,200
1760.2441680600698,1108.7552276100475,117069.83132490971,20.245495215666544,0.19988844124027122,69.64907519283085,1680640.0,,855,516
1458.590196803484,1716.4597107522904,89220.46532201632,17.544171390878343,0.0675697520216143,68.91592703290631,1673696.0,,855,162
1394.3528594013064,446.69647907213886,99937.99169787313,16.855886255294728,0.19664221754030814,85.77833471117063,1520180.0,,855,275
259.147053986267,1793.4018769787426,178308.9639752462,28.591815154631266,0.14361609143410473,57.18555647411375,1834967.0,,855,59
882.5843989553234,1587.8677488304975,108216.700719741,16.424429741741722,0.052151470963790664,80.64629759169888,1579819.0,,855,200
310.8385698925021,261.91300996828153,136027.20987015837,20.937038030548358,0.2830528750586189,86.51148287109517,1538603.0,,855,490
1760.556991868029,1110.0225264563003,114557.76078431372,18.237935556287425,0.15946431008160547,76.83921568627451,1624668.0,,856,516
1459.4071277164762,1716.0579330018425,96009.07843137255,16.410264979205287,0.07196446822332948,73.79607843137255,1629454.0,,856,162
1393.3266498790229,445.98830047859957,100304.0862745098,17.83967655964894,0.18219865588538933,87.87058823529412,1505818.0,,856,275
259.4426935066372,1791.8979995040263,185604.36470588236,27.839988436992964,0.13089168041871008,61.62352941176471,1796978.0,,856,59
882.4841620266246,1588.1425732276475,114840.7725490196,16.29004420986195,0.05538284299092421,86.72941176470589,1536384.0,,856,200
312.1156290435539,261.67752324270566,146108.24705882353,20.17810730631148,0.2642626366699815,90.91372549019609,1510769.0,,856,490
1760.1224446954627,1109.5694059864518,110629.15150292816,18.310506320577222,0.16540985940635647,70.77646966809682,1672198.0,,857,516
1458.2819161657865,1715.6532026927948,94018.79877769669,15.953479651276012,0.07666223741313496,73.72548923760085,1629565.0,,857,162
1393.9399809385145,446.01628315098316,104816.6339314357,16.969743946803426,0.14958724377688218,89.94509686987305,1488944.0,,857,275
258.4667832167832,1792.8641553758741,161936.56260060554,28.455985436341216,0.12126368826553431,56.03137182057665,1833936.0,,857,59
757.3629863798859,296.02242628593376,199630.9307380061,25.35756383687029,0.05027044557814833,70.77646966809682,1724604.0,,857,583
880.9657636211232,1587.824512992456,109943.13582557229,17.035470711541514,0.08390144546060367,79.99215582279693,1589714.0,,857,200
311.29011272532534,261.8617195558522,139733.02563436347,20.50858190136599,0.2867450052255484,86.62744985418101,1542932.0,,857,490
1759.8919589883615,1109.7502521624842,103919.36174612735,17.986500046631804,0.15459303972686317,68.82006819592544,1677257.0,,858,516
1459.1861668215022,1716.4128167295116,96872.18676286459,16.84782903865254,0.09382076551415212,71.64345560909162,1660785.0,,858,162
1392.0310047423286,446.16668904184644,97266.75515385457,17.042053307434646,0.1906628525164325,85.4074692482767,1532407.0,,858,275
259.24715645604624,1791.0554480531525,167429.69698816715,27.172383982471466,0.08372775595297165,55.761901410031896,1845544.0,,858,59
754.6607494353383,303.93973857750603,194536.68661854893,26.281193936384277,0.08425795925533626,65.99668078275927,1754063.0,,858,583
882.9111405358573,1588.2517646674187,107946.9238910089,16.856437050208047,0.0906711062725874,80.81946470188167,1581723.0,,858,200
312.0114547241708,261.37705391718026,136797.70817244743,21.08361726706746,0.2762204684522316,83.64285211504784,1575906.0,,858,490
1760.4039234779384,1109.1085166563992,113666.25882352941,18.86146733126517,0.19332762481299864,73.78823529411764,1655201.0,,859,516
1458.0972817382196,1715.6290954545282,98485.08235294117,16.45806796890535,0.094559511448013,75.67058823529412,1616748.0,,859,162
1396.239906244194,446.9497456016236,105365.08235294117,16.69896993123472,0.15394958202037878,93.74117647058823,1456791.0,,859,275
259.05712500853275,1791.671266426853,181997.55294117646,27.597657849140198,0.08849377311234484,59.858823529411765,1820934.0,,859,59
756.4957396422535,313.8445079794514,213182.8705882353,25.522396529977993,0.1753804430489348,71.52941176470588,1733414.0,,859,583
881.7159134345854,1588.9073091330717,118187.6705882353,16.818147841989727,0.06334292539519565,81.69411764705882,1566277.0,,859,200
312.2669099980306,261.55883148427756,143369.41176470587,20.916468870074098,0.31576330869565467,86.96470588235294,1539730.0,,859,490
1759.4048904425047,1110.1077579668777,101232.9195398038,17.676636614017717,0.1421826645983526,70.84447753892142,1669235.0,,860,516
1457.4703915057762,1716.0360964746585,87758.1603168713,16.548172761744123,0.10674056954886499,68.75055209442128,1678891.0,,860,162
1394.0867909687995,447.0111107435708,94952.19016902562,17.36728931781864,0.2137483303371354,82.71005505775555,1547920.0,,860,275
259.56332804291185,1792.0883528682855,164475.05176489337,26.92370376637399,0.12583277037504906,54.79104913108701,1859786.0,,860,59
756.1851194400771,322.5675725306186,199548.6519478448,24.868993621986103,0.09092047375031381,68.05257694625456,1743767.0,,860,583
882.215489726374,1587.432528087992,103436.42708256611,16.72961454126025,0.02476795377710959,75.73030357608842,1620147.0,,860,200
312.3120352548659,261.2942749910795,133992.73210658258,20.01019171389728,0.25585460530242415,82.71005505775555,1573376.0,,860,490
1759.6141541286675,1108.8652831183886,112013.21176470589,18.226603510996657,0.16380745995984286,74.76470588235294,1635029.0,,861,516
1458.1409142258024,1716.3066628764666,98789.3411764706,16.68035042764058,0.10284991403380458,76.95294117647059,1615725.0,,861,162
1391.7972861214537,446.25853899203867,102751.1411764706,17.449688905971964,0.21127972657685273,91.90588235294118,1475594.0,,861,275
259.1622127063157,1791.2052868964338,179024.63529411767,27.057063658716153,0.11220689236712922,59.81176470588236,1833312.0,,861,59
759.3239622554282,327.69422171083386,212999.5411764706,25.64472000311919,0.09579052388067565,71.84705882352942,1728482.0,,861,583
881.8198352666531,1586.8952215459083,110607.2705882353,16.76457750032985,0.06070777191790857,80.96470588235294,1576098.0,,861,200
312.04534793014335,262.0290697982945,137452.5411764706,19.944083263742634,0.2703436898199273,86.80000000000001,1542917.0,,861,490
1760.0240939684832,1109.1180089541558,105557.29411764705,18.051424733619168,0.154540430774704,69.88235294117646,1674040.0,,862,516
1457.9372425887532,1715.8442170104142,88351.41176470587,16.79509264992458,0.09639263379890743,69.88235294117646,1677076.0,,862,162
1394.760407057511,447.13685139338077,96798.0,17.340692764107672,0.18994527935496355,82.94117647058823,1546178.0,,862,275
260.7964594129625,1791.1451295344425,167609.29411764705,26.971590040891808,0.14351435813281643,56.8235294117647,1837649.0,,862,59
312.6866168498486,261.3051257554393,130407.17647058822,20.12511624380483,0.29534251551230234,82.94117647058823,1561632.0,,862,490
762.3089656836877,334.6519126755845,195958.94117647057,25.11743706495325,0.16037587752507662,65.6470588235294,1780583.0,,862,583
882.0583544972643,1587.9646729959604,103533.5294117647,17.231830623497178,0.09117525089207779,73.76470588235294,1631942.0,,862,200
1759.7772209937566,1108.6387682101977,114566.27450980393,19.230566852873327,0.12543754308398794,72.64705882352942,1649087.0,,863,516
1457.7277535718715,1715.2901147880082,93114.52941176471,15.996179361710658,0.10268575749438721,76.0,1622535.0,,863,162
1393.3189384398845,446.30670049633306,100580.7843137255,17.4048872023296,0.13901118273254529,87.92156862745098,1511308.0,,863,275
259.83397673924065,1793.50534081429,182200.3137254902,27.820844535577912,0.13584236051985898,59.6078431372549,1818713.0,,863,59
762.6820425933395,339.11631244238305,206910.74509803922,25.0753799186617,0.13308928869542067,71.52941176470588,1718020.0,,863,583
880.7001234551942,1587.949874605719,115275.60784313726,17.480222604418273,0.046095377336892125,80.84313725490196,1583393.0,,863,200
311.6764804066205,261.990873652585,138384.07843137256,19.623172592038078,0.2867909692322439,86.80392156862746,1527539.0,,863,490
1760.161201363024,1109.26507964181,112581.27450980393,18.3413575890404,0.15988394983702395,72.80000000000001,1656840.0,,864,516
1458.7421236638088,1716.3867662263992,88702.16078431373,16.07532190496816,0.09445761873780285,71.72941176470589,1654435.0,,864,162
1392.5908180414162,447.0988178550824,99589.32941176472,17.489493734617998,0.17814776649522251,85.64705882352942,1518796.0,,864,275
260.747679138041,1790.7864319464363,175674.25098039216,27.04699219479697,0.1512829781136081,56.741176470588236,1843077.0,,864,59
764.7775028185292,345.1522980763095,201314.83921568628,25.809635892797417,0.1335083141458055,68.1607843137255,1746903.0,,864,583
882.7858524804526,1587.8086322151948,106981.74117647059,16.19533671659578,0.051168693646944874,79.93725490196078,1587956.0,,864,200
312.9737622873795,261.03683574241643,135195.30980392158,20.675168666331977,0.29677902729252886,84.93333333333334,1551683.0,,864,490
1760.1134013677417,1109.15666188951,112528.98823529412,18.044670034989174,0.15686986470198858,73.96078431372548,1652836.0,,865,516
1457.6457049101666,1715.7368152215554,93234.96470588235,18.541592001783435,0.0730465563104588,70.71372549019608,1662442.0,,865,162
1397.021915914868,446.5842202676027,105456.89411764705,18.60289542865623,0.1915536562909578,90.91764705882353,1486366.0,,865,275
260.14074432568555,1791.683253492359,175931.41960784313,27.421498634993565,0.14330580173580504,57.72549019607843,1826599.0,,865,59
767.7726067229839,350.32973871773663,215891.5294117647,25.32473920818732,0.17855833495509285,73.2392156862745,1715816.0,,865,583
881.082870845735,1587.828789690534,111033.53725490195,16.43141144438343,0.07208057684734684,80.8156862745098,1578869.0,,865,200
312.01988807553147,261.7162355331815,133515.81176470587,20.941944196064764,0.3138443746303514,84.7843137254902,1558429.0,,865,490
1759.537025650342,1110.204154642705,102137.13365488284,17.85691767532621,0.1644617362696893,68.86836223297158,1682113.0,,866,516
1457.653985765423,1716.3071709406724,85130.57332315524,16.4825179184931,0.08645179261545954,66.72737687857868,1692362.0,,866,162
1395.3885768688606,447.72280198085565,96699.03085472487,16.959924853875407,0.1599070364960964,83.85525971372186,1543422.0,,866,275
257.9057580234577,1793.0708747733274,165685.86094397286,28.3601236753005,0.13183285279965765,56.379280999013005,1834258.0,,866,59
313.3332311789609,260.8489462279272,131571.75713796882,20.251079962394833,0.30399378304593355,86.7099068529124,1540797.0,,866,490
771.3827186250489,355.976750802187,206953.71048078837,26.937626313692572,0.1650579165142259,66.72737687857868,1769246.0,,866,583
880.2717897750878,1588.5673043122567,111660.23651122245,17.162097786237755,0.06342919341784586,78.85962722013844,1595600.0,,866,200
1759.9117723062245,1109.5589874239674,107551.22956068207,17.998602240660553,0.17663380928399333,71.975418995434,1656907.0,,867,516
1459.2083271153558,1716.874559767199,95506.392611565,17.124713612089263,0.0891197628252447,70.90647712916517,1661455.0,,867,162
1396.049564902371,447.2769468493313,96387.91333728135,16.416126730269472,0.17533012727873745,86.58429116777455,1511359.0,,867,275
258.500753413641,1794.1413560599005,168364.0449606262,26.88337829707382,0.13182960195446589,57.36654682309343,1829313.0,,867,59
774.9293355619845,361.74335895597847,208268.71377030757,25.61274182631762,0.2095043216769605,68.76859339662752,1743690.0,,867,583
881.5264181149015,1588.75240547276,107947.09436515695,16.222989772887026,0.05940238176243535,80.88326788100751,1580156.0,,867,200
312.21364478422674,261.7684802150902,130405.91928942033,19.323009253644422,0.2594793536686811,85.87166325692867,1540748.0,,867,490
1761.911805752229,1110.5161958446645,104022.43670483466,18.909695060815405,0.20978585363286167,68.85870808832706,1688513.0,,868,516
1459.0687385740403,1716.8291209628276,93193.51750345956,17.583278170951246,0.10654907726407169,69.92353347113625,1674611.0,,868,162
1392.794964205066,446.48402139779313,94152.21528978209,16.628415597769568,0.18236267493635247,85.89591421327397,1526356.0,,868,275
259.469506004651,1792.251700739301,163619.64855528175,28.604415193291516,0.12142932937439983,55.01597811180771,1844371.0,,868,59
312.8691527865493,260.94347006739054,139942.54628493104,19.967874858576824,0.2522152386191729,84.8310888304648,1557978.0,,868,490
779.3557121576514,366.73687372660174,200864.0459697985,25.125324223715864,0.19373876241958166,69.56859167686652,1753382.0,,868,583
881.6964726962236,1588.344182180421,109743.7434866684,16.966941500988092,0.04451544972874942,78.4421365336097,1605919.0,,868,200
1760.7642127642396,1109.682885477078,106083.87450980392,18.47628510096233,0.1624430703786668,69.9450980392157,1676967.0,,869,516
1458.5050142250166,1716.204493014434,95581.40392156864,17.33525242921124,0.08044841736321043,71.72941176470589,1657977.0,,869,162
1393.6557466439663,447.33667432938165,90969.30980392157,16.2838625903376,0.1609689482697776,82.7921568627451,1542211.0,,869,275
313.3728288922501,261.2511793845272,126933.93725490198,19.61883962236866,0.26923945955289513,82.7921568627451,1567696.0,,869,490
783.3711080092585,371.09275579977736,201973.60784313726,25.668006869908602,0.1894620675563903,67.80392156862746,1750985.0,,869,583
882.1456713423612,1589.134880033652,110286.64705882354,16.81826095455101,0.0513351810987452,78.86666666666667,1596993.0,,869,200
259.58310222657246,1791.375978282239,170628.2117647059,26.213835214056935,0.14819550354178393,56.741176470588236,1838948.0,,869,59
1761.073440167045,1110.3143231195002,107670.84313725491,17.997577941474287,0.15601107074915438,72.80000000000001,1652981.0,,870,516
1459.956648578608,1715.6577050260835,95291.98823529412,17.682130915426992,0.10526227413517943,71.72941176470589,1653966.0,,870,162
1393.5408228185472,447.72425639914576,103768.90588235295,17.93295286821155,0.19027877201673712,88.85882352941177,1497554.0,,870,275
881.8647026037105,1588.9668285691537,112045.98039215687,16.789409205978245,0.06541494575139843,79.93725490196078,1590346.0,,870,200
787.9770449064281,376.163370205198,211893.67843137257,25.649942712906956,0.20648418317302247,69.9450980392157,1743737.0,,870,583
311.4189745255692,262.27613633287314,131821.52941176473,20.05424700061936,0.26431541533054637,85.64705882352942,1546026.0,,870,490
261.02549084578123,1790.6898636108551,186321.25098039216,28.45152605050465,0.1047413249191218,57.811764705882354,1837808.0,,870,59
1391.910386865088,445.30882730531005,97000.22352941177,18.452022734317897,0.15903132735873024,81.88235294117648,1561990.0,,871,275
1459.029454827319,1716.8029924601278,87150.8,16.372820542329695,0.042308490324907605,65.84705882352941,1700580.0,,871,162
1761.8298693326317,1110.2947166400204,101151.31764705882,18.642203176821212,0.14693281146597553,65.84705882352941,1721551.0,,871,516
311.25598608660067,262.54828256477145,133396.58823529413,19.958230315172894,0.25976390690400275,82.90588235294118,1567683.0,,871,490
792.1026562271453,381.3734673187725,202928.69411764707,25.694291459396336,0.14106689821799354,66.52941176470588,1763636.0,,871,583
881.604227378966,1588.798852025346,104078.95294117648,16.484388703276416,0.05498735093296746,75.74117647058824,1616040.0,,871,200
259.43957965914694,1792.370220075058,163274.77647058823,27.425482317521965,0.10346109876751984,55.61176470588236,1843679.0,,871,59
1759.3213345220843,1109.8674152584672,102529.76470588235,18.90814980439317,0.2344141387424842,68.8235294117647,1681888.0,,872,516
1459.4298213763225,1715.7756011407662,100118.47058823529,16.852624301749255,0.08525249034208415,72.70588235294117,1652907.0,,872,162
1392.4294695509698,446.9764008286236,97795.05882352941,16.795146323012624,0.18292064352380494,85.41176470588235,1531523.0,,872,275
257.132708978927,1792.180429540932,164235.5294117647,26.897962862638437,0.09561980710596509,54.705882352941174,1860972.0,,872,59
798.4347405937302,386.8084161999467,203800.23529411765,25.27606622664294,0.1973756173523277,68.8235294117647,1754903.0,,872,583
881.848131592018,1588.1551991118124,108721.05882352941,16.661508536546545,0.06542768398813546,78.0,1608575.0,,872,200
313.3118776558635,261.19665017652903,133555.76470588235,20.582031514087916,0.3069954567566638,85.05882352941175,1557242.0,,872,490
1759.1549749059614,1109.71250670484,111551.42798655883,17.591060702030937,0.1518356725368554,76.98484946407362,1619555.0,,873,516
1460.6501002777748,1716.8272004804753,106606.1041912825,18.246977514508195,0.09834955507337023,74.69817076712094,1630185.0,,873,162
1393.9935785193868,447.7651318425309,102734.37604422544,16.953635098460236,0.20366507100738576,92.99160034274239,1477108.0,,873,275
258.67125341929426,1792.286342139206,183490.3397926902,26.233784772485706,0.11099133973356992,61.7403248177224,1809987.0,,873,59
803.6415682377651,392.4244588943882,219378.99971513022,26.123651648167158,0.17234537389902407,71.64926583785069,1716206.0,,873,583
881.3708993008644,1587.6170133924472,116219.68254638773,16.896077615128522,0.06521280723471891,83.84488555493166,1546807.0,,873,200
311.03150948911434,262.6198535222856,140812.14970588151,20.356822265120588,0.2958482985054322,90.70492164578971,1506280.0,,873,490
1759.4314804279352,1110.5712392634632,101741.64705882352,19.138116445339865,0.13107822258993884,67.76470588235294,1691386.0,,874,516
1459.4359769944012,1717.1060050078574,87814.94117647059,17.385735207040163,0.0773329503701858,67.05882352941177,1691275.0,,874,162
1394.2700981164937,446.75593991396977,94029.88235294117,18.365041790414367,0.17522043734612774,80.8235294117647,1568088.0,,874,275
258.393540761401,1793.9282540667864,166022.11764705883,27.921579605965032,0.1483654567842914,56.470588235294116,1833501.0,,874,59
811.7261925465293,398.0185467225282,200917.0588235294,26.10543937621193,0.20255758180601438,67.41176470588235,1760991.0,,874,583
882.0677612673798,1588.787232009392,103416.70588235294,17.177764810826222,0.06533343310052464,75.88235294117646,1617659.0,,874,200
314.62896950180453,259.88285321357085,135248.11764705883,21.227274672013884,0.30221385704956455,81.88235294117646,1585733.0,,874,490
1761.135670429788,1110.8367928724726,112325.38981846998,19.1230110233936,0.13398515210889692,71.4823464617896,1662185.0,,875,516
1457.5074177764986,1717.1307464873491,97570.84997939774,17.067449170961826,0.075656638657065,72.94116985896898,1652093.0,,875,162
1396.0628357467904,446.3182627588447,97694.84996815799,17.486769728457386,0.19635447541985213,86.79999213217309,1504278.0,,875,275
258.28467051419415,1794.208392231716,162027.13825452214,29.043842131715486,0.1887673592513849,57.98823003788034,1800321.0,,875,59
818.2906568633551,402.9006153416668,216864.67446034434,26.089590517578614,0.14084952566646491,70.02352306461022,1747759.0,,875,583
883.0371119082197,1588.5927716844615,112757.20154403508,16.766522921560586,0.05711235656541959,80.96469854345557,1582416.0,,875,200
313.1650864586761,260.95684846073203,142978.1870400031,21.275089433076356,0.2914311926175989,85.70587458428855,1549909.0,,875,490
1760.5647665844442,1109.923119817361,102816.87843137255,19.153410433452503,0.18153067605948153,66.7764705882353,1699654.0,,876,516
1459.6806033031908,1716.6176747563452,89173.90588235295,16.76307469393318,0.05704979554787854,65.76470588235294,1702268.0,,876,162
1395.2216036576906,447.24844747823084,99654.43921568627,16.753476072019325,0.14197879512342443,80.94117647058823,1567859.0,,876,275
260.37546616610047,1791.704913743698,162417.9137254902,27.174360157686337,0.1355728366177579,54.97254901960785,1854458.0,,876,59
824.9284422127985,407.9883428293918,194446.0,24.610161091816252,0.1505457012221899,65.76470588235294,1778257.0,,876,583
881.5531629880942,1589.3015386156214,107755.63921568627,16.46694823246066,0.06341464075782002,75.88235294117648,1622712.0,,876,200
312.2302227337527,262.2736630089329,128930.86274509804,20.38013743726562,0.28569354796526536,80.26666666666667,1584615.0,,876,490
1759.9654116344846,1110.7618675748079,108568.52544882307,17.469250630530603,0.1882936617353867,75.93725487302282,1620426.0,,877,516
1458.131433584015,1716.7476482527518,100435.12937349116,17.91571918466086,0.10734590659366641,72.98823526630349,1647335.0,,877,162
1393.513265644426,447.25982179859096,88949.80388767188,15.824932198012572,0.19930700282500116,87.73333329990015,1510594.0,,877,275
258.8632925707111,1793.5351642114497,171460.42346407208,28.928209692504627,0.16189723444634996,56.768627429347156,1829378.0,,877,59
832.1418245187846,413.46883475672064,204550.2665887172,24.77650315023172,0.19474691126395802,70.77647056126399,1742852.0,,877,583
882.2108183498572,1588.2628297765082,109685.09799741718,16.441496574577084,0.02743931554459999,79.9921568322619,1588583.0,,877,200
312.23979579563525,261.3272668956393,137916.4313199922,20.731462815160587,0.27744133919086483,85.15294114402073,1553986.0,,877,490
1761.1564488564593,1108.634447400098,118748.82352941176,19.589376117054417,0.15043118713633363,72.70588235294117,1656574.0,,878,516
1458.1825692573505,1717.1731067705282,96417.88235294117,18.263306965354463,0.1315168305758185,69.88235294117646,1678098.0,,878,162
1394.5499852497169,446.9090071420507,96907.41176470587,16.909411278760146,0.16681478901254765,85.76470588235294,1524536.0,,878,275
261.958000758583,1793.1459772175008,169356.0,27.737986271440498,0.16384436816719866,56.470588235294116,1842090.0,,878,59
840.231007487554,417.1212451299577,202830.70588235292,27.956490852882297,0.2477142757277245,72.35294117647058,1697881.0,,878,583
881.8326936668262,1588.1812575072338,111363.17647058822,16.19541653635669,0.06079310978801021,80.8235294117647,1572965.0,,878,200
313.7036500048914,260.37546562583873,140702.4705882353,22.182861490284218,0.33977215302466196,81.52941176470588,1592268.0,,878,490
1761.039177962681,1110.0751168665442,112032.89931088852,18.565657542514806,0.16041709287385414,71.84682072296131,1668369.0,,879,516
1459.21191783164,1716.982102517652,100256.95010112356,18.09758494995025,0.09612618926042157,70.75270670179947,1657775.0,,879,162
1394.63530043476,447.1561637191901,105277.47463956155,17.245268521249926,0.16620221128240972,88.98794038783025,1501617.0,,879,275
259.2574241050774,1791.8786560511821,174207.38738210537,27.56010234126937,0.11980346676763749,57.62333844785729,1831790.0,,879,59
844.9232001176205,420.2584797901034,208366.3565321257,25.919319591553123,0.20216655901700126,72.21152539668192,1724465.0,,879,583
881.8542330700487,1589.0262175524517,109616.36614281572,16.384369428452104,0.07611227029311224,80.96443756597671,1578973.0,,879,200
311.8044386890576,262.27586273402306,132367.7378035289,19.606732997615108,0.24978557196490403,85.7055983243447,1541021.0,,879,490
1760.8769127190085,1108.4247287186797,111659.64705882352,19.877685221484434,0.20678891249332412,68.47058823529412,1693768.0,,880,516
1458.7249073413973,1716.5105065599535,89607.88235294117,16.852994266440483,0.07191966108977711,67.76470588235294,1683428.0,,880,162
1393.8938890367722,448.47624063581395,92812.94117647059,17.08925865951281,0.2099261810712013,82.94117647058823,1546455.0,,880,275
260.25289814197197,1792.4789843151807,164557.76470588235,26.827228219518656,0.12722921188839842,53.647058823529406,1870631.0,,880,59
854.2011809438604,422.2628798926415,197250.0,27.802883920254715,0.23116454072211948,68.11764705882352,1755557.0,,880,583
881.6511725194239,1589.2304116216226,104616.35294117646,17.376863154131964,0.04198665940409658,75.88235294117646,1620282.0,,880,200
311.9481689556384,262.333947804529,132682.23529411765,20.788661258698717,0.3087869330460377,81.88235294117646,1583851.0,,880,490
1760.7531961069096,1109.7445318108212,106554.11413377862,19.037749058573297,0.15715166250728257,69.73040974347877,1683751.0,,881,516
1458.6824362730094,1716.7185240538834,89504.31741670475,17.18839849564374,0.09730859733859697,70.79771193342998,1661571.0,,881,162
1395.869218633231,447.79227213595726,102828.16218865896,17.689050541641297,0.17600537653774537,85.73994259274686,1525262.0,,881,275
260.03052565294314,1792.735061663875,166102.81675251955,28.004965898930063,0.12260153373044254,57.63431825736511,1822798.0,,881,59
859.7360496226299,426.3202360017243,207971.65859471876,26.756338234643607,0.251063211213619,70.08617714012918,1738668.0,,881,583
882.2150885075498,1588.3369710169973,109112.7932504883,16.66353017088008,0.07903541775301483,77.91305986643802,1607194.0,,881,200
312.6519851962131,261.9545847705518,135733.80023964794,19.898553076216427,0.28885996352147675,84.67264040279565,1556824.0,,881,490
1760.6602507961115,1109.9492535510435,113311.81943246428,18.031645788905372,0.15359997191265795,75.66516694706031,1635313.0,,882,516
1458.6524635948022,1717.4050382342782,102380.29405694678,17.390649919351862,0.05088517903586619,75.66516694706031,1621877.0,,882,162
1394.520035855501,446.8257075438273,107316.78080304568,17.7994539106086,0.15567431340151494,90.87424573038902,1490076.0,,882,275
258.9863208426547,1791.9516558199443,179479.2969063054,27.690796137882703,0.04276104345091558,61.216542102898046,1798737.0,,882,59
867.3462232956118,429.0090580309491,218363.20795073317,25.186112329192152,0.1950575142099786,73.76403209914423,1710237.0,,882,583
881.9477223051925,1587.6776839109561,118640.70041117308,16.881202150879364,0.08967499154750685,84.79061421705754,1550273.0,,882,200
311.1707332752963,263.46561039308915,141948.23341965475,21.130894103081882,0.30967138946608036,91.25447269997224,1500459.0,,882,490
1761.5825037128402,1110.4329863820576,117127.50070841759,18.575124663078274,0.14292740898262243,72.97066585781296,1651539.0,,883,516
1458.0688065130648,1715.153711703355,96148.43427429636,17.696617699685543,0.07088688866771457,73.33920457426656,1639825.0,,883,162
1393.9167368296535,446.21129612491563,105927.60911539267,18.737422655542446,0.21546621034988478,86.97513708304979,1515802.0,,883,275
260.17753908123143,1792.6046737636266,172923.8938407763,27.348261682763937,0.1346952258452318,56.75496233385452,1834269.0,,883,59
875.8133454129076,431.03910222878926,205022.1418890191,25.552168844351787,0.20014990229931753,70.02235612618415,1726017.0,,883,583
880.8998521915895,1588.09189150795,108959.57713565644,17.3350896237808,0.05771834341663188,79.97290147043138,1587004.0,,883,200
312.6420376770809,262.0660318848103,134887.01291560018,20.479357391755393,0.28861627688826647,85.86952093368899,1548165.0,,883,490
1761.0366988502283,1110.6247641032842,104193.57254901962,18.582002674730575,0.12670549893989486,68.51764705882353,1687893.0,,884,516
1459.4156279868896,1716.6108443199275,92220.8274509804,17.34365734974215,0.1199425204557214,68.1607843137255,1683166.0,,884,162
1393.4658329310596,447.673282665559,95364.78823529412,16.988159344615767,0.1931041361233155,85.64705882352942,1524284.0,,884,275
258.64371581586147,1792.888110493654,162855.02745098041,26.872341190477417,0.11703014980410403,57.09803921568628,1822476.0,,884,59
884.0276275440597,431.8305357636561,197486.77254901963,25.335452991246413,0.1498535232559647,68.51764705882353,1749105.0,,884,583
882.6499642261728,1588.877047580902,104244.24705882353,17.224063733230228,0.06407373790979896,75.65490196078431,1623362.0,,884,200
313.15523227291595,262.0593472529961,132391.0823529412,20.193751470537862,0.28780714946222413,83.86274509803923,1562039.0,,884,490
1759.653354117025,1109.6260446208464,100511.18431372548,17.614601327461997,0.16099608290940204,68.67450980392157,1681821.0,,885,516
1457.4934517391825,1717.2149815860355,89301.36470588234,17.362507489382658,0.08463112224720237,65.91372549019607,1700621.0,,885,162
1394.045006705214,446.76822855149203,94956.83137254902,17.222607521366815,0.20640799514292466,83.85882352941177,1539302.0,,885,275
259.2186765278484,1792.5317506079903,162192.97254901959,27.378014047650698,0.13697972712720952,54.52549019607843,1853909.0,,885,59
890.0467693106133,434.17782544762565,199483.92156862744,25.207205773440915,0.16383195458309088,68.67450980392157,1743189.0,,885,583
880.890251112425,1588.6228272707472,110904.15686274509,17.5702380485826,0.06136829292062385,76.95686274509804,1605801.0,,885,200
312.2095426614203,262.28032540212587,128663.24705882352,20.172152968780413,0.26254799579959687,81.78823529411764,1579669.0,,885,490
1760.626893865628,1109.3884160986693,112365.88235294119,18.8356961692026,0.16399080873203956,73.30588235294118,1657167.0,,886,516
1458.1084408636439,1717.6300567589974,102936.77647058824,17.81428586418067,0.08749355612817429,73.67058823529412,1641611.0,,886,162
1393.9156608378134,447.5755701939485,99380.52941176471,17.856345645165735,0.21764412127751018,89.71764705882353,1480455.0,,886,275
258.32009419873134,1792.7656117779027,166791.30588235296,28.332319367296765,0.13650142561333864,59.082352941176474,1813115.0,,886,59
897.8544988561204,433.9817498416566,210748.2117647059,26.9686895556816,0.13423853637046065,69.29411764705883,1736626.0,,886,583
880.5632290114257,1588.964020533201,110122.9411764706,17.268910525571343,0.08266378388843347,78.7764705882353,1595726.0,,886,200
313.0115264033151,261.9948392900957,133777.76470588235,19.476076944048653,0.27821620740532915,86.80000000000001,1540487.0,,886,490
1761.4314674090317,1110.6290833578241,107239.11918992616,18.743211637017325,0.18072674201421582,69.95941130652945,1681138.0,,887,516
1458.816740091295,1716.9002486904835,95673.65096631109,18.06827497796599,0.12266910200126589,72.73008106124348,1650667.0,,887,162
1396.8533941569306,447.78429907477584,96875.08263869896,17.23810835203234,0.12147434255509766,84.50542751877815,1544566.0,,887,275
257.9041459149757,1792.730144189919,161817.85002059932,27.214186242757336,0.05620966500874212,56.10606253295926,1850233.0,,887,59
882.8832754672144,1589.178201029133,108429.81451701451,16.58761232216411,0.06445813832706768,76.88608569331454,1621841.0,,887,200
907.0406548840062,435.57163098812964,198719.7078161969,25.44818852200251,0.15052347970572147,68.22774270983317,1744907.0,,887,583
313.39059962038345,261.85658550454514,131557.28762705126,20.146703937301993,0.2719789565071182,81.7347577640641,1579918.0,,887,490
1760.4893104121636,1109.6334969597801,108324.21176470589,18.621938839219048,0.1444285645816916,70.7529411764706,1669198.0,,888,516
1460.3337894776091,1716.6442522092545,97810.4705882353,18.077254967825763,0.0893795274289456,68.92941176470589,1683117.0,,888,162
1395.3612659762778,446.9820027318215,104666.21176470589,17.95396903117223,0.20751866078175116,87.52941176470588,1516804.0,,888,275
260.3943668479298,1792.3798108890464,181551.6823529412,27.1737870789167,0.061069459926485686,58.71764705882354,1840528.0,,888,59
881.5104345947989,1588.6086284514818,108070.37647058825,16.784622146710728,0.10412508441934831,78.7764705882353,1594452.0,,888,200
915.9316653544054,434.19807106196686,211683.6823529412,26.824710428976637,0.20890527280972565,70.02352941176471,1744365.0,,888,583
312.8657622728152,262.0715020619395,130091.68235294119,19.731776464419198,0.28650867853438694,83.88235294117648,1553175.0,,888,490
1761.6899416598958,1110.4394521624465,110701.7725490196,17.939744052398204,0.11446679816624596,73.72549019607843,1641384.0,,889,516
1460.4012134400473,1715.8918452402906,99945.96078431372,17.717087320507492,0.1321967558684662,73.72549019607843,1632845.0,,889,162
1394.444520494782,446.8700703504823,104483.02745098039,17.35050182244828,0.20413801544091145,89.94509803921568,1499433.0,,889,275
259.9488809812327,1792.1696765435945,182218.8156862745,27.475575034971104,0.08717563061633334,59.71764705882353,1823364.0,,889,59
881.5891290099406,1589.083797594339,121483.38823529411,17.333470901329527,0.047544684416484156,85.52156862745097,1538130.0,,889,200
924.024637327972,434.9703871435051,217819.01176470588,26.829242553464585,0.23222254396185454,73.72549019607843,1705479.0,,889,583
311.00093751810516,263.3525384092741,139977.42745098038,21.290783124469773,0.3037896545327182,86.62745098039215,1550889.0,,889,490
1762.5671108002994,1110.1237071662556,114635.77317023772,18.670011390837992,0.13379450572894294,71.72910831808463,1659025.0,,890,516
1459.522383049978,1717.1108517250223,93232.36982936297,17.092836660243265,0.07680672561847178,69.97104193773941,1674117.0,,890,162
1394.4421816855945,447.9933046645719,98362.75914048638,18.240246098371657,0.21141710385700188,85.09041280870824,1528694.0,,890,275
258.8838458665339,1793.5320405876494,169449.47000319287,27.969373323753715,0.12144003227024033,57.312963999253896,1825222.0,,890,59
882.3537454441134,1588.9839900112797,107855.96598107445,16.731939096249388,0.06003991429007435,78.40976056339643,1600651.0,,890,200
931.7996650303404,435.49682624009495,203849.20325413154,25.06990072538924,0.13457689416511892,69.97104193773941,1737208.0,,890,583
313.4619826556036,261.82874816779963,135055.0109513952,20.754612492623902,0.29202736865366813,83.68395970443207,1577532.0,,890,490
1762.7724917359064,1110.3961060827853,100579.93626653084,18.109506324763235,0.10781282691987552,65.66668690816671,1716338.0,,891,516
1458.3485833048328,1717.4501441312102,91959.97396033829,17.11553184940997,0.05984798415014692,69.81405660762988,1673320.0,,891,162
1394.0681913790772,446.7781629832179,92014.92660885617,17.420092272369462,0.13499828364768793,84.67546469737287,1528262.0,,891,275
259.745154853933,1793.113165209676,161263.9040949342,26.587762264045132,0.08911457582437585,53.91580609302109,1860176.0,,891,59
883.2215272296107,1588.7545621380016,103768.22672299315,16.922184988570148,0.0857721896787428,74.30704044871497,1635642.0,,891,200
942.6655017957718,433.9465944956874,203237.70475249275,24.962783974586443,0.18091395873362723,65.66668690816671,1780231.0,,891,583
313.0100661742497,261.936162442681,125869.21423729071,20.288373055061378,0.2758112670942584,80.87370913953164,1591416.0,,891,490
1761.6722200710337,1110.214132640799,112781.55294117647,18.17231399595644,0.171626083858976,73.78823529411764,1644664.0,,892,516
1458.3984452274362,1715.9639947406263,94773.08235294117,17.759264672876885,0.11559388630891021,72.65882352941176,1651567.0,,892,162
1395.091096426518,447.4290117684544,108701.36470588236,17.5579724878245,0.2007027012520624,89.97647058823529,1491744.0,,892,275
260.13637737742243,1793.4923748818123,175593.03529411764,27.621031396667053,0.14552327457915262,60.98823529411764,1797333.0,,892,59
883.0342539971833,1589.0118034959821,113609.41176470589,15.993747224903027,0.049391699393585044,84.70588235294117,1540654.0,,892,200
951.7425308148138,434.28025550985154,212701.36470588236,24.907896705674805,0.0852493578390769,75.67058823529412,1683494.0,,892,583
311.4719812551588,262.1564901349948,141391.0588235294,21.80861835600957,0.2697541325438489,87.71764705882353,1526592.0,,892,490
1761.5130477478901,1110.1450840893015,105785.45684281093,19.044013272471066,0.17660631982801023,67.92341806222281,1695604.0,,893,516
1459.3105007231275,1717.304085575788,95688.11406895141,17.33993526868133,0.08209252643853526,71.91891324235355,1652181.0,,893,162
1396.5805335557986,447.94285239637844,100576.42080842411,17.267716892142175,0.1730048208160871,84.99507928641783,1532050.0,,893,275
259.3403042028418,1793.913904735015,169814.72001174447,27.071183430667283,0.11213162213534517,58.479520363731936,1819887.0,,893,59
884.0376416819608,1588.8255091096978,111423.82699564454,17.73703389034118,0.05975046783560115,75.91440842248431,1617463.0,,893,200
961.639772264849,432.67099378184344,197263.77189924277,26.491486783567527,0.1999038567387435,69.73955223500951,1727801.0,,893,583
313.1585810774876,262.0806653193639,136595.08340363373,20.606930270522447,0.2930686293831356,86.81121345920455,1536747.0,,893,490
1760.6186684697461,1109.196365255537,109384.39215686274,17.73940459131542,0.21089978921248148,75.40392156862745,1627903.0,,894,516
1459.2491652907722,1716.1647917813245,98331.76470588235,18.65614190805307,0.10965160958381928,70.71372549019608,1663358.0,,894,162
1394.2912202257528,447.5742593667765,95696.59607843136,16.628493654975845,0.16401005928607537,87.67058823529412,1508571.0,,894,275
260.6793332009649,1793.9973258756384,170804.6745098039,26.80381085596273,0.11987587784412965,58.08627450980392,1824035.0,,894,59
883.0776819280867,1588.8576179705171,115640.39215686274,17.25541460311346,0.06086643968304128,79.73333333333333,1590366.0,,894,200
969.5942052793883,431.011365523448,202048.95686274508,23.684161058828785,0.14925860059087795,71.79607843137255,1729267.0,,894,583
312.4030017418438,263.08481603778625,135047.3411764706,20.321082341849166,0.30560196405790185,85.86666666666666,1546320.0,,894,490
1760.499385072166,1109.5766280507626,110937.27609367088,18.497542819952074,0.19712857139146167,73.98073765416092,1642925.0,,895,516
1459.8707674811694,1717.3535920424363,95454.48322390787,16.635403894887705,0.08097674029026868,72.86545015183688,1639202.0,,895,162
1395.8752449851117,446.9440402428877,108121.1751503027,17.938876876848852,0.1588586780365388,87.735950182824,1519652.0,,895,275
260.1164982527051,1793.3362300534714,176594.62311798753,27.54567444183496,0.15136005741698028,58.73847512239912,1821707.0,,895,59
883.5682515625373,1588.5025174686725,108908.93988944424,16.54406538953617,0.07257055430635725,80.67246266810513,1576558.0,,895,200
978.7125467970768,429.3008188625029,215286.17714861291,24.62841066824246,0.1776296665216429,72.86545015183688,1717571.0,,895,583
313.3436623265959,262.44644938623594,138737.6759016013,19.536196466592127,0.2749562277029082,89.96652518747207,1515028.0,,895,490
1760.4702635504725,1110.6610463877246,102330.61592580736,18.036342098278702,0.20773915238736357,70.87614586038373,1661726.0,,896,516
1458.1455649598975,1715.6365468206902,91812.59588012642,17.237212175949587,0.07613643058783759,68.69534137237193,1675951.0,,896,162
1395.3011156720738,447.63230257235807,97311.4943966482,17.043664607235375,0.17552892294689307,85.77830986179775,1522518.0,,896,275
260.5716564268302,1792.527398272648,164757.96173221868,27.84016790510892,0.08943305911139447,55.24704702963245,1852614.0,,896,59
883.435686878057,1588.5411712205544,103439.91847537603,16.953207406153165,0.053072791662598824,77.7820267390878,1611529.0,,896,200
985.2899148593809,427.67037407057035,205553.54435462624,25.496831928327012,0.17795801539949493,70.5126784457151,1734523.0,,896,583
312.772465793752,262.52901596866207,137045.75216822332,21.181062777915905,0.3304734791677274,84.32444020312322,1566598.0,,896,490
1760.6581210262214,1109.7035951994521,102518.2202576905,17.754455992075957,0.1448493233899666,73.65362985502415,1651187.0,,897,516
1458.3863875613004,1717.40987334622,104043.57548323729,17.4017099239326,0.11767458338129523,76.70663005626866,1621872.0,,897,162
1394.386624647847,447.4286027424826,106201.66500049202,16.93909777420991,0.1563623915335222,91.9716310624913,1466616.0,,897,275
260.41974272092114,1792.7834974704747,178175.38149478138,27.045893455488024,0.1047471120183812,61.82325407520162,1793765.0,,897,59
883.7549223581926,1589.2617534502217,121061.38022999943,17.84379146929994,0.04280679680387989,82.81263045875772,1567428.0,,897,200
994.1180473178097,425.46842604169075,214581.26401954686,26.62552450651613,0.18099222762167524,73.65362985502415,1712043.0,,897,583
312.05322754790154,263.5381815935497,142088.9191160711,20.52954259641711,0.30239752439707684,89.30025588640234,1514434.0,,897,490
1761.65634863107,1110.0417001192918,112199.21057118387,19.24903137623179,0.15116049450553082,72.57505437581656,1660054.0,,898,516
1460.183802212251,1717.3229390822644,101517.18372360765,17.58060379984308,0.07123303219787049,73.66915067293942,1641517.0,,898,162
1394.6005071753373,447.0796938136908,100814.77390085478,17.260128835089606,0.1904256525304114,86.79830623841379,1521370.0,,898,275
259.3237821492301,1792.0688065650143,170655.3169313956,27.85256140442696,0.07211561249584528,57.62240498180411,1828251.0,,898,59
882.658002356223,1588.3673608948232,107727.63900484273,16.272516251763893,0.05197075552551717,78.77493339284612,1594682.0,,898,200
1000.9268090381594,423.0010515736881,203578.8627044168,25.158495703024737,0.08697893311913858,71.4809580786937,1709642.0,,898,583
313.28637149322356,262.1855889888355,136510.7596907853,20.787326640480618,0.2743006263754348,85.70420994129091,1558451.0,,898,490
1762.347315418894,1109.6621828871955,103546.22283413932,18.310586105473337,0.11899977866609553,67.8039211133506,1689256.0,,899,516
1457.895178077967,1716.7238564014333,87944.18372321464,16.572650448606353,0.08520301497785077,69.94509756956167,1665572.0,,899,162
1394.8022885529892,447.3633237092391,100857.97579336632,17.91818460244965,0.19197662898985351,82.7921563068281,1554129.0,,899,275
260.10119072619597,1791.6687282120206,169930.90081976468,26.92187874436353,0.165329978561734,54.599999633382325,1857510.0,,899,59
883.8602478737008,1587.8361747868473,102419.9640181723,16.53853713967835,0.05378905493503667,75.6549014527912,1626046.0,,899,200
1004.3726984675343,422.9383918916244,198333.96337414725,26.135799283250957,0.10538996163419084,67.44705837064875,1741828.0,,899,583
312.31006800100585,263.2811234343986,133401.7167513184,20.88125665257016,0.31178656229488644,83.86274453493364,1565706.0,,899,490
1760.3785341527334,1110.0270787165923,111746.97647058824,18.12145957481804,0.19098847692916018,75.85882352941177,1628355.0,,900,516
1460.1889041534148,1717.7320586408716,96896.88235294119,18.357792253555804,0.07599233307744115,71.84705882352942,1651720.0,,900,162
1394.5329664277742,449.0154607002291,99334.21176470589,16.62030867521354,0.2161814150136416,90.44705882352942,1488007.0,,900,275
258.6961971226157,1794.1384304907124,172404.1294117647,25.968954829522406,0.0394780289416455,62.72941176470589,1785030.0,,900,59
882.1398772520554,1588.0693318119008,110587.21176470589,16.47864167439088,0.06706959654783709,82.78823529411765,1557464.0,,900,200
1008.538159300881,421.8547849989278,205786.38823529414,24.708993854656836,0.10394646300953987,72.94117647058825,1711753.0,,900,583
313.6238435520112,262.13658546986903,136829.98823529412,20.01380464410413,0.2645419790074467,87.89411764705883,1523255.0,,900,490
1761.6858543577387,1111.0432225072793,107603.6969856713,17.832514213470308,0.17072329423437752,73.7646997834821,1638939.0,,901,516
1458.8786995925475,1716.233860477117,103960.16787515386,17.711943668867114,0.09557139548385458,74.50979776109303,1634739.0,,901,162
1395.2821974061892,447.7970800421826,106688.34412017628,17.72090776200421,0.23477019639040891,90.90195326853349,1483157.0,,901,275
257.6737648090417,1795.9881247589726,172921.9660949559,27.20138084001273,0.14978065415649588,61.09803416409628,1794632.0,,901,59
881.9637178825114,1588.7907271813217,108934.44197368441,16.718635054245233,0.06535186149354219,79.72548360436954,1583377.0,,901,200
1014.2413601849267,419.37098245915365,208226.5710191058,24.73418774572173,0.1321483259429242,72.27450382826024,1716762.0,,901,583
313.5542769360456,261.73146309811665,134353.0869308925,19.75720961842054,0.2513688579563056,90.90195326853349,1514251.0,,901,490
1761.8068680410452,1109.971016725564,113627.40000000001,17.897864352511014,0.15888152564931718,75.85882352941177,1621057.0,,902,516
1457.8636136733587,1717.4826948815337,100822.9411764706,17.26108609402184,0.08295270149255551,75.85882352941177,1611591.0,,902,162
1395.8715651177777,447.76896971432666,101876.9411764706,17.285345971819723,0.18423392361510654,91.90588235294118,1471967.0,,902,275
259.65435598675487,1793.7404618928883,173030.69411764707,26.17746506479912,0.09467840771025593,59.81176470588236,1813904.0,,902,59
881.9481988649998,1588.113216426027,117027.18823529413,17.20728634640518,0.07097718202252945,81.69411764705883,1567716.0,,902,200
1021.6575039599892,416.92277055243164,207680.30588235296,25.643773743656276,0.042424020151866346,75.12941176470589,1674253.0,,902,583
312.2566929258666,262.48695493667674,138053.57647058825,20.405191879335984,0.2680718146312103,86.80000000000001,1527978.0,,902,490
1761.679453737395,1109.1685806549604,108241.376793657,19.07808552358553,0.20653501699559307,69.69295338001015,1682653.0,,903,516
1459.5353176810504,1717.479120729604,89310.26885731978,17.155102801007583,0.10146084688179652,68.97815385816389,1674236.0,,903,162
1393.8241407153919,447.888220469028,102245.28100464966,16.760608960615368,0.1735586782503622,86.84814190432034,1514489.0,,903,275
1028.1686952337773,413.204591341038,193126.32181122657,25.142583857026246,0.09541955328095017,67.9059545753945,1741178.0,,903,583
258.34873192600384,1793.0052967806953,162074.7157827033,26.88513726783359,0.05462961464555264,56.826561986777506,1836475.0,,903,59
312.38736248877734,262.45226183651175,132162.14279224203,20.629825824897566,0.285996713416417,82.5593447732428,1571854.0,,903,490
881.4066879455694,1588.8330249925457,105478.6766417212,16.539477892881784,0.08204984719924957,75.76874931570335,1618533.0,,903,200
1762.4176173872916,1110.445318608914,112580.39111462403,18.833434814474938,0.11516080635282985,70.7136066018456,1662441.0,,904,516
1460.136766057758,1715.6577091351564,94584.13901816147,17.58382246799776,0.09901075386155359,71.43517401615014,1656788.0,,904,162
1394.9207870151795,448.28869622444455,100870.79511528983,16.935100449153342,0.12515173472523086,88.75279195945927,1494965.0,,904,275
258.2578647804948,1793.4531768600082,160877.78442368456,26.408992144196443,0.08035420108629122,59.529311680125126,1818364.0,,904,59
881.6079999505374,1589.391737279621,116705.23123849597,16.783279344269474,0.011196625485042171,83.70182005932745,1558110.0,,904,200
1036.235475039891,408.266638175191,205982.60270815465,25.783778702410267,0.013690148230431595,72.87830884475925,1701701.0,,904,583
312.6472661824533,262.30269547807194,135507.4741367367,19.49009981281079,0.24906073236968715,85.86652230224108,1549566.0,,904,490
1760.4406850075427,1111.025675864347,109392.80504428409,18.009524716425535,0.16342018359992364,73.7577526425649,1646258.0,,905,516
1458.7647290435455,1716.4452013832913,100285.5851624385,17.375730188939706,0.11090459531850871,74.87529434927042,1633276.0,,905,162
1393.7424003144204,447.5752858367872,104259.19095758113,17.362222291469056,0.18214480292164,89.77585043867747,1491537.0,,905,275
260.0501903686038,1792.223934145015,178069.09554645894,27.14712278436972,0.10972934608725897,58.85719655315784,1823006.0,,905,59
882.5948808653906,1589.3033715538377,109095.16643639818,17.13933129402455,0.08271764136960136,78.97294727385736,1594265.0,,905,200
1042.6333031619276,403.1397989406087,208657.32960069596,26.24385362054085,0.021281378657888417,71.15015532691866,1719568.0,,905,583
313.52787946154217,262.7080378566428,139414.81796712364,20.245071613722683,0.2763595016220208,88.28579482973677,1524063.0,,905,490
1761.1544957949538,1109.8883492190628,112609.80392156863,18.94128744420645,0.19109813882576607,75.04313725490196,1633432.0,,906,516
1461.4460721429064,1717.8313573349885,104620.23529411765,19.15057034235658,0.012055318483444741,70.71372549019608,1675103.0,,906,162
1395.2934174594784,447.60702592788346,98294.96470588235,16.044966049137354,0.16338327421252907,88.75294117647059,1504726.0,,906,275
259.2136261848523,1793.7323953846087,164656.90980392156,26.856582161528646,0.14676978349543832,58.8078431372549,1815131.0,,906,59
882.1245230440812,1589.6046746473562,112897.34901960783,17.25338555343993,0.051653660336120774,80.8156862745098,1587221.0,,906,200
1049.7831867729149,396.76556234409327,203785.7725490196,25.942739297979077,0.04874621693041759,68.54901960784314,1751138.0,,906,583
314.0500587653523,262.2789641955996,131690.2431372549,19.442739024224096,0.24908270302576524,84.7843137254902,1554089.0,,906,490
1760.6766570490101,1109.1494097953669,114303.65882352942,19.47187807040341,0.1888391715718495,71.89411764705882,1663522.0,,907,516
1458.7982001037635,1716.9529153529952,95314.86274509804,17.712856819933663,0.14224136791551556,73.79607843137255,1633038.0,,907,162
1395.8086175078809,447.5340973553636,105949.10588235295,17.86431882166457,0.18513354880342062,89.77254901960784,1491580.0,,907,275
259.5413546419361,1792.4318773556834,184085.45882352942,27.34408886325202,0.11795888779215796,63.52549019607843,1794756.0,,907,59
882.2752951977062,1588.7903591015438,111045.21960784314,16.467333617254,0.08548420228148872,82.92549019607843,1559566.0,,907,200
1053.981274385286,391.6786178767354,199767.8862745098,25.71267595127998,0.06590056170054302,69.61176470588235,1733700.0,,907,583
312.86170114634086,263.24806916619843,136084.15294117646,18.94929637007746,0.2505532704867768,89.77254901960784,1516947.0,,907,490
1761.0932707529867,1109.6907468494794,106375.308598926,17.76300086989128,0.13853558698926707,73.81558700871851,1642788.0,,908,516
1458.6095818532467,1716.9302428728136,93667.52872288738,16.056783571767888,0.09497973579783095,72.70278921461723,1634649.0,,908,162
1394.9890005723933,448.6214257329002,101741.98951688629,17.028065274180097,0.19559541832168056,88.65289093006896,1509503.0,,908,275
260.23639562996027,1792.8256017082806,174752.65278787154,26.765349429935227,0.1374984973300357,60.09108088146933,1817587.0,,908,59
882.9562172027549,1589.3832670204079,114017.63291621559,17.613433411027614,0.055408371721121466,81.97610416546125,1578072.0,,908,200
1058.3473485107872,385.45435751842894,200421.93043700387,24.66953253316002,0.1560791289128459,69.36439583231336,1743876.0,,908,583
313.2032007571565,262.7220826230379,134037.23616469573,19.52221859478308,0.28666309841867677,88.65289093006896,1514925.0,,908,490
1761.6555182178342,1111.106290249568,116304.40705736572,18.644500814248254,0.16875922586609804,75.70625519275532,1630533.0,,909,516
1459.7166063954526,1716.0259514060965,101273.8331837665,17.099692243563734,0.10363347217887896,74.93766376947862,1636167.0,,909,162
1394.8944461686303,446.76920171853556,102774.89223342591,17.95874270058248,0.19000218498897897,90.69378794665104,1487401.0,,909,275
259.3053438627091,1793.9482902181105,175382.57110324118,28.144155271830215,0.12424330942403285,61.4873138621363,1795896.0,,909,59
882.7724450521458,1589.0267516426015,116919.28019598708,16.61291168287133,0.02616452710438411,85.69794369535246,1546973.0,,909,200
1063.541279798314,380.1370861887533,206699.59723607375,24.28058364466065,0.11032387916873064,69.94181951818004,1738820.0,,909,583
313.0279799207564,262.18539887501515,146068.4942194677,20.85644825223077,0.31484141427558615,90.69378794665104,1518012.0,,909,490
1762.5765443925545,1110.8356184888037,106102.42924737692,19.6115792725934,0.1640891436795269,68.82067917095257,1683584.0,,910,516
1458.0677303191344,1717.1582454385823,91047.64098381116,17.199276972104418,0.1031175829952499,69.52653229065466,1672006.0,,910,162
1394.850092478103,447.1294383462091,102468.34446059077,19.275784662108975,0.20435799876949676,81.87896188544102,1556194.0,,910,275
259.3084525942076,1793.6977663300784,163327.7062944236,28.512550055796822,0.14877371493222785,55.4094698966131,1837668.0,,910,59
884.2088436179323,1588.5112094354204,101380.97772968972,16.44321356340686,0.09987387231159156,74.82043068842025,1635580.0,,910,200
1069.5061420907045,371.3801028937929,185769.24745567163,23.911864347978927,0.1484385876247649,62.820927653484915,1790881.0,,910,583
311.8349169572143,262.64582613926234,126733.10423002925,20.726377323688233,0.3056943659448428,83.99652124454725,1555579.0,,910,490
1761.7918871310058,1110.9647235188568,108789.20876204674,19.21426607900069,0.16500140807309716,69.94507089529951,1681764.0,,911,516
1460.182644479131,1716.8010293502898,93050.85408539113,17.05720900616817,0.11092602618104941,70.65879610851685,1662764.0,,911,162
1394.951898128554,447.3098025504665,96964.92315467502,17.330838930312893,0.16393520617696286,84.93330037286368,1536248.0,,911,275
257.9002757363087,1793.9142987709977,161647.69805292308,26.98355682287776,0.10192793798636605,57.09801705738735,1820409.0,,911,59
883.077911930028,1589.4408827882223,99104.67134390061,15.74143207466132,0.02139617151331857,76.72546042086425,1610196.0,,911,200
1072.5499226693505,364.64814369440705,192897.08592582456,24.59838630636397,0.10080048448619214,68.51762046886482,1738305.0,,911,583
313.79327947716195,262.631194863608,133451.98350477198,20.478468872618308,0.28204011613674496,85.29016297947236,1548613.0,,911,490
1760.2919032672978,1110.0077566823654,112631.53725490195,18.36311353125714,0.19292242662471198,72.98823529411764,1658780.0,,912,516
1458.537523557032,1718.407372951736,92324.9568627451,16.681076848199474,0.05936564432937791,69.67058823529412,1664157.0,,912,162
1396.4715501186506,447.1216244630681,98175.81176470588,17.254761640923704,0.15339860637975403,85.15294117647059,1533890.0,,912,275
1080.1464399868887,356.18570727539014,194558.98823529412,24.94591774667213,0.09979372669511655,68.93333333333334,1739265.0,,912,583
259.2498199968541,1792.8267849111949,166391.42745098038,26.781787725725597,0.13076642022678234,58.24313725490196,1820305.0,,912,59
881.1344926290692,1589.2747586340734,106373.34901960783,16.93821010440184,0.05451424722197604,77.78039215686275,1608344.0,,912,200
312.5289936697815,262.4360208997689,139409.7411764706,21.981500058332152,0.31289014732022696,86.62745098039215,1561280.0,,912,490
1761.6274192682256,1110.275990056006,111552.1575527385,19.62637284927048,0.1738075105171781,69.77009156005793,1684436.0,,913,516
1458.5081679984971,1718.206125456989,97541.40699455938,17.20414647980899,0.09435116650067346,70.82721415945275,1667483.0,,913,162
1395.6783532427353,447.0102156343296,94305.55471781186,17.886124854002063,0.16135841781419127,83.86505955198884,1539943.0,,913,275
1082.627514504372,347.28406897451015,191864.58042236115,25.299399577531503,0.10510011383865332,65.54160116247867,1769319.0,,913,583
259.35343430993805,1792.0711004281402,166829.0982750935,27.31692920884589,0.0985680674957888,54.618000968732225,1858304.0,,913,59
883.2559223082968,1588.5764666257207,106712.29791850923,16.85753757086711,0.06299461325058302,76.81757555602339,1618029.0,,913,200
314.7957914747,261.71514567464453,133463.49004459468,20.40406672532462,0.2854403570779142,83.86505955198884,1569925.0,,913,490
1761.8171167455748,1110.6140418020752,109351.92156862744,18.24079658233431,0.1467505994835074,71.79607843137255,1663150.0,,914,516
1457.8961947200953,1717.4533480017928,97399.85882352942,16.975424987508845,0.11729986782460054,73.96078431372548,1633047.0,,914,162
1396.6550209487768,447.94177516481204,96099.95294117647,17.628370904253675,0.18799062347935336,86.94901960784314,1509864.0,,914,275
1086.6487423252129,339.80491726534507,200376.0,25.492114284056942,0.1272147416222791,67.82745098039216,1753441.0,,914,583
259.62720142996295,1792.9306548306438,179639.92156862744,29.055240338932123,0.150803684025723,58.8078431372549,1825230.0,,914,59
882.6817723357473,1589.820809714966,107310.96470588235,16.773750926272676,0.048367348227363084,76.84705882352941,1609549.0,,914,200
312.65691993543703,262.84272258511805,133220.3294117647,20.469577339551254,0.2982318879358061,84.7843137254902,1550792.0,,914,490
1761.1227719194947,1109.8280363451452,107842.76078431372,18.257126193228128,0.15203473439943527,70.71372549019608,1675628.0,,915,516
1457.9128838874194,1717.4887783708443,91115.35686274509,16.273371739676133,0.05827642232588603,73.96078431372548,1635037.0,,915,162
1394.8146804434898,448.01350713995475,99443.70196078431,18.433550446325736,0.22559394355623985,85.86666666666666,1528802.0,,915,275
1088.026158013696,332.1081336242272,192984.61176470589,24.181544691778488,0.13402311717238427,66.74509803921569,1763842.0,,915,583
259.5274980168924,1794.2280133024062,167829.2862745098,28.27802134026883,0.1602375438341537,57.00392156862745,1821493.0,,915,59
882.8287429039175,1588.8234802867264,108867.02745098039,16.82028099604481,0.06338099458918948,77.92941176470588,1606153.0,,915,200
314.8793566059085,262.0517695298058,128815.87450980392,19.85283877498166,0.29065305558575555,83.70196078431373,1555588.0,,915,490
1762.026482076393,1110.994339168707,105908.39166092084,18.38045074417055,0.14905300026439094,71.94354452561103,1663777.0,,916,516
1459.580855937216,1716.500553767005,94392.55335932916,16.898434766165643,0.07172989422947391,72.6929564477528,1648346.0,,916,162
1396.419485147926,447.21791836840873,100828.50294668278,17.245981065576547,0.1564036728744664,87.68119489058843,1502998.0,,916,275
1088.4787876978537,323.6479356792471,200819.53807037213,24.52223628228767,0.12173659853899546,70.81942664239835,1737869.0,,916,583
260.65218083146294,1792.1599150782217,178965.56230283456,28.599958734411896,0.11246905759035497,59.57824781027163,1819321.0,,916,59
883.0220903816405,1589.9244269352994,111663.50051700865,17.004008567176463,0.023868225082509287,80.9364875913124,1584692.0,,916,200
312.4746002946595,263.3751121746934,134032.6969810187,20.350242718909737,0.2883403837105451,88.05590085165933,1524649.0,,916,490
1760.7611878841442,1109.8376082968439,114800.65882352942,18.54184557949415,0.15753573649576338,75.70980392156864,1628862.0,,917,516
1458.2658459598358,1717.8897249581228,101177.89019607844,17.045094409249483,0.09276378885422101,76.86274509803921,1616702.0,,917,162
1394.4233601486246,447.95741225939804,108396.83921568628,17.607513175184224,0.15210991294853127,91.85098039215687,1483573.0,,917,275
1091.1568592105712,312.96443927485797,202538.7137254902,25.140060778459222,0.15348352078369037,70.71372549019608,1723378.0,,917,583
260.32914965027135,1793.653814937686,178514.87843137255,27.53391210340605,0.1523731494357245,61.87450980392157,1801011.0,,917,59
882.693581740463,1588.8210113718849,119127.64705882354,16.75792529901735,0.0680521047264227,86.85490196078432,1535557.0,,917,200
312.79333583940246,263.747455844054,142107.30196078433,19.111590965922936,0.2574375313583034,91.85098039215687,1487115.0,,917,490
1761.8897515781232,1110.552054414667,115401.41176470589,18.677549243504966,0.1706824511248494,72.65882352941176,1651225.0,,918,516
1459.409436654134,1717.7461672460136,95523.38823529411,16.523005267652543,0.0603559247793794,72.65882352941176,1647900.0,,918,162
1395.8155960130493,447.8258603063878,100166.77647058823,17.71341819323075,0.18204905476007477,87.71764705882353,1502829.0,,918,275
1090.0920804426164,304.1131482159484,202568.6588235294,25.390998598751235,0.13618530386083227,70.4,1733820.0,,918,583
260.34061420646105,1793.4782748472933,182680.09411764707,29.22305988607896,0.14430512481942273,61.36470588235294,1799509.0,,918,59
882.8254168480034,1589.5604293602437,110724.51764705882,17.305408945235367,0.061905757327184514,80.94117647058823,1573954.0,,918,200
312.8266907355379,263.66436512549114,140563.95294117648,19.889106503077674,0.2876187528692817,89.6,1513275.0,,918,490
1761.5361983901175,1110.6925679030098,109956.14117647058,18.180483888476818,0.15640735595185323,74.91764705882353,1638718.0,,919,516
1459.2891473564573,1717.594386011506,96391.15294117646,16.53060181018307,0.07745057342538787,73.78823529411764,1642338.0,,919,162
1395.4452489614416,447.8666769059739,102948.14117647058,17.682165794558042,0.19795199900452154,91.85882352941177,1471886.0,,919,275
1087.8731331079375,293.2178251085206,211789.55294117646,25.196119075709966,0.21998751997900107,74.16470588235295,1711610.0,,919,583
260.68497874206014,1792.887770312293,184623.0588235294,27.902153646593053,0.16439767987563428,61.741176470588236,1807120.0,,919,59
314.1050583344724,262.3684680265983,140463.81176470587,20.17092945044333,0.28079161458414603,89.97647058823529,1516268.0,,919,490
883.1262437831606,1589.2675342279158,113316.51764705882,16.863347298735267,0.07317884536511003,83.95294117647059,1551655.0,,919,200
1761.236598414078,1111.2023171029764,101663.12156862744,19.032831978130734,0.17804297462489707,66.94901960784313,1708365.0,,920,516
1458.3575653936284,1717.3924715519242,81731.29411764705,15.906773256375082,0.06646066690927091,69.70980392156862,1666450.0,,920,162
1395.589266688119,448.2638099324252,96520.47058823529,16.149364827751114,0.14884858731209702,86.96470588235293,1518710.0,,920,275
260.7055609378889,1793.2437226686102,155305.16078431372,26.454212753698823,0.14050951555151808,56.25098039215686,1828741.0,,920,59
883.8301366913494,1589.9052614226262,102576.59607843136,15.9593374915966,0.06747505475820817,77.99215686274509,1597973.0,,920,200
1085.841298684772,284.29299942360524,184405.20784313724,24.560221797783196,0.19970933258083948,66.94901960784313,1766706.0,,920,583
311.3832701470161,263.14365664319746,131897.50588235294,19.62026287195089,0.24761097791423384,83.51372549019607,1571499.0,,920,490
1760.3875107700323,1110.748418725496,110381.7546710039,18.153377939369864,0.20691135155238027,72.98771523319633,1649053.0,,921,516
1461.8070697200153,1717.909302374984,104115.86990568132,18.590360684717762,0.06140568797867238,71.88184075996607,1649736.0,,921,162
1395.3590494745374,447.6252648644037,103685.31611077035,16.97936004391685,0.1549970192717062,89.94445715606011,1495258.0,,921,275
261.32176492165803,1793.1283173505215,175861.68810544006,27.611927610186047,0.12578729828807728,57.87409743238294,1825412.0,,921,59
882.5633300258886,1589.597602479614,114053.62654695273,17.148275830596237,0.0643346570042856,79.99158689698788,1591018.0,,921,200
1083.7174911778413,275.39698930374465,188236.79208571094,26.03339072394128,0.24638538131958396,68.93284216468541,1728832.0,,921,583
311.70384780069037,263.50997763951517,139467.72781625704,19.53112799211785,0.2610141345361398,86.99545856077945,1537299.0,,921,490
1760.8880571588568,1110.1812459308385,105787.3208583069,18.317353994189272,0.16088849909827163,68.87450934145613,1698693.0,,922,516
1459.9266250634273,1718.403795033361,94241.0268181887,18.314347946067702,0.06877989892685012,67.8039211133506,1696256.0,,922,162
1396.6287576329107,447.8320180762264,95551.78367213257,18.732716820163482,0.19360727463987804,80.65097985061703,1564623.0,,922,275
259.0861721397064,1792.638218935794,167464.97926769493,27.759606652506932,0.054361379934980164,57.09803883229524,1821536.0,,922,59
883.3350538717359,1589.1810516965838,102047.39931479156,16.804483230292647,0.04239487188651759,76.72548968089673,1609375.0,,922,200
1077.6245785679962,267.01809706871694,185657.841890635,24.866603376398164,0.20181501954755895,64.94901917173584,1774479.0,,922,583
312.568746827651,263.66918204693457,132177.67754385105,20.167688136802102,0.2890760699405999,85.64705824844286,1550711.0,,922,490
1760.1024261376638,1110.1544019248238,105196.49411764706,18.357244361532548,0.1990358163381375,70.7529411764706,1667381.0,,923,516
1459.7521592868425,1717.119272212822,90742.10588235295,17.266310368951967,0.09380352813110443,68.92941176470589,1679927.0,,923,162
1395.947956566814,448.84884960259,100259.4705882353,17.683758028542478,0.18194121994665663,85.70588235294119,1527810.0,,923,275
260.1774271828813,1793.4255658112663,167572.50588235294,27.54992314697195,0.126973779008058,57.98823529411765,1820839.0,,923,59
883.208998225408,1589.482730783952,104812.82352941178,15.898852360628162,0.0789526292169671,80.60000000000001,1577685.0,,923,200
1073.9895354331168,257.1709737569195,187570.78823529414,23.945913606326865,0.1874529882602556,68.92941176470589,1737536.0,,923,583
313.91569211786026,262.98024094261774,132415.22352941177,20.101719438043894,0.2880523950476595,84.24705882352941,1561530.0,,923,490
1761.9600988849147,1110.3515428851954,106243.52738175538,18.48528072490393,0.17573684415116186,71.90195941047334,1657340.0,,924,516
1459.1070452659721,1716.970380750438,101025.97846183994,18.132513670088425,0.0656806702358006,70.78431237300485,1673192.0,,924,162
1395.1558479017376,447.8599597691031,99455.31182518421,16.94758542862074,0.19873239364418055,86.80391991005331,1518582.0,,924,275
259.2887901943209,1794.3537994451624,174981.42802915542,27.94089682125964,0.11467135295132902,59.60784199831987,1814417.0,,924,59
882.1464070082384,1589.8410238686379,105637.01758942247,16.45208049975953,0.06606492718893324,79.72548867275283,1585654.0,,924,200
1069.26714766514,251.09655699699107,196369.83938519005,24.59418855536166,0.19053031027897782,70.78431237300485,1742223.0,,924,583
312.2811296099256,263.7835695154339,132000.44845824188,19.572649970075503,0.2686714724681404,88.29411596001131,1534669.0,,924,490
1761.2144934267656,1111.2022758941011,109454.67224488793,17.80708400296801,0.16001249507145973,73.67856933358101,1642474.0,,925,516
1459.4787685934853,1716.501852758426,97826.72043266217,17.151285816495037,0.08894088258169976,71.83660510024148,1655276.0,,925,162
1395.7611786396164,447.1264228353227,101106.15355369987,17.340169596731755,0.16410942842851445,88.78267604696511,1500781.0,,925,275
259.9956971367102,1792.4680349543357,171916.41618312456,27.957122440334416,0.10842107212554679,60.41642685353642,1812372.0,,925,59
883.1581232362701,1589.609565747718,106916.0771384994,16.169876028927206,0.06562162270720409,80.6780334202712,1578394.0,,925,200
1065.6266391983613,245.68512995893371,189371.23765109657,23.82660199426084,0.18404857812207293,69.25785517356614,1728970.0,,925,583
313.0267029600044,262.69467089784973,134662.321170986,19.98597630296361,0.272066901132862,87.6774975069614,1533087.0,,925,490
1762.234579513585,1111.6283106886094,99794.4156862745,18.223842970367418,0.14970773659899272,66.94901960784313,1705350.0,,926,516
1462.2915413998214,1716.1843750593869,90797.01960784313,19.137982504361368,0.1364322564731589,65.91372549019607,1700856.0,,926,162
1396.662743927009,447.4018103845268,95920.69019607843,16.945684548456445,0.1678429931835762,84.89411764705882,1526713.0,,926,275
261.0488353634661,1793.2616130295366,163046.74509803922,27.6139526715157,0.13982217007487202,55.560784313725485,1843426.0,,926,59
883.2866919261461,1589.084261571722,109023.71764705882,16.71208027757973,0.047595826966735595,77.6470588235294,1616409.0,,926,200
1062.1933211949759,241.131378639199,186882.32156862743,24.646474830989145,0.23747729826189679,66.94901960784313,1763760.0,,926,583
312.99314799020914,263.02144586648217,130695.8745098039,20.572479651826686,0.2788032590394271,82.47843137254901,1575367.0,,926,490
1761.7855847109022,1110.0337802447686,110504.34975171379,19.094692485104137,0.2105712717131098,70.9374738115897,1664649.0,,927,516
1459.7828110349665,1716.36755524725,92594.93161219673,16.845596709748953,0.06412452251475895,71.99624207743432,1664268.0,,927,162
1395.2467744266985,447.7086735582679,95217.50060669385,17.866373866275254,0.15296247806435928,86.81899779925902,1519208.0,,927,275
1057.0227845889947,233.7782646915067,189901.73493015728,24.354613456634503,0.1865074646002569,70.9374738115897,1717009.0,,927,583
260.6957419610645,1793.3603710579737,170898.25624926746,27.65879621360552,0.14825021940758654,57.173486355609604,1826192.0,,927,59
312.8167477154919,262.3069791054347,132084.87039166945,21.18743145459691,0.28910967057773324,83.64269300172516,1567200.0,,927,490
882.1929481136118,1589.129631978608,102945.80310184903,16.38371800718758,0.06635630255299262,76.93716065137589,1610392.0,,927,200
1762.400530927654,1111.1104438133511,112259.14610615316,17.78763734079204,0.14270459112390763,75.66734867890479,1627600.0,,928,516
1458.9478911963006,1716.236993714088,94304.10907461095,17.643818210400028,0.09149368864142385,70.64676630210542,1657149.0,,928,162
1395.9178999459302,447.24408366127284,100149.50141331309,17.837990632763308,0.1940967573657268,89.29464370164594,1496028.0,,928,275
261.09903811290974,1793.0418026318596,168142.88992928003,28.449887618940036,0.1287588688976064,57.37808430627851,1825524.0,,928,59
883.0121665827882,1589.7009247609462,114010.2535165754,16.759947357623084,0.04243004008382637,84.99128737867504,1543675.0,,928,200
1050.290707768944,227.4328517412217,198694.92675723878,24.922541098090115,0.2292889763090969,73.51567051741934,1706232.0,,928,583
311.2326156054812,262.91012608220774,138886.16335453553,20.630059037555366,0.24852444794062156,86.78435251324625,1549023.0,,928,490
1762.8980660119935,1110.8920079697486,109295.64705882352,18.433530683511563,0.1453516062639816,70.94117647058823,1670854.0,,929,516
1458.139685725104,1718.293983339644,93211.76470588235,17.750092980968237,0.08659079579390207,68.8235294117647,1673692.0,,929,162
1396.516156175135,448.4630138596981,96055.05882352941,16.224210972455428,0.1807371802086851,85.76470588235294,1519144.0,,929,275
260.3840894077387,1793.4372488926913,162954.70588235292,27.32601426773969,0.07659830751576392,55.764705882352935,1840373.0,,929,59
882.7503752595253,1588.6340062286067,100636.23529411764,16.59464646376973,0.07992792104946031,76.58823529411764,1618961.0,,929,200
1041.2023449695448,222.17111314315449,184495.0588235294,26.128494966450692,0.2793671154081893,67.76470588235294,1739712.0,,929,583
311.18191930029826,264.3377493172714,134538.0,20.429552084466874,0.30601141485659616,84.0,1555959.0,,929,490
1762.4826151880845,1110.6305244508183,100270.19215686274,18.402965720518164,0.1565541271417506,68.4078431372549,1692319.0,,930,516
1459.5155542085345,1718.0189424847877,89822.98823529412,17.052729869965052,0.10597981846765235,67.70980392156862,1687154.0,,930,162
1395.6892426343345,447.7668670356969,95397.18039215686,18.115561672303002,0.17354633944134448,83.76470588235294,1540476.0,,930,275
259.68988887532055,1792.8283652165858,165771.05098039214,27.001841371074647,0.07934724407615973,56.89019607843137,1844097.0,,930,59
883.4226285099501,1589.146818760194,101214.63921568627,16.159966118255156,0.030281881465349162,75.73725490196078,1623598.0,,930,200
1033.5631281178644,216.89798675043994,191980.3294117647,24.457758494290385,0.25294067026640144,68.75686274509803,1738683.0,,930,583
313.05895910900506,263.1352825191131,129925.34117647058,19.67382346722775,0.2633580981149201,81.67058823529412,1576045.0,,930,490
1762.4731676602034,1110.5964985524704,103823.68844499167,18.138169048188587,0.12680620078826788,69.99222037924372,1674457.0,,931,516
1458.0993756900532,1718.4596928635954,88493.97102010218,16.71001421086262,0.0509143697047055,68.92634900291006,1683716.0,,931,162
1395.5795334218847,448.6797822386021,94956.70446527195,17.726882479704503,0.1851335729227484,84.91441964791497,1528354.0,,931,275
1027.8295072277158,213.3106835410631,188737.0422215303,24.97150948307429,0.24842792370215483,68.92634900291006,1742189.0,,931,583
261.0021583889666,1793.13694248665,168065.88803937408,27.785155490177367,0.11648112654173473,55.78060202812824,1840711.0,,931,59
312.75246312318416,262.9802790072273,133173.16737325658,20.369127235754487,0.2694333347803656,82.78267689524765,1571956.0,,931,490
882.5405705633231,1589.12546905013,107465.7709379238,16.982800946767888,0.038644273284878974,77.80861047235723,1598347.0,,931,200
1762.4503670119375,1110.8983859936116,103268.91216521255,18.367112621239013,0.08993466615902247,69.9037206609769,1682388.0,,932,516
1458.6375273720794,1717.5823693673785,90614.51831618352,16.87744872034494,0.09294202305173871,70.99596629630466,1656568.0,,932,162
1396.4644740751746,447.1500705690091,98025.40495188239,18.077266113578624,0.18419159336805163,84.10291392023782,1544382.0,,932,275
260.2171182224893,1792.8246319110576,174479.68676979834,28.43493490121858,0.08459828526134112,58.617182429256665,1826439.0,,932,59
883.5494585728536,1588.8151160837626,106213.24231617776,17.324613156832818,0.03532585536118551,76.82127635138608,1614668.0,,932,200
1020.2470641807372,209.10240035993607,200685.2081344605,24.478467005830055,0.23884241438234763,71.72413005318984,1716965.0,,932,583
313.50836000844936,262.6710484268452,134440.14626995317,18.949999503747016,0.25439523809891074,88.83597833999147,1524733.0,,932,490
1762.4775853303286,1110.641251923711,105013.19480417554,18.2834154413847,0.17622098011617604,71.78749095179363,1656232.0,,933,516
1459.2896610804733,1717.840636688364,94325.87718137233,17.422995105827543,0.08569220360364435,69.98378514898475,1674096.0,,933,162
1397.3031043299534,448.548456953114,94951.76309494702,17.208584400003545,0.1697198067482477,84.41343157145583,1534707.0,,933,275
1012.6775010869128,207.3668559173727,197477.6475970491,25.395893825901428,0.23334584388165477,69.62304398842296,1731938.0,,933,583
260.0959455949172,1793.4358048979905,169426.41495176533,27.20390118523042,0.08647052025818823,55.55413872651366,1843082.0,,933,59
313.3655190650811,263.14659240850625,133690.31336303402,20.426921081126576,0.2931280416740903,84.7741727320176,1559579.0,,933,490
882.675520862036,1590.3688387215986,111281.07246893641,17.241927053232036,0.032036816966840714,79.72379648415273,1595971.0,,933,200
1763.295972125615,1109.948524486694,105941.62630592729,18.749780550192366,0.10925713872693385,67.8903046180782,1694560.0,,934,516
1460.90665433379,1717.5529886149723,94421.08511674195,18.644116920487175,0.06845317517094819,66.86683268916245,1693832.0,,934,162
1394.6390300997502,447.5172999318694,97644.3393782073,17.794132597601827,0.20277385162608022,83.92469817109163,1551054.0,,934,275
1000.6163559692657,206.11492307528204,191900.30435708418,24.65848805248984,0.21906169695625008,69.9372484759097,1730155.0,,934,633
261.60922839774855,1793.7307301143783,160678.61085088988,28.455584255822163,0.15127170213408872,53.56169761325767,1860830.0,,934,59
313.2740076254975,262.5131745254999,130369.51314797881,19.788441946343994,0.28529193061684605,81.53659700362155,1581969.0,,934,490
883.1444914939455,1589.8834174146186,101031.00799098951,16.85313418253773,0.06481555704873053,74.71345081084988,1628659.0,,934,200
1763.4168191165,1112.2354073601362,101762.82352941176,18.523496656517953,0.1560380374403595,67.82745098039216,1693213.0,,935,516
1459.4212864311576,1717.5623768990658,93968.8,16.962237142409105,0.06913546174676384,69.99215686274509,1673365.0,,935,162
1395.1794210592846,447.0837892988064,99895.76470588235,17.07506406460522,0.1272628512269764,87.67058823529412,1497699.0,,935,275
992.0842392994756,204.92911142743185,197190.99607843137,25.53841302236484,0.2562588684365967,67.82745098039216,1750720.0,,935,633
883.6397176435504,1590.2000759095592,106463.12156862745,16.58150079457686,0.028069797538357286,76.84705882352941,1608733.0,,935,200
311.8346992414497,264.2742453311449,130130.5725490196,19.98996075885311,0.2746052654674285,84.7843137254902,1549127.0,,935,490
262.5273941073023,1792.8742715800058,170072.6431372549,27.369732860396166,0.13652141301893828,58.44705882352941,1823014.0,,935,59
1397.0314492213802,448.69209417933325,102925.20784313725,18.04799051038576,0.20789328709229227,87.73333333333333,1504262.0,,936,275
1460.2080141739034,1717.8160200012899,97163.92941176471,17.317913470764168,0.1278172492205542,73.72549019607843,1633225.0,,936,162
1761.3158253018523,1110.9287234423705,102887.60784313726,18.13750598303765,0.1373383389477479,71.88235294117646,1658973.0,,936,516
262.1265188830677,1792.9914891724654,174073.99215686275,28.396664943952423,0.19447888013673642,58.61176470588235,1813111.0,,936,59
884.2071361723764,1589.9458670773674,100047.70196078431,15.902927547277555,0.03967309248710499,77.78039215686275,1601565.0,,936,200
985.3335799764834,204.28125194597783,201269.85098039216,25.681164619202807,0.27791695334678873,74.09411764705882,1695740.0,,936,633
314.9263914547173,261.96559492610413,137282.76078431372,20.0007257880853,0.24612720471173813,88.83921568627451,1523474.0,,936,490
1761.9847117898207,1110.505986991399,101263.17396229898,18.60528585933101,0.17512279580711482,68.79813655090287,1683315.0,,937,516
1458.4277655765818,1718.0017825446012,92864.21363717607,17.209632847319924,0.09637203617033248,67.40122007271195,1695809.0,,937,162
1395.3575658551094,448.36861166850514,92762.58796338768,17.420804972314578,0.20170660509727736,83.81498869145528,1532419.0,,937,275
263.30401743965086,1790.350174439211,163564.2519731359,30.831429512173738,0.3634422236404537,54.82897176899366,1834009.0,,937,59
883.8628475785391,1588.8734810578985,98691.4507259495,16.59947070721153,0.06789197056452154,73.6873442245711,1635300.0,,937,200
976.5955413657218,203.45071575555284,187701.5717997968,26.89659057121754,0.27901312108542714,70.54428214864153,1713069.0,,937,633
314.86220162867954,262.5680407686845,128354.62291121416,19.409287722991955,0.25684300945624333,83.81498869145528,1565576.0,,937,490
1762.1992437810945,1110.5059635157545,109929.67158844291,18.60741199346452,0.16886503428479846,71.82801095496933,1658641.0,,938,516
1460.6077902146014,1716.8501419461172,96452.6219999732,17.419349881331378,0.08962050483759629,70.73418337697487,1671955.0,,938,162
1397.4980989185044,449.25197405033487,93689.6135379592,16.172045576305827,0.1603551416489013,88.96464301021582,1492654.0,,938,275
260.98463294993235,1793.9390307848444,172445.56376275275,28.586407395014177,0.1763416646987284,56.879034055711756,1840443.0,,938,59
884.0302818479486,1589.9116093795465,109014.86712404688,17.02584744798861,0.08024903738134925,80.9432407715898,1578206.0,,938,200
968.0390569031965,203.46251462253457,201036.39360556455,24.05299352248866,0.19144749822953347,73.65105691829342,1697644.0,,938,633
314.27883550938225,262.6020179156629,132731.965888508,21.06389293722236,0.31604886641222785,82.76628673491389,1567389.0,,938,490
1762.3603005132495,1110.6521157434152,110637.20019558306,18.86899771291765,0.14953356276029334,69.78689200897949,1681857.0,,939,516
1459.6463977357412,1717.6371464918288,97589.25518649367,16.896243499797972,0.08151916862641458,73.82718575686778,1637456.0,,939,162
1395.2294565483016,448.0053386469162,97696.13932109688,16.556896430403537,0.19045805694784143,90.72295961167333,1488254.0,,939,275
260.0671694555739,1794.5071755705742,172988.11521129,27.732532174455734,0.1580119325378437,59.13520849181946,1811367.0,,939,59
883.9945059164369,1590.1402003560333,105227.61416659228,16.263197880233555,0.06085128307808704,79.7039766628871,1579256.0,,939,200
960.5370749246612,204.1991087878658,205737.63443337753,25.011755844625963,0.1956981427249875,71.62338916711053,1717921.0,,939,633
313.64462441607225,263.3718144270279,138461.96863842645,20.343004169090044,0.29658670421240335,86.68266586378505,1535881.0,,939,490
1761.3071847941656,1110.6685821544718,114452.66274509804,18.40518000132846,0.20439914534749914,74.94117647058825,1645791.0,,940,516
1460.7601091820818,1718.0687599306132,97924.56470588235,16.753625240187535,0.10871465333763898,72.80000000000001,1639267.0,,940,162
1395.8934673670228,448.87830178711584,94571.48235294118,15.978528103407573,0.1518299636301795,89.92941176470589,1492927.0,,940,275
261.46002151457634,1793.3018478445968,171841.54509803923,27.70686795888687,0.10062782848461735,58.52549019607844,1825656.0,,940,59
883.1635978914544,1590.0301972880486,105744.85490196079,15.999502110754392,0.051043596329147504,82.7921568627451,1558571.0,,940,200
951.6819622018628,204.89688486817053,201495.768627451,24.685093476458295,0.18587825766667887,70.65882352941176,1732349.0,,940,633
314.40764656755425,262.67849850751776,135454.03529411767,20.079540648420224,0.2719521905490311,85.64705882352942,1555550.0,,940,490
1760.8314642637183,1111.3573298817298,109489.13635485191,18.02562406073465,0.15788226423492163,73.92383731599838,1648803.0,,941,516
1459.2836254150193,1718.1383919421974,96772.07271199339,16.68773206279413,0.0902179132974961,73.92383731599838,1638453.0,,941,162
1395.48619430025,447.715748258574,97531.86551796805,17.447745545768964,0.12473735322054488,86.54498027238836,1514970.0,,941,275
259.66124066151997,1794.0324550453038,167829.82876463784,27.47222633900986,0.06804203511199663,58.41786168386214,1818760.0,,941,59
883.7572622703925,1589.5147053987755,109661.86571131222,16.561991327539918,0.05664830023239963,81.85712717430066,1568590.0,,941,200
944.0998329351883,207.8570598327964,207860.48818146213,25.146158093736588,0.2164574692263857,73.92383731599838,1710806.0,,941,633
312.69181396422874,263.78519397094635,137421.88934184972,20.244476786838113,0.2865465810726677,84.74195985004692,1555734.0,,941,490
1761.9508025157234,1110.7213685534591,114390.08398305724,18.29020711501848,0.15076548370520593,75.97228219252104,1630268.0,,942,516
1459.7815836528061,1718.2272573417415,104289.99113379598,17.94539945935961,0.11229211422713573,74.82118700778587,1645557.0,,942,162
1395.6540497216959,447.2662042423369,103885.1893271641,17.74170658521065,0.2017384633908499,92.85501156863683,1467879.0,,942,275
261.84217038007864,1793.4168597640892,182976.17207352762,28.441753332632963,0.15301863203968058,61.77544158078731,1798196.0,,942,59
884.3446887206609,1590.2116319264405,111000.10866401218,15.819225099460976,0.02903126432332385,84.79734527549066,1538599.0,,942,200
936.6409128842654,210.46208605817307,213334.77277733802,25.961958303341696,0.21748514187425813,74.05379021796243,1705997.0,,942,633
314.16736190549153,262.4583530369036,145240.20233074954,20.266446902883416,0.2775780876399371,90.55282119916649,1512467.0,,942,490
1761.2398084849258,1111.9502712893955,104015.88612726938,18.05643370236748,0.18105987941475776,70.77640911516676,1663452.0,,943,516
1460.8030486311018,1717.746137532921,96297.20263527731,17.06101792595655,0.08630412039475499,74.83130755405652,1624472.0,,943,162
1395.459084165244,447.292945597149,98887.17685633544,15.801725865568523,0.16582059522288067,92.89403696365638,1470210.0,,943,275
261.98984636549346,1794.8324006093012,177385.95573480235,28.547548465756016,0.12155677085504785,58.98034092930563,1807445.0,,943,59
884.6264616312575,1590.040815858228,112450.8121344217,16.8676979568213,0.05970704250764287,83.67835869345237,1563254.0,,943,200
932.55208918586,212.71048270606065,207984.95660892612,25.84547563355403,0.23298302927260997,74.09405329244021,1700262.0,,943,633
312.3303141790986,263.6695861730778,140573.37594377625,20.182169520131122,0.2843978233119385,86.99600287072582,1532045.0,,943,490
1761.018199535593,1112.462755070621,103925.08231416275,18.29809130900856,0.13069698576485897,72.65882350229998,1659793.0,,944,516
1459.7539318373435,1718.0737361372333,92876.79996534411,16.972760873835295,0.11932350258753495,74.91764703086889,1623792.0,,944,162
1395.0057964226119,448.98995506308734,102878.87054984726,15.570022295414097,0.1185263979952661,91.85882349513572,1475080.0,,944,275
263.29458769256115,1792.4989579042756,182799.0587553201,26.84743327334727,0.1331335550273948,59.858823507076146,1820496.0,,944,59
884.1928111141907,1590.6719546840354,108664.47054768843,16.171904701146712,0.08094155138256288,82.82352938086008,1557446.0,,944,200
925.5017902840799,216.79169623592324,210075.10580396588,26.346978601631115,0.21176752747987457,71.52941173801553,1731665.0,,944,633
312.37370942708685,264.6736244011067,139472.9411244279,20.425901198558268,0.31087470547911084,86.96470584990308,1528844.0,,944,490
1761.8974288840263,1110.4558670678337,110110.11764705883,18.403466762948963,0.15885790212271364,73.78823529411764,1649017.0,,945,516
1460.6868296002183,1718.0228996788437,100694.96470588235,18.05045335564702,0.10908158069275624,69.6470588235294,1679096.0,,945,162
1397.674621237259,449.26478453172393,96437.83529411764,16.657032410471803,0.17578791555064627,88.84705882352941,1498427.0,,945,275
259.96547863177756,1794.4359630054958,183582.11764705883,28.313442448700474,0.0988675615171684,58.72941176470588,1827384.0,,945,59
883.8396002273522,1589.5309484892025,106639.43529411765,16.5786079207765,0.05502992383437205,79.81176470588235,1586791.0,,945,200
918.7283945271909,222.2240346530926,199984.18823529413,25.46656093719728,0.0992440041662559,70.02352941176471,1723053.0,,945,633
314.0671856892402,263.5016329761226,139363.01176470588,20.386820072995622,0.28437199857244455,88.84705882352941,1520653.0,,945,490
1761.344565170739,1111.0248110694017,111653.2,18.55296882333666,0.19451233626625913,73.72549019607843,1642712.0,,946,516
1457.680777102081,1718.140852878287,88439.99215686275,16.504482349352664,0.0966434724587719,70.7764705882353,1658882.0,,946,162
1397.7728979534602,447.899495960674,94636.25098039216,18.260489023061307,0.17097383565574725,85.89019607843137,1529515.0,,946,275
262.04895866695426,1794.2225090908298,169192.2588235294,26.383788231781658,0.12917535348719883,57.13725490196078,1829558.0,,946,59
883.9183542840291,1591.2715927332197,109998.06274509804,16.668166693556877,0.06350399895586155,80.72941176470589,1575929.0,,946,200
912.553893480037,228.11513996905356,199879.7568627451,25.122741658792528,0.18895569340142923,70.7764705882353,1720402.0,,946,633
313.0823953917699,263.8313356396139,136180.56470588234,20.157637787073977,0.2835122189421513,87.73333333333333,1530129.0,,946,490
1764.0368677101685,1111.2523424631786,110156.49690107835,19.247446531608354,0.15942257472354568,68.78661328923361,1687000.0,,947,516
1459.9323517306184,1717.197586375603,90383.50414940125,17.117217589061802,0.10015245493554757,67.733756963378,1688416.0,,947,162
1394.3677315112968,448.2645407881349,92095.7994873511,16.6953922469244,0.21274841651711054,86.68517082877909,1513143.0,,947,275
261.5680454682241,1793.5976156073991,164437.55763689053,28.112821393331785,0.16593223776035523,56.50328948758475,1831348.0,,947,59
885.2465876863325,1591.4358925103732,100483.20393122557,17.035717194159083,0.06259438933831234,77.91136811331562,1598052.0,,947,200
907.6058745195078,232.46607228870147,185795.80106319755,24.681688595577338,0.07973991312560401,67.733756963378,1738103.0,,947,633
313.4196311372841,263.55173629022784,137426.52859706467,20.10395208099114,0.28782229275607574,83.87755395983078,1568035.0,,947,490
1762.1665527254513,1111.328935879299,103126.21960784313,18.92384460901127,0.1728012561821349,67.70980392156862,1694102.0,,948,516
1459.8753704812375,1718.1331699889872,94442.61176470589,17.229642825173205,0.08441961704889941,69.80392156862744,1669622.0,,948,162
1396.9569842855844,448.80549732037423,96058.92156862744,17.86950598798693,0.18433586722854514,84.81176470588235,1533523.0,,948,275
260.18079424434416,1793.805798280795,162125.54117647058,28.157957544713675,0.07045817746928312,54.44705882352941,1854631.0,,948,59
883.7572296701767,1590.7373042012648,112857.23529411764,17.362382330928757,0.04604474839361878,76.7843137254902,1614086.0,,948,200
902.0966493696393,237.25469427058258,195726.70588235292,26.25803874078969,0.06487223250273091,68.75686274509803,1730671.0,,948,633
313.80068667303675,263.68344480973434,129305.48235294117,20.70126374269426,0.3038160314817075,82.71764705882353,1576963.0,,948,490
1763.6921241126881,1111.195869557526,115319.59504687888,19.44280804450365,0.14770883942802385,73.81083144156655,1648379.0,,949,516
1459.6569200779727,1717.2106771334095,98372.77651137549,16.938745853026035,0.10932836933604448,74.92355754370071,1623651.0,,949,162
1396.9255807294726,448.70191178198047,101041.46461299394,17.691143799200734,0.15314053546676795,87.90536206859936,1507949.0,,949,275
261.00502033474436,1792.8956779840562,178571.02668789285,28.07707877313627,0.09805153182990235,58.97448341311096,1818980.0,,949,59
883.8683570060645,1589.5284770986275,111557.46809556325,16.766940580830802,0.07963691547461486,82.7126402586399,1568446.0,,949,200
898.7419255440822,241.21640937523222,204633.66836078008,24.157431051680987,0.115200332702949,72.69810533943237,1722313.0,,949,633
314.59270679097716,262.6078198473779,136774.0670221278,20.18446493411737,0.27915667817231876,87.90536206859936,1522652.0,,949,490
1762.957404537966,1112.1948065575605,103147.11739144991,17.895389661199527,0.1543479180043228,70.71320644256951,1670648.0,,950,516
1459.69136237518,1718.5891619805036,97262.40764509914,17.235640908779366,0.08717064271498269,72.8778964357094,1640190.0,,950,162
1394.7489584116718,448.7139354741671,95946.27612927009,17.324404545482402,0.18601959781699132,86.94838139111864,1517427.0,,950,275
262.25533275174735,1792.199096273106,174936.17476060995,26.839396417645474,0.14574036962386702,55.92115815611365,1846461.0,,950,59
883.7375237057793,1590.5567429407633,109958.31445486455,17.078182177234616,0.03085933404669866,79.73274808065237,1590979.0,,950,200
892.7408053038114,249.33594036940985,193512.10115507434,25.229519584055286,0.041638213641329545,70.35242477704621,1718570.0,,950,633
312.522822450081,264.4933971937399,133705.68524294012,20.708475899883613,0.2913450184427625,83.70134640140881,1567374.0,,950,490
1762.8726290955008,1111.780182096099,107394.27450980393,18.543062363759596,0.1625226808137047,73.87058823529412,1648989.0,,951,516
1459.6277746200512,1717.732139341187,96060.6705882353,17.453877143360163,0.07643101165692547,70.65882352941176,1670169.0,,951,162
1396.1627223891264,448.8398090962225,95859.40000000001,18.190222530623412,0.24896717455042106,88.85882352941177,1483470.0,,951,275
261.64884157310024,1792.5499214919992,174776.7411764706,28.374525021449976,0.10928566272789682,58.52549019607844,1829792.0,,951,59
883.5007455959574,1590.0792241780853,106494.62352941177,16.38486673318639,0.07429187739755826,81.72156862745099,1568114.0,,951,200
887.7155518764961,256.1176777636005,203049.90588235296,25.304254741825805,0.08141125617919094,72.44313725490197,1703563.0,,951,633
313.781383719475,263.80575577881154,134020.87450980392,19.85884610987221,0.2838696044139545,84.93333333333334,1553794.0,,951,490
1762.3292063154022,1110.8573000461427,105733.65882352942,18.477734712078803,0.17353991966764293,70.62352941176471,1683412.0,,952,516
1460.2228135924165,1717.196528674456,86667.01176470588,16.60644173776766,0.10606035892907628,68.91764705882353,1673571.0,,952,162
1396.9352654155296,448.604988370921,91388.55294117647,16.18253709231402,0.12692913124373298,86.65882352941176,1518841.0,,952,275
883.9535644342601,1589.8892034478624,102436.18823529412,16.214241477077163,0.06491644537091261,77.78823529411765,1604003.0,,952,200
884.8440634972155,265.06857755723763,193409.8705882353,24.35386863038976,0.11201003599669605,69.94117647058823,1730834.0,,952,633
313.30959904689934,264.44365168796173,126862.71764705883,19.809837228126597,0.3050976391969949,81.88235294117648,1578756.0,,952,490
262.2789507515315,1793.817001718901,166132.1294117647,28.099924402729126,0.1196618282343178,54.247058823529414,1860965.0,,952,59
1394.9985382985026,449.491389424205,90734.97647058823,17.7127602325356,0.18705366637180532,82.71764705882353,1542623.0,,953,275
1458.661944653445,1718.249120697538,96949.61960784314,18.099967682422097,0.06784054681811004,68.4078431372549,1687158.0,,953,162
1762.3532642722014,1110.3906297062138,103130.7568627451,18.371209407225084,0.16672687159150074,68.75686274509803,1687921.0,,953,516
262.30537479838625,1793.416714797274,163158.98823529412,28.51733073735411,0.1553895427918699,55.14509803921568,1841716.0,,953,59
882.0266287364041,271.936745294409,198018.7176470588,25.12915051956844,0.07457871938220087,68.05882352941177,1748835.0,,953,633
883.8639854144216,1589.7116094968924,102990.8,16.721075799028693,0.0662795609701952,75.73725490196078,1621022.0,,953,200
312.08584295856735,264.32442248595953,131747.92156862744,19.679362138069415,0.2715591612061162,84.81176470588235,1549253.0,,953,490
1762.120179894477,1111.5204907105972,100607.84904912858,18.742402011663724,0.1931353694636918,68.82342614987958,1689280.0,,954,516
1461.2760734881128,1717.7412266598067,98781.73414195178,17.69968309807603,0.05410572794809653,69.88224809064695,1667207.0,,954,162
1395.2282221052121,448.7718488477611,94511.50525483694,16.20538218213782,0.1476312382677102,86.11751784908009,1517092.0,,954,275
260.3979799355395,1795.469621862091,155498.59022109717,29.446000776544548,0.18755725034677784,56.11756286067104,1818652.0,,954,59
879.0856096429875,278.3865367656003,185697.60373437047,24.087127641625578,0.10058313140730202,66.35284162142237,1761693.0,,954,633
884.677559376407,1589.790480076542,100336.79063229213,16.043350816279865,0.06935522290211814,76.23517973525122,1617264.0,,954,200
314.395126146789,262.9347711634696,135416.2674112092,20.39850118525061,0.2834176599324604,83.99987396754534,1564884.0,,954,490
1761.4545695508268,1111.716121709699,108308.39392606371,18.374706756098316,0.14672408294025852,73.24252360482637,1660276.0,,955,516
1460.7138328405113,1718.0412430962128,93228.89927976551,16.752960626556654,0.07025085962047188,71.77031207508112,1652183.0,,955,162
1396.2208407232013,448.8529234255416,99402.61832975224,18.43794268819417,0.1593325535504402,88.70074466715154,1496752.0,,955,275
264.04345691696165,1791.677285786191,177687.4664239561,26.30287881652563,0.19415240148055388,58.88846118981016,1831836.0,,955,59
877.3191288686066,286.07695586482845,202918.22762073026,24.020141872659917,0.10480426136031602,71.77031207508112,1732526.0,,955,633
884.476337048707,1589.3986959177157,106062.53523743732,16.64753462828839,0.06539027561112368,80.60358125355265,1581852.0,,955,200
313.3109311719043,263.9818816628397,136407.39123566405,20.064096643481708,0.2866808911817974,85.75632160766104,1552572.0,,955,490
1763.537754719537,1111.6857338159184,114532.5555427572,19.28467562189107,0.15108279603591776,72.87782666514505,1651800.0,,956,516
1460.217122564114,1717.9867576213917,96309.13028194956,17.74611535578403,0.11265900466737573,69.9915761041492,1666380.0,,956,162
1396.431213216206,447.96907460772667,103537.38403064353,18.301695537408865,0.19471353325474283,87.66986079024875,1516011.0,,956,275
262.3963346502904,1792.799499252567,166288.07903989442,28.193721160900093,0.12107996711589725,56.64266725954343,1837147.0,,956,59
873.6536217474684,292.4250139760673,203932.36276300283,25.029970041282336,0.09569744032457456,70.71313874439817,1737862.0,,956,633
881.8739938831982,1590.0622489764876,111476.01619866259,17.56233489335869,0.06747486929473212,79.73267174751018,1584531.0,,956,200
312.8788406123483,263.0534013379125,140978.18708920173,20.736333429127722,0.26670240320106725,85.86595418962635,1557493.0,,956,490
1762.6796875,1111.736195877476,102437.14509803921,17.559337018532357,0.14796926262215546,71.88235294117646,1662102.0,,957,516
1458.8489335860074,1717.668147632367,93175.38039215686,17.1009116738781,0.11383072242113422,70.7764705882353,1671152.0,,957,162
1399.1297440754036,448.60775821732443,98478.45490196078,17.646501552091017,0.1719514252823741,86.99607843137255,1508619.0,,957,275
259.9839538641762,1796.6579888040524,159225.67843137254,28.23985225708336,0.20139862027685848,58.61176470588235,1800230.0,,957,59
873.3161126656287,298.499800392682,203143.95294117645,25.378624373842737,0.15957790101825622,69.67058823529412,1742328.0,,957,633
884.2404673124536,1590.002422533897,110624.7294117647,17.523681133383857,0.07135794652968473,77.78039215686275,1600906.0,,957,200
313.9745441567888,265.062536267221,135310.9725490196,19.987312391964117,0.31714866335805164,86.62745098039215,1540333.0,,957,490
1761.4713986931588,1111.180246847795,112664.93569376324,18.88129578128567,0.22159457516949038,74.66820153816577,1639076.0,,958,516
1459.8813991111442,1717.8711196236309,100890.24809341559,17.76359793530558,0.10821659977812177,73.91776735185255,1645754.0,,958,162
1397.5132603305212,447.90504786047734,108346.18695153063,19.124046070218295,0.16281104776648467,88.1760168918038,1508052.0,,958,275
260.8453360703788,1795.1621553398463,179859.93838752876,27.80062519791852,0.14098772178771213,61.160386184527745,1800612.0,,958,59
884.0460404264156,1590.4722552955836,108407.72255480832,16.286267741864986,0.05500495266060639,80.67167502867156,1583558.0,,958,200
871.4903706325026,303.75157171846746,203577.41084595822,24.09825796957755,0.11526770661007413,69.79037932712981,1736938.0,,958,633
315.0202940854721,263.096483621451,140627.23912707344,20.64893029196975,0.30273978469612234,89.67688526443025,1508779.0,,958,490
1762.7927311970554,1111.418861132913,110851.21736192374,18.363650406602723,0.1057791681919317,73.87781069954185,1641932.0,,959,516
1462.062055917279,1718.7145871652806,99700.16811750304,17.832487107866587,0.039480379316476764,71.62772509447967,1650335.0,,959,162
1396.3079003558719,448.6405182954649,102744.53394115219,17.800448755865983,0.13805868303178725,88.50336713244609,1506599.0,,959,275
262.3617656799962,1793.3816026314869,182299.31062226594,27.997075703554817,0.12772179081427526,58.87723999912727,1826181.0,,959,59
870.4374621085582,312.0241320981828,212168.44700093148,25.735995011455053,0.15816694112823257,72.00273936199004,1717377.0,,959,633
884.6043169728239,1590.1829278913651,107648.97053165274,16.226314655594006,0.04862794042582996,81.75311031725951,1566509.0,,959,200
312.129471646713,264.92643040918904,141238.99847255612,21.92935765054901,0.3261627302885615,86.62829579489426,1542676.0,,959,490
1762.7742304425653,1111.3252088641648,105462.55759809384,17.8792367443018,0.12140019602174625,73.87057501617593,1646585.0,,960,516
1460.6740357174156,1718.74351969335,93658.25382811767,16.17193454927339,0.06853252385507702,72.79998697246324,1643065.0,,960,162
1396.3718486761802,449.23063998432815,94727.05755842417,17.67946498954142,0.19129374881188857,87.78821958444097,1508970.0,,960,275
261.94015013825214,1795.1029878811892,170233.13424271188,26.880904792608717,0.10947707565709247,56.74116631677282,1840237.0,,960,59
870.9677966221169,320.3577616590537,202503.86964434365,25.32032239893154,0.1729952392477695,69.23136016008759,1744527.0,,960,633
884.4638942474071,1590.3325840925677,104150.73038186456,17.185750025540546,0.06752613527522042,78.86665255350185,1597709.0,,960,200
311.9036686917143,265.3186858806515,131522.09803278578,19.819324335936447,0.27040090070865763,84.93331813454044,1551847.0,,960,490
1762.7109540931808,1111.315066629931,107946.5411764706,18.287079978437013,0.18319452525278718,75.67058823529412,1619639.0,,961,516
1459.0587722608936,1718.5165500040855,96756.3294117647,16.273074091973687,0.08378906703802619,75.67058823529412,1618848.0,,961,162
1396.2619791390903,448.51404972430015,99545.6,18.05284536622134,0.19762558620043177,90.72941176470589,1479808.0,,961,275
260.92469046468796,1794.256465485415,178453.45882352942,26.427422827924758,0.12045810110779018,62.49411764705882,1796388.0,,961,59
870.8710696725897,329.228312478566,205281.50588235294,25.032120123254035,0.13007602710582566,74.16470588235295,1698420.0,,961,633
885.0271824486789,1589.5427733533475,108346.72941176471,15.979751825830318,0.037361996444975266,84.70588235294117,1535570.0,,961,200
314.1194926330961,263.82023494079897,137390.30588235293,19.375808320817054,0.2754496162601075,89.6,1507199.0,,961,490
1764.123469161756,1112.3388812036847,100447.27609794647,18.441610051469496,0.1303060790287365,68.92914912992067,1680446.0,,962,516
1461.4848069311558,1718.4706462118615,93618.1844711858,17.832175581236466,0.10502041055631436,68.92914912992067,1676068.0,,962,162
1397.1655668440815,447.7375094243847,97712.35710680744,18.16625161461377,0.16792650599848305,83.88203333270769,1541451.0,,962,275
261.45045311123255,1794.7187289257745,148180.1648136774,28.044714305243154,0.12340215928017359,54.705673912635454,1838765.0,,962,59
873.0970828450211,337.8419666948298,200720.58815285075,25.310523781292655,0.12427667392491534,68.92914912992067,1758249.0,,962,633
884.7630441732327,1591.0778569682382,96969.45405507386,15.790516706232962,0.060470540611709984,77.68205695594234,1595182.0,,962,200
313.2959828762009,264.3267224011046,139204.42254258494,20.467024034045718,0.284766180900922,83.88203333270769,1563955.0,,962,490
1762.5818977267875,1111.1175363513642,106262.15932522812,18.436538482367606,0.15192482905649313,69.80392061014989,1683397.0,,963,516
1460.6211189346755,1717.982162533897,89321.79485195389,16.652798613419286,0.05550813206179864,66.66274418269313,1697902.0,,963,162
1395.8552221443379,449.05019686507285,93608.4536166232,17.52012618969632,0.2239659955388076,82.71764592302762,1545762.0,,963,275
263.1298957826619,1793.3868381651516,165739.98595951853,27.066861389535514,0.17408796410922117,53.74901886981541,1864042.0,,963,59
876.8623155780286,348.2289274087414,201551.84036974676,25.261591260332093,0.15385348438607718,70.15294021320064,1729915.0,,963,633
884.683453431571,1591.2585823010284,103457.78681471535,16.010002599969145,0.04505950086886283,78.87843028946936,1597288.0,,963,200
313.1759668952218,264.3387802656953,130309.9589950278,20.001450959795577,0.2813345275913751,83.76470473217987,1557105.0,,963,490
1762.9974804331512,1111.6295935188164,113533.36470588236,18.679378725857116,0.20783717248329217,75.69803921568628,1629906.0,,964,516
1459.5476881013883,1718.4555482545582,100729.36470588236,16.553903172547216,0.09658759871721366,78.36078431372549,1603929.0,,964,162
1396.074233397847,448.95012927906134,100630.46274509803,16.97024500131394,0.16129393552689553,92.8156862745098,1461819.0,,964,275
260.99732721067,1794.202567904934,172634.5137254902,28.195566024418515,0.12558683725975292,60.48235294117647,1801665.0,,964,59
879.1856743414404,354.11945722987593,216445.8,25.222729333668443,0.14300455687157193,74.93725490196078,1708935.0,,964,633
884.1649084391728,1590.5101870796614,119172.67843137255,17.09317371792745,0.0697038696030312,84.82745098039216,1550728.0,,964,200
314.14715980235076,263.5060223769068,141264.33333333334,20.572851133515687,0.2894388812597957,88.6313725490196,1519293.0,,964,490
1762.4300282568984,1111.066680806519,110049.12939123291,18.413437768104668,0.15519078183918347,71.90588233952575,1670249.0,,965,516
1459.9716570591036,1719.0362909013984,99660.04704023003,17.918548698782207,0.08791394061554735,71.90588233952575,1652014.0,,965,162
1396.6821288920014,448.2828467419534,103210.16468662651,18.044821166311372,0.22878149037305096,88.84705880695329,1501047.0,,965,275
261.05924604664744,1792.99724204114,180457.41173103807,28.948510602722024,0.15137155303438243,59.858823518243945,1809546.0,,965,59
881.8341286725599,361.0003209478047,205274.35290287857,25.208702063413885,0.1889924810346424,70.02352939870046,1723716.0,,965,633
884.2283242230632,1589.2486437149391,110127.81174415941,16.44256476923553,0.07628525120734264,80.9411764554871,1578162.0,,965,200
315.610597029207,263.46470565058564,133769.7882103368,19.484841500781204,0.27300849080792916,89.97647057144844,1514737.0,,965,490
1761.6358951386028,1112.9291379217661,100665.86944989431,17.42860341398673,0.18677789877655504,71.79209783908459,1653502.0,,966,516
1461.0263323054037,1718.6177806015714,93121.92694781844,17.16271329330799,0.07995591930105742,69.98827628533874,1670174.0,,966,162
1396.5676914086996,447.3821831708568,101250.66839761872,17.912426363923274,0.14974808633091913,85.86190595830217,1521894.0,,966,275
261.93332736691593,1794.7209340079548,173335.3460927209,28.594563326967613,0.12890202770695114,57.00076109836867,1829613.0,,966,59
883.8835555867714,1591.0026593791802,113002.5658202729,17.020653277392604,0.046865361076791665,80.8112056078138,1584251.0,,966,200
888.8110723950624,368.79299806143354,203033.46415359245,24.800180320243943,0.19794371937383065,71.79209783908459,1719950.0,,966,633
314.19684739294087,264.51374847078125,130637.44685831376,19.6238177215695,0.27995598757051765,85.501141647553,1546046.0,,966,490
1761.6785380534866,1110.8877875656212,102728.47058823529,17.821219143802473,0.19747733636419515,71.29411764705883,1667890.0,,967,516
1459.3868185291774,1718.7653366502448,86827.76470588235,16.424152966786135,0.09950482756820078,69.88235294117646,1672830.0,,967,162
1397.7220964028938,448.90816391252923,94595.64705882352,16.895917669892654,0.16778893448044835,84.70588235294117,1533027.0,,967,275
262.3661340531598,1794.2642118553672,162130.5882352941,27.698254841918303,0.13283532873950676,56.470588235294116,1825871.0,,967,59
883.541690530652,1589.6891361652324,99214.23529411764,16.635328509234984,0.06578580595690542,74.8235294117647,1631562.0,,967,200
894.9044516552892,374.3377732806048,193934.47058823527,25.13260910859813,0.20425749647753888,67.05882352941177,1755438.0,,967,633
313.7608211392993,263.7861852548612,134516.11764705883,20.442923244585465,0.28596019206835616,81.88235294117646,1580519.0,,967,490
1762.5731335453622,1111.3862585658546,108396.72552630003,18.684438171323897,0.1643780351559202,70.72673982666221,1670037.0,,968,516
1397.125128623294,449.09271749470946,91530.70824753493,17.01565576779194,0.18413483659062796,85.29858069547201,1526484.0,,968,275
1460.0590693286974,1718.5095499442596,91179.20701291901,16.788072948530264,0.09313165694722701,69.6605075679688,1669669.0,,968,162
262.4481640196218,1794.6397662414445,171928.88548205208,28.558477791495854,0.12715327260809825,56.51030971075021,1836389.0,,968,59
311.99624492845584,265.1694204773638,129384.08589566802,20.90013536143773,0.2883825155163145,82.0998839193918,1577481.0,,968,490
883.5000992511671,1590.278358454146,103846.75706770239,16.871921798590765,0.05871678817693821,75.7024903672314,1621334.0,,968,200
901.3874988837638,380.4782338501127,195020.63291932794,24.863653055399972,0.22460364409516442,67.88345380347981,1747915.0,,968,633
1762.3798738759217,1111.3730131669129,105891.98823529412,18.248810102401333,0.17510251414455702,69.65882352941178,1675992.0,,969,516
1460.4526213714205,1718.5774476471652,92895.69411764707,17.503844169867573,0.05159991644661741,68.92941176470589,1679669.0,,969,162
1396.3328149600222,447.9283988824746,94511.3411764706,17.06863086128761,0.18979972817145607,85.70588235294119,1516985.0,,969,275
265.0309908237018,1790.6298046497684,175193.03529411767,30.60122944256863,0.3535840797789507,56.529411764705884,1836267.0,,969,59
907.576238691725,384.2370379262832,203545.63529411767,25.798090215116808,0.23058675932793643,67.47058823529412,1748549.0,,969,633
883.8875655123883,1590.8018541274994,104172.03529411765,16.43192377081276,0.07052950165754424,77.68235294117648,1595789.0,,969,200
315.8405999078054,263.1388064021612,136080.51764705885,20.078631567714346,0.2971266108113681,86.43529411764706,1552843.0,,969,490
1763.6153314647947,1111.6481572690518,98499.26666666666,18.177998021552373,0.14761849550501,68.75686274509803,1687935.0,,970,516
1460.1590302769869,1718.9559542353763,97465.47058823529,16.922369082143213,0.1039514351309856,71.89803921568627,1652863.0,,970,162
1395.5415290990486,448.77000559597093,99791.6862745098,16.788825284956562,0.1599929925499095,85.50980392156862,1535003.0,,970,275
259.86173381762,1795.5284655397688,169890.18039215685,27.6441338267367,0.10587568955514536,55.84313725490196,1844867.0,,970,59
883.7554731171867,1589.3985296608735,103020.11764705883,16.67606520922172,0.04324417217086044,76.7843137254902,1615162.0,,970,200
917.0728969705334,390.7204316472293,202305.72549019608,26.16409465692928,0.1976175603645829,68.75686274509803,1749830.0,,970,633
315.44947472546073,262.8633016652208,131960.12549019608,20.4599043636651,0.2776608037924096,83.76470588235294,1568984.0,,970,490
1762.0917030419694,1111.9101880219066,106457.34899888262,18.504658835034476,0.17804876840518702,70.71372547642946,1679252.0,,971,516
1460.286449655194,1718.5643840342493,92025.61566835888,17.150101360891238,0.05513820027877019,68.9098039081532,1682731.0,,971,162
1396.475633557307,448.2920471983433,96864.81566741677,17.453965656824963,0.21971878908017448,85.86666664995006,1524430.0,,971,275
263.0418520076303,1792.4866618233727,169840.65879046466,26.042085112431103,0.15157735239523196,56.64313724387462,1847044.0,,971,59
882.3136980837364,1591.750074579089,107636.75292022164,18.500174364318426,0.06543979107318483,76.4862744949135,1626691.0,,971,200
925.1385527356223,398.0513160245604,203951.7332936278,25.006800195258123,0.18303355044640568,68.9098039081532,1750729.0,,971,633
314.71931245036257,263.2398739595474,139916.48624727072,21.091372952385445,0.3048881127660794,84.7843137089843,1555971.0,,971,490
1762.0110544850993,1111.0966354218756,102835.02283395942,17.748606421169217,0.1926005961162119,75.49411713650746,1629080.0,,972,516
1460.8524361931495,1718.5838848899207,96925.32875627841,17.558663937194655,0.09506545642154797,71.84705833764237,1646350.0,,972,162
1398.45753605029,448.11435923574095,103037.43459729642,18.890259744009356,0.14537728899416943,89.35294057219483,1500639.0,,972,275
262.1197112336825,1794.4920951514341,169138.18709144695,29.186230243826685,0.1648251926705661,59.811764301387555,1802790.0,,972,59
883.6263629058011,1590.3151132962055,103926.95223833963,16.025254251718085,0.03117159704883122,79.87058769514557,1585206.0,,972,200
933.6097323063782,405.2256900458221,201526.2574606483,24.209553389799062,0.16341016140537867,70.75294069798284,1736972.0,,972,633
313.4463536295222,264.3364136705707,142866.96373970213,21.185107384120133,0.2865521854615362,85.70588177332972,1547439.0,,972,490
1763.0203498185501,1111.418607758742,103711.92056434265,18.522073976177484,0.2074506878003456,70.75179547318507,1666786.0,,973,516
1460.665202108963,1718.5252799287803,95041.54331908749,17.189770002039086,0.05590652354026242,70.75179547318507,1668202.0,,973,162
1398.5120941966768,449.0042362784294,96420.47393086128,17.58396114607565,0.14449425917658965,85.70449451648706,1528732.0,,973,275
264.0739134529852,1790.6945926429805,174244.53135155153,31.378844383381644,0.3591457515597209,57.622596313212576,1806317.0,,973,59
885.0071165557287,1590.878706982014,103005.86140951747,16.765398281022563,0.052108124216276246,76.9516950765054,1610705.0,,973,200
940.565436356003,410.24603043601513,203271.36719436734,26.032239507642426,0.20930008152070728,71.48119542651686,1726477.0,,973,633
314.2275682252738,263.9806147962936,136377.73277433086,20.375530564498387,0.2925453930980521,85.70449451648706,1549906.0,,973,490
1762.3697582601196,1110.9274241362582,103605.7725490196,18.257942284826118,0.19593444476478253,67.70980392156862,1693308.0,,974,516
1462.2253208073926,1718.8560221806058,90761.50196078431,17.837253272790658,0.09279765211054085,65.96470588235294,1702783.0,,974,162
1396.389962444769,448.8470471243475,95816.00392156863,18.19759632810772,0.17873905786374572,83.76470588235294,1543771.0,,974,275
885.2679538968716,1590.751415274608,97718.8588235294,15.782773025241676,0.07629693004111987,76.43529411764706,1608248.0,,974,200
949.9049706159825,414.91800690675876,201626.88235294117,25.406968017378762,0.1613473715607623,67.70980392156862,1758775.0,,974,633
314.9044377343259,264.3688331379809,134889.4470588235,20.98006514538557,0.30597847560466473,81.67058823529412,1580651.0,,974,490
262.30215603015023,1793.5277802438607,161184.58431372547,28.577185195822793,0.16179937422285312,52.35294117647059,1877479.0,,974,59
1395.5773290301643,450.61594215963794,97873.96573228746,17.376043721392662,0.10388530113102921,84.70422362926271,1538037.0,,975,275
1460.0956592516434,1717.8891134685484,90625.04886094818,16.215354933331565,0.07235682050227929,70.93978728950752,1668402.0,,975,162
1762.5648972649155,1111.1361341519612,104160.78379690436,18.348007316209344,0.165266226589297,69.88098449414174,1676411.0,,975,516
955.8863467478727,419.16363358200255,193780.6758707853,24.15207186712968,0.16721147005583217,66.70457610804439,1763650.0,,975,633
884.5073531817735,1590.2249619161537,97074.92255605142,16.313386866882226,0.06230480446820049,74.82206420584873,1620509.0,,975,200
313.6896657781423,264.79492458934226,123930.74959197428,18.79044730245047,0.26025093024131607,84.70422362926271,1560376.0,,975,490
263.01513327745533,1793.5413633814178,168009.76876584723,28.431952195626533,0.14520143886993614,55.763613889264626,1839618.0,,975,59
1460.9290383745745,1718.413468785453,93125.63547328091,17.210087528646074,0.10781755769827654,70.92640844633326,1659004.0,,976,162
1396.5326646478547,448.3911368511684,100396.70056416205,18.73549401400876,0.21947472321725126,86.81096867129331,1519305.0,,976,275
1763.8176513086482,1112.4955273160058,105841.78004592743,18.749683291277524,0.1391559593301609,70.92640844633326,1667753.0,,976,516
260.84488237594417,1793.375806285632,179484.44829072885,27.82132806139046,0.08377739922953109,61.691199013216945,1805282.0,,976,59
884.9487039676432,1590.4795992670024,107043.0960889872,16.233157325272987,0.035345175630013125,80.90043463409887,1581757.0,,976,200
964.4855644251412,422.89395166567044,208892.31039278978,25.799221202781816,0.21114266395881082,73.51226708760582,1713235.0,,976,633
314.85108248198503,263.4433542022587,139899.75480175109,20.572540735509065,0.28358040640645377,88.65801055791657,1524369.0,,976,490
1761.8924704546628,1111.1497342209836,103723.9411764706,18.269825587075562,0.14826335677008712,68.87450980392157,1686921.0,,977,516
1459.2976847449252,1717.9215943211855,95317.32549019609,18.64290230886783,0.0991323084629787,69.9450980392157,1667353.0,,977,162
1398.7637494394223,449.09917312489114,96285.49411764706,17.201796249779157,0.15180935224592298,84.93333333333334,1531479.0,,977,275
262.27380064493263,1794.0038726399403,164118.67843137257,26.859468904574594,0.10911120498097607,56.741176470588236,1835504.0,,977,59
885.1317138193301,1590.8278624838727,100127.83529411766,16.112729396782306,0.08346177360262766,77.79607843137255,1601873.0,,977,200
970.6481305674298,426.86149676990726,204113.0,25.702098970305396,0.2087630098196974,69.23137254901961,1744587.0,,977,633
314.19512645977863,264.2449764043233,131276.9568627451,20.07752613915552,0.30584791557470203,85.64705882352942,1553773.0,,977,490
1762.8175854782226,1111.8581124974799,95423.32553550143,16.956585474073773,0.1384327715768443,66.97723766893763,1696020.0,,978,516
1461.0787245512138,1717.8835972616841,87897.2928453083,17.302042615290308,0.10567385608186912,64.83966625397153,1720815.0,,978,162
1396.2385290531986,449.1176671200818,90882.76758821095,17.55138370523434,0.1509273584129969,81.94023757370029,1558964.0,,978,275
262.92731856787026,1794.7063035164792,164054.68721772032,27.43942249628029,0.13415462975466663,54.86433298412976,1850492.0,,978,59
884.2754097364316,1589.9636318821201,105512.6626141414,17.061203415354548,0.06119994315951094,78.73388045125115,1600497.0,,978,200
975.624962567071,429.04181037975485,202243.4693317971,25.256928876439652,0.15333900512735826,70.53985669388112,1727080.0,,978,633
313.19323434912457,264.42884035611667,125851.2983656413,20.190368149591794,0.28227513451167985,82.652761378689,1576278.0,,978,490
1763.2450382545435,1111.7357210219175,99549.8816770755,18.10544314826908,0.1799807541095505,70.58823481487886,1666281.0,,979,516
1460.00681709806,1719.3588799664294,92518.23466599135,18.012821521910258,0.11486451306776406,67.7647054222837,1687708.0,,979,162
1395.2128098148269,449.43935779151127,92460.35231344315,17.982515867617796,0.19119534333062055,82.94117590748264,1559102.0,,979,275
262.3054536566659,1794.7645001359042,167505.52827453346,27.664533132505856,0.10922557473741802,54.705881981531114,1850612.0,,979,59
883.529443670143,1591.137469018407,102812.4698902192,16.538094876941596,0.09293581008984088,76.94117594821795,1607839.0,,979,200
984.3312426580201,431.73396442875105,205506.3515459494,26.201984402289956,0.20123452370899034,69.88235246673007,1731578.0,,979,633
313.8367748572047,264.3730353807423,130379.99911482199,19.63843695558048,0.24044030861720206,82.58823473340826,1570549.0,,979,490
1763.9470376988959,1111.4475813505198,113188.83529411766,18.42651743298384,0.1581626306186171,74.92941176470589,1630441.0,,980,516
1460.726386242266,1719.217564165902,99016.30588235294,17.866134318847326,0.08781242330841009,72.98823529411764,1647868.0,,980,162
1398.3074244593183,449.01327039888577,100347.17647058824,17.542762834729754,0.12005726753813621,91.23529411764706,1474595.0,,980,275
263.3004523060679,1792.5912245692493,190467.0705882353,26.797390872305687,0.21660860923095004,60.95294117647059,1811455.0,,980,59
883.4426820950146,1591.015618778543,112129.72941176471,16.500582114826816,0.060405981214488855,83.85882352941177,1554320.0,,980,200
993.1106662306196,433.57800515667884,214871.5411764706,27.126614087402842,0.26431139283103716,76.87058823529412,1682869.0,,980,633
314.06433755029934,264.0847548503151,144818.36470588236,19.516038575861323,0.26138138617526446,92.78823529411765,1482634.0,,980,490
1763.5549559374506,1111.6208756222406,96913.77441027593,17.73217914216101,0.1392887195336342,66.82415361001242,1693955.0,,981,516
1460.1218449909468,1719.4237998260862,90570.25297115403,17.082113861010495,0.07965102549768187,66.82415361001242,1693294.0,,981,162
1398.3095305042336,449.09277088279157,95790.71950215663,18.345742093671046,0.2085753536343138,82.84831289404602,1548677.0,,981,275
262.4132747698144,1793.7823442714243,162852.50798495568,28.955253535574744,0.10399840158949764,53.186571240622136,1875976.0,,981,59
885.4131336851304,1590.1716945636003,102211.63422122481,16.671184245791334,0.06143148575183045,76.71140082782038,1608791.0,,981,200
1000.7245536512934,435.16441912054097,190578.3948210446,25.657229881726593,0.17087646021694794,65.4603953730734,1756570.0,,981,633
314.3625162109838,264.0832612105444,128028.60046515835,20.799038106422724,0.29966345790022897,80.80267553863747,1587368.0,,981,490
1763.5506379857698,1111.6372451382572,105790.2170000367,18.173028426243437,0.16403717212449934,72.6463608278068,1649992.0,,982,516
1459.4940882184458,1718.2883139201833,99593.97687309534,17.83185461875877,0.08787944254545137,70.7446236333616,1657438.0,,982,162
1397.8670153742241,449.14086874014987,94603.05777999334,17.37075499339503,0.18531520159678036,88.62095326114651,1490326.0,,982,275
262.77970275893995,1793.2543918782274,169264.4993390343,26.569384880899214,0.19552527446889784,56.67176839446708,1836079.0,,982,59
884.2384275857099,1590.7708613328048,105559.72645206994,16.177005776128038,0.06879043222490307,80.63365704447665,1571732.0,,982,200
1008.3200474632849,436.90216751484627,204184.19770343712,25.686614580993464,0.12150867102255004,71.12497107225063,1714603.0,,982,633
315.17711734055445,264.7864958115757,135260.29726003736,19.19297496998465,0.2737302494328643,88.62095326114651,1522376.0,,982,490
1763.8558898421807,1112.439038974476,116738.03921568628,19.339855616089125,0.15635383140157852,75.68627450980392,1628568.0,,983,516
1460.1782269435364,1718.4440412100237,97901.17647058824,16.658537080295467,0.07501000635489384,75.68627450980392,1617335.0,,983,162
1395.70240465316,448.98625131748446,100458.82352941178,17.389110076045725,0.2151968222619796,89.80392156862746,1485902.0,,983,275
262.63336976054654,1792.6288503528574,182654.5098039216,26.256878962676122,0.15292739616705847,61.568627450980394,1811581.0,,983,59
883.9728981824446,1590.7843483504178,109261.17647058824,16.143590820910575,0.08818551942312489,82.74509803921569,1558450.0,,983,200
1016.5234421387573,438.8320950626494,206064.3137254902,25.653865203952453,0.10680501997989254,74.11764705882354,1697171.0,,983,633
315.5494990363917,264.41731564651917,139182.74509803922,20.717396628276976,0.3444358276101103,91.76470588235294,1492928.0,,983,490
1763.1323208053836,1110.5509471158898,103884.42352941177,18.044156760329574,0.17623122928263155,68.89411764705882,1680395.0,,984,516
1395.6963338634444,448.5957738226588,98950.77647058823,17.243920420057922,0.15146744690706712,88.84705882352941,1500886.0,,984,275
1460.5236552994222,1719.1473098050421,94852.51764705882,16.858454729666942,0.0491519175455391,71.90588235294118,1657366.0,,984,162
1027.2364204187022,437.7798365682262,205290.9176470588,25.712887733904765,0.1507954768991461,70.7764705882353,1722882.0,,984,633
262.5100707826663,1795.0651029711637,176314.35294117648,27.84801150527738,0.1539570411894249,59.48235294117647,1814306.0,,984,59
314.2460432320089,264.0320812409208,138389.83529411766,20.60626966223006,0.2774663007441505,88.84705882352941,1515795.0,,984,490
884.3725997298515,1590.8481224673571,104517.64705882352,15.900524175887643,0.060914621434445745,80.94117647058823,1574249.0,,984,200
1763.3396776377988,1112.5482185677226,115079.90588235293,18.56897628775731,0.17119721027226706,75.67058823529412,1629060.0,,985,516
1459.729602314988,1719.502333119942,101737.03529411765,17.309226331580625,0.11490966762124434,73.78823529411764,1634011.0,,985,162
1396.4065920670034,448.42642635105824,105001.78823529412,17.808004938433612,0.2114220059724119,92.98823529411764,1462707.0,,985,275
261.2854343341244,1795.3933664394035,174820.14117647058,27.045385316530954,0.14820131308083026,60.61176470588235,1799868.0,,985,59
884.6679835062516,1590.397905027933,113212.23529411765,17.023742867802316,0.06941087859375589,82.82352941176471,1566046.0,,985,200
1035.212141422769,437.6842612195942,207158.58823529413,26.099218349925682,0.13598119196416764,71.52941176470588,1714632.0,,985,633
315.26674670257466,264.12298761065773,139231.62352941177,20.88599260969266,0.2867000699760543,87.71764705882353,1536778.0,,985,490
1764.4662944089052,1112.5526401387835,104157.83189740805,18.609754353564252,0.14429075779712236,71.90048752179311,1671894.0,,986,516
1460.6145601381224,1719.2775518765934,93318.55107174045,17.338282166807094,0.07453826113652073,70.771160492655,1662703.0,,986,162
1397.6508443046891,449.02272364636883,96729.49514208059,16.868063192418756,0.18245725464080748,86.9581812436346,1513887.0,,986,275
263.2931905352108,1794.4185288812387,173425.8581142802,27.820545505454977,0.14380727318167008,59.47789020127389,1807747.0,,986,59
885.0707201063198,1590.9734585388032,107636.15914715343,15.79143809203753,0.05402728857416776,83.9466424992663,1552000.0,,986,200
1045.5402088843518,436.45422679535363,194705.01443964356,24.71509623871609,0.12196791569793726,69.64183346351689,1735405.0,,986,633
313.56472663043184,264.7632841418938,138103.8966239275,20.075203695232034,0.2559876863198119,90.72260467409498,1512571.0,,986,490
1763.004051920892,1112.3066556738622,109989.95294117647,18.134504514157516,0.18957196993473166,74.8313725490196,1642687.0,,987,516
1462.4101072741566,1718.3536632814298,92849.14509803921,16.79418555484603,0.1090360042990402,72.98823529411764,1644173.0,,987,162
1396.466979925959,449.2917165398683,99474.4862745098,17.117152599404772,0.18259504390145787,88.83921568627451,1492356.0,,987,275
262.23457798944094,1795.2626588271846,173228.7294117647,26.578198089970858,0.14602388527975793,58.98039215686274,1821653.0,,987,59
883.9923634532431,1591.1940080440502,111265.7725490196,16.677302600472004,0.05820894585714041,82.94117647058823,1564993.0,,987,200
1053.0333855761758,434.8296440287169,199685.85882352942,24.741639964038757,0.16714036576555238,71.51372549019608,1726042.0,,987,633
314.5318095248343,264.469328354997,137035.0431372549,19.726098607628135,0.2776397826609672,87.36470588235294,1534076.0,,987,490
1763.1459598949973,1111.9190918020556,106560.85882352942,18.430546658270803,0.1694788542068481,71.48235294117647,1666775.0,,988,516
1460.3006687671511,1718.744494359183,89708.52941176471,16.76690958520135,0.09850361370218068,71.48235294117647,1654783.0,,988,162
1394.8052207759745,448.5761565518596,102130.41176470589,18.18829956529769,0.2018148801791818,89.71764705882353,1494485.0,,988,275
261.27425226846145,1795.4443896533724,164188.76470588238,29.00266056407163,0.1723699035582439,59.082352941176474,1808532.0,,988,59
884.8342562598856,1591.6103863083267,110447.89411764707,16.86316403075991,0.04370346550797199,82.78823529411765,1557779.0,,988,200
1057.6178928404477,431.36223731413054,208307.96470588236,25.691560881378223,0.1835558496500289,67.83529411764707,1758227.0,,988,633
313.9490431186121,265.29156356126293,134561.51764705885,20.06226272270988,0.2833730061050767,85.70588235294119,1549416.0,,988,490
1764.1810911681996,1111.9547185605131,105437.56470588237,18.487926598714104,0.13671761450529768,70.7529411764706,1674801.0,,989,516
1459.3204953964114,1718.3414943594255,92848.28235294118,17.75275340870172,0.13370477609458645,69.65882352941178,1667801.0,,989,162
1395.1358616537227,448.719264216086,95703.92941176471,17.599190231233383,0.22263775746038267,86.80000000000001,1509279.0,,989,275
261.6771818978153,1795.5521678042687,168203.8117647059,27.88922027362688,0.11956347357809884,59.082352941176474,1808873.0,,989,59
882.7940300057104,1591.2249736108947,105379.9411764706,17.04263093752543,0.07363208434593875,78.7764705882353,1608168.0,,989,200
1061.8248124323222,427.92666613964485,198377.0235294118,24.67110020365097,0.12932330106825465,68.2,1755874.0,,989,633
313.709315742148,264.9787033132011,137496.6705882353,21.149406618473297,0.30085448093488526,88.25882352941177,1535106.0,,989,490
1763.3418370052932,1111.7797955582898,99818.47056837069,17.75135061712849,0.14685411447326002,68.82352939806832,1692227.0,,990,516
1460.3488215023062,1718.4278126990705,91971.52939346171,17.221957234294493,0.07072066175934226,68.82352939806832,1681394.0,,990,162
1396.7617985070926,449.50465150873663,92531.64704040905,17.488997342729366,0.19732465791811804,82.23529410128164,1549732.0,,990,275
261.8735910551332,1794.4442092550082,167741.2940842653,27.50153732253364,0.144814990349531,57.17647057685676,1831390.0,,990,59
884.8330729799856,1590.7015884329837,105964.5882142064,16.454870026814692,0.05568763249603277,79.76470586647919,1587031.0,,990,200
1068.8639846813771,425.37313943478546,191877.17643240327,25.147136016197997,0.1463726137272811,66.70588233966622,1766385.0,,990,633
315.09122582973583,264.8207853860996,127131.1764452882,19.23182822248925,0.26653125944046535,83.64705880688304,1568790.0,,990,490
1764.032497549153,1111.1269913131093,101381.52156862745,18.579621757278534,0.21343580812775148,67.9843137254902,1692824.0,,991,516
1459.4559497398645,1719.1885815254736,87887.8431372549,16.582708987416467,0.08187932374659962,66.94901960784313,1689762.0,,991,162
1396.8657108678963,449.2325840489921,96642.98039215685,17.641035635676324,0.1652935446042165,82.8235294117647,1552234.0,,991,275
263.1567371526924,1793.9386915006967,168421.64705882352,27.87883355340277,0.11013470087628682,55.90588235294117,1853569.0,,991,59
885.8073194032613,1590.239859046448,104395.95294117647,17.444351629408338,0.08363400925690495,76.61176470588235,1619814.0,,991,200
1078.3450141533465,422.4060363352217,180188.8,24.778046560246683,0.08921977775869915,65.56862745098039,1762208.0,,991,633
315.030007166129,264.1290995452572,129541.86666666665,20.19062631721709,0.2806021379051513,81.09803921568627,1581991.0,,991,490
1765.872895768977,1111.20509527611,111847.84586834638,19.526464315115376,0.12680613338666616,74.14854937646787,1639695.0,,992,516
1396.336564398426,450.07191762503345,101606.805383785,16.765509422424522,0.16694870711608203,88.90061679168137,1505269.0,,992,275
1460.2963459156663,1718.085284903629,95914.06021071419,17.422754624818037,0.10118354738789974,72.9839124752668,1642066.0,,992,162
263.1321523824524,1794.2559512091,187331.45734589107,27.70904894083635,0.1674555175894785,60.94933116285579,1812302.0,,992,59
1084.942847304211,417.9926151121606,197289.4910634606,25.114313540066043,0.04985479865129122,70.65463867286468,1727327.0,,992,633
314.33993852906553,265.3445808097757,145758.96673291823,20.126182336744755,0.30577963393371177,92.39452749528458,1494351.0,,992,490
884.3490416310585,1590.819734396831,114474.49029285517,16.4610100851365,0.07119304081367296,85.79491838847854,1532054.0,,992,200
1763.689130166399,1111.4678863267056,106543.26486179653,19.077634626855936,0.12979985581041614,71.09970594812599,1662050.0,,993,516
1462.0728814425836,1718.0306125429993,97350.42838123358,18.18653001578209,0.10677343024847494,70.38870888864473,1675221.0,,993,162
1397.3647146284595,448.86588795398313,94682.41191553015,17.0246087728002,0.15845767485056608,83.89765301878866,1547134.0,,993,275
1093.3746760686706,411.3841550771753,190819.16831622922,25.010749619460515,0.14254663056942707,66.12272653175717,1771438.0,,993,633
263.2029629285574,1791.081388695944,168382.94510723857,30.8747847003413,0.3551152963900332,55.8132691692789,1827057.0,,993,59
885.5046835073999,1591.3536416799575,103647.37383852935,16.848129185439856,0.06051593089420406,77.85417801319795,1611879.0,,993,200
313.7454137897635,265.27748059387585,128461.17121442533,20.212880688405953,0.3051649185662526,82.83115742956677,1572955.0,,993,490
1763.1123034697866,1112.1399353515644,108453.85308056218,18.769614096483334,0.1971913359219841,71.90195437698935,1659428.0,,994,516
1462.0292645021295,1719.512777561927,101639.5595701502,17.827767638064756,0.08202695342942118,73.7646993090357,1644186.0,,994,162
1398.9538141836701,450.0021501329319,93044.85445368831,16.605552879423794,0.16979978254794068,86.8039138333602,1512899.0,,994,275
1097.9119118584301,404.850335644747,195240.25711156114,24.182161613657392,0.08301217864827105,68.92156248571519,1744647.0,,994,633
260.7044498994033,1794.3211420734958,173318.7296532668,27.703973851151556,0.08985041230769343,60.35293579830194,1811687.0,,994,59
884.7234366162979,1590.5867861285344,116592.55823765912,17.99145851617297,0.055258453997109075,82.70587498285822,1566545.0,,994,200
315.4352195576383,263.77449150987337,131969.8902006882,20.097814501253403,0.2897481935898163,85.68626687413239,1543630.0,,994,490
1763.344056329768,1112.7944082162705,106718.75095494962,18.271078302692406,0.15588147341868078,72.64695602890208,1654879.0,,995,516
1462.5616285198012,1718.414466947749,98963.78153598744,16.74125302294294,0.1094330442560329,75.99989246100526,1630270.0,,995,162
1395.683705532917,448.59878515890796,97457.94052948066,18.305121519233296,0.20883727364258253,89.78418668187386,1498666.0,,995,275
1102.3162701892788,396.2268513966832,189464.00642036155,24.257147296121797,0.0931112831531697,67.80382562697528,1745340.0,,995,633
262.19091876770415,1795.4116200714323,169396.30932573162,27.799170567941974,0.13950740538565087,57.74501633066576,1826290.0,,995,59
885.2889429143578,1590.9837877873485,108647.0619519014,17.617211748890174,0.04373197551914903,77.8626349232848,1608075.0,,995,200
315.03303129984334,264.5978216059614,131035.3636060392,19.869521316101157,0.281671972015028,85.68615326485887,1530804.0,,995,490
1763.9117520619845,1111.2888577855535,114146.17647058824,18.562124390395862,0.1982403842084935,75.31764705882352,1626603.0,,996,516
1396.8701429732512,448.97348328642295,95009.40784313726,16.686375326393357,0.14252339546795503,91.67450980392157,1475300.0,,996,275
1460.5292673443314,1719.1780555092669,102723.0,17.184701839138192,0.07928718979283322,74.93725490196078,1623035.0,,996,162
261.87877151277263,1795.2808982313493,178899.19215686276,27.21033945470312,0.13926971505306435,60.86274509803921,1811697.0,,996,59
1108.5814095416936,386.6741857872191,194467.88235294117,24.520284418112933,0.08188815312602821,70.75294117647059,1714708.0,,996,633
315.6021141226502,264.21039628696104,137033.99215686275,20.05321946214937,0.2778524208278399,90.91372549019609,1498606.0,,996,490
884.9565851093489,1590.4345229902704,107787.5411764706,16.326529663351238,0.05969785053766663,82.92549019607843,1560016.0,,996,200
1764.2619276839469,1111.1236335223903,109052.90178077023,19.324304498234806,0.09612364106348902,70.37241731177139,1673518.0,,997,516
1461.594546948532,1718.7014603720027,101846.00546515499,17.49709096610316,0.07677957637078348,72.65476598134235,1647899.0,,997,162
1398.3307484917543,448.6239908689997,100315.69068220766,17.530834570564252,0.11804662958749024,88.6312066683391,1503099.0,,997,275
1111.2971406268625,377.36713874266025,197846.91598753873,24.940177640300863,0.1669060399817227,68.09006864220042,1744028.0,,997,633
884.0774909085641,1590.2481853348982,105019.99168163833,16.547378779841928,0.07226505694357331,81.78416065962621,1568959.0,,997,200
315.49541266592337,264.80131351960017,137153.17860052796,19.49204798803288,0.28926753280873757,89.7723810031246,1508857.0,,997,490
261.971805061792,1795.3479613236166,177939.129717206,29.186398671060715,0.1744957243093987,60.86263118855904,1800000.0,,997,59
1396.6917056133964,449.0655513414696,96581.7303221044,17.732062674412717,0.16055953468985257,89.22291075841363,1496073.0,,998,275
1460.4175626016586,1719.5618385911364,93738.64415312743,16.323319394022707,0.09974955389498147,75.67006355460397,1617968.0,,998,162
1763.2764829754842,1112.1331796644897,105834.18381454967,18.238153260266966,0.15790938441096153,74.91712759883676,1643923.0,,998,516
884.3719169205982,1590.4694651675948,107485.37236554715,16.570259398996544,0.07984082182258555,80.9406152449744,1574611.0,,998,200
314.3222993459107,264.6642186292087,137328.74190833603,20.126270064631353,0.24801652696581467,89.22291075841363,1515484.0,,998,490
262.21556192355274,1794.9060325215255,168291.35074937288,29.576624901344324,0.1541036191336972,57.97606859407468,1820065.0,,998,59
1115.7158825151114,368.589622455735,200736.11401933743,25.989173876590275,0.11174971070262152,68.89363995269913,1735742.0,,998,633
1397.0441978888168,450.0438445679651,94676.35192663678,17.667447526749715,0.13852548730172196,83.80025176176973,1546286.0,,999,275
1461.0852869326704,1719.153235955319,88512.03299560124,16.37053085387803,0.09817423789062724,67.9368296175664,1688561.0,,999,162
1762.853304375236,1111.8618705683893,99557.80280601064,18.210268640326248,0.14064001708619125,67.9368296175664,1695626.0,,999,516
884.8002383270225,1591.347514659391,105919.72479984244,16.28527265526898,0.05627148739002405,77.9376827084772,1601979.0,,999,200
313.8695784070316,264.79326430523514,129593.46835104396,20.218250134846752,0.25661088300855,81.7311097429606,1569104.0,,999,490
261.9695918989711,1793.5141993591699,165101.66967882428,28.583637851035355,0.11867217983912162,54.48740649530706,1855296.0,,999,59
1115.554121574214,357.7507108161968,178416.2537128579,25.32772213260374,0.22915819156558742,61.729403561139016,1804990.0,,999,633
1395.5205773838957,449.28553497394546,97946.8627266318,16.954476722465916,0.19514788733965457,88.66666664995006,1506449.0,,1000,275
1763.0250874899862,1112.7288442889067,106028.94115648062,18.36191858084896,0.20757334854270093,74.88235292705866,1632964.0,,1000,516
1461.5868837822998,1719.254976554198,94305.9411586908,16.99035705400398,0.099736370364324,71.90196077075782,1652217.0,,1000,162
314.7014093417981,264.3372330213583,136612.23526836172,21.04754509706739,0.31056245265865995,86.80392155226204,1536954.0,,1000,490
884.8909121767356,1591.7582261383645,105363.56860758645,16.664208980397866,0.056062803856849246,81.96078429827317,1567787.0,,1000,200
262.3934654447122,1795.5543633344375,172074.05879108774,27.415369914729197,0.15228777346549122,58.490196067404035,1822101.0,,1000,59
1114.8381809544946,349.3764148629233,191361.29408156913,24.42429895553705,0.20593248883908674,68.92156861445699,1742614.0,,1000,633
