y,x,mass,size,ecc,signal,raw_mass,ep,frame,particle
25.4068693999457,675.0469725767038,306.0296309637866,3.415935090736011,0.06626302411134205,5.401011678698379,1839.0,0.002065183152477008,0,0
1116.8801680511792,1855.389000286451,435.1138100846778,3.4222412155571713,0.021457810228228062,7.436777619130845,2469.0,0.0014090767969710993,0,4
1144.644271700907,1945.6396446418657,448.9487092308822,3.414105588884527,0.04430739306457146,7.8937862996360915,2598.0,0.0013230114293652524,0,7
1554.1280986535799,359.7381401786838,330.1679985432001,3.4756156816350656,0.020096473624266295,5.401011678698379,1860.0,0.0020336194448234766,0,11
1083.607866273353,1401.8530973451327,422.52529824894236,3.438031267607982,0.021276712365250243,7.062861425990187,2569.0,0.0013414306081692502,0,12
1562.4497359870024,484.23842404549146,409.14740778324335,3.3811640764356645,0.05568599226449837,7.810693812271501,2393.0,0.0014652326866850145,0,13
1728.5787725986963,1344.4530808018694,337.81250738074243,3.4260643040407834,0.0293096415759268,6.065751577615102,1951.0,0.0019072999081031347,0,15
1967.7767764298094,2190.9166955517044,359.5827390702651,3.381415207299962,0.07415953246094567,6.60585274548494,2737.0,0.0012413153914131887,0,21
2128.526858957396,203.67980947340567,314.00650975078725,3.42580991750813,0.07030716927774111,5.484104166062969,1859.0,0.002035100584524456,0,23
1584.186646433991,2506.4815376833585,164.2738475197953,2.9668544949718805,0.09160573790734425,4.860910510828541,804.0,0.008786560975746443,0,25
1399.505531556211,1571.868296280687,394.3153987886639,3.385622261749223,0.03836028140223733,6.979768938625597,2045.0,0.0017922998728062316,0,27
1017.1559500090564,1607.5700054337983,458.7536227399038,3.435777115953386,0.011418450250787788,7.47832386281314,2722.0,0.0012496426045566,0,29
192.69740170154057,1688.8239825247183,361.3692275486038,3.4871738839555775,0.025555453928026692,5.691835384474445,2191.0,0.0016388252306231725,0,30
271.96156688839613,900.9855875831486,449.69654161716346,3.449321623162268,0.029269622591082258,7.436777619130845,2974.0,0.001123071589412014,0,33
322.9690007293946,238.75966447848285,341.75940053056047,3.489033216215642,0.019506745512242817,5.317919191333788,2249.0,0.001584910692541532,0,36
377.074761469089,104.39171350150308,317.8703104132407,3.501647389435791,0.022005351235776214,5.276372947651493,2254.0,0.0015804285040949917,0,38
454.06161188849114,2136.6054886647144,383.0148205070796,3.429373572868484,0.022481779137636965,6.60585274548494,2211.0,0.0016198244672244086,0,40
844.3821554205308,744.0140709945634,389.74531198361143,3.43357948411947,0.00573832067368526,6.481214014438054,2197.0,0.0016330783606068118,0,43
863.8250562158689,1860.7565692258272,646.6672829149251,3.4427444807754837,0.023686898957592174,10.178829702162329,4338.0,0.000725390977155531,0,52
943.0045111477401,643.884011451375,478.903550925817,3.466217135459821,0.014750265902282051,7.270592644401663,2718.0,0.001251882097517817,0,53
1081.2034173348607,1402.5042000763651,466.481745431668,3.42877398308923,0.0054906934023904,7.8815644273964525,2799.0,0.0012478830890088688,1,12
1272.0838414634147,2554.807317073171,292.1076985520945,3.21771013868331,0.15308643714222683,6.501177437287469,2264.0,0.001623383558735689,1,55
1152.7334506064253,1961.5288399222295,480.9535445215202,3.4173349186883097,0.023762313308938254,8.32685055323806,2811.0,0.0012414422369703072,1,7
1115.2360755289876,1855.2860802732707,469.2870480244701,3.4031264405202384,0.014881239046029037,8.059678877733095,2664.0,0.0013252333312734619,1,4
1400.8677634961439,1571.1387146529562,433.04075738096327,3.3822309000395756,0.012167567584124048,7.5698641393073265,2160.0,0.0017242425205248055,1,27
1562.5471678358288,484.83216417129097,425.2927787913193,3.391311643043883,0.031990196719675235,7.347221076386523,2443.0,0.0014748937743294358,1,13
1584.0714285714287,2506.7604111755404,168.94155614430588,3.0041264890222803,0.11298626187302112,4.8536187716735215,806.0,0.00902130292857348,1,25
1728.0145803231314,1343.566005516879,338.9963276032158,3.329885690245409,0.01180077434015502,6.768349112792434,1943.0,0.0019810551044977835,1,15
1967.7101818181818,2190.908,367.3610538193262,3.366789676720648,0.07844511924598925,6.812877725376595,2729.0,0.0012868283131055082,1,21
2129.205723017086,204.71718294207528,320.5614819933732,3.4233820092364877,0.04017908176354682,5.5215479604359325,1902.0,0.0020384185780598987,1,23
1552.7919847328244,349.1502181025082,326.6619019174032,3.4762004351948486,0.024499592442540328,5.298904897515129,1861.0,0.002099203148897892,1,11
1016.32418699187,1606.634053954176,481.97770261095593,3.402126416483145,0.031764671442731034,8.371379165822221,2895.0,0.0011981530181005365,1,29
25.38241249638415,674.0862019091697,307.87082740688743,3.4487444945039667,0.04739622686759532,5.2098476723468075,1828.0,0.002150825191343639,1,0
190.40831356884283,1688.6419922606417,356.71871541171174,3.430989496883425,0.060690902823074565,6.055891311445862,2184.0,0.0016998707459504089,1,30
271.85261272650655,900.2430467762326,422.6655906488538,3.4440320747858015,0.00600612937550939,6.946463563129076,2940.0,0.0011761814633007288,1,33
322.88990346986697,238.85859639968692,341.3563440701763,3.4972688833685086,0.016924032409844695,5.254376284930968,2254.0,0.0016325659020171883,1,36
377.03026874115983,108.46110325318246,314.8172909700165,3.4121009385289356,0.02139830634316309,5.477019347851772,2089.0,0.0018006154284082253,1,38
453.94538375973303,2135.1022246941047,400.3122271316051,3.451620180254926,0.01097121712753356,6.412120212119148,2285.0,0.00160443292820282,1,40
942.9711297819092,643.3468895244905,498.18611759159046,3.445811165321971,0.006578522788208995,8.193264715485578,2836.0,0.0012282350696650615,1,53
862.9964272514476,1859.9648269064926,722.8774966912656,3.4375130897865844,0.018480412302366446,11.354796208960991,4627.0,0.0006970105648092567,1,52
846.6713546354636,744.61599909991,395.7703086480207,3.398323831021118,0.023559693951113743,7.12457801346572,2296.0,0.0015946819097267231,1,43
1271.7530046602894,2553.082781456954,355.8068893135567,3.3850114731761933,0.04210397001808258,6.545380598115466,2528.0,0.0013822100426537315,2,55
1152.783452403939,1960.934929523074,451.9803482352,3.4549622073223714,0.03453390419782654,7.374462140543425,2643.0,0.0013085150201101175,2,7
1115.207862200148,1861.5536299270843,412.9262439997777,3.4007570441006374,0.021111767800839627,7.374462140543425,2414.0,0.0014639416862479075,2,4
1399.8142301278488,1571.424569205114,392.50465653365745,3.393647402188911,0.02868909373956263,6.6326523394236725,2034.0,0.0018233261456633131,2,27
1538.4024303073625,301.60185847033597,305.2329152254512,3.4406641977262717,0.02882198343373517,5.2363044784923725,1757.0,0.0022207248429404925,2,11
1583.9025753158405,2506.911321671526,179.60524361228838,2.961200344960333,0.15871207591252184,5.19266860783827,828.0,0.008254483151097673,2,25
1727.894290976059,1344.294045426642,355.4141664776698,3.386029144907903,0.0117212599107841,6.2835653741908475,2015.0,0.0018459847749885243,2,15
1966.8751532989943,2191.7693156732894,355.8068893135567,3.3722343749970434,0.04623843087613716,6.196293632882641,2605.0,0.001331981506237257,2,21
2128.4285714285716,204.72538417757542,306.67289895703664,3.3729058723753886,0.08044205676388143,5.541755573071095,1850.0,0.002069302734003205,2,23
1079.482991781962,1401.7873712680746,419.4716245978932,3.4222122174176075,0.060191849024745364,7.15628278727291,2540.0,0.0013741344930181248,2,12
1560.9724960567823,484.1676853312303,442.6422719152219,3.43954090546668,0.03270702231431064,7.199918657927013,2471.0,0.0014219023392489174,2,13
1015.2936515796771,1606.705258987818,440.5913859944791,3.40944920251266,0.03063086127607748,7.679913235122147,2649.0,0.0013048851606181423,2,29
23.295342954917423,675.6121112929624,293.27668666622696,3.435896695661621,0.020969777361762736,5.149032737184167,1753.0,0.002227736264446253,2,0
189.56506008528234,1687.0807597880864,337.69800299210397,3.4312323924086754,0.06507698765769718,5.9344784089580225,2099.0,0.0017498467962494201,2,30
271.0011166379048,900.9747233783372,429.8569618135697,3.4576486929427563,0.017903617853438608,7.112646916618806,2961.0,0.0011403851272371235,2,33
324.8080625752106,246.5658844765343,290.09126810847744,3.4233044324254567,0.026823601645361385,5.1053968665300635,1998.0,0.0018667410140983931,2,36
377.02506505958087,108.53718668675523,318.5854916456068,3.4418486924305784,0.024032919667072144,5.2363044784923725,2154.0,0.0016921451904386448,2,38
453.8092889908257,2134.444610091743,380.5047921037791,3.43851632181859,0.016241403930881918,6.414472986153156,2201.0,0.0016457693273452415,2,40
941.2493736750819,644.8881287338601,452.85306564828204,3.4508497281971833,0.00594520988509121,7.505369752505734,2648.0,0.0013054887380340922,2,53
862.9955884261061,1860.8533800441157,672.6033102623453,3.4116021828084455,0.004018903613099307,11.127147016796293,4285.0,0.0007429378215472591,2,52
846.6640571817563,743.8859768550034,384.6065639452648,3.428083803806123,0.029099073713092883,6.32720124484495,2184.0,0.0016622471966546858,2,43
1270.9812057603124,2552.5563827190626,348.01783595658446,3.338501810291555,0.04483180658921822,6.71061973165003,2486.0,0.0014106517202242394,3,55
1152.7133607489718,1960.8996412634526,485.4156513482797,3.430535115485746,0.037334368922583044,7.814898927997503,2802.0,0.0012181837542476514,3,7
1082.6660406045971,1401.813165190949,474.8825267061961,3.4447223624768215,0.019014069045436982,7.772426651214908,2830.0,0.0012036323980538987,3,12
1118.473140294433,1861.5707321828995,435.6381429590782,3.3421595149337446,0.022645496060968093,8.197149419040858,2549.0,0.0013675742649972237,3,4
1387.0274259594325,1520.6442243595848,446.0013784940314,3.427094493720399,0.023095770077430206,7.432648436954147,2247.0,0.0016020973082865669,3,27
1521.7943520201313,265.4501607717042,303.8041958259029,3.443924784682438,0.009347767935522774,5.3090345978243905,1774.0,0.0021904211038345123,3,11
1583.8014814814815,2506.8506172839507,172.01272096951027,2.993119682221004,0.10576646378548762,5.0117286603462246,812.0,0.008653135239011695,3,25
1726.4667091836734,1344.3150510204082,332.98264997554577,3.3986979799893478,0.05851313785377241,5.988591026345913,2025.0,0.0018331911576738229,3,15
1966.1007295834313,2191.710755471876,360.92940809849335,3.387849483569649,0.048942475463891945,6.413313794171864,2641.0,0.0013091920105815962,3,21
1561.7538550501156,484.9837124132614,440.69234389620703,3.394673023203288,0.03059235420680605,7.857371204780098,2477.0,0.001417028179154405,3,13
2128.3260899846773,204.76417328318706,304.9084750222504,3.442804714795866,0.0542728638900389,5.266562321041795,1838.0,0.0020867365689657916,3,23
1015.3164189605136,1606.048632486149,482.9522592948892,3.4084764518481894,0.03255847226266805,8.367038526171239,2869.0,0.0011839342753847226,3,29
12.56696239966202,676.1122377129982,301.59563743320797,3.425798229311911,0.007861906554911983,5.2240900442592,1754.0,0.002224968897970699,3,0
190.34998848722083,1686.2956481694682,368.91419613362126,3.448078749715747,0.03471363430485328,6.200952410258888,2272.0,0.001579672195232706,3,30
271.7326612903226,902.797379032258,421.32498568334364,3.4597046769360102,0.03311387207103718,6.6256751780848395,2862.0,0.0011874222199428808,3,33
323.8806080283353,244.41263282172372,287.7921474788646,3.4847237884710816,0.024869276459395864,4.756894999650654,2069.0,0.001782238707869974,3,36
376.89293937068305,108.79943719621386,332.0482598863287,3.441076565613876,0.00724398963532596,5.691285088867747,2198.0,0.001647950318636194,3,38
452.2732039268184,2135.1133422579205,380.72148907918273,3.474118625365962,0.01839601568415531,6.158480133476293,2200.0,0.0016460274485144537,3,40
905.6562584118439,639.3303723642889,473.35352474202267,3.426010868497538,0.0036921140969858207,7.857371204780098,2736.0,0.0012539163081520448,3,53
862.9240714004462,1861.547972174826,647.1925536131845,3.414884845641311,0.01959434847949203,10.830430579561757,4343.0,0.0007314854036582081,3,52
845.8810833246861,744.0412991594894,409.30533135386924,3.437157257904417,0.029306582938682917,6.6256751780848395,2280.0,0.0015726281558467556,3,43
789.8115617592837,1380.8093231498551,322.5344698870274,3.4865519134894494,0.037483504149189134,5.2240900442592,2251.0,0.001598466601171279,3,64
1387.8860995850623,1484.4123443983403,399.12449140186175,3.3698535373322294,0.023270576604627943,7.204114263892525,2060.0,0.0016237427652641798,4,27
1270.3429309708379,2553.348960255937,336.4818196704285,3.3210738010953462,0.10277545676762377,6.54166697525873,2443.0,0.001305977526072654,4,55
1117.4939856464166,1858.5421004750833,409.5994391533836,3.3135299064163672,0.026139599679094933,8.280591107922444,2481.0,0.0012811028194132526,4,4
1484.617006894687,238.93957009598486,306.25766212651155,3.4242611492126738,0.022938749366727684,5.258175353530751,1759.0,0.0020076501226272987,4,11
1153.4228472356,1961.6822384896936,429.845484412254,3.3739371850531334,0.04434387453122068,7.7837556414470965,2633.0,0.0011904088514301254,4,7
1561.6607278963415,484.8559451219512,434.5654213437698,3.4219715781559783,0.03151421467178559,7.328323130511362,2458.0,0.0012960440464591266,4,13
1082.6368897601046,1402.6612526836554,443.54986269586567,3.3943771076365685,0.006477743194842879,7.7837556414470965,2721.0,0.0011435399429670027,4,12
1726.447807673144,1344.3039362232187,332.38292707200685,3.395991804880299,0.03215592743867843,5.962025597704159,1933.0,0.0017662467493764615,4,15
1968.482530439386,2190.0104552673374,312.8407320573099,3.3546937795699057,0.12013238076434503,6.086234464322995,2415.0,0.001324933340324904,4,21
2128.4070095340408,204.59191620786893,308.32780990349215,3.3705013435842943,0.10260888980467806,5.6308019533872615,1837.0,0.0018917456847008034,4,23
1583.80732222483,2506.9183290307437,176.41799355428765,3.0162277209120054,0.13077590625155547,5.009757620293078,819.0,0.0076734500549029624,4,25
826.0438263801095,1412.4454277286136,294.74764048649934,3.4430734644069902,0.027609669272369887,5.340981264609976,2091.0,0.0015923824098988135,4,64
191.1385935698732,1690.492762905085,323.23287389775254,3.4163689481758555,0.04546321188896298,5.6308019533872615,2088.0,0.001595364241827861,4,30
271.8127474267617,899.2654394299287,418.33546277224184,3.4001129411636093,0.025304975483536492,7.328323130511362,2865.0,0.0010743243519096223,4,33
323.8772301179317,249.5057453885697,273.8391479389952,3.4137832291892174,0.03786050747630007,4.802742842595017,1904.0,0.0018023667052033678,4,36
378.52476129853596,107.92297899427116,325.2202157636539,3.4264482225803716,0.014791800888003644,5.6308019533872615,2177.0,0.0015114019069867644,4,38
453.9728750146148,2137.4179819946216,354.1194787303033,3.3875170603915863,0.005774115965207294,6.417458108639893,2110.0,0.0015737532914180236,4,40
12.306641476529574,676.144455747711,284.89373706807163,3.474239285595281,0.026059592362462913,4.637131020436568,1724.0,0.0020644053315794376,4,0
1015.1681338795432,1606.6044626514424,475.01610890597095,3.3876869551292823,0.024654995325032403,8.570411796699728,2814.0,0.0010978589520867661,4,29
862.8894208696793,1861.5152489014233,631.2708631124674,3.4208244248314923,0.017542880330322298,10.557753662601115,4270.0,0.0006754364186199978,4,52
865.6759498175994,648.9261500133464,465.3278173097017,3.4487593047440845,0.020113388332823393,7.493934952669811,2717.0,0.0011455901384741978,4,53
844.3272727272728,744.7820359281437,380.28614663133817,3.4420310242832604,0.012509867454964515,6.417458108639893,2205.0,0.0014867845893694492,4,43
1152.6847173072176,1961.0620525059667,474.518554728276,3.41236381597977,0.03062569784412758,8.005621242638185,2729.0,0.0011454395959303665,5,7
1271.2305741295827,2553.578971639382,338.7354080909445,3.3154775001082077,0.10994672197658246,6.521652426929643,2431.0,0.0013209275891599424,5,55
1117.4764638346728,1858.1078336130001,442.1836552702057,3.372499449826456,0.04698783541248865,7.927517620758787,2544.0,0.001248401907591512,5,4
1080.236592515951,1402.6795137092602,452.92290327862275,3.433714445854761,0.0328916433159013,7.576051322301502,2726.0,0.0011469736010516398,5,12
1391.7587813286127,1449.9017981924906,419.1430868157836,3.398102078507138,0.04252319516401556,6.990274158206025,2114.0,0.0015781200625180744,5,27
1727.0617063934062,1344.2640899977723,350.60715861661276,3.378693741188687,0.023074401697588055,6.365445183170849,1948.0,0.0017572929241807585,5,15
1561.6677098674522,484.3334867452136,424.2588740488841,3.3668251784184458,0.0423784790077962,7.771310376999994,2398.0,0.0013437248805484151,5,13
1584.211208893006,2507.1549328392775,168.62571963761795,2.9618150363252767,0.10033400298947352,4.9986318002814025,813.0,0.007854974533393025,5,25
1967.0028370403995,2191.766114389469,344.1245580006228,3.31720641126585,0.0810368395781454,6.716911481628135,2539.0,0.0012514421986619716,5,21
2128.4324675324674,204.6351948051948,300.69894423567814,3.391988268786379,0.07589654132448305,5.3891499096783875,1833.0,0.0019073109490505102,5,23
1014.3216045038705,1606.7310872624912,443.9409867624921,3.36803860211463,0.013500135904965876,8.513294784854265,2752.0,0.0011338138261858459,5,29
1445.8665973215448,205.46092835782082,300.34747793722084,3.47334145991328,0.017410507456026104,4.8033727455829105,1745.0,0.0020406156049530867,5,11
12.411207251751133,677.6988051091882,284.3362354519445,3.442844682571274,0.04734882214296583,4.920528178402006,1667.0,0.0021753785815858983,5,0
189.4443297786951,1688.677215915606,340.5708432051103,3.4469458387363363,0.05309068751859718,5.935875262834166,2106.0,0.001585912786059011,5,30
270.11173533083644,898.3678437667202,437.9270078777785,3.400762616557518,0.06113159877739111,7.576051322301502,2879.0,0.0010736430875695267,5,33
324.73806296128936,249.5068534417834,259.2649728286581,3.405359800784215,0.0642822712881425,4.647165501824117,1827.0,0.001915844167706747,5,36
352.4196730552424,1866.3094701240136,415.6674756421504,3.4528961097218276,0.012170960346547393,6.716911481628135,2542.0,0.0012496162496136247,5,67
377.7060243872993,108.68706990220934,323.46615001352234,3.4212656362323184,0.0346654688924298,5.506305342497483,2193.0,0.0015050887376950469,5,38
453.7883130081301,2135.9888211382113,384.26981964663287,3.4456140378111093,0.02842226835133442,6.443548805050246,2214.0,0.0014867987451970585,5,40
865.3443626437257,651.1493920092646,472.0973424500147,3.456344142539216,0.0027839558806385207,7.5369995113618025,2731.0,0.0011444192034137407,5,53
862.9675938073997,1861.650026239832,595.3058059647633,3.4310599904541146,0.020306098238708947,9.919159978683409,4164.0,0.0006985491925493621,5,52
857.7431036577956,1416.8651111921254,321.3573522227786,3.4923662041273262,0.0570583068503681,5.271994476859292,2168.0,0.0015274579827852458,5,64
845.8842307303768,743.2355793514496,386.57387649207504,3.4380494261943424,0.017338809947348106,6.443548805050246,2208.0,0.0014919789397371851,5,43
1288.012379783098,2546.450378555351,405.17570961992345,3.4149762246758453,0.028243939942723142,6.83998282047139,2429.0,0.001294748845017336,6,55
1151.896433215679,1961.721809399963,446.29851542542417,3.4233736685839387,0.024657082110383328,7.420344999178053,2568.0,0.001208316988126661,6,7
1116.659129735705,1858.7003316249622,412.5131457364291,3.4206335077896908,0.040473876097740724,6.88143726180758,2366.0,0.0013381316423147023,6,4
1396.1861830380542,1433.3856798406541,395.43391590591875,3.4087785883677015,0.010958003059253653,6.549801731118058,2037.0,0.0016219376013315112,6,27
1015.1532297468973,1606.5985536988176,424.2032981932348,3.4302817370963194,0.03953074133512965,7.171618351160912,2573.0,0.0012054224266196763,6,29
1562.4650490449148,484.9842023748064,401.48626434100254,3.3351741604350527,0.05454809620166508,7.627617205859005,2294.0,0.0013914136047167085,6,13
1584.107621134648,2506.834915997078,170.25339056773333,3.050184904604408,0.062009910518275584,4.518534105644736,799.0,0.008032647573458715,6,25
1728.5027000490918,1344.3810751104565,337.7707880072781,3.378783175737972,0.037052460284065176,5.969439552411395,1922.0,0.001751808304763045,6,15
1966.9473684210527,2191.800760105954,359.9489141221399,3.3280986960356143,0.058733183189760084,7.0472550271523415,2569.0,0.0012077369642528573,6,21
2129.0210286293386,204.87547504433746,327.2413599078858,3.461485949116519,0.02545196754662006,5.306168491032351,1936.0,0.0017348968524576263,6,23
1413.24,160.8304761904762,282.92656211949844,3.5023173908466814,0.03895455773373489,4.559988546980927,1669.0,0.0021263859190002975,6,11
1080.3101604278074,1402.5383916860055,410.8549680829815,3.4382131487064393,0.017886238133659468,7.005800585816151,2471.0,0.0012673566830186096,6,12
12.539719970523212,676.2025055268975,281.2683844660508,3.4325590033846503,0.04287065725416471,5.0988962843514,1675.0,0.0021156576080750573,6,0
190.3209119882324,1689.48492277519,338.18533242064,3.40654662982353,0.03445304054984608,6.010893993747585,2092.0,0.0015663993803978556,6,30
269.98419277108434,898.3773493975904,430.0898288629738,3.390717306916294,0.05545298459264381,7.3788905578418635,2856.0,0.0010614971232077988,6,33
322.2049108447822,249.52776965799472,283.6312876222137,3.428456154713652,0.036630329786871606,4.808715194998069,1980.0,0.0016838096685049223,6,36
353.93342062852537,1867.6247985495568,411.5596935856967,3.4370709753517104,0.0342469858915026,6.591256172454249,2515.0,0.001239876315952516,6,67
376.95433168316833,108.73391089108911,334.95188599641716,3.4547105164507266,0.010471667590243715,5.3890773737047315,2244.0,0.0014309824321998223,6,38
454.63073737489935,2136.0121937190843,360.36345853550176,3.441847341981233,0.020728028087297554,5.886530669739015,2100.0,0.0015586363743159783,6,40
865.3045029408929,650.1217818918137,429.92401109762903,3.4720115964786675,0.019278539531083376,6.922891703143771,2539.0,0.001225383450972285,6,53
856.8338636049247,1412.3592474754462,299.6741564193193,3.4431533543310873,0.04192885248268808,5.18180516702378,2015.0,0.001645271484722386,6,64
845.7383335207467,744.8230068593275,368.65434680273984,3.44452102107936,0.004830427846071299,6.176711759092346,2114.0,0.0015452346735379027,6,43
861.4058158785,1860.0428993018068,575.926553483691,3.422902275415387,0.039469992439862864,9.368703741978996,3906.0,0.0007356197896128302,6,52
633.1573021659875,2026.0291657731075,386.60411990131024,3.3718219006116805,0.03444313832019906,6.7156194964628195,2124.0,0.0015358022698520302,6,74
1152.6280021834061,1961.6795851528384,429.48645358423533,3.4197628602548535,0.02319884906199903,7.306583589906478,2489.0,0.0013464926146385529,7,7
1331.2596634834015,2534.200727603456,429.60367150278995,3.4298001219841026,0.04637713526294241,7.697309985088642,2528.0,0.001320779295637708,7,55
1116.6598129109939,1859.6754654070576,421.8672888781831,3.3459564634042622,0.04507850673113936,7.853600543161509,2387.0,0.0014187302075256772,7,4
1081.0145965298816,1402.6407784815938,425.6182622719319,3.457390367052612,0.021983491744418292,6.720493997133231,2541.0,0.0013124250466006024,7,12
1412.917160542605,109.88792308705386,296.6785518618176,3.4945348763992334,0.011317297824410403,4.766862021222408,1673.0,0.0022719348303236976,7,11
1561.717580585402,484.88449425713225,421.8282162386649,3.4159846989565104,0.04405324514432849,7.150293031833612,2363.0,0.0014368681186232007,7,13
1583.9818266542404,2506.8245573159365,167.69976881218506,3.010505061768512,0.09693356749621197,4.53242618411311,790.0,0.008865429320156245,7,25
1726.3808305931068,1344.4235781269028,320.82544308407535,3.414295064929673,0.04014680297463129,5.665532730141386,1856.0,0.0019685143769198926,7,15
1967.6346473521728,2190.9263832818806,329.06977002241905,3.3535266599701945,0.0937857268886473,6.29069496243285,2415.0,0.0013981396688844635,7,21
1014.3804019206829,1605.9795482838342,439.4109040218623,3.4393709643288757,0.03947030389498917,7.4238015084611275,2587.0,0.0012836938894113035,7,29
2128.399704816852,204.69824231852945,291.2083823292673,3.440237511263693,0.05596758024400253,5.235733695441006,1927.0,0.0018715403485563477,7,23
1422.3464421510048,1409.5088538837588,359.66364676518253,3.415019387126326,0.036803393072906636,6.212549683396417,1954.0,0.0018371243157718183,7,27
12.273239436619718,676.0611670020121,291.2865276083037,3.4122712235034647,0.022886594695017394,4.923152579295274,1714.0,0.002196096215428846,7,0
189.43127544844282,1688.7013315725762,355.053075302033,3.411652815164583,0.055212629802581424,6.251622322914634,2108.0,0.0016627271011188393,7,30
269.8347441685478,898.3475357411588,415.4203033576774,3.409421285038171,0.033676207862759114,7.345656229424694,2792.0,0.0011695881242679371,7,33
321.38215286114445,247.87248232626385,292.9275784680688,3.4701609194276117,0.02680164841322284,5.001297858331707,2073.0,0.0016993912579818876,7,36
377.76349206349204,108.68424908424909,320.0049176541928,3.4611219393955306,0.03721391400401926,5.313878974477438,2194.0,0.0015790192571845396,7,38
454.5821210438645,2136.6535258189892,351.84911886153924,3.3875199637374243,0.0235663206768028,6.368840241469283,2096.0,0.001675118118330674,7,40
352.3779087186657,1864.338659742335,391.2343394959014,3.4320820294430794,0.02758159802792269,6.4079128809874994,2453.0,0.0013711328767596381,7,67
867.806387406134,649.331312765765,431.86988459484655,3.436990176697156,0.015323321591867738,7.189365671351829,2540.0,0.0013130639271746283,7,53
861.2069086815816,1861.454059378078,555.3784981119287,3.3959125067058293,0.015220340970005315,9.650941960999466,3821.0,0.0008087445394441278,7,52
846.0097136497016,743.9960538298087,386.1548963585333,3.4698073268934446,0.01354138081091075,6.0953317648417675,2127.0,0.001643478555495596,7,43
880.6817762551061,1367.8853603900382,296.5222613037447,3.4470755268351594,0.04623857567594883,5.274806334959222,2001.0,0.0017801406958350223,7,64
643.444250513347,2015.1607802874744,380.5675089074283,3.3573144885382225,0.03958541625026189,6.95492983424253,1974.0,0.0018124360527121959,7,74
1422.9201020408163,1406.2386734693878,404.23257235797684,3.384448226213302,0.02396124470817665,6.9709494620916415,2052.0,0.001680134634826916,8,27
1352.024400246053,2532.5789419725243,402.3351541611945,3.449703044754121,0.04063541036302393,6.7234601320765535,2534.0,0.001284732879960649,8,55
1151.0811777655476,1961.7010640249496,449.68811263741463,3.449028694571133,0.01226504277076048,7.342183457114273,2574.0,0.0012601223939354264,8,7
1116.5959945475515,1859.505400020971,393.3842900589821,3.356551204161672,0.03404747684272844,7.630921008798542,2302.0,0.0014488521275995707,8,4
1083.456623864704,1401.7680342415701,395.1167153690878,3.4155891273019767,0.03616753851376046,7.012197683760823,2446.0,0.0013424116310561333,8,12
1429.382994509571,70.66018697136073,277.97176582861283,3.4515921903039737,0.01829098721556332,4.784793713625032,1597.0,0.002368152639140936,8,11
1583.9726209463051,2506.575225943647,155.17580991946008,2.9938355947370803,0.08555586933871089,4.331063275264038,783.0,0.008856319060014066,8,25
1727.909669211196,1345.060837381448,356.6321245517416,3.456363584039616,0.018948422595490177,5.69225459034702,1937.0,0.0018132850868869744,8,15
1967.4262612301313,2191.7354526606773,298.4308837765268,3.3262791055954195,0.09935174716513877,5.9809921420312895,2315.0,0.0014385547075607909,8,21
2128.2834373754813,204.79612166290343,310.5578609472661,3.4587872044241337,0.06079677429070877,5.279772373655208,1926.0,0.001827135546082442,8,23
1561.695752672638,484.91832803621304,428.28028559110953,3.385202714588559,0.025746263759655226,7.7134174521369046,2387.0,0.0013840727832924891,8,13
1015.1374213236696,1606.6069998092696,432.52885242303523,3.4296004241361953,0.017055916731956867,7.424679900452635,2580.0,0.001256511911633138,8,29
1790.7884167993143,1759.20729766132,336.87422637220374,3.4522579533000464,0.019991473685544926,5.568509925339477,2740.0,0.0011673227326049686,8,80
12.28809738503156,676.8778178539225,274.46566698673246,3.4570228395448814,0.02033934931982302,4.702297270286669,1665.0,0.002231579409320179,8,0
189.41461477362986,1687.951435379553,363.5205775704949,3.4241054161383992,0.03615018964345896,6.187233250377196,2124.0,0.0016062873632209792,8,30
268.50912799592044,899.2386537480877,404.43881346632276,3.371113453348806,0.06899005089223655,7.342183457114273,2856.0,0.0011101905157760669,8,33
324.00592088687324,249.11866969009827,327.42838360996126,3.4718208384783216,0.022304146233828856,5.279772373655208,2089.0,0.0016413568103371239,8,36
376.9539676662964,107.90349253362952,334.23434018537614,3.5058351246196544,0.030382236415767344,5.279772373655208,2258.0,0.0014848259782391496,8,38
453.17278079710144,2136.6003170289855,364.3042937822093,3.437590578516768,0.018430997972798964,6.2284814720463775,2117.0,0.0016131808503853878,8,40
353.0639101293307,1865.0688190314359,436.9424121416376,3.487486226675565,0.01988188226374536,6.682211910407372,2624.0,0.0012306542077333358,8,67
867.7751800160014,650.9820428482532,464.0012455566206,3.4368824654015997,0.02727507549755559,7.507176343790999,2633.0,0.0012254956895119348,8,53
861.2567897786777,1860.7545207009705,590.7982789676839,3.424656072855015,0.02888667045841563,9.73458031392679,3966.0,0.0007560888577648738,8,52
844.2927558706248,744.0960345591493,372.38894522936886,3.499097927932295,0.027845656470113046,5.733502812016202,2132.0,0.0015984808822256977,8,43
919.8946646341464,1339.4724085365854,270.5883341498294,3.454097955027742,0.04764665564560135,4.661049048617488,1910.0,0.0018476636240529604,8,64
662.1609512687122,1995.871642424886,388.51699990201877,3.3409281069452277,0.03334178183195178,7.177190570437547,1970.0,0.0017729656024603863,8,74
1422.2382126348227,1406.4083204930662,392.8022395870682,3.381723742406197,0.03544713412044788,7.10150941626338,2052.0,0.0016959587298509648,9,27
1366.191524598149,2519.566682903069,414.1874668064977,3.3766194180856806,0.04358402212135845,7.666402210738876,2559.0,0.0012811950658251662,9,55
1151.9064437642257,1961.087512754101,514.0927924580211,3.44584848079681,0.03787624280753721,8.150596034575015,2834.0,0.0011311473649531453,9,7
1098.0105521695625,1883.7440189211316,443.5618921192235,3.3933974129183975,0.008577512881047968,7.8278001520175895,2552.0,0.0012855357647813994,9,4
1081.8143485915493,1402.7106514084508,458.37015323154543,3.4511939146648536,0.013804491998132435,7.505004269460163,2734.0,0.001181462825860728,9,12
1468.7313497197067,33.27928704901538,280.7113693690019,3.5046940739474044,0.03393961293301156,4.559491841123648,1667.0,0.0022487807440264773,9,11
1583.9178470254958,2506.9017941454204,170.92041981415727,3.019921266694703,0.09478745316854217,4.801588753041717,798.0,0.0085099860334645,9,25
1015.0494338347136,1606.6571742437045,477.49580927307295,3.4371637989139354,0.03570511510500228,7.9488486079766245,2810.0,0.0011428281916590615,9,29
2128.5806859713243,205.5698622434636,287.0462385641914,3.378581929753736,0.06999832847588963,5.366481547517213,1749.0,0.0021027919635660444,9,23
1967.674123029995,2190.7585155058464,317.4697504952288,3.392701278093793,0.08553767538910857,5.648927944754961,2406.0,0.0013832844004979833,9,21
1561.7088876036244,485.02496626180834,418.5855607063426,3.4062253761161534,0.042303243134769235,7.343606328181449,2374.0,0.0014067285216213803,9,13
1797.9341247672253,1761.9048727498448,520.0241668000139,3.4521986265163203,0.05140152760314058,8.110246549255338,3639.0,0.0008423615735792145,9,80
1727.085824742268,1344.4721649484536,313.11200608070357,3.3899487573294653,0.027586037702285952,5.729626915394318,1860.0,0.0019329294680151567,9,15
191.81622461436024,1688.8765952724448,363.5892122156211,3.4964668185288,0.03628761408258272,5.608578459435283,2185.0,0.0015632054704610117,9,30
269.28283293424204,899.1289371891693,438.1147116010669,3.4195891536467418,0.061966598248658356,7.262907357542093,2933.0,0.0010853858145570248,9,33
326.2421294419673,252.31847047696257,298.6265408509391,3.4078087363776635,0.04881878240506949,5.366481547517213,2112.0,0.0016333814952321877,9,36
352.3280748157944,1865.1374456829776,427.1396515941144,3.4652740060889338,0.04985442399976581,6.778713533705954,2542.0,0.0012917880333722111,9,67
376.89019377568997,107.88537874339401,343.5758674970607,3.477686611687909,0.028902746046876707,5.487530003476248,2276.0,0.0014837401718611925,9,38
454.59528333519614,2135.153347490779,361.0068451551617,3.416948009327389,0.02056349983892691,6.294519709869814,2108.0,0.0016374092876289175,9,40
34.59779882975759,695.671217609362,289.6286056246508,3.415847387428036,0.017428386177261588,5.2050836062385,1741.0,0.0021161950306611663,9,0
967.4333487440283,1328.5100940052396,261.8278102393925,3.3874024413609343,0.056691664938969585,4.922637209000752,1973.0,0.0017860533818093898,9,64
868.4200638394893,649.9764705882353,442.4321065302725,3.4193595984978664,0.011135296617602477,7.545353754779841,2643.0,0.0012313040819438305,9,53
861.2324279093718,1860.7624871266735,626.869603926522,3.413630142795535,0.012152989267797593,10.289118756517965,4173.0,0.0007203633230398617,9,52
846.6812361096412,743.4135887395491,381.26228678564024,3.424186074072177,0.009108593872639644,6.415568165828849,2190.0,0.0015586188984739935,9,43
678.8817421110999,1969.1537453372316,400.22654488588904,3.3522566668679383,0.020173220885617557,7.182208386902737,1973.0,0.0017860533818093898,9,74
1152.2980718202725,1962.5795153016097,462.00864300271746,3.4213510520559804,0.013059308757735956,7.886756421327124,2730.0,0.0013157179979247295,10,7
1102.5691661562691,187.26529005162305,467.03491782045444,3.344537416086897,0.060551854103780986,8.7857649253126,3204.0,0.0010862816193652218,10,86
1082.5455963302752,1402.6174311926607,445.41784970189457,3.421907295834357,0.022999772056678552,7.559844238059679,2717.0,0.0013233840320618063,10,12
1074.235305700502,1896.485576449739,415.0558806809306,3.4274000329006276,0.008032709127399123,7.151204008975372,2468.0,0.0014896262157320583,10,4
1398.8042793007928,2511.519342821664,427.80545582836095,3.431117401849523,0.04120336822573326,7.273796077700664,2690.0,0.0013395947323459375,10,55
1422.2269794721408,1407.0935483870967,418.038954353246,3.3765767831101536,0.02598813408063586,7.273796077700664,2128.0,0.0017980404144698186,10,27
1796.5297731181915,1762.7871242526005,498.90885568903036,3.4137393258392943,0.0653415031632744,8.704036879495739,3630.0,0.0009391032272599738,10,80
1561.6141475927388,484.3225138121547,414.1977361998535,3.349569115523444,0.06502742817171205,7.805028375510263,2384.0,0.0015555463748218202,10,13
1003.4733295901179,1307.943290286356,291.1152991996603,3.4385191307399916,0.05703184921381382,5.27145895518756,2087.0,0.0018440811252241106,10,64
2129.2433420365537,205.6985639686684,313.01841547857913,3.441624335671329,0.04336314667967035,5.27145895518756,1847.0,0.0021692241011104832,10,23
1967.4912025400185,2191.541473739913,308.89114916482765,3.3283112496539977,0.07523222791004634,6.170467459173035,2341.0,0.001591601282678702,10,21
1529.8868483412323,23.234893364928908,275.9138826777241,3.492417310830105,0.018016586726995652,4.372450451202084,1645.0,0.002547234154863807,10,11
1726.3434007134365,1345.2401902497027,343.66643265990217,3.4113540572860086,0.032584555734104015,6.129603436264604,1951.0,0.0020152507563636563,10,15
1583.852553732378,2506.8828287497113,176.81862712477962,2.959982698154919,0.0692525921309415,5.148866886462268,826.0,0.008679749977322845,10,25
1014.3127534925642,1606.7532221721497,453.3863341690386,3.3736513169935844,0.03149567336286175,8.254532627503,2726.0,0.0013180673011983306,10,29
190.87360594795538,1685.5177199504337,329.7726648710357,3.4421759061705526,0.011396472416388942,5.598371138455005,2086.0,0.0018452335432806418,10,30
270.81843191196697,898.3385733935941,415.91402516200765,3.3506949446795424,0.021513011219718804,7.805028375510263,2794.0,0.001279236527705226,10,33
336.9869246861925,259.85721757322176,312.52804720367794,3.4151015226551964,0.030496252958074746,5.27145895518756,1989.0,0.001964305881784741,10,36
354.7396990854558,1865.1816304454715,415.54624895583174,3.448994774177837,0.027224608032775734,6.660835734074204,2538.0,0.0014388150668631034,10,67
376.83815990023555,109.4356380767632,294.9156533301443,3.382030778672735,0.04193198793338965,5.434915046821283,2090.0,0.001840632491646207,10,38
453.06675806791816,2135.940729803839,387.47266521773986,3.461010114771971,0.013711350360948105,6.374787573715189,2209.0,0.0017135217213713257,10,40
53.22326797385621,735.8275816993464,312.6097752494948,3.4434554768306547,0.033080708583082805,5.353187001004422,1937.0,0.0020346924724976645,10,0
866.8012605385937,650.0740771056725,499.2357678722978,3.4401892659386126,0.02010520849755621,7.968484467143986,2816.0,0.0012671588541739477,10,53
861.9923154701719,1861.539534883721,606.2177798465693,3.4040658494484495,0.013636056837695044,10.134277681290813,4165.0,0.0008025457177450218,10,52
846.8243926623699,744.976400594943,412.11367103152355,3.4310981198996306,0.039225399192175894,6.5382436653489115,2276.0,0.0016493909142773014,10,43
730.7950341280048,1949.8703135819567,413.0944075813259,3.351162461107485,0.006087956601889465,7.518980215151248,1992.0,0.0019603934003078415,10,74
1422.2484355444305,2499.532019190655,403.672544859469,3.411265662004495,0.01894506740465875,7.073110923695326,2547.0,0.0013695183028845296,11,55
1193.0342023639869,1955.998155754883,502.23297743310445,3.4768795527398138,0.014435062083612957,7.578333132530707,2832.0,0.00120314677312724,11,7
1423.0325461401071,1408.0906925977376,424.302451720247,3.4113093024490744,0.025156659221270333,7.15731462516789,2144.0,0.0017023926436621091,11,27
1104.217291977858,185.60943678059925,479.1611632296221,3.375277213164276,0.0470281572614051,8.546675699465187,3163.0,0.001054384346910166,11,86
1081.0341228070176,1402.6287719298246,479.96109839361145,3.4606180362736443,0.0061861101110789705,7.536231281794425,2798.0,0.001220839873091861,11,12
1074.9214380825565,1895.7001141335363,442.65885864126585,3.4613961168582,0.010485009599466978,7.115212774431608,2551.0,0.0013668655223650708,11,4
1054.9386068476977,1303.6331590487434,249.62187301541422,3.433610032402183,0.03914784598268734,4.504898028782143,2185.0,0.0016613115152201837,11,64
1556.6477177554439,489.33992881072027,402.15687823296287,3.334223080582458,0.05180973019888236,7.536231281794425,2320.0,0.0015390250918663295,11,13
1726.3979632323767,1344.448750165322,318.332093417026,3.354432189720708,0.03820089325123035,6.188972058233411,1870.0,0.0020394195496077645,11,15
1583.7773760330579,2507.3321280991736,163.01836605088278,2.9858481636209078,0.08003107924102905,4.757509133199833,801.0,0.008959822870491933,11,25
2139.3798193817297,1441.1773185133727,242.42245653951005,3.035622705499221,0.15824714059777134,6.020564655288284,1050.0,0.005004371692039055,11,88
2129.2049518569465,205.5924346629986,306.080454852768,3.4324890011154503,0.05142700533485219,5.262731342035213,1842.0,0.0020815305043324103,11,23
1967.5587412587413,2190.8916083916083,301.0282327644142,3.398271876741434,0.07060059614190306,5.43113874498034,2364.0,0.0015029675854248247,11,21
1566.7606927710845,45.246686746987955,279.5562888889105,3.4738480798572224,0.015710943503364022,4.757509133199833,1676.0,0.002371887773169307,11,11
1797.1134102666135,1761.1405491444489,529.0097545013796,3.44244936351634,0.05419290202432851,8.42037014725634,3578.0,0.0009128690947983165,11,80
377.733853606028,108.82023681377825,312.90095467204566,3.426688767539327,0.014473183481075753,5.304833192771495,2169.0,0.0016771050383285213,11,38
453.7534551939367,2136.0088051716452,377.73780480591944,3.4389296564985266,0.019562812949614854,6.188972058233411,2190.0,0.0016564368626808433,11,40
352.45264014650525,1867.708719096551,413.8190908869129,3.4386029478530995,0.02434936662215066,6.9047035207502,2550.0,0.001367527753562863,11,67
190.91847461418027,1686.442182956833,376.474749283831,3.4077122524936176,0.01771465930704898,6.525786864123664,2274.0,0.0015786190173220473,11,30
58.9008659301284,770.7136458644371,281.9981962316149,3.3560488079101214,0.09149850680027433,5.389036894244058,1911.0,0.0019807427775443706,11,0
1013.9872895912058,1607.6794915836483,490.2339499732642,3.4006738475862637,0.029909944812681378,8.588777550201469,2820.0,0.001209332536356935,11,29
268.54253892956586,899.2602866866041,408.2616465897237,3.396080215961837,0.07647899888162404,7.073110923695326,2863.0,0.0011874559577011478,11,33
372.93070489844683,270.6823476702509,281.9139925301423,3.4675272918483655,0.022489375025159044,4.631203580990988,1902.0,0.0019933319714121648,11,36
868.6430658998775,650.9280663712642,446.57433075974006,3.4284701350262963,0.012794587780865273,7.494129431058144,2673.0,0.0012906171213838515,11,53
861.1144087758261,1861.5695538057744,625.5914000904098,3.394888934796187,0.012671732861707453,10.735971937751835,4187.0,0.0007626576202440869,11,52
846.7164746672631,746.5497147970026,376.43264743309476,3.4164578615032495,0.0244794945220449,6.399481311914819,2190.0,0.0016564368626808433,11,43
782.0687406457131,1927.6756467821253,393.82071178717905,3.3650882138797855,0.010510085368633468,7.199416475904171,1978.0,0.0018917970432870389,11,74
1237.9347295648638,1939.4216144774298,397.5877567626288,3.4009692898663566,0.03672248798083195,6.750422466384609,2422.0,0.0013251991425825172,12,7
1103.2099936075006,183.57713616023867,379.3979956256643,3.337854735938511,0.011696432851746418,7.316326146201282,2625.0,0.0011994428973699388,12,86
1079.3418602464028,1401.869933226747,429.80384482076374,3.4697440083520252,0.027432559613619182,7.033374306292946,2495.0,0.0012770504112644785,12,12
1075.6268783068783,1895.6884656084655,381.9849838762548,3.445969964278417,0.03003899646727024,6.305783860814365,2269.0,0.0014389034825149304,12,4
2135.970058900524,1435.0332133507854,247.05737793139357,3.051531672740465,0.10099006788444768,6.386627243645318,1048.0,0.00456405316132395,12,88
1422.286622306088,1408.0472738107062,407.0060108624349,3.36004459674635,0.018659943726064387,7.073795997708422,2025.0,0.0016670068368095545,12,27
1112.6380117842575,1311.1507780631516,267.55117547904024,3.4706809457982186,0.04221212260545021,4.486807747117913,1892.0,0.001824676325761185,12,64
1442.9958213113123,2503.6199383145954,406.2784204169563,3.42809939850368,0.018460037331355796,6.912109232046515,2489.0,0.00128087547788493,12,55
2128.496223776224,205.54293706293706,289.0150936206584,3.392257741889992,0.07896822187831368,5.173976501181017,1759.0,0.002015286982943429,12,23
1565.997971602434,47.070858688302906,298.9184080174502,3.486262036695714,0.038280161239938555,4.608072821364344,1663.0,0.0021796350974305277,12,11
1016.3634296541924,1607.0912363808623,426.65095289035656,3.4386412880817367,0.010010985224023447,7.1546393805393755,2509.0,0.0012682134847344763,12,29
1965.9400534045394,2192.434178905207,302.7584687019205,3.3836368990904617,0.05992414910894833,5.578193415335784,2330.0,0.001391308863869591,12,21
1797.1104328523863,1760.3700650071348,509.87921551482304,3.4293822702738033,0.039851661852540896,8.488555197250106,3409.0,0.0008777511891153732,12,80
1727.554487579578,1344.5024341530395,323.8181699293838,3.3795038188564326,0.004817938379213278,6.0632537123215045,1878.0,0.0018430255637228328,12,15
1583.9128827877507,2507.4530095036957,153.11736708182573,2.943143016078896,0.0689654458628377,4.40596436428696,781.0,0.008692368907750684,12,25
1532.012201121716,512.2752140116107,410.80564985548966,3.4334166506097175,0.007168696688281927,6.871687540631038,2302.0,0.001412758619545204,12,13
1000.9582792207792,1663.0905844155843,248.99761911933646,3.4964035325370646,0.024460693524174557,3.880482375885763,1805.0,0.0019450137071977743,12,91
376.8772368421053,109.55526315789474,307.2048547576229,3.3969607158845916,0.015859463910019914,5.335663266842924,2110.0,0.0015797656102534811,12,38
374.8454080964234,280.00641949430104,308.5387705743336,3.47431668929118,0.02478602374917453,4.891024661272681,1996.0,0.0016990183533933602,12,36
353.9005259339862,1866.8572723975335,445.770412929877,3.486371726141669,0.04644696403862484,6.588735700722702,2614.0,0.0012056424965263689,12,67
268.5170779861797,899.2378084896347,409.47173403877895,3.3883984166870498,0.06232682684335475,7.397169529032236,2858.0,0.0010816314221736025,12,33
191.0449913269731,1690.7490242844754,372.8496816163571,3.332538211035828,0.04954866422355585,7.114217689123899,2272.0,0.0014364867568975766,12,30
58.157869366112315,806.1278621354543,335.4191953656256,3.440661821800168,0.05740205344154844,5.6590367981667375,1929.0,0.0017778956354754238,12,0
453.85154867256637,2136.092920353982,365.41209039590933,3.4670382147159677,0.028687131083345578,5.699458489582215,2104.0,0.0015856231694967805,12,40
860.4353113860348,1860.6016635213532,578.3131390812251,3.3890671568252713,0.03465276604353174,10.267109619531082,3852.0,0.0007622363888868009,12,52
847.5029391018105,745.1092170232777,343.82690718004477,3.421055534981933,0.04429541127904257,5.780301872413168,2023.0,0.0016691757503698175,12,43
817.8292049756625,1882.6322336398052,373.69853713608205,3.3489825549854,0.015502454666376408,7.114217689123899,1904.0,0.0018092367527528467,12,74
866.5464538329192,652.2325559166508,422.8917355887172,3.4122811694793342,0.027088697960032916,7.235482763370329,2471.0,0.0012924894080360606,12,53
1505.465811965812,537.4933523266857,385.63541216493985,3.4096672798330765,0.0528139309206153,6.729392876097597,2266.0,0.0016418148487621306,13,13
1441.4646486722763,2500.183695770954,418.9161510827831,3.472246615341896,0.01024722076671787,6.958283790250577,2588.0,0.0013903136617888648,13,55
1422.1505844602339,1407.340247536099,399.4604233797798,3.397208680138847,0.013326036334221827,7.004061973081172,2064.0,0.0018519790906653892,13,27
1248.8364121119787,1928.241668253666,480.7624760869181,3.461186699512483,0.003204870260860277,7.690734715540111,2735.0,0.0012994408750046853,13,7
1102.2452880990845,183.60034105187577,510.0605130984995,3.343307640254315,0.02144052762517199,9.521862028763946,3240.0,0.0010611659211499835,13,86
1080.968759762574,1403.4276788503594,439.6078897222124,3.4275348894064535,0.03377415182249559,7.324509252895344,2696.0,0.0013223718179489793,13,12
1074.0867245527775,1895.6711999163092,437.5936496776662,3.4696839881633794,0.0125346492409544,6.820949241758789,2547.0,0.0014179710528202127,13,4
1151.0730088495575,1316.2884007585335,289.6843409520108,3.4715522601304287,0.039616414769241354,4.8067091972125695,2079.0,0.001834540879606875,13,64
1571.9674201091193,42.85736554949337,293.6670428582727,3.4992928803559358,0.01997563914788054,4.532040100228994,1672.0,0.0024640821059470678,13,11
2143.9581253466445,1533.0862451469773,330.1522545742576,3.4264719359565676,0.07797441177888798,5.539160122502103,2474.0,0.0014700384809686329,13,95
2134.319924457035,1426.6721435316335,242.3954780880053,3.003554708612753,0.17268004780638266,6.225832864961042,1044.0,0.00523710286486949,13,88
2128.352142279709,205.61374292643492,283.1380608072356,3.4070875767818114,0.08729098154979567,5.218712842687932,1752.0,0.0023083782615579015,13,23
1967.4997155049787,2190.7384068278807,321.82062529908916,3.3684588369146833,0.08645775175222878,5.813829219485679,2373.0,0.0015487195125231618,13,21
1582.8497142857143,2507.7431428571426,160.22363990708564,3.0239520026425213,0.13235498872640342,4.440483734567802,796.0,0.009426307682432014,13,25
1796.4161776654328,1762.033763654419,507.08493121451073,3.4269482050624216,0.040301952694748205,8.240072909507262,3544.0,0.0009556751714023636,13,80
1726.3986159169551,1345.3464359861591,330.74737095105536,3.4771622682075636,0.031979609553719604,5.493381939671508,1923.0,0.0020336928215618608,13,15
1016.3147951807229,1606.2792289156625,474.94864686743244,3.3892956939760834,0.02064423480623386,8.514742006490836,2781.0,0.0012733958379668928,13,29
1000.9994954909504,1652.6802673897962,725.9046451447591,3.4349971467596347,0.010852044866732443,11.673436621801955,4066.0,0.0008163294965488308,13,91
44.2638202247191,853.721797752809,305.56937039422763,3.453619932289035,0.016197965545722125,5.035600111365548,1836.0,0.0021647495955255435,13,0
190.14869608826478,1687.2572718154463,365.1267862568329,3.4721993758303324,0.018674959054114388,5.768051036655083,2186.0,0.0017190751182128824,13,30
268.22485139460446,902.6798125285779,400.4675434020529,3.4343073984157253,0.06233357807077247,7.0498401559117685,2942.0,0.0011899211716375417,13,33
351.52145748987857,1865.2772700983228,395.7523905705015,3.4311706939216924,0.03145380399400477,6.958283790250577,2456.0,0.0014834700637502266,13,67
376.9390980939098,105.40647760731443,295.4066138058353,3.4641910840380405,0.02340506874766713,5.1729346598573365,2233.0,0.0016728273240033036,13,38
454.5297861507128,2136.0490071283098,359.63340431716136,3.442371802297739,0.019101252162657834,5.90538558514687,2101.0,0.001809550776587172,13,40
372.83492537313435,282.0116417910448,306.7138249649925,3.5110061491123137,0.02532515830624111,4.760931014381973,2083.0,0.0018299460135028256,13,36
865.8758889430102,653.6187043351193,469.9130467560669,3.44704565118934,0.010906193436721369,7.4160656185565355,2720.0,0.0013081657205061964,13,53
861.9050647285941,1861.7421455068513,604.6840170093412,3.3910812737701463,0.01955291687563564,10.528982051037056,4344.0,0.0007575069144689668,13,52
851.0619675735092,1848.1775212970597,333.17361464107694,3.213716651842413,0.014456375635704682,7.0498401559117685,2511.0,0.0014431789872549612,13,74
844.3498974791943,745.0451091545049,379.5469138484706,3.4303905466955977,0.05493413361263639,6.592058327605809,2291.0,0.001619075476036643,13,43
1250.7124908958485,1930.0901310997815,473.77650003211164,3.4315966823390465,0.03647900686782821,7.850266114880219,2730.0,0.0012816848947862821,14,7
1205.112676056338,1316.245293543439,309.3091115923409,3.442436570802235,0.012564337672393245,5.262266296787839,2106.0,0.0017753571658793356,14,64
1095.1125881992023,181.8678801513447,421.80083701875634,3.3634373654248577,0.02247335693540727,7.67773279367406,2938.0,0.0011729632194035244,14,86
1080.15693985164,1402.0361068906961,482.61883274392727,3.5051893911454672,0.014642855395109454,7.116999499754044,2803.0,0.0012413045867724205,14,12
1076.554554973822,1895.701047120419,411.9233043797038,3.404508867409843,0.01849306076057657,7.203266160357123,2469.0,0.0014503748288164982,14,4
1422.2641703528443,1408.0188252237424,419.29910386126704,3.3532699411807108,0.027595696447336764,7.375799481563282,2132.0,0.0017473146264755642,14,27
1440.38291510945,2500.51906033102,403.94363827391896,3.3988000771981888,0.047685220383898975,6.944466178547886,2519.0,0.001414704818725239,14,55
2147.6687389614976,1527.5948428117274,610.552290418294,3.410976111911321,0.024691726260300993,10.093199290560282,3748.0,0.0008817041593466879,14,95
1572.8481561822125,40.42175395103811,278.382513766137,3.4325588836346044,0.010520363789619317,4.701533002867823,1649.0,0.002472955377357237,14,11
2128.305544147844,204.90308008213552,315.08897785274723,3.452979350196231,0.06904575398250735,5.477932948295537,1852.0,0.0021054639095739462,14,23
2105.4954521134296,1416.8494738719457,241.8485830007329,3.038396458798918,0.1706646900961131,6.254332893723251,1078.0,0.0048580057271452644,14,88
1966.7855961318235,2190.835475251304,338.9848428398002,3.4378120918140995,0.04538389021469695,5.650466269501696,2425.0,0.001483286126460292,14,21
1465.6886636326024,544.9873810508896,417.01303735528546,3.394274670361379,0.03306384266200658,7.332666151261742,2375.0,0.0015225463346432277,14,13
1796.4667952372968,1762.0004192520544,514.4080971761621,3.4420528255483682,0.06563746283835926,8.367866078498695,3569.0,0.0009328954446621407,14,80
1728.4035012809563,1344.5835468260746,303.05477869861767,3.3781291173692565,0.04572164889626725,5.607332939200156,1835.0,0.002131995924567755,14,15
1583.0801583374566,2507.7973775358732,174.34492107882332,3.051795976768416,0.09638699160759605,4.744666333169363,814.0,0.008767569594976156,14,25
1016.415052573326,1606.843110127283,467.651567129293,3.384140556319328,0.024115858337792357,8.410999408800235,2781.0,0.0012532035687020091,14,29
48.11335046665765,879.2874340592452,318.8847109192827,3.475776544735792,0.02609687839367738,5.477932948295537,1940.0,0.0019780395152718616,14,0
190.12809065934067,1688.8594322344322,376.8127735142505,3.4875662189940035,0.03403217707326288,5.736732930104775,2190.0,0.001687841878568574,14,30
235.74307422559906,1929.322033898305,369.0056407296718,3.390622058372704,0.04825924590392031,6.42686621492941,2562.0,0.0013854028033733088,14,97
269.16053784251807,899.4035856167872,423.4399035702149,3.410760793755197,0.06351183207626372,7.246399490658663,2841.0,0.0012212754276460743,14,33
353.9194441745214,1867.7274317364688,443.8851021331447,3.4553947939985643,0.03695265169941376,7.073866169452505,2629.0,0.0013420896761110355,14,67
368.79590471092075,278.82668629550324,322.2922440131044,3.4939531736191394,0.010812616756588747,5.046599645280141,2174.0,0.0017038399517639387,14,36
376.1467421314191,109.61982330204307,312.4578447043533,3.4332194999347467,0.007637005886396087,5.17599963618476,2170.0,0.001707886969006268,14,38
453.1440171960831,2137.495939813709,361.1985079450931,3.4263725220907495,0.02177315958038348,6.297466224024791,2120.0,0.0017601464477780882,14,40
999.1075941961151,1650.839691083548,737.2348815139159,3.455163990705494,0.011850411169994976,10.998999226892614,4053.0,0.0008063140937895195,14,91
874.2168630338733,1831.5090819833088,351.4503752969452,3.305857552598962,0.03866388277888133,6.599399536135569,2186.0,0.0016918131657235244,14,74
864.9876847290641,651.401295384054,472.8275667654778,3.456614620960776,0.008703838704013613,7.67773279367406,2736.0,0.001278267137001262,14,53
861.1103390772652,1860.6095052807116,620.7748896997589,3.3767919295403086,0.02058689956457236,10.610799254178756,4161.0,0.0007826186238583866,14,52
845.1587429492345,747.5789110164613,374.69924032947506,3.413132905242294,0.0481783563679379,6.46999954523095,2287.0,0.001596938737611922,14,43
1422.1613145741596,1408.135538610246,401.52942858853083,3.3906186316345597,0.026629191929754607,7.201741442840151,2070.0,0.0017184346726369399,15,27
1255.1606808019617,1328.264676186355,298.9800803785076,3.485541213062763,0.03719662896430288,4.82991042873112,2082.0,0.0017055133008070263,15,64
1249.7379075600143,1929.9162486563955,481.4385716638769,3.436622269947458,0.03046326681721909,7.762356046175014,2725.0,0.0012156990620692822,15,7
1093.4184725924208,182.60852937767993,372.11872401357886,3.3480284109237037,0.011524629936760558,7.287989843353207,2689.0,0.0012355661318991888,15,86
1079.3334286531313,1401.142979696883,452.4159848912337,3.475282767705173,0.03713162837291424,7.158617242583624,2717.0,0.0012200585550596083,15,12
1070.02688172043,1890.4971537001898,409.0761636334232,3.417887117918438,0.0199313887653047,6.899872041044456,2450.0,0.0013859303662579728,15,4
1426.0339573790081,535.288090021908,433.0532189760527,3.4481968825299267,0.023316968748840334,6.9429962413009845,2460.0,0.0013789090863897545,15,13
1441.326738991704,2499.330036162519,405.4537308118749,3.4263298478597797,0.027745653511958974,7.0292446418140395,2515.0,0.0013415292237476176,15,55
1583.026170105687,2507.2883744338196,171.3755718194417,2.9143968688580943,0.05660999802826575,5.088655630270287,826.0,0.008007735444279209,15,25
2146.1589995229333,1527.6521502078647,632.7613903640332,3.4434909118392603,0.009187042484301423,10.004814459514462,3771.0,0.0008285879610234605,15,95
2090.8917815211844,1402.2799047132892,253.44092490761417,3.022376984096613,0.14442301152153417,6.339257437709594,1150.0,0.004099757350484532,15,88
1967.5975903614458,2190.096131896005,340.0343190227221,3.401238164644102,0.078622610730241,6.123636436426955,2438.0,0.0013944508669021158,15,21
1568.4376806938644,42.59380019274012,268.4912707971424,3.440373656485814,0.024278443318042384,4.7005378279615355,1578.0,0.0024927454453704495,15,11
1797.066985645933,1763.6896667506085,513.7385976560163,3.4412360080584268,0.052995998247688414,8.322970649509875,3718.0,0.0008421759938306352,15,80
1726.349956364543,1345.3061962348834,345.8992102576099,3.4152243903153656,0.05154999049271503,6.080512236170427,1938.0,0.0018746667765564481,15,15
2128.2956183338138,204.7311905448256,299.19570137979025,3.450469029493498,0.042128858839014245,5.131779830526814,1825.0,0.002032884239274193,15,23
1016.3458788106888,1606.6985321791494,458.324000326378,3.4058662227304035,0.02016412862410245,8.150473848483765,2758.0,0.0011980406832975262,15,29
999.885678102694,1650.1013124568271,749.1536068564019,3.444420717308846,0.012250635049221493,10.996671065414603,4126.0,0.0007477756491833892,15,91
374.39716525934864,106.22421592279855,285.9996961012927,3.4771570615084486,0.0304837876319048,4.916158829244175,2164.0,0.0016221638171599816,15,38
368.9523347651379,277.2458085076902,311.22735325136154,3.4980150352224975,0.03180187236142299,4.7867862284745915,2160.0,0.0016260401870973437,15,36
352.33747433264887,1866.8185831622177,420.02971049858127,3.474104851246404,0.042654368025396336,6.684251039761817,2550.0,0.0013187793206516456,15,67
270.7669577579204,899.2864541023558,424.6871241262863,3.4251601680931354,0.026064756200753963,7.072368842070568,2854.0,0.0011494694133002432,15,33
189.4132659670942,1689.686358336572,332.8757017801385,3.4335812940217076,0.02204725839502256,5.519897632835565,2072.0,0.0017162675312334123,15,30
72.1064942212438,880.3113648871766,313.42668746444446,3.4757790746988615,0.023367275911557156,5.21802823103987,1927.0,0.0018889782040714335,15,0
236.51868820834338,1931.6088738847359,357.672116927642,3.4337226050428074,0.026832769348041074,6.166760636683483,2523.0,0.0013362603179141285,15,97
454.6211097708082,2135.350542822678,357.49962012661587,3.447154033232329,0.014466916703643815,5.908015435144316,2084.0,0.0017033786072685687,15,40
880.8020463112547,1811.1098546042003,400.4081993818611,3.351303204990925,0.033745281325745086,7.201741442840151,1974.0,0.0018293088840369745,15,74
864.0428822495606,651.3086994727593,490.75339891928695,3.4201280564726453,0.025800239341883607,8.366094849766403,2835.0,0.0011587673483928484,15,53
862.876072386059,1860.7573726541555,643.4130678273956,3.3847651896017763,0.012026188316058548,10.86729846464502,4170.0,0.0007388443184156053,15,52
844.2700821542675,745.8708352350525,377.9404910482101,3.445126337525997,0.02188575917594588,6.253009037196539,2284.0,0.0015138932412770212,15,43
1449.7667154199748,2482.219389887171,437.4581566450659,3.4553597604252055,0.022888922035738033,7.266594954718499,2678.0,0.0011943164227842845,16,55
1423.705031810295,1407.3728166570272,395.0925370034052,3.417117459105453,0.027148111368632117,6.672470838923905,2060.0,0.0016632561102183883,16,27
1391.6249863133692,529.9047410489434,417.39504227323306,3.4320131922278465,0.022367373830134315,6.855278259168395,2452.0,0.0013316116401386883,16,13
1273.7346278317152,1357.1707505008476,296.55933749162483,3.446931628032088,0.06693766323611498,5.164309621906858,2091.0,0.0016311299104410388,16,64
1249.7505016722407,1929.0946010511227,478.2699132146484,3.4450016417288647,0.013053659590142583,7.586507940146358,2730.0,0.001166640022588304,16,7
1094.0415841584158,182.67287128712871,461.58873611733867,3.3983979918324883,0.029504793561938206,7.952122780635339,3077.0,0.0010103945868421462,16,86
1080.1776350989835,1403.460353130016,427.08383554619104,3.442549977528222,0.030401832826504903,7.175191244596254,2633.0,0.001219349256737459,16,12
1569.0335051546392,42.78623408126137,301.4494359831649,3.495665686687833,0.027629249000660345,4.890098491540122,1690.0,0.002174410924784357,16,11
1036.838494873692,1868.5293309375331,432.3852507332813,3.444257670002078,0.028578279053644642,7.0380856794128865,2501.0,0.001299229211134549,16,4
2146.342489005478,1526.9691381837822,592.3417434472105,3.438583456008655,0.03194914607135161,9.643091417896876,3611.0,0.0008377355888442125,16,95
2128.4166270030146,205.57448833888625,288.05879245025596,3.3942396911639143,0.09636370734213061,5.3928188972124715,1762.0,0.002051712068747985,16,23
2090.8277737490935,1402.228426395939,252.09143251715247,3.025693694845098,0.15547166949832011,6.809576404107273,1105.0,0.004229553836930308,16,88
1967.4847932726,2190.755571128241,326.08273586111005,3.411633504273903,0.0809972595527991,5.575626317456962,2391.0,0.0013742522955749194,16,21
1797.860741364785,1762.8376579612468,542.4810195755257,3.4630070545916656,0.027020942890688546,8.454843186307688,3802.0,0.0007894816933231823,16,80
1726.3868234007655,1345.2807545106616,334.35477162717325,3.4077308949473033,0.05138832419803307,5.986943013007066,1937.0,0.0018042537484085676,16,15
1583.764196587726,2507.736185383244,179.47118482502862,3.0002970738235732,0.11600387532004791,4.844396636479,874.0,0.006747990031535298,16,25
1016.3197180378525,1606.7247972190034,473.28841101298605,3.41950701069829,0.030946702142642092,7.997824635696462,2806.0,0.0011284216784150218,16,29
377.94489883770984,108.64370784904577,318.4962279209637,3.45171477844738,0.019552628101426214,5.347117042151349,2177.0,0.0015481722919473283,16,38
368.07830960315056,281.56785822478037,301.7236471135317,3.4429614638158252,0.01771668225801727,4.981502201662368,1996.0,0.0017337540749466477,16,36
453.99514333096425,2135.053186448709,385.81506042599733,3.4246552300459903,0.020341402461969776,6.535365273740537,2204.0,0.001523840585200469,16,40
353.90598027127004,1866.8905672009864,444.7704534548455,3.5018344085973476,0.057297056844125005,6.58106712880166,2633.0,0.001219349256737459,16,67
236.42829749349403,1931.058074236406,333.66924380125636,3.423014032261565,0.05085501147287365,6.078346723129311,2426.0,0.0013494584430843767,16,97
190.1704922057199,1688.9022953234319,372.3330131829661,3.484609941455406,0.04070761795309513,5.7127318826403295,2194.0,0.0015327626304694982,16,30
270.99434527109435,899.3385075950771,412.1850307962651,3.4316864502269184,0.01610401723469411,6.946681969290641,2858.0,0.0011036834119831909,16,33
105.4265200122212,860.3997861289337,299.1643432301088,3.466063486033513,0.043806898934513346,5.255713332029104,1847.0,0.0019235695613438258,16,0
864.1641150658215,651.390638712823,468.67252365181264,3.46175031751979,0.010950559776253858,7.403700519901867,2808.0,0.0011274497179914306,16,53
860.0448119325551,1852.1599221789884,704.7226050425111,3.4329505031297844,0.019556739090349464,10.73993593936382,4524.0,0.000648319518412722,16,52
857.4748624312156,1785.3856928464231,365.43203306873664,3.3660867888595902,0.011477330092036421,6.855278259168395,1882.0,0.0018753407981167021,16,74
847.7849020846494,745.133291219204,434.07621937054284,3.277747738607233,0.01495393336985854,8.911861736918915,2564.0,0.0012598387318983164,16,43
1000.0768257982928,1653.596332595637,722.7748377916545,3.4328663838302447,0.01420985944110903,11.653973040586273,4060.0,0.0007324897696538048,16,91
1423.0038126361655,1408.0580610021786,419.69567449178004,3.411661406294338,0.026869536087909884,7.132083357376654,2141.0,0.001668716327210663,17,27
1367.5572403335862,534.0350915195495,422.11875409396566,3.447051176135292,0.023926187208087556,6.857772459016013,2455.0,0.0014025990152547628,17,13
1250.5438527414115,1930.7240870164387,464.45406940762456,3.4060593476266785,0.033776237221780955,7.909297569398469,2681.0,0.0012581836386339087,17,7
1251.926322622525,1396.5631288542681,281.71729261637785,3.430583944357862,0.06805268700176793,5.257625551912277,2008.0,0.0018145400383878182,17,64
1094.059468536995,182.04415687049294,462.8082040174607,3.418271444759512,0.015266317293682939,7.817860603278255,3105.0,0.0010544890863091792,17,86
1082.6380980920987,1401.9507541704124,457.68773391472877,3.468481886466121,0.024285562086727257,7.177801840436761,2746.0,0.001221996456070076,17,12
1448.8813901798344,2482.2102444938373,452.52154532893667,3.4411749721464404,0.033946297699427856,7.543549704917615,2686.0,0.0012553240909944736,17,55
1568.1915732996686,42.79217295250118,289.71802715189654,3.494557187298645,0.03467031586142446,4.526129822950569,1669.0,0.0023345272091749615,17,11
2148.679024767802,1527.66153250774,590.6828011365793,3.452396305130397,0.02924474098056343,9.372289027321886,3684.0,0.00086357133654971,17,95
2128.253606462781,204.8896422388921,316.92052457266004,3.4300570552386924,0.0411528735751268,5.486217967212811,1852.0,0.002021768825207397,17,23
2090.9527753303964,1402.182731277533,259.45239136610587,3.0061024570661017,0.1694633037689948,7.04064639125644,1109.0,0.004433080661460012,17,88
1967.4222654496484,2191.455334430645,305.53662229069346,3.3323331333955464,0.08224421307963055,6.126276730054306,2260.0,0.0015567768494754585,17,21
1584.0337894442894,2507.7645908963977,163.7178878382423,3.005440473186338,0.0998557936682463,4.526129822950569,801.0,0.008768065255791399,17,25
1798.0664073102325,1763.7588889894146,505.32639326336,3.441159901994358,0.05596778816524057,8.32076391693943,3724.0,0.0008529032770717489,17,80
1728.5197386332698,1345.2297849169615,335.84797655954424,3.3906631781065006,0.03470018947393936,5.989121280873985,1919.0,0.0019272389057863194,17,15
1035.2154507383734,1865.57229446771,414.84951528740874,3.4547039035282836,0.010133945706053023,6.994927908196334,2464.0,0.0013962170210974388,17,4
1015.5887798963959,1607.5530695470077,414.8037968043486,3.3605651301601456,0.01980632184086858,7.863579086338362,2615.0,0.0012971884773270142,17,29
353.92100456621006,1868.6062785388128,400.49391160653516,3.428010459109271,0.04231097047735302,6.583461560655373,2511.0,0.0013638105116846795,17,67
377.58057565030015,109.41480683392335,297.0329844415136,3.401395832953952,0.04673189857164069,5.440499484152704,2084.0,0.0017282398776333346,17,38
370.5549672999066,279.1466832762379,293.60409821200557,3.4665281177146476,0.028268321797875032,4.80044072131121,2075.0,0.0017380287104811784,17,36
270.85375577003776,899.9368443138901,435.7885805289376,3.480658144121602,0.013491807659862987,6.62918004371548,2942.0,0.001124474363536705,17,33
234.8417604153789,1929.2916306094696,369.81680947320353,3.432751147778752,0.03400849292036876,6.171995213114412,2605.0,0.0013033102659998467,17,97
191.0014228124259,1688.021105050984,385.5896861289404,3.491613992308271,0.02737350757040872,5.7148103825133445,2203.0,0.0016084587631779237,17,30
126.34377319281579,857.1959329078225,308.0054203759392,3.4472638030001614,0.009415015220320174,5.029033136611743,1845.0,0.0020321828776065248,17,0
999.9150854781138,1650.9823407852714,730.0784559868448,3.453528382384148,0.018266835071585247,11.201028349726155,4067.0,0.0007712086949705979,17,91
453.94119730782853,2135.7932459558388,387.18983303604415,3.4343014912482825,0.01673558517736413,6.400587628414946,2190.0,0.001620730086893096,17,40
864.9092658227848,653.650329113924,451.4700202185542,3.461338001336141,0.022388183334880955,7.223520323496867,2810.0,0.0011883437914819244,17,53
857.1977725056017,1851.652036378015,693.7322619540599,3.4104271837782187,0.029976168612999923,11.658213180327223,4526.0,0.0006835880402783993,17,52
840.8413123962722,748.6491765607047,358.1128778098162,3.3846741948200965,0.060670586934104806,6.171995213114412,2303.0,0.0015199345157085077,17,43
811.0134801168276,1750.102785890811,406.98593620107033,3.330634345048685,0.01293730399613116,7.497831221857508,1982.0,0.0018460768005691952,17,74
1340.0646936656283,546.3743509865005,435.24465103139227,3.4169572857177366,0.014719265613865424,7.095888910896011,2458.0,0.0013242618189128075,18,13
1249.0619656066865,1931.5263714093574,470.45291511794,3.431654312568828,0.02013164772836401,7.909430314693005,2720.0,0.0011689553630278952,18,7
1227.538182368063,1440.6863753213368,298.88607240608485,3.4336730171390024,0.07018816155687146,5.242822380025078,2077.0,0.001641382951573354,18,64
1016.3238450769949,1606.9086327578161,484.2831189824889,3.373982970110325,0.014910698424499713,8.76816846314539,2824.0,0.0011169576312874813,18,29
1081.0361851332398,1402.7891538101917,483.3791840893811,3.4828639480996695,0.01878117794654727,7.367069378828343,2813.0,0.0011222375912489436,18,12
1037.6884666372073,1865.5276182059213,409.12093262057766,3.3756228864983604,0.008493295980990186,7.367069378828343,2458.0,0.0013242618189128075,18,4
1422.359530370193,1407.4590870971606,377.25722763852866,3.3915270855774664,0.019174948788700515,6.779511698308291,2039.0,0.0016815452449763372,18,27
1448.0816597002752,2482.323478438169,443.3348683247068,3.4072179954246247,0.06231747423191415,7.909430314693005,2654.0,0.0012045414338874357,18,55
2146.470227603648,1526.8549314123688,589.7723210081659,3.4255601601654457,0.021843411352402448,9.943283824185492,3606.0,0.0008370033655330274,18,95
1583.0782608695652,2506.842391304348,166.32402033183007,2.992563246216978,0.13321205341488987,4.745658188815804,803.0,0.00823771744356436,18,25
2131.6235276351554,203.33645424343098,299.29284310798334,3.4592375421906367,0.05935096503238476,5.152428890714301,1833.0,0.0019387056396951683,18,23
2090.9756355932204,1402.238877118644,255.99436172812105,3.0438474111142453,0.12078714279565177,6.6439214643421245,1082.0,0.004381552760931809,18,88
1968.6886220131237,2189.819982666832,365.05410658157376,3.4267842167394478,0.03694461175673026,6.372740996409793,2475.0,0.0013129434141603191,18,21
1798.8572609990076,1762.8685908038372,546.519036372959,3.4420561556858913,0.04650087513209056,8.948955441766943,3739.0,0.0008027823349057198,18,80
1727.0036105910672,1345.420299545333,337.981256532996,3.400950105596113,0.030427368216599443,5.739986571234352,1932.0,0.0018059738477385558,18,15
1568.890675738364,43.64852327199629,292.2873476863981,3.4678046052163602,0.036646171327277786,4.700461444160415,1670.0,0.002205602283895751,18,11
1093.3511171434538,182.20139903946543,432.89442030931207,3.342806889954746,0.03370314543407937,7.999823804003783,2945.0,0.0010619957871382383,18,86
374.4562570781427,107.9920724801812,319.2698042456651,3.452537760480321,0.04747563788161287,5.468806103302021,2262.0,0.0014704067844819617,18,38
352.3949688239088,1865.3234788217587,420.4201187844248,3.453020390505044,0.045410919880369174,7.005495421585233,2540.0,0.001271394829060883,18,67
350.11538461538464,284.4161927566597,302.0046477873066,3.4986207570179273,0.033603703558879955,4.881248422781969,2143.0,0.001576005496058762,18,36
271.063970423482,904.6953842706699,403.4261427939987,3.4159673042632672,0.016896098559694553,7.005495421585233,2785.0,0.0011359054811235529,18,33
235.63215803950987,1931.0500125031258,361.4835637537981,3.4560072332822345,0.059622200919197975,5.83038006054513,2583.0,0.0012453244207312065,18,97
190.9975981746127,1688.1459108922782,376.3532927454209,3.4764731061228953,0.026669350332166736,5.785183315889741,2196.0,0.0015271589051817959,18,30
159.08164633328863,853.7730258747821,337.1225183845436,3.466152192308353,0.01671303614768323,5.468806103302021,1944.0,0.0017911099950378186,18,0
999.2724897349757,1651.8648127410725,726.4924735907164,3.4350566638611353,0.029567295563228516,11.479973142468705,4059.0,0.0007308849284466548,18,91
269.5098267117498,1237.3520710059172,427.74199141859776,3.1656005828078193,0.1134045965454091,10.214464292117825,2572.0,0.0012518912880160862,18,110
454.5761696818465,2137.1433562071115,362.25190841293966,3.440357160585114,0.04258501092064439,6.191954017788238,2116.0,0.0016021109049952074,18,40
847.953031243534,1849.6839092351197,655.3076007584793,3.4250973436135355,0.016323673015389346,10.621234994016321,4411.0,0.0006653382630590818,18,52
843.112475833049,743.2396224269305,397.41497575483197,3.417198159557832,0.009637847701238588,6.960298676929845,2304.0,0.0014364372282886252,18,43
819.0488644184446,1709.0782289515944,394.02521990567783,3.3553756180146843,0.04485862469744392,7.005495421585233,1962.0,0.0017692673783250349,18,74
867.6187361738963,652.9142060209676,469.9105541820753,3.3025736027610835,0.029614928704095166,9.220135909699275,2895.0,0.0010840379246136146,18,53
1301.9334358974359,568.3554871794872,396.0831293151271,3.4635538292633954,0.0203850541113179,6.337330069042034,2357.0,0.0013392918688609377,19,13
1249.798427113566,1931.475798146241,433.90399017588436,3.4013440675937,0.033297594147772135,7.79979085420558,2561.0,0.0012076214137129685,19,7
1207.969658301432,1478.3957181341273,286.5204421599581,3.4656770392145524,0.047731801837080236,4.8342453731795,1997.0,0.001658382971257757,19,64
1080.298677478521,1403.5099913119027,420.82309093081045,3.4197881879029683,0.030040869636361853,7.2716800151187435,2548.0,0.0012152349520966447,19,12
1094.092844154455,182.03048454380146,379.7929411248332,3.4085864911396073,0.01954452497778938,6.540449622536971,2671.0,0.001146825689639328,19,86
1036.0318136769079,1865.4597621407333,409.89525895278285,3.4370164764898976,0.01122423752557173,6.702945265332921,2385.0,0.001319544491141117,19,4
1016.3428013491923,1606.2756967867922,457.668977934792,3.38195207801349,0.007051674618369348,8.246653871894441,2652.0,0.0011568855871498538,19,29
1422.3549422980432,1408.1330657300553,404.8172701154094,3.3811406941115036,0.03716201272692869,7.2716800151187435,2068.0,0.00158395467784463,19,27
2128.3258998435053,204.82407407407408,311.50414723983533,3.431762711080753,0.045741617551006815,5.321732301567349,1850.0,0.0018371096452999142,19,23
1564.5171500073604,43.287354629765936,275.95822537822136,3.4442415625382394,0.05733437653769228,4.915493194577475,1597.0,0.0022554632147049228,19,11
2146.386330065798,1526.1199140593528,605.0525259507183,3.4233732423030587,0.030327661020266322,9.83098638915495,3654.0,0.0007909761258146097,19,95
2090.9817111959287,1401.885655216285,255.44315047523276,3.0419563980661146,0.15151096134672015,6.621697443934946,1091.0,0.004141866098368689,19,88
1971.4969186265878,2187.024273676267,323.0007139676488,3.3951032676433455,0.04341164535133293,5.971714872751147,2335.0,0.0013552272394214318,19,21
1447.2296695135537,2483.2116598588937,437.6007660494922,3.458039814881704,0.03723865940660411,7.149808283021781,2635.0,0.0011660373323248566,19,55
1798.3281346035649,1756.1161647203442,528.76082165802,3.435763586132059,0.040253987301447566,8.57164515748634,3375.0,0.000867363359473439,19,80
1726.319133126935,1345.2844582043344,328.03807889432323,3.4366085953699903,0.047124822985967235,5.565475765761273,1921.0,0.001746214010646989,19,15
1583.0935847321223,2506.769602207404,176.67338762989618,2.959021110502298,0.11724050071648906,5.240484480169374,817.0,0.007570531716831059,19,25
1001.9226258153312,1657.9312428939022,678.8661716907784,3.4655696414845933,0.017382275337027648,10.237225496144823,3790.0,0.0007584177376109598,19,91
865.8541097700643,653.7933221742578,461.12201034420593,3.438242795824288,0.025876172973143863,7.63729521140963,2731.0,0.0011161754921220131,19,53
352.4057643402091,1867.6727889234246,431.30405989114917,3.427803257191165,0.04209056072169485,7.312303925817731,2563.0,0.0012064585593094743,19,67
349.08520920768154,289.6908304718301,319.4258098261379,3.475738479865049,0.008928555290909057,5.281108390868361,2097.0,0.0015554414394184453,19,36
270.0259752350805,904.016385811377,436.3414248178236,3.4667210349545106,0.0040375028719163925,6.86544090812887,2949.0,0.001017382659247758,19,33
266.4505148741419,1241.3510678871091,426.0635754109798,3.1584008302825044,0.14794478888115958,10.359097228241787,2580.0,0.0011966639823769417,19,110
234.87170663512205,1930.1889450478545,377.7617455898838,3.4712962763897375,0.02035335733992975,5.809219229955198,2688.0,0.0011379718837149868,19,97
188.4151503419796,847.2449348303007,314.79468400645334,3.464939711009291,0.024462905551491054,5.321732301567349,1850.0,0.0018371096452999142,19,0
871.5786133960047,560.9400705052878,345.7094800483827,3.318360417991056,0.059681141171724295,6.540449622536971,2426.0,0.0012916571393478142,19,115
189.48138134447586,1689.6482733194052,330.55676135766043,3.438838670931599,0.04674673839267315,5.6873474978582355,2075.0,0.00157697688214921,19,30
377.8797430712502,108.03806351849649,341.52521724638706,3.477279309012562,0.025696307983821273,5.362356212266336,2261.0,0.0014117270118149613,19,38
848.347377894134,1871.2481387548064,496.54606047372295,3.3937996604329834,0.023531055045660748,8.612269068185327,3597.0,0.0008054684790979256,19,52
845.5934242181235,745.5785313323405,354.60611649146097,3.4353762615506813,0.037249963800350894,6.174834426246084,2106.0,0.001546800071626813,19,43
839.0107009095773,1643.1987693953986,303.70435638562975,3.4963100628583743,0.05129705958646993,4.7936214624805125,2890.0,0.0010423517527423857,19,116
829.0143432906591,1668.461830251304,342.70331065665766,3.3179648083451374,0.04921335027798187,6.418577890440009,2278.0,0.0013983344751866689,19,74
452.2138097426471,2138.5505514705883,353.5905187239863,3.424356557206383,0.01826954291969582,6.215458336945072,2111.0,0.001542040672261686,19,40
1259.5456715798214,597.2783890388208,415.24695433028563,3.4260932575372074,0.03354884251326156,7.068766920299652,2472.0,0.0012909365183381865,20,13
1250.567624927648,1929.2263168049392,446.7977920477207,3.445560747897399,0.02394260822904407,7.198073632256353,2669.0,0.0011744373655828858,20,7
1189.9257126403686,1530.3450906996832,299.3881404170816,3.4932166588936027,0.07047525782272804,4.870552817035736,2092.0,0.0015963936496116357,20,64
1094.1389940508384,182.67906976744186,398.48018401323344,3.394042437428159,0.027662828014518987,7.284278106894154,2863.0,0.001078584001715946,20,86
1082.6676354772173,1402.7653290830676,459.72846324339076,3.4400112070775366,0.028682909612880288,7.542891530807555,2727.0,0.001144041028794681,20,12
1035.1721393034825,1870.7119402985074,433.1774850549482,3.4499260933752254,0.018199591114774472,7.111869157618552,2552.0,0.0012409480014827238,20,4
1016.5020556905251,1606.9461782844328,461.2801437868712,3.358521602118534,0.023561161279466232,8.879060887693464,2742.0,0.001136434281665171,20,29
992.1149511213341,1696.0637722829213,749.5479069756765,3.452445358499032,0.012956906535957902,10.991070516319581,4111.0,0.0007072507893568284,20,91
1447.3046042421106,2482.380962234868,416.58312368717156,3.3732461289470543,0.0686420988909992,7.456687056169755,2597.0,0.001214494483348607,20,55
2147.2563414306805,1525.9968460609314,642.3095405262525,3.47801153240869,0.019871328948261865,9.61179892211477,3783.0,0.0007776117736527762,20,95
2128.389947528307,204.93703396851697,312.1464026634761,3.4158523827429104,0.05314225102789451,5.560188614138141,1842.0,0.0018907198934807663,20,23
2090.3120013580037,1400.1510779154642,253.91528004564177,3.02689803194742,0.12959295846970603,6.76705125906735,1092.0,0.004230824384203761,20,88
1971.4978219439151,2186.994282602777,316.62903534464175,3.4307151874678348,0.09591624974791788,5.689495326094842,2344.0,0.001379872085566198,20,21
1797.8248835297343,1758.5096373435645,471.84019193000177,3.4171476087833486,0.02083660429692946,7.930811666677658,3426.0,0.0008720369306214051,20,80
1728.4886826936595,1344.5818923098552,306.58621404933797,3.3249860336969066,0.04341205705053078,6.1205176992838455,1848.0,0.0018823905652647012,20,15
1583.0473885350318,2506.9284076433123,169.17628147668376,2.931532935226632,0.10262452411123435,4.870552817035736,815.0,0.007793240409142761,20,25
1562.91788856305,43.65073313782991,293.95725851490016,3.4848646350936914,0.018322402873011862,4.698143867760135,1664.0,0.0021764209814594164,20,11
1422.5655646771688,1408.8805191923675,388.52356719256744,3.401747811633254,0.03431090764646127,6.637744547110649,2040.0,0.0016498131586806224,20,27
872.9574332097661,568.4274574971239,337.1888025457572,3.28527717947509,0.01870226060331897,6.853255733705151,2435.0,0.001315444119760203,20,115
234.8699656188605,1929.3849459724952,351.0246207251242,3.426071598956855,0.027832564126986693,5.905006512689344,2551.0,0.001241548952709486,20,97
849.1104794674246,1872.8097838282595,576.2338107163783,3.4524001067547494,0.01836907005433134,9.008367599650166,4060.0,0.0007173431406978454,20,52
352.47766533783096,1867.752325462537,421.6691876908018,3.448960514604247,0.04476971072957522,7.154971394937452,2554.0,0.0012397478426242673,20,67
349.1002706359946,285.3779431664411,318.52553378667335,3.4712037898998216,0.02160892691216827,5.215370715586938,2167.0,0.0015251673239242063,20,36
271.4938104649953,1266.8783938416727,414.3418073465887,3.1777010952092586,0.07184201995508255,9.65490115943367,2559.0,0.0012367575771976265,20,110
267.492661600916,902.3229936504632,414.0831939226753,3.3866729175710093,0.06178841953761717,7.370482581531954,2786.0,0.001114693543655315,20,33
866.6722088054988,653.2395504365595,464.0386869752808,3.41606720370902,0.025341672379854352,7.844607192039858,2726.0,0.0011445517675743322,20,53
223.63592878022854,840.9321020462397,324.38743806204377,3.455671986924077,0.03223992928505261,5.43088190218144,1925.0,0.001781663113861385,20,0
376.9247980111871,108.01068986948415,346.75749923055304,3.4906071245841517,0.031098833630254362,5.387779664862539,2348.0,0.0013769077629798977,20,38
190.1373197825573,1689.6889624202315,364.73113219253446,3.4677840014058723,0.044324052803644085,6.1205176992838455,2186.0,0.0015081210645154918,20,30
844.0646721403666,1620.7293892700484,383.22199200234274,3.3467039603904105,0.02822327186410377,7.198073632256353,2055.0,0.00163404029397703,20,116
843.3756799637353,744.2056890299184,380.3341421019764,3.4429359269259567,0.013580035211059776,6.422233360516147,2212.0,0.001485402777614056,20,43
833.0333078101072,1655.4711587544666,337.74913163090287,3.337165994666301,0.007403383948573874,6.465335597835048,2907.0,0.0010589812643432464,20,74
453.00721451921993,2136.9817382482247,382.3599472559647,3.4788764630492963,0.020160923338572723,5.7325975634137425,2189.0,0.0015054643204323204,20,40
1248.9644573488185,1931.4913896676012,453.43311020067324,3.4444065851854484,0.012435305044942661,7.354441715309278,2696.0,0.001128794449165606,21,7
1232.3170378042464,625.8410150181253,438.3156466747597,3.455330094077376,0.037117686492723415,7.082054985112638,2563.0,0.0012010771132648557,21,13
1162.819333236279,1573.8624253894309,311.83740828678657,3.4771470711286088,0.06406894267437936,5.220745662102265,2162.0,0.0014884503913041715,21,64
1016.3836608066184,1606.843188869042,482.8962748502765,3.3794945420831675,0.008586742192404155,8.67097757792637,2812.0,0.001072499835645911,21,29
1094.1958359101216,181.7828282828283,440.4493427279667,3.3526189161902153,0.03541149209033701,8.216999694265304,3029.0,0.0009809802615495225,21,86
1081.0887064873418,1403.517009493671,459.06243595807047,3.409153840040559,0.020930332645012865,8.035408540800878,2726.0,0.0011136765326955022,21,12
1037.0300784655624,1871.5362903225807,416.57010604739463,3.430131497831387,0.032200598173064525,7.127452773478744,2468.0,0.0012586469750008318,21,4
1423.069837380263,1407.2962797950545,407.58134395090553,3.4110763978581526,0.01663439386335939,6.582679313085465,2103.0,0.0015427606255211785,21,27
1448.108535954475,2482.3670977754787,438.7696245584208,3.3826647937812915,0.05095862190034569,7.944612964068664,2651.0,0.0011522569040840203,21,55
2146.42583218285,1526.0782328578002,591.8963647172985,3.4235677408348866,0.03018775253728673,9.715126710346823,3626.0,0.000794467869792091,21,95
2131.536143661543,203.30634606604778,298.3088673536868,3.450080998345595,0.057676026095309106,5.1299500853700515,1831.0,0.0018547584466498859,21,23
2089.888969917958,1398.8038286235187,249.00686918809498,3.0351030462518676,0.14328827140494094,6.219497006156612,1069.0,0.004279070541139825,21,88
1970.5736200716847,2188.523440860215,316.6495738535939,3.401833787573927,0.09573305243136813,5.674723545763332,2333.0,0.0013506443565277865,21,21
1905.841556459817,1205.7690742624618,357.0082077110627,3.45862773344802,0.023738740558260935,5.720121334129439,2438.0,0.0012779911309285584,21,123
1797.442966133234,1756.060569408262,487.9354293589143,3.434565643738122,0.06839436896330978,8.12620411753309,3239.0,0.0009061501355145421,21,80
1727.0651482376893,1345.3488993510625,356.78121876923217,3.397827947776705,0.04090107278483526,6.219497006156612,1963.0,0.0016889958210768814,21,15
1583.152977702512,2506.823595822749,160.84436418111588,3.016138733407153,0.11891522316307424,4.494381048244558,799.0,0.007970515132370092,21,25
1566.014411407767,42.75470266990291,299.26222090937506,3.482968268756557,0.015195570633822347,4.857563355173411,1685.0,0.002080612663805114,21,11
991.9718079539508,1697.535779696494,694.0413885410385,3.4240278196417733,0.02547536314102532,11.576436033357197,3962.0,0.0007176719189194759,21,91
376.94980639609923,109.54409866628424,316.5587782768617,3.4044074317389246,0.026391762938594156,5.629325757397225,2172.0,0.0014796219934607704,21,38
354.63666267942585,290.57894736842104,303.6204085925213,3.4440590967927593,0.02624361573370587,5.2661434504683715,2084.0,0.001561104064310969,21,36
352.40615150527117,1866.9622867079665,417.7050507565473,3.446928668847849,0.06908091821162354,6.673474889817678,2534.0,0.0012180847173317375,21,67
303.03735816741596,1277.515414258189,424.10613891616833,3.1822874702230335,0.09038263198458453,9.62433113361461,2630.0,0.001163543106749495,21,110
268.295645848488,903.8312376597735,436.8629174470443,3.4211626900093486,0.047939489898148197,7.263646138577064,2901.0,0.0010329746728349205,21,33
235.6499808453582,1931.920699782914,355.5100806949812,3.4430996954351922,0.04886036547169346,5.856314699227758,2581.0,0.0011907574987426557,21,97
190.23674242424244,1689.7598484848486,359.5504838595647,3.422980123999105,0.01891938928773684,5.992508064326078,2141.0,0.001507337299027586,21,30
871.946861867968,567.6574488274366,334.89948477676876,3.3977841259041814,0.011932789348511441,5.947110275959972,2447.0,0.001272125737585636,21,115
238.10346680999731,844.9681537221177,337.8503410205657,3.438815224435551,0.036910227541371896,5.674723545763332,1947.0,0.001707492945979171,21,0
453.72340171755724,2137.0435353053435,380.6150576614382,3.415522212595436,0.03609622148939055,6.401088159621038,2188.0,0.0014657123416492912,21,40
848.2430555555555,1873.2742647058824,555.6689296011455,3.433518936540426,0.02146007705350777,8.988762096489117,3904.0,0.0007298501554594204,21,52
845.9533013205282,745.815606242497,378.1635770896684,3.430024202015281,0.017836738329054438,6.401088159621038,2200.0,0.0014554505263982478,21,43
843.8632717125915,1616.0603418207186,390.4663777368833,3.3586701295228383,0.03028307911099575,6.809668254915998,2034.0,0.0016115279673385699,21,116
834.4843835616439,1654.6416438356164,331.40385507257855,3.3669220934796877,0.04420140283127102,6.310292582888825,2998.0,0.000993086403220048,21,74
866.6938659058488,653.9457917261055,477.35774466961146,3.4171812817739045,0.029912894328276825,7.990010752434771,2746.0,0.001103820901788547,21,53
1422.5467321755027,1408.9452696526507,389.1792064223894,3.3900192252182255,0.042064126795360986,6.714586399655028,2054.0,0.0015304714443868386,22,27
1137.4405458089668,1582.0094466936573,296.55348807483034,3.461525132844501,0.07397228688381147,5.02482293484118,2080.0,0.0015055071019526931,22,64
1250.606454767726,1929.2931051344742,454.6797744137262,3.434828090280495,0.018639931637234996,7.515000672461587,2676.0,0.0010957824105079991,22,7
1209.1822638631659,647.5055016886371,408.16681167174505,3.4005728707412004,0.013499775935435115,7.33713083406013,2388.0,0.001261708459184554,22,13
1081.9155604719765,1402.875645280236,482.38300174475324,3.4928947052307358,0.02002318769032995,7.203728455259037,2809.0,0.001033043997603301,22,12
1095.273839781606,180.30754024286924,472.37782333467123,3.3430433739756364,0.0170928262072809,8.982426839273613,3075.0,0.000926905122345678,22,86
1034.395190856157,1870.7559844727193,412.39122033377964,3.417564898909382,0.01633444793126833,6.93692369765685,2497.0,0.0011933202447218412,22,4
1016.3170731707318,1607.6296331860956,463.0841242781951,3.3829433548716157,0.03734651333619415,8.44881732406924,2772.0,0.0010497645722237882,22,29
1448.1797635241185,2482.462697499215,424.97551140068276,3.406411793960696,0.02787348031025841,7.515000672461587,2618.0,0.0011255931326685765,22,55
992.7203959893387,1695.3756187333418,700.7182283825425,3.427535705920112,0.007477794478849296,11.339202198092927,3975.0,0.0006878041561403884,22,91
2146.2220298775405,1526.8177213566712,693.5589673868839,3.4483336092070984,0.008722078039111342,10.894527602089283,3971.0,0.0006885936095754,22,95
2129.288278182838,204.87815479528885,317.14192186979903,3.4960317220325985,0.03532045432208917,4.935888015640451,1851.0,0.0017580860583929516,22,23
2085.8395215994287,1391.8072117101035,249.10670868124149,3.0450327101101626,0.12252852654847472,6.714586399655028,1053.0,0.00423258748470667,22,88
1970.610488446105,2187.702089387021,321.3663305318337,3.4387643592213473,0.07611418228302871,5.42503007124446,2381.0,0.0012663692127683286,22,21
1920.0482092097782,1244.7290505969302,391.0913071852051,3.4116311103969146,0.013292425358844753,6.53671656125357,2268.0,0.0013466737188969997,22,123
1798.274356578612,1756.0513887709164,523.5154018750903,3.4557178559512844,0.05515694592287605,8.182012566467053,3354.0,0.0008367343429175198,22,80
1727.7900494920552,1345.3117999479032,341.421154811598,3.4122421833591012,0.021228368279227125,6.092041965249925,1942.0,0.0016482029460157832,22,15
1582.8957468879669,2508.2624481327803,171.4665242190052,2.9899555222270893,0.13571701034681435,4.935888015640451,812.0,0.007361933921686671,22,25
1566.1141810410625,42.77575942604182,291.3063278419873,3.5131738463584012,0.010871551510426358,4.535680879237171,1665.0,0.002035451668150707,22,11
866.6351927265839,653.8978122928307,469.53190592024794,3.4236355565805483,0.014728286120726913,7.826272889664138,2723.0,0.0010727593406551035,22,53
364.8670984091229,293.981275517387,315.8523655413885,3.514235645931739,0.017472249647747497,4.935888015640451,2093.0,0.0014933278651791122,22,36
352.47710487444607,1866.109516775691,421.46258209225397,3.444706879603769,0.04066692106686738,7.114793536058308,2554.0,0.0011604283465614011,22,67
324.8131065428363,1267.454763643953,426.1316653502922,3.140256767195203,0.15757512933800608,9.96071095048163,2618.0,0.0011255931326685765,22,110
252.10965608465608,860.9858465608465,336.173994578755,3.4424213208531795,0.05186445730017439,5.647367369246282,1937.0,0.001653882629314086,22,0
376.17195960778577,109.69120444899751,303.8461514492901,3.418962111104288,0.020562485818129157,5.291627692443366,2170.0,0.001425044777860728,22,38
234.78142346120637,1929.3728876279758,360.4976949801544,3.422637039972056,0.004818677945463492,6.047574505649561,2577.0,0.0011476639685909075,22,97
189.5762284196547,1689.701593625498,334.8399707907441,3.4583463335169022,0.056406319693798744,5.691834828846646,2094.0,0.0014923991577749805,22,30
872.0371791479228,567.6374702302196,336.0850596595543,3.37579682947957,0.009403847367766296,6.13650942485029,2425.0,0.001237632087286282,22,115
377.11096089850247,2538.0228785357735,427.5990915171043,3.3614575467499703,0.07073837169810253,7.692870510863045,3349.0,0.0008381956508629258,22,127
268.1615291016021,903.0249442303792,438.5380865787939,3.4252897714283788,0.0705834745911121,7.515000672461587,2889.0,0.0009986516690118916,22,33
848.2118354739067,1873.2263859535035,547.0386880036831,3.4514893031870506,0.027389008108440433,8.493284783669605,3888.0,0.0007053936913349136,22,52
845.9123990708993,744.1622608118571,402.03030224689473,3.4453240362634325,0.021829946190994837,6.447781642052841,2277.0,0.001339906377409458,22,43
833.8124767456281,1654.8109884658315,358.5411267577383,3.4156078930299416,0.013501403088128127,6.225444344051019,3083.0,0.0009240497721691621,22,74
826.3819918144611,1615.9383810823101,391.13577464480545,3.3484197028738656,0.025828556687427753,7.248195914859401,2059.0,0.0015256065153056142,22,116
454.5431973650874,2137.0305295160883,351.02612608527676,3.445014904455119,0.034318215142097895,5.7363022884470105,2102.0,0.0014850108775221074,22,40
1250.5942918371322,1930.0304889927918,441.7924654778961,3.4451817406043883,0.029420075175707702,7.014628080352335,2539.0,0.001117057548855277,23,7
1208.1476162563501,665.245994529113,440.50142963488645,3.4793113771609883,0.019006847155408284,6.8424899679510505,2467.0,0.001157656605637102,23,13
1146.4998492613809,1583.255351220983,285.49105941753,3.4178855325209088,0.08178154830651119,5.207177900138849,1921.0,0.0015981201508509706,23,64
991.8986464607215,1695.345314422641,664.4961483970576,3.4357462143961843,0.009402606645371977,10.629528440779303,3705.0,0.0007124365394515602,23,91
1081.0499306518725,1403.6285912423223,434.3905266446409,3.4588211329698932,0.006954021753548099,6.756420911750408,2540.0,0.0011165137131034367,23,12
1062.63737446198,949.925274988044,359.94079303108543,3.425541947998013,0.028009418532035285,6.067868462145271,2029.0,0.0014862646187944963,23,128
2148.5733610822062,1526.0826612903227,661.6989040705367,3.4190409929005288,0.031165140558619773,10.973804665581874,3885.0,0.0006747086003736552,23,95
1037.007334450964,1870.7161567476949,410.7215361894643,3.4584559928021643,0.014035390065160412,6.498213743148481,2377.0,0.0012127529452774601,23,4
1016.3322963251021,1607.0488041998833,442.6531560399025,3.372147471985385,0.002515506707896755,8.219594867161325,2568.0,0.0011014984096761869,23,29
1096.931231200083,180.32092106627942,414.89588541519544,3.3066333773319783,0.027666552647412853,8.133525810960682,2777.0,0.0010010140479205403,23,86
2129.9025710419487,205.7790257104195,318.0251626613727,3.5300948554916487,0.030316295302553146,4.948970731536923,1856.0,0.0016739414448255763,23,23
1447.257872090749,2483.196655583806,440.07108435388324,3.434959078150759,0.028639091821455787,7.703180529957471,2594.0,0.0010879127900630288,23,55
2084.4266571377525,1387.9621225656601,240.86425377749703,3.035199372884856,0.10199378862118012,6.02483393404495,1049.0,0.004073208406835742,23,88
1968.4893917963225,2185.3287128712873,304.25411366926994,3.4111888448485574,0.13138257671789108,5.63752318114206,2718.0,0.0010274741323950676,23,21
1954.7065489811484,1267.0375939849623,394.9278643766465,3.4460615962611736,0.04142634602492226,6.41214468694784,2223.0,0.0013202717789412921,23,123
1805.4271167782772,1758.9709200990735,469.1193908216,3.397063761244921,0.0631740385907891,8.391732979562608,3223.0,0.0008378987420265307,23,80
1728.6351795649975,1346.115579160344,340.317048217339,3.452931576124566,0.042628441619550005,5.63752318114206,1937.0,0.001580498297283366,23,15
1588.2900009870693,2197.766854209851,435.98280418435274,3.411442942127158,0.0039892340235220146,7.358904305154903,2865.0,0.0009639867472018828,23,129
1583.7153890160182,2508.4362128146454,150.44871023872247,2.9922669211203603,0.13672667419694773,4.174349225731143,778.0,0.007853030380358412,23,25
1565.1578199052133,46.62669826224329,272.4085628750324,3.4505305588330555,0.025449992322649953,4.647729034834676,1577.0,0.0021020026502912223,23,11
1423.0070869473238,1408.2141950497144,406.8484286604354,3.423682129380277,0.019962985464640894,6.584282799349124,2047.0,0.0014691267795342345,23,27
872.7438483259378,567.7129218771009,320.0477854820878,3.3954940916448453,0.028174242457290992,5.551454124941418,2244.0,0.0013045009263540053,23,115
848.2245776478233,1874.82261208577,529.8411099711531,3.441177001448145,0.040935357984493714,8.520836563863572,3804.0,0.0006911796141679241,23,52
353.93408645317896,1866.9614415087294,460.94283048253897,3.460177982182174,0.031718914802781814,7.22980072085394,2647.0,0.0010612314157470984,23,67
326.67112773076167,1253.51731942531,437.31687455546273,3.153973635739833,0.13195056084879017,10.586493912678984,2593.0,0.001088429114141027,23,110
268.9650440705128,904.6009615384615,429.65672855360555,3.4340892169540385,0.03458700761497526,7.186766192753619,2950.0,0.0009307328036377687,23,33
263.58735909822866,868.9284755770263,320.6933034035926,3.4208714945276633,0.03739953409327062,5.723592237342702,1946.0,0.0015707557316465878,23,0
191.0049813200498,1688.104607721046,380.123986710136,3.490765096656638,0.041171790948563,5.723592237342702,2199.0,0.0013387690815446223,23,30
865.0741581909746,652.3506467858201,435.81066607195146,3.449704930259345,0.0076334170595588205,7.100697136552976,2551.0,0.001110566282598421,23,53
376.95462068965514,109.61048275862069,312.00032872732777,3.4207682137809035,0.005153266244348743,5.379316012540134,2161.0,0.0013691405255933833,23,38
379.16038422354825,2492.5536312036093,295.6902425773061,3.1386251505765634,0.12850555734168587,6.8424899679510505,2411.0,0.001191333280256808,23,127
234.98093337767432,1932.1279237335107,388.21447799299636,3.4656692774451843,0.025987043681662183,6.240006574546555,2690.0,0.0010405271368072015,23,97
388.81030539486073,295.0339028655994,319.87564736968653,3.454846053569954,0.0413427900805593,5.250212428239171,2017.0,0.001497913717599571,23,36
845.8519969528785,744.9851996952879,395.44427871385034,3.4154112900377798,0.018352393198859583,6.498213743148481,2186.0,0.001349006518016768,23,43
832.3705904665571,1654.7989632064737,340.36008274543934,3.391416653283912,0.02083718683163199,6.41214468694784,2910.0,0.0009460912103956216,23,74
806.0,1616.8060178551748,390.45227345421307,3.3507937571629194,0.02410381461261447,7.100697136552976,1966.0,0.0015495298016490566,23,116
454.59707859358844,2136.355997931748,332.9151093840838,3.417043933736864,0.04478150456869337,6.110902990245592,2021.0,0.0014940104478178727,23,40
1144.8977588984912,1578.411015087154,299.6054568356973,3.391067804172815,0.05633809016085543,5.485671906322273,2081.0,0.0015412445587695695,24,64
1249.8020572966736,1931.4929821188232,456.4956733565143,3.421448009180202,0.013801733302495296,7.548284543099448,2681.0,0.001119946471192617,24,7
1188.9601210121011,687.9199669966997,478.70167323330685,3.4538181122667604,0.01940149679977634,7.50439916784887,2637.0,0.0011428557154132227,24,13
992.0017881623652,1696.9149430768314,736.2649405789502,3.452838792398502,0.02023268174694226,11.190770688897437,4068.0,0.0006862869519765244,24,91
1097.054188064459,180.2439348326545,495.64142808003004,3.3050315543652142,0.011765850072024816,9.523126429375466,3153.0,0.0009217402686903654,24,86
1094.6113759840337,997.9802638873489,395.80219938496464,3.431088667214606,0.03068780938445572,6.53892091233615,2196.0,0.0014375932395847201,24,128
1081.909811602313,1403.6973512404402,470.5389934366993,3.440869391230371,0.00883205756478825,7.98713829560523,2759.0,0.0010815144171144964,24,12
1041.1681286549708,1838.654448621554,420.2463533995367,3.449737558577122,0.016168208269772028,6.758347788589041,2467.0,0.0012409304600824631,24,4
1016.3741079597438,1606.9298261665142,479.66715148881957,3.365042832749638,0.019020420194143864,8.601533549113325,2786.0,0.001068818344671334,24,29
1422.3319474098214,1407.3944263400383,390.5359543548953,3.3749471950687155,0.024595304207701413,7.109430790593666,2046.0,0.0015758238986727023,24,27
1446.531350654928,2483.401546059695,408.74838508388524,3.3923045704174934,0.06231299745974995,7.592169918350026,2563.0,0.001183573852647806,24,55
2128.2870280061306,204.83753657517067,314.96533817339963,3.46047971861698,0.01720280806855998,5.310130405319961,1853.0,0.0017983077085029194,24,23
2147.747843803056,1527.5733106960952,646.2121505647638,3.4169258118073893,0.012713784141417916,10.751916936391655,3853.0,0.0007301099284209533,24,95
2084.304128200662,1385.8580386692213,251.94593931356937,3.037505783783469,0.07070067836050774,6.495035537085571,1086.0,0.00409716774079994,24,88
1991.6828795990432,1263.9730037589702,385.2697093248259,3.437810968237174,0.045585440472898246,6.407264786584415,2194.0,0.0014392766100390219,24,123
1983.2823081800889,2194.3099556119214,346.036183850809,3.3838738761423355,0.0765566100179118,6.187837910331524,2261.0,0.0013849487993956308,24,21
1804.759942544214,1760.84612622318,488.8391949161904,3.461586878134891,0.05221914560147435,8.074909046106386,3480.0,0.0008210690324673553,24,80
1729.9801256571354,1346.3627388126683,342.2620415792593,3.402065248472758,0.018413262275902148,6.0122964093292115,1938.0,0.001693034432571154,24,15
1592.580356402818,2197.6953170327392,529.4770523982259,3.4396459883957458,0.03964014683895982,8.73318967486506,3346.0,0.0008595387823788413,24,129
1583.6887853029887,2508.2580202906497,160.04996353885863,3.0068927306459052,0.11421336052283083,4.300766774556663,784.0,0.008249415919906933,24,25
1567.4465397616082,49.505426080768544,246.6796942835,3.4012879923811465,0.06711158637684038,4.651849776561288,1573.0,0.0022615358417414624,24,11
865.9896313364055,653.0813541297413,495.20257432752425,3.4739497455282606,0.014629171575454744,7.416628417347713,2809.0,0.0010582359570665391,24,53
872.7497726386904,567.6692217747175,337.7857333037003,3.3987135412125444,0.010655630295678188,5.924525658828055,2370.0,0.0013048214600378377,24,115
353.1521238752877,1868.5713538397154,419.4564166450263,3.448648791805812,0.03902706687458264,6.977774664841932,2541.0,0.0011962447538458913,24,67
342.1094491927825,2458.568138651472,184.84520055543533,3.261330603134857,0.22954949232365246,4.300766774556663,1809.0,0.0018581156477198218,24,127
327.56373908577297,1251.8535182331793,427.22412806437865,3.187111306451718,0.13440536985324822,10.049750932382405,2642.0,0.0011402053004196944,24,110
276.1054661774391,893.3148932166714,466.45765353839556,3.4029423936941714,0.051269392844801955,8.162679796607543,2980.0,0.0009856783023944296,24,33
233.22227722772277,1930.3825495049505,354.59383202467177,3.466333840966519,0.006596320361395364,5.748984157825743,2676.0,0.00112250343372026,24,97
189.38107835726885,1689.0046611237087,348.36210873908965,3.473398893594527,0.04414287104830339,5.661213407324586,2111.0,0.0015127907063803765,24,30
376.9291679093349,109.49492991351029,294.2953264303773,3.4159412957306974,0.022504307901798266,5.134588904317647,2072.0,0.0015499906207611775,24,38
265.1983917743211,868.1277353018719,332.9144566508861,3.4489994422512766,0.05392417996142368,5.485671906322273,2016.0,0.0016067225295390878,24,0
394.9265467429817,267.0759062414827,322.0308835887427,3.489422555922444,0.012250690284675472,4.959047403315335,2086.0,0.0015364281511819292,24,36
845.869810298103,744.9918699186992,404.8425866865838,3.426059862124681,0.02173405536849282,6.451150161834994,2269.0,0.001378734762235059,24,43
833.8571084917007,1654.70230935771,364.86300983330705,3.39959597990079,0.02505271797024943,6.451150161834994,3075.0,0.000949510029277089,24,74
805.9705711519845,2512.7639883833494,226.66796316923634,3.3155154633927024,0.0843345151500212,4.60796440131071,2257.0,0.0013880768706869488,24,137
776.8373247033442,1614.6537216828478,406.8174285728598,3.303295076178035,0.02974035947425272,7.98713829560523,1991.0,0.0016334123806087,24,116
848.2397534155282,1873.2385871376207,526.8000445079406,3.443358016315443,0.011468792491965014,8.382106672860434,3813.0,0.0007388879418328207,24,52
454.58514693225135,2138.6605188737244,356.9197569129524,3.4318468572106138,0.06035660633011157,6.187837910331524,2112.0,0.0015118603273058494,24,40
1142.0813543741383,1577.494561054083,275.715566992581,3.4275758766770474,0.044095892917027875,4.773381196592868,1910.0,0.0017308351412819631,25,64
1156.7934740511232,725.1101859024012,436.2785929062933,3.4646745577124265,0.037739775005292166,7.138950639152165,2483.0,0.0012342289961460196,25,13
1422.3793659942364,1409.5085878962536,366.45205203931977,3.3964551787090946,0.05145307188833529,6.5898005899866146,1960.0,0.0016721266532283693,25,27
1250.7083333333333,1930.877092846271,444.05117821755954,3.416931162498622,0.05204424829551753,7.392404507997805,2545.0,0.0011970659312625456,25,7
1082.6758291916017,1402.8514048077898,416.4669488248592,3.4587831458454845,0.021032241105302104,6.67428521293516,2468.0,0.0012435693435484674,25,12
1110.7205298013246,1021.7166767007826,350.82239679383866,3.41988377831681,0.03396354312019052,6.2096197867181555,2016.0,0.0016109283421453248,25,128
1095.2011137963643,180.37785016286645,402.02007830065776,3.33187597296357,0.017771169841650024,7.8993122456890825,2692.0,0.0011173010658599113,25,86
1041.7970297029703,1837.022013903518,401.04850513674944,3.4487734544333604,0.052870189385187276,6.420831344089522,2359.0,0.001315935785561945,25,4
1016.3951644479248,1607.0657791699296,431.5474540211747,3.3917566705839994,0.002234413615265773,7.561373753894897,2559.0,0.0011889819113969512,25,29
992.022447986373,1696.8935393600195,694.3791160141024,3.444562077899698,0.012080364882115606,10.771789425939659,3803.0,0.0007430813575828627,25,91
1447.3836860925871,2483.2446119648207,437.08119682430447,3.4202027422516537,0.0408620405134635,7.519131442420624,2577.0,0.0011787472270077448,25,55
2148.690861418431,1527.0853744324359,660.5430245232095,3.458438680539787,0.03644824622405257,10.476093245619746,3914.0,0.0007190207394730309,25,95
2129.187145557656,205.72427761274642,312.8465587784671,3.472627425572026,0.00792047189754617,5.1958043113356,1834.0,0.0018284126039391072,25,23
2083.433421284081,1381.8066842568162,240.14754073124297,3.0066768268134667,0.10502068002113384,6.2096197867181555,1068.0,0.004234496575489567,25,88
2032.2749535747446,1230.3902042711236,363.9597556623376,3.4373791867011416,0.02594687233778707,6.12513516376961,2113.0,0.001514891992383299,25,123
1985.2201978764479,2200.114140926641,350.104277498776,3.4402476733592966,0.05419962216627558,6.040650540821063,2274.0,0.0013784910088755768,25,21
1566.8986802309596,51.02790761616717,307.27057366386305,3.4864520381230726,0.035547188567011494,4.773381196592868,1676.0,0.0020711577089041985,25,11
1730.8467564259486,1347.198041615667,345.11968474481176,3.4429784151511993,0.05825363209691371,5.829438983449697,1960.0,0.0016721266532283693,25,15
1592.553180873181,2198.5565904365903,507.96379547813484,3.3878957832019916,0.06301203415013008,9.08209696696873,3309.0,0.0008731097421002586,25,129
1583.6558228540187,2508.157463094587,154.52237537289125,2.9468130147135354,0.09517558752955192,4.477685016272956,789.0,0.008132394212318313,25,25
1804.6919113858835,1760.0698952430018,491.95395942938535,3.446432647060788,0.03665659393249071,7.814827622740537,3358.0,0.000858213852249213,25,80
871.955971659919,567.7258350202429,333.88322989265515,3.4130873091318783,0.028447655443216455,5.660469737552605,2340.0,0.0013294209684471187,25,115
378.01070216653613,251.72056904202557,323.66059051588104,3.458200261298664,0.034787085262200014,5.3225312457584195,2169.0,0.001464488382019093,25,36
377.876629361422,109.7228439763002,320.83035564710474,3.433636811188987,0.03156337284494899,5.449258180181239,2177.0,0.0014575603723036169,25,38
352.39444090812646,1865.4067472947168,398.1760279564989,3.4217015631260876,0.0298818032897038,6.843254458832253,2451.0,0.001254327450897791,25,67
344.56675084175083,2466.170707070707,501.83866031436526,3.2436028727264987,0.09173457711568615,10.687304802991111,4054.0,0.0006908087757271968,25,127
325.9492596248766,1227.811549851925,427.9146152343872,3.198207172998885,0.13492714854253035,9.71573163908283,2647.0,0.001140566401316279,25,110
305.7096956031567,867.2448327696354,449.6271633321636,3.371632661182732,0.014073731067854141,8.110523803060449,2900.0,0.0010210335877594088,25,33
234.02806280133515,1935.4291012486092,341.69805751539565,3.435882875784733,0.012910928913867158,5.87168129492397,2668.0,0.0011295898310758612,25,97
190.16395599138963,1687.3486008132027,353.2302085478722,3.452898286566495,0.022688010283291468,5.702712049026878,2107.0,0.0015204989213577753,25,30
865.9643287315853,653.8578708422125,455.9212677418303,3.465318367872742,0.011882034176025338,7.138950639152165,2640.0,0.0011442728177554597,25,53
266.7480063795853,867.3296119085593,317.8311515324313,3.415066533149438,0.03623037470275765,5.702712049026878,1933.0,0.001703325357936323,25,0
452.9365555139253,2135.564880729362,338.2341879745053,3.4295893598534404,0.03303515849361156,5.660469737552605,2014.0,0.0016130367591034843,25,40
845.023448275862,746.4963218390805,367.50810982617656,3.4160540521713534,0.01545341423331803,6.378589032615248,2106.0,0.0015214374472008114,25,43
842.7671204188482,2510.6694240837696,403.41407457930876,3.431437657586942,0.024504734575795738,6.9277390817808,3078.0,0.0009509188211983715,25,137
833.0948373319935,1655.4638864464264,336.2910416466887,3.3282694022446333,0.029427973577851704,6.6320429014608875,2814.0,0.0010587506796799293,25,74
749.9359015516319,1612.23113964687,394.7544007270828,3.3452489008544246,0.019914640155417603,7.350162196523532,1901.0,0.0017418432650852466,25,116
849.0051922764887,1874.0236897614798,520.6787312318911,3.4622509394061063,0.03431450500651786,8.026039180111901,3723.0,0.0007614455235346968,25,52
1132.3685520361992,1048.9229638009049,384.90250842864714,3.4539799327103236,0.024771331286408408,6.1392820914524036,2199.0,0.0014595441185040708,26,128
1141.7693761814744,1585.6421404682274,299.43151023346223,3.4702457819882584,0.07563189216924679,5.224920928895663,2098.0,0.0015509936153588052,26,64
1448.3031417463487,2482.519491436377,414.3797706691668,3.3735741309074507,0.08177317565744605,7.663217362380305,2558.0,0.0012066562712341302,26,55
1422.340364754999,1408.8727752142386,396.310252456736,3.378977753906217,0.022195064803415602,7.097184261749941,2050.0,0.0015985953187206221,26,27
1249.1111513068645,1929.1986976575924,481.43292258999446,3.466894035765001,0.01572882881207495,7.532594339157913,2742.0,0.0011082397874320683,26,7
1080.9948419769296,1403.6364062646535,464.2777655401204,3.4673758523572107,0.007314449694376877,7.227807284972333,2716.0,0.0011211611356370926,26,12
1113.1025135534746,764.5665845243963,441.72352353038747,3.390590871276341,0.026244564067559557,8.05508643204748,2569.0,0.0012002840184977962,26,13
1094.3938848920864,181.12020383693044,435.75840546989826,3.3552189205469385,0.012712671032292644,7.8373813933434935,2932.0,0.0010221530997092064,26,86
2149.0327516603725,1528.6901940356818,668.7027968831632,3.434720416060403,0.026153551954015593,10.754628911976905,3883.0,0.0007359959502554882,26,95
1016.3366535684913,1606.9944256602394,476.4692477075436,3.381835140710383,0.0018136836738062133,8.577578524937046,2791.0,0.0010846803827062985,26,29
979.8826232985681,1711.075128159802,738.9344423690691,3.454486177573432,0.00895467674050252,11.102956973903282,4053.0,0.0007009187645348721,26,91
1564.2001232475736,51.813896163919274,282.6246812455145,3.4572682487254367,0.019288831071064414,4.745969843746893,1664.0,0.0021224262821023785,26,11
2129.08031409285,203.2092574734812,316.06417519044675,3.5098899884600994,0.034921565654334685,4.745969843746893,1854.0,0.0018276386498259625,26,23
1583.2503904216553,2508.0627277459657,167.2845517401428,2.9768760024550422,0.11005102542603808,4.78951085148769,806.0,0.007813693812479285,26,25
2083.3364618381443,1372.7570391358242,245.87607071228172,3.0293411978172142,0.09125238969539816,6.095741083711606,1071.0,0.0042739830883647655,26,88
2062.901352874859,1204.9738444193913,386.20873866087106,3.4569831945231284,0.03312259202764078,6.531151161119578,2220.0,0.0014418676851602353,26,123
1985.5670132871173,2198.563835932987,301.4779375972797,3.3595445483728064,0.11188943392946524,5.965118060489215,2101.0,0.0015481124613039479,26,21
1908.3597485995354,2413.4313430796556,318.6766356548946,3.3891801187463675,0.0758040359112381,5.616789998562837,1912.0,0.0017533012150642159,26,141
1805.4526535895648,1761.5940456039032,437.28234074082616,3.3411968716165066,0.07937601084608922,8.229250463010668,3338.0,0.0008766417575071791,26,80
1729.9896353166987,1344.3855406269993,340.27297549433,3.394172869635536,0.025268299842349157,6.008659068230012,1928.0,0.0017338467216082313,26,15
1591.9059144226003,2198.650173467702,527.1074397100907,3.4027034664447466,0.036049012426837154,9.056529610085814,3407.0,0.0008559334803799246,26,129
872.769201712415,567.0754218081088,345.8026834774113,3.4477427752474465,0.019795473343240312,5.965118060489215,2439.0,0.0012801812139706416,26,115
1039.2140743176587,1839.4474405349117,397.2246136192927,3.4134512852304564,0.014724062493795442,6.9230202307867525,2444.0,0.001276912061675753,26,4
864.9750737946868,2485.4981961298786,398.26959780507184,3.3742055254142227,0.04386930476179896,7.750299377861899,3185.0,0.0009263370593585804,26,137
376.0832181365773,250.84655792092894,314.97564999692685,3.5061855369659956,0.026512764553550863,4.78951085148769,2157.0,0.0014962298810488868,26,36
352.373381294964,1866.1445015416239,423.6540053179566,3.4467465333200455,0.04824049009611411,6.96656123852755,2539.0,0.0012178237289450018,26,67
326.01097694840837,876.8455909257226,475.99029662239485,3.4418487361130796,0.014745793250436052,7.5761353468987105,3045.0,0.0009770164839161518,26,33
318.54730102660335,1201.6202671376532,394.4379891238817,3.141070006535785,0.11867563236784526,9.92734976490176,2499.0,0.001242023254974078,26,110
314.96187000077657,2487.92249747612,560.6775566782453,3.3338134830597084,0.0483392557490658,10.798169919717703,4421.0,0.0006353685758101245,26,127
234.74200169020887,1931.332005312085,360.6501671170231,3.4236291076944942,0.026970802793110395,5.878036045007621,2544.0,0.0012148649321361154,26,97
190.26988036593949,1689.7471264367816,371.2306319980368,3.4688554323855185,0.03768020857167923,6.1392820914524036,2186.0,0.0014707055272648744,26,30
866.0504043633628,652.4404739514764,463.01507631563726,3.443244661253988,0.009741542785906178,7.4455123236763185,2711.0,0.0011236806314654294,26,53
378.58040996010453,108.90232494153254,316.49958526785474,3.4580997249248187,0.01981485764368862,5.486166975340446,2186.0,0.0014707055272648744,26,38
264.4949127906977,870.5556686046511,299.56213325668466,3.4211636127370872,0.03903403519262854,5.486166975340446,1845.0,0.0018397424734718124,26,0
454.6480555894185,2137.103133000122,357.1668864977593,3.459823216792203,0.013918109673388104,5.703872014044431,2101.0,0.0015481124613039479,26,40
850.6015554645927,1874.1146131805158,531.8534095538377,3.4494774678889555,0.040368042439875566,8.534037517196248,3895.0,0.0007334051535421459,26,52
845.8730886850153,745.0713193534294,398.66146687473906,3.448982223038584,0.017864680659263825,6.356987130156389,2278.0,0.0013951993428682923,26,43
833.7091668776906,1655.4045327931121,343.88687913681616,3.3280958261911517,0.0023459437121049003,7.010102246268347,2927.0,0.0010242468423476213,26,74
698.9406482698204,1604.1416995181778,397.6164826889599,3.353301992540434,0.016005957712410927,6.96656123852755,1953.0,0.0017042986515529374,26,116
1147.0177972957356,1075.5568011094417,389.43409355582355,3.424559668302078,0.011385424071938106,6.390805649477285,2207.0,0.0013885916092159843,27,128
1146.5566022413514,1581.496670456391,277.09993228050456,3.3747093667534687,0.08574300201112796,5.220658136192712,1993.0,0.0015857746712251192,27,64
1250.6071598138828,1929.9822429019086,473.9547485538401,3.4178226588401803,0.022465832656137122,7.830987204289068,2729.0,0.0010654356987488771,27,7
938.9744764814461,1727.2926611927949,707.0841377389974,3.4314532066478463,0.0026474131468592088,11.476446764906392,3965.0,0.0006869156172457959,27,91
1094.3084254283685,181.78708303761533,443.8909585971441,3.3433119760316035,0.023999484073681205,8.236038266579882,3025.0,0.000941226712027178,27,86
1080.1294196771714,1403.702632590315,468.4190507025323,3.439747099367849,0.038537464876464735,7.470941815586122,2705.0,0.0010769590150149241,27,12
1064.1897375777799,795.2490756605645,499.0679144158705,3.43111751607901,0.01716576003853757,8.191032592992013,2750.0,0.0010555532063743114,27,13
1035.294689450527,1841.683515808861,439.840447974236,3.353655775458788,0.030826811558822304,8.191032592992013,2554.0,0.0011555950516610241,27,4
1016.4256302099026,1606.3246961936327,448.1214919144037,3.37167364786498,0.010949952377796729,8.101021245816277,2705.0,0.0010769590150149241,27,29
1423.0993749337854,1408.1285093759932,424.80855299588796,3.4033972171731675,0.024281105170166347,7.200907774058913,2139.0,0.0014457139013506562,27,27
1448.1667973343788,2483.270482163857,459.2378932906072,3.472521917463983,0.024780976152871045,7.200907774058913,2713.0,0.0010730903132010192,27,55
2129.183386488837,204.82777616700494,310.4491364091149,3.47994711070476,0.0284314316142193,4.905618421077635,1837.0,0.0017688815439509153,27,23
2150.4823052870947,1527.81232234224,633.3198387284814,3.391814545704151,0.07213113238906328,10.846367334676238,3860.0,0.0007082925394283395,27,95
872.7125136314068,567.687159214831,330.16162144060115,3.419266727081544,0.026540887689893645,5.670714872071394,2397.0,0.00125053310883415,27,115
2084.6637033274064,1216.799974599949,354.37467383087426,3.431484015723387,0.014333024472619482,5.940748913598603,2063.0,0.0015153860247376905,27,123
1986.1301314730347,2198.4280922994367,335.4722909239696,3.4239603033389407,0.07690441695215751,5.940748913598603,2235.0,0.0013663616809394628,27,21
1563.3847589952477,51.71384928716904,265.1734287797195,3.4370243607242315,0.015031913978947204,4.815607073901898,1583.0,0.002178442314135011,27,11
1805.519800528014,1760.0471301456928,460.2730237831281,3.374349199735578,0.061273994931564386,8.28104394016775,3290.0,0.0008522740030209711,27,80
1729.271320904403,1344.345101150337,340.3779093450472,3.3875662235125477,0.004409938776995172,6.120771607950076,1910.0,0.0016782027255355721,27,15
1592.7080777537797,2198.5241468682507,520.9406717795745,3.390305069831132,0.06265380415478246,9.49619712704019,3404.0,0.0008189777019551969,27,129
1583.701098901099,2508.090934065934,163.82065185984027,2.9957387318407043,0.07707633539257815,4.500567358786821,789.0,0.007886611361719332,27,25
1885.0063659009134,2439.56670357044,325.21099734593565,3.4739352111248816,0.012510394500625783,5.26566380978058,1998.0,0.0015805307729696368,27,141
865.9727689661762,652.3211351041467,471.0293797706286,3.4141766696172424,0.010517942788473652,7.9209985514648045,2722.0,0.0010687711132383129,27,53
2083.44185619956,1370.8615187087307,245.37093240105744,2.982339802402122,0.12039918046333489,6.660839691004495,1079.0,0.004029875542672038,27,88
364.894954980706,258.96755752465344,314.90469809431386,3.512203352336871,0.01713095252119974,4.815607073901898,2093.0,0.0014870966372960643,27,36
352.44476646973584,1865.3283914836695,403.74589775676566,3.420514869255034,0.03197964380992846,7.110896426883176,2467.0,0.0012063450816986094,27,67
346.98006329113923,895.7264767932489,426.6537856129906,3.4401452231145915,0.03552318877054503,6.885868058943835,2869.0,0.0010028424071806543,27,33
292.82315245478037,1165.8192248062016,435.4298919626249,3.2439807109033767,0.06165683759069987,9.226163085512981,2617.0,0.0011214318221812855,27,110
289.9570415919378,2453.205312153045,526.9714320403488,3.1996642363774663,0.09764430376024655,11.29642407055492,3949.0,0.0006900893365185951,27,127
265.8905432595573,867.293896713615,335.51729659755745,3.3818666639589416,0.04045677325516419,6.03076026077434,1935.0,0.0016492486051485253,27,0
377.0554642563681,109.03670227334976,328.63142853861365,3.4914890454629504,0.05004199733769971,5.355675156956316,2259.0,0.0013478662886761792,27,38
234.773375,1932.281625,360.0453887029456,3.434130166432251,0.026141186796100124,5.940748913598603,2591.0,0.0011352831121409217,27,97
191.04547624731438,1688.0971592265457,377.0575333191598,3.469249012181501,0.022416546786982763,6.120771607950076,2204.0,0.0013910163641408185,27,30
863.9578462628409,2488.7022080528986,381.15304961565585,3.4161341955681603,0.03466784310707703,7.155902100471045,2866.0,0.0010041064842017462,27,137
845.1170667543571,745.7306806971391,410.58676014212165,3.443552102072611,0.014089102975905175,6.840862385355967,2307.0,0.0013123380570437314,27,43
834.4887285843101,1654.814247069432,349.3790440626209,3.373655809818557,0.042119002693158596,6.480816996653021,3062.0,0.0009277076388060776,27,74
711.5831343607554,1722.5474278272195,414.68227643861763,3.3960580578228226,0.0487209873186355,7.51594748917399,2552.0,0.0011567137200746425,27,147
662.0729075850044,1574.9981473408893,412.97206084227867,3.3392855894041826,0.008629086987485803,7.740975857113331,1991.0,0.001587881986494469,27,116
847.5306344739947,1874.8046655169285,495.827505917544,3.4417572575471342,0.056191040285739284,8.236038266579882,3797.0,0.0007217694874964083,27,52
453.6586747464102,2135.5785798972465,341.6380682055075,3.411546721667366,0.054385091640956854,6.165777281537944,2035.0,0.0015427780780257693,27,40
1166.2382014557409,1078.6293730922753,389.5704922831441,3.457011346200311,0.02393367291725169,6.40289609293733,2202.0,0.0014788357339668697,28,128
1250.602809446254,1929.3443607491856,449.3003658358309,3.4389599357566545,0.030127498697424992,7.454800451062749,2646.0,0.001174856425609877,28,7
1141.1261829652997,1577.5505562012286,275.4617369125824,3.3970717239302073,0.05374391482857324,5.2137868185346825,1992.0,0.001685044392760094,28,64
1094.2416325674117,181.82079529954885,435.9000190127549,3.3580293845025952,0.02514852240718724,8.095090060356481,2946.0,0.0010315827385104163,28,86
1080.0556282722514,1401.242707554226,489.181261500412,3.483546645677408,0.02436040605628156,7.454800451062749,2826.0,0.0010844838403004393,28,12
1036.1257830853563,1839.3843970242756,467.22847489605545,3.383825361905473,0.03254606366611813,8.23229497663371,2653.0,0.001171061364188161,28,4
1017.5277044854881,805.3783235234423,450.6724149986032,3.357889389001977,0.010867784354732776,8.095090060356481,2606.0,0.0011970232610629997,28,13
1016.489254870456,1607.6983329985942,455.4288520962138,3.397510991880347,0.02538065454320682,8.32376492081853,2732.0,0.0011298713391246179,28,29
905.2483110183024,1717.014740203906,744.6568156086115,3.443322126154308,0.011667582867538715,11.662417883564423,4079.0,0.0007062905206320609,28,91
1422.3694630042069,1407.3698341994557,369.6300444508536,3.390654142051667,0.046611978057995024,6.265691176660101,2013.0,0.0016618712816294523,28,27
1805.5027285782671,1760.1136428913355,477.70178350521724,3.4031354337254407,0.0577759715327874,8.369499892910937,3314.0,0.0008973468753327126,28,80
1561.8605951011014,46.284070360019726,278.205835238127,3.482796308983649,0.02422496142425753,4.52776223714854,1660.0,0.002161554251613118,28,11
2151.4106849957043,1527.5016792939155,585.5448476991188,3.3646256975347857,0.049937153112707945,10.747718441716232,3761.0,0.0007748702564769927,28,95
2128.4833015267177,205.79103053435114,287.5815045170709,3.41790767507229,0.08590920077501088,5.259521790627092,1758.0,0.0019950227535579686,28,23
2093.6090179122916,1203.034589252625,370.2245990880549,3.4115851021487376,0.08422760346139448,6.40289609293733,2131.0,0.0015426629119387235,28,123
2083.3876227533815,1359.2977580137112,246.83164438273405,3.012265704244309,0.04021310394478282,6.631570953399377,1077.0,0.004293756787825442,28,88
1985.4976559170336,2199.3999147606196,321.92846855847046,3.3874659283219337,0.09815494512643023,5.854076427828415,2169.0,0.00150783207325208,28,21
1887.5179458862508,2429.323578133628,331.30413783741443,3.346706103752214,0.058732688232751726,6.311426148752511,1937.0,0.001748914696793834,28,141
1730.0868820039552,1344.4262359920897,346.89976332092607,3.377540304751008,0.017772626167149457,6.128486260382873,1942.0,0.0017429089137090997,28,15
1591.9737256527144,2198.623622047244,551.7924382949207,3.4347387941930685,0.018882757021202602,9.05552447429708,3496.0,0.0008430891523271256,28,129
1583.0499186109605,2508.138361367336,168.5791071326214,2.9504866847037654,0.1144505755877493,4.847907041795407,809.0,0.007856096978280089,28,25
1448.0532379817244,2483.307707588399,460.4596990263788,3.4342684000791612,0.04185408955219136,7.912150171986843,2707.0,0.001142589240440222,28,55
873.601537386443,567.017749825297,327.23372532119,3.3803394236596196,0.05988888317599573,6.128486260382873,2348.0,0.0013628813531213705,28,115
865.7068200886971,2488.7633944624235,381.5668721669725,3.4237643452407145,0.03674859519996893,6.997450730138653,2931.0,0.0010379114008919135,28,137
363.1257851758794,259.4376570351759,291.24030228446367,3.46160744895392,0.02627986193466062,4.756437097610588,1983.0,0.0016951747474242664,28,36
354.7516239128041,1865.3878674446769,415.41075151535546,3.4424700466408065,0.018928164323803946,6.905980785953834,2499.0,0.0012606496220725115,28,67
266.81839280533796,867.4889759210909,315.2968976050711,3.4246626806674336,0.04163145446179641,5.671136539458778,1861.0,0.0018455801872145875,28,0
259.94262295081967,1155.5197368421052,424.05466124082085,3.1698570883102306,0.0940712434707147,9.787284027775632,2563.0,0.0012218048535587811,28,110
246.07040417209907,2433.181920903955,526.1808539231713,3.2468886587970562,0.042446247990268554,10.701983469623823,4128.0,0.000696788051401765,28,127
364.29203360664036,926.7278064581435,451.8157893009134,3.3930077019232145,0.03219588924502638,7.820680227802025,2947.0,0.0010311635706769316,28,33
866.6991894029261,652.4161724001582,462.6549776868145,3.402354800576729,0.0315519655653683,8.049355088264072,2737.0,0.0011273616578142017,28,53
191.00641183723798,1689.8161528976573,370.910623669441,3.493785216895888,0.029965099177325445,5.625401567366368,2193.0,0.0014866326423266614,28,30
234.03828542355635,1931.374713813279,359.5683505905235,3.4296543001696387,0.0032501780900020395,6.128486260382873,2600.0,0.0012004206370515903,28,97
377.68595568308626,110.43503905627291,286.89547993568476,3.376525521520794,0.084332664763776,5.350991734811911,2156.0,0.0015195695087760043,28,38
846.6662048262325,745.0497633067775,396.11059329235866,3.4374010046519343,0.029905627829861413,6.44863106502974,2284.0,0.0014113925701569276,28,43
832.4771241830065,1655.4461784713885,342.87508577679404,3.3632312632068473,0.03295612805114776,6.540101009214558,2911.0,0.0010464714048104222,28,74
711.6166340283378,1723.5721691049418,397.02529273420686,3.3946365333967163,0.0477160466063513,7.180390618508292,2525.0,0.0012445748404025844,28,147
653.2899049881236,1529.4416864608077,385.08846501808796,3.36348987407672,0.04219198842480446,7.180390618508292,1891.0,0.0018061734970634393,28,116
847.4790053738956,1874.8831405410328,502.1242586025639,3.461865955518702,0.030915479905376412,8.140825032448891,3803.0,0.0007650588906909072,28,52
455.5762346925044,2136.412865024896,339.856577618695,3.401911959346014,0.04790206146642544,6.128486260382873,2019.0,0.001655367001360831,28,40
1145.5264411624582,1581.5199301254565,277.354824776681,3.4047766985749544,0.05647623740134302,5.109283734174209,1998.0,0.0016973316173847996,29,64
1183.6176129779838,1093.928273464658,380.1130916027882,3.4436870213877775,0.015787282128943245,6.342559118285226,2201.0,0.001496418750064971,29,128
1447.2420457924472,2483.249083159877,444.3755482248586,3.399419236400709,0.04953327726056959,8.016289996721605,2657.0,0.0011821035539266779,29,55
1250.5654873361584,1929.2838277323347,446.9301900919457,3.4208014162989113,0.011829302274638454,7.4877434035311685,2635.0,0.0011942053290917626,29,7
1093.551292090838,181.8980870343439,393.7231663774419,3.3286445749498386,0.01511688474116916,7.752016700126386,2780.0,0.0011187203699434118,29,86
1082.408531583265,1402.031480721903,429.5321980660939,3.4477079211792434,0.06607586403192786,7.179424557503415,2636.0,0.0011936498754311208,29,12
1040.7330165244628,1843.4824495085863,407.8177421958535,3.4500587359272417,0.059074199183313844,6.738969063178052,2461.0,0.0012994182523539204,29,4
1016.4594466102501,1607.7377579157555,463.2270433819841,3.383761680608339,0.022783518367725224,8.588882139344577,2740.0,0.0011385737555363485,29,29
960.6952197006277,790.4532110091743,456.09166437391326,3.365645736204579,0.017864429807896293,8.324608842749358,2637.0,0.0011930949382400076,29,13
1550.2896733751238,50.464368195315075,267.00412066003497,3.378347222697789,0.03222638595615131,5.1533292836067455,1598.0,0.0023079023700092825,29,11
882.591164921466,1688.7001963350785,673.0159953291545,3.3976816857522625,0.022864246321474074,11.099478456999144,3864.0,0.0007597192349180162,29,91
1583.1253959873284,2508.125659978881,166.84454125044746,3.0576560996380286,0.09908654608303388,4.492646042118701,793.0,0.00836027951428421,29,25
2148.992286668691,1523.9750986942,725.20997140671,3.444982091314067,0.018941102970773088,11.231615105296754,4067.0,0.0007166517792904023,29,95
2128.3260397268778,206.4906890130354,283.8295205432638,3.378626175756338,0.07987453800977784,5.1533292836067455,1736.0,0.0020531025936286326,29,23
2092.7449050486334,1201.0093793422882,380.3773648993834,3.446843747588099,0.06773084443433315,5.990194722824935,2169.0,0.001524871766472312,29,123
2083.9098462082375,1359.2149549231042,249.16567313985777,3.0266040923160955,0.03550875260360965,6.386604667717762,1095.0,0.004214213820940196,29,88
1985.3387096774193,2200.049887471868,352.2763043614252,3.4491265732833916,0.05282233389637558,5.549739228499572,2299.0,0.0014155296402683936,29,21
1803.0569501686025,1759.459067066317,470.2302857417574,3.4400202365938704,0.04903548518825403,7.796062249558923,3298.0,0.0009126376575366085,29,80
1730.0076045627377,1344.388094925921,335.9354055219543,3.3787216222571534,0.01120396320084795,6.122331371122544,1925.0,0.0017834388549795566,29,15
1591.9204041399705,2198.6430918350584,536.2105187916968,3.4367719370265513,0.04342425287330672,8.853155435939794,3441.0,0.0008684722502415196,29,129
1856.0411451398136,2418.424900133156,330.78207623834754,3.3734295058824717,0.061324663567299,6.122331371122544,1957.0,0.0017446411369528108,29,141
870.2294997421351,566.936436307375,341.61728139875146,3.4656086806781206,0.031957205261302975,5.505693679067036,2582.0,0.0012244028348151156,29,115
1422.470742258652,1409.702868852459,386.89610621539873,3.3951072424319446,0.03349438088286226,6.915151260908197,2048.0,0.001642998364334935,29,27
863.8578152364273,2487.6144921190894,402.40013961565154,3.422346595124882,0.03985369957000855,7.179424557503415,2959.0,0.0010377442810178207,29,137
370.2185675901047,959.6589456128972,475.3836150253642,3.3785256077359107,0.01886648470991975,8.324608842749358,3047.0,0.0010020852480850334,29,33
353.1771552574472,1866.2127638587492,446.5337801470529,3.48758472137877,0.03263739800241651,7.091333458638342,2626.0,0.001199227772632086,29,67
351.23261915172714,262.3231307389593,302.19651465663145,3.4416238629703613,0.007943312707607406,5.197374833039282,1992.0,0.001704094056760267,29,36
265.04814582023886,869.0211187932118,350.38234573582616,3.440451492742744,0.04454905260212368,5.725921426229718,1947.0,0.0017565828496411777,29,0
242.75595522816417,1157.155170764374,460.40812821830184,3.217148279119592,0.1315471968036944,10.350704116646028,2722.0,0.00114773952401093,29,110
234.7043986083499,1933.9465705765408,354.47858183305203,3.480473077462652,0.04988237596863558,5.593784777932108,2599.0,0.001214551815588492,29,97
376.05233618633366,110.65146625508629,313.91263080568615,3.42702389457065,0.01974135950154463,5.417602580201963,2194.0,0.0015025517433522049,29,38
192.58335625859698,1687.4365887207703,320.21114437453883,3.423862374948206,0.012863019290714204,5.681875876797181,2017.0,0.0016762669140768102,29,30
211.10676677067082,2441.9519305772233,451.7311549800922,3.342628744966612,0.04404033643317361,8.324608842749358,3899.0,0.0007519283019188106,29,127
865.9205911154634,653.1370960562627,494.76365677568015,3.451331449476796,0.012908740956103466,8.06033554615414,2831.0,0.0010943896165346778,29,53
850.5655881615249,1874.1079341192208,526.8288167625666,3.4564787303860127,0.03172943922108441,8.456745491046966,3888.0,0.0007543596067526913,29,52
846.5686203130688,746.569591069045,362.97937287353153,3.384870368166998,0.03934189712739502,6.606832414880444,2193.0,0.0015034319914503467,29,43
832.4523840798634,1655.5365821620912,335.3187678298988,3.3376477180051216,0.0389377744614004,6.430650217150298,2917.0,0.001055673489864136,29,74
663.6703656114939,1483.07872912043,377.07394869194314,3.329963643505977,0.03946409647501505,7.179424557503415,1889.0,0.0018292018271464513,29,116
711.5542301745085,1722.6787055445106,398.78840456218353,3.387678266600041,0.04372213944827855,7.1353790080708785,2522.0,0.0012604860725390413,29,147
454.5137939453125,2137.0338134765625,360.82114095133727,3.4480661473135923,0.038161499582654364,5.902103623959863,2100.0,0.0015900629090027075,29,40
561.9327813916815,2426.4863000197124,223.4430722712566,3.3581473401345026,0.13103413093879696,4.448600492686165,1805.0,0.0019456970180000343,29,151
1249.8903647898494,1930.954103885805,483.0111936677248,3.4561516372363887,0.02586744122508269,7.612884594881864,2738.0,0.0011735814411750957,30,7
1215.206359423275,1120.5021884654996,371.9301102707064,3.4299297552054426,0.01348230704909399,6.463769939050639,2124.0,0.0016134906982434194,30,128
1145.6691024622717,1585.74090548054,301.403198269065,3.419004960014021,0.07524249504725568,5.362535060545715,2087.0,0.0016507789606348892,30,64
879.8952893857795,1685.4910355170769,702.3484535995098,3.4004747576289693,0.00930226512288061,11.826304999596355,3973.0,0.0007579330730961549,30,91
1095.0410509031199,181.13464696223318,466.5405502674772,3.3808295151013787,0.019783048524486337,8.426840809428981,3076.0,0.0010204278247129303,30,86
1078.5363025574338,1402.7013437364542,441.8345851671059,3.4280801993957755,0.041211168882800596,7.612884594881864,2641.0,0.0012264057948481067,30,12
1025.1586796797894,1859.4112293014584,436.6156894385391,3.4267834203746554,0.014625123542425454,7.325605930924057,2541.0,0.0012860844044776467,30,4
1012.4873417721519,1608.0855521606286,438.77027941822263,3.330480373738948,0.03277468122440489,8.618359918734185,2644.0,0.0012247008885607688,30,29
913.7344064386318,767.396590066716,452.1287372922606,3.3946684999117553,0.0040554728708496034,7.852283481513369,2633.0,0.0012309755046650151,30,13
1422.3318364452848,1408.8396360198535,405.1586757351593,3.3953441783331155,0.04231473758380682,7.181966598945155,2069.0,0.0016695494566697422,30,27
1539.9693107496228,40.819386214992456,285.50711219673303,3.4939875527755095,0.016393499145238202,4.500699068672297,1666.0,0.0022397346483389153,30,11
871.1852402916232,568.4932301740812,321.7999834100692,3.4259440588747947,0.014507658066067212,5.60193394717722,2417.0,0.0013686701276948235,30,115
2150.792308293598,1527.4933948252951,612.5259913353691,3.399067836774253,0.01586586024995469,10.72507012109143,3789.0,0.000800154978030928,30,95
2092.587317492127,1199.377755511022,334.488124401539,3.39080618167639,0.042888614460617105,5.937092388461328,2011.0,0.001733046352054715,30,123
2084.9124591354885,1359.7764257173992,263.62605395861345,3.0821480755957027,0.07674022338699288,6.942567712313649,1118.0,0.004181729667764064,30,88
1986.1975723895875,2198.4871307399826,327.4019173572464,3.391272800580269,0.07559644032608194,5.7934530564824245,2221.0,0.0015232849168392135,30,21
1812.3327315650604,2428.237328148868,344.7822765266937,3.454728338976241,0.030866228620502565,5.60193394717722,1978.0,0.0017713773599351966,30,141
1804.678180713128,1759.2839343598055,472.66916176524376,3.397789824108733,0.04929989868901191,7.995922813492272,3270.0,0.0009493208696939715,30,80
1729.1946967477293,1344.4326106065046,326.8273600293308,3.3821024603708456,0.020051174793195934,5.841332833808726,1893.0,0.001878388885637577,30,15
1591.2129363080244,2198.674973011875,532.2316047591622,3.4537503539973176,0.010166000945935075,8.857758805365691,3429.0,0.0008980326850735242,30,129
1583.3006649320612,2508.10002891009,165.61614977167525,2.9998554460692537,0.09715481210201078,4.787977732630103,806.0,0.008258694774279875,30,25
1449.7389595375723,2482.524161849711,414.1600738725039,3.372654397927732,0.05109187020662932,7.8044037041870675,2567.0,0.0012700162087108614,30,55
866.6992275698158,2483.9762329174096,402.9083262008232,3.428290951377449,0.058487928652401176,7.181966598945155,3189.0,0.000977768704051661,30,137
2130.3215134034613,200.52646759416356,282.2034075612183,3.41278460270875,0.04815282741298005,4.835857509956404,1739.0,0.002109249123499973,30,23
357.3928331090175,274.4592866756393,284.59739642753334,3.408509065727127,0.029418553879672328,5.171015951240511,1911.0,0.0018546621573730616,30,36
353.20950200343447,1868.6391528334286,418.2298549452395,3.4386935925368984,0.0390287456532863,7.134086821618854,2549.0,0.0012810972069005136,30,67
266.05114735969033,868.9647497926459,346.36230917846166,3.464839785036104,0.037396218606003034,5.60193394717722,1946.0,0.0018102016072568266,30,0
234.71527777777777,1932.9879807692307,358.5237726193421,3.473918389133368,0.028745060534995207,5.841332833808726,2587.0,0.0012579266731739499,30,97
224.80854521124067,1168.001338176257,500.91823038776135,3.243348265559394,0.1515468506409499,10.485671234459925,2825.0,0.0011299299546003291,30,110
223.85009171252293,2462.165916291479,574.2700492516545,3.25214619814573,0.129993864717216,12.161463440880462,4334.0,0.0006868279264751573,30,127
376.06661472536035,961.2021815348656,491.629553586459,3.440631210151645,0.016665164469269363,8.043802590818572,3142.0,0.0009950709738284675,30,33
190.1977962182016,1690.516256291661,351.96424312563886,3.4321057309374314,0.013017282336282287,6.080731720440231,2103.0,0.0016344448977864301,30,30
377.786688652376,109.69225003747565,319.40599454375416,3.4289149380709136,0.016889004733524393,5.458294615198318,2194.0,0.0015473647028210863,30,38
866.7314623032312,654.4809444904722,462.3271298627627,3.3973130130101135,0.036239249770381114,8.139562145471174,2736.0,0.0011746246166244368,30,53
848.9636462289745,1873.3987158618195,529.4545776742368,3.4161664955106827,0.020037144671597226,8.905638582691992,3815.0,0.0007939056776794049,30,52
845.8891391984823,745.8692198245197,403.8180419700229,3.435506271804667,0.017428038424561053,6.6074092710295425,2293.0,0.0014625901411534502,30,43
832.3499651567944,1655.4981184668989,343.53740231620986,3.3679365367654186,0.04664179313399571,6.320130607071736,2915.0,0.0010880637674273448,30,74
417.21959966638866,1783.7861551292744,574.0785301423493,3.417086536851768,0.015526150478542165,9.528075687933905,3988.0,0.0007546866597032473,30,153
656.7830095893779,1500.8513646422425,389.4541087721326,3.3423981325713834,0.016915236436285317,7.0383272669662515,1942.0,0.0018151746292630637,30,116
710.7997767857142,1721.8676339285714,429.0028048436572,3.4315370358734913,0.05500786734622741,7.277726153597756,2637.0,0.0012286864008742618,30,147
565.9047042196648,2429.812033111246,237.148537097169,3.395434042945903,0.033862263664179076,4.500699068672297,1918.0,0.001845596181385869,30,151
452.9835502086914,2137.911735821262,390.0286661000482,3.493303193057409,0.029644634778576442,5.7934530564824245,2202.0,0.0015401509543885394,30,40
1145.5716453135535,1584.5128118678356,257.9960666337356,3.415510415123819,0.04478873611451655,4.653671464903862,1899.0,0.001990587721246517,31,64
1250.5760300365575,1930.8582155913448,440.18512987188774,3.431144084454589,0.04065731264923884,7.306699122465877,2579.0,0.0013438591796735946,31,7
1223.0697533114594,1118.519990278284,357.8977802307839,3.425402449627306,0.01092322354586592,5.914946908662852,2079.0,0.001765661859191127,31,128
1094.9722613065326,181.21015075376886,432.7479539793778,3.3545738669979723,0.020811252319850634,8.046067486048733,2881.0,0.00117440351899079,31,86
1079.1000659568454,1401.0727409780459,461.58332015910923,3.478596168173928,0.020760760583034898,7.219714609103188,2647.0,0.0013015719827239364,31,12
1019.5701939291737,1850.7025716694773,412.65453139259665,3.3819528968171704,0.03665728379182956,7.567652662553944,2386.0,0.0014803673346137458,31,4
1011.5361706310202,1608.8240613328092,442.49021947599897,3.353567119326142,0.03996925029015107,7.9155907160047,2589.0,0.001337468964130284,31,29
1423.118263473054,1409.659003421728,406.7395844839338,3.4111444938484716,0.02334571152290163,7.176222352421843,2073.0,0.0017723373500870463,31,27
1447.2763341994803,2483.354887067759,435.1835203535331,3.4292483365174786,0.053485082778185984,7.567652662553944,2611.0,0.0013236221945079534,31,55
1803.7629432786584,1760.1899569320992,474.6309971635126,3.4337067134789505,0.032484315603917985,8.00257522936739,3378.0,0.0009725779506883936,31,80
881.9097714992514,1683.4795260725214,668.0845548821329,3.420624289404263,0.007343485448127526,10.91655642701747,3793.0,0.0008505276177591141,31,91
2131.244557874193,187.41225041285094,289.7019217544357,3.4202256141611476,0.04140365015895744,5.262563058442685,1754.0,0.002218218905270475,31,23
2093.961318733635,1196.2063794334683,365.42194063665653,3.453313613145429,0.05205017703757133,6.045423678706886,2108.0,0.0017340932096928685,31,123
2084.7254279160047,1359.6458443620963,246.4706186131793,3.0752287621082255,0.04321982995885959,6.045423678706886,1077.0,0.004759245505935702,31,88
1985.5206720042,2199.3067331670823,331.3675036551638,3.40598517386582,0.069840280053172,5.653993368574786,2175.0,0.0016653042315756135,31,21
1524.0419027736355,54.17238294065017,291.65907330509623,3.4954915361977608,0.007333010370637421,4.653671464903862,1674.0,0.0023675945353559677,31,11
1782.2768132003448,2455.2242334687844,353.2006165091987,3.4597443982993665,0.03810540003395327,5.610501111893441,2002.0,0.0018553428651962767,31,141
1729.996241088788,1344.3942968243682,335.54276029657285,3.3907158515189773,0.012765482691171367,5.653993368574786,1910.0,0.0019752109370399324,31,15
1591.105883289547,2198.6960433086538,546.3062361743683,3.4405802633224507,0.024257307701593997,8.915912619675623,3470.0,0.0009425922538947582,31,129
1583.0684508492022,2507.897066392177,169.01090946370473,2.9944192387602544,0.09061865211893412,4.784148234947895,801.0,0.008929316330248632,31,25
2150.114744312529,1527.4827220269285,655.7327539846311,3.4344794367983638,0.008063485950921346,10.655602886929403,3881.0,0.0008284815090682283,31,95
878.6643460964694,736.8265539532571,437.314640930919,3.3762118659673237,0.040672000219124566,7.959082972686044,2584.0,0.0013406564572325478,31,13
867.4807458451561,653.8782934738549,429.1815889315076,3.372661855792008,0.00868782533923332,7.611144919235288,2593.0,0.0013349298619142597,31,53
394.07505841121497,283.03709112149534,297.8349737538472,3.5174797158479634,0.008736008136804885,4.610179208222517,2002.0,0.0018553428651962767,31,36
378.55402864168957,109.70114277448286,300.6619704381346,3.415805537495378,0.04489146408631714,5.436532085168063,2102.0,0.0017405316942144475,31,38
376.9591316503577,961.0706356385166,528.9093335018305,3.4556168368395666,0.01717292703045689,8.350513282818145,3247.0,0.0010187235279953849,31,33
353.2498681017199,1868.679117864303,412.17611656910185,3.433275400046602,0.04765653224676045,6.871776555652431,2522.0,0.0013814820473779593,31,67
266.03921814308984,868.1249216890114,347.1117005738105,3.4580196663017633,0.04722667075647456,5.610501111893441,1951.0,0.0019199318101914692,31,0
261.80163908338636,2503.6699554423935,546.6106819711378,3.284453571625416,0.13677842943293578,11.090525453742849,4223.0,0.0007526610515507181,31,127
430.002241482367,1782.648311416617,582.1003634231148,3.439544914225644,0.019348571843517275,9.089881646401002,4121.0,0.0007737811427027217,31,153
195.13085155886458,1192.309818520242,467.3242980410467,3.162557234945951,0.13497353318888639,10.481633860204026,2687.0,0.0012779177365283073,31,110
190.19836477987423,1690.5516981132075,345.7634406166888,3.4299274796594856,0.041318002040171636,6.045423678706886,2104.0,0.0017383802269766147,31,30
871.9071525970002,567.8281889178133,350.8520346484061,3.422466407562862,0.025355929818666943,6.132408192069575,2427.0,0.0014490972600040466,31,115
453.81605715669656,2136.3435456527004,359.1590556745429,3.4773599136413473,0.03104760424252387,5.827962395300164,2101.0,0.0017416094261062459,31,40
235.47568710359408,1934.0965054097749,349.7212359746912,3.457273809845591,0.028286743588959346,5.69748562525613,2502.0,0.0013951872599208932,31,97
846.5992545388963,744.3283635926416,361.72509881874225,3.442794148629523,0.02821612124549013,6.1759004487509195,2196.0,0.0016448530680399488,31,43
845.0098834066868,1880.6998687360049,563.2682162800927,3.433822333730711,0.0158654765551025,9.17686615976369,3899.0,0.0008241121306048728,31,52
832.3003445408102,1654.9637638113343,366.07432448687666,3.38108640490224,0.015538395829012019,6.56733075888302,3009.0,0.0011148220905140428,31,74
710.7288667604719,1722.645957354692,401.8249594789419,3.437188620538826,0.04068951889450891,6.784792042289743,2529.0,0.0013767486172957817,31,147
863.2337409989713,2488.635272602583,380.51375370508305,3.400093454774462,0.026772824528143765,7.089237839059154,2779.0,0.0012266448693533385,31,137
655.9444999445,1486.4292374292374,391.8217404422326,3.344586399879391,0.02956840015268047,7.524160405872599,1910.0,0.0019752109370399324,31,116
568.1216920191706,2433.4661387789124,208.71933981377228,3.351406170155713,0.10592857657148692,4.3492256681344506,1809.0,0.002126002356342986,31,151
1147.5057297949336,1584.1177623642943,293.40808071947015,3.4300479868067946,0.08094823408987017,5.043504403199577,2054.0,0.0017284265873230022,32,64
1209.7959114905088,1125.7057171739864,393.8799973832091,3.414937685150767,0.028499132337847483,6.901637604378369,2214.0,0.0015683840170149879,32,128
1449.0081275068608,2482.564070086553,419.1417606659017,3.360711923331631,0.06778665753282659,7.874945471662498,2553.0,0.0013111558059489266,32,55
1422.3503239740821,1408.824514038877,409.6741295932288,3.362687524378242,0.055110013533078185,7.432532804715167,2072.0,0.0017088097341521023,32,27
1250.5966676525684,1931.5359361135759,448.73916808467817,3.3802378739362675,0.04600203370091416,8.18463433852563,2640.0,0.0012581974441173373,32,7
1094.271382893685,181.84672262190247,442.7665970808892,3.347511812038101,0.036700160131330026,8.538564472083495,2985.0,0.0010844944113980802,32,86
1079.247000922793,1403.446324207936,431.4850740737323,3.4216486798473387,0.027878613977564297,7.388291538020433,2622.0,0.001268800396187431,32,12
1032.0554644248514,1857.468320688948,431.529315340427,3.4075414799928176,0.016156841301047217,7.388291538020433,2540.0,0.0013194543944031226,32,4
1011.5656869189595,1607.8625223025635,471.12524903221316,3.355805864230469,0.013731021279227606,8.715529538862427,2731.0,0.0012071962598072556,32,29
1520.2015823306413,68.43497610021427,268.41176503694595,3.397586865068574,0.05179374355823535,4.822298069725911,1598.0,0.002437226973918417,32,11
2150.724863935835,1526.6722285877972,617.7850481252535,3.411828800842165,0.022197745596198824,10.396697673262286,3803.0,0.000817046326395784,32,95
1583.151300833544,2507.828744632483,175.1511748444485,3.0261552437845483,0.09652573884258918,4.512609202862779,789.0,0.008945254857747546,32,25
873.4291203513105,567.7444764649375,322.38611040452037,3.4188829764875583,0.02550206626204972,5.92832973709424,2341.0,0.0014610048627319006,32,115
2141.0801829268294,164.37850609756097,290.22270951744935,3.482469161875613,0.01828286860681601,4.822298069725911,1755.0,0.0021356866784571953,32,23
2098.9913836796754,1177.409148504815,349.1520767548339,3.443796070260669,0.027205632146395372,5.662882136925841,2015.0,0.0017725142910470387,32,123
2085.868782161235,1359.143910806175,257.9265848302942,3.0744897357945438,0.041864510777969724,6.680431270904704,1103.0,0.0043926438295599024,32,88
1986.1886169920265,2198.428237558427,321.8109739374888,3.4081086894571233,0.07124017211357876,5.618640870231108,2210.0,0.001572023029050528,32,21
1803.846802887059,1759.5141811527906,435.20134047608985,3.3899582019186183,0.03731577988262588,7.653739138188833,3183.0,0.0010048753777024307,32,80
1749.0,2473.4621596977986,339.64020441546626,3.4444549492038967,0.03675236291371606,5.79560593701004,1975.0,0.0018201315850583041,32,141
1730.0367732746342,1344.3919461349217,341.675302683424,3.3703392773562846,0.0049445489131747485,6.238018603957372,1926.0,0.0018820680445567853,32,15
1592.629055007052,2198.60754583921,501.87292938505266,3.395581215529278,0.07881827511325668,8.715529538862427,3330.0,0.0009529350109548957,32,129
872.6795332702618,1660.7402081362345,701.4452834449938,3.434828202519922,0.01554663537615944,11.281523007156949,3984.0,0.0007747688000564893,32,91
865.9874554033836,2483.334100586949,384.4123663105362,3.376923713164078,0.05434218828133042,7.211326471241501,3098.0,0.0010375765613088415,32,137
377.70400554881223,961.0259233570314,510.278770057052,3.4201105587018255,0.020107175229020717,8.627047005472962,3186.0,0.0010037588357908796,32,33
375.4800782888299,108.90018174192646,316.4577806674261,3.4880715827545288,0.0445977002720054,5.353193270062709,2266.0,0.0015225652033170403,32,38
353.75010425354463,1865.2688698915763,424.3622301358802,3.447660603418445,0.046449769978205976,6.945878871073102,2546.0,0.0013156112614822841,32,67
283.2113679544015,2517.0734642178595,279.4278404439345,3.4816764540906107,0.033507600070216116,4.910780603115378,3606.0,0.0008686360177990507,32,127
267.5016708437761,868.9076858813701,317.7407774015734,3.4534337115237363,0.028378967387584438,5.264710736673243,1838.0,0.00200457251982229,32,0
234.72530792470369,1934.9429467813154,380.7403411748734,3.505697364787635,0.060723733030762866,5.79560593701004,2695.0,0.0012268701927195416,32,97
189.51769087523277,1689.82628358606,332.6058430110037,3.440869802246167,0.05635446935064711,5.574399603536375,2083.0,0.001697039353802124,32,30
171.77608297742526,1219.5467764897296,435.06861667600566,3.1276971277215733,0.15014306364570604,10.352456406567553,2562.0,0.0013054715136739997,32,110
867.420303605313,654.6576006746785,419.67265586623853,3.3644812891961586,0.009447150799920442,7.786462938273032,2628.0,0.0012652462784269402,32,53
386.00222500347655,249.259630093172,318.13894880182596,3.420816948750281,0.003658081296941311,5.485917070146908,2015.0,0.0017725142910470387,32,36
432.5001724435247,1781.4245559579238,513.1102111255149,3.3905038664417733,0.03417451330104475,9.246424739199226,3813.0,0.0008145904969076346,32,153
846.6866023075112,744.2136802448788,375.78531930506324,3.4272863171731465,0.03226526035155386,6.149536070567906,2185.0,0.001595155073110801,32,13
452.83782221708475,2137.0121373251645,382.73119817613633,3.479151705515239,0.022280776000396695,5.79560593701004,2202.0,0.0015793519493784464,32,40
833.9001450407229,1653.9375209193352,396.5344733848931,3.3972542745645464,0.0483906646369162,6.724672537599436,3268.0,0.0009741724929756154,32,74
833.2142737617136,1885.4974899598394,528.7716195354504,3.386362819592284,0.010431363964704081,9.556113606062357,3907.0,0.0007922074951535176,32,52
831.5479152154443,705.0737386804657,444.58048901537325,3.391700488281531,0.023982558632102746,7.7422216715782985,2664.0,0.0012443327983622597,32,43
710.7992989484227,1721.8076114171256,441.74904794691037,3.4213240400875393,0.03765181290124328,7.344050271325701,2626.0,0.001266428769909198,32,147
655.0062831762539,1492.0289242768931,408.39113285908155,3.3333062505670448,0.03832549531547493,7.299809004630967,1962.0,0.0018361629144997827,32,116
561.1225600600601,2436.756569069069,235.71746894953813,3.4234989915794256,0.03472771912233243,4.202920335999647,1895.0,0.001923477187665463,32,151
1250.5446472619635,1931.6364084854465,446.1112615871931,3.4167237211515684,0.04564840377000055,7.702957156167617,2640.0,0.0012814727948379774,33,7
1207.4298245614036,1126.4845864661654,351.25484632124335,3.44823880802838,0.025970385523974425,5.898264336722632,2102.0,0.0017081203421274328,33,128
1148.4382004222837,1581.4747441936008,271.0120412029944,3.4046085572783547,0.05418826147916126,4.929892579947275,1979.0,0.0018488495595153653,33,64
876.8712451550388,1630.9590600775193,726.807020357941,3.4415277671541493,0.02569601339285787,11.180292100951855,4054.0,0.0007736145187898554,33,91
1094.3178053830227,181.3120082815735,425.20323502045244,3.343111950791949,0.02803645803984548,7.879024748308591,2924.0,0.0011321910901433594,33,86
1081.50452079566,1402.7682338758289,438.14420304281407,3.438120868364757,0.02347325552960687,7.2627881758151815,2705.0,0.0012439340937889802,33,12
1010.6686278420423,1855.1354208216992,441.4014534974221,3.46042933761668,0.024586486598367638,7.086720583674207,2575.0,0.0013213476355720666,33,4
1009.5881793994679,1604.8420752565564,463.2338349229029,3.3666992182251327,0.021348178073887697,8.583295116872488,2738.0,0.0012257053593437534,33,29
1423.102156164957,1409.116809713209,420.5374438287166,3.4353382787415048,0.038658856024746835,6.646551603321773,2131.0,0.0016780062919456947,33,27
2150.2356738035264,148.77849496221663,279.5953363198669,3.453861052689386,0.04159931734182777,4.62177429370057,1710.0,0.0022551969234224116,33,23
1521.806757376548,65.60480048922183,287.9145300485279,3.452098661751027,0.015409076388669436,4.709808089771057,1669.0,0.0023333614064179058,33,11
872.7575799721836,568.5257301808067,316.48149687340094,3.378509353548794,0.0320711731815498,5.854247438687389,2331.0,0.0014961016414467214,33,115
2146.478423617487,1527.038632671799,623.2352592810131,3.406308568024556,0.041485637511508265,10.652089324528934,3776.0,0.0008389851704486392,33,95
2101.5075844486933,1149.2449968132569,345.31256508648545,3.3973145770218838,0.07260792239858088,6.294416419039824,2035.0,0.0017820062497226814,33,123
2090.313017438788,1347.201162585873,249.8839301460775,3.1061599602700065,0.03870098901323885,6.074331928863606,1083.0,0.00462400000398261,33,88
1985.2673624532922,2200.170854271357,341.615145651525,3.4432652015252976,0.06547544396639061,5.722196744581658,2263.0,0.0015533548475151978,33,21
1447.323122328516,2483.3520252391613,432.5100400943029,3.380118112297802,0.0647017982353589,7.790990952238104,2611.0,0.0012989617095574022,33,55
1729.2454452142674,1345.122401847575,343.067703286688,3.3828311098368875,0.04645662672532069,6.338433317075068,1942.0,0.0018958349616637919,33,15
1711.1668941556024,2485.3386276212927,354.73218126602757,3.451685568987235,0.029234811350109195,5.942281234757876,2017.0,0.0018029583002302128,33,141
1591.9555928948632,2198.663786205793,550.1231916444735,3.42520614356861,0.06133905937272498,9.067480995260166,3486.0,0.0009200889758270878,33,129
1583.1763020833334,2507.8421875,169.02488845533514,3.047069972394245,0.08932634669269793,4.445706701559596,789.0,0.009111697437158835,33,25
1803.0001820167456,1760.2621041135785,483.65767561125585,3.4581853958764803,0.029152234672511733,7.746974054202861,3397.0,0.0009482201684453043,33,80
866.869091616417,654.6992802956623,452.5817455983739,3.4378354109496887,0.017640096303619658,7.570906462061886,2721.0,0.0012350286919056504,33,53
844.4068124857598,744.359421280474,386.38033095336766,3.4387853859332496,0.019953983325573414,6.602534705286529,2208.0,0.0016029704188451678,33,13
353.13040507564665,1867.7994143484627,450.95312037106993,3.4578547388267693,0.03991796055565261,7.174754379744694,2648.0,0.0012767308352626874,33,67
285.92099825147034,2518.284533460499,276.910305539717,3.455119060027252,0.07616920119117593,4.753824987806301,3518.0,0.0009103780484809216,33,127
265.8722981036998,868.3731600583477,331.93142808377144,3.4404205896531104,0.009293150567126833,5.502112254405441,1933.0,0.0019076271840859226,33,0
232.26330461226559,1936.6170805879372,347.3813592941419,3.4895761073548455,0.02376071740076613,5.810230540652145,2841.0,0.0011720954099687581,33,97
377.7055248618785,109.73798342541437,318.68234177516314,3.4471743573140823,0.008513186359891544,5.282027764229223,2165.0,0.0016440249881090497,33,38
190.15576110540138,1688.9724791595295,385.45597609462754,3.4820704234933206,0.037719669628038556,5.810230540652145,2205.0,0.0016057680386533928,33,30
144.74409572793115,1250.473076519366,419.3489875817651,3.1555822237390343,0.16052840276524574,9.947818955965037,2546.0,0.0013399497679150915,33,110
866.0635717785399,2489.431161195492,359.35395555972815,3.3498264999276954,0.06738910403581914,6.910652991533233,2688.0,0.0012535378887618045,33,137
377.7759175788796,960.3870849047926,478.50769854113236,3.3766964515013522,0.019087441978466353,8.62731201490773,3067.0,0.0010694604634332505,33,33
432.8841218925421,1779.6302325581396,548.8907184994868,3.4380063598768005,0.024525560022684023,8.935430301154435,3975.0,0.0007911315098164731,33,153
380.37301711952256,248.29370190042405,280.2555897903955,3.3771141921767653,0.03736784643964378,5.017926376017762,1911.0,0.0019370797272788977,33,36
818.0473544145273,1907.491859737007,562.3598892982712,3.429391087504928,0.01687716572653404,9.199531689365896,3908.0,0.0008066215457582202,33,52
788.5846534653465,678.8484158415841,444.5706701559596,3.3809015143161076,0.03134497957015723,7.835007850273348,2633.0,0.0012856509988761285,33,43
710.7767240490671,1722.644675806618,427.00792783989743,3.415026491483223,0.050163968957693504,7.350821971885669,2627.0,0.0012892540628461516,33,147
834.0366919044845,1654.7153174140944,377.88506963256566,3.3818350620219526,0.037748955415802705,6.514500909216042,3136.0,0.00104161339369244,33,74
650.60377790498,1481.0961648540356,384.4876043378522,3.347683288501838,0.03957389084862753,7.174754379744694,1895.0,0.001959077474742183,33,116
549.0712307083498,2455.649188761377,222.46140267012078,3.400022114036885,0.05405356369635946,4.225622211383379,1818.0,0.002072333442119484,33,151
454.46086739780657,2136.92908773679,353.19158983479406,3.430607496728556,0.03673206970322372,5.986298132793119,2097.0,0.0017134220028381462,33,40
1249.0933830891054,1931.6739783380358,477.1841981102304,3.426429701154095,0.003574976117953005,8.034866355728827,2734.0,0.001177352832828969,34,7
1199.6379877762106,1126.4709685002351,369.5169889434641,3.4299182855030264,0.010852713139690842,6.558188214675962,2130.0,0.0016099277114811164,34,128
1144.147309190593,1584.5938537007646,301.02518222462976,3.4613099500738804,0.01600639814286193,5.16837349368503,2107.0,0.001632771651458394,34,64
1094.2175837440902,181.32853837642088,431.7546294178393,3.286797517911641,0.002044527158363097,8.338888325945593,2929.0,0.0010833738102040322,34,86
1079.2332080562783,1403.5534354823167,450.69085499134076,3.453179447860053,0.027551551070701497,7.296527285202394,2713.0,0.0011884553162292877,34,12
1009.7792925571113,1604.7208916728077,471.4946440961738,3.4268866267848925,0.02174538890712652,7.99143464569786,2812.0,0.001137870270168793,34,29
1002.9271751628977,1838.412322729015,453.2533258831678,3.445115305916728,0.019432610185914488,7.339958995233361,2589.0,0.0012585331296187145,34,4
898.9169683804007,1610.154960173787,719.750298633179,3.444203713891706,0.020147032500685717,11.075086057896492,3972.0,0.0007592249704818568,34,91
1423.0262889749338,1408.9759527206031,426.23880224390655,3.4145363503518986,0.024886902872435817,6.992505314985628,2134.0,0.001606019944593754,34,27
1525.02980039359,63.1075344391341,308.9731851602966,3.501616157646435,0.03998221397393734,4.690624683344397,1753.0,0.0020889949371112665,34,11
2149.3308620256344,1537.93044734858,691.2590968528649,3.4452144182234226,0.03341709720968392,10.857927507741659,3972.0,0.0007592249704818568,34,95
875.877414981358,2490.6419613602984,384.41406548408565,3.392455758408669,0.03041727184465733,6.8187784748617615,2842.0,0.0011233808051348939,34,137
2098.785585120124,1130.5505037458022,336.24829905974366,3.462199461294908,0.029672983344501674,5.602690593994696,2015.0,0.0017310203483538909,34,123
2091.031623931624,1344.7376068376068,254.0755036811548,3.0619249852641093,0.04357400297992123,6.210734534428228,1080.0,0.004456113866744958,34,88
1985.290099490415,2200.036034942975,357.964154075227,3.4050720835542436,0.07090789222781774,6.297597954490162,2326.0,0.0014384285190686993,34,21
1803.831077928138,1760.288194120392,465.3707729818075,3.4404744162764427,0.03135997447119092,7.383390705264327,3347.0,0.0009250858136053937,34,80
1729.8702493665821,1344.483264435258,325.6943935222188,3.3637739713072285,0.00968378142735926,5.950144274242429,1915.0,0.0018521617013253057,34,15
1666.1596173212488,2492.339375629406,345.02150448599895,3.4319011668950123,0.038796557974522375,5.732985724087595,2021.0,0.0017242538190485,34,141
1591.9513134581312,2198.7165857792156,563.7870279119778,3.4353280898360015,0.05806544250167316,9.207522526564926,3493.0,0.000880168670117657,34,129
1583.003709198813,2507.864985163205,175.63783536522905,3.0320167575723924,0.06875330319082298,4.77748810340633,798.0,0.008484710117897412,34,25
1448.046264367816,2483.2442528735633,453.42705272329164,3.423171548180994,0.04965538801892898,7.861139515604961,2693.0,0.0011992255485796682,34,55
871.9003984063745,568.7077496465749,337.94213575095137,3.422203482253702,0.022038407167184373,6.0370076943043625,2441.0,0.0013538118759976938,34,115
375.44722785043285,960.44345183275,471.5815075162357,3.395914353645027,0.004152513753800938,8.295456615914627,3147.0,0.0009946169314700181,34,33
352.3512405167111,1867.0187615337297,423.6328996420485,3.481268897273529,0.0441035790712698,6.4278930845830615,2552.0,0.001281073009894311,34,67
283.850866421067,2517.272206303725,318.31100281695444,3.410713258810323,0.14428611754015946,5.776417434118562,3478.0,0.0008845813894953667,34,127
265.1272934328736,868.2647096039478,343.2408043747293,3.4658909899614323,0.022021805085392667,5.515827173932762,1948.0,0.0018103529270728975,34,0
234.76747062461348,1933.3746444032158,351.14537560036524,3.4130057917212535,0.01885508595720359,6.210734534428228,2552.0,0.001281073009894311,34,97
865.0958475031323,653.9498836584929,485.30592788602115,3.4628742571218485,0.00984563637389045,7.557117545388194,2824.0,0.0011320298616367826,34,53
376.1463556006376,110.4187798869729,299.72223092370075,3.428339829054386,0.014988534048249302,5.16837349368503,2123.0,0.001616812258274987,34,38
125.61345979215014,1300.4514176167895,430.45167811691033,3.163729084053157,0.13368095998698185,10.249883567308126,2574.0,0.0012675746361203702,34,110
190.13587206626784,1689.8670041417395,377.50842358916196,3.4974022309985258,0.0356971743405629,5.732985724087595,2204.0,0.0015405797609451286,34,30
384.51072961373393,251.99752393529218,263.10929936759584,3.448843232657391,0.04043549694991924,4.4734661331895635,1911.0,0.0018573610215370949,34,36
844.2541350022351,745.8639919535092,388.62694135708944,3.468244729255942,0.018820142088154464,6.297597954490162,2210.0,0.0015352178844466264,34,13
834.484109916368,1654.7253285543609,363.5234129591907,3.3407265680371814,0.03203948374530317,6.949073604954662,3007.0,0.001049853129484519,34,74
819.7172633146106,1909.7722812478853,641.790379127594,3.4126440292664455,0.017037364842298928,10.727632377648758,4269.0,0.0006996177211382668,34,52
747.8294277929156,687.2864668483197,478.18312744094266,3.3944711150298548,0.04606127059870133,8.295456615914627,2727.0,0.0011810305400137245,34,43
710.7291771073469,1721.9001703919014,433.31817097895413,3.4611490825786775,0.03146896855637306,6.992505314985628,2621.0,0.00123966921619541,34,147
651.6097448331601,1490.662856483085,376.16204057820204,3.371779210856094,0.035869960863376904,6.992505314985628,1887.0,0.001889180448806875,34,116
452.1038456558332,2138.561957788424,335.4230965691553,3.4727812719843802,0.000697270063106282,5.385532043839863,2084.0,0.0016562732071243394,34,40
432.7894194162437,1776.5351364213197,547.5870000704273,3.409545424246464,0.02765396117691269,9.337817656657826,4064.0,0.0007397028517086793,34,153
553.9585973806506,2454.8008731164623,308.40857292989404,3.3790277410614276,0.06356483168992248,5.906712564211462,2317.0,0.0014454991796673746,34,151
1248.2749697169916,1929.1894064530338,449.5271807290266,3.45749912323981,0.017697845676522193,7.078778421346857,2621.0,0.0012240709752131325,35,7
1192.6319535987345,1122.1439493804376,375.5217699604004,3.4146595460527998,0.012964973638217874,6.583758951322602,2129.0,0.0015906107671322131,35,128
1145.7559563203176,1586.7577763070815,299.18976768266015,3.4252198526586564,0.045449630489166344,5.098700541249834,2060.0,0.0016603367588132543,35,64
1078.3174117647059,1400.2783529411765,420.7665495206174,3.430040301598253,0.03687876989609056,7.177782315351708,2543.0,0.0012704857790317309,35,12
1013.4909875602945,1845.495938055344,389.97633848510867,3.380292480409044,0.015959830358426807,7.276786209356559,2376.0,0.0013827427100531404,35,4
1008.6920702754036,1605.5122269705603,417.004401548433,3.3374084776407997,0.011964005831681201,7.969813467390518,2535.0,0.0012754460728719274,35,29
915.6572922034896,1594.247588897887,672.3849461339465,3.412670890833715,0.026117961009138695,10.989432234538478,3785.0,0.0007921833253377345,35,91
1094.327678789358,181.88491579204296,405.61895373787513,3.3960018991741645,0.01985151568877383,7.276786209356559,2791.0,0.0011337943495191626,35,86
1422.4225614296352,1408.86770910896,398.8866889455453,3.3695414937913633,0.027354678212418618,7.474793997366262,2071.0,0.0016488142747806786,35,27
875.3238997793068,2489.768142282228,381.3134977596842,3.4515432375241235,0.013106089467683869,6.48475505731775,2728.0,0.001165653170160104,35,137
1522.0021528525297,58.40491567994259,275.92385259152013,3.454585155046794,0.019012765383904694,4.653183018228004,1655.0,0.0022355361386891446,35,11
2152.4283712083293,1528.0519571528682,494.47494860722907,3.3910542865149624,0.08593392647386368,8.61333877842205,3564.0,0.0008490610755926773,35,95
2091.7196619038036,1343.9412356610987,245.97517465505268,3.1162813574664816,0.04464240780063675,5.841229746286218,1067.0,0.004497814790207963,35,88
1985.3372781065088,2199.267307692308,334.63316173639686,3.426338118080042,0.06327778493927357,5.940233640291069,2235.0,0.0014942128274790384,35,21
1803.779881180143,1760.3541435907764,491.60383568108836,3.427764876289674,0.0261543640076525,8.068817361395368,3391.0,0.0008996239249187537,35,80
1729.2539104024297,1344.437509491268,325.9703210109724,3.34416614846657,0.018502896298171496,6.03923753429592,1883.0,0.001870694133315405,35,15
1627.108407079646,2496.2193030973453,357.9980807215417,3.4778852541031258,0.04406351481987343,5.692723905278941,2027.0,0.0016958911799648977,35,141
1592.6054314579665,2198.596348132357,534.0765062091696,3.3980797464864363,0.045566893030575956,9.504373824465711,3412.0,0.0008931674024912725,35,129
1582.9794995477841,2507.7530901416944,164.19795820704562,3.007928423961917,0.10466411804465717,4.554179124223153,806.0,0.008165780780900212,35,25
1447.95965624254,2487.426832179518,414.72731198632147,3.41527748727845,0.005225377149665397,7.326288156358985,2620.0,0.0012246445660013922,35,55
872.8155536282162,567.1121711477306,342.4544693627801,3.39514814607491,0.03539035738162381,6.138241428300772,2429.0,0.0013450260311252793,35,115
2071.473775465973,1092.140297644849,342.6029752037874,3.395454945930296,0.0626083382724684,6.0887394812983455,2027.0,0.0016958911799648977,35,123
375.4216725559482,961.1743227326266,504.32583606071177,3.441615794591469,0.011009117431068739,8.316327096407496,3235.0,0.0009506747868617415,35,33
353.9357708714199,1865.4688604509445,406.16347515490185,3.4478088317657916,0.009555613013576554,6.583758951322602,2493.0,0.001302136367501285,35,67
285.81529509559437,2518.267497921862,297.7542112195898,3.324810384033285,0.21575562713086865,5.989735587293494,3300.0,0.0009287157320338121,35,127
263.42354060913704,869.7395304568528,312.0602739032908,3.4109408916745334,0.04105758998041682,5.692723905278941,1862.0,0.0018992429498711212,35,0
235.58423236514523,1934.3208852005532,357.8990768275369,3.4124497473235116,0.027232714444922177,6.0887394812983455,2522.0,0.0012835896868726513,35,97
189.45151515151514,1687.4401154401155,343.04849272680923,3.4021256406045435,0.04079377417213569,6.0887394812983455,2094.0,0.0016252312104004817,35,30
108.70717339667459,1330.7802375296912,521.0079922005292,3.136619963926099,0.028195007885177068,12.622996485618522,2713.0,0.0011735042752828253,35,110
866.7166870755872,653.9185127462986,444.6759899227889,3.4195481550595592,0.03366493328706992,7.474793997366262,2643.0,0.0012115865306372771,35,53
377.85117885568405,109.66226160084096,329.6334650891519,3.423723143331907,0.010800942697295202,5.742225852281367,2191.0,0.0015327720453452939,35,38
451.35936044706614,2138.508692952499,318.89154258962554,3.446761007169835,0.017296267226193547,5.6432219582765155,2020.0,0.001703629678894697,35,40
432.08359621451103,1780.4383981773572,564.9162191916806,3.429105234011285,0.021453214104562687,9.553875771468135,4068.0,0.0007295968372131294,35,153
834.5061618411285,1655.421974758723,333.39561306133623,3.2884355647103183,0.04960404565921749,6.9797745273420055,2839.0,0.001110666006823685,35,74
822.0550667970023,1909.6412512218965,607.6859014017764,3.404733829104877,0.0077042063335655995,10.246903029502095,4170.0,0.0007093965432108021,35,52
714.0023898586866,714.3948462177889,476.4067379513437,3.391731792945673,0.03270330650087609,8.365829043409923,2661.0,0.0012015598345355481,35,43
710.7285908473041,1721.0540326234707,437.00318813741296,3.430833167193449,0.05517331227268833,7.128280368349283,2619.0,0.0012252186946026405,35,147
844.9733249051833,745.826422250316,391.5604007891863,3.463116111031066,0.0077065215664785264,6.336249216310473,2205.0,0.0015202890935106569,35,13
533.9961450849834,2436.596460487121,282.50761154284277,3.4233707542178458,0.034873613386882066,5.247206382257111,2198.0,0.0015265050501082798,35,151
652.0566277298121,1461.167343829355,389.8773345911038,3.3363199756907296,0.030907764463739572,7.177782315351708,1896.0,0.0018534472008252144,35,116
1182.5562534435262,1129.894876033058,389.91087287588635,3.4430270492268846,0.04655493457366034,6.358877045248615,2206.0,0.0015550009837594135,36,128
1250.8330922242315,1930.4782097649186,475.1971629760113,3.432413835450768,0.02288606098894097,7.776734764797292,2722.0,0.001196158309856391,36,7
1145.0386685552407,1579.4062322946177,303.3356212125353,3.45732789120569,0.06748250381376357,5.112880867463414,2078.0,0.0016800243744960136,36,64
1094.346173391605,181.17095233255412,422.7364273527103,3.325545667890692,0.007690882149395431,8.206388619205983,2889.0,0.0011130303374868207,36,86
1080.030979758624,1403.552694098641,452.1247509942647,3.438701756619474,0.013765561094470982,7.5189424521520785,2717.0,0.0011988390492682626,36,12
1008.9381734675852,1603.7321144674086,486.45409396151905,3.428542250109267,0.04105924626840871,8.249354004646852,2833.0,0.001139587255028771,36,29
998.0991839906742,1843.4938799300564,442.2856777283057,3.394085645551886,0.03079353458271442,7.819700150238162,2558.0,0.0012908338773954485,36,4
916.1016532481101,1591.3442320693257,699.0897865083798,3.447999083960766,0.005899846845989848,10.913207901980732,3966.0,0.0007685689245879772,36,91
1422.9711325688995,1409.016596258298,427.16186205311976,3.4081032810422065,0.0285345251759151,7.0033578268616505,2148.0,0.0016092662085523837,36,27
1502.0834053586862,66.53255545952175,298.2657057305127,3.458816433509372,0.007971114210458667,4.855088554818199,1678.0,0.002243780018638341,36,11
2146.667767845576,1518.6713304832233,663.2996204361359,3.4356841209481255,0.018052013840988583,10.52651943301291,3917.0,0.0007795452066537822,36,95
2031.3431238332296,1079.537896701929,345.22687201738256,3.3984146529051267,0.032212141319332414,6.187015503485139,2034.0,0.0017277762927609532,36,123
1985.2571218975424,2200.0910869299423,351.4138875208677,3.4293027532957883,0.06838225521501733,6.015153961721663,2314.0,0.0014631311893502233,36,21
1446.510792120704,2483.469614417435,410.0616386476539,3.354086346850523,0.08121362346623155,7.819700150238162,2543.0,0.0013002467557310712,36,55
1803.782298164723,1760.2469035349427,475.2401283614522,3.4203320023410204,0.03736667349847169,7.991561692001637,3367.0,0.0009283638203830733,36,80
1729.3251791450457,1345.2286879169756,347.76182975839384,3.40875266946016,0.03443489941813274,6.229980888926008,1952.0,0.0018244171002210728,36,15
1599.1720997123682,2485.070949185043,358.5031761186111,3.4701162250754827,0.013542113921441943,5.71439626363558,2022.0,0.001741274342062216,36,141
1591.9572217469083,2198.6683518705763,552.405960613253,3.434471972350867,0.04699719990859773,9.065696328023362,3490.0,0.0008903518790104026,36,129
1583.115867726224,2507.7436554729557,167.60796860483003,2.9834199617274533,0.055303062808973305,4.683227013054723,871.0,0.006946693899657905,36,25
875.9954875416912,2489.7015891701,437.9891391842188,3.452613719343225,0.02815960794483663,7.089288597743388,2936.0,0.001091678528236035,36,137
2092.344114067119,1341.2531733611545,247.09393167043774,3.034519994658621,0.03249741264337746,6.187015503485139,1072.0,0.004564048101044992,36,88
865.8345540715209,653.848858250754,498.61329804128496,3.44151605321066,0.009210344000166158,8.120457848324245,2819.0,0.0011464256877814511,36,53
377.6792339402267,962.1363792511164,500.2889480734789,3.411880852486358,0.02002249385075698,8.292319390087721,3127.0,0.0010127278371188065,36,33
377.8019664866362,109.66832848635923,310.2530482685152,3.4116746051885034,0.022275522580708338,5.499569336431234,2100.0,0.001657124741727203,36,38
352.371963562753,1866.2672064777328,424.4980081557859,3.445600962372578,0.027711760646979708,6.917427055979912,2535.0,0.001305323308578535,36,67
285.5793729372937,2505.297689768977,260.3702357716663,3.209746913313377,0.09746924864921706,5.929223190839925,2439.0,0.0013694859074293638,36,127
432.8204577968526,1780.4499284692417,540.590479617014,3.3945733573592256,0.029210530409753948,9.495350182432054,3964.0,0.0007690108819314415,36,153
264.32745591939545,869.8158690176323,341.1451604005,3.449820204857614,0.024586037255883885,5.671430878194711,1945.0,0.0018331701622620882,36,0
189.46856788592683,1689.7228766274025,346.5158335806086,3.4360692085148195,0.029322446387656666,6.058119347162532,2108.0,0.0016489516164831495,36,30
95.03306200381871,1285.4789468395136,427.5485505220876,3.1517892537334653,0.10177249730763172,10.182796349485958,2561.0,0.0012889676323234055,36,110
235.50675757944722,1934.9000365274565,352.87471062585723,3.4628711969727273,0.059225886482405225,5.671430878194711,2518.0,0.0013162437042476788,36,97
454.1508746355685,2135.5779883381924,353.6910529492338,3.402501509315473,0.05477105434228855,6.272946274366877,2109.0,0.0016479356410371566,36,40
845.8926320365138,744.3480765051075,395.3674768268767,3.438518278967328,0.0046503016807415065,6.616669357893829,2211.0,0.0015504937948846733,36,13
834.4601241642789,1654.013252148997,359.8780684527189,3.3689300362730554,0.05440769908133505,6.487773201571222,3077.0,0.0010322708477090222,36,74
799.2105683385353,1920.6913696740944,591.9341152188525,3.380483590244496,0.01702178278114656,10.397623276690302,4015.0,0.0007578974508536529,36,52
709.9879730126137,1720.3125061112742,439.40699690376744,3.422885265621031,0.04595528721832475,7.347080910388602,2643.0,0.0012399670695024284,36,147
873.5663537173306,567.0537934534382,338.6531680449296,3.378364525369871,0.03228669610374343,6.487773201571222,2435.0,0.0013722965173362342,36,115
667.2187920969915,1432.5418724741805,382.73565350726125,3.3231846704387715,0.03568893459424353,7.347080910388602,1901.0,0.0018901724028741712,36,116
535.5660408705766,2431.4259843827876,258.6086549685906,3.4002531106005716,0.10320138753688594,4.726192398495592,1910.0,0.00187822628230753,36,151
671.8806314978822,740.5938582980361,446.3244239597474,3.407236517385642,0.024214384392369035,8.034527077442506,2634.0,0.001245162406383424,36,43
1142.137004048583,1580.541862348178,274.92061494101574,3.4598448398431794,0.06614149839261872,4.719285049999622,1998.0,0.00175739483890948,37,64
1250.7090963674573,1928.4033823676573,444.9039198551531,3.4269550353878584,0.032300103759068874,7.479621588678648,2642.0,0.0012324804591259603,37,7
1187.3120840630472,1140.7813193228255,381.32713635138464,3.4649778094645467,0.011179968471456234,6.233017990565539,2196.0,0.0015539176411686819,37,128
1079.8396797700914,1399.525608128913,433.7735305862861,3.4603811805059976,0.02341676033451773,7.078927574999434,2633.0,0.0012376466737524354,37,12
1094.3497899159663,181.31470588235294,423.8452233584567,3.32573363360337,0.017201660551548772,8.191966501886137,2868.0,0.0011155492491681765,37,86
1424.9258414147175,1409.1463776383343,390.23144776647825,3.415494374968593,0.01527639526760433,6.411104218867412,2041.0,0.0017088008589987388,37,27
1008.9109602327837,1603.6980601357905,459.01725344807653,3.410302756128524,0.020925925551856923,8.191966501886137,2757.0,0.0011700719695227177,37,29
1003.0465208353954,1840.5519152726913,449.80129113345464,3.395052032513525,0.03988190475051079,7.746750931131456,2561.0,0.0012805896741454788,37,4
1448.0501817447496,2483.247374798061,440.94150127543645,3.4256910909664606,0.029590932665176903,7.479621588678648,2634.0,0.0012370705121024983,37,55
1592.688231775062,2198.6810529014615,520.9467393400527,3.4009354374075644,0.05499002665989353,9.171440757546437,3391.0,0.0009147181566939122,37,129
1582.1989657401423,2462.3848739495797,344.37424397874605,3.4097847719963315,0.058967701094711666,6.233017990565539,2023.0,0.001728811677833869,37,141
2142.6817512877114,1519.953863134658,605.047960655612,3.432948605718849,0.03239625000810782,9.661177885376587,3679.0,0.0008322153499764768,37,95
917.5006112029913,1592.4556698065721,619.1612942485355,3.376784700260717,0.030296236731683912,11.352997054244376,3708.0,0.0008247251028348369,37,91
2092.588586956522,1340.1052536231884,245.75899505658413,3.031417614520175,0.06839485668729656,6.188496433490071,1064.0,0.0045967602919055476,37,88
2005.688916562889,1088.927895392279,357.50810331600917,3.463831982787462,0.03361439450524755,5.654237748584454,2097.0,0.0016494044939037434,37,123
1985.4897421680066,2199.2686443027446,321.1785127424272,3.4299800233979996,0.07990644743552458,5.431629963207113,2202.0,0.0015484846454256267,37,21
1804.5325359821609,1760.1918710723698,439.2496821065687,3.376157443562411,0.017242974350786335,7.969358716508797,3218.0,0.0009726394849841685,37,80
1729.9705997138026,1344.509951866788,342.2372092391236,3.362570705339354,0.015997876809997667,6.010410205188199,1921.0,0.0018516882064715254,37,15
1583.0418310970797,2507.873980531439,169.2264384438544,3.0445261864662827,0.08628376354136211,4.54119882169775,812.0,0.008149111145184613,37,25
1510.9804071636308,89.69095362008265,290.8593323740334,3.410821865960812,0.011746033254989055,5.075457506603368,1668.0,0.002248001003907057,37,11
876.0838512480897,2489.6846663270503,436.9790826957198,3.423332484292644,0.01354645083063243,7.167970689150371,2925.0,0.0010894795569791299,37,137
869.8863114963038,565.3949783329085,349.316136814123,3.4701854563852743,0.07892294676170122,5.74328086273539,2671.0,0.0012161232634001012,37,115
377.06095842142355,960.3673361522199,505.4087159207143,3.3974454607711846,0.018388572075583705,8.81526830094269,3168.0,0.000990771608436547,37,33
354.62428715196245,1865.3640836408365,398.15628492591156,3.453594859706728,0.02020269724820888,6.589190447169285,2478.0,0.0013339451854156629,37,67
288.41624939428203,2506.178969471814,275.63295985422326,3.2282471578994487,0.164368264980421,6.099453319339135,2321.0,0.0014480700917168146,37,127
265.84762709477536,867.4944374031827,316.14757679289926,3.3867498634199453,0.032641436854076236,5.654237748584454,1858.0,0.0019367091721156952,37,0
235.4413400595007,1935.3716207476393,344.1961577504442,3.406264629649636,0.04909351772499589,5.876845533961794,2494.0,0.0013233166127743993,37,97
190.17936649281262,1690.510367637705,349.98396017025505,3.4515381179588154,0.04413812749881473,5.921367091037262,2123.0,0.0016232089058488665,37,30
80.8572319201995,1249.8792601828761,428.47546529430537,3.138629877228982,0.016043936829884545,9.705699442452055,2513.0,0.0013109131060931576,37,110
379.6065439000329,105.47632357777047,270.7801101329972,3.442294532355472,0.03343557906051043,4.808328164150559,1992.0,0.0017643959968436467,37,38
454.8162812427003,2134.899672973604,381.1935716801582,3.431649823223054,0.013671428019883884,6.322061104716476,2194.0,0.0015557371217351976,37,40
431.2439834024896,1779.670765748774,590.1332390353302,3.447728985367716,0.04455866138798202,9.30500542877284,4240.0,0.000707851549767785,37,153
845.9171974522293,744.3282529572339,391.43352980751587,3.426466596860307,0.0057851946013543825,6.500147333018348,2197.0,0.0015530094959049557,37,13
833.9844669333961,1654.678512591198,378.34419202732823,3.399915550015124,0.027789932790031523,6.544668890093816,3090.0,0.00102044808133544,37,74
799.0814525866073,1918.5815919011795,479.36360503156544,3.3396058750083193,0.017444718158347052,8.904311415093629,3625.0,0.0008465314858497621,37,52
710.6982142857142,1721.8732142857143,448.77729532071885,3.433235088746935,0.048014815842363785,7.524143145754116,2647.0,0.0012296289331370587,37,147
683.0921356088561,1402.0947878228783,386.0909429584597,3.3178240824471725,0.035251098049535357,7.301535360376775,1897.0,0.0018831819730530553,37,116
865.9287419651056,653.235261707989,484.83975655184804,3.455050468137005,0.017035434396342353,7.613186259905052,2740.0,0.0011788964750583167,37,53
634.5494356187291,768.3994565217391,425.98225809807917,3.3702509012125117,0.017777234505723164,7.880315602357861,2556.0,0.0012836827524870915,37,43
534.7164075993092,2430.5100172711573,257.77981546696054,3.3367944034944244,0.10998344998795365,5.209022177829772,1829.0,0.0019785266194765356,37,151
1251.4742196070608,1929.997207539643,443.25286492156556,3.3974747014896804,0.04219616702363516,7.64762597301594,2613.0,0.0011598237748350882,38,7
1147.4516512942578,1585.8140434394525,297.15226468562514,3.424885736610297,0.07033655648856885,5.2605057271034505,2079.0,0.0015486145104916381,38,64
1192.9193929593232,1142.4139818385372,355.371475127602,3.4251907731274547,0.014617876881204882,6.0562124757409475,2101.0,0.0015275189086728276,38,128
1078.2909199522103,1400.345181202708,444.0043657397232,3.4269848859024608,0.02940811409951359,7.382390390136775,2664.0,0.0011326654391707895,38,12
1009.4930689062026,1603.6706465648083,436.88721093246556,3.391918304511239,0.02675204224608379,8.001273416854827,2674.0,0.0011274887369853155,38,29
1004.6298879937119,1838.0949105914717,449.92796042402455,3.426616082890592,0.015417081322180181,7.470802251096497,2563.0,0.0011877443462762274,38,4
916.7474128018398,1591.7224351603425,691.999635731743,3.4307379597933574,0.014035486100427656,11.272512272364537,3897.0,0.0007232329815412725,38,91
1094.3304606240713,181.20247647350175,446.25886819419605,3.3094338866075943,0.015875699194374548,8.53174458261316,2942.0,0.0010044568687917893,38,86
1447.3398567537577,2483.27801876324,438.2133888468614,3.4329037276963645,0.048978290967363274,7.64762597301594,2621.0,0.0011554778427485064,38,55
877.5712242877571,2489.7649323506766,401.8761139924157,3.410482910976558,0.005513689404450447,7.16136073773747,2866.0,0.0010365318839539396,38,137
2142.735016434716,1520.1355339534234,632.1005999315314,3.4659281913865585,0.03589232868308834,9.902128427488847,3783.0,0.0007482400834299251,38,95
1988.7685162846803,1101.8322074788903,366.4671636780471,3.479250921140315,0.017607890910722415,5.7467709623819205,2113.0,0.0015162526753645753,38,123
1986.158041603247,2199.283358701167,348.5195559032236,3.446628658867361,0.05368023136725512,5.658359101422199,2296.0,0.0013629524815003406,38,21
1423.835112823335,1409.1436433681893,401.61087840953655,3.3686534530812935,0.02452968654518465,7.205566668217331,2067.0,0.0015603686572252667,38,27
1801.2970610833654,1760.298693814829,460.27214815631197,3.4355237832100536,0.0517393232596044,7.470802251096497,3350.0,0.0008613641408087734,38,80
1729.9994880982852,1344.3402866649603,345.4251407696333,3.356609713516955,0.003592292612893624,6.233036197660391,1927.0,0.0017119652798414135,38,15
1592.6308500875948,2198.64486527071,529.8964886620929,3.3986782133742186,0.051850459155331124,9.283245400770795,3398.0,0.0008471658590608756,38,129
1582.2047879260995,2508.150663544106,169.88339083410554,2.9814239699997196,0.12186794035633457,4.9068582832645635,812.0,0.007567202530126638,38,25
1553.9174149338373,2425.2768194706996,374.1589955815429,3.4564533764090073,0.02581321500785151,6.3214480586201125,2135.0,0.0014960237841644558,38,141
1515.7193649743674,125.41971225401025,267.31326161171904,3.4561918513654133,0.054078606388522465,4.420593047986093,1649.0,0.00212118623899764,38,11
872.8790622674275,567.8212602331928,356.3882115286388,3.3705644245165263,0.03357301292169291,6.542477711019417,2516.0,0.001215243767388507,38,115
2093.0767645543533,1339.2689335394127,257.4111331842302,3.0781508864834395,0.030214048168786298,6.2772421281402515,1087.0,0.0041047056527158616,38,88
845.1136767317939,745.8163854351687,398.20702176258726,3.4613124442311904,0.02139288432833038,6.3214480586201125,2222.0,0.0014210504923475211,38,13
352.41093318608506,1865.365875207068,400.2847004951407,3.420792627108641,0.037338929559679705,6.675095502459,2449.0,0.0012567216542776199,38,67
287.6482614535144,2517.2044470974483,296.2239401455481,3.307162346732261,0.18503992889969353,6.2772421281402515,3382.0,0.0008518463240511458,38,127
233.9134566649772,1938.5537252914344,348.87320334706243,3.4625100979504038,0.01644881977913071,5.7467709623819205,2670.0,0.0011295537291908845,38,97
377.7874273255814,960.4444040697674,486.6188827223091,3.3811582489808374,0.019005505883077208,8.796980165492325,3077.0,0.0009521213327469231,38,33
192.5188604589818,1687.441835927196,335.16936489830556,3.4468493215279747,0.018327118122057076,5.7467709623819205,2031.0,0.0015967266254382885,38,30
97.89975366820178,1219.8776909071437,412.7507728904615,3.166643649309725,0.1048876360614507,9.46006912269024,2529.0,0.0012075109606591132,38,110
865.0715381664749,654.6335826620636,460.97944304398976,3.4595725339088204,0.01289059987812057,7.205566668217331,2706.0,0.0011112366895219415,38,53
397.9011670852415,69.282316442606,299.2299434181786,3.427617191284159,0.009261377778504574,5.2605057271034505,1997.0,0.0016326554785035018,38,38
265.09365903050247,869.8340716365017,349.2710567213812,3.4727682001944773,0.022737539945466536,5.5257413099826165,1943.0,0.0016931654613836751,38,0
455.73661417322836,2135.6930446194224,336.8491902565403,3.4089584003516507,0.019166236469371493,6.0562124757409475,2079.0,0.0015486145104916381,38,40
433.6363233010427,1777.8768764327442,597.7967978791594,3.4589424790364114,0.052507518465324705,9.415863192210377,4095.0,0.0006835544278354272,38,153
799.0665301944729,1918.751651623709,475.08113486706543,3.3537725147888047,0.014105343775638143,8.752774235012463,3644.0,0.0007811739595146603,38,52
711.4985419470614,1722.685060565276,394.14007615844,3.389593633130208,0.055030256855545266,7.16136073773747,2523.0,0.0012110676838526595,38,147
699.4852077817428,1384.1273166800968,384.0169180785519,3.332396936890663,0.029028140358958898,7.293978529177053,1898.0,0.001747125895482766,38,116
834.0659734257655,1654.6835355285962,382.6023283031963,3.3713373690110506,0.020736698945804252,7.072948876777748,3101.0,0.0009433829536537615,38,74
535.5682882882883,2431.3113513513513,245.34291416322816,3.35089069777999,0.09922841554789742,4.685828630865259,1850.0,0.0018086080703834232,38,151
585.6575854214123,790.0526651480637,485.1600870164737,3.415601348815738,0.026138664406912798,8.133891208294411,2730.0,0.001099351835845127,38,43
1250.7128081198646,1928.477332044466,450.6255880102225,3.4376163805598887,0.020686250065684173,7.405157077016706,2638.0,0.0012031654867106132,39,7
1199.3257690958008,1140.6896713065855,372.3922814789166,3.448058850630001,0.015897295275218024,6.098364651660817,2179.0,0.0015293640646251948,39,128
1143.9034132171387,1584.6868554829339,299.9088616191766,3.4478161865250168,0.03349886533445192,5.183609953911694,2073.0,0.0016315146489263475,39,64
1099.8177502307794,184.0991691942503,330.31356538245694,3.4282456530921768,0.04497273143196713,5.488528186494735,2562.0,0.001247212087682818,39,86
1080.0025225574852,1403.5283787717085,448.9703176047717,3.4457781441252275,0.004849639321392376,7.100238844433665,2696.0,0.0011715891438678439,39,12
1009.6217092337918,1603.6319253438114,443.4382296707651,3.3969534484365242,0.03522411592335418,7.884314299647198,2700.0,0.001169472448030928,39,29
1004.640952474663,1839.6372134212338,442.69771396306345,3.4491570057022978,0.026306079180878718,7.187358339457392,2554.0,0.0012520369014902325,39,4
915.9713127341975,1591.7533632286995,709.1091297456175,3.439203704423943,0.007134873317389182,11.064175868013196,3973.0,0.0007425323730502373,39,91
1422.4330576665177,1409.143607510058,389.7726207361499,3.4030410549968013,0.029026888651804746,6.621081621803173,2048.0,0.001657627302580206,39,27
1448.9684765419083,2482.545914602003,413.16420515002034,3.340412444270721,0.06937932758525087,7.884314299647198,2537.0,0.0012624146033840306,39,55
2143.581791483113,1516.879295154185,593.2837611115738,3.363556086166407,0.04396485841415467,10.759257635430155,3609.0,0.000829078037857325,39,95
1530.319646388275,2391.233686169594,374.483149359486,3.4147420037526444,0.005330933080625416,6.403282884243858,2112.0,0.0015923822877050376,39,141
2102.1718309859157,1327.5618779342724,231.95565550067036,3.041589651092633,0.15578073485385094,5.837006166589639,1030.0,0.004759605848189471,39,88
1985.43473656341,2199.347365634101,329.0503327046129,3.4055974109073306,0.057659725815087645,6.054804904148954,2200.0,0.0015106261905047122,39,21
1945.5656330146887,1110.8154581487527,373.6555141567606,3.451779541115902,0.03946963137751024,6.098364651660817,2125.0,0.0015797520146602004,39,123
1803.8902516006854,1760.9862025430607,483.0340401590486,3.473201062418323,0.031141413316466734,7.535836319552295,3459.0,0.000870908466354839,39,80
1729.2324061017819,1345.1601076785028,339.8095903400431,3.413403983266614,0.019531561813594736,5.967685409125228,1944.0,0.0017758671426142624,39,15
1591.1086110641177,2199.510573507021,514.9633350852441,3.4034275716289266,0.03604127775721427,9.0604274824675,3395.0,0.0008900690763002831,39,129
1579.7749026154702,2508.229549248748,156.55373255763553,2.987732290617864,0.16821578756983427,4.486653993721887,793.0,0.008434004826274757,39,25
1518.5020282330033,122.29352588025313,268.45872391561153,3.4245299654612515,0.015516591432269234,4.791572226304927,1658.0,0.002209228612063163,39,11
875.2616538305634,2489.691933522497,429.84758844706386,3.444239946972722,0.01070379345724795,6.838880359362488,2904.0,0.0010708071243546553,39,137
873.6480664417337,567.8738645211523,335.6714143264161,3.3907248948776894,0.015528682274326765,6.011245156637091,2381.0,0.0013663391792545201,39,115
866.6311376129694,653.8655548308953,467.52677004482535,3.430181016454691,0.023378279180056874,7.579396067064158,2717.0,0.0011605611681887507,39,53
376.18557908968006,960.4282109058134,483.29539864411976,3.4058508098008344,0.01909440975260465,8.189232532230239,3121.0,0.00098262288162754,39,33
352.3521797659729,1866.2355804079941,420.6564817220608,3.4632047138941435,0.03473542659083645,6.88244010687435,2540.0,0.0012605707617163553,39,67
288.4459438255139,2518.197238349286,277.60627089310276,3.2704833755109006,0.16058405162696301,6.098364651660817,3219.0,0.0009473879106456909,39,127
422.82445695897025,38.96009654062752,270.7238307862284,3.478493862216386,0.038058322301938084,4.53021374123375,1913.0,0.0018144459985111464,39,38
265.9305249513934,869.0322747893714,336.0634520540229,3.438280931149106,0.038655411240127724,5.619207429030324,1947.0,0.0017722205887314726,39,0
190.1242617255356,1689.791430225825,376.1384197649368,3.4501999304287447,0.031899703517424716,6.229043894196406,2198.0,0.001512390944626835,39,30
115.94014084507042,1192.8431277319087,358.7580805077035,3.0952775447711702,0.08991415245241774,8.973307987443773,2299.0,0.0014281373295475552,39,110
235.45506113702257,1936.1926131350056,345.559477011609,3.4126842389623406,0.02677579393250379,6.1854841466845425,2519.0,0.0012735919300661453,39,97
432.8856793519792,1779.510927709002,570.022855940239,3.436749723604114,0.009901645546966396,9.408905462562403,4072.0,0.00072203299143252,39,153
846.6465304289243,745.1118347181675,387.9431113406517,3.42639390070838,0.016568894733979468,6.359723136731994,2183.0,0.0015257591913808008,39,13
834.5635787249031,1653.9286133615124,370.998369558537,3.4034598285778923,0.060958040077246006,6.490402379267584,3101.0,0.0009901381726649765,39,74
799.0848540145986,1918.8380474452554,477.41483273001825,3.368475038884991,0.0020270913765316687,8.842628744908184,3658.0,0.0008162707010650286,39,52
455.7248322147651,2135.6513866025075,343.9913261011819,3.430564523770662,0.011152916696492718,6.098364651660817,2091.0,0.0016132172452504893,39,40
721.1992931250712,1370.4716679968076,382.0625454265502,3.3668290076839513,0.031588745517132595,7.01311934940994,1896.0,0.0018363223564777788,39,116
710.7883485309018,1722.7290780141843,429.9347079420876,3.4334459607145282,0.045950676876284575,7.1437985919455285,2619.0,0.001213882872923165,39,147
535.6293242806337,2431.3186226964112,269.4605981083844,3.4051272650100715,0.07111602701506796,4.965811216352379,1911.0,0.0018169925961467966,39,151
563.4256897331525,776.9698778833107,481.5530087436452,3.4380082166150268,0.043425560107984706,7.884314299647198,2742.0,0.0011477003180746929,39,43
1251.517568947906,1929.6021450459652,446.41178032071235,3.39364905854808,0.03682089224156847,8.025380320372356,2641.0,0.0012194428276561284,40,7
1207.0538351595999,1123.535016674607,382.84712028321763,3.4169518273420785,0.0041247214556385595,6.475022758482242,2190.0,0.001542178081019624,40,128
1144.7803547066849,1587.4945429740792,267.39108067422444,3.4111205665853737,0.07263331737544144,4.833467692951533,1981.0,0.001757761104299443,40,64
2120.838898163606,1506.8469671675014,655.5276561685966,3.456180901199203,0.03358850005039461,10.031725400465445,3858.0,0.0007793408252656698,40,95
1079.136633847297,1401.8803641092327,490.9161620973227,3.495106847353807,0.030465037424378807,7.295800291247597,2820.0,0.00112592431952872,40,12
1009.072863000736,1598.5702870360635,433.6897285628493,3.3886604523682573,0.00927811519114684,7.797386561270869,2635.0,0.0012228473708127796,40,29
1005.5499536034642,1839.864212805444,442.2622939050653,3.399326122092229,0.01145837296509229,7.478195298528787,2511.0,0.0012977247110798954,40,4
916.7015016233767,1589.5474837662337,674.131946911278,3.40093450679082,0.020183544888009938,11.58208296235556,3818.0,0.0007886964152626463,40,91
1112.9635814249364,220.6509223918575,286.72495144603056,3.397724129779596,0.014285933350979422,5.06146145205302,2235.0,0.0015025013568395777,40,86
1423.910622794034,1409.8311510873277,400.4938372376728,3.4210072270393277,0.014726106213389129,6.611819013943135,2055.0,0.0016748629718613074,40,27
1508.6425369198312,2349.5414029535864,345.8209338051361,3.38530813685174,0.03743999253765071,6.52062151030254,2033.0,0.0016986799922880458,40,141
2120.47168024247,1336.202879333207,240.7158108593504,3.032594293549781,0.1577494228043345,6.657417765763432,1038.0,0.004760133741566313,40,88
1986.1263157894737,2199.3499000666225,342.2186324113326,3.4430747146999288,0.0439986093998047,5.654245225716887,2261.0,0.0014804939559271905,40,21
1922.8324223746947,1119.854285382021,392.10366690273804,3.4659139631493283,0.05097982643088171,6.247028999380755,2201.0,0.0015322870573713958,40,123
1804.5137836700337,1760.3797348484848,433.3705373001073,3.3854200660433595,0.021982191184778253,7.8885840649114645,3195.0,0.000970070434795225,40,80
1729.2520439808288,1344.5117000281928,323.47754541319034,3.305299842406095,0.03993645249322471,6.475022758482242,1857.0,0.0019167316819540677,40,15
1591.9878522436163,2198.685893727791,551.7904957774198,3.439370626762837,0.0382331761476986,9.028552860418902,3440.0,0.0008896167057872151,40,129
1581.8091503267974,2478.990588235294,174.41522571263786,2.9909667923501218,0.11143718050582116,4.970263948412425,816.0,0.007961568563468106,40,25
1516.744408945687,124.25718849840256,285.44818639506224,3.485753753957218,0.039745071628708876,4.742270189310938,1682.0,0.002197169683574343,40,11
1447.2310816588285,2483.3083582727663,426.6219220307032,3.4035761943352427,0.05442178344898186,7.569392802169382,2599.0,0.0012436806448246618,40,55
875.9491906956802,2486.334119412584,425.3907557315552,3.4772124667253417,0.01823805090106845,6.976609028505515,2974.0,0.0010562352789816973,40,137
833.9753962621245,1654.6962384669978,385.4918478887949,3.3784619584415716,0.027251992767473067,6.88541152486492,3098.0,0.0010060940658387764,40,74
867.4230561263113,653.3462744673948,421.6516580822908,3.404190828099537,0.02236190493381388,7.386997794888192,2554.0,0.001270742199137337,40,53
378.4820856393825,961.1366152053597,469.62154499724375,3.375157553870324,0.03244036199886312,8.70936159767682,2982.0,0.0010528500265082048,40,33
353.9148817492191,1865.397144132084,408.74721131714665,3.4503393439742314,0.012852410492996168,6.88541152486492,2464.0,0.0013285590898599758,40,67
287.6229388588939,2517.299576827667,312.48824622449865,3.3156127052575273,0.1738750928075095,6.52062151030254,3358.0,0.00091501586268036,40,127
433.6056293485136,1778.1398640101202,576.7330130231226,3.4415582536339886,0.03919479054355337,9.347744123160984,4080.0,0.0007312023972934653,40,153
234.8155188126546,1938.524931649525,350.24401273170497,3.4234995126189176,0.019223423012137128,6.15583149574016,2589.0,0.001249594242666174,40,97
189.48522037476906,1688.9697809448403,345.54734129421433,3.4610908932805016,0.03472767899814289,5.654245225716887,2093.0,0.0016352603730617969,40,30
132.92701845105182,1154.0238570924903,387.9997792389113,3.1665115123851875,0.06528790414223949,9.21094786770009,2383.0,0.001385284652516017,40,110
265.89620117710007,868.1993044408774,340.89626860854395,3.4338898913596236,0.010346813895445362,5.608646473896591,1933.0,0.0018160662202720958,40,0
448.7511367611053,7.9681706890521165,260.733662908461,3.4488466980564167,0.0351376014328863,4.377480174748558,1891.0,0.00187035098746609,40,38
454.94448737764037,2135.700540958269,354.02870913278963,3.4133869859899724,0.01787818274011509,6.383825254841647,2115.0,0.0016131769949192637,40,40
845.9412978674616,745.9031185507911,397.71231337663465,3.440938770067459,0.015916661703858685,6.383825254841647,2201.0,0.0015322870573713958,40,13
800.4877344877345,1918.7331478045764,442.39909016052616,3.3595597820992964,0.03404340112631753,8.16217657583325,3537.0,0.0008613340507842408,40,52
729.5728039938191,1367.18542731487,383.6222990641627,3.32002772519174,0.026501515891660332,7.295800291247597,1893.0,0.001867692513678776,40,116
710.7900363258951,1721.9790347690712,439.34397378856625,3.4388572944275353,0.0712612178446483,7.295800291247597,2632.0,0.0012245567811741045,40,147
872.8244881465517,567.7292564655172,338.5251335138885,3.416629432794034,0.01745778188007905,5.654245225716887,2410.0,0.0013658454588943154,40,115
541.8414008251988,733.5405051826507,453.11479683829606,3.387282717832439,0.026303310370492897,7.97978156855206,2601.0,0.0012425046354482775,40,43
534.8288288288288,2431.3833833833833,273.3189184108631,3.3894180653156605,0.07632490874357961,4.787868941131236,1936.0,0.0018123090654324863,40,151
1206.4386911183028,1107.9804626633106,361.12166330221726,3.42043691786553,0.042946632924468285,6.103098948293495,2105.0,0.0015485060669046013,41,128
1249.0294253724437,1931.623947441473,467.7743995333887,3.4209604348822427,0.024136781107846908,8.0076120952787,2677.0,0.0011442479150765086,41,7
1124.191937210132,271.7181591152337,363.97843302269507,3.370314539848554,0.04455657863681602,6.665796014448215,2649.0,0.001159059917169219,41,86
1079.22031359233,1403.5144312393888,433.4065941082466,3.430029936170829,0.03661105536211124,7.141924301194516,2627.0,0.0011709697027554576,41,12
1100.623329665147,1612.499135356076,275.33200290847464,3.373980541471819,0.0630462737197534,5.32397993361773,1990.0,0.0016669060354533125,41,64
1009.8431915910177,1603.653607262303,452.97113825454915,3.441685383642858,0.019274927109720546,7.48819941882819,2715.0,0.001124741115841953,41,29
1005.5433822052621,1839.0473990761197,431.0259526745151,3.3961954305206903,0.02010014936729683,7.4449150291239805,2464.0,0.0012674632699805385,41,4
916.6808623548922,1591.553167495854,652.5121747909535,3.408223398341379,0.011065170470438458,10.994234984869134,3787.0,0.0007594856942423523,41,91
1423.072030141844,1409.869015957447,390.5983326907837,3.411429994874448,0.01985273997679158,6.4926584556313784,2022.0,0.0016321797133359939,41,27
1584.123476005188,2478.9779507133594,166.86132230972643,2.975690526843047,0.08245509265527892,4.84785164687143,810.0,0.007737001663456162,41,25
1496.8968959220938,2313.476810712112,355.5812614200785,3.4182568087358,0.012008979660899699,6.016530168885077,2090.0,0.0015629867545017908,41,141
2123.630007418398,1340.0077893175073,233.38942928509596,3.054129616622964,0.12380127055668347,6.146383337997705,1013.0,0.004756936339849342,41,88
2090.728281208233,1505.123696872494,647.7076075337864,3.440398312790963,0.03841183445954651,10.388253529010205,3794.0,0.0007578785791243604,41,95
1985.1991675847717,2200.8999877585998,353.5901794936849,3.4400946845057256,0.05401453678581582,5.713539440955613,2269.0,0.0014060779080061203,41,21
1448.18046875,2483.25712890625,443.2321505711021,3.4251340074148926,0.04713559703913277,7.618052587940817,2639.0,0.0011644432836228553,41,55
1897.864642775622,1118.398653275508,379.25782258828093,3.4451219943289635,0.031281941301651434,6.232952117406123,2134.0,0.0015212575190032083,41,123
1804.5793788580247,1760.2699652777778,448.7725524532409,3.382479138658033,0.03472565965526638,8.0076120952787,3200.0,0.0009237493855560392,41,80
1729.9903251814028,1344.5081967213114,322.1224281787248,3.358415886925143,0.029098627810919056,6.3195208968145415,1867.0,0.0018153662947267661,41,15
1593.4972215310609,2197.84100522518,521.8798866636502,3.4362763793669457,0.05887339021602389,8.830015499658675,3323.0,0.0008837001775064056,41,129
1517.5421444065696,124.0852184691664,279.3574511509661,3.471451589584483,0.04696616628377084,4.6314296983503835,1654.0,0.0021464108439005676,41,11
876.0399699756052,2487.2126102458246,461.32502546746156,3.496023529908496,0.0406526779235633,7.098639911490308,3048.0,0.000978553349868358,41,137
864.2943610469592,653.2748267898384,449.8113778061419,3.4706095818890264,0.020881051137057023,7.185208690898725,2641.0,0.0011633626134738807,41,53
377.81961001755843,960.4309213566214,468.38038098924767,3.3885956041096845,0.016590789216126615,8.094180874687119,3041.0,0.00098123427678521,41,33
353.85647425897037,1865.4195527821114,416.17940700597137,3.4325231665076266,0.02249703504082502,6.925502352673471,2489.0,0.0012516440182890306,41,67
286.80989616715806,2517.0425586463275,337.6615240825359,3.3509618032813173,0.14496890954086236,6.3195208968145415,3468.0,0.0008407307475978044,41,127
264.38046057222607,868.3438939288206,310.13265223065883,3.4612398699806426,0.0253736897052968,5.237411154209312,1844.0,0.0018461116692441203,41,0
189.45524710568904,1689.8724013444541,347.7035024939124,3.439867752271646,0.03759765783762462,5.88667699977245,2099.0,0.0015542660237739402,41,30
126.86151764850572,1105.2866806050915,351.9453726849249,3.0764657474951687,0.10861291814261642,8.61359355113763,2234.0,0.0014342310100052915,41,110
872.7940335612182,567.2085767557489,348.2229151703629,3.4239858796314384,0.013921033556151801,5.7568238306598225,2427.0,0.0012916235961762158,41,115
433.62374151252635,1779.7097479122765,554.6028852800323,3.4401143804753267,0.050894941192099336,9.219575006996557,3977.0,0.0007181506440349406,41,153
455.07624417749446,2135.612405001226,353.1140512069386,3.4168941279670517,0.01901027641525348,6.232952117406123,2107.0,0.0015465955566135391,41,40
233.17080557238037,1938.559297395518,357.31263700824684,3.4794542760838176,0.027544592641878914,5.713539440955613,2743.0,0.0011107879905238734,41,97
511.6361963190184,694.6469325153374,423.3213313071659,3.3877712238329605,0.038757016287033,7.358346249715562,2488.0,0.0012522692028501805,41,43
845.9677626646675,745.1066723787084,404.1463466682012,3.4380485434760586,0.02240856827024101,6.535942845335588,2200.0,0.0014626806822454607,41,13
833.9620956322841,1654.02831935519,397.39398187434455,3.4287049833687777,0.03658207868572891,6.665796014448215,3189.0,0.0009275085774771442,41,74
799.8225178147269,1918.7777672209027,455.56820163680175,3.342904706461816,0.026306503370303335,8.656877940841838,3584.0,0.0008092512344487053,41,52
755.5768277571251,1396.4223048327137,349.3050249129682,3.3510249222797164,0.022150932281018804,6.622511624744006,1793.0,0.0019181459991015762,41,116
711.5230498290687,1721.962809489278,417.8242138147313,3.3903935561763237,0.06337427340771554,7.315061860011353,2539.0,0.001221161307604679,41,147
534.8508639490018,2431.2669015265897,258.01824702679096,3.3982933834223483,0.09834632675743904,4.717998477758802,1896.0,0.0017780300126045098,41,151
1229.1277170720246,1083.530489954177,372.05842066976726,3.4349965114911045,0.013548484260208257,6.251245935351513,2123.0,0.0014761632056432333,42,128
1250.6851709565885,1931.5533038801384,455.16064810405555,3.3979977607665393,0.042973613006733885,7.737556157742781,2623.0,0.0011307929791282338,42,7
1448.0698222527742,2483.2515957969163,445.14991160618496,3.440420351188277,0.037903855095238505,7.912416183906459,2621.0,0.0011318522334457842,42,55
1136.546810273405,296.09643744821875,263.8200644744502,3.418890937776112,0.09212736066686497,4.721220706419324,2694.0,0.0010944326419923443,42,86
1423.9110626702998,1409.8573297002724,401.0851850129379,3.410721994411266,0.024388770385254242,6.688396000760709,2059.0,0.0015362204359644228,42,27
1133.9107302533532,309.74813710879283,293.327693889571,3.4355683164839,0.027217904792930597,4.939795739123922,2292.0,0.0013380339633188513,42,186
1078.3586523125996,1400.2899720893142,438.5489456185061,3.4270565950828877,0.02447036071525709,7.344121098874504,2646.0,0.0011187525383819584,42,12
1054.1344212418753,1595.095699073434,316.1032122973901,3.535504569338289,0.026057497542201404,4.852365726042083,2170.0,0.0014349656775002925,42,64
1007.3798072044648,1599.4189751395231,430.81138946076334,3.3567216013062207,0.022413073542993118,8.130991216611058,2644.0,0.00111978934502665,42,29
1005.5472488038278,1839.8875598086124,438.5489456185061,3.3944555599748747,0.02542096197600589,7.562696131579102,2477.0,0.0012137109449279042,42,4
1487.1098825943234,2271.2056309130285,383.5117523834882,3.4484693971638567,0.018683379608360594,6.207530928810592,2189.0,0.0014189567701743428,42,141
2126.717809755186,1369.8063913287235,233.91900000046112,3.0715019880698837,0.06382894776537891,6.032670902646914,1016.0,0.004558966393269485,42,88
2073.5074962518743,1494.7139430284858,583.1581872558684,3.372034206922236,0.03122657416949493,10.316741543657042,3618.0,0.0007715616365631961,42,95
1985.4070213933078,2199.516044980801,318.7698276963862,3.391913037469791,0.09583519813473997,5.595520837237717,2150.0,0.0014522120980162447,42,21
1514.31701308699,126.635103926097,283.92896748327325,3.409107938464943,0.012967152113985437,5.070940758746682,1663.0,0.0020530473178264857,42,11
1881.3045995848356,1117.0379110674096,400.1234548690377,3.452713137906687,0.038508312147883,6.46982096805611,2209.0,0.0014024867047343324,42,123
1729.8808325397906,1344.5916201877296,321.3490130823005,3.3717439590713205,0.017481448675191934,5.901525883024155,1875.0,0.0017397118525559927,42,15
1592.713433079879,2199.7341182241844,534.6782450019884,3.4428774711948944,0.03371321402111758,8.524426275479335,3376.0,0.0008361682660515364,42,129
1584.1141364136413,2479.2637513751374,158.9477637827839,2.9444807686075434,0.09005530756596333,4.590075686796565,798.0,0.007743646500900657,42,25
1804.5623304871924,1760.307785032647,435.1828901148553,3.4099302499306736,0.04185339988139482,7.781271164283701,3205.0,0.0008887541070698769,42,80
952.2926557450128,2069.6636576395854,392.2547536916722,3.4112589818572383,0.028262873190296536,7.125546066169906,2231.0,0.0013848056699531772,42,188
433.79424834409326,1768.54749727509,521.3888830135488,3.4051731466449215,0.031688462181197835,8.874146327806692,3808.0,0.0007274335625398327,42,153
377.69815288953913,961.7628017556693,478.06731153149747,3.396863198650163,0.031462888963608604,8.305851242774736,3063.0,0.000937725576823556,42,33
353.94212594244453,1865.4657534246576,411.6642165958405,3.448601651441332,0.00813859599953852,6.644680994219789,2492.0,0.0012046356727524394,42,67
286.6757281553398,2517.1060194174756,337.69842552860445,3.334899308533655,0.1374729941651837,6.426105961515191,3535.0,0.0007925646111245155,42,127
265.8826092368978,869.0848997883729,351.1626475432077,3.4362288002957655,0.04104848102935538,5.595520837237717,1939.0,0.0016630869958016064,42,0
233.9403759658632,1935.3013493253372,379.05282171631444,3.47497105405905,0.002319780897863167,6.120100915728753,2707.0,0.0010880269001162053,42,97
190.9976757699012,1689.8712376525275,376.1676312846137,3.479833159023957,0.023316174769196694,5.770380863401396,2189.0,0.0014189567701743428,42,30
122.80119453924915,1069.0702858361774,409.8719013276628,3.1662718303636326,0.03842266668976659,9.442441412838647,2433.0,0.0012411384036647303,42,110
454.97894080996883,2135.6766355140185,350.8129274908803,3.406682090545523,0.037072779016763605,6.294960941892432,2112.0,0.0014861490974178097,42,40
480.9036962303953,651.7492433275245,476.6247163156471,3.4014741801436603,0.053035883410075146,8.130991216611058,2652.0,0.0011156536062196546,42,43
915.2119537601626,1591.6323043699188,688.2490629802393,3.4307722411625794,0.007217387837729985,11.147326667934514,3883.0,0.0007113734110175807,42,91
876.8660311603116,2489.698544485445,426.48360381321226,3.4391268188208413,0.01727872318716027,6.950686040006227,2912.0,0.0009960900718220531,42,137
872.7797974552064,567.1982601921579,336.69298037816327,3.423591909563745,0.017085818619804155,5.6392358437786365,2416.0,0.0012520702938067804,42,115
863.4555264536407,654.7213200628602,417.2597374330782,3.424253311103984,0.018399759911825474,7.125546066169906,2537.0,0.0011782062922825825,42,53
846.6953228327521,744.482385475532,363.57770940082884,3.4318455713347533,0.0225878945673436,6.338675948433352,2125.0,0.0014743619891745606,42,13
834.0563815187558,1654.7445105215004,382.24401719380154,3.3624963224895454,0.01926768507938209,6.906971033465307,3097.0,0.0009255150174292283,42,74
774.8170259812051,1398.130679933665,395.40223416261836,3.3677986045152557,0.01495185920759844,7.1692610727108255,1902.0,0.0017065411055654438,42,116
798.3225553595923,1918.6699980403685,446.15535675662613,3.356620595548055,0.026452787687140697,8.218421229692897,3528.0,0.0007943883514270683,42,52
711.5459237413103,1721.994522856541,415.0302720994913,3.431612414971922,0.05235488335510542,6.9944010465471464,2542.0,0.0011753411072121089,42,147
534.7673179396093,2431.2720813822057,270.7270355079155,3.396125298547764,0.11110321325841804,4.983510745664842,1932.0,0.0016711374911214342,42,151
1128.760354638084,334.919412465264,324.54540468702754,3.529381017854848,0.06540353905057286,4.809988795149806,2657.0,0.001144389781053321,43,186
1230.762802633047,1061.7533192011604,384.92794259756886,3.4333194863755474,0.01032997917411781,6.484895607746614,2187.0,0.0014605719602390993,43,128
1249.9921048065244,1930.0830296720458,494.9993826151488,3.4650281769737363,0.02244347694281189,7.558553820949696,2743.0,0.001100786601662673,43,7
963.8815118598981,2094.711704721791,387.46177598072813,3.390167953025764,0.004851138820011778,7.000251550084093,2223.0,0.0014303030950890386,43,188
1078.4932113341204,1402.7918142463598,436.50648315984495,3.447346680303438,0.055804862256347114,7.300875849780956,2635.0,0.0011561046218174973,43,12
1060.5491421924978,1596.8588252398954,295.38484761643184,3.4284528635393117,0.0904201972725307,5.153559423374793,2084.0,0.001554707006378109,43,64
1008.845871559633,1603.6894495412844,468.11498095654366,3.4163798641466654,0.042892379495556146,8.030963434759052,2761.0,0.001092077533030711,43,29
1003.9461409230161,1840.3342227492835,434.5738983760794,3.44850446165258,0.015551973352949732,7.000251550084093,2485.0,0.0012428507233744552,43,4
1424.6880598707337,1406.2902823449372,378.7436712895191,3.454513851256098,0.01730631947439295,6.227217636577874,2031.0,0.0016080359244300749,43,27
1483.1305552210044,2223.5228230759967,356.5833657690075,3.37515416877709,0.013196707701357396,6.313110293634121,2097.0,0.0015421621828139386,43,141
915.9742380036005,1591.741324725309,691.8224062595377,3.4389399929160436,0.01430768858459801,10.90836744614331,3882.0,0.0007316015679399693,43,91
2126.7157821229052,1370.0748952513966,245.9965698090901,3.0633727806612256,0.046068778965986115,6.356056622162244,1021.0,0.00464309786584708,43,88
2050.7055230669266,1478.9816114359974,660.9439960478171,3.4329841416701976,0.021846890483324513,10.607743146446447,3859.0,0.0007365900788814636,43,95
1985.3146347544252,2200.130516080778,344.51544745260486,3.43266968143745,0.08293470806211019,5.9265933368810115,2240.0,0.001416441340873351,43,21
1847.0748771629994,1102.1049989318522,402.06352768029006,3.4725093047547952,0.015480371179267705,6.227217636577874,2203.0,0.0014469624404919034,43,123
1804.6019520680325,1760.3724391186702,444.4086076090196,3.3652335821208976,0.029189748410730694,8.245695077399668,3214.0,0.000910739657615342,43,80
1729.229939312205,1344.4977747808496,318.44702603603406,3.311436281961993,0.018798888391097283,6.356056622162244,1842.0,0.0018321453228365438,43,15
1592.901364615753,2199.6584470513126,538.1604427859127,3.434766643848417,0.04379799949165733,8.975782662377764,3438.0,0.000841634803700169,43,129
1578.2074440395627,2480.861530452889,164.9997942050496,3.040033082918154,0.1296542490821078,4.423471838396697,797.0,0.007986054279364439,43,25
1514.7389913149475,125.4504037787597,281.85675413007306,3.4399354018788633,0.026542489825490026,4.809988795149806,1660.0,0.002116146120060557,43,11
1448.0882553939275,2483.359465000488,439.8992431135667,3.4225079226099724,0.02742622171049847,7.4726611638934495,2639.0,0.0011539568442772898,43,55
875.4186512352549,2489.7136657022033,385.91570815371574,3.4693179980317064,0.023917005119403277,6.484895607746614,2777.0,0.0010844510203372902,43,137
265.0935835658128,869.0844534618311,338.6747467727801,3.4555618845736484,0.031504230971676164,5.325344737487286,1925.0,0.0017264777809622137,43,0
377.67108684347374,961.0667360027735,495.5147385574863,3.417286513285732,0.023189810190032786,8.159802420343421,3087.0,0.000955206666187898,43,33
353.12832346744256,1866.2178188020468,428.04605643980466,3.457201527235538,0.03570343772674687,7.0861442071403395,2552.0,0.001202547604983471,43,67
285.9453293736501,2516.996085313175,318.14640173633717,3.3836332664864015,0.13553793919946525,6.098378650993505,3551.0,0.0008106067216689628,43,127
234.73155262836931,1935.3033296743506,352.1169476020827,3.4540879055018294,0.02737750989496707,5.540076380127902,2543.0,0.0012078088143217254,43,97
190.2411961667244,1689.862717930955,371.95815138207564,3.4060196512809013,0.04488712961900713,6.399002950690368,2183.0,0.001464014436149563,43,30
123.22390645300996,1056.1437851883932,396.6522902857465,3.408965836255736,0.013714743686118823,6.6137345933309835,2459.0,0.0012592279085028397,43,110
872.7389105058365,568.519195849546,331.11619295183044,3.3977943559144816,0.029131377607272607,5.9265933368810115,2338.0,0.00134149403664367,43,115
430.61432,1765.0376,536.8291066015408,3.460300564979869,0.010246681758317633,8.589265705624655,3971.0,0.0007129185450124202,43,153
452.6132711249352,619.5643338517367,414.2173386537489,3.4064556162109523,0.04564030720379634,7.214983192724709,2451.0,0.0012643542282734616,43,43
866.729154849688,654.8356021932312,454.286263170488,3.418969912948296,0.027186309800276892,7.558553820949696,2640.0,0.0011534211462129699,43,53
846.6870078740158,745.920384951881,392.7012280611592,3.419074434880161,0.03422044166685304,6.44194927921849,2198.0,0.0014511880909387352,43,13
834.7685940912748,1654.6907690539142,373.59011186614435,3.3561106299933123,0.04228124003326936,7.0861442071403395,3018.0,0.0009812359665210052,43,74
799.0817358892439,1918.7624245651402,483.91922985489305,3.3574209551914302,0.011565762807826164,8.632212034152777,3638.0,0.0007882335793156671,43,52
455.01593465452595,2136.4088109266204,320.7231814480246,3.391875671034503,0.041045690464909294,5.8407006798247645,2001.0,0.0016398757399771469,43,40
777.8622939940273,1402.0954540426944,388.2777562227625,3.3695448566012827,0.017834292047858177,6.742573578915353,1886.0,0.0017745684657012183,43,116
709.974542480319,1720.3509866066863,420.05803933357373,3.400084797200892,0.0667241908396177,7.129090535668463,2567.0,0.001193880045502105,43,147
534.0644297416509,2431.148235664776,272.6232934965265,3.413343474307557,0.06338261875264382,4.981774109262299,1939.0,0.001709844108479159,43,151
1125.3588209543266,337.73748723186924,294.6393229084775,3.438861691880337,0.017781230646822466,5.030322600363617,2241.0,0.0013171860024065664,44,186
1250.7365006678115,1931.6201106659034,450.6653119402686,3.3976714025550656,0.033617551496666356,7.8679404774918105,2641.0,0.0010726997127585812,44,7
1221.770998925886,1062.9818474758324,400.2760975161134,3.440627300234541,0.021289556706695426,6.578114169706268,2212.0,0.0013393168312072089,44,128
1078.4209956709956,1400.2921094057458,436.99315307774185,3.4364987719368982,0.01425989122071325,7.137038903080002,2626.0,0.0010802185433333635,44,12
1053.1839923902703,1592.9754042668842,316.3943932997936,3.5176452302294807,0.04219696727636774,4.72936312854699,2160.0,0.001380919805047645,44,64
1008.9291994870855,1603.6158637113024,469.4107876134185,3.4233420700744364,0.04055236066641027,7.996923108270365,2772.0,0.0010112290034531113,44,29
1003.0432432432433,1842.5570515970517,437.46608939059655,3.428296759794676,0.01793878486242326,7.352009954377593,2497.0,0.0011495106193911064,44,4
982.0816162081271,2140.436974789916,373.4907045244336,3.4260427726802876,0.02875161313503483,6.492125749187231,2199.0,0.0013494807838026997,44,188
916.6750988638504,1591.022534680811,684.9407636443826,3.4356353828603647,0.03555086670569765,10.963523616177113,3890.0,0.0006791064217141488,44,91
2126.8218710720057,1370.1551445501887,239.43475693525625,3.0335408789006313,0.04117084510780951,6.3631431184086775,1028.0,0.004264914587871729,44,88
1448.1886829459645,2483.2783171521037,438.41196201630595,3.4480410317958983,0.05386831467063188,7.7819520569727745,2622.0,0.0010822413995287589,44,55
2046.529416112343,1472.8594974131559,581.7116648112798,3.3963373167654463,0.061003534819386966,10.060645200727233,3593.0,0.0007440220623681152,44,95
1985.4156941649899,2199.3993293091885,320.52183748470736,3.372990123650746,0.0987849164548109,6.06218364659205,2143.0,0.0013950871334197715,44,21
1843.5549822268088,1103.0019493177388,374.95250767325723,3.445049160717,0.03788686845615816,6.277154697889641,2129.0,0.0014069744775553562,44,123
1804.4248087537524,1761.7546238016848,444.0012093500433,3.3901868535959716,0.05079732698389212,7.824946267232292,3362.0,0.0008037812837302765,44,80
1423.9046120455778,1407.6736842105263,396.1916475414592,3.4060365804252295,0.02204024720750819,6.75009101074434,2052.0,0.0014761540500971473,44,27
1729.3635998392929,1344.5904647113969,321.03776800782157,3.323985822224669,0.016320691969781632,6.406137328668195,1859.0,0.0016836502338381208,44,15
1592.8511139002196,2199.659554439912,548.0901923883366,3.439216240134848,0.0340368055158176,8.899801523720244,3430.0,0.00078521584971248,44,129
1578.2201735357917,2483.507592190889,158.5626474371027,3.0645619801452613,0.07607238487582185,4.213432605432772,786.0,0.00770497665621511,44,25
1515.667691834538,128.54790096878364,279.5913493176461,3.4232652825227556,0.004451163385065866,4.901339969585062,1667.0,0.0019573620268007737,44,11
1490.7497540177108,2183.782442330819,393.268041243812,3.3725202860321333,0.03306254210772781,7.137038903080002,2207.0,0.0013432078722034743,44,141
876.9589026586167,2489.6589344349118,405.9083390601103,3.430950672743777,0.015072297889752534,6.5351199594467495,2854.0,0.0009762121728209675,44,137
865.9167911431333,654.9593181618487,489.3171069635754,3.4534574717112663,0.03271026982462545,7.566981005675183,2739.0,0.0010260404400072606,44,53
376.98297331639134,961.1423125794155,507.54665211361106,3.445651120993962,0.009307113295099144,8.039917318529882,3141.0,0.0008706867072704995,44,33
352.4734193142498,1866.221243577645,410.035783245024,3.437620997899071,0.042316824083418934,7.008056272301449,2464.0,0.0011686882456560018,44,67
286.6138138961217,2516.55899684802,313.7287522637035,3.3264443911241526,0.16391583969363713,6.664102590225304,3394.0,0.0007949364529692032,44,127
426.2925186432523,1767.8714617913558,536.1807961464501,3.4090000546765706,0.043471921678937944,9.286749416055907,4285.0,0.0006084970048405718,44,153
233.0887801468018,1938.5703134102296,369.01930665744374,3.461073288992751,0.017745082988847444,5.976195226073014,2780.0,0.0010077025261038483,44,97
189.42959143197143,1687.3897924104192,325.1652121927353,3.433179990131361,0.03353256247063499,5.675235754256388,2027.0,0.0015001016294529579,44,30
137.98335375816993,1047.8801062091504,420.99930686120115,3.4669158799939535,0.010038782111540526,6.406137328668195,2451.0,0.001176419921645691,44,110
871.2441088399947,568.5327431324047,330.23852900335845,3.4232333010712748,0.01151866495690986,5.718229964515905,2406.0,0.0012039918848950938,44,115
265.9420603763368,867.4669013131177,317.5982311870601,3.40420351879861,0.005677777277714677,5.632241543996869,1848.0,0.0016972477331219983,44,0
455.7785363516589,2134.9500538986704,358.9586614567165,3.4749759910968083,0.02428437153031721,5.589247333737352,2092.0,0.001439388674909785,44,40
470.3326808159901,610.7567484030496,417.30180477888257,3.385037561262815,0.02435633857071561,7.309015744118075,2458.0,0.0011722440446987744,44,43
846.7836522508572,745.9216900785311,388.710654956303,3.4406497947108834,0.03581756079780588,6.277154697889641,2193.0,0.0013542240524783103,44,13
834.6251616696061,1654.662198706643,365.66575825720133,3.393755721226216,0.045607887395666416,6.4491315389277135,3013.0,0.0009147890957194795,44,74
798.3540049319572,1918.7940451182756,470.74360813146353,3.388598700169441,0.027318799145579997,8.383871000606026,3634.0,0.0007343318943120384,44,52
775.8661007357102,1400.8801358234296,379.8538476428423,3.342883884542627,0.009214153024749283,6.836079431263376,1876.0,0.0016630592187171416,44,116
711.4837635303913,1721.278621981682,413.0883721734498,3.4030983335939484,0.056731647468911996,7.180033113339521,2538.0,0.0011265431097551332,44,147
534.8173183473168,2431.231913883172,271.59442620937574,3.4004301844459035,0.07206797088704171,4.858345759325544,1908.0,0.0016256352326557543,44,151
1125.419422730006,337.7675886951293,298.03148783424024,3.4267087902085236,0.035381072000606396,5.1075751072013515,2280.0,0.0013804466613690806,45,186
1250.786050808314,1930.7884526558892,484.9956187320582,3.4369544496756856,0.020193854354556295,7.930182403286309,2731.0,0.0011031392461246395,45,7
1218.6250775145727,1074.7203274215553,361.2489306084605,3.406044775764219,0.019616384631668492,6.182854077138478,2097.0,0.0015372479460180725,45,128
1078.4813900884228,1402.763726095003,435.75680256702054,3.4366269945591528,0.0550418103956494,7.840575822458215,2655.0,0.001141790660321527,45,12
1060.9123344947736,1596.1307317073172,321.4636087207868,3.5030499404115583,0.03788644087036882,5.1971816880294455,2174.0,0.001467128608086363,45,64
1008.2411207576954,1603.6379242304656,454.1261516367798,3.4450529600276716,0.04990625222711159,7.795772532044168,2758.0,0.0010900303039922518,45,29
1003.8498540807085,1842.6361074771057,445.21029684438446,3.4540355059030654,0.006734782650307584,7.123723175833464,2493.0,0.0012339487807103448,45,4
915.9574508320726,1591.7276853252647,710.7593991284407,3.419237867501135,0.01321211114423997,11.380035765167923,3924.0,0.000720355993855117,45,91
1423.1846430984012,1407.7657059220896,397.94282545756494,3.422526933454713,0.024966857592691103,6.630886981278947,2049.0,0.0015844542319030526,45,27
1506.0265538033395,2159.371869202226,386.3835765307408,3.425492394490525,0.00763282582229438,6.451673819622759,2189.0,0.0014542068795166795,45,141
877.731351469943,2486.351031154015,408.42679541445193,3.470539839117435,0.03289498526806046,6.496477110036807,3013.0,0.0009800392881341741,45,137
2127.0636280765725,1370.7163172288058,245.74604792104748,3.027043107167899,0.04485600707845791,6.720493562107041,1041.0,0.0044616740861151555,45,88
2045.8855305941472,1472.1532663316582,606.2781258828833,3.424074061787935,0.014948118081463128,9.901527181504374,3669.0,0.0007780642269569327,45,95
1986.1761982570806,2199.421568627451,329.03536480076076,3.442374984479329,0.07614644448994479,5.690017882583962,2211.0,0.0014356614924495026,45,21
1449.0044611876674,2483.3432140378704,451.9307904064915,3.394853784728984,0.020773911124392606,7.930182403286309,2646.0,0.0011465479125496803,45,55
1798.5451532725767,1759.2521748135873,432.62057223803725,3.4054728359102526,0.03094764418000573,7.840575822458215,3221.0,0.0009055087198707719,45,80
1729.9722401549386,1345.2036152356359,347.00148425679356,3.426890208478872,0.01987283814040843,5.958837625068243,1936.0,0.0017079243143450615,45,15
1592.8188565369871,2199.6802055297285,549.3331437666295,3.4409509651508,0.035050979297649394,9.005461373223435,3426.0,0.000842371542905822,45,129
1578.2118114707553,2483.430721181147,157.79718883827334,3.008741759159569,0.11598422486623292,4.3907224605766,787.0,0.008225489021059892,45,25
1514.1049320943532,126.1662616154396,313.3990164462584,3.5071865359774534,0.03211657201969115,4.83875536471707,1765.0,0.001936253794622928,45,11
1807.4057480980557,1096.0190798212777,371.01604791872273,3.4102249342472373,0.06753074991095628,6.451673819622759,2128.0,0.0015082272795761409,45,123
872.8141157160443,568.4800984817398,327.5568562170972,3.398648825953581,0.03767952589654015,5.914034334654197,2336.0,0.0013386623096783353,45,115
994.0048157688431,2182.271138985329,400.04858010702515,3.460025629195104,0.0053075190973103535,6.451673819622759,2227.0,0.0014224683087792045,45,188
846.0259090403647,745.1377738240853,402.9159906935242,3.446756299655349,0.00850462685529681,6.541280400450853,2221.0,0.0014273872386873904,45,13
378.47842311740504,961.1694574681849,468.2391881172046,3.3726258762169485,0.02663776974009568,8.871051501981295,2985.0,0.0009910197038185576,45,33
354.7634520106003,1869.5711487498559,388.84775750351344,3.429520153059267,0.046384020019534185,6.586083690864901,2452.0,0.0012596809576317972,45,67
286.8258807588076,2517.2436314363144,330.64828325566646,3.3340446395536736,0.15682934821386896,6.227657367552525,3510.0,0.000818973067136196,45,127
264.34466019417476,870.6671901770417,313.8022460599848,3.410916562886289,0.04004875703630453,5.555608011341821,1855.0,0.00180897054316257,45,0
428.8835740072202,1769.5872169346899,546.0625035664042,3.447410713873239,0.027351395592927454,9.005461373223435,4228.0,0.0006618357713374665,45,153
234.78058252427184,1935.433131067961,369.17911301174684,3.415502209017852,0.008904251506788174,6.227657367552525,2606.0,0.001168179924407683,45,97
191.00322465066284,1689.8744774871611,375.13795063681505,3.4839037149364573,0.0187233561323046,5.690017882583962,2181.0,0.0014610700088416291,45,30
142.00992282249172,1045.1809261300991,406.3658440554058,3.452928067328907,0.03565803712781722,6.451673819622759,2372.0,0.0013131111855340613,45,110
455.7331780855497,2135.7078073293296,365.550046488209,3.4117128084424264,0.013146498701469347,6.406870529208713,2117.0,0.0015183986686152745,45,40
484.080225268303,642.5039846987568,421.6437660865958,3.3854181736998354,0.03890456726191175,7.661362660802027,2465.0,0.0012514065423783012,45,43
798.3286482017362,1919.5603555188095,433.51663804631823,3.292166909483902,0.0397168160691871,8.557428469082966,3439.0,0.0008386632874354451,45,52
865.9605275292815,654.9699345199668,485.802077959511,3.4525278208548342,0.012363939226329435,7.482149499145839,2731.0,0.0011031392461246395,45,53
777.6092470886659,1401.1616511011184,388.5789377610291,3.3600051336072307,0.02540259475381649,7.168526466247511,1903.0,0.0017476968836759414,45,116
711.6967904480227,1723.6304085880163,409.00923818983455,3.375697491247606,0.03053400083195224,7.258133047075605,2542.0,0.0012045418246821012,45,147
834.6456516615602,1654.7697383926468,380.20072245360234,3.3675924285793175,0.02819929843677083,6.810100142935135,3063.0,0.0009610248677733635,45,74
534.0102538241721,2431.091443940158,266.53477467316526,3.423613529826887,0.06444879413506796,4.749148783888976,1907.0,0.0017427775866752939,45,151
1128.2391240446796,333.28203997648444,286.91221825821583,3.457179053454212,0.0687163666427928,4.975843879257711,2554.0,0.0012177832939998553,46,186
1218.270100651273,1074.7275310834814,356.11018271467265,3.450229739821516,0.034419164545123185,5.903543585559996,2014.0,0.0016481053041947043,46,128
1080.0542559465305,1403.692647926086,429.0189459963386,3.47849977491687,0.010370194839470277,6.620402449520853,2533.0,0.0012302754237491402,46,12
1008.8595460072963,1599.5039521686258,416.1154864450432,3.4082597161400643,0.041917393847001015,7.252924976545138,2550.0,0.0012201431506405902,46,29
1050.4716642168871,1594.072676792422,258.1956955313133,3.4402816941205834,0.08705149905160933,4.638498531511425,1897.0,0.001784750089430325,46,64
1005.8012642785849,2204.645003881557,380.23037507853206,3.3849702706152196,0.016412154694850155,7.0420841342037095,2124.0,0.0015374378208519689,46,188
1003.1151155395379,1839.5367818528725,397.8145013298072,3.428206089139339,0.01617912099880197,6.578234281052567,2276.0,0.001406896465310893,46,4
916.7559226112135,1591.7403264016846,640.7874880440693,3.4075327267719837,0.03225032407119542,10.752882959412851,3623.0,0.0008028193392067489,46,91
876.2393844079982,2489.620310042687,375.3810357046792,3.4238678807577103,0.005858640819052638,6.367393438711139,2652.0,0.0011626892591617027,46,137
1251.4837578632566,1931.528410848716,408.9047296369663,3.383607335005701,0.05084144476408491,7.168588639608567,2428.0,0.0012967882731422192,46,7
1423.9710449013849,1406.9863617289132,401.94698183969916,3.4080450843093097,0.02790993357546531,6.45172977564771,2033.0,0.0016278657024643094,46,27
873.4922118380063,567.6989028850061,311.3275878013532,3.3873984668606663,0.017791045947271742,5.566198237813711,2167.0,0.001498113999924559,46,115
2046.558276905345,1472.8718484368246,585.3785146767419,3.3684233333673155,0.04606427830748774,10.246864937793422,3607.0,0.0008069348249187808,46,95
1985.483674818242,2199.452214144085,319.0021944625812,3.350469282812394,0.08750671073809443,5.9878799224965675,2117.0,0.0015440355994971653,46,21
1796.6439081189797,1090.990155604954,398.3626875198949,3.4574490070100734,0.036944902910828505,6.409561607179424,2203.0,0.0014667063553005222,46,123
1794.198840254396,1758.452861952862,450.8620572629106,3.4075080500434787,0.039790998088221737,7.716774829696281,3157.0,0.0009428757678737026,46,80
1730.0240471323796,1345.2642779848502,350.71265715073207,3.4072679040776217,0.019627384856991788,6.283057101774568,1937.0,0.0017355551254025056,46,15
1592.7640543843568,2198.704094103269,552.0656615867962,3.425910420009152,0.044199678261965726,9.066156220681423,3438.0,0.0008531287170004561,46,129
1578.8369053842132,2484.030057501307,161.33541255966105,3.0383074359377193,0.0905606662154378,4.30115318376514,779.0,0.008590990550996401,46,25
1528.8831790283991,2144.90065536253,405.3626034856303,3.5016157421361616,0.015630344276664435,6.283057101774568,2222.0,0.0014506552179733428,46,141
1513.208410024069,127.82188871584313,297.83377389150183,3.4740599381173034,0.03971155494846949,4.722834868447997,1675.0,0.0021179372948843833,46,11
1448.1681654676258,2483.306854516387,422.0190300306032,3.4057188467795387,0.04919394538292862,7.463765818886567,2549.0,0.0012207345445560222,46,55
867.5391681288058,655.6236969759522,408.56738428922,3.416989601662212,0.0370229450454256,7.168588639608567,2460.0,0.0012757681317287395,46,53
2126.742345568487,1370.7838854073411,235.50922089537556,3.0019390928065683,0.06284915611001278,6.409561607179424,1019.0,0.0047238232856293295,46,88
845.9653829511034,745.9606231068801,389.8025493208329,3.4448426260576497,0.012335167895821461,6.198720764837996,2121.0,0.0015402585232454872,46,13
352.39204134366923,1866.2500258397934,407.977029930664,3.4511279660027236,0.023469301904963602,6.957747797267139,2463.0,0.001273832377936381,46,67
286.6630309251893,2517.2178878480686,328.61653687335036,3.3497904196016077,0.15714884873541204,6.493897944115996,3489.0,0.0008386408129223559,46,127
265.0117603822124,869.1169913022173,344.2187592066161,3.449376638100531,0.04865571922740734,5.692702743218568,1947.0,0.0017236772383751263,46,0
191.01067811536768,1689.8437912813738,383.0556423659072,3.4831796868602005,0.0392527215720624,5.9878799224965675,2202.0,0.0014675609971714488,46,30
141.30926869863725,1046.9817954852804,405.3626034856303,3.4451913730897603,0.05631112789565622,6.620402449520853,2374.0,0.0013338753770614534,46,110
377.0910908300739,960.4524989135159,485.14477822762683,3.4235932692907967,0.03869358913171057,8.349297356720566,3082.0,0.000970114285507219,46,33
431.96265528542034,1769.556360033534,553.2885384723766,3.43941654348401,0.005904809142353941,9.066156220681423,4124.0,0.0006922656663204124,46,153
235.54238776022072,1935.4156007022825,336.2489753661101,3.3826116685967236,0.04814379619236773,6.114384427901425,2465.0,0.0012725451356280153,46,97
454.98809248554915,2135.671907514451,364.7546572506712,3.414877345269811,0.022548652771402063,6.3252252702428535,2109.0,0.0015516455995805902,46,40
450.6334376834279,674.4846409704559,431.0430180828163,3.3939332664361728,0.01543656460854176,7.505933987354853,2470.0,0.0012693383831174757,46,43
799.0251065406708,1918.8172132666296,455.1632104466757,3.386531213963071,0.010828993386569664,7.969783840505995,3538.0,0.0008251771235137841,46,52
789.4548570077995,1414.7559678562986,356.8270415786335,3.330421007750804,0.016916861233633125,6.789075123393996,1795.0,0.0019238040109767823,46,116
711.6247746845584,1722.8388744241938,421.0913303243009,3.3943674554460994,0.04480716629214612,7.463765818886567,2540.0,0.0012260830007883106,46,147
698.1632099553286,12.414007657945117,264.3100799592147,3.4292465603862414,0.04390561953806993,4.680666699979711,1858.0,0.0018354766857821773,46,206
833.9946487532734,1654.8998064442674,370.3630236569532,3.4226210000303237,0.037695800675539855,6.536066112584281,3023.0,0.0009926736167994443,46,74
534.041963841433,2430.5818543705423,254.2318876952944,3.365475047040775,0.08748957266647657,4.849339373852854,1797.0,0.0019208695150106073,46,151
1423.9792137856757,1406.2500807754443,398.78654189781355,3.441878361577673,0.02146161917149912,6.614230204874883,2064.0,0.0016777381759416092,47,27
1251.514397120576,1931.4466106778643,429.58136694258815,3.40894057220642,0.045405481223452955,7.516170687357821,2561.0,0.0012758858546628728,47,7
1221.006757470172,1073.8010769718087,406.7751575998053,3.4428529150545497,0.00797252977992532,6.571280658089981,2210.0,0.0015356543628366943,47,128
1125.4438682123246,337.558572300183,281.5772287218164,3.3988926165611604,0.0710989803088898,5.239844707758024,2234.0,0.0015145696326524824,47,186
1057.0216618529216,2220.6058653632526,386.6318201576863,3.4338416688857727,0.017013766290754406,6.356532924165472,2207.0,0.0015383313031834998,47,188
1081.6135982092894,1402.761984704346,460.5050406277175,3.4718335291985776,0.025563109506001845,7.2584734066484105,2751.0,0.001168856997538714,47,12
1058.5255093724531,1596.4609616951916,263.49546952537276,3.3705663020350185,0.0741958660738953,4.89624833347881,1975.0,0.001778020659154493,47,64
1009.0323645365362,1603.6216191436692,468.4507067829243,3.4191335170651214,0.03336828944364066,7.9027166084219385,2795.0,0.0011465832278076437,47,29
1003.0350790513834,1842.6317193675889,434.6494134632066,3.4428421478969913,0.006018934383479356,7.043725672723902,2482.0,0.0013263848272527991,47,4
1448.9555663587748,2483.2829363150217,441.7360886827154,3.4601277722494133,0.021093512778848897,7.172574313078607,2672.0,0.0012110987685806831,47,55
2127.0732856395043,1370.3198394695517,246.14385262427243,2.9946442042941155,0.06267714281437556,6.78602839201449,1037.0,0.004804955916980335,47,88
1545.9095644464146,2114.750415604566,387.53376064016925,3.3674781545148704,0.04154545079525811,7.129624766293705,2206.0,0.001539225691803088,47,141
2046.4053211706575,1472.066590649943,565.0012879553836,3.37348301986104,0.049140030063439935,10.007244400882128,3561.0,0.0008609610422603019,47,95
1986.2204170397852,2199.380324932839,335.73660721757767,3.430256900358366,0.07294590284548773,5.626390628822141,2234.0,0.0015145696326524824,47,21
1796.6667032967032,1091.0153846153846,390.8408757426067,3.459133474673158,0.0463194656806997,6.270633830595668,2203.0,0.0015419151085547507,47,123
1794.832572440138,1757.345942420572,460.97748564235144,3.429338890913788,0.012049741615388479,7.559120234142723,3200.0,0.0009754817234255601,47,80
1729.3969361236493,1344.5813158254684,314.00413654441735,3.375306791630685,0.036183596124616524,6.055886096671159,1858.0,0.0019296469856208932,47,15
1580.010603382984,2483.965917697551,170.12315481499618,3.0449381887966998,0.08879463685357895,4.5097024124146925,789.0,0.008737973615216995,47,25
1555.6656506646348,2193.6368639403945,507.27709707647557,3.4197006772579934,0.01657633987778625,8.847606637689779,3386.0,0.0009129159308945353,47,129
1515.6980548187444,126.26760978485116,291.45562448234386,3.4789798668066103,0.035442510487570224,4.6815005995543,1699.0,0.0021825890409634886,47,11
916.0382129986331,1591.6844165527525,691.2300059562102,3.4388983875719177,0.014494967061794654,10.952134430149968,3882.0,0.000779579990271284,47,91
877.0307256711409,2489.7017617449665,409.5668781408239,3.4652971583939456,0.0071431421852532415,6.914877032369196,2849.0,0.0011203809443002886,47,137
871.172981674096,567.7298167409609,346.8605398348672,3.429560769662541,0.014792870385701287,5.712289722391945,2504.0,0.0013119245978020677,47,115
378.6324582338902,960.35348713869,485.8882227775945,3.3694017839236685,0.015452240994060042,8.761707544119975,3057.0,0.0010297387927244253,47,33
352.5201338659182,1868.5988340710353,397.84165186854574,3.405579307540839,0.03557583220098978,6.957826579154098,2461.0,0.0013404882963031126,47,67
285.91266832265654,2516.4252843508957,328.52108335771413,3.3805755841137275,0.14098807347982953,6.270633830595668,3552.0,0.0008634883409438925,47,127
265.9093827160494,868.9667901234568,347.8913289577049,3.4599828730040674,0.03534065501134529,5.583441082037239,1940.0,0.0018208208946799713,47,0
433.1970685781534,660.6480154060126,401.44941379847745,3.3596833059267386,0.041068172775397434,7.344372500218214,2374.0,0.0014022593049607135,47,43
142.04870433968154,1045.0844000416275,412.70219505612175,3.46038941910224,0.025432218256262254,6.5283311113050795,2378.0,0.0013992946675526982,47,110
192.60071174377225,1689.8549228944246,362.0646793967225,3.4893330078766702,0.031075764713331178,5.712289722391945,2118.0,0.001622224129199931,47,30
432.75622439331863,1769.4794358651118,545.1156477939741,3.4273675624954882,0.01799777559747134,9.019404824829385,4046.0,0.0007436665616351789,47,153
234.8359473382942,1938.666170578134,375.16429116611755,3.465010318642636,0.04960951525825407,6.184734737025865,2678.0,0.0012077836882537598,47,97
455.7274607616498,2135.6848765056575,353.0023250251082,3.4096190235676174,0.019661145292495918,6.31358337738057,2103.0,0.001637272768677206,47,40
847.4340021119324,745.1058312800657,366.05898724771833,3.395927605081676,0.01977899881343661,6.571280658089981,2123.0,0.0016172692021962861,47,13
834.1230035492458,1654.7847160603371,387.23311381267496,3.3789761815515154,0.023291279622947414,7.043725672723902,3177.0,0.000983819233368028,47,74
803.1530901943656,1433.9416903253987,393.33194945613104,3.3326198552140136,0.026551503522766175,7.344372500218214,1895.0,0.0018789742329125825,47,116
799.8732553099263,1918.8850455136542,495.4230221638427,3.3631264996461927,0.016901127934275968,8.847606637689779,3724.0,0.0008176202517659681,47,52
740.176162229273,52.10787694854463,311.3412646437534,3.5016303870678462,0.012076983952010279,4.853298786693908,2172.0,0.0015702661827710696,47,206
711.5801669121257,1722.0490918016692,437.4411340042252,3.436698761889169,0.03184472717984925,7.000776125939,2617.0,0.0012423568777729934,47,147
866.7932737097075,653.3634246320104,461.0204351891363,3.4394601818400514,0.009705790855900485,7.645019327712527,2652.0,0.001222281681536113,47,53
534.1172069825436,2430.571072319202,258.34152391118454,3.3366899143271316,0.09494098451037601,5.239844707758024,1834.0,0.001964003206231557,47,151
1250.8712170593165,1931.4867306080641,421.1146539773141,3.4491908871979335,0.03134952428825831,6.862376799146101,2483.0,0.0011441547973224686,48,7
1127.7383227890698,337.65459685018175,291.3176985191793,3.4635964259583463,0.015755294780559655,4.744843386838161,2207.0,0.0013276348672837974,48,186
1220.294373707694,1064.373816519752,360.33360232773435,3.4210146084366886,0.0227488650249692,6.156532328376787,2029.0,0.0014807809332805968,48,128
1058.898880949171,1591.2735607388431,290.8471355386664,3.4542991797532387,0.03860494305301305,5.17619278564163,1936.0,0.0015757489034015975,48,64
1102.2116620196387,2262.508304036853,323.4728355208925,3.4147214327568345,0.026846018990933248,5.607542184445099,1929.0,0.0015833923630819877,48,188
1080.0967994433815,1402.7718733692816,450.8777624947535,3.4859008318506857,0.018642134882398926,6.862376799146101,2566.0,0.0010985007166076214,48,12
1008.2862013448243,1603.6398333175491,414.056209269621,3.415770403798125,0.06663161611983309,7.293726197949569,2549.0,0.0011075524120418173,48,29
2127.0579561042523,1370.8208161865568,228.69360852925746,3.0393791781796025,0.04283250415660799,6.038891583248568,1004.0,0.00441035749914975,48,88
1423.2122200021033,1406.3315806078451,372.8819484747444,3.436165777551342,0.015895907064237883,6.274173073505006,1954.0,0.0015564289885028747,48,27
917.4292449607107,1591.6794670310899,573.890768317161,3.4078227497048927,0.015574753241183015,9.921036172479791,3430.0,0.0007761250950132225,48,91
1515.027896512936,2202.661042369704,522.9131120949328,3.4052827351318022,0.007664925292649675,8.901483048035228,3222.0,0.0008351266976039263,48,129
2045.8652187799426,1472.1439795592462,613.8886216607555,3.426743973136269,0.010936551062201693,9.999463335898604,3691.0,0.0007129230315031323,48,95
1986.2370930232557,2199.3002325581397,337.2368027008941,3.412068185474256,0.061016106619894976,5.999678001539162,2232.0,0.0013086262440176084,48,21
1794.8062939796716,1088.9691164972635,401.23336805064514,3.4499096315684925,0.031502897896066,6.587881727180256,2220.0,0.0013176819822185973,48,123
1449.045543085057,2483.3151841202116,422.7616244091092,3.4226583941809885,0.04186722413950637,7.1368718711119445,2517.0,0.0011250019495257367,48,55
1792.997096672944,1757.1442247332077,499.73788530467374,3.443415343503008,0.04148958970453404,8.156424995556508,3236.0,0.00083087529115783,48,80
1730.0934818941505,1345.2281894150417,351.94189584192145,3.38591215394111,0.0055298902711816275,6.274173073505006,1931.0,0.001581200961399187,48,15
1585.965231431647,2098.557373519914,364.2941740803844,3.4112932182506195,0.044900688542798155,6.509454563761444,2118.0,0.0014000322868410568,48,141
1515.6133272199297,125.48800244536146,256.5744651246453,3.3770403685207824,0.031196932545585525,5.136979203932223,1584.0,0.0020808630855365536,48,11
1004.4993296895947,1843.6573166958854,380.25410183611274,3.400556221146672,0.026499652318865422,6.940803962564913,2226.0,0.0013131385006333331,48,4
871.9769126301494,567.9481665912177,346.491207984314,3.4727484637184625,0.01112159424944198,5.48990143931688,2349.0,0.0012264462001267155,48,115
378.6558077014312,960.3565272396615,495.93416787886133,3.3850213550008768,0.0005386722038062694,8.783842302907008,3070.0,0.0008842499818187845,48,33
354.1129351265823,1869.4290941455697,396.5277382455164,3.434585933991852,0.025485898873861604,6.627095308889663,2439.0,0.001169930705821583,48,67
286.69838155958803,2516.5057626287394,319.8259724219177,3.369674789989289,0.15656078958534994,6.4702409820520375,3401.0,0.0007838461551638146,48,127
266.778974783947,868.9588019415177,331.2371246993549,3.4614862502247283,0.007474472854037329,5.48990143931688,1858.0,0.0016653260602579102,48,0
234.87277521423863,1935.4742913645352,356.922020719016,3.4461835498284024,0.007529038134052948,5.80361009299213,2593.0,0.001084424696205205,48,97
433.4949480158149,1772.5902035437107,535.5790989870711,3.4223495152339884,0.04746558303830598,9.058337374872853,3987.0,0.0006526489781691688,48,153
189.27351088518068,1690.7041662062106,354.8437008884175,3.414976150181739,0.04801134792202599,6.156532328376787,2109.0,0.0014077954101607295,48,30
142.0844520613158,1045.9761972769684,411.8602486938942,3.4653794327559173,0.03716409153380592,6.54866814547085,2374.0,0.0012102070030696032,48,110
438.83343741636185,607.6376126327059,439.5450373807351,3.4173127726006123,0.039440022523142305,7.372153361368382,2544.0,0.0011102431336536109,48,43
877.0590758014367,2490.5202101425966,365.7450766036324,3.416168143083158,0.016855331906026567,6.391813818633225,2595.0,0.0010833963646834398,48,137
867.5154893539249,654.0452343964178,429.114224646033,3.3955343702978316,0.028618419000397844,7.529007688206007,2468.0,0.001152813472899894,48,53
845.9941164327003,745.8546655656482,379.9011796007281,3.443345285438006,0.01984583117784105,6.078105164957974,2103.0,0.001413018832292351,48,13
835.492012012012,1654.771051051051,326.45306773080733,3.3477346560513612,0.04044829675525214,6.391813818633225,2755.0,0.0010070031860783262,48,74
803.3969449675665,1469.6006486712702,374.8034139785053,3.324737819013854,0.02446709106374659,7.176085452821351,1816.0,0.0017179115281097566,48,116
800.6135189563086,1918.8873128447597,447.8583167031292,3.3325058074456204,0.04859766698657765,8.587774394359977,3469.0,0.0007659782932655004,48,52
768.0967399946992,92.48144712430427,295.90568757917987,3.4226332311286876,0.0362816737116703,5.17619278564163,2069.0,0.0014433661108242677,48,206
456.5257909215956,2134.97638697845,342.09928683286046,3.4464030116162796,0.036940871764716075,5.92125083812035,2021.0,0.00148849787819452,48,40
710.9465840739743,1721.2373642158184,436.80008666107665,3.435828815828038,0.06081511917167088,7.332939779658975,2561.0,0.0011011475844573796,48,147
535.7200835571471,2431.358698895852,262.80942461644094,3.3518880777059104,0.09235741850546966,5.2154063673510365,1834.0,0.0016949736818354412,48,151
1126.937168502652,337.64354685162516,316.1681703452982,3.4218559769828687,0.00765229522166848,5.460812951700378,2378.0,0.0013313213547877152,49,186
1219.539077923586,1064.812333062362,370.2603175361571,3.47523046759873,0.04187593465659708,5.890798223487809,2122.0,0.001539635188354241,49,128
1251.7293093871506,1930.8285502684687,464.4700905847833,3.4632997954350624,0.02368430989971162,7.266751093207589,2649.0,0.0011645277313305042,49,7
1116.070264986968,2298.118158123371,395.93043826186675,3.469505356622915,0.026524278713641592,6.19178791373901,2196.0,0.0014730108493956296,49,188
1080.0529684601113,1400.3512059369202,463.52412298685095,3.4693329145507437,0.015762049812286627,7.266751093207589,2716.0,0.0011295409463512385,49,12
1055.823395797842,1598.6473594548552,302.8816254470666,3.482168415911924,0.05561055677172632,5.1598232614491755,2099.0,0.0015615879690077524,49,64
1009.0931707800574,1604.4402814946973,433.81214070633945,3.354511964558886,0.021129477036158802,8.51370838139114,2648.0,0.0011650663456702925,49,29
1003.7197973919604,1844.405216079319,398.9833336915575,3.408638538013704,0.016642111147604405,7.13775551167136,2372.0,0.0013355565540753363,49,4
916.8157276249761,1591.7906371085562,676.9258133749531,3.434165913554443,0.01746373432718553,10.964624430579498,3808.0,0.0007582499448081189,49,91
1423.3089260037607,1407.7733657781218,388.74968422301663,3.3883343466887648,0.03325548397979146,6.922762875777644,2034.0,0.0016271551002131266,49,27
1500.667258139176,2212.7084554852645,557.3469092908684,3.3996514520419714,0.03974499688111933,9.545673033680975,3413.0,0.0008605732993776912,49,129
2127.280284123632,1371.1904396237283,223.97932807407298,2.98823443160634,0.08429890027156549,6.062792332202782,1001.0,0.004890431786111183,49,88
2046.5473661074072,1472.234962268298,586.886897462665,3.4001784182154107,0.017879568009657273,10.01865683264715,3602.0,0.000808376850318277,49,95
1986.2209232252621,2200.27986019043,356.75878000203176,3.438731810038634,0.060512932410886816,6.105790859381525,2296.0,0.0013916326680295374,49,21
1795.534779533129,1087.4609761848621,364.7135075300992,3.3944835062188745,0.053371758003298506,6.44977907681147,2109.0,0.0015519668339815643,49,123
1785.3164181868692,1753.5875544031855,464.34109500324706,3.4380202634350456,0.04983329179382873,7.6967363649950205,2961.0,0.0010177314530787998,49,80
1730.077029265599,1344.53244064053,311.48133088281526,3.371016064894026,0.016496820447259523,5.847799696309066,1828.0,0.0018769120050311976,49,15
1592.074041372351,2089.0232088799194,340.8923234730755,3.451973360373243,0.040220011103619904,5.718804114772836,2035.0,0.0016261046998187082,49,141
1580.2414054600606,2485.056622851365,170.10217351910782,3.011647426649892,0.06817241377021516,4.729837989661744,805.0,0.007894450146740945,49,213
1514.003294892916,128.6437022614947,287.10116597246787,3.481761031028746,0.022509070977660726,4.600842408125515,1674.0,0.0021201988630115674,49,11
1449.9321888412017,2483.231664282308,450.8395574691217,3.4436398217213933,0.009368865479271595,7.309749620386333,2662.0,0.0011575707927851543,49,55
877.9459213815041,2490.458532151784,378.47303622729703,3.3946306695151813,0.02924467686819964,6.492777603990213,2737.0,0.0011190036259210857,49,137
866.0577192490894,655.6636779676847,460.3852305028027,3.455584840797458,0.01333382084758673,7.4817437291013045,2648.0,0.0011650663456702925,49,53
430.23931819918977,1772.5572116487044,562.5497310794964,3.4561048899695743,0.029200954815302715,8.986692180357315,4365.0,0.000649372290724295,49,153
378.68468970642886,960.4524340393906,462.8361465519911,3.35682912084643,0.014474119909357553,8.556706908569883,2966.0,0.0010156796420118508,49,33
354.02448802687184,1865.4720988189404,396.83340733262037,3.409511658219538,0.016791025085363235,6.707770239883929,2426.0,0.0012983828171249415,49,67
284.88093385214006,2515.4758754863815,331.51864454810953,3.3910120003490145,0.12236889067148363,6.406780549632726,3562.0,0.0008188886268111219,49,127
267.5557479685627,869.1229519115492,322.7899435308247,3.436651974668273,0.019495229732718194,5.589808533236607,1858.0,0.0018358740723596085,49,0
453.4419845292078,2135.4629234462523,322.402956786216,3.4276230286551472,0.061532183007087765,5.675805587594093,2020.0,0.0016420044948238697,49,40
234.8350960991698,1936.9782781758217,378.08604948268834,3.4452881208129074,0.022145250837347436,6.062792332202782,2599.0,0.001192082941771577,49,97
189.3896644624051,1690.6763409257899,351.1259729416164,3.387443497815713,0.04530978772462643,6.19178791373901,2095.0,0.001565469906952414,49,30
142.9017733885526,1045.3078475098227,404.91713044222405,3.4654808012477147,0.02411757783482412,6.234786440917754,2366.0,0.001339818785387866,49,110
463.41897152222907,562.5788772792461,419.75162231889044,3.3556057792091725,0.03306743196990109,7.82573194653125,2450.0,0.0012825172848333864,49,43
845.9565987599645,746.6196855624446,388.36269747840794,3.436810966453054,0.020245042681845116,6.44977907681147,2202.0,0.0014678607043596408,49,13
835.405982375574,1653.817177609532,346.43913347913343,3.3326775243333215,0.032135475953563995,6.879764348598901,2924.0,0.001033176414343131,49,74
799.1954707985698,1919.4889749702027,432.90917163558584,3.359457620298616,0.028306818712723628,8.040724582424966,3448.0,0.000850404749851782,49,52
790.0008836849663,1497.129570308185,389.26566654916155,3.367392912486283,0.01829144067396797,6.6647717127051855,1882.0,0.0018043135944641844,49,116
777.6331454992053,149.56205750614072,297.5928066040812,3.4350328886919015,0.018836608123160625,5.245820315806662,2039.0,0.0016219166249085925,49,206
872.8226195004438,568.6740205401293,339.1293838587471,3.393472952424786,0.037074530961919074,6.0197938050240385,2344.0,0.0013556824728137237,49,115
711.7403100775193,1723.59658495705,410.4639404482819,3.416110265232659,0.025424232737483406,7.00875993013513,2530.0,0.001232322898203107,49,147
533.9981447124304,2430.5920053972004,254.938267642768,3.2986246028511124,0.07181196681656547,5.417814424521635,1840.0,0.001860278622597417,49,151
1128.889662027833,334.08122692416924,301.69918262498567,3.486432501514572,0.06205990442192382,4.841239369017805,2641.0,0.0012007338317186755,50,186
1211.8612202449733,1063.6706725213774,370.7618185794697,3.4265207723945714,0.028447996639436802,6.169366983527114,2115.0,0.0015884277010744172,50,128
1248.110652194794,1932.47920468735,446.03666434375543,3.414023524055276,0.025463583949072194,7.368966119212941,2597.0,0.0012257599704732104,50,7
1112.945624156131,2344.4172087885113,349.04050565830136,3.401798815126101,0.026595274378561653,6.426423941174077,2033.0,0.0016726190224852842,50,188
1078.402798751636,1400.394543441055,425.5577933845474,3.4030857542471793,0.031199754687837727,7.326123292938448,2542.0,0.00125854889765899,50,12
1054.3756690997566,1590.5315490673154,264.12602398225454,3.316184598596828,0.07919963761255387,5.226824805488249,1897.0,0.0018338256826248983,50,64
1008.2462565762848,1599.5035410764872,423.4584948970972,3.3831748575194873,0.03079748759167757,7.754551555683386,2615.0,0.0012153969803951469,50,29
1001.406589958159,1841.3183054393305,409.57741918416116,3.4594785202106926,0.027595435579001036,6.640638072546546,2364.0,0.0013778309255596663,50,4
916.7968562590745,1591.8209708983018,678.673211014257,3.435041136120935,0.019856535200348555,10.882077873721437,3799.0,0.0007810494374991273,50,91
1423.3219834710744,1407.0374655647383,388.7986484410316,3.4365079334783304,0.016933804648365417,6.426423941174077,2038.0,0.0016672307229473968,50,27
1500.574380480366,2211.9546321006483,561.8836665899868,3.4272906218296004,0.03757048802131035,9.296893301565165,3426.0,0.0008801389228792608,50,129
2127.150733345114,1370.8837250397596,242.44755388736067,3.0385692915931157,0.04253350169693013,6.597795246272052,1030.0,0.004756032533693983,50,88
2046.6321438932405,1472.1297505076877,590.7168886727211,3.4025984541536602,0.040216837027599914,9.982378521957067,3597.0,0.0008317622987394074,50,95
1987.085636046801,2199.2748319641523,344.19926628928357,3.4392917739554765,0.04236689630019824,6.083681330978126,2292.0,0.0014327584982545484,50,21
1794.0808799387107,1089.6669585203022,391.45490367005027,3.4788876837651137,0.02717214182593356,6.212209809801608,2199.0,0.0015105401581505548,50,123
1730.1165569373325,1345.2194586686173,351.3968611033985,3.401700737905348,0.0387692089628236,6.255052636076101,1948.0,0.0017698587076278595,50,15
1592.4243504253852,2087.9675787537367,372.6469029355475,3.430165909937037,0.04722118845426519,6.512109593723064,2195.0,0.0015140754785763779,50,141
1579.0497330710873,2488.5734756954203,152.4776187109236,2.96054413564386,0.10081934104008694,3.813011538429952,749.0,0.009835944735841698,50,213
1514.9471496437054,128.5244952494062,288.58927778499054,3.4364566004455583,0.017067449701987793,4.798396542743311,1677.0,0.0021725436477853426,50,11
1449.136533543183,2483.3009049773755,435.54017190650444,3.4235847470400462,0.05023215435177411,7.711708729408892,2616.0,0.0012148263940663234,50,55
1773.6305649570425,1744.387399114814,493.67788716099255,3.4180377210268222,0.014725464272182317,8.268665470977313,3027.0,0.0010183379705582698,50,80
872.8973680896612,568.5952650799647,340.2148834457556,3.4068643345281395,0.032861876362050964,5.997995678429138,2338.0,0.0013971732438758484,50,115
867.5242373383355,655.6699575476355,433.9549873343482,3.4249207206789656,0.03076908675165277,7.411808945487436,2551.0,0.0012530639205648206,50,53
354.0767178118746,1867.879443438483,449.5497760982639,3.4749789770139663,0.033911647267705625,6.854852203919015,2618.0,0.0012136868271228475,50,67
286.8515544041451,2517.1296632124354,330.7466188390925,3.358520985856011,0.13434797299528248,6.383581114899583,3545.0,0.0008459010524654859,50,127
265.98307826303346,869.1097424412094,344.327794768107,3.456730527540059,0.022222606030220096,5.483881763135212,1928.0,0.001794404550177353,50,0
377.78029626985546,960.4270033910406,480.096711231978,3.41181190390189,0.0310851558904089,8.140136992153831,3051.0,0.0010088099752013462,50,33
191.1227444865226,1690.0227222098463,384.64289429240574,3.4571494586073412,0.03930202985662989,6.255052636076101,2203.0,0.0015070213089972363,50,30
141.47219285261156,1046.9479805455699,405.2074509041628,3.4183525678109934,0.0513612491078491,6.68348089882104,2367.0,0.0013756335265497862,50,110
877.9038337281929,2489.708055136765,397.83848478494986,3.4550122470688986,0.00897197354059675,6.554952419997559,2842.0,0.0010982979807383055,50,137
428.4295603225316,1771.8408641411836,563.2117942044961,3.454899483736136,0.013923967239187917,9.168364822741683,4459.0,0.0006513032277732565,50,153
234.9032985924573,1936.1878156226496,398.7381841367142,3.452201668150387,0.004891612758814366,6.255052636076101,2606.0,0.001220556479395923,50,97
454.25267639902677,2135.650608272506,352.1680319763394,3.415311879044658,0.041046495922682995,6.297895462350596,2107.0,0.0015962665417901358,50,40
846.7766025641025,745.9189102564103,401.0088539292624,3.420526275297414,0.04262463240178231,6.597795246272052,2191.0,0.001517627386195819,50,13
834.7159168759991,1653.978533911852,375.2174725120171,3.400394910101604,0.04466421148853659,6.469266767448571,3075.0,0.0009994586229059347,50,74
799.9043182920913,1919.4060164968462,441.4953247586591,3.335966936330623,0.045655114495950166,8.69709373372225,3465.0,0.0008686167856906958,50,52
777.8784026996625,1528.1914510686165,380.8727255802503,3.348572215589,0.019382643218274962,7.111909161565978,1896.0,0.001835126190462335,50,116
777.9141476570401,190.3172266546803,381.2583110167207,3.458501351605356,0.015264929229432933,6.12652415725262,2433.0,0.0013290039005047685,50,206
710.0893129770992,1721.1725190839695,448.9928193566955,3.4748276908238243,0.06399974189075085,7.069066335291485,2637.0,0.0012029666290704773,50,147
535.7083195227046,2431.3967517401393,258.51361374029585,3.3510742122295754,0.0884305631976986,5.055453500390274,1860.0,0.0018832051495862887,50,151
496.16895022178414,528.5926071956629,434.6404725547401,3.4151692455645843,0.012541322306950575,7.497494598036423,2478.0,0.0012989824925025342,50,43
1125.3615640096618,337.62847222222223,279.2318203322748,3.4001456348462855,0.02968666555824035,5.2271657187805065,2238.0,0.0014564177507154143,51,186
1126.996474067334,2336.678002729754,370.6229112864372,3.488966099061492,0.008002728048520995,5.606556779014576,2164.0,0.001520642967564694,51,188
1211.9013319126266,1062.082578582845,395.62056669963755,3.4675602990110455,0.031164699127193798,6.238875212738024,2201.0,0.0014878375821244546,51,128
1250.6538633318446,1930.1907101384547,471.9203243689337,3.4492427530474927,0.03769667903248567,7.62997576692961,2675.0,0.001165676807806865,51,7
1081.540482046237,1403.505459911461,428.5011252532569,3.43128742586771,0.0201126900245282,7.419202955688461,2632.0,0.001189032951586926,51,12
916.0599770017551,1591.8267263814078,696.5198320275025,3.4585763382464267,0.02261989696084441,10.749413373298623,3877.0,0.0007524915060853743,51,91
1056.1423677719924,1591.2944642367772,307.6439952875818,3.4539605951458032,0.01750752245413883,5.353629405525196,2100.0,0.0015809381696591431,51,64
1009.7199349945829,1603.690050559769,466.9039314613943,3.4344057201758287,0.028421540100350588,8.135830513908369,2775.0,0.0011147533842188419,51,29
1002.0970669110908,1842.1816681943171,459.90627412818816,3.4732050141875375,0.03244225357032583,7.039811895454392,2563.0,0.0012285323251011494,51,4
1423.190750778457,1408.4803367546995,365.5222092544014,3.409200817399125,0.03587786531863781,6.407493461730944,1964.0,0.0017264024912084484,51,27
1755.8818300252892,1727.3053107517817,550.0748827771519,3.4778345239109565,0.01902725118659692,8.430912449645978,3198.0,0.0009408864422318182,51,80
1500.6219603722607,2212.864905433804,561.6673873954151,3.4171257986949906,0.03199452106867453,9.189694570114117,3396.0,0.0008768690772618868,51,129
2126.9462209302324,1371.0279796511627,232.01871061425734,3.0148011813037847,0.04132783677967537,6.407493461730944,1019.0,0.004786837972182383,51,88
2045.8443868856928,1472.0960398064208,618.4495827437808,3.433606421395924,0.014138956895484705,9.948476690582256,3690.0,0.0007964092628936746,51,95
1985.5427109974426,2200.3632992327366,329.64867678115775,3.3960824429155547,0.09131231608274583,6.1967206504897945,2183.0,0.0015036182821910275,51,21
1449.0762898439743,2483.354934430937,440.3887118072577,3.4160332328250127,0.03577772829871879,7.461357517936691,2625.0,0.0011929239884075136,51,55
1796.547868702986,1089.6144289947572,369.8641291659691,3.3913834419496895,0.025618209010301124,6.407493461730944,2133.0,0.0015492633100138225,51,123
1729.947978245448,1345.224639394656,356.54328749552843,3.3687251732631833,0.023155690396580046,6.533957148475634,1949.0,0.0017441021901259928,51,15
1593.7338682336988,2087.9839529890382,373.0257213345863,3.414006633385683,0.03548383612594447,6.491802586227403,2193.0,0.0014948101409239807,51,141
1578.7648508750308,2488.8420014789253,171.02105904106867,3.0604379593180138,0.0631228443851498,4.5948472850570585,801.0,0.008098815285081632,51,213
1517.0291236776804,124.09416220451874,322.7774831346963,3.5236472372277308,0.023200274749424845,4.847774658546438,1771.0,0.001985683033492906,51,11
877.2036613272311,2489.688995215311,405.2739614544822,3.448784242633384,0.01047296269370713,6.660420835220323,2853.0,0.0010780200067703842,51,137
866.8873353779542,655.6394551686813,467.3254770838766,3.4255305320933056,0.024351146826755758,7.92505770266722,2656.0,0.0011758828284750083,51,53
352.4848837209302,1866.2991543340381,398.7821588682548,3.4227043200631986,0.05256289166737572,6.871193646461473,2453.0,0.00129723248154491,51,67
287.5861107422653,2517.203824193334,317.4660082914193,3.327037829615398,0.1684319248619914,6.449648023979174,3389.0,0.0008789834137923977,51,127
266.60919838898275,868.3123294790178,324.4636656246255,3.4278699394352423,0.012205495895984625,5.564402216766346,1853.0,0.0018665778858115733,51,0
233.36657618317008,1937.710256107636,357.1756059292519,3.4826033230642968,0.06359517654282418,5.775175028007496,2837.0,0.001085356352581842,51,97
190.40966231205323,1692.7780379590831,342.04211808213734,3.4427784836456996,0.04762386776929108,5.775175028007496,2101.0,0.001579959307758759,51,30
142.91160845484345,1044.5589465355488,372.9414122100899,3.423748336724322,0.02634048275589953,6.491802586227403,2269.0,0.0014310969547826767,51,110
872.8172521655438,567.9979547641964,350.3887214072869,3.3943564099724526,0.02785037387039742,6.238875212738024,2433.0,0.0013105573980003293,51,115
378.60514463883595,961.1971245452971,486.71657571806236,3.395529509199325,0.014192037773784636,8.388757887397748,3052.0,0.0009944192767001726,51,33
432.82154171066526,1769.4477296726504,558.885186287032,3.447120087620446,0.0230457362202368,8.894612634376507,4090.0,0.0007080194670111996,51,153
454.9830468566047,2135.75429715093,358.0608517364647,3.421338460846642,0.03407448185362352,6.323184337234484,2108.0,0.0015731410683128533,51,40
834.1215146299484,1654.6627653471028,367.3770099933235,3.4002801005071275,0.02517492634961801,6.660420835220323,3184.0,0.0009457685883161126,51,74
799.9391667376672,1918.8210786401976,494.76809710747426,3.3625596696173647,0.02338585334978205,8.936767196624738,3717.0,0.0007897541926283838,51,52
773.4713593302489,1566.6376955276492,382.679116089431,3.3311404992549627,0.013328133126823278,7.334893831192002,1897.0,0.0018083745576215353,51,116
768.502885042166,231.09883118804558,284.9226862357859,3.48307683440291,0.04905397335255789,4.763465534049978,2153.0,0.0015306767357434153,51,206
711.6499125024305,1722.0717480069998,433.6018272852927,3.407609491994637,0.0556565961711442,7.166275582199082,2608.0,0.0012024805218026552,51,147
847.6057273768614,745.1852233676976,368.00932842704697,3.430090551471548,0.02290020874276825,6.238875212738024,2120.0,0.0015615885631091913,51,13
535.7557864903165,2431.2448433317586,267.72362483850804,3.358353586623271,0.09870651195932324,5.269320281028737,1878.0,0.0018330564507298454,51,151
529.3421952888281,509.9196559476102,431.28332636164004,3.4180436198898128,0.010607665953515899,7.166275582199082,2452.0,0.001297892288827794,51,43
1211.86062992126,1062.8735658042744,380.3873483305793,3.4730684882981286,0.00782091736522792,5.819199029579166,2114.0,0.001628645388817763,52,128
1423.981234096692,1406.9737065309585,403.5785679925786,3.3921184155639086,0.014413140212918845,6.717751820911243,2047.0,0.0016985461317640894,52,27
1129.2441028762746,332.4186577385482,281.1614472306228,3.4273333525647605,0.08991063758676399,5.220163835357781,2637.0,0.001232663124035211,52,186
1251.59433499951,1931.5577771243752,436.5682919029134,3.4225013707312173,0.047383183568575175,7.359575243291298,2538.0,0.001292131979776385,52,7
1127.0227926787154,2336.686773339473,371.7013380143692,3.44037672516412,0.020720931644321865,6.118716626689858,2096.0,0.0016468531700901494,52,188
1056.1439173457509,1591.3207217694994,294.04070390638253,3.4866075055209897,0.044712853407229386,4.920646238247088,2015.0,0.0017340931231781811,52,64
1078.5267693014705,1399.5499770220588,372.4287378930666,3.377109906936612,0.034713877194484655,6.888904733545924,2361.0,0.0014141053473693602,52,12
1009.172621853493,1603.711039879325,453.8547360790163,3.4047809375598326,0.04947195048810233,8.001398665671353,2662.0,0.0012185014829588891,52,29
1003.7519107622392,1843.6858087172072,414.2756250322462,3.4519453155394717,0.030447645845222575,6.674963592752572,2387.0,0.0013947652199906512,52,4
1449.109473883064,2483.286388967602,452.99897151584287,3.3959593500855756,0.045468881238039834,7.915822209354012,2620.0,0.0012424825643964433,52,55
2127.1990636704118,1370.958052434457,228.4891383672996,3.0432278841809035,0.05488448266248457,6.075928398531188,1004.0,0.0051181968254053415,52,88
1514.2368811147346,127.77230951675067,288.6493871583901,3.464058822828591,0.0032685334037845333,4.835069781929748,1680.0,0.002220602414910932,52,11
916.8185150078989,1591.799494470774,677.123710610958,3.4202168200812224,0.016137772353610937,10.910998180460936,3786.0,0.0008034800159414997,52,91
2045.8084363636365,1471.4081454545455,588.3381371817171,3.413108420620284,0.011454355558070919,9.884080704652847,3593.0,0.0008533894647993045,52,95
1986.1833897485494,2200.2688588007736,353.944223328521,3.423892753296093,0.05246264591005308,6.075928398531188,2292.0,0.0014681308386651525,52,21
1499.0821350762528,2212.8575889615104,589.1939017448905,3.4469524919095536,0.008837062655504751,9.07110436963811,3504.0,0.0008785551894539782,52,129
1796.704511755984,1088.7889218385935,404.00645027416533,3.432574435128931,0.05059107410623916,6.760540049069913,2213.0,0.0015352867848902763,52,123
1747.2624690766897,1720.236134386721,536.179287056298,3.468498868198063,0.03512429641293891,8.129763350147364,3147.0,0.0009964195833816049,52,80
1730.0911178247734,1345.3093655589123,354.072588012997,3.402291745848241,0.014574761996945422,6.37544599564188,1941.0,0.0018222839243684234,52,15
1592.6013223523953,2087.926690639137,368.87731495589696,3.4383394831775327,0.05153657306129647,5.990351942213847,2185.0,0.001560587854061305,52,141
1579.2556789500252,2489.0731953558807,169.52695996465187,3.0531634689444522,0.0672485384095025,4.535552184819055,795.0,0.008579349245606736,52,213
878.78178613396,2485.3732079905994,364.12782163028453,3.4053079463046636,0.03336724387874222,6.503810680117891,2909.0,0.001094290820029844,52,137
867.5585227836791,655.7292762831331,431.0058222422863,3.4278019587254214,0.013120445887968938,7.359575243291298,2555.0,0.0012815154458962225,52,53
454.1866510538642,2135.6788056206087,365.41146847504467,3.4124548019242162,0.05136285129471613,6.33265776748321,2116.0,0.001626647124249811,52,40
430.1727603164422,1771.78754187157,600.3616292943035,3.4966104523389343,0.009968339822748761,9.11389259779678,4493.0,0.0006617151316886324,52,153
378.6811090309352,960.3956494606401,479.95555525580517,3.3575787580250847,0.003066514825751244,8.728798544368749,3044.0,0.0010365403093992235,52,33
353.28050602649665,1867.064548261779,429.5510224848915,3.4799670020979803,0.03658977245667633,6.632175364593902,2540.0,0.0012908738548001277,52,67
285.8156095260552,2537.619900966753,181.4648756209209,3.356658155534988,0.0612519814360657,3.9365169905976707,2449.0,0.0013507138656439978,52,127
264.3545418167267,869.9613178604775,320.7833465055515,3.4448725460811316,0.03844941498441706,5.434104976151133,1849.0,0.0019452793489620113,52,0
233.44477958236658,1935.9577726218097,368.8345267277383,3.4414560130211114,0.0486739101591823,6.247081311165869,2727.0,0.0011831599022648913,52,97
191.1336056710321,1706.6713925267331,356.1264229646132,3.442966596343855,0.011661329978762316,6.118716626689858,2113.0,0.0016296463633184905,52,30
142.0560952679411,1046.092760890003,409.6117081629511,3.447370341126875,0.03541273897737864,6.717751820911243,2387.0,0.0013947652199906512,52,110
871.9566809029897,567.900793166565,350.6495297603034,3.45256357522937,0.009733424403508826,5.819199029579166,2436.0,0.0013597183485284288,52,115
534.1637902963204,2430.4799739498535,262.8052973505532,3.3611936754862772,0.07486594592796406,4.7494933256124074,1866.0,0.0019213168014660098,52,151
846.7502817218841,746.6026594545864,379.7027366800406,3.421847109098202,0.013050250979769655,6.461022451959221,2131.0,0.001611815015046779,52,13
834.8120885697188,1654.6555356074207,357.49564626569065,3.3928498760288086,0.038048257937765374,6.4182342238005505,3000.0,0.0010546813947027228,52,74
800.0339411446109,1918.7898537642175,474.00799154174996,3.3685567503382132,0.02640524219085823,8.172551578306035,3635.0,0.0008420075414333213,52,52
779.3155880697806,1591.443781654474,380.1734071897859,3.3550539741391057,0.021935239470057034,7.102845874339276,1887.0,0.0018925188498603877,52,116
710.9587935837095,1722.8478532321583,445.46824335991687,3.44493017983028,0.03968773566141919,7.402363471449968,2635.0,0.001233810289054818,52,147
747.2541631385831,273.98447643240195,303.197384732338,3.491108014361168,0.04301812161104322,4.792281553771078,2153.0,0.0015905440744653316,52,206
570.3191385694796,504.10953030598324,439.092797364275,3.406189123086603,0.013849189254615464,7.487939927767309,2463.0,0.001341149160545869,52,43
1127.0072039621791,338.4128770823953,263.1617506326987,3.384508855817533,0.036940830268738456,4.897502187971581,2072.0,0.0016421656692112662,53,186
1252.5289171260395,1929.1580865177987,422.7255315956438,3.3992211296879815,0.01892066560099366,7.425245252731107,2461.0,0.001318747649339374,53,7
1212.5388338833884,1062.0041804180419,359.01850716662636,3.4482501421596856,0.03943952872601928,5.766413866482668,2030.0,0.00168683134053209,53,128
1127.1178521617853,2336.5239423523944,339.8234582686087,3.422924330399534,0.0167232447673069,5.687421895708932,2003.0,0.0017168508744369606,53,188
915.3404447115385,1591.8767427884616,657.2131968374766,3.4585109623829555,0.012586726579902317,10.071476273651236,3704.0,0.0008093872831184243,53,91
1079.3025056947608,1402.710250569476,433.4684396208718,3.4397118065432304,0.0344384139830187,6.951293428088696,2541.0,0.0012674135465855101,53,12
1057.095874146631,1597.5948352626892,266.1239495367138,3.4666284218270773,0.05150789295653011,4.58153430487664,1920.0,0.0018162111892080087,53,64
1008.8519332161687,1600.2369947275922,449.46431370255317,3.4577032514436423,0.01930180983651993,7.109277369636166,2633.0,0.0012131083117864134,53,29
1003.0027427874847,1844.407964242178,388.79848014832453,3.4028724391399257,0.02270767049108087,6.753813501154357,2285.0,0.0014477520417941964,53,4
1423.9416448198854,1407.0735022817748,406.7691534993493,3.4056434946114886,0.027945336988325017,6.5563335742200195,2040.0,0.0016759776898520502,53,27
1449.0409964151117,2483.3265925176947,429.6768250237325,3.4191111127812532,0.051944986139920435,7.267261311183636,2544.0,0.0012655661489021257,53,55
1516.6383164005806,128.7042089985486,272.1273393155177,3.4546617712239036,0.035580875834459375,4.739518246424111,1592.0,0.002354756325748453,53,11
2127.0387043189367,1371.0764119601329,237.76583202894287,3.02022528917003,0.029347162815568553,6.3983496326725495,1024.0,0.004840078077506284,53,88
2045.1179230909866,1472.069717837772,648.0896242131103,3.4512440336745827,0.0057789180502149234,9.9924843028775,3777.0,0.0007914345656551548,53,95
1985.5454103933948,2201.1086692569206,325.28893564624144,3.4489794085584964,0.06582574132453924,5.331958027227125,2173.0,0.0015438592256019304,53,21
1820.9879004264603,1074.8089854210057,398.2380206557859,3.4939201383481584,0.03299798622587201,6.279861676511946,2209.0,0.0015116051567795412,53,123
1736.4304367745876,1709.3829413561393,517.239424626418,3.4409008139917043,0.04603133093307215,8.373148902015929,3070.0,0.0010079630177685845,53,80
1730.1101527846229,1344.5465746673237,320.54941739981734,3.3884388719817893,0.0027718749181538447,5.884901822643271,1845.0,0.0019164317705626208,53,15
1592.6499539547733,2088.0235342269516,385.99426518585693,3.444387964770687,0.060692854144175856,6.437845618059417,2203.0,0.0015168869180350087,53,141
1582.6519308943089,2487.3244410569105,155.45619848271082,2.9848448503210023,0.1030417518026635,4.42355036332917,791.0,0.008535637601549488,53,213
1500.6162742950999,2212.105940323022,577.1153384729092,3.4304816302835834,0.028122893173170467,9.32105255130075,3422.0,0.0008871239144988001,53,129
877.9072164948453,2489.6872164948454,383.1110582526156,3.46692769305418,0.015580545036112278,6.240365691125079,2745.0,0.0011529673254839104,53,137
866.854615858488,655.5719440288656,448.7928819509764,3.4221326414301463,0.027668282349810357,7.464741238117974,2554.0,0.0012594468644062373,53,53
377.86473390939193,960.4192037470726,489.07878704558135,3.388109519786084,0.01359888177615781,8.768108755884604,3071.0,0.001007573114286352,53,33
353.3229272811487,1867.8642890226956,426.3591622512356,3.4944407646326807,0.04363842295067446,6.5563335742200195,2539.0,0.0012686481443160054,53,67
433.526292789512,1769.472323379461,542.279879361692,3.409158223970693,0.01626272399266285,9.51853247823509,3976.0,0.0007463089945266125,53,153
190.36581196581196,1742.7282051282052,346.57727176976306,3.4383624274261986,0.03591817643300362,6.161373720351344,2110.0,0.0016037444037828807,53,30
140.38137916490933,1050.4977857444117,374.5799254090522,3.401255133402497,0.025909761021727557,6.635325544993755,2284.0,0.0014485571713543938,53,110
871.2961943513643,568.6223073240785,330.02845389266554,3.405655898866467,0.035321052214403,5.766413866482668,2350.0,0.0013972714684135454,53,115
235.1495938628159,1937.5358754512636,350.0924144691943,3.350501067112503,0.05994577280822646,6.477341603446284,2577.0,0.0012455946134046305,53,97
455.0342397886161,2135.6766486843553,358.7420352689183,3.4204441979814564,0.010994810407662444,6.240365691125079,2106.0,0.0016077038746242344,53,40
266.8136062612884,869.1995183624323,328.01415863793534,3.471792240417927,0.039791371356946076,5.331958027227125,1864.0,0.0018900108943795775,53,0
846.8489135927236,745.1352198079838,390.8127754030548,3.4296657821810226,0.014771674400810132,6.635325544993755,2131.0,0.001583273066303324,53,13
834.7183776101454,1653.164316169236,361.26977833367783,3.426004898708978,0.034809606711305154,6.082381749577609,2959.0,0.0010532022581325534,53,74
800.0045237282349,1918.7865312393308,462.73496479254067,3.3905105257362096,0.010115111934977912,8.136172989694723,3548.0,0.0008506210534782517,53,52
767.9415897230028,1620.1218386190285,393.5379983947486,3.3341595389832523,0.02810213439222328,7.464741238117974,1910.0,0.001828964045338244,53,116
719.3583074051027,314.6372121966397,317.3502425834811,3.432630127980526,0.024414071931196303,5.56893393954833,2096.0,0.0016176886186094123,53,206
711.6939875730994,1722.8064692982457,432.24406407387886,3.434870738223506,0.04099630002295144,7.188269340409901,2572.0,0.0012485799894347983,53,147
614.2351981140629,511.6804787378729,435.60122283176264,3.437986029241004,0.016409770902785545,7.188269340409901,2471.0,0.0013121046209433951,53,43
534.0950437317784,2431.213119533528,270.94245975391163,3.4202279432332388,0.023064011224979693,4.818510217197845,1916.0,0.0018212909306647687,53,151
1251.6608523646826,1930.8201762272972,476.38319065076524,3.43396617903491,0.028847301180197748,7.709852033549518,2723.0,0.0011264525752255918,54,7
1126.7892261171464,2337.7072460521895,382.4514933753536,3.4502366008195904,0.01751025460453258,6.382044183327101,2193.0,0.0014761969674873053,54,188
1211.8571738188123,1062.8926094495016,395.2584142533053,3.4083295047579982,0.036753329915929986,6.639039251112085,2205.0,0.0014658920336265066,54,128
1126.2039117769455,337.6944097655708,308.7795739436582,3.4516054593353482,0.03586130368623205,5.268398889592171,2338.0,0.0013606210951065453,54,186
1055.6695575481406,1607.6945465235926,291.3895743568743,3.4294725232091765,0.06460413443150959,5.2255663782946735,2092.0,0.0015690327404459755,54,64
1080.0384690110743,1403.5937439285021,440.91787129643745,3.4649147680869232,0.02416152214848341,7.067364364087058,2700.0,0.001138154563577877,54,12
1009.1166188846759,1603.6715065199296,463.1479446598386,3.4012879657763775,0.03853824359994127,8.095344635226994,2807.0,0.0010856851064158558,54,29
1002.9704748472026,1843.7459332393041,455.52375764888404,3.433812346480448,0.019901770267665334,7.410024454467037,2558.0,0.001216154837774878,54,4
1423.3323900740095,1407.8253156290814,393.5451138014054,3.371223842450647,0.013696430058359202,7.19586189797955,2062.0,0.001598899779684422,54,27
916.1290729186362,1592.6163105817104,679.62345675739,3.4349238285509784,0.006891378783301254,10.922290380861817,3871.0,0.0007444257515989416,54,91
1500.7327872481735,2213.0206626817208,580.4233605923862,3.4619813311050343,0.013696368134279878,9.251822440259422,3502.0,0.0008355038321992413,54,129
2127.030082987552,1371.1943291839557,247.74324534472453,3.0394478824536773,0.03828727943410954,6.596206739814588,1046.0,0.004499669170856464,54,88
2046.5913654618473,1472.1876075731498,597.2565375323027,3.3900016670131987,0.023872028310316335,10.194137688804362,3673.0,0.0007906747257541024,54,95
1986.3565694407278,2199.457720096334,320.130189437495,3.393235727468328,0.10310898175568475,5.739556513864641,2184.0,0.0014840212515209203,54,21
1838.5067798608654,1068.7318712415988,363.2625283140748,3.400981984328797,0.04699307723637255,6.55337422851709,2116.0,0.0015459306686206981,54,123
1731.2360388349514,1707.03386407767,551.4685829552781,3.492671940156046,0.01896252845375541,8.095344635226994,3242.0,0.0009143244424922311,54,80
1729.487705493888,1344.5860615427848,304.83898290428846,3.3004655617025946,0.0239966580429099,6.210714138137112,1841.0,0.001859676339056266,54,15
1596.6057934508817,2088.727158232196,374.09915367234163,3.401430214147782,0.0388320038600156,6.424876694624598,2183.0,0.001484895739311775,54,141
1582.291270057112,2487.3897198803375,157.49514404089766,3.0246921460189533,0.09863457449277599,4.411748663642224,794.0,0.008181005226238944,54,213
1515.0093016163464,129.44541018603232,280.89560908898744,3.434793182798665,0.037513688933911306,4.754408754022203,1660.0,0.0021463853213739242,54,11
1448.2664366683096,2483.3941843272546,434.5358271131103,3.414837309329215,0.06966276608523449,7.36719194316954,2615.0,0.0011835948332005663,54,55
878.0476793248945,2485.2646624472573,406.05220710027464,3.394538303710631,0.043146115598773446,7.281526920574545,3103.0,0.0009628877739325668,54,137
353.25734394124845,1866.2882496940024,419.9299407606637,3.4366535343703,0.029259095705658877,6.896034318897069,2536.0,0.0012292061429174364,54,67
867.5708046831444,654.9980486898346,460.96348658366617,3.413600268127388,0.023685473729499553,7.752684544847016,2641.0,0.001169314919957281,54,53
428.3843151969981,1771.1089681050657,570.7432130391518,3.4369693006678985,0.019356553021726754,9.551650019341903,4476.0,0.0006315496656735254,54,153
378.65577323162273,961.1321948682386,494.11585032792914,3.410587659491991,0.02311282136709111,8.395172214309476,3122.0,0.0009559474306381501,54,33
871.2429985514244,568.7037662964751,354.8245235884678,3.4309249153818464,0.013532307879254213,5.953719070352128,2510.0,0.0012449962023918107,54,115
456.61439817166075,2136.545962417471,337.3488589790889,3.380834309717248,0.014856924829750038,6.210714138137112,2028.0,0.0016341539747766834,54,40
192.30916077848022,1788.559811578034,345.5298686369109,3.4044538748079414,0.029786871935016626,6.210714138137112,2102.0,0.0015593234857186236,54,30
141.73876255949233,1050.8884188260179,404.9813943178372,3.4592895649286612,0.027493756623867615,6.510541717219593,2373.0,0.0013353845864297004,54,110
235.0002304412951,1937.6239198064293,371.74336555097926,3.3576941374249314,0.07018670522402752,7.110196875384555,2618.0,0.0011819293758664993,54,97
266.055617628802,869.3145872129112,345.0158785013409,3.4868556941613815,0.01815313604076279,5.525393957377155,1950.0,0.0017212185033192112,54,0
835.5273644078219,1653.9278071577912,348.27114935995075,3.3506580486887056,0.07061730787830824,6.4677092059220955,2977.0,0.0010115923094164772,54,74
800.7035481276254,1918.779158101707,479.25296890769755,3.3748450410135153,0.02164283814089202,8.694999793391956,3716.0,0.0007801487731242945,54,52
771.3147927713451,1660.1232550589764,395.81523690017275,3.3350246403590114,0.03891248256445673,7.2386944092770475,1981.0,0.0016855281071927089,54,116
712.6752958579882,1723.5368765849535,405.3668869195147,3.3824293639877925,0.04230301789512271,7.36719194316954,2533.0,0.00123100760191079,54,147
702.0412232251111,334.1231308096457,317.9457313613226,3.452532178759887,0.011091153561145086,5.2255663782946735,2244.0,0.0014333725717299137,54,206
847.7355336011291,746.1651286505265,394.5302615612478,3.430704277894321,0.013567585043032494,6.4677092059220955,2205.0,0.0014658920336265066,54,13
650.3074800152265,522.9216787209745,450.08402871410186,3.4156874039596086,0.013459873128359797,7.538521988359529,2554.0,0.0012185071480924354,54,43
534.8074292819397,2431.3753497046937,275.5843776880978,3.362929433342311,0.07666620378961753,5.311231400889668,1927.0,0.0017486907722770865,54,151
1130.1020227373394,332.23608445297504,279.9598436396474,3.4231992672194367,0.08669067836312933,5.042831968704707,2636.0,0.0011745877948455918,55,186
1252.4393909235669,1931.4484474522294,415.3309477175811,3.381333995036169,0.054124892273858895,7.812256082665489,2478.0,0.0012677486519851258,55,7
1211.0243981782694,1061.3145738451528,381.18849520815417,3.453599230792602,0.020752871169481987,6.241537928478777,2118.0,0.0015473835591026976,55,128
1079.3312396083502,1401.1939774616665,447.48933519014065,3.448949430000412,0.027707384160346203,7.109566382108276,2565.0,0.0012146994339450158,55,12
1098.9623732012267,2366.6322245812694,350.43548713670907,3.4637781258911806,0.02828151661198462,5.456178851385421,2046.0,0.0016187971124887184,55,188
1023.8649265905383,1613.5911908646003,253.3816390832775,3.3987330908979545,0.08006920723226499,4.712154462560136,2070.0,0.0015942712869444198,55,64
1008.9426670890085,1599.4776686727905,391.48083258690394,3.4215494029396116,0.0067518688575936,6.654884811159491,2680.0,0.0011510327684419721,55,29
1002.3056394272913,1843.7407227038084,424.3832444482888,3.4641578482713995,0.018015021052520713,6.985562317304062,2388.0,0.001327733899921436,55,4
1423.4474522292994,1408.5566424021838,363.41457925288347,3.3662200864782514,0.028988856876049754,6.61355012289142,1960.0,0.0017132394404106937,55,27
1449.9667886022332,2484.2890835579515,429.38474172872543,3.4273358060982004,0.040713139673126106,7.1922357586444186,2583.0,0.0012042732800216466,55,55
2127.558452771542,1371.377827663616,239.36917976040132,3.0476841237881933,0.06821316266731375,6.3242073050149195,1027.0,0.004667370001397036,55,88
1516.550068171489,126.47311013482806,272.8502772575391,3.4279433096304697,0.05939361303994721,4.712154462560136,1648.0,0.0021732127735530292,55,11
2044.4421749930996,1475.1507728401878,599.0223023808903,3.412615212562739,0.03455176921394917,10.126998625677485,3684.0,0.0007896806276317292,55,95
1986.3979759943516,2200.299246881619,351.2621809020705,3.408574598784848,0.07856916675618011,6.200203240210706,2274.0,0.0014123837835164253,55,21
1850.0762421157465,1069.4328870200288,373.541577878561,3.4154936671221625,0.011476774232847018,6.530880746355277,2120.0,0.0015454896818347188,55,123
1731.0311654710101,1345.3497589086205,351.4688543434109,3.4121594250075193,0.017329605633664275,6.03486448713842,1953.0,0.0017214139019949468,55,15
1729.3043055763194,1706.7873374196442,552.9754596502588,3.43939259727384,0.02833162561484598,8.72161922456306,3217.0,0.0009247112441959198,55,80
1596.4790313703907,2087.9380297193175,375.5256429154284,3.412850847618492,0.05550263109380747,6.572215434623348,2195.0,0.0014776689803584462,55,141
1581.8298555377207,2487.5032102728733,154.5090647460508,2.9909351186368336,0.10907716132262803,4.298807579879423,778.0,0.008646186740041008,55,213
1500.7761871013465,2213.029128277817,583.232451462487,3.4568413253969816,0.01639490447876629,9.05229673070763,3509.0,0.0008353934845258791,55,129
917.6136649249289,1592.6864210595938,624.939151924971,3.4083388323547457,0.026035074133936534,10.5403455083582,3604.0,0.0008099412478286826,55,91
878.9476221079691,2485.3203727506425,385.9006496707143,3.453789692363238,0.04018075333485694,6.365541993282991,2995.0,0.00100652809564122,55,137
874.4354613883468,567.8904376916644,296.53505363514404,3.421141570578991,0.034396020843984965,5.373509474849278,2168.0,0.0015013877155471132,55,115
429.32859315589354,1772.6156653992396,543.5511507251385,3.4346368131176277,0.033960022517264245,9.134966107243773,4437.0,0.0006391830646337789,55,153
378.72269652061857,961.1311211340206,513.2114895363742,3.369303612009002,0.013061706743610265,8.886957977635344,3142.0,0.0009508223046591573,55,33
353.3985005219702,1866.2918287937744,435.543610280668,3.4373416258477167,0.046656011269839655,7.316239823448632,2552.0,0.0012223424154920745,55,67
456.56908018571966,2136.55552766972,329.39613080826075,3.378643815478854,0.006296527355728306,6.406876681551062,2030.0,0.0016355712273738228,55,40
267.6280167890871,869.2442287513117,315.13566335577616,3.465161644945782,0.024256725398098068,5.373509474849278,1856.0,0.001843286969028205,55,0
234.14231323317554,1937.6401522947108,401.69050058911756,3.440913359843364,0.014737862284191864,6.820223564231776,2829.0,0.001077837186708986,55,97
203.33548850574712,1831.5223898467434,345.2273164149321,3.4149315751322527,0.026578653290623692,6.076199175406492,2093.0,0.0015714547521009621,55,30
140.9687441860465,1053.1311627906978,444.34789888176726,3.4491926928714984,0.02386763234318529,7.2335704469124895,2487.0,0.0012620468923367093,55,110
867.6518632416787,655.724493487699,456.9963134917971,3.3980792863717713,0.035381966860232254,7.85359077093356,2570.0,0.0012117852146442004,55,53
847.5933882457703,746.6924532502226,371.3508394003532,3.4225302435525764,0.021593884209769047,6.406876681551062,2111.0,0.001554048839575405,55,13
834.9536401098901,1654.7749542124543,361.0998367098715,3.417576712537787,0.041176022335737375,6.2828726167468485,2998.0,0.0010053260752053237,55,74
800.082692129415,1919.5398164457217,445.8772823476859,3.3524743224508264,0.028647870572043894,7.894925459201632,3495.0,0.0008392802098458949,55,52
767.554823376904,1688.1762990169602,382.6352092975367,3.363055705018386,0.03213803806525416,7.2335704469124895,1904.0,0.0017808947833842848,55,116
691.2325745130252,355.8134240788547,352.25421342050424,3.439216384662412,0.04038770435705,5.704186980993849,2270.0,0.0014155504024119232,55,206
711.77969762419,1722.8505219582432,459.3110560348091,3.449848965298239,0.06269213552073098,7.398909199984775,2646.0,0.001169150116570783,55,147
534.149022556391,2431.222105263158,274.87567698267463,3.4057006610213416,0.06778106519337675,5.084166656972779,1917.0,0.0017647171692445139,55,151
688.0158955435708,554.3831015233229,436.86632030524635,3.4113261895432565,0.018414194701101172,7.564247953057061,2479.0,0.0012671125802349965,55,43
1252.5543812846297,1930.0397085983993,450.11473459182946,3.427385755525088,0.018186047438400643,7.712821739876413,2649.0,0.0011551801204228484,56,7
1210.9880071732796,1062.131921093925,412.05865606693027,3.4643928017574543,0.02053793972051325,6.4196540230109065,2280.0,0.0013927934172364878,56,128
1126.1374651196945,337.62476134527833,314.4706780049012,3.437779615191459,0.009719865687049054,5.4497782353617765,2383.0,0.0013171671305618764,56,186
1078.5725953788285,1400.3386351423965,429.74734305119773,3.375019652857382,0.06625608331062467,7.805190862509663,2628.0,0.0011665057893372123,56,12
1074.219072485391,2402.5178416013923,371.4624266696167,3.411461618097415,0.03434426355952068,6.4196540230109065,2132.0,0.0015180317375552378,56,188
1008.2064899629702,1600.243519781719,473.9459682312081,3.449301489284987,0.04623991305052999,7.851375423826289,2820.0,0.001070543538967325,56,29
1003.6833193979933,1842.2681856187291,441.8938826774702,3.4759385537479566,0.025595937326104604,7.112422442760285,2558.0,0.0012059161127134185,56,4
1001.6415886341621,1636.3083629318696,286.06717279517665,3.3910459694899533,0.06065657987849576,5.172670867462026,2076.0,0.0015714993824562486,56,64
1424.0242712809197,1408.4896063175008,397.69525749745986,3.4003217346596335,0.018808384286224885,6.97386875881041,2064.0,0.0015834504832603986,56,27
1452.0052132207277,2483.462829736211,442.9561275877526,3.374838048377825,0.06776917605220466,7.805190862509663,2623.0,0.001169235186533865,56,55
1515.7568888888889,127.06103703703704,311.7457888872203,3.4512692243954626,0.030567698041889073,5.080301744828775,1748.0,0.0019799626629341802,56,11
916.0278265392367,1592.6274624536766,710.3647376110126,3.417144138810268,0.012827030575401948,11.730878574422809,3972.0,0.0007167595011860985,56,91
2127.413039346132,1371.2092758030792,242.97697708676532,3.041342204123873,0.043924511030762434,6.650576829594033,1036.0,0.004543443671531182,56,88
2045.6125754675306,1475.1476954793109,627.2787118024038,3.436938465667799,0.043601249195930905,10.114418928340925,3871.0,0.0007381462724816215,56,95
1986.3172294141198,2200.231816361938,346.06091794547285,3.415565597251186,0.07158966085283225,6.050177532477905,2308.0,0.0013713885170283746,56,21
1866.750342622202,1069.1081544084057,404.3920188883705,3.4475612238160176,0.05351650653671478,6.512023145644157,2218.0,0.0014426529524586072,56,123
1729.3405808992452,1705.9535608795536,562.8974333270282,3.463995030128674,0.03544525431544965,8.636512966208917,3261.0,0.0009004095848920377,56,80
1729.526811180833,1345.2939247005133,323.8461439521761,3.3498473796874815,0.050612241800622876,6.142546655111155,1916.0,0.0017473401700920565,56,15
1594.0390442172682,2089.5844315802437,374.9724533296802,3.4474750717004907,0.033034413511050985,6.18873121642778,2192.0,0.0014646403677116633,56,141
1581.7603919239905,2487.4735748218527,155.54960251439377,2.9624530825032918,0.10799463651498772,4.526087009029272,795.0,0.008087846185050797,56,213
1500.690734152652,2212.218467011643,571.2106543640208,3.4319172883763014,0.01772595940964457,9.329281385958296,3502.0,0.0008284587247808966,56,129
879.5716385841909,2486.2042293339364,408.4100757229169,3.4817824460281965,0.05710735976653394,6.512023145644157,3172.0,0.0009302452368947322,56,137
866.8326866660358,654.9496545850288,488.0322594327788,3.456690359670965,0.020582997933061457,7.528083494609912,2735.0,0.0011110055487083515,56,53
429.30323450134773,1771.8121135246552,582.5720564479107,3.4605411216922564,0.025670588621956952,9.652573315174672,4550.0,0.0006148170319277926,56,153
377.1842589900165,960.4268682756615,476.48611910362246,3.390586149951695,0.0198184964941633,8.174667353042665,3122.0,0.0009478907257781434,56,33
354.08979166666666,1867.0013541666667,443.3717886396022,3.491641805798527,0.03161653769677934,6.604392268277407,2612.0,0.001175285052264261,56,67
236.62141444114738,1937.1541790306628,373.54073192886483,3.4574744503291033,0.034112624201192855,6.142546655111155,2678.0,0.0011398966790729327,56,97
455.124871001032,2136.62564499484,358.02271932647875,3.435646019410532,0.01454203117935315,6.18873121642778,2128.0,0.0015217299033695882,56,40
141.16092346184465,1051.5821676333446,406.10084765708564,3.419610160788573,0.021840935496845796,6.97386875881041,2385.0,0.0013157798571087056,56,110
872.8001612686467,568.6949334766832,343.65932075700835,3.4198838327314234,0.01779730552863048,5.911623848528029,2411.0,0.0012980076326453013,56,115
230.96244836650393,1869.7075979471774,368.96846035851894,3.452084257062979,0.01380457962562034,6.09636209379453,2193.0,0.0014637823120590685,56,30
265.09382120359203,870.9599249430371,344.58301198334084,3.4602884320101683,0.03536256776857079,5.634516480628278,1947.0,0.0017102627127261645,56,0
846.0206173952231,745.9580892293826,409.9341662463655,3.4567272812692,0.020180048997406223,6.281100339061031,2267.0,0.001402960195912037,56,13
835.4435817805384,1654.5850155279504,356.91428985487977,3.3292223614668783,0.05417531692995141,7.020053320127035,2999.0,0.000994287000226411,56,74
800.0356105332208,1918.9408677724675,492.8354538097078,3.385529853467118,0.013111872943525844,8.636512966208917,3797.0,0.0007546440042586215,56,52
755.0833333333334,1718.5920542635658,381.29973823005787,3.3524403930789415,0.04060847391470001,6.835315074860533,2203.0,0.0014552567293282903,56,116
713.8060686015831,594.351329409377,455.102667214025,3.3712059310687663,0.027540428489520735,8.405590159625792,2579.0,0.0011938162114420955,56,43
534.9392857142857,2431.3571428571427,271.56522054175633,3.3394416821228248,0.06114193240763323,5.265039990095276,1914.0,0.0017497875463349122,56,151
684.5867339975433,377.74860106455577,338.394280766913,3.433670258281876,0.01164772640993369,5.726885603261528,2253.0,0.0014140763409166996,56,206
711.7619251795477,1721.3115017686782,430.85577252279677,3.4177940730004215,0.05940419112978793,7.297160688026786,2626.0,0.0011675960176622347,56,147
1211.6968779123952,1063.6139328984157,379.75145441522864,3.421670428047293,0.029022514621455334,6.370481061951645,2191.0,0.001543335877160203,57,128
1424.0953037209795,1407.8922930138874,417.3107490096519,3.4242882510826544,0.022627139728862697,6.635917772866297,2115.0,0.001615342697063229,57,27
1252.453479203627,1930.112359550562,448.8534781566764,3.406620911677172,0.0395966788716791,8.007340779258666,2645.0,0.0012187876364613839,57,7
1126.2804088095581,337.753418741903,307.3314717873478,3.454385146181641,0.032738217029425636,5.308734218293038,2342.0,0.001417768283854181,57,186
1065.2359158889014,2414.0609468120992,393.4214450273332,3.499658623373561,0.031712451133770296,6.1935232546752115,2207.0,0.0015289869599261867,57,188
1082.5325123152709,1401.9863054187192,449.0304359639528,3.454361133037254,0.04050621847848957,7.255270098333819,2718.0,0.0011789244697042252,57,12
1008.3603118082956,1599.4790684245982,459.692143852358,3.374030583587204,0.02605030877197746,8.228538038354209,2723.0,0.0011762893214425293,57,29
1002.3020107896027,1842.9239823442865,451.0212112958127,3.447525784717542,0.03941345311480972,7.21103064651471,2553.0,0.001273036629534254,57,4
1452.083222845487,2483.541968383478,433.76782508636035,3.3893976335338696,0.03381620661538992,7.476467357429362,2618.0,0.0012342231256525756,57,55
916.7467544567986,1591.9623579104293,712.2109348358301,3.4376325931997056,0.015333505255546937,11.281060213872706,3970.0,0.0007552602089857519,57,91
1514.1445273982251,126.2698971686153,314.05586846385233,3.511236064582603,0.02032597565785976,4.822100248282843,1764.0,0.0020590200731464003,57,11
2127.1410048622365,1371.3133441383036,245.66167595151035,3.007015028914337,0.04206010264775963,6.591678321047189,1029.0,0.004846489459300308,57,88
2041.1447632711622,1474.311119081779,616.6979583583746,3.447547107972996,0.020312561490923645,9.644200496565686,3732.0,0.0008106379734292659,57,95
1986.2959561168516,2200.2348513841052,346.7930628099927,3.4094822862702125,0.08154942485547036,6.060804899217885,2305.0,0.0014466081203373634,57,21
1897.6404943656853,1057.9704349933359,365.1081958631037,3.445355038853585,0.04388478795556347,5.928086543760559,2104.0,0.0016263251576187955,57,123
1730.296172248804,1346.0181818181818,369.8418172077483,3.434625265979296,0.029970535382671266,6.326241610132537,2032.0,0.0017020698433349104,57,15
1729.334894235427,1706.8299693202002,547.9498502314798,3.4394252971883903,0.01961857170536187,8.715172008364405,3206.0,0.0009674055207813319,57,80
1596.4414554905784,2089.424561403509,340.42258174804107,3.344153977011572,0.0741642788144861,6.503199417408972,2100.0,0.0016303558968683329,57,141
1582.1044045677,2487.1954866775422,162.71270379068162,2.9333265361530816,0.12480527597712542,4.8663397001019515,810.0,0.008123141442820999,57,213
1500.0242635601394,2213.7806633523783,596.2150921661273,3.4599758397215084,0.0344255976709457,9.15756652655549,3587.0,0.0008485436313185154,57,129
876.3899486007996,2489.594631639063,387.3164006762962,3.404384581734867,0.03778843718581174,7.078312291057384,2866.0,0.0011056108118058584,57,137
981.3640574339972,1658.5757295044002,286.53892943236673,3.3971807145284174,0.05005518992967231,5.397213121931255,2077.0,0.0016539259868149905,57,64
867.6146204311153,654.9992502343018,472.0349509098893,3.4218548930501,0.03830582980196503,7.741904068344014,2715.0,0.0011805112334713126,57,53
455.87256616532585,2135.8734988923866,379.4417782524949,3.4366635573865825,0.027289341565663976,6.414720513770755,2197.0,0.0015379235832394924,57,40
430.2082394092499,1772.6010882238631,569.1405476528328,3.4519521392548564,0.042385339000607945,9.069087622917273,4511.0,0.0006537437756914023,57,153
378.79810618870476,961.9021812647954,523.2642361164171,3.4128727447706937,0.028903801814667507,8.759411460183513,3228.0,0.0009596434772811748,57,33
354.1131796690307,1868.781717888101,449.118914867591,3.469031631025119,0.030122294897416604,7.122551742876492,2637.0,0.0012233207152890148,57,67
273.8968349842957,1887.5953128775066,366.2141821585814,3.450124388932385,0.01954692605328874,6.060804899217885,2184.0,0.0015496985653010225,57,30
236.75380886426592,1937.8283702677747,383.29061056075733,3.4844000054483706,0.02090893514529646,5.88384709194145,2690.0,0.0011939022584681349,57,97
141.02859933035714,1048.1025390625,317.1083906393708,3.40028557099043,0.03151261123061348,5.57417092920769,2003.0,0.0017346094269685558,57,110
265.94703880190605,871.6272294077604,324.93877361135304,3.4768318090155637,0.014714951142332655,5.352973670112147,1922.0,0.001832458278062959,57,0
536.672029495559,2432.3031674208146,263.9768090046213,3.3744572337274836,0.09132418789881182,5.087536959197495,1908.0,0.0018505003418896242,57,151
872.1275592505274,568.7090209703438,356.5257422101966,3.4542908930622134,0.0050086089032923735,5.795368188303233,2508.0,0.0013013693916875564,57,115
847.6814422758849,745.9376998566545,401.20758854749636,3.4422283386790027,0.031792057687225,6.54743886922808,2211.0,0.0015254413235516108,57,13
833.9481334654773,1654.8843739676247,401.73846196932567,3.4327910830015993,0.026687910101696737,6.635917772866297,3260.0,0.000948573019600225,57,74
800.0135570724308,1919.6120591581343,466.63773778795803,3.337042873325853,0.03233439218976621,8.84789036382173,3624.0,0.0008385382488731749,57,52
719.7666193853428,645.2169267139479,467.83220298707397,3.3932766231379885,0.03908237683976931,8.051580231077775,2640.0,0.0012216168646614503,57,43
735.4582862310649,1741.3904589645038,391.34219079183515,3.3360980320026283,0.015284269884713016,7.520706809248471,2150.0,0.0015813645547257454,57,116
676.3214106425703,394.8391064257028,352.4999520946577,3.465097777904942,0.005055110064851131,5.751128736484125,2349.0,0.0014124409671425581,57,206
712.5468914646997,1723.0125395152793,419.8323977633411,3.383138627925844,0.04467255797885712,7.520706809248471,2635.0,0.0012244592586608623,57,147
1306.085952761499,2552.3415023974426,235.09064550272004,3.3312104765702673,0.061446296713373726,4.592429587160221,1571.0,0.002324455179432777,58,237
1251.6789259714474,1929.327692162239,441.5829794853969,3.458447406927548,0.024698079123127107,7.13914054003998,2551.0,0.0012213661610377517,58,7
1210.1485448447474,1062.0312669046846,385.8893334011084,3.49791672284781,0.0327300180030294,5.719662304008639,2116.0,0.0015472977557006086,58,128
1126.274495780289,337.7236446860249,291.86977494397365,3.4426664825931765,0.020284034092269233,5.009923185992968,2180.0,0.001488842954833622,58,186
982.3679049034175,1654.945616641902,280.97319201443895,3.494593574312831,0.05435785227648727,4.550680227276946,1999.0,0.001666943739560818,58,64
1079.3374799357946,1400.382323434992,416.15761931648257,3.4465507218100866,0.01600106460038237,6.888644380740331,2481.0,0.001264219414991569,58,12
1067.738082968307,2416.4522030404537,324.0585314139785,3.4568604326039036,0.03318267699101005,5.594414224358815,1938.0,0.001736969930425593,58,188
1009.1190386427899,1603.647973609802,442.96070836154496,3.420236941376359,0.049830106435712826,7.306137979573079,2616.0,0.001184095807783002,58,29
1004.7520190515635,1843.4378753365086,403.2153177526674,3.4104525478406362,0.012411754875464937,7.180889899923255,2311.0,0.0013819772155750489,58,4
1423.334762061765,1406.3692713484998,379.8774255779168,3.4008332150760467,0.04115954075546416,6.763396301090507,1978.0,0.001690404840625981,58,27
1499.9531980191114,2212.9804003626978,598.5605726465099,3.479190120934409,0.011326866673356134,9.059611094670618,3519.0,0.0008315700477716735,58,129
2127.1051004636784,1371.6979220333162,243.10652260030878,3.026217798025342,0.0666462699103415,6.0536571830748365,1050.0,0.0044713901595991295,58,88
2034.515577275504,1498.3432430597977,615.0933191602867,3.3953006119992772,0.03015487689995148,10.604337410351784,3737.0,0.0007758094018713054,58,95
1987.8426645338209,2202.667961608775,365.3903976984205,3.472979401496293,0.0276210651205257,5.886659743541737,2517.0,0.0012418116717531,58,21
1920.751592356688,1054.0264331210192,393.278970100448,3.426991029448949,0.06637533334831107,6.387652062141035,2186.0,0.0014835884594774557,58,123
1730.914030427433,1345.2862835063995,345.76819855328137,3.40413615483246,0.030038814830316788,6.1371559028413865,1946.0,0.0017274528025821776,58,15
1728.4720302731162,1706.6654327081276,507.5052187410877,3.4197301252654295,0.039022947677630496,8.642117495837871,3089.0,0.0009689362617781902,58,80
1594.1061285500748,2089.5307577325516,363.09418290484035,3.4464980568581978,0.019903100412002817,5.970158463308287,2171.0,0.0014967948584589136,58,141
1581.913459054508,2487.632136398863,161.61177210815652,3.02085235550477,0.12936632374220164,4.425432147627122,804.0,0.007929529923923189,58,213
1514.976362179487,127.9196047008547,312.6192068059612,3.486102598143997,0.022893817130427874,4.801176386576595,1752.0,0.0019921486213953874,58,11
1450.4195140838253,2484.2330848901365,431.31263695411127,3.4412530330280213,0.05237707815309813,7.347887339456354,2568.0,0.001211393809482497,58,55
916.7368923998216,1591.766261068994,655.3397020877635,3.4356357553234123,0.023303428327274323,10.646086770235058,3700.0,0.0007847404041858546,58,91
354.1453364269141,1867.0581902552203,449.8493527422853,3.4944702754209347,0.029785668638484836,6.679897581323957,2627.0,0.0011780124015726516,58,67
456.53982714319085,2135.740714786265,357.4580193205983,3.3790372912488773,0.012741970405569016,6.387652062141035,2089.0,0.001573358253550622,58,40
377.18939917127074,960.4387948895028,483.62458488785455,3.395044833266492,0.024230014875111967,8.266373256888398,3125.0,0.0009557188840035778,58,33
321.0911983032874,1884.9414634146342,393.69646369928074,3.496855123996196,0.02124407280473386,5.803161023775188,2283.0,0.001403509579990755,58,30
266.89872627372625,869.2817182817183,334.3288739452641,3.446302076428879,0.005771629015523206,5.5109155045922655,1939.0,0.0017357745585204899,58,0
236.18552455472047,1939.7816328631732,405.5115325462475,3.4128861128785193,0.05048830880054621,7.013892460390156,2857.0,0.0010637425518171834,58,97
139.72596525096526,1055.8950772200772,432.52336839072626,3.453161496994359,0.015953739164722675,7.180889899923255,2486.0,0.0012610589914467166,58,110
877.2379893238434,2489.6579181494662,375.4102440704064,3.4764395108498385,0.04427245277272672,6.387652062141035,2748.0,0.0011149997948627433,58,137
431.9184625167809,1772.605172048329,590.8786904279873,3.4759319231542207,0.020677703620356525,8.976112374904067,4443.0,0.0006373938119713653,58,153
874.4036528387371,568.0601727311341,294.87572885556943,3.4160923731360224,0.02214751946515075,5.46916614470899,2163.0,0.001503934866868338,58,115
867.6406322210926,654.9460208891765,451.6863245771494,3.394209495816091,0.014962736125718636,7.681882218522551,2568.0,0.001211393809482497,58,53
846.9798280072195,745.9326892451428,393.23722074056474,3.4261969846585596,0.04382782228168497,6.512900141790859,2133.0,0.0015313276290270447,58,13
835.5623051016589,1654.7116128227517,334.70461818421353,3.3591883229952493,0.04637275220720366,6.387652062141035,2834.0,0.0010741621661759175,58,74
534.1767520839766,2431.311361531337,270.45235332385374,3.345172963388606,0.060581759007934194,5.385667424942441,1922.0,0.001756322289855395,58,151
800.1404167448845,1919.5261873474751,444.79768019640903,3.3458715444507816,0.04510122891471117,8.099375817355298,3432.0,0.0008561269560329449,58,52
711.8859665427509,1722.917936802974,449.22311234403617,3.4569309722949195,0.048959907758662304,7.180889899923255,2628.0,0.0011774624627761282,58,147
720.1174881106788,1763.5666882836144,386.2650776400579,3.35363467637508,0.00926507697884517,7.180889899923255,1972.0,0.0016972297997098758,58,116
712.1345072370241,687.39153683046,452.8553066538811,3.401988041276171,0.015759253573650878,7.807130298172376,2542.0,0.0012267124025595526,58,43
655.9258512544803,419.70228494623655,372.73828503787684,3.431713523313563,0.01982544868068143,6.178905262724661,2340.0,0.0013603614499473923,58,206
1252.533216952769,1930.0861216176897,418.89580055464734,3.436089533061729,0.020204158028158194,7.028316700218601,2463.0,0.0011959391292034431,59,7
1212.5423068358941,1062.8937875751503,364.90370289805475,3.4291992803419116,0.03919998465598119,6.337672862624865,2045.0,0.0015165829402872244,59,128
1129.9758008113022,333.2445097216394,290.4360467622126,3.4298313633274238,0.08117049639961985,5.118889619812391,2624.0,0.0011058825790219407,59,186
878.0442771084338,2489.6874497991967,404.6360366137414,3.427358625617456,0.020366366323370435,6.947064484031102,2849.0,0.001000585334594728,59,137
1066.077426900585,2417.7187134502924,347.3532242015551,3.452111820812271,0.04315883227497498,5.565776808843632,2004.0,0.0015575430799511282,59,188
1008.3057020599065,1599.4419345208478,408.25176023408505,3.402495089359825,0.011046095388244253,7.272073348781095,2465.0,0.0011947305353729432,59,29
1003.2315028901734,1842.8035645472062,421.699002013116,3.435000624030592,0.02503699335417527,7.109568916406099,2389.0,0.0012424429447785003,59,4
979.402118705558,1654.0457117979975,279.9545108740253,3.483776692547191,0.04745658068062368,4.631376322687402,1978.0,0.0015846841819116566,59,64
916.7295386904761,1591.950892857143,655.217871335986,3.450615312048857,0.025108119827993852,10.115900915343534,3695.0,0.0007368023236649011,59,91
1079.3052936233778,1401.2067033890394,435.146243792147,3.4296210342837052,0.02828813977582524,7.068942808312349,2525.0,0.0011595751823008434,59,12
1346.9041194201234,2531.669298119707,283.0420950891502,3.3625910847035936,0.0076842667118754105,5.362646268374886,1662.0,0.002010479389253837,59,237
1451.219605534295,2483.5933666961046,414.0206675833974,3.3637752316769696,0.07472217283325484,7.840838862093583,2473.0,0.0011899204893527082,59,55
2127.155158138765,1371.7945024010598,245.34106677815103,3.0626834322631704,0.053349190765384316,6.378298970718614,1028.0,0.004361965847666881,59,88
2033.5102497473654,1518.7284538761369,562.8341015308005,3.426674210589262,0.02942087526187185,9.4252570777498,3534.0,0.0007757205932299653,59,95
1986.3540798823817,2199.4810095564812,331.5902942611804,3.347181883632428,0.0831244632361184,6.378298970718614,2185.0,0.001391618688680056,59,21
1950.773172810569,1047.3086511826125,381.3166505679294,3.44977046457543,0.03870689564222167,6.256420646437367,2128.0,0.001439925281083217,59,123
1731.7300554528651,1703.300628465804,549.468111967957,3.4508966393571976,0.01589657263373016,8.815865456343563,3213.0,0.0008670300692983377,59,80
1730.2280292942744,1346.1142920550378,366.1224861408672,3.4538200031692528,0.026949403546636132,6.093916214062371,2023.0,0.0015382898682465653,59,15
1595.0312838276684,2089.540917947608,375.3039865700545,3.3958381619009623,0.048425593712051226,6.58142951118736,2192.0,0.0013859088439731762,59,141
1582.2126211050013,2487.1492537313434,155.15110681002795,2.987623944145467,0.09863430978184841,4.306367457937408,774.0,0.008208192094719714,59,213
1515.092876211887,126.18912463116482,289.13601130321257,3.4671626447043837,0.023268162263042565,4.915759079343645,1682.0,0.0019768609854473604,59,11
1500.0416920473774,2213.7972927241963,600.2507470851434,3.4456181250915474,0.016146862488747773,9.465883185843548,3524.0,0.0007782739361497776,59,129
1424.134496586106,1408.5249810339221,374.85709938102326,3.3779321964656033,0.004400951758111282,6.784560051656105,1961.0,0.0016029476104978664,59,27
872.8313037249284,568.7890401146132,340.28428139324274,3.407321181122731,0.01281840513963889,5.728281241218628,2345.0,0.001271848948240406,59,115
371.83293718166385,1867.9513299377477,358.9316650082736,3.470304129710849,0.040911815635177325,5.60640291693738,2355.0,0.0012650441920346854,59,67
353.2666599959976,1867.1257754652793,406.0173242889289,3.463032710982442,0.06212692134797694,6.54080340309361,2701.0,0.001067439825942789,59,30
267.6730075842347,870.8383687678727,326.75578739802427,3.4480208011239166,0.0029765380534285046,5.443898484562384,1924.0,0.0016441900558708034,59,0
239.09863249703886,1942.7216539248411,377.2946658666482,3.393109264571062,0.06054191067296258,6.743933943562356,2640.0,0.0010976682622878048,59,97
133.46936236391912,1057.0854328667704,391.8388125642104,3.4308544202395326,0.048522611539773046,6.622055619281109,2367.0,0.0012569739869525691,59,110
865.2722740282522,655.7984488966854,440.02137676339686,3.4585534154396096,0.012623419912220503,7.109568916406099,2550.0,0.00114553034039609,59,53
379.4324369607104,961.1275864957695,484.9538523150834,3.3824891929842296,0.0272853596656016,8.978369888718559,3077.0,0.0009125389127600498,59,33
432.00760847213655,1772.6123106450066,592.6942909797061,3.484550668021554,0.02810951661077256,9.059622104906056,4487.0,0.0005909540696884189,59,153
456.66953762466,2135.7309610154125,358.48477781924237,3.4123861104006274,0.005583805054654407,6.134542322156119,2103.0,0.0014621867671717075,59,40
834.7734463276836,1654.6898305084746,359.5410566296798,3.4352443806521626,0.04624458206501375,6.2157945383436175,2993.0,0.0009431138911402255,59,74
800.1590847180605,1919.563969853809,447.4153284364592,3.3346587757975117,0.032527244335778666,8.287726051124823,3438.0,0.0008009467766980114,59,52
720.2556626506024,1728.3356626506024,337.1966971781178,3.342749751868132,0.027858218859141245,6.54080340309361,2115.0,0.0014514159827264137,59,147
704.2057485725346,1734.7837994774025,419.7895749327098,3.426461264152174,0.04818931213582617,7.068942808312349,2627.0,0.001104333043000874,59,116
692.6876410580483,733.311636724745,450.0153993544592,3.3655182377959916,0.01296696993792039,8.00334329446858,2575.0,0.0011318216508746652,59,43
847.695078582081,747.4711483308478,354.1377842532112,3.436338215032759,0.030139439823048775,6.337672862624865,2037.0,0.0015244051218227799,59,13
609.0243820224719,447.55606741573035,361.5723620343673,3.397487505247754,0.03380585447086574,6.459551186906112,2286.0,0.0013135359686082429,59,206
594.0746180963572,1975.5195064629847,345.72817987780513,3.4048765746847067,0.03599286941295539,6.337672862624865,2597.0,0.0011200265856237364,59,245
535.7016991818754,2431.4789175582127,258.2195430438695,3.338987233541339,0.08124733231313684,5.240767944093639,1833.0,0.001755262634775073,59,151
1211.7000229779412,1062.7794117647059,392.23381137988156,3.443193813845785,0.011195795580063929,6.669416829529236,2212.0,0.0015091990788901012,60,128
1251.6662766890904,1931.6261089987327,462.21762446271197,3.4543499937472957,0.036081238121308826,7.525625746833665,2723.0,0.0011644513094486836,60,7
1129.911849931371,333.11468659447917,295.4822037244811,3.4423286236957864,0.05867057595644217,5.227380758279671,2808.0,0.0011218249678779763,60,186
1065.9342723004695,2417.599530516432,383.94210397019657,3.42676567694595,0.0029146987652001366,6.353971438943394,2199.0,0.0015206524291837735,60,188
1079.310435397515,1400.4402464895445,446.0848459156075,3.4149206430432106,0.010422616606061119,7.34537123792747,2685.0,0.001184573706703912,60,12
1009.8114716843924,1602.7181165348604,495.74496311926436,3.4403377751186675,0.05205473474974627,8.066389273552252,2885.0,0.0010858180792757202,60,29
1003.3123343527013,1842.7890927624871,442.0741830924446,3.473813498773496,0.01064428114916581,7.165116729021274,2561.0,0.0012553626927192488,60,4
987.5948314946351,1656.8298322502644,298.186021358074,3.4624215957382236,0.06721508679448901,5.362571639959318,2100.0,0.0016139266540021763,60,64
1382.918149466192,2513.680488937026,291.2462227651855,3.372670054375779,0.043540490162161286,5.5428261488655135,1766.0,0.0020350606697967155,60,237
1424.053251299459,1407.8211520101836,424.8148138646764,3.4141954641221726,0.013986048774973297,6.89473496566198,2120.0,0.0015941723487070609,60,27
1501.4828642384107,2213.7241721854307,544.3686168967106,3.4172454148283764,0.0347685870036633,9.102852699762876,3409.0,0.0008911657730824606,60,129
916.7130851552754,1592.6438185280022,686.3641062875662,3.4175719130461184,0.028345047586028307,11.491224942769968,3884.0,0.0007665913900954564,60,91
2127.1625161409333,1371.848736395499,244.28992319512153,3.0388555501680132,0.05294202042737926,6.624353202302687,1032.0,0.00477083864975955,60,88
2051.8836582517292,1534.5978797951666,501.60323465871573,3.380930207290715,0.03976818289974622,9.012725445309778,3314.0,0.0009211023894645231,60,95
1987.2094866971245,2199.3722117710295,335.36351381997684,3.408200269673832,0.07404731177479847,5.768144284998258,2257.0,0.001470851274265444,60,21
1980.7542031730998,1041.8980582524273,380.60739555543194,3.453849859778988,0.046838344974996594,6.48916232062304,2140.0,0.0015748957775441475,60,123
1730.1387202832575,1345.3579919069298,356.36316410754864,3.4069760917909897,0.010701002918816555,6.399035066169943,1965.0,0.001761242483282852,60,15
1729.364132231405,1704.0870247933885,545.2698894412416,3.4660692958503243,0.031561609414611676,8.381834664138093,3211.0,0.0009559183708363456,60,80
1587.894840351689,2089.4739703840814,389.5299937462886,3.411233043137788,0.0349104729006514,6.804607711208883,2286.0,0.0014471542247767883,60,141
1582.2232624113476,2487.3824113475175,158.84928597358484,2.992330622306213,0.11070786471738517,4.596489977107987,797.0,0.008375814232070976,60,213
1513.3154081468363,129.52922234744807,279.8901887040952,3.4630557012397167,0.027529833131701376,4.911935367693829,1678.0,0.002185300059410987,60,11
1451.3574226804124,2483.5588659793816,437.1171840975243,3.331542474250022,0.06075136667099985,8.336771036911545,2588.0,0.0012392376717154387,60,55
877.1646072848393,2489.6238315246587,419.40717859749054,3.440494790765762,0.023817748443670253,6.759544083982334,3001.0,0.0010357366074312535,60,137
867.5567226890756,654.965718105424,471.90630431642,3.447120453277507,0.008113750475791912,7.525625746833665,2713.0,0.0011696800986554937,60,53
456.6344616204691,2136.736140724947,338.1574587080229,3.409174096032288,0.029291098890723132,5.903335166677905,2077.0,0.0016372580902907575,60,40
430.2133232399697,1772.6701741105223,595.2905156627108,3.4401666244877167,0.027973094106951098,9.598552599254914,4618.0,0.0006304156658586456,60,153
392.9375349357183,1848.714365567356,322.4753164331839,3.4111947029282326,0.02694952988887839,5.5428261488655135,1916.0,0.001821592753978609,60,67
378.66129774505293,961.9069489185458,489.61630981645374,3.446427817781091,0.02281917393851415,7.931198391872605,3138.0,0.0009822313585556568,60,33
353.39824028490625,1868.0041897978422,430.2224491318623,3.470656898425492,0.06501052876159748,6.89473496566198,2626.0,0.0012172325158746502,60,30
265.156501569109,871.6800382043936,330.27132394337684,3.4420529053210474,0.023921466223046778,5.678017030545161,1933.0,0.0018001918702622805,60,0
242.7595487131273,1938.9198495710425,383.44640407070455,3.426820034068405,0.021873996842912285,6.444098693396492,2775.0,0.001137998067655554,60,97
132.55375,1056.3752272727272,396.55991959363024,3.391650845023033,0.054371712887944235,7.255243983474371,2379.0,0.0013760578965769195,60,110
534.1040904556036,2431.3031260392418,271.01265414046503,3.3511633765090996,0.07659038645242473,5.362571639959318,1918.0,0.0018190486298611563,60,151
872.0428208386277,568.8001270648031,354.6507462729398,3.4167536997830177,0.014074390239308086,6.128653302810649,2589.0,0.0012386484003295236,60,115
845.335836414048,746.870263401109,390.0707572730072,3.429781495818254,0.007973833197752554,6.624353202302687,2216.0,0.0015057096010700985,60,13
835.5877596716009,1654.7268316954844,362.26649927422653,3.339033977660029,0.0556672434289041,6.939798592888529,3034.0,0.0010223224358266115,60,74
800.0710813537559,1918.9600110061451,491.3287276510626,3.3778660282623054,0.011919190937328001,8.787407309177034,3810.0,0.0007836575045353117,60,52
717.799752920036,1683.8311994609164,401.24653682519136,3.320888719423229,0.025430557936730096,7.705880255739861,1984.0,0.0017389036253479975,60,147
663.2416749390849,778.2136991246277,499.3500532973883,3.429988727304241,0.025237781121580854,8.201580155231898,2751.0,0.001150056325803673,60,43
570.6555514388045,458.79053970606395,364.88018965336636,3.4475730823411475,0.026140348777759895,5.993462421131003,2349.0,0.0013982166399398753,60,206
561.1908464785603,1951.5275494334592,405.6627722933931,3.427106163234059,0.02935095334455947,6.939798592888529,2373.0,0.0013804332796039363,60,245
702.1877025832433,1732.868578725076,458.79278879349425,3.4606264702002814,0.03777072654005549,7.165116729021274,2710.0,0.0011712579046076128,60,116
1195.1332161687171,1054.6012888107791,366.50855599035594,3.419370028002337,0.013027057239094465,6.226565977574881,2111.0,0.0016633488953402618,61,128
1251.8109174311926,1930.0818348623852,468.06599417631867,3.483526105606267,0.024533386150845507,7.128344498465037,2643.0,0.001253099729571222,61,7
1427.1027240907015,2498.4606604778573,282.1707933699624,3.378542403895518,0.03651946430394052,5.153020119372316,1846.0,0.0019874607112888576,61,237
1424.0270647621094,1407.0521963269252,399.8314194289636,3.413380331631475,0.011448471345709543,6.570100652199702,2046.0,0.0017326557315585271,61,27
1127.8594003839905,338.51484271156403,290.7591602355829,3.419193999895355,0.013243401382099996,4.981252782059905,2220.0,0.0015587891966217914,61,186
983.0557626360519,1648.4310421947218,288.01088283858434,3.467736661684895,0.04946352667429704,4.766543610419392,1990.0,0.0017971701192376975,61,64
1081.6323625298849,1404.432949358835,395.1507594872004,3.3882475840671313,0.026403185314242756,7.128344498465037,2452.0,0.0013748412254244518,61,12
1065.0539233915954,2417.6410065699765,346.41177752480394,3.4388709838023703,0.013467025593967018,5.7971476342938555,2018.0,0.001764323362854017,61,188
1009.0290499328026,1600.4571487646026,415.37636345573674,3.3871461773465774,0.014067136788166925,7.4718791730898575,2542.0,0.001314658070389062,61,29
1003.9824617010037,1843.4506075013207,406.4444619154914,3.43269756498239,0.02133401776248269,6.570100652199702,2359.0,0.0014431066848201006,61,4
1451.265428516154,2486.2495647127103,443.93268328392503,3.43364257529537,0.01740945070243634,7.772472013386576,2697.0,0.001222494654520705,61,55
1500.0040647288902,2214.521742464913,559.9185778041302,3.423940472097763,0.019564437752224963,9.576029055166886,3430.0,0.0009181152681834016,61,129
1581.658405964507,2094.9684973222725,408.9350883065214,3.4381928101013983,0.07483344966048293,6.655984320855908,2292.0,0.001496644287131761,61,141
2127.119508820477,1371.9465582843306,248.28968608508941,3.020052892621315,0.040853077602135225,6.097740474590574,1065.0,0.004668367390760515,61,88
2059.654482758621,1555.1847509578545,560.3909379817394,3.408261317846384,0.04981912608386179,9.361319883526374,3501.0,0.0008964945412431373,61,95
1986.387943607195,2200.3079727758873,353.32541285162847,3.406719317683778,0.06820454458019409,6.183624143246779,2293.0,0.0014958160325252328,61,21
1983.6007206788329,1041.741253051261,369.4286007246669,3.403729894395572,0.030551595067468486,6.398333314887292,2107.0,0.001667453432041614,61,123
1731.6982551889523,1706.4355412221946,519.2956025297451,3.4240166257824063,0.025986001483073992,8.588366865620527,3146.0,0.0010161401295190268,61,80
1730.2097119134482,1345.3869669140772,341.3446410740878,3.415588869683786,0.01113042591068555,6.097740474590574,1950.0,0.0018462736052757113,61,15
1581.8949478748998,2487.680299385191,160.64540222143194,3.034727275026169,0.13375618112895846,4.423008935794571,792.0,0.008833477100633468,61,213
1512.3394144475503,128.79079005443577,291.8756479281136,3.48550456779208,0.04082316202037873,4.723601776091289,1668.0,0.0022867604286612377,61,11
877.9934111663391,2490.48976996879,371.48980877241587,3.409225450349342,0.0411644681300663,6.398333314887292,2745.0,0.0011965185088444344,61,137
916.6455863808322,1591.829003783102,681.0574924437077,3.4312468919171786,0.021174114799112725,10.950167753666172,3801.0,0.0008153634652411169,61,91
456.4459614648462,2136.8630853642976,336.53515562934035,3.443912508668006,0.04843033033632716,5.668322131309547,2091.0,0.0016840761681601773,61,40
430.1870461806564,1772.6095701423178,591.3949423666295,3.4672129290263767,0.04230966708979497,9.275436214870169,4552.0,0.0006647633408973767,61,153
378.7188056319793,961.8655122188056,530.6751886266924,3.4265582121745637,0.02241125301142358,8.846017871589142,3251.0,0.00097755233105927,61,33
354.7964391691395,1866.293768545994,434.1419450571176,3.4464678230030024,0.016795478811371282,7.171286332793139,2586.0,0.0012871126670105496,61,30
265.0368524590164,871.6670163934426,327.4314867517826,3.4370402822252966,0.01539835192951885,5.453612959669035,1919.0,0.0018862143241582265,61,0
241.48355922215674,1939.5469652327638,364.36146427395084,3.359381625056849,0.06038328607593572,7.042460829808832,2611.0,0.0012719700636368227,61,97
139.05025797821517,1053.9719090387923,449.42923807792215,3.473274337913624,0.024112695659877788,6.698926155184011,2537.0,0.0013178630123497506,61,110
871.1638532808732,568.7443838050514,338.3387126711206,3.465109028774137,0.026452786606746936,5.496554793997137,2489.0,0.0013494445770172634,61,115
419.307397194581,1817.730248171682,358.17784013070406,3.4547445001336485,0.02814512396125808,5.7971476342938555,2264.0,0.0015202136771514053,61,67
533.9425417951632,2431.2642428177246,264.5646412954403,3.3529585130830495,0.0704604921626294,5.496554793997137,1896.0,0.0019169826697745277,61,151
866.8491016819572,654.2254396024465,449.34335440926594,3.446095383835946,0.033550799063793844,7.2142281671212425,2633.0,0.001258936283067039,61,53
847.8950221238938,745.2339601769911,388.1941823260478,3.3884564580560266,0.034693779397656936,7.085402664136934,2215.0,0.0015632970104642809,61,13
835.468449197861,1654.7906120023767,361.35553587098366,3.3599472310034497,0.05720452362310962,6.613042486527806,2915.0,0.0011127765005145025,61,74
801.5645145678056,1918.8999128835544,443.6320904436283,3.375551378758422,0.04317292926278869,8.030123019355193,3539.0,0.0008853360245828902,61,52
714.6649262202043,1646.550624290579,378.3175604305842,3.355802063812308,0.024431183987545124,7.171286332793139,1891.0,0.0019238047412574845,61,147
707.9089426213778,1718.2204951065055,447.5397973674856,3.4368916394381253,0.04182369116751898,7.171286332793139,2624.0,0.0012642358630323134,61,116
542.4122771199129,462.7280522662311,315.49365680857005,3.427266387830638,0.007884918656320726,5.53949662832524,2173.0,0.001602217596307266,61,206
546.1643048640368,1918.041363462275,448.48451772270386,3.4533050793250775,0.044230473236374315,7.2142281671212425,2484.0,0.001352821589501369,61,245
628.6663479923518,809.763862332696,494.0887457791489,3.3817076252560785,0.02521613631483624,8.80307603726104,2756.0,0.0011907203651834273,61,43
1423.9353239193704,1407.8264525169775,408.57569211067107,3.4277840608713643,0.01162361309981172,6.606268601552297,2125.0,0.0017976743886613245,62,27
1252.4444444444443,1930.839632471346,464.94918417725063,3.4348563486460453,0.03514278214298551,8.015605903216787,2728.0,0.0013141373369550543,62,7
1194.115281788044,1048.9061062987917,411.83478462077017,3.468050857635973,0.014587994150142123,6.430101438844235,2291.0,0.0016323305941956378,62,128
1126.3195015064366,337.7885510818954,321.5931555235658,3.428076991516446,0.027700231634089464,5.593307415980944,2425.0,0.0015195127182979374,62,186
917.4274073068043,1591.8315903843543,648.5594095097275,3.3808867504457973,0.02515427779519654,11.186614831961888,3849.0,0.0008760666623315217,62,91
1079.3007125462252,1402.0029764589158,488.29133323606874,3.466196981084651,0.04187669462085039,7.531146205769618,2838.0,0.0012526718376581285,62,12
1064.915034250691,2413.438649200817,366.4717402234444,3.3877877910301937,0.011198956389544537,6.518185020198266,2118.0,0.0018053859049266437,62,188
1004.744698631568,1843.5531181447823,421.61206215106756,3.4231501213602726,0.02237772002401264,7.13477008967648,2501.0,0.0014621956359024786,62,4
1003.8190430159498,1592.44398260029,455.6123245537234,3.4058063178522184,0.0061441443166223375,7.971564112539771,2782.0,0.0012832273527611162,62,29
985.7543909752962,1658.5706125946024,308.4246601111382,3.427697116920671,0.04482916351315986,5.329056671918853,2139.0,0.001782447315679939,62,64
1452.0527257320402,2485.2381131720176,467.7678587805796,3.4593282967047063,0.01149835049324606,7.531146205769618,2895.0,0.001223029679105415,62,237
1472.8184620126367,2483.646786870088,285.78717970315233,3.348186970145935,0.02757002062512864,5.54926562530393,2002.0,0.0019435463074177872,62,55
2127.0508564365177,1371.9890517393608,249.4086606039377,3.031414775809871,0.033752089082138594,6.2539342761361745,1075.0,0.005003397284413498,62,88
1514.9383426966292,129.62921348314606,313.57754962034903,3.413230207506989,0.009741966228391076,5.373098462595868,1772.0,0.0022911995688249622,62,11
2035.810207336523,1569.8541467304626,552.284055089772,3.4318496043007296,0.053406763960962764,8.984525298111123,3504.0,0.0009762197901519856,62,95
1988.773620713027,2203.555239257151,324.896289824342,3.423618022398426,0.038376012351458294,5.72543278801199,2493.0,0.001468024574175242,62,21
1982.8598294336323,1040.883008965668,402.80621753198204,3.4637228385125844,0.03554149560173749,6.474143229521251,2214.0,0.0017050755934847085,62,123
1500.6717569146865,2214.5710167510715,565.2763833394915,3.425004869494006,0.03305464967725031,9.601110367589339,3506.0,0.0009755732460633239,62,129
1732.5220179563917,1703.3041470713981,515.0687419676941,3.4374269785084923,0.03901921354838646,8.45602380998694,3159.0,0.0011022279870389867,62,80
1730.1610898661568,1346.0836520076482,368.54170438526415,3.423990269995646,0.04553436738384479,6.430101438844235,2037.0,0.0018996826684914245,62,15
1582.0022831050228,2487.9036022323694,173.61273884879435,3.0012258615006355,0.06341294671832634,4.97672234650273,814.0,0.008987080371075316,62,213
1579.0007295010214,2092.89451415232,301.8624333002629,3.485975905372729,0.05505499729226597,4.712471602440639,1825.0,0.002200496871110204,62,141
872.9039111540319,568.855504587156,364.84219396839484,3.401099745451873,0.039433351704341,6.209892485459159,2512.0,0.0014542560162507504,62,115
455.77278716013893,2136.846328901665,367.7049103624008,3.4432935123223865,0.014212991943702536,6.2539342761361745,2195.0,0.001724034083608364,62,40
447.6796092184369,1785.7930861723446,351.62965676529024,3.4280465291492215,0.03398887245251388,6.033725322751097,2600.0,0.0013937138685494752,62,67
435.51211545765284,1770.1341435624763,579.8101742629066,3.378187892516333,0.05638873016961547,10.437904390452628,4328.0,0.0007668379254641975,62,153
379.4098547422387,961.1734548561664,463.8921812010023,3.3625652638019736,0.029397729884633916,8.54410739134097,3045.0,0.0011513344253903026,62,33
353.39253349093775,1867.9907407407406,447.11225895305944,3.4615557205256966,0.06450040390773876,7.002644717645435,2627.0,0.0013761362721554284,62,30
265.16353887399464,870.1634112089877,344.97934637306093,3.4286326008415777,0.05068169602435166,5.857558160043037,1958.0,0.002001648985478636,62,0
240.20901816608998,1934.201016435986,407.2984801810376,3.4779334037968117,0.08550076090691001,6.5622268108752815,3177.0,0.001094854700919122,62,97
137.48399528958356,1054.8461620811477,411.394366714,3.425784956665853,0.04289417341873231,7.04668650832245,2468.0,0.0014865433197128548,62,110
878.0097384834227,2490.421818579713,402.49792499724293,3.4132040229955902,0.048708937395893874,6.958602926968419,2935.0,0.0012030521350993592,62,137
496.93920020057664,459.6209101165852,351.3213642305511,3.428837436029567,0.013706504403311054,5.989683532074082,2335.0,0.001593482584042472,62,206
846.0715358215358,746.8759116259116,410.6456562724908,3.4843832511545916,0.030593773184441345,6.2539342761361745,2370.0,0.0015638766664617455,62,13
834.7273259215916,1655.5424224692804,376.33710133509584,3.3596232617792663,0.05651849794826775,7.13477008967648,3175.0,0.0010956690798874678,62,74
799.392322014363,1918.9770369713626,496.7473570460557,3.386449164925774,0.015478038463601872,8.764316344726048,3885.0,0.0008667874115831851,62,52
866.1245931283906,654.3489150090415,487.10220488778936,3.46192151015812,0.013800225125755372,7.531146205769618,2812.0,0.0012666753390025694,62,53
698.9717314487632,1720.4268343379754,423.77010989424133,3.4241036132014013,0.032918309723178746,7.04668650832245,2610.0,0.0013871515366860872,62,116
583.8670164646281,817.5504794644472,486.83795414372725,3.382136257859369,0.025428881512778924,8.720274554049032,2755.0,0.001298498422452685,62,43
550.6921269095183,1876.8804614891571,412.27520252754033,3.423824232455032,0.02390743839182142,7.0907282989994656,2387.0,0.0015498900402372657,62,245
534.9664697429347,2431.3894299856297,275.8337350101469,3.3606232932371904,0.07362715289574927,5.240973090564822,1917.0,0.0020590064771375087,62,151
715.1697576396207,1601.7892518440465,417.9565935248753,3.325683177713229,0.02807720905768214,7.310937252384542,2012.0,0.0019308084977694648,62,147
1127.3395393738795,334.3941525306854,292.3000355531742,3.4561300894418743,0.07906567190096603,5.15989581448163,2511.0,0.001379250659879116,63,186
1194.931172806925,1048.7875013195398,381.8726019576913,3.4709057522878153,0.01130304893642071,5.88550616339311,2120.0,0.0017092848907655541,63,128
1251.6417732310315,1930.930264279625,472.85607737398067,3.4390813420749957,0.026373784337459284,7.65922034962117,2651.0,0.0012900626231317426,63,7
1064.9841017488077,2414.3773563479444,354.9847073619159,3.4605757943622626,0.023955417543466948,5.603324361038646,2004.0,0.001839899294181968,63,188
1080.0597043214557,1403.657979529947,425.3689112063294,3.4861227107214305,0.029314919967176327,6.570804826253951,2548.0,0.00135450214196176,63,12
1004.7174763768254,1842.7637682542713,422.3455347525316,3.4587107650876736,0.005285896165298496,7.094856744912242,2397.0,0.0014615279044119115,63,4
1002.4839432412248,1595.3154406273338,431.81878097443143,3.377718250909077,0.0544293712991369,7.497973605418619,2607.0,0.001316824460655646,63,29
2127.153747802461,1372.0097490810292,252.23021961884032,3.013978408391838,0.03997253308576774,6.812674942557778,1047.0,0.004978363303333737,63,88
1423.3563909774437,1408.5995703544577,375.30179713143735,3.3693507041508397,0.00938286676223922,7.054545058861604,1973.0,0.0018782554414767377,63,27
979.1088444504094,1653.7302375520064,300.3623727633018,3.4901360322419936,0.06202050752210827,4.716467267924616,2066.0,0.0017677022476187464,63,64
1452.9328474246843,2485.5698736637514,414.8072494610623,3.39274077852727,0.022288555805708925,7.175480117013517,2534.0,0.0013637612822373993,63,237
1508.906344410876,2472.440943749101,280.2065297379829,3.4496188952153855,0.03127089911822119,5.119584128430993,1693.0,0.002313961243396313,63,55
2002.8806270855632,1618.9185922055028,640.2705095422792,3.4354207121355262,0.05156447399534413,10.198856570811348,3866.0,0.0008263316982833216,63,95
1986.4069366908184,2200.4298610286255,339.3840848603191,3.4081886815556754,0.07478272628471122,5.804882791291834,2292.0,0.001546498878192355,63,21
1983.6206859127415,1041.6938354677663,371.4318752705761,3.4204977189153736,0.0362209626660991,6.490181454152676,2115.0,0.001714531206546166,63,123
1731.6930878452176,1702.5982992666563,516.7151917970746,3.3904977677506545,0.010859958200506012,9.07012936139349,3150.0,0.0010484210539374584,63,80
1731.063722258844,1350.9439683586024,366.9169664329047,3.4733185846926364,0.01969293163764126,5.683947733139921,2028.0,0.0018112633524552022,63,15
1581.936449963477,2488.162649135622,165.56009460996918,3.020141783348368,0.0704562731621278,4.514908837671427,789.0,0.009216896315086839,63,213
1578.955735008225,2091.3708688500074,269.56424462061455,3.49940711507265,0.020447893637404263,4.514908837671427,1662.0,0.0023749567806052125,63,141
1515.5498233215549,127.2990812720848,285.20517880826196,3.3948412328806232,0.02662332019010726,5.119584128430993,1661.0,0.0023769779626963707,63,11
1499.9434691249237,2212.310309767505,594.7183043050585,3.4384321570305847,0.019308782950021613,9.432934535849231,3559.0,0.0009088832964748689,63,129
915.8754801725667,1591.7701672477986,682.1140396628412,3.4609611203199964,0.00654952911826478,10.279479942912623,3799.0,0.0008430427345113914,63,91
846.9190387788778,746.8835602310231,390.8621079469835,3.441729696000259,0.02397137677437978,6.2483113378488495,2204.0,0.0016257126402157381,63,13
872.1072701354241,568.8829888334521,339.34377317426845,3.4722194503829913,0.027630817211655723,5.401765930785457,2410.0,0.0014516528880980616,63,115
455.7375356125356,2137.610636277303,339.5856432905723,3.439529854795898,0.017631023048156173,5.804882791291834,2086.0,0.0017456064329328246,63,40
453.9599678825419,436.66724019270475,351.4372789894598,3.432166371459353,0.005001760408061604,6.087064593646298,2279.0,0.0015577114321042975,63,206
378.6478970351643,961.8901401976557,526.1884380189744,3.4061156979329854,0.011577037276401277,8.989505989292216,3243.0,0.00101305581226617,63,33
354.8480870217554,1866.3372093023256,429.88382004400086,3.4524147044963986,0.02623490123478087,7.094856744912242,2578.0,0.0013350784266320014,63,30
265.0413162705667,871.4452163315052,330.75738404548264,3.4501234202371633,0.026456533616287106,5.683947733139921,1945.0,0.0019143006387461541,63,0
239.7970410502188,1925.274536361742,386.911562714021,3.405054282321403,0.024193528094010004,6.570804826253951,2593.0,0.001325573985500002,63,97
137.4636931485458,1054.0892055436268,413.03353527483426,3.435598621485967,0.05938741611890643,6.973921686760328,2453.0,0.001419919278883976,63,110
469.2607944732297,1744.5754343188053,396.78792579642726,3.4185490635484883,0.028158116115491093,6.893298314659053,2294.0,0.0015447881810952127,63,153
878.8443436048966,2490.5862178134234,381.9935370158432,3.3821284333319683,0.008298677686663357,6.973921686760328,2776.0,0.0012196453895308242,63,137
867.6391288366109,654.3659253813637,438.6717676030399,3.4089490538730884,0.022695546942437552,7.5785969775198945,2566.0,0.0013427806779109154,63,53
834.8417132216015,1654.0782122905027,389.65275736546437,3.3752485712081386,0.05565562744650704,6.852986628608416,3105.0,0.0010664349305877939,63,74
800.0878401953943,1919.5771109560362,462.133168884511,3.329736079434535,0.03604394720748897,8.586389128785838,3532.0,0.0009169396256488075,63,52
716.8146920444825,1605.9538066723696,376.99488794556413,3.331085284142537,0.015414531920855517,7.014233372810966,1887.0,0.001993548874124971,63,147
712.6613634172211,1728.4732426959793,418.07249603116395,3.373125709396747,0.0046417867646810565,7.457661919367982,2530.0,0.0013664300471957836,63,116
540.5227081581161,807.9500420521447,479.3059471420827,3.413388274456207,0.02771732514953757,8.062337210127547,2732.0,0.0012435383527448537,63,43
547.8910437579183,1832.6617288763277,413.6382105655938,3.4588226110051026,0.02258458581716634,6.611116512304589,2374.0,0.0014793322181585657,63,245
533.96841127284,2431.4897801176835,260.3328685150185,3.384217280651962,0.0763300902805384,4.6358438958233394,1887.0,0.001993548874124971,63,151
1251.7337962962963,1930.9516666666666,474.73452266844936,3.4638744096641156,0.02891444792043999,7.428716141756291,2736.0,0.001347601628218863,64,7
1194.0747276688453,1048.0640522875817,403.52434426818195,3.4757798767519765,0.01834489875099937,6.241879835085167,2287.0,0.0016835794919783703,64,128
1129.1863235294118,333.37632352941176,298.90692168013476,3.4475481483648807,0.07631725630941684,5.450655630637752,2813.0,0.0013030084274058531,64,186
915.9026516527424,1591.7921055817897,726.080078281245,3.445526834036189,0.011718367931843153,11.209009563005054,4060.0,0.0008483686304517654,64,91
1079.2896335674957,1400.3458325422441,463.04198720272643,3.4503723421409798,0.021072588596509696,7.736414443485841,2771.0,0.0013269594093192254,64,12
1066.9576597382602,2417.663257450786,399.7000939466861,3.4553442573923756,0.020609345658911475,6.373750535826403,2259.0,0.001710168350460878,64,188
1004.0063903768443,1842.7114932807067,467.7453755291638,3.4584542688741466,0.021953316017079224,7.384759241509212,2642.0,0.0014063579248788304,64,4
1001.9394722273482,1594.5013840191918,476.40488487783836,3.373310133761019,0.03302426764311933,8.74742314916865,2826.0,0.0012957692799018218,64,29
987.4107575757575,1651.4478787878788,290.11554163071906,3.384165444770063,0.05705272375269045,5.538569431131909,2087.0,0.0018939044748434877,64,64
1423.383237974147,1407.9169315532952,414.8652245319282,3.38177870493539,0.035936216367458036,7.208931640520897,2141.0,0.0018321068480144848,64,27
1729.291905672403,1705.7384480560868,551.7470119013311,3.4561926575965747,0.027289720423202424,8.571595548180335,3252.0,0.0010961990065375326,64,80
1502.5973953339726,2211.6617130073505,550.1645634924363,3.3920248428270723,0.039052299077131494,9.582604253863144,3493.0,0.0010083406841260778,64,129
1986.3335451080052,2200.210673443456,345.9408049445089,3.449932323517201,0.054845415999054924,5.626483231626066,2289.0,0.0016817118897360659,64,21
1983.6324629152875,1041.7626578398922,358.5564353154205,3.4535038343113276,0.018769401150725593,6.066052234096853,2115.0,0.0018613498069256324,64,123
1982.637734461199,1649.8983082015448,478.0752470872273,3.4530689507124532,0.04817988022457963,7.824328243979998,3550.0,0.0009895819689675794,64,95
1726.1312785388127,1367.652587519026,346.55620154796804,3.414164543959746,0.012140138923849977,5.80231083261438,1995.0,0.0020093763880775117,64,15
1582.0783707141015,2488.1160092807427,170.50881605841806,2.9626009489252563,0.08985066481527705,5.055043528414044,818.0,0.009134448081207665,64,213
1580.5684745762712,2091.136271186441,259.34571145776397,3.4505710654855526,0.04708278751412056,4.483603825202022,1664.0,0.0025740132644454876,64,141
1539.6151044965168,2456.614312856238,277.6317819605487,3.4313820132102233,0.05360593478797684,4.967129727919887,1736.0,0.002425741979709513,64,55
1515.7400291120814,128.80582241630276,301.98390469743026,3.466453918004355,0.016455628617937423,5.011086628166965,1758.0,0.0023837850646242454,64,11
1449.1963115521437,2487.292173750234,469.54760843929404,3.436426127132968,0.014971117285382083,7.868285144227077,2790.0,0.0013160162765237632,64,237
877.152063941724,2489.639113719142,434.4700020421253,3.425952561118144,0.022610605540337097,7.384759241509212,3035.0,0.0011895224955481424,64,137
2127.098155238427,1371.9530107901148,252.57634881971387,3.0319679738809495,0.026508328524163953,6.110009134343931,1068.0,0.005210254478762015,64,88
867.6500835344348,654.9974011509189,473.5916432620253,3.427306024053507,0.04514979091800852,7.824328243979998,2735.0,0.0013482008468278647,64,53
423.3396497647674,403.44602718243596,336.3582006906458,3.399632525266206,0.054250487641199115,5.934181533355617,2191.0,0.0017783772170386562,64,206
377.96453784271876,961.9931045805287,535.482958809912,3.4476643913491327,0.0057392367175199315,8.483681747686179,3325.0,0.0010680114555546953,64,33
353.3234769843766,1866.350005242739,419.216957656389,3.4419191117843964,0.023458235880685182,6.81331953829719,2546.0,0.0014718991131500857,64,30
233.4419916605347,1932.7684571989207,358.42456461467924,3.4482046460214275,0.060958511266725114,6.241879835085167,2842.0,0.0012869692328121914,64,97
138.15317331163547,1053.2828519121238,432.18424322927723,3.4257051325244077,0.04752618585054958,7.428716141756291,2488.0,0.0015145430032744228,64,110
261.089287880626,867.2012616765741,362.3367287366693,3.1681226446959876,0.004365250681521761,8.527638647933257,2113.0,0.0018636379791847836,64,0
455.72670250896056,2137.5899897593445,343.3913047301784,3.4006640717707266,0.00798696707297175,6.241879835085167,2101.0,0.0018774860310789758,64,40
872.8016056440822,568.787981997324,361.3696769312335,3.41180788400276,0.03319114030759025,6.110009134343931,2501.0,0.001504771426093405,64,115
471.048435171386,1713.8870555673834,412.9311209210568,3.4660677602354735,0.027688283322800794,6.549578136814718,2372.0,0.0016076996130434697,64,153
846.9390639723589,746.0529787456811,419.8323542598481,3.460714804550307,0.0035863862611694303,6.549578136814718,2295.0,0.0016761338614227424,64,13
835.5088064889919,1654.1092699884125,379.3480491322887,3.3724052297438556,0.06971701734701283,6.9012333387913465,3090.0,0.0011643975119267453,64,74
800.222404277337,1918.9362711279753,509.7242152651239,3.395942427976218,0.018097402120098464,8.923250750156964,3898.0,0.0008886495436482405,64,52
703.0530216647662,1731.9369061193463,462.6024182002556,3.463772437428536,0.05846638526190718,7.472673042003369,2732.0,0.0013500017042766407,64,116
693.8374767276312,1614.8369291424817,401.3704561560751,3.331450934188936,0.01592270792599196,7.5166299422504474,1989.0,0.0020173982160982254,64,147
490.7139303482587,796.6745900128984,477.1081952817916,3.413559171460608,0.013518272087809485,7.956198944721234,2728.0,0.0013524103446496674,64,43
547.343081161263,1788.0239457512184,414.8652245319282,3.4518453439968373,0.06019860978007341,6.5935350370617964,2367.0,0.0016119732922820994,64,245
535.8311465167135,2432.1327710090595,281.4120753817975,3.4107306272166857,0.06697448925145133,5.142957328908201,2009.0,0.0019909045994759983,64,151
1251.748168326132,1930.946458763855,479.152946841767,3.464494772373581,0.033652095721243704,7.51630115748404,2730.0,0.0013850326338041407,65,7
1126.1906693711967,337.0094175601275,310.64377598176554,3.474896519955483,0.03006806004769454,4.815833675753248,2395.0,0.0016280753491017118,65,186
1195.6756306825457,1049.4964784223332,351.4658427472627,3.4125370537616435,0.023166830776642566,5.986036251169924,2087.0,0.001941270102118038,65,128
1079.3324016563147,1400.3423395445134,434.7752645586577,3.452307416936562,0.01655897807851183,7.111231035224422,2647.0,0.0014382274059991818,65,12
1065.326951765291,2417.672178020885,362.04267371737495,3.4292051609378933,0.031894270951637466,5.986036251169924,2099.0,0.00192682855965949,65,188
1013.6241898390132,1598.4717750365878,430.54453217061274,3.3982937756183835,0.017456528245343272,7.74134011429494,2667.0,0.0014250391416490257,65,29
1003.2066176470588,1843.4873949579833,428.4741737679525,3.3979263325364393,0.021847955750442075,7.78634790565712,2476.0,0.0015618093379532567,65,4
982.6589268016423,1651.1653688234462,317.8900303910765,3.5184230246645836,0.038214618638297906,4.9508570498397875,2165.0,0.0018510898663242942,65,64
1424.0218626085093,1407.876862072661,419.96770120050047,3.419434203991356,0.01529493517646173,6.931199869775702,2141.0,0.001877932305184125,65,27
1449.1485762616296,2487.2498825298376,478.92790788495614,3.434075801338874,0.045792836651903056,8.011386862468019,2784.0,0.001352487188322286,65,237
1732.4777333517166,1385.5397766441472,326.4415107498907,3.3645420771544092,0.05121921657665556,5.941028459807745,1911.0,0.0021810219509608183,65,15
1515.858496427462,129.5215905560733,289.76016078971406,3.448394685743975,0.02570112299673284,4.905849258477607,1681.0,0.002600775103187874,65,11
2127.153063046973,1371.9151634220395,251.99862383684516,3.0390093421618074,0.03907051307017046,6.076051833894284,1068.0,0.005339742757984199,65,88
916.6851217906517,1590.3402238314682,683.6683507915125,3.407877255189577,0.03327866388551833,11.47698679735587,3891.0,0.0009127891387838622,65,91
1986.3488194001277,2200.325717932355,352.63604532267937,3.4234634664232813,0.04534180252953026,6.076051833894284,2304.0,0.001709565462659109,65,21
1983.646922889808,1041.736925322306,370.054060579843,3.4504520096337665,0.028790951425271275,6.1660674166186435,2122.0,0.001899741078692782,65,123
1979.4258510113468,1647.3928959052787,456.15396545569314,3.411839856834254,0.02289781047632398,7.87636348838148,3187.0,0.001150696037092459,65,95
1728.4806208586729,1705.7317781610238,495.8508374371358,3.416903450677219,0.040386197757951665,8.731511524262897,3074.0,0.0012009375585737274,65,80
1581.7527970165156,2487.910495471497,168.95924877362327,3.0319731114114106,0.09201137867121198,4.6358025103045275,816.0,0.009416480634532591,65,213
1580.5942636158557,2092.6248791492103,279.3183531936884,3.394987869810223,0.03969246201198664,5.175896006650687,1751.0,0.0024568668335353447,65,141
1574.722876432721,2440.57968283875,286.65462318572366,3.374002181486889,0.043631865058298615,5.535958337548125,1745.0,0.0024685748266544353,65,55
1502.0668508287292,2210.6660615627466,570.2487165588191,3.4446348248484626,0.02498878263172643,9.001558272435977,3549.0,0.0010147044485438218,65,129
878.8603733333333,2489.6583466666666,421.9480440204364,3.4342587749517848,0.03630367260594407,7.111231035224422,2948.0,0.0012623972397938258,65,137
872.7883175849797,568.7522395385937,366.7684918104039,3.3956943278355083,0.03900136898985637,6.391106373429543,2471.0,0.0015657432247212625,65,115
390.28953626634956,369.5909631391201,302.8124202847462,3.4079975186025924,0.04322910402898988,5.625973920272485,2100.0,0.0019256347906695056,65,206
379.40813464235623,961.2584385226742,481.35832861851384,3.378395734259147,0.0052873879138892275,8.821527106987258,3067.0,0.001204194563565269,65,33
439.92402501839587,777.0606144223694,489.3247076896197,3.438022152462682,0.03616007364466531,8.146410236554559,2747.0,0.0013746191841224678,65,43
265.3615677865142,864.1146056707172,377.7954006941379,3.158225208328834,0.07832079716950896,9.271605020609055,2149.0,0.0018688987440758458,65,0
138.9420146447655,1054.0994458737384,454.8487395061899,3.4571677291821405,0.024262119657889283,7.111231035224422,2546.0,0.0015087399900221318,65,110
251.02634365898862,1940.3363780778395,339.98885594990685,3.494236716414837,0.021785117237790176,5.490950546185946,2673.0,0.0014211296971390237,65,97
455.76218323586744,2137.508252111761,346.3349545319742,3.4217133365092063,0.010226102601466764,6.256082999343004,2104.0,0.0019208744701632763,65,40
354.86306439674314,1866.3696732579042,425.63868291213515,3.4613379982425316,0.025561835162838088,6.886192078413522,2568.0,0.0014927980403621722,65,30
468.31871176266884,1723.1999307399285,389.9024965705643,3.4605842774737225,0.041628200714023234,6.301090790705183,2286.0,0.0017266604377950193,65,153
847.7252032520325,745.3229965156794,387.51708362836877,3.4306299472655883,0.024897559085548047,6.6161453302404425,2210.0,0.0018027745605236059,65,13
835.4877459857539,1654.1126403477,372.79953585293595,3.374060025783156,0.056874109949585215,6.571137538878263,3078.0,0.0011990843110269757,65,74
800.0247731397459,1918.9228675136117,495.9858608112223,3.4255763752575015,0.00957064957065235,8.146410236554559,3880.0,0.0009157474383923057,65,52
701.7334794520548,1719.3176986301369,410.6960961798914,3.4104914682189897,0.02737844147138161,7.201246617948781,2543.0,0.0015109403121150013,65,116
677.8888031739035,1637.3389905223717,408.40069882042025,3.3350649385204054,0.02834841787861063,7.74134011429494,1994.0,0.0020609846607096884,65,147
866.8841927303466,654.3298581760121,479.1979546331292,3.4293442508985916,0.009101594278652914,7.87636348838148,2735.0,0.0013819535129196885,65,53
547.3509671903388,1754.8061344448006,421.13790377591715,3.4185432512818816,0.041363527031142946,7.201246617948781,2383.0,0.0016383738031725233,65,245
534.7812033814023,2431.316260566882,271.53200528803126,3.3386167311389223,0.08060974180681471,5.2659115893750466,1911.0,0.0021810219509608183,65,151
1196.0369843527737,1049.543494911916,391.9358994783,3.3963800944423257,0.011478032678640051,6.733114806662994,2218.0,0.0017419006372482513,66,128
1423.3285843509725,1408.5390094979648,379.28450541482493,3.4232721775558868,0.02848554223288121,6.6044565619496876,2049.0,0.001930246378886127,66,27
1126.3115407319954,338.55327626918535,290.5960887257863,3.4001614657125,0.030135637338219234,5.575190604243243,2260.0,0.001700660206311737,66,186
1251.7104613978986,1930.1718592964824,469.38816279570995,3.468740521287244,0.020804064914447074,7.290633867087318,2725.0,0.0013474610229906752,66,7
1078.5845645211282,1400.401901022833,415.09438352669497,3.392497633028251,0.0717958285745662,7.333519948658419,2622.0,0.0014124374203018154,66,12
1066.112796833773,2417.667436235708,390.0917979707426,3.459639764471447,0.002704193130017041,6.261367909380873,2205.0,0.0017550739538009091,66,188
1010.4607701911073,1598.2649572649573,446.5727673998838,3.356144935116268,0.011825519613344089,8.49144415107817,2718.0,0.001351686963248988,66,29
1004.7775163666121,1843.52424304419,419.25433343909185,3.4362620520477916,0.006108694761724242,6.861773051376299,2489.0,0.001506224621309202,66,4
985.957481381178,1656.847664184157,316.7137124025873,3.4872628279417386,0.03471775705361168,5.232101951674428,2173.0,0.0017883655541317198,66,64
1450.2102908277404,2487.2239932885905,460.08188309478084,3.445362931110357,0.023332810410737665,7.676608601227235,2720.0,0.0013504768493727403,66,237
915.8636685780556,1592.541459957477,665.6348720650722,3.426109401316878,0.009988604233883243,10.935950800630977,3877.0,0.0008896955133805256,66,91
1514.902583943623,127.1390078761918,310.36657233006423,3.5057149496610402,0.01787892501404861,4.760355054392307,1759.0,0.0023699784208221614,66,11
2127.2138116591927,1372.0739013452915,239.0899047588929,3.011845076084067,0.03643101535725939,6.43291223566528,1031.0,0.005535846038028353,66,88
1986.3041578224497,2200.3019103508555,343.4746273029549,3.4251717800807535,0.07021324967012045,5.660962767385446,2268.0,0.0016930252956383297,66,21
1983.6243708299191,1041.6893362987241,366.3757948619233,3.4173404985958142,0.040207335173991124,6.218481827809771,2095.0,0.0018750616262077047,66,123
1979.4019933554816,1647.3143806359753,451.8048693515582,3.396849373585009,0.03940420826622238,8.062583335367151,3120.0,0.0011453917280987963,66,95
1738.053243344582,1394.429321334833,343.13153865038606,3.307511533756422,0.02025247801006629,6.733114806662994,1942.0,0.0020720999245304296,66,15
1729.312408646819,1704.115085775829,557.4761743427532,3.4750215912451496,0.03032599580535307,8.534330232649273,3251.0,0.0010911250971842481,66,80
1602.9752475247524,2403.628421665696,294.54160823032765,3.4314995677741598,0.001186388299049123,5.27498803324553,1757.0,0.002373707783478359,66,55
1581.1871859296482,2487.4841708542713,170.68660465298544,2.964615442788169,0.08724589385639121,5.017671543818919,816.0,0.009142718523593685,66,213
1578.2513764354255,2092.631587226679,272.62682054749456,3.491917452360664,0.009622790385052912,4.545924646536799,1749.0,0.0023887433469333263,66,141
1500.7701322353314,2211.5410562989946,541.6083241614455,3.3844277354794032,0.017226919313578625,9.86379876135343,3404.0,0.0010339136140489525,66,129
394.1119708288865,752.0884916399858,482.21110118546943,3.4642556539405582,0.030644237519085394,7.419292111800623,2713.0,0.001354721757213839,66,43
872.9628083957285,568.8203019516386,349.3929065597669,3.4518021400411816,0.05657953074870714,5.703848848956548,2428.0,0.0015535369294155353,66,115
877.1474723302423,2489.646724498953,430.10451207658065,3.4399829795496353,0.031477734392149105,7.161975622374012,2940.0,0.0012294063704951306,66,137
378.7035690121786,961.3270466847091,507.0850284967085,3.378922568905308,0.019113160592625248,9.091849293073597,3163.0,0.0011269934630352342,66,33
366.42216886754704,336.0248099239696,321.5169535385507,3.394654052642407,0.04373338438453938,5.575190604243243,2151.0,0.0018119958496120407,66,206
354.0067859346083,1866.3514291589554,417.11002936053677,3.447529789456176,0.028077506984723798,6.861773051376299,2532.0,0.0014745686123740318,66,30
259.05610605249063,1934.1553294054634,320.27325717298874,3.4463327504592556,0.026041116047769198,5.3178741148166315,2642.0,0.0013993349295422708,66,97
138.21269261962692,1054.0626520681265,423.02830861734884,3.4645698318885767,0.029717359948451406,6.475798317236382,2452.0,0.0015345719206865396,66,110
266.0437197211391,864.0669975186104,362.94490833623513,3.180292766712527,0.07579706167651258,8.319899824793763,2164.0,0.0017979575995834768,66,0
454.8761040235525,2137.4974239450444,349.6073369676224,3.4183128309741275,0.01791906300054728,6.004051419954262,2091.0,0.0018797347262485907,66,40
474.3155449807387,1771.611262179923,378.5125559465451,3.4372428729823072,0.03630178618273784,6.132709664667567,2268.0,0.0016930252956383297,66,153
865.2843662099629,655.8352236639143,472.6475049951137,3.444953861028977,0.0067666689416966104,7.547950356513929,2722.0,0.0013492689002961929,66,53
847.7551111607642,745.3248799016869,383.8733161429328,3.425149645630313,0.021426793679243054,6.561570480378586,2203.0,0.0017571183233377806,66,13
834.9008472635677,1654.8360430501489,374.5670364420037,3.413157638501655,0.05170879701269378,6.390026154094179,3163.0,0.0011269934630352342,66,74
800.846816576204,1918.83923494443,497.7787487957794,3.3855647628833054,0.008271812012098503,8.70587455893368,3806.0,0.0009087222312568093,66,52
698.1728056426332,1720.2612656739811,437.7811206778079,3.4318402395022827,0.04067016395292473,7.076203459231809,2623.0,0.001411776471025997,66,116
693.970924740212,1656.8383541513592,408.5756991278875,3.328534735725598,0.02270992563977101,7.505064274942828,1984.0,0.002014003008822905,66,147
546.0491455152189,1730.8868439680452,424.1004606566264,3.4458819681140747,0.02343880280554932,6.690228725091892,2383.0,0.0015903897419140666,66,245
534.7959576515881,2431.3756817452677,267.35183251424905,3.3225684372502764,0.09725602688293371,5.27498803324553,1909.0,0.0021201534104697078,66,151
1196.0152011225443,1049.536950420954,390.86463358286875,3.4310323755152017,0.023083346214939373,6.535739312716351,2205.0,0.0019394738086051422,67,128
1251.7654332212019,1930.8986271479225,502.7034734305395,3.4343292929650038,0.018676137684223555,8.135395787856716,2819.0,0.001429053191494573,67,7
1452.0716608960236,2484.4569300178364,435.6093104160807,3.385304636653897,0.072936384319247,7.678351080673755,2628.0,0.001556477451048115,67,237
1423.9846204188482,1407.9318280977313,419.0185875453392,3.43142112831701,0.021870611139506942,6.718557195589535,2140.0,0.0020156902367455556,67,27
1128.9797019162527,334.1232079488999,321.98799621039643,3.4860158634787988,0.08544898007819203,5.301718603322355,2813.0,0.001432737821581355,67,186
981.1862244897959,1650.406212484994,304.5745928667256,3.440891729531422,0.016172481444678904,5.347423074040651,2089.0,0.0020798181116059894,67,64
1079.2260812581912,1401.9470136678524,488.2151562128396,3.486983311097206,0.0421304990843791,7.4041242563639775,2816.0,0.0014308931345096058,67,12
1069.5493827160494,2413.9812295288484,362.8020885618349,3.479740160526654,0.0386939941578504,5.667354369068724,2111.0,0.0020516614437717804,67,188
1017.400587556395,1597.3581995593327,435.6093104160807,3.3736466877193827,0.012611275541435417,7.861168963546939,2721.0,0.0014917127296564109,67,29
1002.4100122850123,1841.9984643734645,446.4412699763169,3.4616774088887143,0.028141962518985902,6.90137507846272,2549.0,0.0016160793546473565,67,4
1501.7316377987283,2211.543082657312,625.3742728384464,3.3522956952534515,0.05478087050924358,11.65464003316552,3783.0,0.0010112229503408327,67,129
1514.1856819650936,129.54444085326438,282.8192648048166,3.407708285568849,0.03823912177439786,5.256014132604058,1680.0,0.002792221671957769,67,11
1581.262249443207,2487.8997772828507,164.1704588201198,3.0567206615378852,0.07056005263431603,4.296220247519839,788.0,0.01103807551236833,67,213
2127.212033345415,1372.0715839072127,252.1972694235582,3.0449394734945683,0.04207407065367237,6.352921429843166,1055.0,0.0058589784732240874,67,88
1987.0113032820373,2199.5143674247583,335.6079284844487,3.4049814906078812,0.06759870475544076,6.078694605533389,2238.0,0.0019029436703731893,67,21
1984.5060750132066,1041.6234812466985,346.0742522789385,3.3981482481068994,0.052320185118462766,6.444330371279759,2033.0,0.0021551032024786703,67,123
1979.3502243829469,1648.1863313388183,488.8550188028957,3.42928618515804,0.02729611280168643,8.08969131713842,3297.0,0.0011860523985505224,67,95
1775.5534616960263,1414.6363512221767,334.6938390700828,3.3356335092599387,0.0337510633033236,6.30721695912487,1921.0,0.002323300496281478,67,15
1729.36281922043,1705.748319892473,544.0660194305975,3.45651510047113,0.018919504544838487,8.45532708288479,3233.0,0.0012136847125660244,67,80
1609.781540504648,2353.631640106242,275.32373160701604,3.3913852662156185,0.061029382792759324,5.164605191167466,1733.0,0.00267355142947258,67,55
1579.2204590972115,2091.1149283623477,296.6677194324604,3.499829430005283,0.031709950279116,4.707560483984504,1831.0,0.0024787571818314373,67,141
915.8692369370573,1592.5097554456768,684.0131087700203,3.416028439676922,0.010466536584666118,11.563231091728928,3966.0,0.0009580473379989203,67,91
348.0742419948994,299.5277699064891,322.5821543297343,3.401094118290981,0.03328457546503603,5.71305883978702,2179.0,0.0019692581110892556,67,206
353.24644194756553,1867.1117174959873,427.1082788624776,3.4607483332679982,0.03333654450173042,7.129897432054201,2554.0,0.0016121721009421325,67,30
350.6304046013487,731.8646370487902,460.8838827232985,3.4311670866278994,0.02919908316189801,7.678351080673755,2648.0,0.0015420792889963369,67,43
270.08513263417643,1926.4665330043183,296.3477881374323,3.4244061792439533,0.03368925784560807,5.11890072044917,2289.0,0.0018491181431372894,67,97
270.0939000960615,867.2993515850144,380.6268321419704,3.1441703065238866,0.12270836927131058,8.775258377912863,2169.0,0.001980958642190834,67,0
138.10814668423365,1055.7110232762407,416.2763193022414,3.4460360837318698,0.025351694439973746,6.672852724871239,2451.0,0.001696675655669271,67,110
877.2010202974059,2489.593834798654,421.0752887276625,3.424076899818239,0.029019540712002818,7.084192961335905,2947.0,0.0013547276823502286,67,137
454.97759388924254,2137.5828134945896,359.00861749221633,3.39586373631145,0.011677602189090018,6.170103546969981,2114.0,0.0020478808574215944,67,40
379.44145946460895,962.0172430218157,479.75982912995477,3.3902448469011204,0.03338901900900887,8.363918141448197,3057.0,0.0012967669138080461,67,33
872.7982553309332,569.4569371365272,330.07768752753486,3.3474799045606343,0.026089040949992544,6.352921429843166,2343.0,0.0017953487942054746,67,115
865.3040911444847,656.4940445365096,441.2766647851494,3.4236663761535757,0.012725863909356674,7.586942139237163,2640.0,0.0015478064695238771,67,53
847.7795649155288,745.3164776672066,394.9780359475154,3.42773446656052,0.021081634732851764,6.672852724871239,2209.0,0.0019349713888423311,67,13
834.8194460813199,1655.5499116087212,387.80243404474294,3.358364082488381,0.04230726561563647,7.129897432054201,3173.0,0.0012407854652743081,67,74
800.8726345083488,1918.9036178107606,492.6941943432326,3.390782003816022,0.026530363386167623,8.3182136707299,3792.0,0.0010084701165887831,67,52
503.2134117082534,1800.2916266794625,380.9924679077168,3.4598395112169755,0.0051268099116211375,6.170103546969981,2269.0,0.0018698592097878665,67,153
714.8203633870414,1671.4188092789395,399.9598232558097,3.368656402849905,0.0253333691067546,7.221306373490793,1989.0,0.002218191275948718,67,147
711.3255888308644,1728.5405520622403,428.84504874977284,3.392853797339406,0.024649717780891686,7.678351080673755,2628.0,0.001556477451048115,67,116
534.861106440222,2431.4471161930387,271.80448736170723,3.3602439316676698,0.11406532740429406,5.164605191167466,1910.0,0.002341246707455813,67,151
546.7314503993517,1711.4482000231508,394.8409225353605,3.394926182919947,0.016731414252370968,7.175601902772497,2308.0,0.0018298358835793732,67,245
1129.01644245142,334.19402092675637,306.5743060667796,3.483250547932369,0.1026656136369139,5.17831040142692,2726.0,0.0015214194133971466,68,186
1451.3061371100164,2486.262931034483,446.526164172601,3.4566426615036105,0.026488402834293778,7.332120922374401,2673.0,0.001558287117573353,68,237
1423.308592405644,1407.9372490535734,399.4631130021103,3.385536315440808,0.04088560460072736,7.28629516660956,2052.0,0.002176169058578273,68,27
1250.9265903801397,1931.685318076028,472.5551934470301,3.4604604688282063,0.02212885660504288,7.37794667813924,2717.0,0.0015275565040334246,68,7
1197.5285918978768,1049.4570795883808,351.8043270066767,3.4054909725089626,0.021931436394087088,6.36978005131276,2119.0,0.0020868917387035233,68,128
1079.2564389697648,1400.3482642777155,450.1463988780233,3.446158048276147,0.033276843523933515,7.28629516660956,2716.0,0.0015282414606291033,68,12
1063.577811592198,2365.413888504634,331.27438842402836,3.4332357163099103,0.04594096399301156,5.7282194706050005,2020.0,0.002221560560896787,68,188
1018.2792169270318,1595.7147518291476,463.48169380559176,3.408236600550382,0.04911988298767255,8.11115877037668,2756.0,0.0015013138846022406,68,29
1003.3162068580364,1843.4610745001676,410.2779913626125,3.440872975815517,0.023147495156398506,7.14881789931504,2471.0,0.001716851392274278,68,4
985.692085675224,1658.7016557800396,301.67095019994173,3.396278937051424,0.0544531260952018,5.224136157191761,2077.0,0.002141977311162484,68,64
1501.6834302737977,2211.617747198184,646.0515047727143,3.3452027762773056,0.03169557617707874,11.6855677200342,3836.0,0.0010173300017299151,68,129
1514.926322043969,127.13398692810458,308.4989878089029,3.486882301965461,0.023959159576081777,4.8117043553082,1755.0,0.0026854247020082133,68,11
1581.9133614627285,2488.68776371308,162.9105617440062,2.947930690950822,0.12896594450916402,4.995007378367561,806.0,0.010645635931266736,68,213
2127.1781837916064,1372.023516642547,253.32477786803554,3.034563317788434,0.0340745276504593,6.6447345859018005,1060.0,0.005936086632445463,68,88
1986.4471381437384,2200.369387462344,319.45134343669963,3.439832658154986,0.07743840414546982,5.63656795907532,2202.0,0.0019859612064383903,68,21
1983.785783955133,1040.117776152158,375.8628487832177,3.413311435021806,0.051120035659980474,6.55308307437212,2115.0,0.0020920156148500897,68,123
1979.3497223624431,1647.4487632508833,453.9041108507402,3.401502177287243,0.037125877627299214,8.019507258847,3126.0,0.0012909144877162886,68,95
1802.5505231689087,1422.429745889387,306.5743060667796,3.3411865636647335,0.040376083950173385,5.86569673789952,1829.0,0.0025374730147977634,68,15
1731.0074687449262,1703.301022893327,564.4816595112991,3.45147043405682,0.03103782585595095,8.9360223741438,3256.0,0.0012303333514726293,68,80
1602.7243942321986,2308.9549576334175,308.2698590300787,3.3820458279654857,0.07918287981311664,5.911522493664361,1766.0,0.0026623495521273725,68,55
1579.026070763501,2093.6426273912307,270.6927393029099,3.48128567110187,0.02030601426320875,4.5367498207191606,1745.0,0.0027067519702661754,68,141
915.1544230769231,1591.8658974358975,714.881789931504,3.4546976564434546,0.016323542685863807,10.998181383561601,3980.0,0.0009754040722619934,68,91
877.9545846817691,2489.7285868392664,424.8047559400668,3.433683646941105,0.0032018621077362468,7.102992143550201,2956.0,0.001379757428950889,68,137
379.5316505620193,962.0823309012029,464.7648149670073,3.414201782535916,0.03847006908831005,8.019507258847,3045.0,0.0013317733824924623,68,33
357.2474226804124,264.7518192844148,302.2666850248846,3.476661335947993,0.032919144291603204,5.17831040142692,2093.0,0.0021206528425143883,68,206
354.8580953439271,1866.412823647072,412.3859761277952,3.45314549382639,0.014559454288924236,6.55308307437212,2488.0,0.001702273832192916,68,30
305.4133090441492,713.9477068152593,427.64595279748687,3.405181876065802,0.02343795846203839,7.37794667813924,2461.0,0.001725543646996929,68,43
271.86064623032314,1925.3751449875724,276.5584360408094,3.411443289719567,0.005138753497117316,5.13248464566208,2110.0,0.0020984559515692014,68,97
251.63671562082777,903.5870493991989,343.2349106786516,3.082531860375002,0.08371436745512363,8.56941632802508,2022.0,0.002218668187892787,68,0
138.17434210526315,1055.6674342105264,417.9308925753408,3.426307536303963,0.03382004244011069,6.96551487625568,2451.0,0.0017343243657162916,68,110
459.1258803944167,2142.6734537072607,357.85332676763556,3.4611614926520606,0.02815149592091092,6.04899976095888,2114.0,0.0020933005177024193,68,40
866.1441893830703,656.5739905718385,447.16772475330873,3.4375224756573917,0.005585773415929904,7.46959818966892,2641.0,0.001581424796672166,68,53
847.7274551463645,746.8070113314448,388.2358028397245,3.434844776729602,0.0328364161860839,6.36978005131276,2204.0,0.00198364946383777,68,13
834.8751466180112,1655.4947217515964,351.6210239836173,3.421267268865409,0.03794032161938863,6.36978005131276,3080.0,0.001313805241135123,68,74
800.1438827400539,1919.5878951041977,459.58650456558036,3.3388427895899158,0.02447231866163244,8.56941632802508,3605.0,0.0010926720563480923,68,52
748.8296102119899,1657.0883291543196,402.07518108070616,3.3429463997215074,0.020998540365101775,7.332120922374401,1982.0,0.002277984887219257,68,147
701.846944124122,1718.2514938672816,437.1318842408088,3.417869581654465,0.02012912436408756,7.14881789931504,2606.0,0.0016075313678287355,68,116
872.1179027796074,568.8246607825056,347.8633120109005,3.4025183045510037,0.01652083114597134,6.14065127248856,2503.0,0.0016896153302083396,68,115
512.6363208656786,1783.9154316631382,389.6105755126697,3.473138513146067,0.026679310677578266,6.1864770282534005,2280.0,0.0018996223247954218,68,153
544.8611544461778,1690.7084911967906,411.24033223367417,3.418020128697064,0.023219742394490237,6.6447345859018005,2353.0,0.0018253527857453424,68,245
535.6917796464733,2432.233911103484,267.0266788417227,3.3890515127642358,0.13384198988456905,5.0408331341324,1950.0,0.0023277717780809167,68,151
1196.837386569873,1047.188868723533,382.90906559166245,3.469668066433455,0.027535348195688526,5.8837811651713405,2117.0,0.002002210286085887,69,128
1248.967114497694,1931.6832765189492,462.08530190093666,3.4567858420402757,0.018465631557526438,7.412637688404839,2646.0,0.001511911967330481,69,7
1501.6977466977467,2211.605636787455,655.8794484671706,3.3485982324251786,0.040109726861524884,11.813891315895212,3844.0,0.0009725631967826101,69,129
1424.7417840375588,1407.1200704225353,394.72295690755766,3.4193422479258646,0.03170850928834418,6.532386962906764,2061.0,0.0020733884751839484,69,27
1451.3200431034484,2486.2665948275862,429.9329859274807,3.445324167722053,0.03601848002306004,7.319979717299779,2589.0,0.0015528860741051516,69,237
1126.5045205037134,337.7484662576687,286.96173651237234,3.388497895107346,0.03990090928146355,5.235175367435917,2183.0,0.0019243516830966486,69,186
1077.0538274276441,2317.5597781985393,342.5565191754086,3.4118007115323037,0.027536210236223917,5.8837811651713405,2008.0,0.0021455771766481866,69,188
1079.3185658826217,1399.5051381593971,405.74925546905985,3.3663772818348514,0.02736762498525998,7.458966673957369,2467.0,0.0016485083594383002,69,12
1017.4678977882758,1586.8125402619712,431.50817143626665,3.3379861593095805,0.00731153908179734,7.968585515035202,2592.0,0.0015506742531653205,69,29
1005.6118413661386,1842.66610493203,412.3743004030717,3.440851092516474,0.015305439267556528,6.7177029051168855,2392.0,0.0017133675452396303,69,4
986.7085752197711,1656.578868800796,279.3174538962048,3.3810865943216455,0.027571651049655987,5.188846381883387,1986.0,0.002177040299730669,69,64
1515.7875639386189,126.33775575447571,289.8341336166292,3.488517884897264,0.04276558223201162,4.818214497463146,1686.0,0.0027211848856665438,69,11
2127.1405933296483,1371.9355076469503,251.42740459358163,3.040873818534224,0.03136057578778315,6.208084064039053,1071.0,0.005580672798495066,69,88
1581.7332546473885,2487.6352906462084,157.008932037525,3.0362227469175216,0.10103208141770227,4.215937685280252,787.0,0.01084170653774298,69,213
916.6155253712436,1591.080582729256,658.2885557159022,3.450340423688837,0.028004296361235297,10.146047836004122,3770.0,0.0009944767459470411,69,91
1986.4286929401758,2199.4577544655513,326.8046640875483,3.371459961780231,0.11650057082927222,6.347071020696643,2182.0,0.0019254861540563082,69,21
1984.5131801064797,1041.0161018049605,356.7795177400354,3.4358536418217436,0.03253400730664286,5.8837811651713405,2095.0,0.0020295823525694912,69,123
1979.5046334431631,1647.3650123558484,449.9471076861737,3.4098474024613603,0.04883099254180283,8.014914500587732,3127.0,0.0012365770442191821,69,95
1580.5946356275304,2092.5897435897436,274.6382263553993,3.4336539949571248,0.04703102284835694,4.725556526358084,1740.0,0.002604028469751583,69,141
1838.4449352179033,1420.734246171967,314.6664698727854,3.3048622137785486,0.0810121555980078,6.578715948459294,1858.0,0.0023801084042992713,69,15
1731.8606930346518,1702.549177458873,529.4476468943157,3.4359991712040947,0.010160170129237662,8.941494211638338,3161.0,0.001220861299583462,69,80
1600.9433575260334,2261.547964657621,293.6331104319367,3.351972709860434,0.03550030336371925,5.69846522296122,1764.0,0.002555136270186259,69,55
872.0459011980078,569.6438282406784,344.17803366974715,3.388097271758406,0.015321424457121577,6.069097107381462,2346.0,0.0017557353498272531,69,115
378.8439794419971,961.3128671071953,504.8006265803695,3.397532468166669,0.008327458992101617,8.802507254980746,3163.0,0.0012199492748102441,69,33
357.32253751299953,262.29757836874165,311.8404017540811,3.4744221063950516,0.009892284547856282,5.003530439673266,2070.0,0.002061609752719374,69,206
354.98501275510205,1869.640093537415,435.86309607820453,3.4643010554397677,0.02916410643592379,6.856689861774476,2610.0,0.0015375345215117198,69,30
264.20941507663434,1922.8902095714732,296.22753362287835,3.458747461238763,0.07156208722165147,4.818214497463146,2479.0,0.0016385838372797279,69,97
259.97474340913664,698.3325618836789,460.4174584210455,3.4503347404113582,0.02025446119797123,7.2273217461947175,2623.0,0.0015281823610523058,69,43
232.50549862534368,893.5441139715072,370.724542391347,3.0654160901986027,0.13736598015779392,9.543771023821229,2115.0,0.0020046681096557817,69,0
138.91640118642206,1055.655937602988,421.7327554846828,3.4405067467921957,0.02668770888874847,6.856689861774476,2458.0,0.0016560310061478586,69,110
877.9247335950645,2489.6243409983176,413.0229062008071,3.4218787334124796,0.038032585230775615,7.134663775089657,2856.0,0.0013779594790933646,69,137
476.62143170838823,2137.488361879666,316.4733003093341,3.4220516814387403,0.04418809934296361,5.6058072518561595,2024.0,0.002123260173419472,69,40
487.2928738317757,1773.9926401869159,396.5761163296589,3.4654165910511696,0.030172235011207946,6.4397289918017036,2290.0,0.001810229418915345,69,153
867.7012113055182,654.3420643959003,447.4916714518896,3.420370394712021,0.02355143949308194,7.59795363061496,2565.0,0.0015708104130538639,69,53
845.4553151458138,747.4987232898804,344.7339814963775,3.408015248559991,0.005832042047686309,6.254413049591583,2032.0,0.0021122748671014127,69,13
835.5389972144847,1654.0620410230438,365.9063278938838,3.3533940959156827,0.04971911943360161,6.625044934011824,2999.0,0.0012995558829538877,69,74
799.5623271644331,1919.576366730483,435.58512216488936,3.302967408780678,0.025479379570368554,8.941494211638338,3470.0,0.0010944491192967174,69,52
780.3225044300059,1643.8210277613703,392.1748627021685,3.3173014744897844,0.022298099422664298,7.505295659509899,1988.0,0.00217414193593401,69,147
708.8590533904503,1731.8977118378434,443.41472072326695,3.4431969846164785,0.03632822023898126,7.2273217461947175,2633.0,0.0015210654486059842,69,116
541.1375460654672,1655.65499674832,427.431220707644,3.4255894250726744,0.028814229180244337,7.180992760642187,2394.0,0.0017115718021907499,69,245
534.019196355946,2431.3624532292174,284.7842741914034,3.3621981081476675,0.05444071666767063,5.420491309646039,1920.0,0.002277221014522576,69,151
1424.7923223652838,1408.6210061993324,399.28342666081,3.3848839269398154,0.012316976720539764,7.092659820274283,2053.0,0.002281083048441334,70,27
1250.9030142781596,1932.4920148069805,450.07448725297553,3.4147779751805087,0.014063325922702317,7.5210755141163546,2633.0,0.0016649140251069777,70,7
1129.660629013667,337.76733080849664,289.08538985587734,3.47795390221859,0.03756741387628474,4.760174376023009,2321.0,0.0019479664175745647,70,186
1196.9151522907603,1049.463782953673,371.96002574243795,3.406226701641297,0.03815078186561404,6.473837151391293,2120.0,0.002187560789357136,70,128
1093.238934534853,2268.4989398356747,359.2027584146963,3.428416817787892,0.01914358826262103,5.997819713788991,2065.0,0.0022637494132238234,70,188
1080.2040708711243,1402.6416367854883,451.35973433450175,3.4802452715850665,0.03692040618590676,7.045058076514054,2647.0,0.0016541288267602997,70,12
1012.5672399502694,1588.0713841690842,459.45203077374083,3.384253289485479,0.03778656184140872,8.235101670519805,2686.0,0.0016248080840373651,70,29
1003.3458046165628,1842.7565911825839,435.1275397122633,3.4521753279826077,0.01189383051699034,7.092659820274283,2473.0,0.0017989661641113711,70,4
988.7724665391969,1651.1644359464626,298.74854383920405,3.4515216806570823,0.04593595468718918,5.18859006986508,2008.0,0.0023485182258807355,70,64
916.6532101167315,1591.1044330183436,685.0842961972315,3.43499548713893,0.02597186921723837,10.948401064852922,3877.0,0.001054167705693084,70,91
1452.9689131191278,2485.5051618141747,410.3746329569436,3.3990145750198066,0.03951830565215441,7.283066795315204,2543.0,0.0017377525626869996,70,237
1515.0446881650025,129.45752168931085,290.7990526312456,3.450963696387752,0.032110445107871775,4.807776119783239,1676.0,0.0030036338696995714,70,11
2127.2095475460123,1371.9549463190185,248.29069545336017,3.047112180087371,0.04415256120872026,6.473837151391293,1039.0,0.006462366112328246,70,88
1987.3780337941628,2199.559600614439,309.8873518790979,3.4025832781387937,0.0759592321293334,5.569404019946921,2170.0,0.0021226165492867306,70,21
1983.884721060805,1040.915900131406,398.4741970168861,3.444857177706201,0.04141208115560658,6.378633663870833,2200.0,0.0020854685520392425,70,123
1979.462614825892,1647.3982055116428,445.6475250832741,3.424265296679942,0.03798866741389924,7.5210755141163546,3125.0,0.001354538639845321,70,95
1865.728624028365,1401.8794490658665,349.0635869937673,3.415417351548478,0.060506739474580636,6.093023201309451,1932.0,0.0024719377943573278,70,15
1729.4318922628238,1704.0678504031566,554.9411287567624,3.444932329949961,0.042321921909642686,9.044331314443717,3260.0,0.001288622778789296,70,80
1639.013698630137,2258.957172098882,302.3186746212213,3.3682083644286167,0.03354664469195495,5.617005763707151,1755.0,0.002816673502975789,70,55
1582.8417187924938,2488.1822137612185,175.03161180636604,2.91824976138773,0.09876812045863345,5.18859006986508,821.0,0.010665420241756268,70,213
1580.7181231466946,2092.75283446712,272.9007969773991,3.462716624123009,0.04056683916855502,4.664970888502549,1751.0,0.0028255786862998304,70,141
1501.8935188630107,2211.4582186174566,639.7198343937322,3.3249939087002574,0.03944317581988635,12.138444658858674,3844.0,0.001064526737827954,70,129
877.2813873381637,2489.532129706616,400.7590807173771,3.4470180912412656,0.0296666096325635,6.616642382671983,2868.0,0.0015006719587581977,70,137
867.710711331679,655.1267576509512,460.40406564894545,3.446807179886691,0.0330252262009388,7.330668539075434,2632.0,0.0016656897806578237,70,53
357.30059084194977,263.07341211226,322.26380525675773,3.4298197066447424,0.02586678534022283,5.474200532426461,2089.0,0.002229860607308241,70,206
353.42162861849846,1866.359967051071,404.51961847443533,3.4254319979812182,0.043911864610016525,6.759447613952673,2518.0,0.0017591304583599511,70,30
378.1005744662608,961.2319300351539,555.1791374755636,3.418732283985334,0.011892686149487486,9.187136545724409,3346.0,0.001249876472512977,70,33
264.0175157106565,1924.0514774702501,356.01344158276083,3.432071510753692,0.09193641594276082,6.235828432590142,2838.0,0.0015198116867183393,70,97
232.1637531749589,891.4954430001494,318.59847098722,3.167494210363751,0.1122005057974218,7.045058076514054,1967.0,0.0024135265285780355,70,0
137.36159420289854,1053.4673913043478,394.14243833470516,3.3981381659916483,0.05258691106283741,6.997456332753823,2373.0,0.0018942915970833352,70,110
874.4025527032841,568.0316936756059,331.92695924008444,3.392887846539292,0.04696750805780835,6.235828432590142,2288.0,0.0019836358595265733,70,115
234.60727430179693,685.5622429097207,439.7449088570056,3.3917235587312486,0.024280229573910725,7.806685976677735,2562.0,0.0017218496844861062,70,43
847.9018125075021,746.0189653102868,396.5701272664769,3.436374023094612,0.02301999097858652,6.5214388951515225,2206.0,0.0020781944392152703,70,13
835.7065617464145,1654.029064602107,375.0541390868529,3.4064473783681986,0.03798105167544884,6.473837151391293,3088.0,0.001373798589488874,70,74
801.5916467145518,1633.5904495876564,357.8699095894098,3.3716538988012115,0.018023867822642564,6.664244126432213,2047.0,0.002289849791960931,70,147
800.8618802318094,1919.522107748444,443.553048357824,3.3567006665281505,0.03645058865442811,8.187499926759576,3540.0,0.0011704850381509685,70,52
712.0097002724796,1728.646757493188,436.7459990001111,3.415081154460774,0.014327854651363775,7.425872026595894,2638.0,0.0016610460608651072,70,116
492.0285061180584,2157.50262202501,354.0141683448312,3.4061101951182016,0.03333858550911331,6.235828432590142,2096.0,0.0022201666680900893,70,40
549.825277940316,1660.601755412522,406.7569004311661,3.4191489125412833,0.03715552180398631,7.045058076514054,2366.0,0.00190134412083917,70,245
535.7900257953569,2431.5251934651765,276.804139965738,3.330646667345534,0.07960847154306624,5.5218022761866905,1924.0,0.002485688124349002,70,151
488.03313772868484,1774.8401794960305,413.70675502015973,3.475326844301263,0.020245534472311085,6.235828432590142,2363.0,0.0019043827323211408,70,153
1196.8035054250627,1048.765470370812,417.67164444663035,3.4447555450961063,0.0071741323887614394,6.772784505155804,2297.0,0.001887677436997539,71,128
1424.131077723885,1407.8865491541465,420.9584369270736,3.4265889583184737,0.017451968849255727,6.9221841633577705,2137.0,0.0020705963649532495,71,27
1128.2809803244736,338.6140835346911,288.54053987406417,3.419370595733953,0.016755906658378304,5.079588378866853,2293.0,0.0018918556560641754,71,186
1252.555159395973,1931.0090184563758,474.89171353798343,3.418698582794336,0.042445551920697586,8.1173814289735,2741.0,0.0015160280475008218,71,7
915.9974935645577,1591.8845684866549,735.1459181258086,3.4571819102560317,0.02218713098255519,11.20497436514747,4076.0,0.0009522934153036318,71,91
1119.759362658314,2246.454991148032,365.6805633923461,3.444646030093747,0.031457050661588326,6.424185302684549,2202.0,0.0019921719899718363,71,188
1079.3024215441417,1399.3727874904985,458.60715079396914,3.3994244273378134,0.02649301160881628,8.216981201108144,2738.0,0.0015180474797091869,71,12
1010.39211552651,1594.2515020554442,472.4515191206847,3.38219346491754,0.03365624022089302,8.515780517512077,2797.0,0.0014792942964342295,71,29
1004.8979231109147,1840.4359257622625,450.78856868139957,3.4663013789439288,0.02075877411047705,7.220983479761703,2565.0,0.0016443591790238966,71,4
979.3428244149893,1655.6789396170839,304.32710375740527,3.4507783255667044,0.03838240951888345,5.428187581338108,2108.0,0.002107613243732598,71,64
1451.400745368848,2486.23237969966,454.3243605921794,3.4436635101516293,0.046264722881259206,7.469982910098313,2721.0,0.0015295933237962462,71,237
1502.903923076923,2211.434923076923,647.3985188751872,3.313294897367736,0.05245643741346931,12.698970947167133,3877.0,0.0010081758855922812,71,129
1580.8262008733625,2090.3792139737993,285.10434773541897,3.432747508704257,0.02115866391664306,5.179188151001497,1757.0,0.0026895795854779687,71,141
878.7594541459466,2489.7071816815082,430.6196148241341,3.4413253287801093,0.012677108486040747,7.420183024030991,3019.0,0.0013496525236838298,71,137
2127.4726296219787,1372.050402809337,241.08124845190622,3.0175072716183764,0.050747089951555927,6.2249857584152615,1059.0,0.005964977444828375,71,88
1986.339601615824,2201.04875330826,357.51338207730527,3.4350276505875286,0.04519007218112409,6.125385986280617,2320.0,0.0018640063371119576,71,21
1984.5331568682084,1039.2766787405963,357.46358219123795,3.3892336051389846,0.05532383128133014,6.125385986280617,2089.0,0.0021325918206308967,71,123
1980.938689217759,1647.375415282392,494.6622683067103,3.447817554257459,0.012734479022068557,8.1173814289735,3322.0,0.001205462937733609,71,95
1906.4133227597144,1403.0888183980967,313.98828165446577,3.390872667392725,0.07706616624961381,5.72698689774204,1858.0,0.0024916088185613985,71,15
1730.250525946704,1703.3189866760167,568.1171002560104,3.4698789038370097,0.03958118555028679,8.963979492117977,3298.0,0.0012157507990335956,71,80
1648.339567822771,2271.4223715271473,274.24797257274275,3.3305023993488243,0.03850682452997598,5.577587239540074,1744.0,0.0027173698019354172,71,55
1582.857600465929,2488.1785090273734,171.01280875518404,3.0337837618728107,0.12307577879528048,4.8305889485302425,805.0,0.010712141801100054,71,213
1514.2686932215233,129.55677847658978,285.05454784935165,3.4413068146552397,0.03720001934136179,4.930188720664887,1683.0,0.0028558304742596556,71,11
866.9791752154288,654.3686910135413,485.44928938425574,3.438315688278343,0.020752461232024202,7.918181884704212,2760.0,0.0015033620368492238,71,53
379.4564857024451,961.1977828429341,480.6685003217928,3.3589480671328955,0.012757537957610457,8.963979492117977,3068.0,0.0013240410288640452,71,33
359.026000311381,262.30437490269344,319.8646682104098,3.4887778543520036,0.013304850157002043,5.029788492799531,2165.0,0.0020360691588823363,71,206
355.69618035276255,1866.363041700736,426.3368246223444,3.43676502161652,0.028130793768432676,7.021783935492414,2555.0,0.0016523061686092254,71,30
253.2516439454691,1938.85084202085,310.50228962975325,3.436279855627428,0.042715501246391514,5.228988037068819,2352.0,0.0018320432645275338,71,97
235.0711694593194,882.1544308170669,288.29154044372757,3.4494598904780127,0.040057205219765614,4.730989176395599,1909.0,0.0024023201489767163,71,0
202.5777280358142,659.8916620033576,444.9619820115229,3.424507611071646,0.01827212875888549,7.469982910098313,2549.0,0.001657111340154443,71,43
133.4530519246912,1056.0083942918816,415.2812499153989,3.42125716653868,0.05624037470994175,6.872384277290449,2442.0,0.001747753683754687,71,110
873.0045057345712,568.753823047515,364.73436555706695,3.436638775487475,0.005969563329332146,5.926186442011328,2519.0,0.0016815626100179486,71,115
488.82608695652175,1772.554380467424,381.41732738961986,3.4474777002611843,0.02279527679422849,6.424185302684549,2285.0,0.0019002678297995487,71,153
847.0745672436751,746.0489044909817,411.3968588021478,3.4508673772675835,0.018218228067899685,6.523785074819194,2282.0,0.0019034417140641605,71,13
835.611531069827,1654.1304292120435,388.6881107554489,3.3823220571670083,0.06201937726700349,7.071583821559736,3180.0,0.00126899878808895,71,74
811.0561151079137,1614.6617505995205,415.33104980146624,3.3305323963542928,0.011629116157343897,7.768782226502246,2079.0,0.0021459777455813973,71,147
800.2538545707749,1918.888888888889,500.63825463478895,3.4134944987690297,0.02216751774745183,8.31658097324279,3882.0,0.0010066915975586255,71,52
700.0433363349842,1719.376294461954,442.4221878220894,3.3864483486138997,0.0016571733528619622,7.918181884704212,2800.0,0.001477376588421782,71,116
686.9853565365025,1692.7455432937181,469.31412629844334,3.4498898877632316,0.025614784341204625,7.519782796165636,2894.0,0.0014197087391611795,71,280
575.5998087170378,1666.4670036890286,364.48536612673036,3.4006099611194727,0.015094315172486784,6.523785074819194,2352.0,0.0018320432645275338,71,245
534.8542449286251,2431.332268970699,265.1345934224228,3.3439506591034514,0.08724730066675235,5.328587809203463,1912.0,0.002397266745994324,71,151
501.5403017534321,2181.8322685877397,366.3777617972886,3.407728545110641,0.013557826407959637,6.523785074819194,2123.0,0.002088302851636766,71,40
1158.8282370705926,2219.8546621366554,401.4735465656658,3.490842610548633,0.02727468555798364,6.314860113339402,2292.0,0.0017911931794373326,72,188
1197.6184894098842,1048.7282536299454,379.24523896671116,3.4511182435086214,0.04330616442756246,6.213822351525971,2192.0,0.0018961720161684193,72,128
1251.7690587517789,1931.041675137223,497.0047503602643,3.463925553456101,0.037473128058665026,7.830426540540858,2811.0,0.0013913942797559667,72,7
1127.409944553747,338.50617063137184,282.4510631494448,3.3949208224123484,0.03774082948146944,5.456039137925243,2246.0,0.0018380020150437926,72,186
1081.3272971160295,1397.4716074223115,451.9419085914743,3.4198530070400373,0.040613258103308666,7.476794374193852,2709.0,0.0014552299781782033,72,12
1017.7721781152917,1594.447934645035,439.05959396026196,3.4017938102717613,0.050089401302186955,7.981983183261004,2718.0,0.0014493627519456377,72,29
1003.9909445087923,1842.8321575234284,479.7778119710744,3.4842264036186226,0.020667934929497027,7.123162207846845,2644.0,0.0014990572881985675,72,4
984.3328290468986,1649.302571860817,300.5368225140488,3.489676921431133,0.04022314579360876,4.950850328858091,2096.0,0.0020092186853010144,72,64
1424.8853038153557,1407.9168629298163,429.0063366598256,3.400181480845527,0.0031344527132065067,7.375756612380422,2151.0,0.0019428577500347375,72,27
1452.102772887324,2486.27431778169,459.1155896802279,3.444495123371432,0.012913334033745456,7.981983183261004,2720.0,0.0014480653431213689,72,237
1515.8277165872103,127.18280453723492,307.30635255554864,3.5204949362861244,0.03564556198004604,4.74877480523123,1767.0,0.0025251499933262003,72,11
915.9008959715478,1591.9073250803638,738.6365577370832,3.440724971841174,0.01452953148221176,11.6193426085445,4070.0,0.0009026534759082858,72,91
2127.1322381930186,1372.429363449692,246.0269500157031,3.0575922940363234,0.05521104099094466,6.567454517872978,1049.0,0.00574411653963789,72,88
1986.3327372969752,2200.277901952019,339.03220976496584,3.430733152801003,0.09897081598855569,5.759152423365535,2263.0,0.0018204208239016347,72,21
1984.5032154340836,1040.1993569131832,377.0729270877224,3.381194446381984,0.06736444859527918,6.617973398779694,2143.0,0.0019522365012537653,72,123
1983.5429054054055,1650.7662162162162,448.60766245163114,3.461483694800449,0.06651990011804146,7.779907659634143,3460.0,0.001087782523666706,72,95
1941.7364779874215,1403.688679245283,321.3000825667088,3.354570710849311,0.07358629125517531,6.264341232432687,1847.0,0.002376747303295242,72,15
1502.1311614294516,2211.546595810228,655.9371496927904,3.3198510459573973,0.024480059620254385,12.882314631212381,3890.0,0.0009503814628319078,72,129
1731.0468508500774,1702.4834814528595,522.971455146316,3.4513342177388115,0.020388591710535562,8.285096468701296,3145.0,0.0012166355853098219,72,80
1680.1272025507635,2270.64960563853,301.04201132311596,3.400837976554548,0.04558490625398813,5.3044824952050975,1825.0,0.0024157906084828233,72,55
1582.9594350961538,2487.8822115384614,168.12683565754824,3.0625,0.07189435589661436,4.546699281604369,796.0,0.010428397517409045,72,213
1579.8654161354943,2093.611181934074,277.39917505877327,3.4161922802831173,0.04143075097608299,5.203444733391668,1749.0,0.002561130980220927,72,141
872.8877277220731,568.8073718401356,357.7241957004504,3.4198924623697073,0.008121996187442946,6.011746827899111,2503.0,0.001603837507957669,72,115
378.83195537404123,961.2533120828767,507.15904542251405,3.367221568850858,0.006996802825682637,8.840804158675162,3180.0,0.0012008306788330453,72,33
359.77396166134184,264.77747603833865,316.24819447603727,3.4644705094058934,0.021357271673330173,5.001369209764807,2150.0,0.0019440251629195776,72,206
354.95554115359687,1865.5888528839923,389.75316619530787,3.408121899243584,0.015364268996183782,6.9716055651266995,2449.0,0.0016479518952991008,72,30
231.81546650894575,890.752772438267,341.659191572115,3.244303689862708,0.14590595431999928,7.375756612380422,2030.0,0.0020950915075862524,72,0
175.88839028880452,627.572661373835,439.05959396026196,3.4154649741330094,0.018295557154197308,7.325237731473706,2538.0,0.0015764848330819768,72,43
139.10932156646442,1042.0402647545504,457.95365541937343,3.4214855993506252,0.01215278660974222,7.527313255100568,2544.0,0.001571889208161324,72,110
256.3481382534647,1948.6451828351978,302.5575777503174,3.4483523232407,0.015605822967815033,5.102406971578237,2261.0,0.00182247172248556,72,97
878.8946753853339,2489.6809901914994,432.6436960851091,3.4553602193808377,0.03161928309600938,7.07264332694013,3021.0,0.001276141858320794,72,137
512.0146117450598,2207.5962983579184,363.0286781956556,3.4210103764161395,0.03231387876319556,6.264341232432687,2108.0,0.001994356154475415,72,40
487.2673413971859,1774.0488768205382,409.3039731062067,3.4664524046224425,0.05185257669480811,6.314860113339402,2367.0,0.0017197831872702725,72,153
865.3722257450856,655.8072289156627,478.0096511393394,3.420257455998581,0.009035158207582009,7.931464302354289,2751.0,0.0014282484660221332,72,53
848.4975894443035,746.8496574473484,398.18981930672936,3.3953899519279647,0.022191877694175032,7.07264332694013,2221.0,0.001864482497844497,72,13
835.6654027196653,1654.159780334728,386.36840117455796,3.4202472138990334,0.04225228225110219,6.415897875152832,3146.0,0.0012161782451473003,72,74
823.4813971146546,1588.3361174386232,399.20019692486363,3.337658545437606,0.015271289180190828,7.476794374193852,1990.0,0.002150803055968882,72,147
703.0701233439927,1732.626084970306,442.34332121919846,3.360344344860318,0.021990764100657048,7.779907659634143,2820.0,0.001386029562807899,72,116
799.4652903811252,1919.6042422867513,445.3744540736013,3.3865291752485223,0.016804576170787806,7.981983183261004,3617.0,0.0010332412754748914,72,52
574.7661879566641,1665.6633912824389,401.0188766375054,3.457804533878026,0.024953831760447076,6.466416756059548,2546.0,0.0015703632815175282,72,245
534.8756265082607,2431.3814739186932,272.14521144447485,3.3661799752487584,0.08542411939082868,5.2539636142983825,1916.0,0.0022620845086761265,72,151
686.399753859924,1692.2562094428283,451.5377575442206,3.3367197685829657,0.030338830131066294,8.537690873234872,2881.0,0.001350731335149584,72,280
1197.6552967276762,1049.519273433167,346.6453248370497,3.4313447008289364,0.041571323161455426,6.008134443237828,2020.0,0.002130328968107945,73,128
1252.5585485307213,1930.2602404274264,431.81663870438916,3.4025683034527936,0.03123200341668577,7.498151785160809,2553.0,0.001581083436138907,73,7
1127.9426847662141,338.7286743757332,286.80430578240095,3.4209941447618784,0.029960799768519793,5.239093234503386,2209.0,0.0018966912386586116,73,186
1199.9641145226065,2201.601502785335,371.0143181388223,3.4241356971801977,0.024590928259031388,6.344589972059146,2115.0,0.002006116742760914,73,188
916.6985960807253,1592.7325241298624,657.3379731657642,3.415571759969225,0.03572456338333689,10.81464199782809,3714.0,0.001012478454167793,73,91
1085.4707456089334,1399.1107363033616,413.21545446812485,3.419592673318459,0.03869083367159875,6.873305803064075,2499.0,0.0016234902952568077,73,12
1018.7592986723422,1589.0111482720179,474.25810041142114,3.472181649031555,0.02038269739370826,7.402021634069004,2730.0,0.0014563899966800414,73,29
1004.0463162946965,1843.4548836093113,400.57433959955245,3.4248943936815586,0.021879392202543417,6.873305803064075,2373.0,0.001731876769912477,73,4
978.3451448040886,1656.7088586030663,282.14199345444837,3.4658961490274445,0.044958102324081255,4.710377403498457,1985.0,0.0021800592447491925,73,64
1424.8453682566383,1407.8887420401297,400.0456237685475,3.4134569124621468,0.01187624938046892,6.681045500880464,2054.0,0.0020841449856422362,73,27
1451.3545681251417,2486.2456359102243,424.0300964659529,3.4374120215035275,0.05934414951695328,7.209761331885393,2586.0,0.0015562416046094375,73,237
1516.539446002805,126.53856942496493,274.16319091382854,3.407127872065545,0.08024955104564165,4.95070278122797,1663.0,0.002776311826733061,73,11
880.0732368896926,2489.56449668475,478.4397619839147,3.4292997016359985,0.01827860317283263,8.315258069441153,3148.0,0.0012277279999625592,73,137
1987.2055879276857,2199.5298072613177,321.69955062872623,3.3885755628048035,0.0783995845194517,5.815874141054217,2228.0,0.0018760078000968417,73,21
1984.6045502367176,1040.941741188848,365.48683445104353,3.4056764818153398,0.07558233176122327,6.344589972059146,2107.0,0.0020160154368864523,73,123
1981.7847222222222,1647.3451967592594,498.33870325991836,3.4261527077092184,0.03330125453994471,8.219127918349349,3377.0,0.0011304887192196743,73,95
1960.4919182677645,1399.0532174443429,315.21076543002937,3.3303203827535994,0.08711737578643376,6.008134443237828,1836.0,0.0024206164727883506,73,15
1502.8290598290598,2211.5189149015237,646.7155914701198,3.3324971080410846,0.041254475147967054,12.256594264205168,3794.0,0.0009879952367252416,73,129
1730.878247179218,1706.4556984168635,549.5280087163047,3.4483227465995947,0.026664673821809055,8.98816912708379,3258.0,0.0011790142285513035,73,80
1693.289306270827,2287.2385640714933,317.3256287540491,3.377245345753924,0.031805876850788534,5.960069367691925,1824.0,0.00244232087423828,73,55
1582.8646967340592,2487.3832037325037,154.52921788007694,3.0417008420358633,0.16277240312044955,4.325856799131236,786.0,0.010883794666274035,73,213
1578.9343654249315,2093.9848411546523,298.05153346014214,3.4786190068948075,0.010531240762324229,4.710377403498457,1817.0,0.00245516246599464,73,141
2127.526058949834,1372.0999414405621,246.23738202165913,3.0296859047815263,0.044193567829386333,6.248459820967341,1062.0,0.005671523387547222,73,88
867.694270179841,655.025721455458,459.6943825210127,3.4270493873209302,0.04472938877205584,7.402021634069004,2623.0,0.0015293008633344232,73,53
358.15653472740854,264.7729648991785,321.79568077981804,3.463239147399966,0.01645642466059297,5.239093234503386,2091.0,0.002036108802152006,73,206
354.89698836413413,1866.3872918092632,421.33845223538236,3.433870561292816,0.016437414943935028,6.921370878609977,2531.0,0.0015980899996539586,73,30
232.00376674107142,892.5980747767857,344.53046151303,3.141652061984495,0.12734504631897864,8.171062842803446,2020.0,0.002130328968107945,73,0
153.7346099751163,588.6529265390025,444.26549327077794,3.4125447147651498,0.03609558281460097,7.450086709614906,2551.0,0.0015826145158134989,73,43
138.2182246133154,1042.903721138758,428.8366040205432,3.4091468140213133,0.0389202014431728,7.209761331885393,2459.0,0.0016563991330130873,73,110
872.9407438245906,568.7626977518735,346.3569343837743,3.4063946982712925,0.018596340729508193,6.152329669875535,2347.0,0.0017560686536932765,73,115
377.87183619300407,962.114039245426,507.03848193372676,3.4179437617158017,0.023792025075187365,8.363323144987056,3166.0,0.0012194830448798777,73,33
835.5875639512003,1654.8432375705104,366.4000708864157,3.3626222097360183,0.04852032910411061,6.488785198696854,2986.0,0.0013072746464481563,73,74
821.0059775840598,1572.681693648817,385.96255663359807,3.3529229270027847,0.017241109075668493,7.065566105247686,1890.0,0.0023275369412931097,73,147
800.271529562982,1919.641495287061,448.7355452965469,3.378919223018099,0.016039754563257916,8.122997767257543,3539.0,0.001070508345587655,73,52
697.921276814123,1723.4352868726264,468.2980310437292,3.3231635207573356,0.04915448030944984,8.940104051537888,2986.0,0.0013072746464481563,73,116
689.6581560283688,1695.5633569739953,406.6305391183362,3.402787065168008,0.027911865219352027,7.065566105247686,2698.0,0.0014774558983958789,73,280
847.756128866641,745.3688871775125,374.4750035781273,3.4364987719368982,0.025416928886093593,6.248459820967341,2120.0,0.001999979270208933,73,13
528.5566706021251,2229.6953955135773,325.68895189903617,3.409090909090909,0.011565730061476088,5.67167891441651,1990.0,0.0021728132408840245,73,40
488.80794176042355,1776.4409000661813,363.1316457492943,3.4195877544412117,0.01636897805898859,6.248459820967341,2264.0,0.0018380301890222872,73,153
574.7670021010726,1665.7082826495632,434.6524781615974,3.438581341988529,0.02776659013652793,7.161696256339491,2484.0,0.0016356767194196822,73,245
535.1824127906976,2431.4487645348836,264.550175804648,3.338954804433045,0.07559393531339705,5.191028158957483,1893.0,0.0023225752984161983,73,151
1250.1395543954507,1932.5723874335788,440.8587931985328,3.47087658169549,0.006336213411471503,6.986668671926035,2556.0,0.0015942688123957115,74,7
1242.5876867767668,2193.9294461296486,365.8137520518449,3.4470654795314677,0.032876519681821724,5.959217396642795,2102.0,0.002042090969836309,74,188
1195.3252644204558,1047.9779740486315,376.91022582490393,3.464054399386703,0.032575364759810946,6.164707651699443,2120.0,0.0020195990853138115,74,128
1424.9651310228232,1408.6578613693998,388.9519547712235,3.39287827550477,0.025846551534369926,6.5345901108014095,2030.0,0.0021373018391736653,74,27
1128.8235534377127,337.887950987066,301.86518467821605,3.485865654340241,0.045389596123912405,4.8084719683255654,2325.0,0.001794499148648243,74,186
1079.7104151643143,1394.5486762130422,398.9387811669766,3.43415899853179,0.02307950839147013,7.068864773948694,2464.0,0.0016684110207365126,74,12
1012.4097175359105,1596.3212185481539,426.3100831405221,3.346876308988425,0.012146411691992008,8.178512151254594,2561.0,0.0015904276862336313,74,29
1004.0629069418011,1843.4127015927077,410.28184324610356,3.4157480101138336,0.005752643446076058,7.027766722937365,2384.0,0.0017387242152128138,74,4
985.9341678939617,1648.479528718704,279.0557663669281,3.4147949780723352,0.043572596339464434,4.972864172370884,1943.0,0.0022649008777066567,74,64
1452.1411602209944,2486.2192449355434,446.32483398303964,3.4822358982166515,0.00928836164696865,7.233256977994013,2644.0,0.001529264822958982,74,237
1502.433235634926,2213.049962511076,602.9495063872168,3.4262336596997467,0.03473197152831963,9.945728344741768,3685.0,0.0010316611368495292,74,129
1579.6516983304548,2091.314335060449,285.5492584267182,3.4405469434387546,0.03429469528092275,5.013962223382213,1762.0,0.002586109989591811,74,141
2127.752417472491,1371.9636545515173,246.50610996595506,2.9944652734822896,0.07224756998343856,6.781178416869387,1043.0,0.005922803143225854,74,88
1995.5672355831393,1394.9727178691492,317.85232652162324,3.3874454469884427,0.10871987890370063,5.712629090574817,1847.0,0.002424627988879599,74,15
1986.3027615626404,2201.140435563538,366.10143840892425,3.462610605418947,0.061960264407628696,5.918119345631465,2366.0,0.0017553692529634892,74,21
1983.9210768758317,1040.8848397993654,401.486860329679,3.4396066116864183,0.036872958170176766,6.5345901108014095,2200.0,0.0019253498371084603,74,123
1979.4829650868612,1648.086102209479,487.34068889234663,3.3955761801014948,0.03282982055456826,8.384002406311241,3280.0,0.0011811899660591227,74,95
1516.7605121489887,129.65575440128038,282.4669046008685,3.4494120054686936,0.032440899174131545,4.644079764280247,1652.0,0.002830027772787214,74,11
1729.5194151862916,1703.4437981449457,522.8494049661354,3.4218887231439346,0.04915147123806458,8.918277069458528,3166.0,0.0012314296979776091,74,80
1674.001213592233,2303.268203883495,304.78314630002046,3.3988702990259667,0.012911414916507682,5.507138835518169,1766.0,0.002578030051216768,74,55
1582.8473833462233,2487.4952307295694,159.4193398729476,2.980083411322197,0.11373612445443196,4.520785611246258,796.0,0.010637951214346204,74,213
918.6049558723693,1595.435573659199,605.3742913968853,3.412239859007152,0.01955903752884803,10.480003007889053,3607.0,0.001057442235209587,74,91
871.5964411844608,567.2787286063569,302.5638515454086,3.4139994956605593,0.034342354165467576,5.4660407845068395,2251.0,0.0018697247635214083,74,115
867.7086110370568,655.0798898071625,462.4763680304922,3.4400581132111148,0.020040441000513144,7.315453080016672,2638.0,0.0015335280529645192,74,53
359.08114199849734,262.1800651139494,328.2090353764783,3.478206630202434,0.004692073847801223,5.219452478438861,2170.0,0.001959644078189997,74,206
354.9854113985606,1866.4362964403813,422.57016049849113,3.414672506861946,0.009038110682112249,7.109962824960024,2536.0,0.0016098206650865172,74,30
233.07200811359027,893.6809077079107,324.18142637736804,3.2189183107494186,0.15223048594100388,7.027766722937365,1965.0,0.002231216640964424,74,0
154.17645481362297,536.8886207204791,459.76389666374445,3.4626304452582097,0.01545225969305435,7.233256977994013,2555.0,0.0015950392651618436,74,43
139.90209125475286,1041.306463878327,432.3514966391876,3.4342825419506138,0.019989226309777237,7.109962824960024,2466.0,0.0016667259802487435,74,110
378.613431542461,963.1474870017331,474.2715086707438,3.4310110883511022,0.03533331473159753,7.562041386084649,3079.0,0.0012727422896238506,74,33
879.9426040616448,2488.781938643238,570.6875363433231,3.4531180398348655,0.03376414840267347,9.041571222492516,3506.0,0.001092803954644888,74,137
848.5989781497989,746.9131427329057,378.06097125322117,3.424682283720454,0.05311478170358624,6.246903753722102,2120.0,0.0020195990853138115,74,13
835.7229152987525,1654.032501641497,375.55399014153005,3.369312283823291,0.0618117865475514,6.781178416869387,3008.0,0.001308569136384088,74,74
808.7706049978079,1570.143029373082,374.97861742737143,3.344890821481059,0.006198881839253945,6.863374518892046,1852.0,0.002415754772861043,74,147
800.9226624668435,1918.2511604774536,495.8068874006805,3.424524885243962,0.021457113540672652,8.096316049231936,3873.0,0.0009744018282095611,74,52
711.9605586702075,1729.5954558866922,417.84388463218824,3.3940569098742777,0.020594594292195113,7.438747233050661,2636.0,0.0015349544167153077,74,116
688.1132250580047,1695.477030162413,442.8314996470766,3.4220114571685816,0.024540697145227035,7.8086296921526275,2648.0,0.001526435813972775,74,280
487.36074860900356,1774.7677288821446,406.2542342469933,3.4550952748982446,0.0388859819539822,6.575688161812739,2372.0,0.0017497856096474415,74,153
573.2673874926943,1663.291934541204,421.9125916823099,3.431696946326135,0.018494321383148524,7.109962824960024,2388.0,0.0017350680963376954,74,245
532.9621511693593,2245.751779459948,363.75884950127846,3.4145640340533294,0.009771161160307663,6.1236096006881136,2091.0,0.002056084322564558,74,40
1284.0138500466107,2207.8716207218004,411.39230345852553,3.475002526942768,0.02712641515692235,6.464814463724332,2298.0,0.0019071517643606706,75,188
1514.9575050155024,126.26372423855554,300.39472631017384,3.4853854488645393,0.01774309294338651,4.985577255923002,1754.0,0.0027252496792913475,75,11
1452.1256550883606,2486.3613650213283,449.5237514818487,3.4321489706854877,0.02559093692329468,7.560545728762355,2733.0,0.0015379720778573509,75,237
1500.242252109264,2212.405479909782,655.8499486885083,3.4119349067455866,0.010813845902168615,10.957312650380224,3884.0,0.0010170435359935072,75,129
1251.8482153170844,1932.5411805475337,474.287278071708,3.3894699306819174,0.005714141797281748,8.437130740792773,2753.0,0.001524404773075737,75,7
1424.1466845277964,1407.9839249832553,408.9816946754419,3.4329673123966566,0.03296974536020103,6.5196010269762334,2121.0,0.002113592087227318,75,27
1195.3297505856415,1048.8842496899545,397.5860895190464,3.4543619937399375,0.022765645432628247,6.300454773968629,2272.0,0.0019349127462242226,75,128
1016.6084826895246,1599.007458532784,492.1476976918278,3.42756342428501,0.03117888294543777,8.053624798029464,2889.0,0.0014381359288821091,75,29
1130.8396176314393,333.21224995574437,309.4892958099894,3.4410546041602097,0.05566845520926104,5.423869761938211,2893.0,0.0014357461790942205,75,186
1065.981348973607,1388.547917888563,467.05545172245706,3.3957019581901333,0.015081617989194166,8.272771051037068,2730.0,0.0015400280307808988,75,12
1578.8675359032502,2095.6619425547997,289.93049272906075,3.4407302042770427,0.017975394193893098,4.821217566167299,1823.0,0.0025846230903221606,75,141
1582.0208333333333,2487.3900273224044,160.41505720156647,2.997095588601257,0.07996479812581832,4.492498186655892,790.0,0.011362214422994954,75,213
1004.735862393968,1842.9796182846371,465.0283488821367,3.459728596351844,0.02600730975731102,7.231826349250948,2641.0,0.00160362497956169,75,4
2127.650309460654,1372.128205128205,247.85441215160066,2.9991893982976774,0.03883239958307479,6.957893532991442,1045.0,0.006180706821108579,75,88
2027.5655418009158,1370.1095472274037,323.0763634964609,3.3485042813923602,0.07408047296486979,6.0813085209610245,1922.0,0.0024064568834128966,75,15
1986.5638128580522,2200.223265436028,344.27876347494663,3.3813902654540553,0.07155705253050276,6.245668210716728,2268.0,0.001939255560503204,75,21
1984.580537926866,1039.3694469628288,362.57747560108163,3.3798283461502776,0.052337287005550466,6.574387590228135,2110.0,0.00212790675548539,75,123
1980.1993827840847,1647.3795877879422,497.0784883844989,3.41967066696735,0.013881496090592757,8.32755761428897,3313.0,0.0012224542554371534,75,95
1729.4695506503745,1704.1358888450927,555.9740438802926,3.4307439341436403,0.03454801375127869,9.094569499815586,3255.0,0.0012480584049435358,75,80
1625.4084924902652,2331.435935471908,295.4639356175027,3.3682453817386775,0.027465425603177534,5.6430160149458155,1765.0,0.0027018144430319305,75,55
984.6431513903193,1658.6894953656024,319.1865175055759,3.3966017629203558,0.042825966414020464,5.6430160149458155,2154.0,0.0020717807797223367,75,64
378.584864391951,964.0423228346457,500.96833437538385,3.417170758537079,0.04302576153937611,8.32755761428897,3151.0,0.001296759942201975,75,33
357.3137220670391,263.1862779329609,313.8174343068896,3.4880582390965906,0.027134324502367444,4.985577255923002,2081.0,0.002166591747420567,75,206
355.72924516045214,1865.4479667402884,421.6921773498829,3.414502616026226,0.0066065172126423665,7.286612912502849,2547.0,0.001676758418657091,75,30
237.82536695521264,884.2228076778322,291.13579712060255,3.44416182236514,0.02311052289091521,5.149936945678705,1915.0,0.0024182435499745807,75,0
159.22382583170256,499.9112035225049,447.93494114754355,3.4444501434346027,0.022707669128237126,7.286612912502849,2566.0,0.0016614431570820794,75,43
138.44898222107705,1042.9447307395,425.2533039612565,3.4093328718798634,0.04245669732698451,7.286612912502849,2460.0,0.0017506515899214515,75,110
918.0237934904602,1594.1842873176206,732.2224178616584,3.4400754304887418,0.03849373643885408,11.505178282899235,4078.0,0.0009621167862553156,75,91
523.8885647607934,2262.992707117853,375.6166776550341,3.4613215382468954,0.027231732567435815,6.245668210716728,2131.0,0.0021007448625482428,75,40
879.1235470566179,2489.4772215973003,584.4630567712811,3.433182984756878,0.006217006850959945,9.8067948220903,3754.0,0.001057499049371016,75,137
874.0010701727565,567.4840238495643,358.35891023068524,3.3684008736792883,0.03677381233517584,6.84832040648764,2438.0,0.0017703805350157533,75,115
868.4951164537941,656.4966190833959,437.52549412968233,3.3931030059542517,0.03234333555800898,7.8892651082737615,2631.0,0.0016111004800555,75,53
847.8514157184441,746.8233659698333,414.07684505786864,3.475198483330785,0.013434215279889573,6.35524133722053,2302.0,0.001902951392162363,75,13
835.6618285201257,1655.5053119856352,366.13860221245517,3.3450837830295157,0.05389297231182397,7.067466659495245,3101.0,0.0013215529370291298,75,74
800.0551926109484,1919.7658256364045,486.39510855037815,3.357517212054291,0.03037963842376166,8.656276993800377,3780.0,0.001049152503400415,75,52
488.85150684931506,1773.23,399.94191173887816,3.48674594145802,0.016406499642093193,6.245668210716728,2377.0,0.0018274843281209086,75,153
781.0557398805574,1593.251891174519,412.8167541030749,3.333527974852482,0.008484092129123183,7.231826349250948,2022.0,0.002249804266015356,75,147
704.5364143840062,1718.3485654939634,422.02089672939434,3.3887428091876077,0.04058082465323045,7.396186039006651,2715.0,0.001550390801820556,75,116
574.9154608788854,1666.4900857449088,408.92690811218995,3.4181792850677133,0.020034808650044852,7.122253222747146,2386.0,0.0018188286163940085,75,245
687.6513658475739,1699.445054259698,439.22387759049127,3.3899969515356103,0.021898425332308975,7.724905418518058,2708.0,0.0015552746386787585,75,280
1196.8680392427802,1049.511399751278,384.19985407673573,3.414584784375561,0.020084097569988458,6.636034511481549,2211.0,0.002080842858050865,76,128
1251.663197621226,1932.5021729185728,464.2038861471573,3.3923451312445345,0.03661250438268059,8.22868279423712,2729.0,0.0016003723190729912,76,7
1327.2834365325077,2237.4049535603717,342.9502635533664,3.3632276624691233,0.044543696291184084,6.3175048549304345,2097.0,0.0022280561248969057,76,188
1500.909298445869,2213.6873298797086,604.6223764101069,3.443611464358925,0.02523257515044478,9.608977972625283,3671.0,0.0011271000247485166,76,129
1423.5024079320112,1408.692209631728,374.8032292084779,3.3564449019168183,0.03769729136117631,6.742211063665254,2027.0,0.0023292409222858967,76,27
1451.3778643987716,2486.3527049373965,449.44534539362235,3.3998269852173015,0.047904044573066636,8.01632968986971,2707.0,0.0016162220328150517,76,237
986.663711001642,1649.2827586206897,323.30760139938104,3.4631534553786123,0.05875296134293266,5.255739333093387,2172.0,0.0021289654706351585,76,64
1048.6477855477856,1387.197435897436,455.4974088680935,3.4529808749943753,0.043179182889533096,7.2730938245837775,2720.0,0.001606818567973387,76,12
1014.3256567110471,1597.552237015713,442.59695777777335,3.3768717127648826,0.027238092596344216,8.22868279423712,2720.0,0.001606818567973387,76,29
1005.6314066238509,1843.4849515174412,421.5740004453998,3.415945187829591,0.011644489829534373,7.32618210067563,2531.0,0.0017552942258612701,76,4
1516.7600415512466,128.77839335180056,306.6378827065394,3.4531390031490554,0.02485530322037322,5.255739333093387,1767.0,0.002801859516474847,76,11
1130.0148896115008,334.11346910833475,310.19479720469354,3.5068208152140916,0.05104154945343646,5.2026510570015345,2819.0,0.0015386448300969216,76,186
1578.9556916426513,2092.289985590778,294.74610886196444,3.443920843761944,0.04661407906001697,5.255739333093387,1848.0,0.002635275226276716,76,141
2127.614910790144,1371.9742990654206,249.93960384044107,3.0620182592337777,0.055930264069135795,6.423681407114139,1056.0,0.006294499989845351,76,88
2036.54211754721,1341.0538934861022,250.2050452209003,3.3280883836539354,0.07192142647534892,5.096474504817829,2022.0,0.002336821225762768,76,15
1986.4946791862285,2200.3372456964007,339.2340842269368,3.3847212629947854,0.08647660976775487,6.3175048549304345,2267.0,0.002015428746360844,76,21
1983.8705898016242,1040.0700306217548,398.7460417259033,3.4597174048422885,0.029368078998085932,6.264416578838582,2210.0,0.002082049579520223,76,123
1979.4690824468084,1648.082890070922,479.06860345287595,3.400416510783423,0.03532955693041197,8.334859346420826,3250.0,0.0012987513930844256,76,95
1582.182262797522,2488.497880665145,162.8217427737113,2.943994123978769,0.12008247773225762,4.9902979526341245,807.0,0.011171420395904057,76,213
1729.449979911611,1705.6804941743671,528.5468767704824,3.4248665269174623,0.01199449296142443,8.600300726880088,3218.0,0.0013139616086516976,76,80
1595.5140410958904,2331.1325342465752,310.03553237641796,3.4165692156722733,0.03133748447960988,5.574268989644501,1776.0,0.00278231737192905,76,55
878.2900733496333,2485.5908068459657,542.8276230391907,3.3966616719136797,0.017181311485228154,9.608977972625283,3584.0,0.001158748109937963,76,137
377.1785122254455,962.9789680895151,512.4080408385593,3.4735397877774634,0.015250336426286195,7.963241413777858,3240.0,0.0013034666203381997,76,33
358.8956073270496,265.4823048194914,298.515376464486,3.4546424573708934,0.03816704422643141,4.937209676542272,2063.0,0.0022760813616244106,76,206
355.63460396627477,1866.9915686973043,447.05637296948896,3.4675279592871964,0.026753491268210673,6.901475891940811,2653.0,0.00165649005543956,76,30
237.3015708358032,879.0976585655009,358.23968706781994,3.463331501019126,0.05341666177127484,5.839710370103763,2186.0,0.002111436702027845,76,0
183.95249376558604,463.6835411471322,425.76797425665615,3.4511734966154117,0.02354195730766124,6.742211063665254,2486.0,0.0017947809008907172,76,43
138.3489623366641,1042.8806046630798,414.40708317299976,3.445040846049659,0.029842725612728528,6.795299339757106,2456.0,0.0018221073589826107,76,110
919.8087944238878,1594.1834609758196,616.9388564634166,3.433611957763929,0.020651380434269895,9.927507629176397,3601.0,0.0011524250494262087,76,91
512.1863579080025,2281.5218966603657,337.00437663107897,3.402388056417496,0.05927789972122529,6.105151750563025,2032.0,0.0023217096385695773,76,40
875.5232558139535,568.7613372093024,365.24733951194446,3.423202295145347,0.03378546018947479,6.3175048549304345,2513.0,0.001770878547195428,76,115
489.7174710697149,1775.6828958509739,376.18352438686605,3.4321165797165825,0.009373381643217606,6.264416578838582,2272.0,0.0020097876396888196,76,153
867.0193658225154,655.067780378804,498.92361871122876,3.4672179539939476,0.011019185914275541,7.591623481134892,2813.0,0.0015426114709187963,76,53
848.5818709409976,745.2495509188891,384.19985407673573,3.4030117767888983,0.02086274479635159,6.636034511481549,2200.0,0.0020941942213809385,76,13
835.6041753076179,1654.087239043274,383.98750097236837,3.3914605556717667,0.03635967909202409,6.848387615848958,3170.0,0.0013374568759171872,76,74
799.2102607232969,1919.7836417157275,504.97568218569995,3.3655542522334505,0.011366753674175258,9.13118348779861,3800.0,0.00108323178068287,76,52
775.8555711909939,1621.768069591915,414.99105421001013,3.3498800430656486,0.017557863385041984,7.2730938245837775,2045.0,0.00230235432967194,76,147
710.9970787567189,1730.6472306613696,454.32946679407274,3.397825899894233,0.005638344631780443,7.750888309410449,2715.0,0.0016104223068245211,76,116
670.3928571428571,1725.884486607143,475.6709537829974,3.4375324673791394,0.02010866331038633,7.591623481134892,2727.0,0.0016018003450172776,76,280
574.2023993348379,1664.0735241715167,446.9501964173053,3.4663125197904017,0.03550815561301668,7.113828996308221,2477.0,0.0018028923872454674,76,245
1196.8406282183316,1049.543640576725,375.08939066404633,3.4104892117163748,0.022992545846341476,6.518675043723771,2204.0,0.0018080236618729477,77,128
1251.7755946225438,1932.5431230610134,466.93027905784345,3.405695090374934,0.01267366870569937,8.015555979689971,2728.0,0.001385484569955993,77,7
1305.8054138877992,2240.406564665882,369.2467263655976,3.4798641766760072,0.007666718112338065,5.794377816643352,2187.0,0.0018260914655258312,77,188
1451.2566564818856,2486.2471628109997,442.49731926433066,3.445608418309674,0.049073091724684145,7.339545234414913,2672.0,0.001420974555811029,77,237
1424.836548579446,1407.884484976032,412.9942788812549,3.4328077862476625,0.020892750102864167,6.663534489139855,2130.0,0.0018893983164334647,77,27
983.9017278617711,1658.7536254242518,312.9929750623517,3.4584410596981923,0.037872676364703664,5.263226516784378,2164.0,0.001851118791876595,77,64
1044.4436467236467,1392.7986324786325,423.7138778420451,3.4586198522027947,0.05564402863817742,7.049826343582745,2623.0,0.0014535539758684822,77,12
1013.4238227146815,1599.474323460473,453.2169182251208,3.3593628204700945,0.022944940887372575,8.063842461495332,2756.0,0.001368396170818989,77,29
1004.1464641061303,1843.6208409115225,451.3337454347118,3.448671448516948,0.0027682999051422083,7.387831716220274,2583.0,0.0014812780822025039,77,4
1488.5735096970238,2219.6103315756545,540.2774449201872,3.3881921842767517,0.021450223497755366,9.802155806488337,3412.0,0.00106162385619279,77,129
1127.3980548801667,338.5413337964571,278.03356223527015,3.3940828718757183,0.03508551266109287,5.1666535531736555,2238.0,0.0017729398452975432,77,186
1514.98025682183,126.33065810593901,300.8247816474007,3.48154962638235,0.025356103193774637,4.876934662341488,1755.0,0.00244765644597119,77,11
1579.7930694695353,2093.0573164723273,294.01638771284473,3.4481591148029294,0.04150379005782521,4.925221144146849,1841.0,0.0022923265001905608,77,141
2039.7632471008028,1337.6392506690454,270.6457305190499,3.424084294526262,0.05479227011816985,5.1666535531736555,2180.0,0.0018336365416586177,77,15
1986.2923384410394,2201.951898734177,362.3900459492363,3.4605418313931877,0.05920388839530901,5.794377816643352,2358.0,0.0016593001640089315,77,21
1984.5806451612902,1039.3357228195937,363.7420674397864,3.3990339168311463,0.044264415850288626,6.2772426346969645,2113.0,0.0019091379717687902,77,123
1981.7847014565448,1647.3492813735893,500.58595687618026,3.4321405974605637,0.03807521085599732,8.256988388716776,3394.0,0.0010681947343076763,77,95
1554.2082926829269,2323.3510569105692,296.9618631029718,3.4401739415278816,0.02443945968336847,5.311512998589739,1771.0,0.0024171838169170182,77,55
2127.635727145429,1371.5773154630926,241.38412254500096,3.0158280859174917,0.06729157364593286,6.760107452750577,1042.0,0.0055855092914427595,77,88
1582.8279867256638,2488.3434734513276,174.60391820818634,2.943137360390081,0.14283005123359188,5.1666535531736555,823.0,0.009213433469475481,77,213
919.8247291268324,1595.7251434034417,606.0919196208946,3.4267347655750977,0.025964191268211003,9.753869324682976,3590.0,0.0010007479835821692,77,91
1729.5823948948948,1703.3518205705707,514.5407501179296,3.429784201618182,0.05522259335459917,8.594993761354305,3151.0,0.001165588648452903,77,80
873.071858803754,568.5187000980529,344.7171936084741,3.4149256693750702,0.010328635621924476,6.08409670747552,2356.0,0.0016610746554460603,77,115
378.63004528450483,962.9283323488876,490.49408217885974,3.4403475604766065,0.015471299019964371,7.822410052468525,3104.0,0.0011865126794690156,77,33
358.17569944044766,262.228137490008,302.0319436925347,3.500371111991223,0.033640778428588064,4.828648180536127,2090.0,0.0019365104935915862,77,206
354.93335479716677,1866.1755741575446,449.93343746235627,3.450210043657209,0.027560844986934695,7.339545234414913,2642.0,0.0014407453717822257,77,30
214.24244537424454,431.3516968851697,415.45688945332836,3.431944445620335,0.05102917446435772,6.8566804163613,2443.0,0.001587236660554301,77,43
140.77047146401986,1041.2754342431763,428.107947686333,3.451821084900777,0.014873352156407104,7.098112825388106,2468.0,0.0015672177317251398,77,110
237.77736271946208,876.2093139086041,387.7887353788563,3.430709424052829,0.02843934803392357,6.422102080113048,2287.0,0.0017247078287761738,77,0
879.0622620759665,2489.485745706793,570.7945014211755,3.4438588987807135,0.016327561674672038,9.367577470240086,3693.0,0.0009686084187451459,77,137
505.53988403071617,2298.4035417646137,308.11604040001026,3.373244840708646,0.008516357023771128,5.697804853032629,1923.0,0.0021615341813836023,77,40
487.31493506493507,1774.0583256029684,416.42261908943556,3.444716451113419,0.02765842507739799,6.566961525529132,2368.0,0.001650484274240962,77,153
866.9878538446095,654.3483236297932,481.0299317450089,3.442635124301803,0.012136173364900214,7.870696534273886,2750.0,0.0013720223904424647,77,53
848.6320993914808,745.311485801217,380.88376848068964,3.4393653891261486,0.017506422185841735,6.518675043723771,2203.0,0.0018090765709346606,77,13
835.6896296296296,1654.8735802469137,391.12050262342626,3.3755109352621084,0.06258570064578992,7.146399307193468,3186.0,0.001150480116232487,77,74
781.864711337816,1652.9511940644563,416.51919205304625,3.329114727521522,0.01991719199399097,7.822410052468525,2082.0,0.0019462162803907262,77,147
798.5313534878752,1920.0076914859524,452.0097561799868,3.333427695135552,0.015661675964449458,8.78813968857575,3638.0,0.0009855089875935527,77,52
659.6436110257198,1760.7363459370838,471.2277759385206,3.4320807383403933,0.0172598655450191,7.870696534273886,2736.0,0.00138055877436893,77,280
574.9590605472958,1664.1588019823314,448.19512411736326,3.4665266078149575,0.024851239723030633,6.953253379972022,2471.0,0.0015648493433119454,77,245
712.7691887163787,1721.704132954297,441.62816259183415,3.4015953088353634,0.04060949621805385,7.822410052468525,2635.0,0.0014454379826303806,77,116
1251.739687185585,1932.5317845056252,428.47121735278193,3.41285521505445,0.03826560820225896,7.328648828772544,2501.0,0.0015021029887798386,78,7
1280.5538103548574,2235.6222222222223,336.84351167540115,3.416757117944589,0.038430432560857576,5.839404681749246,2013.0,0.001982068145652365,78,188
1453.7212611398188,2237.5988167453006,523.3125551368972,3.387513691147775,0.03965331419637447,9.444943142963545,3314.0,0.0010703129404248826,78,129
1424.199830382699,1406.513728400297,369.68526418080967,3.399805433411223,0.01151065454265349,6.348882942573006,1959.0,0.002054718245554993,78,27
1451.3523095436453,2486.230121262612,423.3764347445443,3.4050781294239423,0.04385832467624017,7.407030099668507,2562.0,0.0014579713423979624,78,237
1196.100608843198,1048.096217187344,392.6509765533268,3.4879914620831323,0.021643914498852754,5.800214046301265,2118.0,0.0018545648248536094,78,128
1003.2520739630185,1844.407896051974,392.10230765705506,3.4264164713418097,0.014974341850681647,6.70159866160484,2278.0,0.0016890016758113972,78,4
1129.864613818552,335.94872121135006,307.99920398568673,3.5223641553516614,0.07781600873022251,4.663685618309801,2486.0,0.0015133673593371129,78,186
1039.0371296296296,1383.2419444444445,423.2588628382004,3.459822303293967,0.016612641804475133,6.662408026156858,2456.0,0.0015364106513540646,78,12
1015.5666031873309,1599.8564698807256,391.0049698645116,3.416980280121602,0.031774455903683135,7.054314380636673,2442.0,0.0015474060564397902,78,29
1516.6147988505747,127.12758620689655,272.76682271795136,3.452864045244546,0.03809484366016193,4.624494982861819,1650.0,0.0026000551895151132,78,11
1522.6766589453605,2346.654448834991,287.62007355273636,3.4066493174597228,0.04992685011913894,5.212354514581542,1752.0,0.0023906132472194573,78,55
1582.7950326141495,2488.4249874560965,156.21387289565433,3.0301628014202286,0.11854787611059142,4.350160534725949,789.0,0.009982266660468567,78,213
985.858024691358,1649.357744107744,279.35084947321224,3.46867495571041,0.0733047509230005,4.702876253757783,1930.0,0.0020959762510587474,78,64
2127.600655737705,1372.064262295082,239.06287623268727,2.982077612210303,0.06624950596384666,6.779979932500803,1032.0,0.005541633841884603,78,88
1986.5633172746043,2200.3587978894243,341.66395983550285,3.384528853269589,0.07048311313840704,6.113739129885117,2245.0,0.0017206839779908634,78,21
1983.897420395002,1041.8057234985893,388.9278661857686,3.461133307555823,0.045847060403546476,6.309692307125024,2203.0,0.0017627679921476869,78,123
1982.9028770996174,1651.5560452353234,471.30658189742576,3.4404607730578194,0.026657278474041736,8.034080266836211,3536.0,0.0009924145523069832,78,95
1579.540824915825,2093.546156004489,279.35084947321224,3.3994701508319363,0.03170360364290561,5.17316387913356,1754.0,0.002386843303883167,78,141
1730.2484027241453,1703.322403987924,558.1922206856008,3.4680515958959828,0.0457046139812536,8.896274246691805,3255.0,0.001093116402928401,78,80
879.6985406229579,2489.563421186379,539.7726220250495,3.4287829729401915,0.009917277905916642,9.131418059379694,3415.0,0.0010334087337073414,78,137
378.7185843594553,962.9635488868955,480.59476249859733,3.432388865116136,0.020572676475172302,8.034080266836211,3057.0,0.0011772922474626892,78,33
359.0774053532674,263.16638533879916,325.04713040555873,3.5543592922350387,0.007759954137453315,4.781257524653745,2176.0,0.0017909264105615058,78,206
352.48781173823363,1866.2926120382524,418.0073176881709,3.433982675380501,0.03135724511502087,7.171886286980618,2541.0,0.00147286851527571,78,30
249.46599496221663,407.4717380352645,388.96705682121654,3.41254169293876,0.030678198475821497,6.779979932500803,2350.0,0.0016237699781718185,78,43
237.0444466640032,875.5178785457451,392.37664210519097,3.4284537106667456,0.01200085382175969,6.505645484364932,2271.0,0.00169562428833432,78,0
139.18665681020144,1041.365921271484,424.121056818056,3.4504706275064017,0.023544365612717832,7.132695651532637,2461.0,0.001532521494270377,78,110
489.05465236942234,2315.714285714286,339.90038124034373,3.4106337329753873,0.012185535533330356,5.761023410853284,1988.0,0.002015053161382086,78,40
489.613470437018,1774.9559897172237,381.12892973162025,3.4785423771184303,0.04316996412604172,5.956976588093191,2280.0,0.0016871189920047843,78,153
874.913177410154,569.1864232743868,343.505919701558,3.4218685327700555,0.009168888302000485,5.643451504509339,2320.0,0.0016503274967883165,78,115
867.7283437283437,655.1061157311158,452.41669561149865,3.410790122316127,0.02095094308933169,7.720555183252359,2552.0,0.0014650274687989901,78,53
847.8947580239461,745.2263809236342,389.5157257174883,3.4279850638160974,0.019164176932596193,6.427264213468969,2123.0,0.001848901163014187,78,13
835.0453400503778,1654.800604534005,388.96705682121654,3.410297046385312,0.028681788458428666,6.858361203396766,3107.0,0.0011548355428198764,78,74
796.053404679467,1920.5597523869478,373.52594645471186,3.3152325666439966,0.0347128023489553,7.054314380636673,3071.0,0.0011709168104764058,78,52
792.8122131311115,1678.9371382957493,392.7685484596708,3.3367208224747094,0.02174221265166707,7.407030099668507,1988.0,0.002015053161382086,78,147
919.6867255425481,1595.7283494215103,572.457611988666,3.429841376947445,0.022913543885825203,9.366561872067583,3356.0,0.0010546511824928275,78,91
708.6516253798692,1733.88175706787,425.5711103296313,3.4299187951522963,0.01914838274601914,7.054314380636673,2545.0,0.0014700075332656126,78,116
645.9358083394294,1790.627468910022,428.58878925912586,3.4412457977917406,0.02275305863142757,7.015123745188692,2470.0,0.0015255704038910495,78,280
576.4324591786244,1664.1348837209302,396.02137120185324,3.4102328766716377,0.043738286509620604,6.897551838844747,2294.0,0.0016740568157356298,78,245
1251.8291139240507,1932.5234057797945,466.24554423918244,3.420425029142675,0.0453058353727138,7.961919372606053,2727.0,0.0012961037220076048,79,7
1282.142574558734,2239.5257151552037,365.91422459277607,3.455481589124951,0.02971135389724803,6.291586637094293,2195.0,0.0016995100189426094,79,188
1424.8247476733518,1407.9016909162406,424.7656146406404,3.4105040029400344,0.004460667723206027,7.182430762700565,2154.0,0.0017412779772791938,79,27
1411.769084694265,2249.73480820357,586.3981456803283,3.3981994070428807,0.025873652528429374,9.910640897369772,3568.0,0.0009424598333378267,79,129
1196.064713234273,1049.6367171226218,400.93553428067264,3.4618158335525817,0.01510794563283896,6.1802311213935095,2254.0,0.001642804014188533,79,128
1129.5687059271966,338.682485229655,292.14119544100674,3.422784897025448,0.04661455431718362,5.289386995787238,2387.0,0.001527884083144293,79,186
1452.951282051282,2485.5917948717947,434.28651123305747,3.3823448094859296,0.06829869118717229,8.017597130456444,2646.0,0.0013447017097886517,79,237
1039.7009880395217,1394.4590483619345,428.2733133852151,3.4467006237571014,0.02002596748609674,7.182430762700565,2631.0,0.0013541040684308685,79,12
1020.9564976754483,1594.1746734558335,502.99286442044115,3.4614324028339736,0.029611179669265124,7.906241614755661,2908.0,0.0011992542716235148,79,29
1003.8659757801584,1843.8455985095482,478.1605844191663,3.4705997865549154,0.045960112927859044,7.405141794102133,2654.0,0.0013397403111540538,79,4
1493.3081296191017,2374.372370665151,293.8115281765185,3.3335512530623603,0.02252654197480051,6.0688756056927255,1776.0,0.002251409187706835,79,55
1578.905986509275,2093.635961214165,264.13528324225956,3.449252674637033,0.028440002623296184,4.50989838588175,1745.0,0.0023068334500769487,79,141
2127.4503033131123,1372.0538964069062,238.63487014678003,3.0125340898580983,0.050847658234458235,6.124553363543118,1058.0,0.005076183352526915,79,88
985.0260162601626,1657.547606142728,308.1763897019196,3.4115484832106957,0.032656676826475994,5.679131300739982,2176.0,0.001718613971101316,79,64
1986.244942084942,2202.004478764479,360.5134820812881,3.483064376628352,0.05903125107060559,5.679131300739982,2360.0,0.0015498942734802853,79,21
1984.5272475369459,1041.6425492610838,361.6827149961463,3.406857941635189,0.05873501670553205,6.514297668495861,2121.0,0.0017764173997433974,79,123
1981.7166163141994,1650.814702920443,552.8801354543923,3.3765675558493573,0.04414903245165091,9.687929865968204,3574.0,0.0009406287845384613,79,95
1515.7187267311988,126.36373790022338,299.1009151723057,3.473841187886936,0.043381567773309246,4.8996426908344946,1756.0,0.0022868571288914637,79,11
1730.9485073905903,1705.7517148101633,576.3204715094074,3.5025281731224616,0.015835407159782617,8.407341435409188,3342.0,0.0010170313884004796,79,80
1582.8133848133848,2488.236164736165,173.04647139901826,2.9620073891683276,0.1320600249777791,5.1223537222360624,819.0,0.008716582445250679,79,213
917.7002393489709,1594.4148396361895,581.5541807473443,3.4188394784791325,0.02563787763374274,9.632252108117813,3518.0,0.000958000372646565,79,91
878.2239404352806,2489.541237113402,583.2801912407064,3.4263649966827168,0.020998105128473717,9.687929865968204,3768.0,0.00088503237973945,79,137
377.90229821250136,962.2338181414456,501.48956495848057,3.448747646734069,0.026703092363054595,8.073274888306837,3218.0,0.0010631879713792131,79,33
356.5256657661135,263.0820146661521,288.52214118073124,3.4421109999322916,0.03604806979805442,5.178031480086454,2007.0,0.0019095381520707413,79,206
351.30860215053764,1867.207123655914,414.2425184069163,3.4220387873847358,0.03130649720560435,7.071075246999781,2559.0,0.0014011292288863676,79,30
296.35573122529644,399.5269621682665,394.42123661217676,3.363642086463305,0.03172927424519896,7.349464036251741,2381.0,0.0015327210412987519,79,43
236.9518439904484,876.2060228177236,419.6989386762547,3.447671972079548,0.04959934299529725,6.792686457747822,2380.0,0.0015335301800494517,79,0
139.92386856788593,1042.0235585864848,449.0411170634113,3.4254436180093797,0.028369357814484734,7.405141794102133,2548.0,0.0014086027793759868,79,110
478.68487120965113,2329.789533746332,341.5273666543044,3.47115365943672,0.008869407845333717,5.62345354288959,2018.0,0.0018958297161867927,79,40
488.9028715098584,1774.14436945878,420.7568160754122,3.457276244583538,0.030450117579733343,6.681330942047038,2390.0,0.001525477034378712,79,153
865.8750144927536,653.3770434782608,480.22066145963083,3.4534754601159667,0.010868948709772031,7.850563856905269,2741.0,0.0012880578942540421,79,53
848.6240721874545,745.3265900160093,382.5618741900433,3.427928136835485,0.010035938872515481,6.625653184196645,2213.0,0.0016817992288015906,79,13
835.5963031997514,1655.4737496116807,358.45340504082355,3.3620000630181552,0.06102909295109761,6.737008699897429,3080.0,0.0011197435245030823,79,74
797.4975935828877,1920.488101604278,416.469628720932,3.2885110327980085,0.030323194978272183,8.463019193259582,3446.0,0.0009813010195289977,79,52
795.4395649218219,1681.852753229096,409.509908989633,3.327674780166488,0.01605586628195661,7.739208341204485,2067.0,0.0018370819326346249,79,147
700.3998176133402,1727.2722772277227,427.38246925960885,3.42177909471181,0.05096502178351917,7.293786278401349,2613.0,0.0013655619281808331,79,116
872.6723310416396,568.117784407835,429.2198352686718,3.404764960899275,0.036176420724548235,7.293786278401349,2767.0,0.0012733776424205272,79,115
575.6832921132179,1666.4964275899972,405.2227216351528,3.4015821610143937,0.027957777256277395,7.293786278401349,2376.0,0.0015367752961788763,79,245
614.7311353610402,1776.0991409333642,479.6082061232765,3.448988101267385,0.028385704388651938,7.572175067653309,2731.0,0.0012937946755953382,79,280
1252.4281573498965,1932.424016563147,404.63719357495916,3.325248995694584,0.055809000339352204,7.8749267486638015,2456.0,0.0014963089041948403,80,7
1452.8603916614024,2486.2502842703725,442.0570582671914,3.4301623719093337,0.017141947372385787,7.7632256600302725,2609.0,0.001388487326381199,80,237
1424.4298098859315,1408.6199239543726,367.2173288827269,3.4209597746053197,0.014742264072277285,6.4228125964279235,1955.0,0.002006525752703702,80,27
1379.0134739920618,2267.693753916858,534.7131112887038,3.4406392933007943,0.03602365363460611,8.824386002048799,3370.0,0.0010221431010587758,80,129
1484.240460763139,2414.3929085673144,310.3056242239438,3.43674193159621,0.06653659865165239,5.361652254409397,1768.0,0.002299145686450391,80,55
1279.0067444147815,2233.9831389630463,397.4883239024133,3.508875917003529,0.02352031041780681,5.696755520309984,2196.0,0.0017237807830455655,80,188
1196.8346682786762,1048.8875623394288,369.56305174403104,3.4525212931177944,0.03665397854916599,5.920157697577042,2100.0,0.0018262927919936189,80,128
1128.125860989355,338.574827802129,267.57995782161896,3.447794754078209,0.04130954856240275,4.579744633974693,2109.0,0.001816167214132074,80,186
1033.7080340516095,1387.3152434158021,419.88439217343586,3.43070730225925,0.03142337627785611,7.037168583912333,2442.0,0.0015070171557254913,80,12
1020.4021647455721,1591.6651672757941,397.320772269463,3.361480355845957,0.013336268280314052,7.48397293844645,2462.0,0.001491766096893181,80,29
1514.1703445605885,126.38056523422377,288.52391194040564,3.463878088658081,0.021927939563163863,4.691445722608222,1666.0,0.0024978384654643078,80,11
1577.936760505916,2095.552427580579,273.77936824077983,3.4402280910784753,0.009668375485179037,4.579744633974693,1726.0,0.0023770024752761093,80,141
1005.6009076726706,1843.766983406609,393.80218797750683,3.4244277524651676,0.023389224884851127,6.8696169509620395,2287.0,0.0016366959532409843,80,4
2127.5605711653616,1372.1057116536158,242.50306342339167,3.01053730565228,0.061290414652362464,6.702065318011746,1027.0,0.005446631210649546,80,88
1986.4522629666337,2200.430624380575,338.1191952936926,3.3635809649582593,0.09794666521065021,6.478663140744688,2198.0,0.0017217673482499503,80,21
1984.6133578431372,1040.2193627450981,364.592353299839,3.397708642542477,0.06125881332614606,6.4228125964279235,2111.0,0.001813932314744754,80,123
1978.0722525167785,1653.580956375839,532.5907906046667,3.400043796599089,0.015432936246014871,9.215339812266151,3494.0,0.000980010786839021,80,95
1730.127655350407,1705.7182846932699,562.6383834470861,3.4767442593934534,0.011453500604515414,8.489282736148212,3261.0,0.0010622881131558183,80,80
1582.7452120383036,2488.733584131327,163.30699158221955,3.0114918972715867,0.08845075017284092,4.468043545341164,797.0,0.00947107963924304,80,213
986.636798088411,1651.9502190362405,280.48143355879154,3.4542005433771483,0.0567652290149945,4.803146811241751,1935.0,0.0020342157438301674,80,64
917.9543254945241,1595.6619407419985,657.8635615071696,3.434418261803829,0.033526700825386245,10.667453964502029,3707.0,0.0009152097201284299,80,91
470.54273579897364,2353.9302778269334,315.61142593403645,3.409029616089657,0.06376012046760503,5.5292038873596905,1917.0,0.002059798380343782,80,40
378.6413675213675,963.0365811965812,490.08852637960894,3.4284547531361698,0.01759923712111904,7.930777292980566,3119.0,0.0011195721790606605,80,33
357.32956441149213,263.14735866543094,301.31368658894473,3.4575942929611236,0.017045685432837743,4.9706984441920445,2086.0,0.0018422700706248272,80,206
352.0038745610849,1867.282842959196,461.26964551215843,3.4566136239808127,0.03141970472926861,7.2047202168626265,2637.0,0.001370415449095172,80,30
234.2195905258932,892.7131674026496,278.247411786121,3.295222384913913,0.08440515344311011,5.5292038873596905,1807.0,0.002231282123654525,80,0
139.89657418262343,1042.9408623160089,428.76462871980146,3.4679349590255093,0.024473859347220562,6.702065318011746,2464.0,0.0014902579513750367,80,110
488.9058789872694,1775.6358174796167,390.451155318501,3.448748111827775,0.018951561987810353,6.3111115077943944,2281.0,0.0016421659538480948,80,153
341.1032894736842,404.30092105263157,424.46413680741057,3.4427268873746915,0.01400604138053067,7.148869672545862,2471.0,0.0014850033714892779,80,43
872.823635857461,567.9273385300668,401.2303103716365,3.406747693049486,0.0315391818944572,7.0930191282290975,2541.0,0.001434426174973289,80,115
864.9980811052834,653.3393885122169,436.5837049241485,3.4759356573262874,0.019700064239892595,6.702065318011746,2546.0,0.0014309450290557765,80,53
846.3092357627619,746.8977574505753,378.55498937903013,3.4192406826190505,0.041211830989731336,6.4228125964279235,2125.0,0.0017984407134639718,80,13
834.9120730976633,1654.8485620131814,372.85823385872015,3.456526203754842,0.044258121041171106,6.1994104191608645,3086.0,0.0011337806104661156,80,74
816.98357771261,1711.1768328445748,380.9007122403342,3.344141811807329,0.02610041821497046,6.9813180395955685,1892.0,0.002096416270217216,80,147
793.932689311312,1910.694816661473,537.6731901374923,3.3302676252207783,0.017023088157070484,9.997247432700854,3810.0,0.0008868527112997793,80,52
879.0537139349294,2489.567833026397,545.8832201520567,3.444805818782543,0.019948497725488783,8.768535457732034,3473.0,0.0009869000758587056,80,137
600.773728614952,1761.8640731192875,476.6285451992687,3.4612420978054024,0.03521216842127544,7.428122394129685,2653.0,0.0013602983160630267,80,280
575.043501048218,1665.7762054507336,426.25135422554706,3.4462783377944626,0.031017525247324488,6.6462147736949815,2369.0,0.0015654324348168933,80,245
705.437071860309,1733.694963062458,415.8073024383121,3.4114530758388133,0.05126094285763014,7.260570761179391,2465.0,0.001489505021566802,80,116
1516.7941696113073,128.84310954063605,297.8952337910284,3.4761428199361486,0.04029683916837235,4.789481674025367,1753.0,0.002309595311541463,81,11
1279.0069558101472,2237.596290234588,385.89538059290106,3.4239656312167344,0.013494739081089923,6.421063343198845,2217.0,0.0016905500703704559,81,188
1341.6250874562718,2278.6487756121937,526.5798258090527,3.4351710001250226,0.03856160118529607,8.842120013585294,3467.0,0.000981697216527726,81,129
1498.1913085311096,2454.930243745991,328.21107383760653,3.4627125852029503,0.04076044405101806,5.578956675238341,1862.0,0.0021266586863707753,81,55
1425.0971112476952,1408.0876459741855,428.1586089911689,3.4205172908764845,0.03615168458181954,7.052643344169223,2147.0,0.0017617895244825337,81,27
1451.3220401626218,2486.3405198965133,427.2112389897133,3.3987946178035093,0.04924507554710633,7.578960011644538,2614.0,0.0013751811230140246,81,237
1250.9672648178357,1932.6719956498098,483.94817574355227,3.4441555890505033,0.02604906347393477,8.052645012372322,2762.0,0.0012857634863145811,81,7
1196.014062701587,1048.8160237388724,407.94804896011675,3.4882444452426897,0.03222124214993019,6.210536676208719,2286.0,0.0016257505889502202,81,128
1128.0687659574469,338.6849361702128,309.2110421417476,3.448366866003847,0.023375571399810585,5.210535008005619,2334.0,0.0015835264349769898,81,186
1038.6203067765568,1385.951923076923,459.79024070643527,3.4535609641836835,0.06499568120384436,7.210538344411817,2695.0,0.0013247588709836792,81,12
1015.5309211304245,1590.4820858460448,445.106005683874,3.3203127510537644,0.03398685741155195,8.684225013342699,2701.0,0.001321170581577877,81,29
1582.946300343428,2487.8844832969094,168.57922859234344,3.0253378939323974,0.12886826813633645,4.631586673782773,809.0,0.009056754728953318,81,213
1004.1335250143761,1843.6142610695802,457.6323423697865,3.434041270567172,0.0049576978546354,7.526328344897006,2590.0,0.0013908665771195754,81,4
2127.652633851468,1372.205310880829,243.78988037456597,3.0534954063975914,0.04579722779172379,6.578958343441439,1036.0,0.005319717041345745,81,88
1994.0116634268259,1034.6027492363232,379.05326391572197,3.4592682857846206,0.014383867011241799,6.052641675966124,2120.0,0.0017908986581248545,81,123
1986.472166998012,2200.536447978794,317.6847404881002,3.356644795175799,0.08006619665315232,6.052641675966124,2172.0,0.0017356678429285232,81,21
1965.3612779901694,1652.772073548152,578.2114908883811,3.4521909606140593,0.03101956110258961,9.052646680575421,3657.0,0.0009228784201893396,81,95
1578.920574336605,2093.7555434387496,289.5794304449184,3.457168993295042,0.01896765671173,5.263166674753151,1838.0,0.0021644061943518205,81,141
1731.0789764359351,1703.3221649484535,571.7904275451824,3.4601933680547243,0.023025821328515505,8.842120013585294,3301.0,0.0010395848888940145,81,80
985.0087750716332,1657.6267908309455,293.895227118216,3.4418782354937565,0.0619390820077088,5.052640007763025,2091.0,0.0018232548094737888,81,64
464.03732904263876,2345.529364440869,327.10580883590836,3.4464528151768663,0.02881513251149571,5.631588341985872,1935.0,0.002019528672921932,81,40
378.6103730470826,962.9633329790626,495.211352427524,3.428559724964715,0.036435070603413895,8.105276679119854,3118.0,0.0011118622903569827,81,33
359.8793189784677,262.3431814388249,315.3163154844613,3.4951620233814436,0.010891635376589983,5.263166674753151,2179.0,0.0017284920067688863,81,206
351.3673542816023,1868.822139601823,438.84283734091775,3.4327657983942177,0.05838068889946916,7.31580167790688,2618.0,0.001372601211843563,81,30
236.17849504180438,883.5630954695703,270.68466208255455,3.3773041263082666,0.03308095473563992,4.842113340772899,1833.0,0.002172439549264166,81,0
140.01802403204272,1040.4961281708945,394.21118393901105,3.4437110110126583,0.027067839855063888,6.526326676693907,2364.0,0.00155823233297845,81,110
918.82604366688,1596.0154327572718,740.0538661370406,3.4586054266204713,0.020130283820862863,11.210545017224213,4078.0,0.0008147166777718371,81,91
487.2750443824499,1774.0407050469187,415.05332397103354,3.4613184389822544,0.022603926064201082,6.368431676451313,2372.0,0.0015516231324986724,81,153
384.9549716259561,415.36479151245993,426.63229065549046,3.44374264928333,0.012221334005314539,7.052643344169223,2462.0,0.0014809569437781512,81,43
879.0322494432071,2489.666013363029,590.7904592410413,3.4671991481864515,0.004156847883743346,9.210541680818014,3738.0,0.0008998925655912994,81,137
872.420116480403,566.8534550606013,334.3689788470677,3.3899695564382046,0.02586113449181011,5.947378342471061,2328.0,0.001588684117468908,81,115
865.8414567059083,654.8701727362746,478.3692190683139,3.4484238779072336,0.029043291124347816,7.684223345139601,2733.0,0.0013023566616951682,81,53
848.648409893993,746.1046480021745,387.26380392833687,3.4076365640978135,0.04151546786037572,6.842116677179097,2209.0,0.0016983987784293312,81,13
842.1815638906548,1736.867005721551,413.94805896933536,3.346602113911455,0.03457348496422486,7.578960011644538,1985.0,0.001952172305591302,81,147
835.5495909286637,1653.5083967274293,366.6848222300521,3.350832017829655,0.05812600583073146,6.842116677179097,3087.0,0.0011251133143509676,81,74
700.7806950786403,1724.478691019787,414.94806063753845,3.415371733669359,0.023965655120929692,7.263170011159349,2538.0,0.0014261103528287141,81,116
797.8249327223798,1907.9619608698815,723.6327861118108,3.4103119582994474,0.03146410196161036,12.157915018679779,4572.0,0.0007162202195159338,81,52
582.9089059674503,1722.9024638336348,465.68498738215885,3.4819510078369125,0.01509853551769813,7.157906677664286,2652.0,0.001351056666128399,81,280
573.4817426340973,1664.9288592294133,418.00069730889527,3.438692102306467,0.03075148332232881,6.842116677179097,2375.0,0.0015491591137493934,81,245
1250.962481636343,1932.6160018081139,457.6119457559186,3.4265124663751014,0.025462398639601723,7.550157541006229,2632.0,0.001358157445909362,82,7
1279.0777513634457,2237.7330443294645,369.80257928585985,3.4420101576440953,0.01622589011267177,6.153895529998227,2102.0,0.0018035044429121918,82,188
1293.7824888297366,2285.667649016066,543.9733368071542,3.4294597285652366,0.052558052652065125,9.049846367644452,3393.0,0.0010026555864113857,82,129
1512.2145879167372,2493.4374682687426,305.5745267794918,3.425660486903941,0.06260337864409564,5.223054189326226,1759.0,0.002289322476623741,82,55
1425.044730077121,1407.8718508997429,402.3303128015648,3.4343082284081725,0.00935128791662142,6.567602792519117,2050.0,0.0018634552238938917,82,27
1452.0775294117648,2486.298,439.5639664284448,3.4337768607484915,0.035040226964442506,7.808724580081784,2619.0,0.0013664337679334833,82,237
1197.5477053140096,1049.5566123188405,342.5496133672963,3.4332181280798117,0.027975879634770138,6.050468714368005,2026.0,0.0018924900433520081,82,128
1004.93626097867,1843.5746549560854,412.1558602864359,3.438836428931091,0.009692612067592695,6.826169831594672,2371.0,0.0015461780545875938,82,4
1127.2217051377513,338.8259493670886,277.8044267827771,3.3722290133148936,0.029540157463728744,5.4299078205866715,2119.0,0.0017847331258404697,82,186
1035.1649650108982,1395.848801193071,450.7857759243239,3.4745836361072433,0.04473360635609571,7.13645027848534,2563.0,0.0014032698237375597,82,12
1014.6573111573111,1591.2692307692307,447.73468486323236,3.3658154032438157,0.022038387097941554,8.377572066048007,2613.0,0.0013702877254854738,82,29
1515.9371859296482,129.64124192390523,288.1471083457993,3.4639720922862285,0.016764370818365334,4.757633518990226,1668.0,0.0024655254258557752,82,11
980.3166071428572,1650.3528571428571,289.5950837646225,3.4272802628323236,0.037355066558115456,5.171340781511115,1996.0,0.0019300812064301735,82,64
1581.8210165263486,2487.9519800436547,165.84489886306147,3.0524977376594347,0.08268357089761555,4.499066479914671,795.0,0.009424017463760878,82,213
2127.685122569738,1372.159551986475,244.707845781106,2.997850737578733,0.031116639826251596,6.72274301596445,1035.0,0.005306631510368581,82,88
2002.8987168987169,1019.3098553098553,378.8524256535043,3.4494516808787012,0.030834274810360423,6.205608937813339,2111.0,0.0017935177721228384,82,123
1985.5810004589262,2203.0335016062413,338.0505468873816,3.382752824892093,0.09270069877724377,6.153895529998227,2265.0,0.0016382889929652442,82,21
1960.0248784440844,1642.6385737439223,638.1434524384716,3.4530539885223224,0.00551056193210194,9.87726089268623,3914.0,0.0008502825593455007,82,95
1580.5288442986687,2092.929963341694,268.0305927057211,3.4312238805061246,0.04514080749922989,4.757633518990226,1737.0,0.0023295720350758877,82,141
1729.4934164934166,1703.3778833778833,522.3571323404377,3.4237273141867948,0.0560352405711169,8.791279328568896,3156.0,0.001091644672508242,82,80
881.5899962106859,581.8080712391057,272.94336644815667,3.4157704379435487,0.02303174676970164,4.6024932955448925,2054.0,0.001858702482815677,82,115
421.9544952778119,436.55611431374956,421.6194139166012,3.3800701589473485,0.030750343912590898,7.395017317560895,2445.0,0.0014877816969890369,82,43
378.66473988439304,962.2746190225959,492.0530753607826,3.4193508247996913,0.028281730181393804,8.222431842602674,3122.0,0.0011057233552621399,82,33
358.26114007062387,262.3579956280478,307.539636276466,3.4691462376150466,0.044098251172074214,5.171340781511115,2077.0,0.0018318379013638963,82,206
351.39590248369007,1868.8792491701956,451.82004408062613,3.4066299502845294,0.05796760581013713,7.860437987896895,2642.0,0.0013518589504178293,82,30
919.662974179152,1595.3656359579215,648.8998412640148,3.420146484642227,0.028435822190466902,10.549535194282676,3694.0,0.0009085878837598329,82,91
236.07042513863217,883.5937153419593,279.7695362797513,3.398134749857418,0.041049236139800944,4.964487150250671,1827.0,0.0021732622677392783,82,0
140.87801961253288,1041.3184644821813,432.42751614995944,3.4510448556272495,0.01682036185153981,7.13645027848534,2464.0,0.0014734928831437043,82,110
464.51893453145055,2318.8762836970477,322.2779575037727,3.4053542753571464,0.06946845537352143,5.688474859662227,1926.0,0.0020238837258865034,82,40
488.0481376067318,1774.8771191684198,417.89604855391326,3.477365067603549,0.015247122707805216,6.25732234562845,2358.0,0.0015569135646363221,82,153
879.7759292708432,2486.4504230440157,543.9733368071542,3.4590346369804945,0.025963300894165854,8.636139105123563,3477.0,0.0009744997697939183,82,137
866.6628631925656,654.92236207505,439.6156798362599,3.4317586476321678,0.03969785169334944,7.291590501930672,2550.0,0.0014121068761206133,82,53
848.5636363636364,746.0015151515152,375.43934073770697,3.422398269832921,0.027070847352531912,6.3607491612586715,2103.0,0.001802389324091036,82,13
844.6256841543185,1718.7686557201976,387.38513794299763,3.3480718085392818,0.021360582563105225,7.13645027848534,1890.0,0.0020757663396883163,82,147
797.7321290721013,1908.5787401574803,669.8954848369499,3.364471667308779,0.0248774549341617,11.687230166215121,4340.0,0.0007563048069584685,82,52
835.7204614956909,1654.9214623297191,372.0262558219096,3.374090554884452,0.03935969128623299,6.567602792519117,2992.0,0.0011630759726276511,82,74
700.9035860528602,1721.3924804566323,416.75835358198077,3.3968957311074304,0.021660191370262157,7.291590501930672,2532.0,0.0014245281584825186,82,116
571.8246616167888,1679.892338259034,416.4480731350901,3.415747201672646,0.0262010136413777,7.084736870670228,2786.0,0.0012672326144689764,82,280
574.1686617556784,1662.5575506445673,336.96456532326425,3.392205705103035,0.00939780659239721,6.102182122183116,2340.0,0.0015720266183589593,82,245
1425.9773772529522,1407.0711000621504,403.0067812863102,3.432017564325633,0.018803219046179966,6.462134839768057,2050.0,0.0018757067146208254,83,27
1279.0380604090478,2237.7067587701476,369.84450792253926,3.4363861585526343,0.0038444654838427693,6.261758565666722,2098.0,0.0018198669194223894,83,188
1272.9871397728339,2289.61212803905,533.6521120003807,3.420264182459954,0.01284997225737362,9.067026403085412,3334.0,0.0010301652943428973,83,129
1252.607142857143,1931.05525606469,446.0375861495719,3.4253363368675007,0.0359027826898276,7.263639936173397,2535.0,0.001431803642832099,83,7
1196.8825831702543,1048.9141552511417,383.97103524668336,3.4747810097736935,0.0154192855410917,5.810911948938718,2121.0,0.0017942720002558042,83,128
1452.8794880507419,2486.319288707668,442.2805310101719,3.4476983085364052,0.024134654715411662,7.413922141749398,2619.0,0.001375427112284844,83,237
1029.4406779661017,1392.5271057057835,387.1770556323047,3.4278320183041293,0.04980203542742012,6.612417045344058,2377.0,0.001551413249347405,83,12
1013.8571428571429,1591.3628278734661,444.9856107105399,3.4097620945413714,0.018019899249830378,7.814674689952068,2595.0,0.0013910765182869227,83,29
1005.5936463383516,1843.593391171217,392.63730910156613,3.416447018790441,0.03475935656901658,6.612417045344058,2290.0,0.0016262169796259361,83,4
987.7046153846154,1656.7478733031674,276.7697286024691,3.4272002213856814,0.06635583565248215,5.1095949895840445,1908.0,0.0020629660008371544,83,64
1130.8682486275898,333.10749070302813,282.8812049625598,3.481922247753596,0.06954692108619077,4.959312784008043,2644.0,0.0013594957302156972,83,186
1515.8973509933776,129.67462530498432,287.4397651983652,3.4662642427586787,0.010726129638015242,4.708842441381375,1663.0,0.0024922536708504757,83,11
1541.977750948603,2500.766643670231,290.44540930988524,3.4512821879622004,0.007750420326380559,4.90921871548271,1730.0,0.0023580635430336372,83,55
2127.7006927465363,1372.0059087204563,245.86168832233815,2.999320759834616,0.07451409283561637,6.712605182394725,1059.0,0.005117686070303165,83,88
2004.4716951788491,1013.5992223950233,322.1048606178962,3.363189258823943,0.07917425753121046,6.361946702717389,1950.0,0.0020037971504592703,83,123
1986.3479065793222,2202.144545713472,351.76054918489376,3.4261547001881265,0.08412272379484435,6.011288223040053,2325.0,0.0015952727623810394,83,21
1957.6800653298249,1630.5636512113238,552.0867292177035,3.4432545908864816,0.012512208054437795,9.16721454013608,3734.0,0.0009033117564183502,83,95
1731.0922445864733,1702.573881522465,525.1361203510739,3.422420758210075,0.030254814531353327,9.067026403085412,3165.0,0.001095142696839985,83,80
1581.3036041539401,2488.2076970067196,164.00798035194276,2.9106003470011728,0.07379528294587925,4.90921871548271,813.0,0.008963439810361882,83,213
1578.1813420621932,2093.0533551554827,306.07475868978935,3.47023820385422,0.03476909417571278,4.809030578432042,1835.0,0.002174571782780069,83,141
920.5942062218146,1596.9802797523503,655.3806985169417,3.415851650452349,0.0373510262026756,10.569848458845426,3689.0,0.0009160012490464568,83,91
847.8511784511785,745.3500336700337,371.94845880060325,3.444255452618987,0.02032624811086416,6.1114763600907205,2106.0,0.001810881925918905,83,13
865.0857775318207,655.7511898173768,452.5999091263906,3.4440584288798677,0.008333262140049823,7.413922141749398,2573.0,0.001405737939887696,83,53
378.6977491961415,962.977692926045,498.5361699641217,3.419168822109198,0.03709271442178806,8.215427238154739,3114.0,0.0011163925449796275,83,33
357.3479080932785,262.3281893004115,292.14860763974656,3.420992443781705,0.018307343050282494,5.259877195160046,2002.0,0.0019350816966482904,83,206
352.1908010822256,1870.652511469239,425.8496765338624,3.4042950514141244,0.03321805862191852,7.7645806214267346,2557.0,0.001416596406500786,83,30
139.26617826617826,1042.0738705738706,410.2704212224836,3.4450686739886867,0.037143278620870974,7.063263662072062,2458.0,0.001487700543149849,83,110
236.2862108922364,882.9187220658831,302.61826796154133,3.4270605841801394,0.04573576515765439,5.059500921058711,1888.0,0.0020923873213779896,83,0
450.295219319862,467.066535239034,406.56346015160887,3.398641481991714,0.06096476659685284,7.163451799122729,2374.0,0.0015538779471027202,83,43
458.5472684085511,2309.857482185273,316.34404273748277,3.406156226236502,0.03824009642991105,5.5604416063120485,1920.0,0.0020457070349299217,83,40
879.9301943607993,2489.574778720686,548.9808969691328,3.435893690592345,0.013235558059063575,9.01693233456008,3491.0,0.0009763494840447576,83,137
840.3385318634041,1681.0061844581876,372.5996816914326,3.36323862151879,0.02513043456857217,6.562322976818724,2039.0,0.001888989377482207,83,147
834.9773324118867,1655.6373185901866,362.43058578078984,3.405390255460219,0.05168759506541195,6.361946702717389,3082.0,0.0011301520175343446,83,74
797.7611144945189,1908.5897533495736,658.0356841487844,3.373214780252657,0.009681002282831138,11.621823897877436,4275.0,0.0007743476310020332,83,52
700.1585004152331,1721.2942223276782,422.24290360003835,3.432068760699675,0.04557151403511061,7.063263662072062,2482.0,0.0014698155972592117,83,116
574.9108200455581,1664.9371298405467,439.8259216524305,3.46385501598349,0.0319777548852345,6.762699250920059,2480.0,0.001471289568530053,83,280
552.9526055446911,1646.5301967099965,435.4677376907265,3.4111286869114443,0.017153551369223818,7.363828073224065,2629.0,0.0013690099620790425,83,245
489.789628681178,1775.7010243277848,391.23467518285673,3.4486539154320917,0.016311904023741792,6.412040771242723,2284.0,0.0016316426424882009,83,153
1452.9125924290918,2486.2849575102086,450.6253958327161,3.4126170591766667,0.026525305280622115,7.857721282592334,2710.0,0.0013496968175300008,84,237
1197.564598972738,1049.5905439220335,377.61821328306075,3.420312577414883,0.03269612055767351,6.5149461267063025,2200.0,0.0017512617536083173,84,128
1252.5667583580196,1931.0378755818874,470.07076938647305,3.439689555813491,0.035369950661059836,7.55932680350655,2733.0,0.0013358824619939232,84,7
1255.8737118061833,2288.519707105406,550.1399546078253,3.4258158249054316,0.010319990414599762,9.101031612116438,3571.0,0.0009730258957597185,84,129
1426.008014354067,1407.0752392344498,415.7629741928602,3.4371666867546424,0.02072759993419271,6.664143366249195,2137.0,0.001818081253723141,84,27
1278.8631874161688,2236.849286672357,407.85552049708696,3.4990897138760184,0.021518686969249672,6.216551647620518,2294.0,0.0016602195499420198,84,188
1130.9943387325052,333.12250353829216,316.248415417751,3.4517545126044844,0.06386746933882272,5.420833036725091,2899.0,0.0012439877027051387,84,186
1030.6734785036292,1389.3498604131769,445.35376003553387,3.4047131257204883,0.019638434470776688,7.708524043049442,2661.0,0.0013801015845083795,84,12
1010.1106882008024,1597.7298631828,483.44878853215243,3.4171005961049543,0.04081548359922363,8.056650935316192,2811.0,0.001291068787649555,84,29
1005.6378409750436,1843.6,428.4447395540061,3.4331354526968685,0.013786344539350138,7.111735084877872,2538.0,0.0014628206398966965,84,4
982.8157360406092,1657.670389170897,293.91856189949806,3.448754649064155,0.04331401945202342,5.172170970820271,2106.0,0.0018528683244802568,84,64
2127.7204169221336,1372.1336603310851,243.34069769445756,3.029860250429825,0.03954361527973638,6.415481300344374,1056.0,0.005265106495590176,84,88
1576.1807014067763,2096.3308896374083,250.99948932432602,3.4570018655125603,0.026237868280582926,4.227255120381952,1639.0,0.0026032340161996135,84,141
2003.7264417260385,1014.2345745395886,369.95942165319224,3.455359315380512,0.0238206668794764,6.166819234439553,2114.0,0.001843764198835497,84,123
1986.384875846501,2202.20019751693,352.5033446266738,3.431303413445706,0.06805599893904225,5.7689599289918405,2310.0,0.0016456574745932946,84,21
1953.9450021088148,1608.405820328975,589.5777582603299,3.4103447459717406,0.01587622655103209,9.8470178098309,3670.0,0.0009427731282739156,84,95
1730.2949333333333,1703.323911111111,559.4896482858466,3.443770543395067,0.0245786694345324,8.852369546211618,3276.0,0.0010759027701996336,84,80
1581.9979288919571,2511.5124266482567,288.14960197050624,3.3989429614354334,0.01835312099057194,5.172170970820271,1743.0,0.0023878780016658987,84,55
1582.0078101531992,2488.843796936017,165.55920347942964,2.9956411710739963,0.13024735887655955,4.774311665372558,802.0,0.00949508313810074,84,213
1517.5475368114887,128.87638611161606,273.57800490848376,3.4316501140120756,0.014390802105602512,4.824044078553522,1670.0,0.002535084058656918,84,11
878.9895752563109,2486.3437580770224,577.2441197914508,3.4492592692246817,0.033100500237845394,9.399426091202223,3674.0,0.0009415902842601639,84,137
921.5879017013233,1596.2118024163722,605.0942711727907,3.4328917290540315,0.04154296720687648,10.045947462554757,3612.0,0.0009602645210919952,84,91
377.87761640324646,961.5763562580094,465.6943170265482,3.4269548654340842,0.033426446793203134,7.957186108954263,3053.0,0.0011693626990565346,84,33
357.2603653693408,263.1891977760127,313.06554097416927,3.4833086623912717,0.023739036329551606,4.824044078553522,2079.0,0.0018842697760333195,84,206
352.19235924932974,1866.328529937444,445.204562795991,3.430221700054991,0.04037663007299021,7.360397150782693,2623.0,0.00140464066064024,84,30
139.35409079873756,1041.9865258557902,409.6956197847826,3.4485079159430563,0.04355641011043118,6.564678539887267,2434.0,0.0015409115435344983,84,110
865.7918966774295,655.7624205811894,477.4808989504367,3.4370709814563956,0.03432788319649613,8.006918522135226,2737.0,0.0013335087805199644,84,53
240.0680473372781,881.7208579881657,336.1911131033176,3.4778462014849696,0.043514196832091394,5.470565449906056,2099.0,0.001860908507583661,84,0
459.0242691671263,2308.3050193050194,360.65946038835193,3.4268818230620846,0.01440208720347134,6.067354408077625,2028.0,0.0019465836349965306,84,40
463.33607468326295,505.9572127139364,447.49225380231536,3.4382593020638357,0.029550243785469894,7.55932680350655,2566.0,0.0014431303105578472,84,43
848.5387152090753,746.7380292837356,377.02142432488915,3.41271395539582,0.03294305678121178,6.415481300344374,2195.0,0.0017563849274156412,84,13
846.0467827839356,1644.741471138621,345.4910743681579,3.3382982074028185,0.041772909042768654,6.3160164739824465,2353.0,0.0016077585359930613,84,74
835.4342287454998,1654.933674882304,359.16748799292304,3.374916022012334,0.04891542399953354,6.713875779430159,3335.0,0.001053623105817314,84,147
798.580920773902,1907.2003248128794,704.3104354688141,3.3861952567183637,0.01705131058015978,12.283906055698143,4473.0,0.0007529017970377792,84,52
701.7578637700838,1721.2329712604662,439.5350676933611,3.421194406921061,0.023932101271737432,7.55932680350655,2638.0,0.0013948506642977158,84,116
488.8874680306905,1774.8646937035685,408.35284462889655,3.4929683876825877,0.01635817190523165,6.266284060801482,2374.0,0.0015898771162361053,84,153
574.9257453803424,1665.7457204398595,438.6896166692847,3.447995758905355,0.030034702786829445,6.96253784533498,2540.0,0.00146139638597135,84,280
551.9879481156164,1652.1541211316514,486.9300574548199,3.4693310288532966,0.039052260534225516,7.459861977144621,2821.0,0.0012855399570602898,84,245
1197.71640625,1048.0524739583334,404.9536670092065,3.4449729377263134,0.03070712227638363,6.432857731135832,2277.0,0.001682751646009795,85,128
1236.0594813935074,2295.4164687252573,532.7671681589873,3.4021644407681,0.020033291523223407,9.069274834060353,3477.0,0.0010076738455694536,85,129
1251.7665669089354,1930.340316374519,493.3263682992365,3.431208777167256,0.03329969992098378,8.067436334949036,2815.0,0.0012940709595559504,85,7
1277.2322062886462,2236.8302854887515,400.7881279865858,3.494559456727802,0.025446033613833817,6.274672704960361,2294.0,0.0016669311831139831,85,188
1452.1765665036105,2486.4008851618914,452.72554491419885,3.4298059128829124,0.023168856168289124,7.698337940539603,2706.0,0.0013576025617856996,85,237
1425.9391789153574,1407.7867460719717,416.13207552560647,3.426792116074695,0.04378895925969651,6.749227783486775,2143.0,0.001818816607671691,85,27
982.2233735349074,1650.0947851197554,310.41174969833315,3.4989624514694255,0.03640899190532996,4.90373581143961,2170.0,0.0017896587591299247,85,64
1031.5414937759335,1389.8636468418626,457.471095699463,3.407660261162995,0.041019530207151364,7.803794624656584,2686.0,0.001369943204448493,85,12
1014.3316805001617,1598.9607631777515,489.16082927661574,3.4084683613042173,0.015162841736551497,8.541991413475449,2863.0,0.0012679414594303046,85,29
1005.7242516799023,1843.5989004276114,431.5814797487442,3.4022522993765936,0.02821016353971854,7.540152914364132,2550.0,0.0014602014342394152,85,4
1131.0888050745757,333.1760672038402,307.56441922717465,3.4684292863461526,0.07156598001070143,5.220105863790552,2890.0,0.0012537021182293339,85,186
1516.7291948579161,127.25676589986469,311.7299582497954,3.4685665615468477,0.021099179282607877,5.220105863790552,1764.0,0.002358109439804488,85,11
2127.770985794232,1372.2070598364185,244.97587720374653,2.98525577543528,0.022372951840949378,6.591042757311304,1059.0,0.0052583665554921406,85,88
1582.7350372047881,2488.7175671303785,162.98330530279392,2.9715571766922713,0.0980743967454267,4.745550785264139,817.0,0.009100371429369583,85,55
2010.7866475233309,995.3933955491744,367.25290243738584,3.4076473264567064,0.04272321553928082,6.274672704960361,2087.0,0.0018824269359434848,85,123
1987.0776507129747,2202.963010024001,373.4748468002877,3.4797573188607016,0.04886316057438986,5.6946609423169665,2434.0,0.001547144342549681,85,21
1954.8060284677645,1595.3720346078705,566.7769487867137,3.4032212088999843,0.014123384152391495,9.70201493876224,3587.0,0.0009719316706639185,85,95
1578.0286281179137,2099.9719387755104,186.02559078235424,3.4563195923867562,0.005441804911906613,3.216428865567916,1292.0,0.0037386709896779793,85,141
1733.4335336660895,1704.017520627483,517.6341339882006,3.4162367192261036,0.05078411446085534,8.700176439650921,3154.0,0.0011296575721044101,85,80
1610.2071403932391,2486.2024836150395,305.71892725512754,3.4801710020512577,0.04317366408988974,5.220105863790552,1772.0,0.0023434424561595063,85,213
921.637266971509,1597.731269785438,599.6267058891532,3.429853316715192,0.034301250167624836,9.75474328082073,3586.0,0.0009722451753962,85,91
866.677919203099,654.9354731599336,476.40057049846104,3.4409397565798403,0.03876376309447431,7.803794624656584,2740.0,0.0013371260263097858,85,53
379.441156462585,962.3139455782313,465.0639769558856,3.3875857127829616,0.036676595021460576,8.436534729358469,3053.0,0.0011741008586630087,85,33
361.5793678360542,264.652309829802,303.6097935727879,3.4680099106742626,0.041154419986296535,5.167377521732062,2167.0,0.0017928522711922114,85,206
352.136582501468,1866.3446858485026,448.981832628046,3.437351395389278,0.037698129052764213,7.32923954613017,2628.0,0.0014070341376781225,85,30
458.12404580152673,2308.217997651204,359.1854661024368,3.4152347705354518,0.015462185035662044,6.11648767878489,2025.0,0.0019582516696427803,85,40
240.94357946662555,878.2020965006936,342.0487549334274,3.481657102595316,0.03853037044916988,5.536475916141495,2102.0,0.0018649562241303344,85,0
139.39033078880408,1041.9744274809161,414.4447685797348,3.4189079100949655,0.05171542363895392,6.9601411517207366,2450.0,0.0015345416866906498,85,110
880.5248817407758,2486.4535477767267,557.3385755582439,3.398758747213414,0.03245948087116446,9.86019996493771,3603.0,0.0009669429505588594,85,137
477.0054568675258,533.3852316266109,454.14921014977807,3.4005586171431443,0.02631785172935203,7.803794624656584,2569.0,0.0014468836324921016,85,43
488.8741387795276,1774.9269192913387,428.5759642514102,3.461454651889378,0.01424706601524713,6.643771099369794,2392.0,0.0015812328930011376,85,153
850.5286415711947,1633.7598199672668,386.60420397285185,3.3210425341097434,0.010136153778259011,7.487424572305641,2061.0,0.0019134977042308066,85,74
847.0791030403082,747.5447791993397,383.28231842316694,3.43046004622791,0.012970477125392654,6.538314415252813,2210.0,0.0017481405008350828,85,13
834.9324540367705,1655.6554756195044,395.7789354910292,3.411884216022553,0.027130747909817673,6.749227783486775,3340.0,0.001056041392865853,85,147
797.8614768174012,1907.909344590727,736.9313086094622,3.394212472086398,0.03478574682157276,12.443888725803742,4651.0,0.0007236526222395549,85,52
701.1512380952381,1720.4904126984127,415.23569371061217,3.368217464607784,0.029082835924542083,7.803794624656584,2555.0,0.0014566730373806983,85,116
575.0299925944212,1665.6793384349544,427.2050273578895,3.4625513585561944,0.016967410476331896,6.591042757311304,2529.0,0.0014752092769811753,85,280
553.6180073971336,1652.8676606564957,456.2056154900592,3.3794543900029237,0.04817713204313128,8.120164677007526,2723.0,0.0013472864961376028,85,245
1278.0635493270431,2234.398362702928,380.6650486985231,3.4697247543513865,0.009989364809044192,6.179798903528125,2221.0,0.0017383979069701097,86,188
1236.1049278952491,2294.677519242679,597.0108291160548,3.4334846917084185,0.028995646255800922,10.035570868977297,3675.0,0.0009458505299114366,86,129
1251.8285005077287,1932.5345819699876,468.1329716407673,3.4477613835720016,0.02731552455981599,7.711543930898345,2750.0,0.0013322532276817125,86,7
1197.0352194742975,1050.6884630325003,407.91954642690354,3.442541813021845,0.01706840028378614,6.602349255906117,2284.0,0.0016774947190342695,86,128
1128.8931478968793,338.64687924016283,311.41960970257975,3.44382128170914,0.010747360365630674,5.070604228535898,2386.0,0.0015874515174753182,86,186
1037.0927160493827,1385.4582716049383,427.8322317827164,3.391838424989399,0.011419239216640642,7.394631166614851,2606.0,0.0014227352924629775,86,12
1014.3211931627751,1599.6315495475367,472.78102551692524,3.38863557764653,0.03712228789147531,8.609463429701577,2816.0,0.0012945196074609347,86,29
1004.8915146185975,1842.8976698175422,480.5453882418708,3.4756952172695157,0.012468832821818059,7.3418123725676026,2654.0,0.0013912392286522946,86,4
2127.7509263071224,1372.1811445039111,256.59370148153533,3.038249371346371,0.057932550983331714,6.496711667811619,1075.0,0.005119321069464598,86,88
1424.5941593886462,1407.811135371179,387.0561227782402,3.366528669689714,0.04008251222346063,7.183355990425856,2056.0,0.0019210668598692445,86,27
998.2099401595744,1643.302692819149,317.7578649882496,3.4367866764718564,0.00749929436277455,5.44033578686664,2173.0,0.001787853039443148,86,64
2012.4145589142504,994.3337446020975,342.4770606023621,3.3885262000993923,0.04552003476781328,6.338255285669872,2028.0,0.001955944424057016,86,123
1987.065261627907,2203.7758720930233,363.3933030450727,3.4777323204961097,0.021772592576974354,5.7044297571028855,2438.0,0.0015451682335249552,86,21
1966.6436591201914,1594.6105282532671,573.929016117407,3.4096905027433846,0.06076237651506524,9.613020516599306,3662.0,0.0009497217814130679,86,95
1452.9304701102728,2486.391526407429,455.0339107170496,3.4320195192141574,0.03393034503544779,7.711543930898345,2714.0,0.0013537773600056152,86,237
1731.9448769007965,1703.329018826937,583.5420366340062,3.4586624764489025,0.025332793738215297,9.032013782079568,3353.0,0.0010520721802192287,86,80
1619.9005628517823,2456.8157939621356,309.6765894990205,3.431575744870753,0.04826830049290534,5.44033578686664,1854.0,0.002204681639908051,86,213
1582.8945082221533,2488.635743096494,170.23497321428331,2.9020625615907916,0.08286610967372793,5.123423022583147,824.0,0.008918153811936773,86,55
1514.3417657899145,128.75238733456192,315.2753816680289,3.455967182137885,0.02871870241112456,5.281879404724894,1769.0,0.002350715658341931,86,11
865.6626988541551,655.07075314273,474.7881396907207,3.4413865835637445,0.017675342022993586,7.553087548756598,2716.0,0.0013525633452066523,86,53
879.1075961007908,2489.6250689718595,574.351566469785,3.4494563789503707,0.012646901833297586,8.926376193985071,3719.0,0.0009329788242760186,86,137
378.74736613446294,962.287715868361,486.30263679302095,3.4048215545922917,0.042396182590909,8.345369459465331,3137.0,0.0011377856048229904,86,33
358.11105336105334,262.34026334026333,304.8700792407209,3.477155423706257,0.03548077397993955,5.176241816630395,2160.0,0.0018017351418342486,86,206
353.1046989904026,1865.5439361834726,423.76518464107824,3.4394025957468344,0.023521504563157457,7.183355990425856,2553.0,0.0014592112988209497,86,30
240.24952350698857,880.6195997458703,332.5471273214793,3.444928873405203,0.04228816231402624,5.7044297571028855,2101.0,0.0018675469171962548,86,0
139.48971308607418,1043.626312106368,377.39028346759363,3.398040022895675,0.05659265317359778,6.655168049953366,2358.0,0.0016111922985693975,86,110
920.1536112257533,1596.1139909203466,639.8996898824208,3.449751317396348,0.01619858447439464,9.98275207493005,3700.0,0.000938493829571754,86,91
461.1197346088567,2298.4988427711774,342.3186042202204,3.386919481860847,0.017266833074091128,6.021342521386379,2002.0,0.001989484146629318,86,40
489.67540508496904,1774.9552101172442,400.9474656126667,3.443160615726242,0.026375394164525577,6.44389287376437,2365.0,0.001605190779390978,86,153
853.5197889182058,1637.769525065963,400.36645887814694,3.3058475416052886,0.034794235453126945,7.711543930898345,2070.0,0.0019040903971869715,86,74
848.6078841064215,745.27329711659,379.1861224652001,3.4268468025603966,0.008803756177266945,6.602349255906117,2205.0,0.0017545761185762201,86,13
835.7912844036697,1654.0674581759308,391.4929014782091,3.4093178880757935,0.05004808809069369,6.549530461858868,3320.0,0.0010643217700443816,86,147
797.9414401986481,1907.959304731687,765.766876097015,3.3965101010193375,0.0223386827038845,12.729329365386993,4738.0,0.0007094017178645605,86,52
712.9286306071724,1729.6115516629186,446.26599090520625,3.3922380470605535,0.036023762184102984,7.817181518992842,2668.0,0.0013823138707294638,86,116
575.7840805123514,1663.3361652071624,404.1165932555016,3.419710372267238,0.022690025197698575,7.0777184023313575,2470.0,0.0015202492867594092,86,280
553.7398644768577,1654.4035833237624,459.8932397693965,3.3713028318391873,0.04396370261764988,8.028456695181838,2708.0,0.001357432515607119,86,245
494.80440711246865,566.8778226246318,484.189885031131,3.4389595337560785,0.022162084812103414,8.134094283276337,2671.0,0.001380416172798786,86,43
1195.0121468541013,1047.4183158182066,377.6845830451649,3.4681179661854338,0.017144316682418136,5.927900511832123,2115.0,0.0018417727254146357,87,128
1236.1038690757734,2294.655756314445,544.9029244398032,3.40961652051254,0.015017681540738972,9.53618777990385,3406.0,0.0010275658419605707,87,129
1252.6726634488812,1931.796511627907,469.90209622488373,3.4263869087996075,0.04937045093811303,7.835138067812893,2650.0,0.0013864992969150607,87,7
1425.3395507684224,1407.0346775252856,392.4270138832865,3.4203899462980294,0.02169968765854772,6.701104926418921,2049.0,0.001919529380069451,87,27
1279.9979330301778,2237.601350420284,374.07629577709315,3.4092094550565557,0.019157671403361234,6.443370121556655,2138.0,0.0018161352712329386,87,188
1039.5387252412393,1382.0316150330116,405.9838646190417,3.437388901201108,0.05349169291981671,6.701104926418921,2450.0,0.0015276690877141974,87,12
1127.5054158252249,337.8063154029741,280.7762964169528,3.4552397663861836,0.058096040456845854,4.742320409465698,2160.0,0.0017922715853218075,87,186
1043.9278836706621,1662.586755747691,262.32248438881453,3.4482674260133557,0.020673067504905957,4.690773448493245,1904.0,0.002115772562369159,87,64
1452.2299338999055,2486.408640226629,436.70585335862387,3.410393490238701,0.048047579151822305,7.525856301978173,2612.0,0.0014112780047087952,87,237
2127.928316914693,1372.1712429260112,245.9305507995744,3.082835966086397,0.02429204950930876,5.824806589887216,1045.0,0.0053652768106743865,87,88
1016.9057573280393,1596.3655261006656,441.3966268071171,3.453922517140259,0.013731749816342778,7.216574536143454,2639.0,0.0013935821419870289,87,29
2015.6345787545788,974.6398534798535,351.80800863699335,3.432019023658607,0.0661506171234989,6.237182277666842,2040.0,0.001930644197881399,87,123
1987.3338637810311,2201.371578612349,323.9211027508962,3.3833898007180316,0.0972816637306011,6.030994433777029,2208.0,0.0017423215056700746,87,21
1965.6818624796967,1598.938061721711,476.03618458060566,3.3784244893617847,0.09499021482892968,8.402154638509877,3284.0,0.0010723655490121086,87,95
1729.5929933024215,1705.7017001545596,500.2632562376587,3.416841641138529,0.05351856251521288,8.762983365317051,3082.0,0.0011557988262389293,87,80
1612.6195391705069,2424.517050691244,279.64226327555883,3.395198561481994,0.05642831096261399,5.257790019190231,1753.0,0.002367868819536426,87,213
1582.9844756883422,2488.185998828354,175.98132475995536,2.917835986208545,0.13095084817541824,5.257790019190231,821.0,0.00894959237090993,87,55
1514.2548209366391,128.79907024793388,299.3847493280084,3.4560652557990856,0.002877399706633736,4.948508253355511,1681.0,0.002510499552643996,87,11
1004.1157694743508,1840.4877770740975,406.96325687751835,3.4454952646529704,0.022793271844458993,6.598011004474015,2370.0,0.0015925279259850296,87,4
920.1589357605461,1595.3845615263435,588.9755760712508,3.4220329951228456,0.013978921632405479,9.53618777990385,3404.0,0.0010282700641062695,87,91
379.5178688167357,962.9778818914796,473.0980078051758,3.4141081169227663,0.03942113043426623,8.144419833647612,3059.0,0.0011661292852318285,87,33
360.65539073806076,265.73715629522434,284.95160025572153,3.4211185449218364,0.01825846516949784,5.206243058217777,1938.0,0.0020662399221945795,87,206
353.1324990798675,1865.4212980002453,420.1592788864664,3.4439978709060703,0.016736316914442738,6.907292770308734,2528.0,0.0014693240000226726,87,30
239.32836071069394,879.8354006034194,307.52916916165606,3.3839408954514583,0.03263406008720158,5.72171266794231,2016.0,0.0019609228702439684,87,0
140.03498190591074,1043.0465085109236,384.5918758154736,3.448396071279365,0.046082788851283044,6.288729238639295,2272.0,0.0016798971878189298,87,110
466.8348495451365,2285.3172848145555,368.3030361481784,3.4530338786507535,0.019884588801117143,6.1856353166943885,2037.0,0.0019343777965108223,87,40
500.7032376158334,595.458986385997,450.5719858602138,3.3525283425513517,0.028415465636072237,8.299060716564972,2562.0,0.0014452634069967063,87,43
488.2740365382051,1775.6188825176691,386.55066033242684,3.4310886973796775,0.023206933655543306,6.494917082529108,2282.0,0.0016705452035882167,87,153
878.201018309997,2489.581122099285,526.4491124116649,3.4412015644520038,0.022299425157895274,8.659889443372144,3478.0,0.001002840803115818,87,137
863.7205088203528,656.5167406696268,429.5408257834529,3.394003649148129,0.02929839854166533,7.577403262950626,2539.0,0.0014614524947345955,87,53
849.6099916036944,1640.0496781416177,368.35458310915084,3.3237477624448464,0.01853910972828419,6.649557965446468,2045.0,0.0019244534589182326,87,74
848.7800663533314,745.2983135194913,372.8907156747267,3.437522463294035,0.006904086893129387,6.134088355721936,2106.0,0.0018520028998759042,87,13
835.8290760472923,1655.486498321413,353.14822962227714,3.3697158149865176,0.036766590508336215,6.752651887391375,3089.0,0.0011526910050434721,87,147
797.9877509603537,1907.8530115242445,711.1934205369373,3.3862830798753496,0.013922064742030041,11.958894945609151,4467.0,0.0007537238099473521,87,52
575.8941731480301,1664.6450337880913,404.28281490695076,3.4397975323590795,0.015408115940232283,6.443370121556655,2454.0,0.0015245645429363536,87,280
554.4421296296297,1654.3444444444444,445.365742801996,3.3805338719289972,0.047442005022642564,8.144419833647612,2661.0,0.001379488084524393,87,245
708.221853898097,1733.7928790669123,419.84999712063166,3.4311253605813583,0.04961201155881383,7.010386692253641,2529.0,0.0014686049064976134,87,116
1195.9182088188256,1048.8906785469499,428.5299068216167,3.466227938354685,0.01860265250067036,6.706488146511479,2317.0,0.0016716608958918283,88,128
1251.8649233189146,1931.8155721588676,497.9445067614216,3.462426826391628,0.030359786206613813,7.734489979188421,2824.0,0.0013091953395992807,88,7
1280.8398386677075,2237.591465001301,376.2486707597608,3.387018889156586,0.029380315339435522,7.0491554240704595,2205.0,0.0017805612451782216,88,188
1237.0583381467118,2293.7454410429905,593.254962391041,3.428931430732188,0.027822852451193956,9.839446112765016,3661.0,0.0009640888542071631,88,129
1074.1569212410502,1689.3114558472553,328.17734696505806,3.461172287508759,0.042973576435873,5.482676440943691,2180.0,0.0018068349648267107,88,64
1039.6657861490755,1383.6882967727115,426.2291408151492,3.4473513134640967,0.05386796237870466,6.951250487625036,2628.0,0.0014289774762223301,88,12
1014.6525080486032,1600.5637137812857,471.36331651648925,3.398224261840674,0.031195682227515405,8.321919597860958,2821.0,0.0013108772152007834,88,29
1128.266134397871,338.64404524284765,294.3022389549417,3.3740526873370174,0.044517982435059715,5.433723972720979,2311.0,0.0016771560395984623,88,186
1425.3414006179196,1408.5173789907312,380.26277315402314,3.36978226949002,0.021943741216692913,6.951250487625036,2041.0,0.0019683211582816993,88,27
1004.9944027880452,1842.835251874538,463.53092160085544,3.46786463401685,0.02753036407628637,7.0491554240704595,2635.0,0.0014243233498906925,88,4
2127.96844374755,1372.12524500196,249.7554928722742,3.0745984494312424,0.029684364132743925,6.559630741843344,1043.0,0.005493514190277551,88,88
2005.7332866152767,944.4402242466714,349.27586076904674,3.4303562611609797,0.03411903209180023,6.070106059616229,2049.0,0.001958248135417544,88,123
1987.2281254279064,2202.1600712036147,357.4998754304622,3.432712283972815,0.07486167172084567,6.216963464284364,2328.0,0.001661679431476075,88,21
1965.620012468828,1600.6369492934332,471.1185541753757,3.3517002298222005,0.07250605511609769,8.762491811865363,3228.0,0.0011163184974533938,88,95
1732.690540666729,1702.4894948174433,524.2319821970177,3.42383749329643,0.028787885671755657,8.811444280088073,3160.0,0.0011447039863810111,88,80
1587.0477542160627,2406.5141092002004,293.1763321858193,3.425616327013747,0.01649606175215054,5.286866568052845,1778.0,0.002368918406770358,88,213
1582.990990990991,2488.211111111111,163.01171918162936,2.955577005499169,0.14463656790892954,4.7483894176030175,813.0,0.009354600078106984,88,55
1516.7974622550594,127.19884355926759,304.77806715460196,3.483820618722669,0.05760619058345154,4.7483894176030175,1754.0,0.0024137474344681146,88,11
1453.015108695652,2486.3515217391305,450.362707648946,3.461543385355101,0.02575787806042339,7.293917765184017,2690.0,0.0013887837878419663,88,237
879.9378839590444,2489.448122866894,573.7229275701791,3.429245829983225,0.013026108833553329,9.692588708096881,3675.0,0.0009598567372091515,88,137
378.8077224617797,962.9785378283026,499.5109857445484,3.416114072844007,0.02526120339350569,8.419824534306382,3159.0,0.001145132194571645,88,33
360.6212336051046,266.67511520737327,276.18982571253844,3.4218369994644595,0.04816541639121665,4.699436949380306,1897.0,0.0021691643229828023,88,206
352.48373936356217,1866.2318452034037,419.9632248826422,3.455594786785351,0.029785034005780402,7.147060360515883,2561.0,0.0014751125801269608,88,30
467.87011153466045,2271.582803896654,346.73033242146573,3.463673650128648,0.006274054548140642,5.6784863138345365,2031.0,0.0019810591084254373,88,40
236.41878172588832,876.4785109983079,289.3090871962251,3.3203724333945885,0.07046703258146167,5.531628909166402,1915.0,0.002141845669924144,88,0
140.00642547841878,1043.9302975275878,350.4507200063918,3.4384618617714553,0.037557145571239466,5.972201123170806,2115.0,0.0018789202015186209,88,110
920.9420592247814,1595.4159377257042,609.9967065232083,3.428321831247068,0.014952593658323434,9.98630351743315,3605.0,0.0009813972199044663,88,91
511.7382767624021,638.2321671018277,468.71988323246285,3.410550364076271,0.030683352480607263,7.9302998520792665,2650.0,0.0014144516011086552,88,43
860.5471226021684,671.4570475396164,410.8580657932178,3.394983719036066,0.02800745809055797,7.244965296961306,2534.0,0.0014945575703813672,88,53
490.5103009114746,1774.911599450618,392.0603179956966,3.408581709021296,0.028322958688526193,6.706488146511479,2294.0,0.0016929236512297438,88,153
849.4449600412478,1633.948569218871,379.773248471796,3.3524778921762173,0.014390833963800231,6.902298019402325,2051.0,0.001955745968307726,88,74
847.2517755681819,746.0408380681819,413.55045154546696,3.45774000021559,0.021929638165665725,6.461725805397921,2285.0,0.0017013918370004434,88,13
835.0597034006648,1655.6379442597802,382.90620643804954,3.439973628245914,0.03865514373265922,6.510678273620632,3340.0,0.0010725143332031037,88,147
708.2288302051506,1734.7553470100393,448.6004187929284,3.4118410134162658,0.04431947648409009,7.734489979188421,2652.0,0.0014131456973317216,88,116
798.7292904703945,1908.775828739171,683.7191236666118,3.3765391575071986,0.007061123935569805,11.748592373450766,4450.0,0.0007722069847802174,88,52
575.0747769117813,1662.8495425279566,433.37620117566513,3.4802698636358746,0.036614423401621306,6.461725805397921,2529.0,0.0014982148899708673,88,280
552.9647405536259,1652.4550047363437,465.09740058398216,3.402080259115629,0.02713491603091165,7.832394915633843,2736.0,0.0013603939243979311,88,245
1195.8899574117324,1048.915235609287,407.1335026940643,3.50870798658544,0.008345564461183987,6.040722391943803,2281.0,0.0017499243925700799,89,128
1236.1259211791094,2295.4052120046995,523.6970718126836,3.3713204474403313,0.031170972768063413,9.228881432136365,3438.0,0.001064119129682034,89,129
1252.6117868338558,1932.48802507837,446.06260255325765,3.409906276578144,0.04673087956741486,7.494970375189533,2674.0,0.0014356444585021826,89,7
2127.9389416553595,1372.141564902759,247.3340223812546,3.0451153135353137,0.025350590029190885,6.376318080385126,1042.0,0.005647795483940197,89,88
1279.9322134681136,2237.6530399881076,376.2586993574626,3.441844137356313,0.016219883564557253,6.320385465644905,2207.0,0.0018251575489394633,89,188
1041.9560074428496,1390.4514885699095,420.8369933054183,3.447795526500542,0.01709494421391396,6.767846383566668,2585.0,0.00149651043210996,89,12
1079.3622966507178,1719.2625837320575,292.2479120176516,3.4440156821853694,0.05569487501687448,5.201733170840497,2084.0,0.001965620943750349,89,64
1013.1713473160327,1600.7965398743927,472.01533579271995,3.4122486963899528,0.05766858261082986,8.054296522591738,2805.0,0.0013545535277186668,89,29
1425.9764490383357,1407.0787648828993,427.4929744595045,3.403440855354223,0.0038579548658672497,7.159374686748211,2152.0,0.0018854031291311738,89,27
1130.3527326991234,333.47714978548777,299.85474762232155,3.4096377442077856,0.08703394865625055,5.5373288592818195,2814.0,0.0013493173941174473,89,186
1452.2392199612402,2486.3093507751937,461.7796672952596,3.4316237653138297,0.02961601860210437,7.886498678371076,2706.0,0.0014149527320450007,89,237
1516.8163155051323,128.8312623806951,310.5938096524439,3.485479642952611,0.02392261345764553,4.922070097139395,1755.0,0.002475129548446531,89,11
1004.9014784445272,1843.6410734252702,450.201616044034,3.4531455497991828,0.010075661364496264,7.215307301488432,2562.0,0.0015130883425499614,89,4
1987.3847672314525,2202.1003454515544,340.0143650057998,3.397283685080474,0.06791872539097034,6.152587621424244,2273.0,0.0017577573562931753,89,21
1978.8828285798295,922.261834754484,380.4536454629791,3.4326381980234744,0.037732635964150066,6.264452850904685,2110.0,0.0019341563152720312,89,123
1965.590549233053,1598.2016328550224,452.1592575599417,3.3860908262511167,0.07379519482856708,7.942431293111296,3198.0,0.001158280591152533,89,95
1732.6929644439642,1702.513887387874,517.5444841912594,3.414073137072557,0.02100221600990399,8.725487899474382,3148.0,0.0011800344542177935,89,80
1582.9045005488474,2488.4204171240394,152.86383608502234,3.025685868122735,0.14488378420221504,4.30681133499697,789.0,0.010359861206053634,89,55
1546.03081232493,2402.4704014939307,299.5191519338802,3.355611824832284,0.02991514139792527,5.64919408876226,1766.0,0.0024538629105931207,89,213
879.9415320582698,2489.552175205629,564.416015343564,3.4517642509818596,0.01666101129727336,9.061083587915704,3659.0,0.0009900086804324338,89,137
378.71033582532334,962.2124124836834,471.3441444158373,3.4099826228404813,0.008420928839133656,8.27802698155262,3068.0,0.001216592912792634,89,33
361.85792542852096,265.6165400247394,316.5226668149072,3.4496351008524653,0.03091579034197347,5.257665785580717,2092.0,0.0019558310267819177,89,206
354.79131152048393,1865.4455595270827,406.8538396203632,3.427937589525137,0.020150657516345306,7.04750945726777,2514.0,0.001548896826280859,89,30
236.45236280487805,877.2153201219512,293.53436215667665,3.4234329689192,0.04639549705932714,5.481396244541599,1932.0,0.0021722077789950627,89,0
140.1344733773805,1042.9680010364036,431.74385317976123,3.448978512379769,0.02630383745867871,6.8797116130471085,2457.0,0.0015936844053259114,89,110
455.4009958506224,2251.5905394190872,336.9940038098279,3.406486368326367,0.060200890081613695,5.872924547723142,2020.0,0.0020476157070218257,89,40
921.7148854613489,1596.8787076754586,612.8536597085949,3.438702995004441,0.04764930529339192,9.90007280901901,3609.0,0.001005857739645848,89,91
523.1159169550173,687.412011863569,452.60671847786347,3.390399635526956,0.03541857472726487,7.942431293111296,2602.0,0.0014844887977740456,89,43
866.719395661157,682.4200671487604,433.14216854826674,3.411097894076804,0.012604014609339033,7.494970375189533,2634.0,0.0014623759910285198,89,53
852.2757754800591,1638.3788774002953,378.6638017912921,3.33970341601502,0.02418227741741064,6.935644227787329,2042.0,0.0020186693285146077,89,74
846.3828620888632,746.1211771494518,387.7248853792078,3.441037431295628,0.010463735270918062,6.376318080385126,2207.0,0.0018251575489394633,89,13
836.4390432098766,1654.9458333333334,362.4433435166282,3.330925055955937,0.043905533218870106,6.99157684252755,3095.0,0.001204003808651012,89,147
488.96707034970746,1774.0752483331066,411.0487857258797,3.507063804686216,0.025615853734232953,6.096655006684023,2366.0,0.0016708156182079204,89,153
798.6005150490906,1907.7769998390472,695.0186707619787,3.3769200832045514,0.02169982845223362,12.249242628108266,4467.0,0.0007890846513634171,89,52
576.5561988138944,1662.7109573566788,396.11477759024086,3.4277140171293574,0.03641480700248432,6.711913768826448,2370.0,0.0016672686929903007,89,280
550.6292052657241,1650.9235738664067,458.8711713287681,3.432873032879782,0.039000478948289743,7.494970375189533,2717.0,0.0014079770270614394,89,245
707.3409204602301,1734.8299149574786,447.2371874628023,3.3829309941314984,0.05087686236495833,7.998363907851517,2638.0,0.0014596581246094178,89,116
1197.5227138643068,1049.6570796460178,357.728244095895,3.45696253530487,0.037775477305146514,6.067661957378749,2036.0,0.00184497482692638,90,128
1252.0114713800772,1932.5580007023293,450.7481400164057,3.4523901879808894,0.03330196486690179,7.386718904634999,2557.0,0.0013808999669552206,90,7
1280.0188118811882,2237.670155586987,373.0293046840675,3.4170924057148024,0.006987323655090879,6.436997902610499,2126.0,0.001743743878614093,90,188
1236.9702838405574,2295.451275745466,514.9070699309497,3.3980247784135673,0.01806080350441584,8.758538129781499,3293.0,0.0010188626545414245,90,129
1015.9619071967276,1597.5850696663683,412.7592999354257,3.43878741013497,0.017988171700444637,7.386718904634999,2559.0,0.0013795678788705195,90,29
1078.9759295850547,1735.7655828992276,293.7276010150217,3.4338157134405196,0.015997939658892783,5.22346551113475,2013.0,0.0018727590229252738,90,64
1039.468005952381,1391.1965773809525,354.56250742247994,3.4100691237233636,0.05266882844904783,6.384235624720249,2267.0,0.0016057155946219558,90,12
1426.0579616182572,1407.8315612033196,406.902687089608,3.411028306520457,0.031306673767986994,6.753571569951999,2066.0,0.001809950005205729,90,27
1128.365467896818,338.609489738279,280.22045787511775,3.412488279368217,0.03126775426889836,4.906891843793249,2118.0,0.0017522901436299422,90,186
1452.3213235294118,2486.3029411764705,430.54018758443993,3.4374309262222305,0.017144595692636603,7.5977680161959995,2594.0,0.0013566654502529935,90,237
1511.3379247015612,2416.4646464646466,287.2906031124112,3.3631722311505254,0.0376982984727885,5.540039178476249,1701.0,0.0023535517632779167,90,213
1005.0415675297411,1844.4277116864941,376.9864755258362,3.407109842778153,0.01521509248502973,6.7008092920617495,2279.0,0.0015949707473110577,90,4
1988.3696311671722,2201.370748842408,330.45014642663574,3.414450231238736,0.07570223668285704,5.487276900585999,2233.0,0.0016369608068197918,90,21
1967.8934280639432,903.4515985790408,356.461949426529,3.4256243677698546,0.027331232835909873,6.067661957378749,2029.0,0.001853343218491469,90,123
1965.6331435079726,1599.6881548974943,463.25279987639493,3.339093352863079,0.06963720985635655,8.653013574001,3178.0,0.0010623829913869402,90,95
1732.9102679915688,1702.5327712536384,525.6705746205607,3.4270475958658673,0.012145656443222488,8.91682496345225,3157.0,0.0010707347892026774,90,80
1583.0580215599239,2488.7149651236523,166.41222446584848,2.9896248409988777,0.11530065951348409,4.8541295659029995,805.0,0.008958227850497656,90,55
1516.0986926901123,129.5374700791751,286.5519312219477,3.449773768463853,0.016161442224759723,4.69584273223225,1662.0,0.002431584229742146,90,11
2128.2578244692495,1372.2495075508864,241.07084768055222,2.9817420629422355,0.020745953649432852,6.067661957378749,1041.0,0.005150927194654473,90,88
887.881568627451,711.9100280112045,470.9033301704812,3.4515291134928177,0.02446696422742129,7.492243460415499,2648.0,0.001322784675355395,90,53
378.8895361152298,962.9378309680153,498.1814278397404,3.461899622152155,0.019478294674064627,7.5977680161959995,3138.0,0.0010784051380784891,90,33
362.83967968622323,263.1356430789345,322.8523784104397,3.498861673734767,0.026059103629929192,5.012416399573749,2090.0,0.001782873291411759,90,206
354.8017133066819,1867.0688749286123,461.9337429291387,3.4809918697818225,0.026626336540472306,7.175669793073999,2648.0,0.001322784675355395,90,30
236.48857514397176,876.4211406279027,284.0193418832157,3.3875612529962336,0.07069905748569612,5.22346551113475,1835.0,0.0021198163850002123,90,0
141.1126359399275,1041.4914552045573,407.53583442429095,3.4375391339987935,0.023956142851209193,6.859096125732499,2369.0,0.0015187490014780015,90,110
455.08105355064026,2247.444994179278,362.582373661798,3.4316246487514497,0.024538073230860966,6.17318651315925,2032.0,0.0018497474873709263,90,40
921.8337583829225,1595.4189099839425,558.5942360240767,3.391478327801255,0.03333948727885174,9.86654596547675,3267.0,0.0010283871789752846,90,91
489.0357825730675,1775.6513247746518,386.32539871241045,3.450611464009405,0.041730465938515086,6.331473346829999,2275.0,0.0015985363494748857,90,153
880.0381172393878,2489.5391279237656,548.1473050018072,3.4437296979236267,0.0007482041427885192,8.653013574001,3475.0,0.0009568301201851857,90,137
849.6039894397184,745.2452332062188,359.73321065572446,3.404955579631935,0.013083071379422908,6.542522458390999,2047.0,0.0018319761068896698,90,13
847.6917133767611,1637.6465687017119,348.2837963535402,3.3678663661168637,0.01800102180372805,6.2259487910494995,1983.0,0.0019102820884103104,90,74
835.8734939759037,1655.625036732295,359.10006332104143,3.3735283466617316,0.03519987990814579,6.542522458390999,3077.0,0.0011037912616544937,90,147
798.7889973803286,1907.8069381598793,664.6464145834792,3.3900001908493866,0.031966503034339434,11.660463413745248,4285.0,0.0007528359110998013,90,52
707.2825898924997,1734.8019275917459,427.0051149657932,3.395616482129661,0.04721873954693655,7.439481182525249,2553.0,0.0013835718755114063,90,116
534.7051939366919,729.3257913508694,473.38315723132297,3.405824912531388,0.035791270689003334,8.5474890182205,2667.0,0.0013112626164677984,90,43
574.9068914956011,1657.1317204301076,431.80648225380594,3.44911339139579,0.019999492526566784,6.6480470141715,2445.0,0.001459837281434015,90,280
549.5903843998656,1647.1255183234339,470.7978056147007,3.425533855049146,0.02200253700579357,7.914341683537499,2732.0,0.0012733190688083524,90,245
1196.7598645465253,1047.301089517079,378.3027847646172,3.438377257158407,0.009476910693873025,6.238208464905348,2112.0,0.0017476960019985617,91,128
1252.7075614586975,1930.976115577304,478.0584219132375,3.4652617718076284,0.022161208518887168,7.519269131805554,2653.0,0.0013114341808705518,91,7
1281.7035337310692,2237.734893682117,364.0997208489845,3.415426314965236,0.028137427611578794,6.3496050446358,2105.0,0.0017552511111070673,91,188
1236.9955431177445,2294.6444859038143,537.3771006197036,3.4493041334412835,0.018484187553654913,8.688933218975306,3389.0,0.0009789777799182535,91,129
1128.9633981891736,338.7229820843768,289.12982269038986,3.4443591703529037,0.05651370213533791,4.84575121827469,2194.0,0.0016638042019267855,91,186
1005.8052333423253,1843.6656325869976,412.94712106078794,3.4077895187101257,0.015308345187181683,7.073682812883743,2376.0,0.0015036101439183773,91,4
1089.7737311119722,1742.24680356451,287.51457228429825,3.4250145292214107,0.052412208168928685,4.734354638544238,1977.0,0.0019059078928958546,91,64
1033.7124463519312,1392.9698308507952,441.2418523123229,3.4677254676822846,0.039679698958070615,6.906587943288064,2554.0,0.0013742069648401693,91,12
1012.3209812782441,1597.695416397676,431.3832550061779,3.4369165095487526,0.027338665861860498,7.630665711536007,2598.0,0.0013455815107898054,91,29
1425.3321648906337,1407.7872966909704,397.24020331879416,3.3900070892343117,0.03833417911698864,6.7951913635576116,2056.0,0.0018100229041410378,91,27
1988.197049024274,2201.369506584166,351.0663210205215,3.4151857305991924,0.07642662454985147,6.015415305444443,2313.0,0.0015554506934470859,91,21
1965.6371015876805,1598.1697505073416,466.5845742010009,3.404909768089154,0.08947528515271401,8.187648610188269,3289.0,0.001013900305139096,91,95
1961.4761158966328,895.1752545027408,355.63358078947005,3.4088649458821187,0.04826060643762791,6.0711135953096695,2041.0,0.0018274797368896293,91,123
1452.2707332900713,2486.393510707333,429.1553234115688,3.4087340579753795,0.05653950335963635,7.240777682479422,2598.0,0.0013455815107898054,91,237
1732.785524215008,1702.475572112826,523.2854332838014,3.428661710968248,0.014371033207820625,8.967424668301438,3158.0,0.0010636034463268114,91,80
1582.8363636363636,2488.0353719008262,168.4873268423096,2.9972990596356186,0.09770624501414486,4.84575121827469,798.0,0.00910147639412577,91,55
1515.1135563380283,128.11830985915492,316.3662864344855,3.523837336975813,0.01701561107210371,4.734354638544238,1758.0,0.0022339742866777086,91,11
1474.4958758837392,2436.223487824038,283.6156919937324,3.362522759583875,0.018282780142265236,5.347035827061727,1661.0,0.002418351331467753,91,213
2128.073483842408,1372.24789729969,251.64487361109252,3.0679193699859257,0.018604753510656855,6.015415305444443,1068.0,0.004881205887157853,91,88
912.0419315403423,748.7551344743276,455.6120110975513,3.4528964490019916,0.010241186961001122,7.240777682479422,2638.0,0.0013205740095397485,91,53
881.5252632698649,2489.566748218275,523.6196230229926,3.423825740888059,0.019803527134499503,8.967424668301438,3400.0,0.0009752826173080312,91,137
379.5766397755174,962.9906465567637,476.38747321728073,3.426415770473931,0.01713444896695951,8.131950320323043,3057.0,0.0011053817648628377,91,33
361.17939481268013,262.2871037463977,309.2369053317365,3.4610325623568645,0.02061979160169851,5.2356392473312745,2093.0,0.0017683558300942337,91,206
354.74613003095976,1866.2364086687307,449.7636906617026,3.4530194979540405,0.0260379535612346,7.129381102748969,2629.0,0.0013261193141396806,91,30
237.92788377384912,876.3716086119376,318.204330000038,3.4289313865039652,0.030595988267612024,5.514130696657406,2008.0,0.001867095739282599,91,0
140.24100221483943,1041.4491971207087,402.36444598639497,3.4072101258418126,0.02506583946358545,6.850889653422838,2364.0,0.0015132164205678257,91,110
920.0950804162725,1595.3167455061496,588.7309238754423,3.424147650641894,0.022128317834068753,9.69150243654938,3443.0,0.0009611016513637143,91,91
451.0134585289515,2239.379029733959,355.9120722387962,3.442803385131047,0.00883862333743719,5.736923856118311,2031.0,0.0018393059060509767,91,40
487.5935879302216,1775.5794436586516,354.4082184124351,3.4059741728331705,0.021098699401902243,6.405303334501027,2190.0,0.001667709193330793,91,153
851.7720148190367,1632.0467369620974,390.8905982741583,3.3232344406218806,0.03247655302721602,7.352174262209875,1981.0,0.0019008094444480414,91,74
849.5835182719337,746.8190560733836,376.4647411990647,3.405738262750975,0.021907448405868692,6.51669991423148,2125.0,0.0017338362684966536,91,13
836.602979978271,1654.1832997051063,358.8640816016532,3.3724053897300705,0.044683499884852006,6.461001624366253,2980.0,0.0011395055352885093,91,147
798.7259697141469,1908.556887197344,687.8181815456799,3.3693949146482605,0.014011123289055082,12.197925480484564,4378.0,0.00073022695159878,91,52
701.3402796450658,1720.4118042484538,414.2838800175534,3.396374385644841,0.03986845668712649,7.296475972344648,2471.0,0.0014316592700099654,91,116
538.648049745619,762.9287733182589,492.65137385792684,3.442116035790191,0.047354819299324946,8.020553740592591,2751.0,0.001254699345720443,91,43
553.452172795063,1643.9096168680894,433.22129857173036,3.362132384857761,0.0426378441758472,7.630665711536007,2685.0,0.0012923525698207634,91,245
574.0371277029784,1647.5633074935402,409.54952537900914,3.451791517615534,0.03888809977473939,6.628096493961932,2457.0,0.0014418268680998104,91,280
1281.6627552575435,2237.6885096007313,378.14292246807014,3.4288385586999506,0.028083642053699037,6.223626276524166,2190.0,0.0017089257951143114,92,188
1252.7615748758803,1931.035561713428,499.1002516757018,3.4385596423896545,0.030739508196394816,8.067663691790585,2818.0,0.0012487452188710232,92,7
1236.9220266666666,2295.4824533333335,540.2453365038339,3.3843088905516097,0.026198441713319868,9.162560907105021,3460.0,0.000979190152022645,92,129
1426.7307951937357,1407.8577021736196,426.83703546494905,3.4142467894782693,0.008956209315104907,7.260897322611527,2165.0,0.0017343692673987324,92,27
1197.5975680370584,1047.9792993630574,398.0815770206383,3.438579277323545,0.03295558481759392,6.569383291886619,2209.0,0.00169008252328495,92,128
1110.0290087204128,1770.3173162484427,323.8014448869379,3.473592954803592,0.03942280296146187,5.24398139966388,2170.0,0.0017292201421545167,92,64
1031.7824963072378,1388.0337272279664,468.15499880076226,3.461702264805927,0.03230970046697891,7.318523491838603,2711.0,0.0013087934654307204,92,12
1014.4822923374114,1596.4287186091435,447.4672040482421,3.3134586719763144,0.011614562688410086,8.643925384061342,2704.0,0.0013129237527085985,92,29
1452.2725943646997,2484.3011695906434,433.57929726451687,3.3720833775511587,0.06703658686784782,8.182916030244737,2713.0,0.0013076181521310436,92,237
1128.203042927006,337.8911429088933,318.15408030268446,3.437753464992998,0.04937536710140946,5.359233738118031,2404.0,0.0015182670455387692,92,186
1457.2645217015763,2460.587346145541,266.86678969058715,3.3851900957631025,0.08201455817467608,4.7253458766202,1675.0,0.002449037971274406,92,213
1005.7447837150128,1843.6262086513996,452.9416901248143,3.437001178241963,0.014454009977750789,7.4337758302927535,2566.0,0.001400025343193922,92,4
1515.9894818854693,126.32411375146086,295.85275281180617,3.4868554999822026,0.021834877860785255,4.6677197073931245,1752.0,0.0023001002820921554,92,11
2128.2434367541764,1372.2940334128878,241.4536490614468,3.003657277482368,0.012239230649490888,6.050747768842939,1052.0,0.00514404524149579,92,88
1988.2435666284216,2201.442058678905,351.5772584543883,3.382926170807589,0.10114317635673975,6.338878614978317,2287.0,0.001616891956503713,92,21
1965.6380421313506,1599.7231722428749,465.04318566250015,3.349286483780345,0.08340082636248038,8.586299214834266,3206.0,0.0010706245356917722,92,95
1940.6208601087494,878.7289504036909,349.7332210391219,3.458007868916183,0.04474776674057513,5.877869261161712,2033.0,0.0018823434552667068,92,123
1732.02193600322,1703.1831354397264,572.6888697786774,3.499964062719794,0.0167586853258364,8.240542199471813,3330.0,0.0010239469967567884,92,80
1582.914275717285,2488.324352694192,164.6955916509821,2.9872600963315965,0.12995527286920383,4.7253458766202,809.0,0.009012350262089887,92,55
935.6236355007119,773.9480303749407,485.67335424579323,3.438834307632288,0.03627528701342093,7.779532845655207,2800.0,0.0012584582944318305,92,53
920.7191283292979,1596.8601694915253,666.3890209419023,3.4504322239388863,0.031291794454327594,10.37271046087361,3791.0,0.0008811271447163193,92,91
378.0650151328326,962.9430557112431,514.0830556747416,3.45661859102897,0.033208886528888405,8.125289861017661,3243.0,0.0010562570709016228,92,33
362.6320174568538,265.58163062884347,290.49351907368816,3.4446915134871885,0.04374763804718403,4.955850553528502,2065.0,0.0018441992746853063,92,206
450.1047525078112,2237.4351258016773,350.4247350698468,3.444941285009318,0.007377556670110659,5.935495430388788,2038.0,0.0018762797503264314,92,40
140.15211309085555,1044.5567663083493,391.3393152210705,3.433166084300525,0.04039577403047334,6.799887968794922,2372.0,0.0015440257658458144,92,110
239.07310704960835,879.7462140992167,331.0623422095494,3.482043956233445,0.02703072345235198,5.359233738118031,2090.0,0.0018154580239398924,92,0
353.22299115724724,1867.081250800974,449.656998478871,3.459288869442738,0.033215013031092984,7.145644984157376,2632.0,0.0013569705169523267,92,30
489.0975677553857,1774.8523974982627,414.620287588809,3.493904152455561,0.02202962054159181,6.223626276524166,2358.0,0.0015555721053168688,92,153
848.8437223042836,747.6239290989661,390.1291656673019,3.4438307824140417,0.029133724383276226,6.511757122659544,2215.0,0.0016842180491572322,92,13
846.5551839464883,1635.2971810797899,361.83471657680775,3.342954739857795,0.016806250956656346,6.915140307249073,2051.0,0.001860695431257049,92,74
836.4859187090882,1654.1654741969858,378.54630565265967,3.3512130207747823,0.06122474085575165,6.972766476476148,3173.0,0.0010837725716649356,92,147
798.7540348612008,1907.896061975468,714.103489061921,3.394138227297744,0.03243654000078791,12.043869368458802,4557.0,0.0007153398125202871,92,52
712.584810796507,1733.0691982005822,435.5385870182375,3.4362411693460113,0.06201582947802231,7.4337758302927535,2641.0,0.0013513037221035802,92,116
879.9841086391216,2486.2952903785035,598.3325150847261,3.4594972130304185,0.020840325056151562,9.681196430148702,3753.0,0.0008913755070114009,92,137
573.0292390027412,1634.1074272288213,441.47408244862623,3.4443948515648564,0.01566213459703409,7.030392645703224,2484.0,0.0014574798230307863,92,280
552.7633086655526,1645.0846264024826,482.79204578443944,3.4168847589865825,0.04348019089489748,8.01003752256351,2802.0,0.0012573716084390773,92,245
533.034067653786,803.3574094137474,478.7005877693171,3.402602761054622,0.051882184875281706,8.125289861017661,2728.0,0.0012988701369542597,92,43
1450.3192789034565,2487.4037544696066,373.04823588216055,3.3546127494020133,0.0566136126945267,7.058570613384147,2533.0,0.001401391658372293,93,213
1197.5205096333127,1048.9647296457426,357.7083501396879,3.444287115680004,0.038582916458900274,6.002563986184943,2040.0,0.0018459006836783623,93,128
1236.932939279957,2295.5599140247177,517.1653508467675,3.4124814364334974,0.002735409292868923,8.725949498435519,3308.0,0.001016566903061611,93,129
1251.1343617815378,1932.6364767355064,446.74638260143126,3.4559755650532797,0.007477430266273407,7.1697292057209046,2551.0,0.0013891777221331258,93,7
1426.0776900706273,1407.147486497715,401.33809763186554,3.397621299437499,0.02367752451558306,6.725094836373872,2062.0,0.0018201374131711354,93,27
1279.242618938351,2237.7284687165366,363.3218590526942,3.4276766790708226,0.01257260181750416,6.16930187469008,2097.0,0.0017806003433936469,93,188
1128.2892394822006,338.69498381877025,274.7840402564663,3.363255665741033,0.04658243175333246,5.168874543659257,2114.0,0.001762009909506259,93,186
1118.958627264061,1811.71782650143,291.5134084031484,3.4959598089366914,0.03984405884894068,4.668660878143845,2005.0,0.00188842545893771,93,64
1038.8815600052349,1380.0940976312002,424.68140202258473,3.4944194297331395,0.053557307966177775,6.4471983555319765,2463.0,0.0014510042670177004,93,12
2128.188240554438,1372.7006483344512,248.60619176115975,3.070197425073692,0.03722206432124483,6.391619059363597,1033.0,0.005242449530045105,93,88
1515.1194082423387,128.00387460373372,315.57924364405653,3.5160278109613023,0.02609917698993302,4.724240174312224,1762.0,0.0022479795965035473,93,11
1015.2925364988403,1595.552872151726,407.34066161805043,3.3710784233925164,0.01539733413553581,7.614363575067937,2467.0,0.0014480748210749354,93,29
1987.3953674121406,2202.2787539936103,347.9263940140532,3.3872057716201898,0.07652694866683855,6.058143282353322,2236.0,0.001639191445567158,93,21
1965.7048771804912,1598.2646256081641,468.36672881093074,3.378236771364405,0.08986570045383876,8.67037020226714,3253.0,0.0010367713728404331,93,95
1914.058102652826,870.8676470588235,385.49799822387746,3.482469692001546,0.03754960801449957,6.002563986184943,2128.0,0.00174698913277007,93,123
1464.7863879683916,2495.140453734387,218.03757886855124,3.437990805690919,0.09870361056547541,3.8349714356181583,1878.0,0.002060684003216853,93,237
1733.5754678182193,1703.9807731852766,540.5642345336552,3.451970621560383,0.04122795890031122,8.614790906098762,3161.0,0.0010724249864628803,93,80
1583.3217654986522,2488.230795148248,164.9593510277492,3.0645569718904335,0.10019566997308232,4.3907643973019495,793.0,0.00933720881747969,93,55
1005.0241687808787,1843.6822005608226,416.2333490049911,3.458720191033257,0.006524157691164541,6.5583569478687345,2374.0,0.0015193946596657505,93,4
445.37649762021994,2235.7334646315444,338.6446515539339,3.396303297309195,0.05295721182282396,6.058143282353322,2021.0,0.001868744979521401,93,40
378.0478078078078,961.537057057057,462.69764060175606,3.4212724394741065,0.03845823017590853,8.05899794441497,3053.0,0.0011175398343297603,93,33
362.8443764865783,263.1070336391437,327.13973724707944,3.506704417962473,0.0320011297603861,5.057715951322499,2098.0,0.0017794959361190567,93,206
237.23442506229975,877.2043431826273,312.2444858739538,3.412513358070606,0.049755888466810325,5.446771024501152,1936.0,0.0019782718666642024,93,0
140.98642875094245,1043.0222417692887,442.3000389079609,3.468143900721188,0.022645568497902422,6.725094836373872,2462.0,0.0014517384813936397,93,110
952.5948830033427,800.298148624325,432.2957655976527,3.435666690113307,0.015572247325910601,7.114149909552525,2538.0,0.0013979774070171649,93,53
354.0522072429289,1869.4922019561195,420.5129548099563,3.4205417313911273,0.02429524148394314,7.114149909552525,2538.0,0.0013979774070171649,93,30
524.2306665183042,840.3442750639813,499.491134665223,3.418624331839233,0.043433446752591254,8.448053017593624,2753.0,0.0012654102988315368,93,43
489.12723154809487,1774.8918198774313,417.17819703985356,3.4425551147501174,0.023200477360980316,6.613936244037114,2370.0,0.0015226200920982816,93,153
881.543414237839,2488.7735350868284,547.289329370029,3.447085831711645,0.03729548506762331,9.003845979277415,3425.0,0.0009761016124921148,93,137
852.7371403011779,1632.3966005665723,372.77033940131867,3.3282924958341855,0.013158885505443417,7.1697292057209046,1892.0,0.002040169009560757,93,74
848.9614157238178,746.2626921961125,383.16366778480557,3.427287722298585,0.009490065221610817,6.391619059363597,2116.0,0.0017598482893672527,93,13
836.5229388297872,1655.6003989361702,334.36504574896867,3.350432649102234,0.04736847688357292,6.280460467026839,2895.0,0.0011908281960783726,93,147
798.0236077979765,1908.5398535822983,675.6775035189847,3.384068661259857,0.007433186435928287,11.838390083864748,4387.0,0.0007354081284644696,93,52
919.9201077199282,1595.3539497307002,619.1533593157433,3.4419656402383927,0.011951494679156686,9.670797533297964,3519.0,0.0009458525358932286,93,91
713.7670910600609,1722.5074730141157,401.6159941127074,3.43771433924018,0.06373742336815119,6.947412021047388,2465.0,0.001449538063980878,93,116
551.0332857822159,1646.8752971944841,467.533039368405,3.4672402045768265,0.03477335615473752,7.225308501889284,2816.0,0.0012311992750699656,93,245
566.6351409978308,1634.2251626898048,384.3308330043415,3.455742284384208,0.008099437618919516,6.336039763195218,2360.0,0.001530743904770879,93,280
1280.1693582964128,2237.6524224667714,396.4418456692331,3.4072156071360533,0.016520666093592977,6.855718640271145,2228.0,0.0016687262434535942,94,188
1252.7096460284638,1932.5763289137574,465.7922557162734,3.4194645940145385,0.0391483596277791,7.648942284600038,2684.0,0.001322555455448741,94,7
1236.9467998369344,2294.614451691806,555.9364570110783,3.455426379408779,0.008701481070208463,9.008754246306712,3493.0,0.0009667556426615849,94,129
1426.8695303091129,1407.1465274989964,423.4114495764154,3.4021269942649677,0.015723183676265122,7.195671630697813,2149.0,0.0017479905863128896,94,27
1194.3882001493653,1049.7069454817029,379.3308784844241,3.4503844857244323,0.019290785935249723,6.175812659417808,2196.0,0.001699950927006027,94,128
1128.2344343204252,338.64312832194383,298.4787255946148,3.4052697113646424,0.04119105326709351,5.26927135161336,2295.0,0.0016069270719560325,94,186
1119.711708394698,1805.879970544919,307.7707739996104,3.4907304137954798,0.07558365814925015,4.985977192924469,2166.0,0.0017303042825313564,94,64
1039.0988817690666,1382.6142731498933,450.9476418009756,3.4263379038098836,0.028733499426865493,7.478965789386704,2634.0,0.001353338887921219,94,12
1444.7086505190312,2499.8359861591694,245.6160355832679,3.402760260922045,0.04040466246644594,4.6460242024978005,2046.0,0.001863390866515548,94,213
1454.864774624374,2484.4059543683916,407.2636825311487,3.3997692153825834,0.035627392012344564,7.139012798960035,2710.0,0.0013070950458880246,94,237
1015.2695916814608,1595.5376616789247,446.81154708411776,3.348738600663226,0.04384516625144615,8.498824760666709,2718.0,0.0013024104555714089,94,29
1515.1461339252683,128.86440991490937,306.29764437442816,3.4959148507549767,0.022628099398844494,4.759341865973357,1754.0,0.0022924452859519567,94,11
2128.2255109231855,1372.3380314775663,241.1966467077212,3.0148407487672597,0.056257173692235256,6.062494995942252,1045.0,0.0051991990821031835,94,88
1987.393267788702,2202.158306948842,340.0096492584061,3.3993735760992325,0.10728737630970378,6.062494995942252,2222.0,0.0016744931952337807,94,21
1965.5437303696544,1599.019569944431,469.0218091253268,3.3983175917943873,0.06873765354588295,7.988895275026707,3233.0,0.001058252448319321,94,95
1910.6511556712078,870.0007653451706,370.15214774290405,3.4318271553749016,0.04999705524707536,6.062494995942252,2110.0,0.001789964028500163,94,123
1733.5215578716402,1703.2081184860122,516.445251289847,3.415816202480428,0.028115125594653546,8.782118919355598,3150.0,0.0010912215328677624,94,80
1583.8173673328738,2487.7580978635424,164.42392970303192,2.978096006439341,0.12791045822523864,4.872659529448913,812.0,0.0089133554068781,94,55
1005.7736987679156,1843.7056826753835,450.66434764228666,3.432546233989974,0.02739391233541598,7.3656481259111475,2558.0,0.001402974871579774,94,4
954.6390699963096,815.6432525525895,460.57964319639785,3.4395112184112833,0.044359577547518146,7.762259948075594,2724.0,0.0012989189898926533,94,53
431.42916591279175,2230.881309933056,313.1533630146993,3.356400494697158,0.03612867173488694,6.175812659417808,1937.0,0.002003354376889447,94,40
379.75323506245076,962.3226060537864,503.5270376536336,3.3856108387792783,0.031827501744946654,8.838777751093376,3158.0,0.0010879545995237574,94,33
363.6107899807322,264.7504816955684,294.05933671906814,3.4674095098583146,0.046490181355135766,4.872659529448913,2026.0,0.0018875882162930238,94,206
246.85265550733624,877.9140318247572,274.17208677910804,3.0402344347886876,0.07363001357499026,7.422306957648925,1675.0,0.0024447401891147555,94,0
140.27546565774156,1041.4359720605355,389.3594917020108,3.4017260906500217,0.03581082643568551,6.742400976795589,2346.0,0.0015628699847521905,94,110
489.83098976109216,1774.8959726962457,415.0259424792243,3.4728395204027196,0.020525857917750044,6.40244798636892,2379.0,0.0015356273433539123,94,153
352.407917383821,1867.056666225341,427.9441561154377,3.4544376025637833,0.04530233420344988,6.969036303746702,2547.0,0.0014104622646995387,94,30
919.9769651339966,1597.5937976158466,632.1425856983898,3.4648130744073895,0.00969853040513846,9.745319058897826,3686.0,0.0009084511285928312,94,91
519.0140657880164,883.227156938753,511.5725917603981,3.406683638103623,0.02553368112300492,8.442165928928931,2820.0,0.001245496703843042,94,43
879.1950787401574,2489.573622047244,575.6537304558251,3.43238972329752,0.019305205197571246,9.688660227160048,3685.0,0.0009087350940120657,94,137
849.7153641207815,746.2850799289521,382.7870672204286,3.4326170308212642,0.021203186437740933,6.289130322893365,2185.0,0.0017109560400460925,94,13
847.284652714589,1638.895966029724,373.60833647890854,3.359760271356085,0.006591088195060387,6.629083313320033,2125.0,0.0017735840277164642,94,74
838.7393107022544,1666.8199015288935,218.64643167608554,3.3209192694174425,0.07449799480760651,4.306071212071132,2446.0,0.001483138274489316,94,147
798.0507951211981,1907.8975605990427,733.958506331177,3.4031631200784327,0.02620137709846467,11.955013496671171,4622.0,0.0007028715508812032,94,52
552.4418671661144,1651.8449791096384,393.26895109191753,3.373263692381225,0.05279183459917572,6.969036303746702,2733.0,0.0012937167501396384,94,245
556.451048951049,1637.979686979687,340.29294341709505,3.426527723671916,0.04905027603765801,5.55256551030225,2595.0,0.0013783631575858626,94,280
700.8652173913043,1726.5189340813465,403.97747029035753,3.4358680621952677,0.011615950458363007,6.6857421450578105,2490.0,0.0014505769781785135,94,116
1196.7448012232417,1048.1663608562692,380.0574590238729,3.460767445955407,0.008683744353726817,6.159952699775311,2108.0,0.0018126582033669255,95,128
1237.2435853961795,2295.6828303379675,514.1235993859639,3.440675842668632,0.017084406017933786,8.310124868564806,3234.0,0.001070024131995558,95,129
2128.1946686231354,1372.8217168011738,237.62308103189855,3.054770273413516,0.028028166891682787,6.159952699775311,1013.0,0.00557616335209952,95,88
1281.5927075252134,2236.91404189294,374.5367466986026,3.442016656791811,0.022243972746745333,6.392403745049851,2123.0,0.0017960526546431793,95,188
1252.76618370331,1932.5505782267712,437.18230340009114,3.412256333755192,0.03161642961842121,7.438433448785281,2542.0,0.0014300989405095046,95,7
1014.5476087270625,1596.2743823146943,402.1984210862729,3.376294456015435,0.021917128625747174,7.670884494059821,2484.0,0.0014716050802210403,95,29
1124.0167087623859,1804.29764911599,299.10638250701436,3.4921433370436175,0.048779480241871065,5.11392299603988,2011.0,0.0019279251560785364,95,64
1043.6321146953405,1384.6359856630825,405.3365101974792,3.4363646707731172,0.032681941576639485,6.857305835598931,2441.0,0.0015039662956376474,95,12
1128.977747144545,338.68668767231196,295.0966019760286,3.410823076715326,0.02583834487804849,5.230148518677151,2206.0,0.0017094026639893054,95,186
1426.0437705621514,1407.1245887569733,406.2663143785773,3.4031757110987106,0.03449222966324271,6.74108031296166,2071.0,0.0018549620302201776,95,27
1455.469298245614,2487.724289171204,384.24157783881464,3.4253776932183437,0.05288076278651638,6.857305835598931,2768.0,0.001288492382649987,95,237
1004.9603285077951,1843.648802895323,417.4820773130739,3.4484753417456915,0.009383954591829405,6.7991930742802955,2394.0,0.001541005979583741,95,4
1988.2888812510741,2201.2792576043994,338.1581581131371,3.401777685952362,0.09094980612742293,5.869388893182136,2259.0,0.0016583152034653796,95,21
1965.7116666666666,1599.0783333333334,488.14719507653405,3.388285140078413,0.07113060090358368,8.716914197795251,3244.0,0.0010661449797450325,95,95
1909.720353173999,869.0762673161821,381.74272910211334,3.440156687301638,0.03762309103558563,6.276178222412581,2110.0,0.001810426411041566,95,123
1445.49915777653,2499.778775968557,206.9976558169779,3.3487198690499653,0.043967728555214344,4.3003443375789905,1924.0,0.0020445337884163447,95,213
1730.295420660277,1705.6566560170395,545.6788287819827,3.4507334344102505,0.016804919905683426,8.716914197795251,3218.0,0.0010762898346361055,95,80
1583.648229342327,2487.910623946037,172.30433730975278,2.9866481971644454,0.14494792510281856,4.881471950765341,802.0,0.009294817613911216,95,55
1517.6688659793815,127.3059793814433,281.84689239537977,3.4448228000452126,0.036683865464463,4.881471950765341,1666.0,0.002491408685364857,95,11
920.597811904045,1597.5617785807488,578.9774410175605,3.4107981636588978,0.03570470529205433,9.821056662849315,3432.0,0.0009981177359971297,95,91
379.6326357808153,962.2929720575784,480.4181978211556,3.397980031670763,0.03170641967918544,8.310124868564806,3057.0,0.001143678368565688,95,33
362.75669818754926,265.5738770685579,294.9803764533913,3.484458345367167,0.044354510169938285,4.997697473402611,2081.0,0.0018433350670681444,95,206
353.2278830963665,1868.7344655081622,441.4245349763515,3.4537110567027973,0.02892180245045871,7.089756880873471,2614.0,0.0013817211560409142,95,30
237.72258290928232,878.8076855588699,331.1846267549009,3.433549369662202,0.05685046777244536,5.578825086588961,1945.0,0.0020151139566732625,95,0
139.58517327094606,1043.0178388653312,397.4331746581448,3.4312328219124573,0.06742283653278275,6.74108031296166,2371.0,0.0015598047474234434,95,110
425.214188730482,2230.9436524100474,342.40038968939746,3.432107493446501,0.029720966019544395,5.985614415819406,2021.0,0.0019153686293061592,95,40
957.6583701831964,833.9936828806065,459.96250583699606,3.431488095504542,0.03029231369506319,7.438433448785281,2629.0,0.0013720515433362866,95,53
489.13011411077093,1774.9806568327303,417.59830283571114,3.464583644168841,0.02435573289989399,6.566742029005756,2374.0,0.001557326764969428,95,153
879.931968503937,2486.494908136483,553.5240515599984,3.427999577357355,0.007385558127421596,9.007478004388426,3483.0,0.0009811349982388944,95,137
854.5942497448111,1638.320176930929,341.5868110309366,3.3389908889537003,0.025547571435448325,6.392403745049851,2029.0,0.0019054405611572854,95,74
848.143008154636,746.364240410752,384.822705452001,3.467304245592108,0.019810613615264892,6.218065461093945,2125.0,0.0017938615406823217,95,13
700.1549979765277,1722.2108458114124,430.7898996550413,3.4321387529939766,0.03972306012440097,7.089756880873471,2542.0,0.0014300989405095046,95,116
797.968419325732,1907.8219998359446,708.4526732354793,3.420242088348236,0.014577334637343035,11.448213979771097,4469.0,0.0007382771694860555,95,52
561.9333777481679,1641.3720852764823,348.9090189570846,3.42396227416377,0.008594189467943632,5.92750165450077,2643.0,0.0013631478862866934,95,280
551.4818652849741,1650.7500446667857,325.2571251004001,3.3231635704214604,0.056854437834059704,6.5086292676871205,2516.0,0.0014484118986822377,95,245
509.08158828241216,920.2467101499027,507.8474211635513,3.4044087380489896,0.03342168649948149,8.600688675157981,2825.0,0.0012570979375210085,95,43
1196.0154631862677,1049.0034047382608,395.11965075354016,3.4798530452630425,0.008780617360130673,5.71743571809634,2105.0,0.001960044219407272,96,128
1251.9408798689021,1932.6212025715365,444.6707603103751,3.461808339539471,0.021370706411434296,7.00666141923571,2545.0,0.0015412685683676493,96,7
1281.6600095102235,2237.6649231256933,353.64021515166473,3.4207510120046627,0.04259169758305834,6.1658620489274245,2029.0,0.002056561649417116,96,188
1131.018271119843,333.9787819253438,285.31125299127814,3.4875867439620936,0.06080610847399047,4.708476473726397,2555.0,0.0015338206064948912,96,186
1239.7324110204565,2296.470852548185,474.0426849798112,3.398557797749957,0.034887596739652,8.295887120375081,3058.0,0.0012338995740959991,96,129
1125.0138099106418,1805.5215272136475,276.0064066265331,3.3997180558781417,0.04348560872992979,4.9887429304958255,1902.0,0.0022409632762986193,96,64
1043.8185268484679,1384.6633398931683,398.76311469154274,3.424062761019027,0.03357858473163644,7.062714710589596,2379.0,0.0016763973734521636,96,12
1015.3369138066545,1596.159156405554,427.9108261955633,3.428849387412844,0.01793544493344754,7.174821293297367,2538.0,0.001546525325989836,96,29
1006.4923033067275,1843.627993158495,393.2698921388619,3.403248163383556,0.011940063776242703,6.782448253820167,2289.0,0.0017600600028635728,96,4
1427.4180925457522,1407.8858800773694,376.73417118946566,3.4238370753301037,0.02891217637781519,6.5021817970507385,1962.0,0.0021498908400923553,96,27
1454.7731509320506,2488.493535778713,372.86649408604757,3.4004615724328224,0.06507136698692345,6.726394962466282,2767.0,0.0013912886561009087,96,237
954.5237493683678,837.0478777160182,443.71785435735904,3.403714197542859,0.034004743668944445,7.455087750066795,2551.0,0.0015367911366223114,96,53
1988.1785481770833,2202.3527018229165,344.3914220782736,3.406966667726586,0.08029749331902611,5.885595592157997,2258.0,0.0017908444665436366,96,21
1964.8562680115274,1597.376320845341,466.81181039515997,3.3798684955290974,0.0736284799003291,8.632206868498395,3213.0,0.0011637757836385574,96,95
1910.556842755638,870.070281124498,362.8890082250559,3.41560503258894,0.05241928905612601,6.1658620489274245,2048.0,0.0020315519870357014,96,123
1444.8907754688291,2499.743791180943,221.1862876824329,3.383870988783087,0.02382339603593609,4.428210016956969,1925.0,0.002205154769905902,96,213
1730.281977044773,1705.724020266777,542.0913806834284,3.4349954097492548,0.03464244385609789,8.856420033913938,3174.0,0.0011806585178185242,96,80
1583.4605263157894,2487.942520775623,161.88190543002185,3.0313459340275157,0.1606647988530561,4.260050142895311,776.0,0.010930606436008993,96,55
1516.7541014879816,127.29835940480733,293.83135327706873,3.4572938231991976,0.03440371273218012,4.876636347788054,1681.0,0.0026552680506575083,96,11
919.209953637998,1595.3570820323587,592.4272363192177,3.432781804430955,0.010607855932345821,9.529059530160566,3409.0,0.0010857497249257746,96,91
2128.0809128630704,1372.884970032273,243.15917789315608,3.02814521438008,0.039608155022383684,6.61428837975851,1033.0,0.005798613198422798,96,88
409.2237168141593,2230.5877876106197,316.7010961494541,3.3599146638973685,0.04090086329796303,6.109808757573539,1929.0,0.002199043696767311,96,40
378.84416445623344,962.3279177718833,507.17018016995763,3.413659693380468,0.011304992540117203,8.800366742560051,3163.0,0.0011855092409673235,96,33
362.6790962527553,265.78783982365906,305.1541181305536,3.4627226570796927,0.028877376973561037,5.1569028045574825,2084.0,0.001985795825004388,96,206
353.23636837985913,1866.3175058700756,429.7045315188876,3.4533905948464567,0.04593632589068661,7.00666141923571,2547.0,0.001539773195049432,96,30
239.93060231949121,882.412457912458,299.66089557787285,3.430077564540696,0.02568971568429428,5.3250626786191395,1846.0,0.0023332122557980623,96,0
139.54202660085014,1043.107226107226,408.79665384388824,3.3753488070790785,0.04432295806784304,7.511141041420681,2389.0,0.0016675899112992163,96,110
489.1639971651311,1775.73182140326,395.45597050166344,3.4458245154200995,0.01632788941608403,6.446128505696853,2277.0,0.0017718501784067633,96,153
880.760362830925,2489.6385402383717,531.4412553261901,3.4596686308262066,0.02285710875930233,8.632206868498395,3390.0,0.0010928525225850454,96,137
849.6960466623461,748.6181140635126,345.9609142361824,3.446588101276017,0.036941532267713545,5.941648883511882,2021.0,0.002067277212371763,96,13
846.8920445376796,1635.5158947878006,347.36224652002954,3.3573178318479013,0.026641944238378068,6.390075214342968,1872.0,0.0022894555748134873,96,74
798.029063765584,1907.187485110776,705.8790980194824,3.4337671396927782,0.011968823493980167,11.154604979423251,4376.0,0.0008158739867221564,96,52
499.9275238197195,973.3245905149341,523.5937945366461,3.4076590245848073,0.039454186627127026,8.744313451206166,2841.0,0.0013475779897022156,96,43
714.8,1730.7126723571898,426.84581365983945,3.4459526441520745,0.030572161807759755,7.118768001943481,2488.0,0.001585142446841274,96,116
563.5043630017452,1648.7452006980802,289.06682351198845,3.405045931157269,0.06289324153986069,5.269009387265254,2331.0,0.0017200019118750183,96,280
549.408953068592,1646.6239711191336,388.16904262565834,3.4128235554945743,0.07050537048512961,6.782448253820167,2775.0,0.001386426949147941,96,245
1195.1569108182655,1047.4177137603433,366.0502270856774,3.4537795701277125,0.02583967246185764,6.1139250310050315,2049.0,0.0017651281732135372,97,128
1253.5546695499393,1932.6227868630897,415.01771838904796,3.3864489101580966,0.03493511858680092,7.404019303602424,2450.0,0.001404780611662727,97,7
1280.8277786898702,2238.4027253324575,341.6506180169876,3.334446812328187,0.023975067683864038,6.787017694968888,2022.0,0.0017961505603057621,97,188
1239.6311014126566,2296.5502469277594,488.38481876110836,3.428811374891424,0.04180730303564886,8.133203022896602,3103.0,0.0010542913038213521,97,129
1128.8641227538865,338.656571774682,277.81899705108185,3.4389486558923674,0.032372273635023804,4.879921813737961,2149.0,0.0016590035811546622,97,186
1006.5182786413357,1843.6187392055267,389.720652435073,3.425538210593993,0.029117852132825476,6.618744528977924,2295.0,0.0015251286891511907,97,4
1124.0674481168332,1810.7267486548808,291.8978519389925,3.4636300729279244,0.05433951426091812,4.767739703077318,1992.0,0.0018319242695313837,97,64
1047.8577335573073,1584.4172373691692,434.08867720135726,3.412767617977687,0.03277472281943715,7.516201414263066,2556.0,0.0013328540296715556,97,29
1043.9551738583996,1385.65074710236,401.6680472204315,3.4577668191343114,0.011063260340626779,6.45047136298696,2387.0,0.0014513293036391118,97,12
1426.0865631126526,1406.4852963353944,371.9397878953611,3.419893542841263,0.014410042533743438,6.226107141665675,1957.0,0.0018755041519440715,97,27
1443.9025613942435,2500.4362292051756,212.4168265359271,3.3536394081906002,0.07215643277788873,4.262920205104426,1797.0,0.0021043532003495314,97,213
1988.354599873976,2203.0672652804033,356.0660192368802,3.4044246386655215,0.06177748726022632,6.1139250310050315,2302.0,0.0015192507315599094,97,21
1963.7384017488462,1596.4510565946077,461.8537495898663,3.3797752496877287,0.04549773341886297,8.581931465539173,3220.0,0.0010091777921207318,97,95
1911.6707967377665,869.823086574655,357.6365687861292,3.465572749098966,0.04224635766390358,5.777378699023103,2029.0,0.0017880034873906298,97,123
1729.5841901603096,1703.281592039801,507.343595462757,3.406185639108761,0.05651266002827067,8.806295686860459,3068.0,0.0010685811862571196,97,80
1582.6593487010612,2488.4035858031466,153.29685421776836,3.0054225904096663,0.09993780682394697,4.319011260434747,786.0,0.009189876393035768,97,55
1517.6162130409243,128.85216369688663,286.4570195719513,3.4459944310683928,0.015532581751868968,4.82383075840764,1662.0,0.002345870906950076,97,11
1454.6827817599512,2488.5430837273143,367.7890498009174,3.3985436779155886,0.07072281735348672,6.506562418317281,2784.0,0.0012006276133988754,97,237
2128.1079119850187,1372.8916198501872,239.620988371133,3.0213813593043928,0.04549762075208822,6.618744528977924,1027.0,0.005098018287387396,97,88
953.6505157112017,832.8946989685776,467.6872193442198,3.4498775446614087,0.018152261517696965,7.404019303602424,2648.0,0.0012761436638556714,97,53
878.3167815596726,2489.637440758294,520.7493576867038,3.4181983760267056,0.018410730007028173,8.862386742190779,3392.0,0.0009494520400204454,97,137
387.1840055392072,2233.5397265016445,324.0380266432667,3.4095549434764045,0.03053783797470734,6.001742920344389,1938.0,0.0019000414746933574,97,40
378.0889116575592,962.3005464480874,492.7038300215431,3.4370642628284367,0.01716667687971147,8.07711196756628,3148.0,0.001036470691291339,97,33
361.7163012392755,266.41544327931365,294.1975852075357,3.408059756812624,0.028833589904715417,5.3286502563805325,2091.0,0.0017189453922653226,97,206
352.4500912170967,1867.889627313005,430.44275860488636,3.438559347039368,0.03049492747443215,7.123564026950817,2551.0,0.0013360808724355874,97,30
240.19227828746176,882.5625,293.4684014882415,3.4253451354040347,0.03652112392102657,5.3286502563805325,1843.0,0.002033032872501712,97,0
141.03061897848752,1044.047512207998,425.00192623784517,3.4454208985655734,0.035306978512963307,6.618744528977924,2447.0,0.0014069294044088676,97,110
920.5937740940632,1595.3878180416345,582.0007901074148,3.419537159769876,0.02271573117465788,9.64766151681528,3425.0,0.0009387922431754282,97,91
494.52920700533014,1015.8806700750571,515.6450716516446,3.3921191482453157,0.06122704979731055,8.918477797521101,2845.0,0.0011695847117562457,97,43
489.16154949784794,1774.2875179340028,390.9546556523401,3.484954338751812,0.015815378915304566,6.226107141665675,2278.0,0.001539594884822207,97,153
854.6722294232015,1634.0398574206092,346.1939934987436,3.3632193400414394,0.03651343269414509,6.226107141665675,2031.0,0.0017856893096102344,97,74
848.1058315334773,746.9929445644349,389.55237926908205,3.453444352782911,0.03009672311334032,6.170016086335353,2131.0,0.0016771539401343606,97,13
798.6516569693904,1907.7336200354162,665.1838251622813,3.4020573826152063,0.03917135510382193,11.106028955403636,4289.0,0.0007255235102556835,97,52
712.0179833012203,1720.2382787411689,436.66886574655206,3.427925666317133,0.05223472935401923,7.291837192941781,2541.0,0.0013425816591918875,97,116
553.8687239366138,1659.5943286071727,336.26587670527675,3.386747463568104,0.011240671015351535,6.282198196995996,2439.0,0.0014126917881656692,97,280
550.8934919150073,1646.7766938393693,419.729367036795,3.4166347513581488,0.044484160324179886,7.23574613761146,3034.0,0.0010828386625453446,97,245
1131.9786253915606,333.11313801363553,307.3505773683542,3.4486413205498154,0.048387810189461346,5.436826133658006,2897.0,0.0011214782585148774,98,186
1197.4847803268856,1048.956515219673,377.68951547255466,3.4232146529985266,0.04997025952149024,6.456231033718883,2199.0,0.001578413686242878,98,128
1238.0911995053586,2296.582131079967,549.5725083439302,3.411886984459454,0.017832606064995354,9.11801049498895,3485.0,0.0009016050830553239,98,129
1281.679706601467,2237.64043398533,370.61031477768745,3.415523493331049,0.037193230584397705,6.399597428159946,2187.0,0.0015895479996956517,98,188
2128.173686594203,1372.934329710145,250.09400214826832,3.019074325452869,0.03979260824373938,6.569498244836758,1056.0,0.004742802070542449,98,88
1252.0416564266404,1933.4713688867043,460.88428203863396,3.369426530400977,0.03013199348598718,8.15523920048701,2710.0,0.001215769515941143,98,7
1044.426323493535,1586.0165894120516,464.2822983721702,3.422886250017116,0.028730463194713268,7.92870477825126,2767.0,0.0011853903937063715,98,29
1042.363495145631,1386.7242718446603,437.4946029427927,3.439236763376884,0.048041503669741185,7.305735117102946,2632.0,0.001259955947071571,98,12
1004.2721654685332,1843.6304704250222,449.047858476816,3.435659813689972,0.00707021306697437,7.475635933779759,2568.0,0.0012986840803397965,98,4
1124.0467356403854,1810.672672136996,317.487992763404,3.4573751228238905,0.05026309227279245,5.436826133658006,2183.0,0.0015932944276726528,98,64
1426.1228673455892,1407.8914164793016,428.20669163112694,3.436156044764705,0.019259777473358435,6.739399061513571,2147.0,0.001627824202948776,98,27
1454.0033098882914,2484.443249207006,410.65027390785633,3.399157009726914,0.03624467261928804,7.2491015115440085,2731.0,0.001204397742731508,98,237
957.9481677121162,833.137669197755,514.6295737140657,3.4817513861370677,0.013511287050951433,7.645536750456571,2903.0,0.0011186944375568574,98,53
1988.3579593925951,2201.384064152875,331.9295621809331,3.403306400380545,0.09925415358274492,5.606726950334819,2234.0,0.0015468117239935796,98,21
1963.7669129531287,1598.8142461325328,490.5602913515172,3.4319589426817245,0.06145028206586511,8.098605594928072,3388.0,0.000931740038704663,98,95
1909.7813194959228,867.7789473684211,381.9936694950339,3.4526125946430652,0.0316026497915151,6.229696611483132,2125.0,0.0016496723999529347,98,123
1444.700221852468,2500.5110926234056,204.2207816455289,3.3237243642445895,0.08651471702293864,4.474054839156068,1885.0,0.0019326483318858423,98,213
1732.731655061596,1702.4006427423674,528.6747078926822,3.4145314721167908,0.012898864447748883,8.948109678312136,3169.0,0.0010077895516839913,98,80
1582.8253346392426,2488.1625857002937,173.46873382702577,2.94253372689609,0.1124481709270064,5.153658105863319,820.0,0.008092655028296864,98,55
1513.474438902743,128.72464671654197,272.5209099496076,3.4684781698361737,0.03835041528712232,4.700589261391818,1674.0,0.0022758660516423133,98,11
920.7095016967315,1597.574656188605,634.1831150489829,3.423623842410843,0.02183872633446804,10.533850633962388,3697.0,0.0008420808618330597,98,91
380.35732217573224,2265.909790794979,338.385793214652,3.4832293965928662,0.029736316480712118,5.436826133658006,2015.0,0.0017683434321393461,98,40
378.1298672319536,962.3314738368849,507.60700662475745,3.4356584150406886,0.018926879898682383,8.268506411604886,3225.0,0.0009871858844145097,98,33
362.64822883121803,266.4413714718697,298.9688037456314,3.3839374096603176,0.08495334581952967,5.550093344775882,2088.0,0.0016877702503862069,98,206
353.27429983525536,1869.4805052169138,412.5191828913012,3.4053451539884207,0.02563863401384484,7.135834300426134,2529.0,0.0013234737749371554,98,30
240.1501236312257,881.0699399505476,320.65947467470454,3.3856659634773,0.06103951218492869,6.1164294003652575,1943.0,0.0018557209056279554,98,0
140.33136775492594,1043.2818927081835,393.7734594512929,3.4466616435284907,0.04074857181990662,6.399597428159946,2362.0,0.0014412798948324256,98,110
475.772088030059,1057.184755770263,527.5420357815035,3.391631898518911,0.025727704300232367,9.004743283871074,2914.0,0.0011136264979320907,98,43
490.76631550143657,1774.2290326994116,413.9350230302747,3.4554016041947597,0.021957947330819762,6.682765455954633,2371.0,0.001434398943170473,98,153
851.2671777809924,1639.8666280920006,391.5081152289354,3.3463245564397486,0.004954366535135908,7.079200694867196,2128.0,0.001646658628950117,98,74
849.5878569187323,745.5112958895513,360.9826018326681,3.4101033002470498,0.016056869400537997,6.399597428159946,2105.0,0.0016700496131731278,98,13
798.573844199003,1907.2288143876453,579.4184184734903,3.3919791319854617,0.02191931980453812,10.024148183931949,4049.0,0.0007588921786101438,98,52
706.2077469174243,1732.9059658737078,454.7112190327097,3.411770705932151,0.05778064464968453,7.9853383838101974,2657.0,0.0012454479102153707,98,116
880.0407161420734,2489.58658196169,588.3665281518024,3.445238720771506,0.013619026679593148,9.401178522783637,3732.0,0.000833001499723198,98,137
549.3656167614819,1646.632024420702,408.15839526326306,3.432696465301645,0.0703141766410137,6.739399061513571,3017.0,0.0010683094547735326,98,245
553.6610549943883,1658.934583934584,353.2237978710936,3.4083901797070735,0.03270523283368069,6.1164294003652575,2611.0,0.0012724064886549904,98,280
1127.591668266462,337.84968324054523,290.55522993569787,3.3820242347957286,0.041654533706641524,5.410608044492742,2320.0,0.001552986974948929,99,186
1280.915698498158,2237.718900538396,393.6914595673172,3.392585217404768,0.020963794227596404,7.083991975779157,2227.0,0.001635941048704508,99,188
1253.6857570868863,1931.2011984328187,484.05419185678363,3.439983572426835,0.057848990004361535,8.088022334551006,2751.0,0.0012574812448454989,99,7
1240.434711820254,2295.8355584500164,513.896205298058,3.411675702255773,0.03220083194786147,8.924714300194214,3320.0,0.0010050139254156813,99,129
1196.0055460750852,1047.3479806598407,392.24119349353566,3.4605282794244356,0.013952392415933034,6.191520545759736,2196.0,0.0016655974672436652,99,128
1124.6817584069133,1814.5857599098254,296.91408887458624,3.425133919035714,0.07791330160516641,5.299049115740314,2110.0,0.0017537971813994786,99,64
1044.9258334373828,1386.6506430265952,446.73773018909657,3.45468136356463,0.0005563912627830364,7.307109833284012,2663.0,0.0013083105702103642,99,12
1043.7776754890679,1580.3079401611046,484.7235454292982,3.4443128689537637,0.03868974547276887,7.976463405798579,2840.0,0.001209939566566549,99,29
1005.073327562755,1843.7040929887473,451.08852841044126,3.4350660104795905,0.03343802692855444,7.586007155165081,2574.0,0.001364075153614673,99,4
948.5194044422749,848.5929948742983,457.05693109869617,3.417120815726333,0.024043170315394297,7.86490447704615,2721.0,0.001274359755642959,99,53
1454.0782667569397,2484.368991198375,411.93134441833917,3.4210111861180788,0.03994397098681075,7.307109833284012,2728.0,0.0012703810354623645,99,237
2128.4886753603296,1372.9011667810569,243.81203878843067,2.9721116606939644,0.04432649233464261,6.860874118274301,1042.0,0.005122255205866226,99,88
919.9610101176277,1595.3771489676728,678.1109484216315,3.410315846743472,0.029236192231884926,11.155892875242767,3809.0,0.0008571224575135831,99,91
1988.456614509246,2202.2598387861544,352.9166711083049,3.4011824011564658,0.08808841634698822,6.358858938888377,2273.0,0.0015938308758537527,99,21
1964.5819016239116,1598.1044951753354,474.01388826906515,3.3687787513220435,0.09229713564176545,8.645816978313144,3223.0,0.0010406311387541436,99,95
1910.4501419742776,868.5293135126107,333.95165322039225,3.376591422456595,0.03302776980781317,5.912623223878667,2006.0,0.0018737893139332783,99,123
1732.7818720016332,1702.2165969174237,546.4714124937669,3.457598331251262,0.01448969125793773,8.534258049560716,3238.0,0.0010349592119521887,99,80
1583.1297161336688,2488.302910528207,155.2342493590031,2.922031494706143,0.1288972155120881,4.741254471978176,797.0,0.009156730095879709,99,55
1517.7714628777267,129.61356814088452,278.7299834879405,3.4584644838355025,0.032020356537842215,4.685475007601962,1665.0,0.0024157156493408542,99,11
1443.8624587847385,2499.798869524258,236.83960574140394,3.39633506167369,0.012117704930712509,4.462357150097107,2011.0,0.0018676459729004148,99,213
880.0103726469458,2486.390126776796,580.7757830851384,3.46043994902369,0.024458376636649928,9.426729479580137,3681.0,0.0008914603948839272,99,137
1426.2585340037047,1407.8802593278645,421.58119175542413,3.414416922610328,0.030771701511504167,7.195550904531585,2160.0,0.0017014155433908273,99,27
851.23953125,1632.84734375,356.98857200776854,3.339395529133978,0.018112984621194598,6.581976796393232,2200.0,0.0016617105550632621,99,74
379.6514892160219,963.0188291680931,488.79544632876184,3.420858212757173,0.026753562191256387,8.14380179892722,3120.0,0.0010813231201809285,99,33
378.42817049640416,2277.68426591826,317.99872640879505,3.377157395142606,0.04110395740643973,5.801064295126238,1909.0,0.002001512613788848,99,40
360.96039285139267,264.9009821284817,346.44625324066413,3.5014774810059754,0.025404622997304477,5.354828580116528,2275.0,0.001592049120790792,99,206
353.3314882375142,1867.8786010818972,443.3909623265238,3.4463703898461135,0.0385490885859022,7.251330368907799,2649.0,0.0013167783758011686,99,30
446.52476588062734,1089.1320094776036,494.37339276638323,3.396442710356571,0.01946618839496907,8.813155371441786,2829.0,0.001215619895302861,99,43
240.82328237863263,881.8745170502268,332.05515143160096,3.4423816756532837,0.03099616288226352,5.689505366373811,1950.0,0.0019454615139448412,99,0
141.8975716869026,1043.9647377938518,431.8446132006475,3.4502404455352433,0.02744303455213692,6.6377562607694465,2450.0,0.0014501955159494661,99,110
491.5993129294191,1776.6242973141786,357.2116898652734,3.439038111963909,0.04142446182250345,6.024182152631094,2197.0,0.0016646240354658611,99,153
849.5412763466043,746.0758196721312,381.08530061829293,3.403486984461052,0.006852341807407337,6.6377562607694465,2201.0,0.0016607416599500198,99,13
797.8695376820773,1907.2618293675926,616.5304197502915,3.373276171444283,0.02120649184286656,10.76543662460927,4177.0,0.0007716669779730958,99,52
712.0327949094469,1720.1760890846795,455.82978288241947,3.4428236598487714,0.019658651623065865,7.4186687620364395,2657.0,0.0013119262572429716,99,116
550.0144362075692,1646.7812459357524,428.88830158870815,3.3313363767238515,0.059831945692903184,8.255360727679648,2976.0,0.0011438560324106345,99,245
562.7441051995163,1643.9752116082225,369.0369363130307,3.4393387134699887,0.04722236295894194,6.135741081383522,2760.0,0.0012525045313634053,99,280
1280.9086744043982,2237.7377825290164,364.4923794482916,3.447286078536186,0.011748503643761512,6.178780409095963,2108.0,0.00160804102124681,100,188
1252.0946724685405,1932.6447136304835,473.3168452120989,3.446197754100442,0.010064700852322984,7.570397618351811,2631.0,0.0012159832655563145,100,7
1239.6886866644197,2296.4856757667676,495.471391183452,3.4417325542445383,0.02303365215343935,8.238373878794619,3149.0,0.0009794627044126941,100,129
1196.6801079536435,1050.4500714399112,350.6318720441034,3.4397497112268303,0.013050183046324987,6.0117863439852615,2023.0,0.001696963635907216,100,128
1129.2015051740357,335.2434619002822,295.8578186877932,3.5181828457626034,0.08743203594987677,4.731498511469882,2489.0,0.0013021842062468576,100,186
1112.3639830508475,1830.4987288135594,262.737329107504,3.415257391595465,0.046874670929850835,4.787163199840116,1896.0,0.001849799222628159,100,64
1036.0224444986582,1384.0489143693583,456.33911525917756,3.479753589714789,0.04127771498531023,6.902421357909004,2566.0,0.0012539808057243137,100,12
1035.4058403634003,1576.343413367943,428.89642389265225,3.44243473592408,0.04802015315364743,7.013750734649472,2555.0,0.001260647350933864,100,29
1005.7452146171694,1844.423723897912,383.863691001133,3.399088010620542,0.01040523030275799,6.902421357909004,2276.0,0.0014571276743795489,100,4
1426.1514927579071,1406.4986698196867,376.6272815130026,3.4245164674399025,0.014742286740879497,6.401439162576899,1970.0,0.0017575651503220343,100,27
1454.8578165190054,2484.4142612174905,389.54148921489684,3.391312472450149,0.05451550384033441,7.12508011138994,2624.0,0.001219964304268618,100,237
921.5995827708921,883.8981470119033,453.6115455290361,3.4242857968925215,0.027587101386983788,7.570397618351811,2643.0,0.001209218739838268,100,53
1988.2649017378594,2202.1955497807376,342.7274862955301,3.3995241811336947,0.091921031961886,5.84479227887456,2262.0,0.0014686133554973214,100,21
1963.7881909826078,1598.8144455522322,502.4851419181015,3.4116262296036406,0.05212120899809786,8.850685450867191,3409.0,0.0008923429417637655,100,95
1910.5036118090452,867.8473618090452,354.4727355416495,3.416929658546878,0.07309449060988558,6.3457744742066655,2038.0,0.0016805636902083479,100,123
1443.9581307401404,2500.4789303079415,206.07067634660592,3.328738053472092,0.034570416821295406,4.230516316137777,1795.0,0.001992514723002423,100,213
1731.9370429252783,1701.4878643349232,525.1963347731569,3.4480473034280235,0.01937440781729837,8.294038567164852,3142.0,0.0009820440166287074,100,80
1583.044253632761,2488.1469616908853,168.55267638506825,2.9989540228512497,0.11220804170119807,4.787163199840116,803.0,0.00822568106389182,100,55
1517.6942355889723,127.368999421631,288.7327385764033,3.444399874502007,0.04979303058425269,4.954157264950817,1672.0,0.0021991398523257526,100,11
919.9687441686882,1595.3562231759656,596.614129952167,3.455404587324202,0.02323093216694015,9.296002957829062,3432.0,0.0008853764960614466,100,91
489.3100045544254,1773.4302413845453,366.6633022947307,3.4558087678819893,0.026154723475801816,6.067451032355495,2194.0,0.0015270791103611965,100,153
364.05447921841363,2292.718496439808,336.15905306784254,3.449467249976491,0.03373440834318804,5.455139460282923,1976.0,0.0017504882103454064,100,40
359.3513662204291,262.3698881349716,303.5395456828855,3.442248379224381,0.027539989619343164,5.455139460282923,2089.0,0.0016270995107764662,100,206
355.5276821192053,1866.2403973509934,420.268397195266,3.417427094616631,0.034600231498475104,7.069415423019706,2540.0,0.001269853161163913,100,30
241.01172332942556,881.0234466588511,332.37385425866665,3.4329718314279334,0.05030072284278015,5.622133525393624,1944.0,0.001788904911015907,100,0
141.13776426696145,1043.2278568467598,402.84534973538274,3.4776373569267776,0.04711655838482745,6.234445097466197,2364.0,0.0013888529158738753,100,110
379.65897580191336,962.933483398987,494.58075616952823,3.4239548064483873,0.030955861517402157,8.015715125313683,3123.0,0.000989119513834684,100,33
414.9901694206233,1125.0862790211254,532.2657501961766,3.422415253307822,0.03445092657228263,8.906350139237425,2931.0,0.0010667893345575764,100,43
847.0836507694652,1634.2139265579765,365.3273497738451,3.3610282269029965,0.013152056008516131,6.568433227687601,1958.0,0.0017718920951461147,100,74
847.1993096202912,747.6836259942969,370.8938186108685,3.4606772397648995,0.0368027265971153,6.123115720725729,2112.0,0.0016040854587042984,100,13
798.5777163722491,1909.1142800750024,564.0502872555802,3.3793802969120836,0.03954723350258356,9.908314529901634,3901.0,0.000763786837192587,100,52
712.9782356728912,1733.6406954282036,432.23630519486625,3.4236215917659365,0.024333853741064712,7.292074176500641,2555.0,0.001260647350933864,100,116
879.903901734104,2486.4659372419487,539.2795009308261,3.43683416342524,0.031489388464235206,8.962014827607659,3405.0,0.0008935657037106632,100,137
562.8428153446034,1642.4570871261378,342.44916285367896,3.442897553379845,0.03253269764985591,5.677798213763858,2602.0,0.0012326476076425074,100,280
550.8850338135842,1647.4211996471627,378.631210294331,3.3499024636145256,0.0425528991842842,7.292074176500641,2856.0,0.0011005469805142824,100,245
2128.4222376973075,1373.5345868152274,239.80347749896765,3.0708138765542685,0.02072834309167956,6.512768539317367,1029.0,0.0048027694539343226,100,88
