y,x,mass,size,ecc,signal,raw_mass,ep,frame,particle
260.3138093586631,1555.4589675413922,123343.57493443537,18.557424067015102,0.2626143287737873,92.68235178688643,1480350.0,,0,0
610.0800172062559,1771.0393092608074,146403.6570001803,23.41121481009606,0.03969956767414819,66.93725406830686,1677296.0,,0,1
1054.42896879702,768.1564444611365,168736.1429965555,24.417096714230897,0.11778192189483998,67.72941092118623,1739208.0,,0,3
1292.0117458276768,231.49672594347996,165130.64108067506,27.140123006097443,0.09012190605109206,58.619607113073464,1778461.0,,0,4
1290.8787102182157,234.903080855274,170992.94735541582,27.504694087263488,0.09605263482113477,57.56784491573253,1784994.0,,1,4
1053.7755934270901,767.7715722360517,165657.93544189865,25.940491628973195,0.08867098315491696,66.1834407534612,1755305.0,,1,3
609.9376886531043,1772.3557896662487,145569.89051024898,23.429281624854706,0.04767953741569448,65.40020476821314,1689209.0,,1,1
259.79711511236815,1555.0503455206767,125865.63121137087,19.33300124245779,0.2636714627265677,92.8134642518953,1477590.0,,1,0
261.198444364334,1557.1957925737643,131915.38302304503,19.722406318982504,0.2904666653766259,94.70715742231164,1474166.0,,2,0
613.8559142154741,1772.6220637506854,153603.32207275438,23.752184624227223,0.05033537220527847,68.51156068848076,1710935.0,,2,1
1057.3600683920106,776.4948947548621,191864.20765300724,25.749999757831656,0.07856931534469976,67.7055423274398,1742593.0,,2,3
1291.6409561423288,231.45521598746592,173369.31034056158,27.494799835124805,0.0616561722295104,60.04836789755078,1764541.0,,2,4
1292.288450947739,232.5753550592515,175419.71593593585,27.408320180749342,0.07825714621621666,56.963325628813074,1801181.0,,3,4
1053.8278114802288,775.2723678717186,180692.28754261901,25.144654689642245,0.07869982886616535,66.2006216767287,1762227.0,,3,3
616.9290562703686,1768.000576670758,145499.72914940177,22.902191311035086,0.02786295843795515,64.66107233540943,1727771.0,,3,1
261.1243616501621,1556.1157149835376,121341.89066009042,18.135854879324455,0.22549077222578004,93.9125098204756,1475259.0,,3,0
259.8725808641524,1555.8689985064807,117811.3253613098,18.371965698528136,0.25069414497248316,92.69345090588048,1485643.0,,4,0
617.0719141730341,1766.634348523775,147989.19585136676,23.547154481984624,0.06498807243592038,66.85412609583416,1712167.0,,4,1
1053.7337434766596,776.1106228820136,177068.68996299035,25.663545740088747,0.090750232229047,68.08457013440778,1746457.0,,4,3
1282.9020890990614,223.88835271875192,173985.60735033767,27.910973127465617,0.07358204337712336,58.65116583867659,1788896.0,,4,4
1284.9155241545411,222.5460062668597,175489.30323861347,28.13424755425525,0.07611607126809898,58.93001885624392,1779596.0,,5,4
1049.1357775704782,773.3900443650283,178220.76815235423,24.585973212147536,0.049288528811059676,66.7353193670047,1762106.0,,5,3
612.183646001185,1768.9092963833843,145558.3173699991,23.867008600142334,0.10918918022447341,62.052139060548235,1714131.0,,5,1
260.11053994689047,1555.7602694816903,119042.5407398681,18.721101849523095,0.24619712437149194,90.5414859248251,1500729.0,,5,0
259.81787959033915,1555.8673005136714,127830.27446577465,19.07780572002015,0.26457912115292187,94.61960781054691,1467991.0,,6,0
616.3192640661358,1767.9071382116172,141095.37250042136,23.77533075606529,0.03760113288160532,63.215686252736084,1714416.0,,6,1
1047.2917452488032,771.5991268315682,179920.81562430342,24.45201219470374,0.07986454288859045,68.92549017233806,1739345.0,,6,3
1282.8047335423898,221.99861897311587,182211.67052547514,27.408118392010014,0.08687490063486028,60.3607842929351,1799787.0,,6,4
1283.2123912033258,216.5221662626694,159241.35857817906,26.201929144973754,0.08362928603265947,59.199761544242094,1758498.0,,7,4
1054.6772277465823,769.9928553392572,166333.33001182374,24.311245768057766,0.09353764917499593,67.59972770930348,1743436.0,,7,3
619.4464924055727,1766.3878577282221,136178.251476031,23.607872052284485,0.08537088734006745,61.19975348830433,1714983.0,,7,1
259.7700050294882,1556.2258720716045,124863.09705330452,18.582261774443282,0.25971129317537534,92.79962620448761,1490319.0,,7,0
1287.9044382035404,226.72737736239958,175467.56755600838,26.91967590798595,0.09073670641218387,56.95294082870372,1785456.0,,8,4
620.1756696073304,1765.4254962370114,142118.9952106223,24.28577576773368,0.09192248978363039,63.819607453441044,1697218.0,,8,1
260.2080929410314,1555.5071432486877,117898.24241734295,18.970062042475853,0.28178413547392,91.28627395239035,1493741.0,,8,0
1056.922593649869,774.2405150014564,173332.84207884737,25.028116272231195,0.10346234789993644,66.24313685040715,1750415.0,,8,3
1290.60020633172,229.0252632196778,173716.0773388025,27.156581396283876,0.07943309933839066,58.03921532124262,1778879.0,,9,4
1050.4943729170466,771.9063500024871,189210.97920213317,26.318855912663476,0.11030987672648611,66.66666624737329,1770227.0,,9,3
617.9351435885151,1760.8149862858097,145691.37163270818,23.326738695092722,0.027302484125697826,66.27450938709461,1707460.0,,9,1
261.55283785239493,1555.6757998390501,123774.90118231435,18.386359812161043,0.2943083979925698,95.68627390799459,1446675.0,,9,0
1288.9660838229252,227.67248456713466,175417.5921257554,27.155082269548284,0.09640975666396531,58.22352940143974,1792586.0,,10,4
1053.953631673852,774.0392874594066,183191.81957535716,24.713135960030005,0.09030445559615137,68.91764704660214,1731230.0,,10,3
617.0568937771994,1762.7684088269455,141524.76468078533,22.328443993342194,0.062049298741768816,66.54117645878827,1718900.0,,10,1
260.720617377921,1557.01260776115,118122.07448885696,17.664971051887743,0.24926231239652397,93.87058821864775,1466877.0,,10,0
1289.087172256474,229.2728415739772,172532.03319351547,27.306640541859444,0.10713357791251382,59.267527354674435,1785951.0,,11,4
619.5787141705969,1765.288155930371,153347.56069521318,24.238408275920477,0.0413579092211511,64.69069979235707,1743481.0,,11,1
260.3125592548308,1555.8888599289105,118898.01989321377,18.485764536212077,0.27307506932739173,92.19393144060469,1493363.0,,11,0
1044.3925503670155,774.0044531490729,183544.17219768988,24.7001860571429,0.09352412984349401,67.78965547103286,1739416.0,,11,3
1286.296010084155,231.77848458062363,184202.63658988453,27.079981932248916,0.11523152838790601,60.643800549584505,1777163.0,,12,4
1046.8666403217183,772.1722215765127,178687.37368784766,23.743848243057393,0.08929706510151182,72.68948696011842,1701293.0,,12,3
625.5153422105204,1762.2548524169854,156498.80395114727,23.76203602697732,0.03701353985679613,68.95117048788376,1710866.0,,12,1
260.27766379880876,1556.6423921545033,138076.79574447178,20.206781867770474,0.2625903573615089,94.70401729661143,1467611.0,,12,0
260.4139237223776,1557.3118065460203,130700.43379388851,19.247252138634025,0.2594095565414607,95.62796848979562,1462934.0,,13,0
629.4578935142669,1758.1390926672213,149384.60556135044,23.214615248115006,0.040738445428507714,66.57643375871847,1720157.0,,13,1
1048.1872274558868,772.4417997571253,175435.762344368,24.265881504843122,0.11108641834031711,68.99739498630824,1732294.0,,13,3
1285.0878482711482,231.02520748466472,161749.66503126515,26.556353409387228,0.10602947730386234,60.92752422767569,1758600.0,,13,4
1285.3391678707146,230.9219686298311,170391.05454379032,27.568794070282255,0.07502177159232619,59.03948978227472,1769114.0,,14,4
627.6002973552245,1747.1035404175745,151052.72754745896,24.307260072123313,0.04001096192070118,65.98531210960115,1733414.0,,14,1
258.53589770653963,1555.052455555723,127955.55303498944,20.16400218513669,0.22230522973113934,89.90981123705889,1518078.0,,14,0
1050.6929387023415,776.3454864876157,193947.81096691792,25.585201642936266,0.08428951576014007,67.91470720052517,1746639.0,,14,3
261.98926291536986,1555.7720740330578,124443.52578715728,18.660897200419388,0.28726050318877105,91.8758965580881,1494958.0,,15,0
630.2554273935353,1751.3370234019665,153502.84222481222,24.06299344607576,0.07397527302535752,66.53082164551208,1736325.0,,15,1
1046.9354744787117,775.5997110797555,176817.5390268136,23.16259350958866,0.05646532703599066,69.69895600958408,1716441.0,,15,3
1289.4793248013084,231.15655623287446,168518.611060127,26.868036422154713,0.08629301609477637,60.59056971287707,1734945.0,,15,4
1290.519211663866,227.1621220288109,149834.93187944597,26.010464229762867,0.09559581180300938,58.19708663950072,1750676.0,,16,4
1051.4430044061046,777.6259640288512,191834.6212013828,24.937385240053718,0.06169145898175631,69.28224599940562,1735784.0,,16,3
627.6351859038625,1747.3327916302837,146898.94824326545,22.804719160307794,0.033058707287986454,67.6986518051335,1718853.0,,16,1
259.8619105323234,1555.340912070239,123821.6259486863,19.089514617415816,0.265734830183289,92.64026036491951,1477715.0,,16,0
1290.118873211612,231.31861639078357,149223.8252794398,26.39580213366299,0.05155084720772928,58.95967144213434,1740137.0,,17,4
632.6447484040357,1748.6959780640927,146556.67593183377,22.968582268159537,0.07619644976217145,65.94173779712393,1705649.0,,17,1
259.7757670558668,1555.7972374208073,118533.76472350776,18.96526808825422,0.256415830772568,90.7668626148647,1491748.0,,17,0
1049.0801130397313,777.1473553639486,185436.7003221686,23.801846438280922,0.07642331456857368,71.76012642628193,1718229.0,,17,3
1283.4776374532437,239.30056710775048,160461.8426817187,26.692375622671207,0.10740201155026523,61.714852215900535,1724574.0,,18,4
632.0011976719146,1743.8827992483575,136737.1207027473,22.328499656795508,0.05802754964223793,66.55523278185352,1704782.0,,18,1
258.69796722279074,1556.8907073500118,125745.42316756242,18.750920201793726,0.2170088668075251,90.75713561161844,1502169.0,,18,0
1052.8844289188512,779.6599955289904,178631.4212311647,23.843911026552686,0.07635015896173791,70.99224830064375,1703743.0,,18,3
1281.7554249658106,231.95729354257782,153498.3903612653,25.555437305626747,0.06282633108689131,60.27450909884086,1690480.0,,19,4
633.740757510521,1744.608630675426,149644.97864163597,22.259408647828423,0.04534300984894316,70.66666584002031,1678069.0,,19,1
258.2800107541336,1555.0842983247876,129876.18671602511,20.81114827712047,0.22453739703840328,94.77646947955667,1469229.0,,19,0
1045.9038869982996,777.3046470661425,190432.9467919564,24.012493146660134,0.08583622146404621,72.74509718825621,1707028.0,,19,3
257.86399173454794,1554.9381225076072,128208.74382037991,19.708961874414157,0.2423129826493567,93.69327287434919,1470050.0,,20,0
633.7997121743864,1744.6296576207187,139468.89827849457,22.05866437502471,0.038182528836213016,67.84685277108045,1687886.0,,20,1
1049.2552927870977,778.5544450216769,175685.38674757167,23.71920621361184,0.05784158975612774,68.65455339930759,1726726.0,,20,3
1283.0160547640028,230.9249583595901,154448.91797990937,26.83279170925514,0.07625036041314359,57.75059491824109,1752983.0,,20,4
1286.8719309503272,230.87124718604701,152099.2,26.486402304929058,0.07238985783348728,57.6,1762717.0,,21,4
1043.2756739807953,778.3600091751035,190079.6,22.91391829468344,0.05872804052766914,75.6,1675736.0,,21,3
630.8891838051042,1744.1993367239183,140152.8,23.082499352257297,0.027587839217936942,68.4,1702539.0,,21,1
260.6721057638463,1555.3066955882255,118573.6,19.53647226664339,0.2686144150300262,88.8,1519994.0,,21,0
260.04670669256575,1555.2133662552442,132669.6548788909,19.775344253646935,0.23679909561041856,91.69019606248739,1488955.0,,22,0
632.9270962092394,1740.0277063688045,143453.95683779992,22.926514901452414,0.03895602246481297,68.26274508616902,1693105.0,,22,1
1043.849582879466,777.5200182859343,184665.6705561238,22.902298873485993,0.04362230239793288,74.72549018308443,1679489.0,,22,3
1283.2719804856113,231.59741376831107,154494.7489927428,27.529910514475485,0.04799195100103912,56.54901959800984,1756898.0,,22,4
1287.6708743168024,232.03899670957395,162000.59607843135,26.622007961228388,0.09529629594625762,58.32156862745098,1752726.0,,23,4
625.4425063103366,1738.494797820039,139118.14901960784,22.20206063788957,0.07986179629939241,67.29411764705881,1698843.0,,23,1
259.1034431230123,1554.328768057798,125546.76078431372,19.170622111109978,0.2418504626376668,97.88235294117646,1438930.0,,23,0
1043.5179559347175,777.6453449538665,177074.8862745098,22.019472417847602,0.047465166185481474,75.85882352941177,1668416.0,,23,3
1042.94730600814,778.0646467982176,184390.0261856284,22.12511516805792,0.04063873310626116,77.89446010492222,1652612.0,,24,3
259.1888203682495,1556.1340851026341,134646.70304329525,19.835904282363504,0.3022408677579757,95.68761089031054,1456305.0,,24,0
621.7044698253966,1735.523944473935,138546.96169545237,21.4520747943533,0.0347148729677926,69.98639308919407,1674323.0,,24,1
1283.8483447180217,235.04203865266626,147838.9404389329,25.506800617182524,0.06566454242270943,59.70590596874749,1740379.0,,24,4
1284.6149910736392,233.7627386335501,154982.6862475599,27.093660094876192,0.04996818196217925,56.145098029452626,1751773.0,,25,4
627.2358492493702,1731.5573254636156,138375.04703476152,22.77401267121402,0.06350228290345532,62.20392155781082,1690305.0,,25,1
259.0821820816934,1555.3196867354536,121512.53331220354,18.554761359401812,0.26705971315953203,92.90196076815903,1473439.0,,25,0
1044.210310547881,777.9901282941137,180403.4901647081,22.18265672769865,0.06822934826562645,77.55294116298492,1649352.0,,25,3
260.084373323455,1556.0073831847328,128941.64705882354,19.62062807836723,0.2591438490500711,92.23529411764707,1488697.0,,26,0
624.3175835962145,1729.8399495268138,130529.41176470589,23.40294988012158,0.06739453781945262,64.23529411764706,1653312.0,,26,1
1045.1615093239468,778.5765155299076,192082.8823529412,24.403507246448275,0.1031915095756221,75.76470588235294,1662000.0,,26,3
1283.8099554276187,232.54839993006266,162498.4117647059,25.981967339992625,0.09083924828488457,60.529411764705884,1739511.0,,26,4
1281.8943715958314,235.04071064030535,153476.87886599093,26.29714783467909,0.0785961680559121,58.828305736792636,1753943.0,,27,4
636.4774150207021,1725.947938469413,90018.82660638804,26.578650089289233,0.05770421307908094,55.94859846296362,1616388.0,,27,1
259.46666932886086,1557.503976652557,123623.36494495897,19.513493082839187,0.24854337319600478,89.68231224210346,1511321.0,,27,0
1045.465558167925,778.9140593208843,181972.8165007892,22.718771989576872,0.09049152511972328,75.69516262636255,1678753.0,,27,3
261.4435993527234,1557.0181191861507,120386.84348206848,19.34543783694404,0.2891371129484227,89.76107144915616,1505377.0,,28,0
633.58294779162,1717.677745267757,89890.8134345259,28.32467730607589,0.01701185674649112,47.03636931833511,1618518.0,,28,1
1041.1887014638223,777.5592757531948,175417.04376605464,21.752358456467263,0.043518782268765155,76.82606988661401,1651789.0,,28,3
1280.2059909815282,238.36392171614776,160465.35786898885,29.415825660728327,0.036608013443594885,56.05167343768267,1772912.0,,28,4
1277.8278562160647,234.27520988458042,178685.45994112603,27.147990260739853,0.09582651157663058,60.58695119458777,1778794.0,,29,4
638.1111818264989,1723.4735818360455,101543.32628912113,29.012908255822982,0.07933041274876663,48.46956095567022,1609183.0,,29,1
1043.1787500691946,777.0050905065043,182417.21222170469,22.511860834181338,0.022541962137340395,75.93564549721667,1672962.0,,29,3
259.73354719699887,1555.9159534427288,130064.83552047731,19.52991891635805,0.2451686077171129,93.70781784762909,1473406.0,,29,0
1281.8099304487955,223.3228866468608,163409.27780295748,26.49892116537321,0.09587613367560018,61.390456175943136,1774627.0,,30,4
628.4037042815432,1716.9492202881108,108726.53673339634,25.260652483434132,0.08863313805585459,62.19822533615291,1639997.0,,30,1
259.603845140578,1556.549473406895,131843.27456027977,19.20336005249357,0.2466757178316757,90.87403052360003,1502585.0,,30,0
1047.5645000714214,777.7904277929038,186613.25469914355,23.148217903804095,0.06917472620614061,73.10310899898492,1704320.0,,30,3
259.2116833677821,1557.6736022082102,123506.28728683722,18.75726680389322,0.23795082792092107,93.30588015508293,1480342.0,,31,0
625.9003961455329,1710.3302682657068,111751.36207353322,24.347039417175843,0.06776676162186505,56.952939834920755,1614693.0,,31,1
1046.7548791638865,776.4940632252469,179788.31341207144,23.000293283740664,0.053081556486823805,71.09019440387272,1708865.0,,31,3
1280.4227711548579,227.27671786360818,163550.66673573232,27.20219754368359,0.08871760571117772,56.952939834920755,1774035.0,,31,4
1283.3108814618222,224.39556568100147,171976.90032962282,26.92861134952738,0.05433453346986164,58.97227951270622,1773448.0,,32,4
628.9397861842106,1706.466829769737,98233.27655815175,25.7721451626149,0.06725492794976894,51.29780478160062,1607797.0,,32,1
259.23526479547786,1557.1727890269926,123977.10008378414,19.095010711757524,0.25926654498303164,92.9015362186468,1483015.0,,32,0
1042.2938199017171,774.2497683954742,186172.65898355472,23.427341009621145,0.0755867794331649,73.91730925222767,1692512.0,,32,3
258.55608662071285,1557.5021312625024,123776.12716262139,19.413667848187295,0.21586092203657867,92.79979544316416,1486379.0,,33,0
629.7694563950408,1712.028886298612,94369.79198245045,25.792277546019747,0.017472703998785498,55.19987832395109,1625306.0,,33,1
1040.8643937379907,772.4334947899443,185064.79206517525,23.603353390636855,0.060604533133298874,72.39984041039962,1700069.0,,33,3
1277.1206851935601,234.19731359238094,165395.23542240734,26.748340689691698,0.09550344349880337,57.1998739153986,1801196.0,,33,4
1276.6758586399449,233.78658753335344,181078.57730424622,27.83966701082273,0.10581681479639338,58.66450189616555,1800676.0,,34,4
1036.1405466630374,770.8529273603709,185593.2995960053,22.8460908075515,0.048271787563591996,75.36758924160156,1679820.0,,34,3
627.5811704685822,1708.6628050607746,111476.40494344002,24.420956225687995,0.030390830087805173,58.25710952188662,1646510.0,,34,1
260.59782385897785,1557.9971884394643,119251.89579892762,18.512337539024795,0.2645887653848302,92.88546133559545,1483578.0,,34,0
259.9453813307389,1557.1066530187557,117145.46302429034,18.593177484941656,0.26911988532805886,91.41601115686674,1488392.0,,35,0
631.6899738779388,1702.828943243885,124984.6827862227,24.241243142072204,0.038865572072015776,61.735488053987936,1667952.0,,35,1
1032.463819770486,768.5687705459758,184426.06427451211,22.340964543427138,0.03080928015517372,75.190658527293,1684561.0,,35,3
1275.749785076504,228.7634082578994,179987.83671986163,26.981849160493564,0.14979631192293444,59.756786513796015,1791963.0,,35,4
1274.9975853619649,232.70306455537934,189149.88568747664,27.516932078097113,0.12731536206427768,61.10876653297293,1789510.0,,36,4
1028.6455274896462,766.3311609890999,179072.0977417759,22.274448331316208,0.002885800764348145,78.17160394153031,1642457.0,,36,3
637.3096015162587,1701.2235346180385,136295.16754835026,23.66593039144256,0.03878458779087256,67.45772928964544,1624608.0,,36,1
259.2905294676347,1555.6263172298331,123247.25546304368,19.129970012215537,0.27784966615073237,93.64720066091955,1475953.0,,36,0
259.1336428922897,1557.4313022030383,128439.93532787175,19.2192542238183,0.2877800868199388,94.79936180000624,1467929.0,,37,0
635.6088328551106,1701.507746003424,132712.70656309396,24.69115446164882,0.10745842001777764,66.7995502978947,1669423.0,,37,1
1031.063964251654,766.7919397922591,185383.5519770232,22.409354352082136,0.09700000069764461,77.59947759156628,1653701.0,,37,3
1272.0321255136346,233.6773349308017,175610.01777355754,26.658125415427286,0.08772954750382173,60.39959338312634,1768193.0,,37,4
1278.2227846958015,235.471659685923,177153.80938411545,27.821877750850234,0.09600440265216519,57.999937592595685,1801590.0,,38,4
1036.197407047728,772.2653264857586,179995.40632658303,21.808706457969745,0.0399219068514542,75.99991822478056,1658999.0,,38,3
638.4776687905464,1702.6575373354908,131269.05875568898,24.0282065976871,0.06604589722306854,63.99993113665731,1671927.0,,38,1
257.6204105593825,1556.6025524128327,128098.26216743722,20.249209822344486,0.25484394513605096,90.79990230013256,1490061.0,,38,0
259.29188862375275,1556.861731318935,112904.08753422204,18.098207301366266,0.2340284874878343,91.28589187479359,1488444.0,,39,0
637.6812809445967,1702.9200585668757,137382.84375231105,22.596274721453817,0.03219874102225466,65.43501983945382,1698168.0,,39,1
1041.7318712728443,774.498130335226,178339.91521342695,22.877432951726405,0.06163512064490433,72.70557759939312,1683198.0,,39,3
1277.5939600527292,239.58680330472083,185684.3903105923,27.023671989300855,0.07881912669260838,59.78014158172324,1804324.0,,39,4
1281.1714824023297,236.14711326951078,206571.41057544932,27.98299311533761,0.11138832873989246,61.599585673659256,1811499.0,,40,4
259.2570589527551,1557.1896289930735,123813.56721481682,18.17870909710293,0.23246623541916592,94.79936236790418,1459679.0,,40,0
1045.0507315570615,776.6406151679831,181802.77717230434,23.19077402192474,0.04945052918820786,71.99951572245887,1698219.0,,40,3
639.6668272294542,1707.0442525004412,133695.50074772432,23.776896265334088,0.003766306045376988,62.7995776023669,1679903.0,,40,1
259.2515274884204,1556.5772090445155,125433.67377933051,19.3871676118434,0.2570302227001978,94.70039783412442,1464654.0,,41,0
627.8110724250449,1709.879853163719,135192.21013336,22.474059273523125,0.01856298360852145,66.7298161953535,1681232.0,,41,1
1281.4811974592335,235.6155075228766,193313.08088003748,26.918719294268925,0.09990609314349311,60.33654039220585,1811858.0,,41,4
1045.0828972524662,776.3493366783653,178067.11598821884,23.157819074333112,0.07561128964854878,70.32603383462404,1709329.0,,41,3
1280.0933552066122,237.39171745793777,205838.36079577732,26.662625175656096,0.05568506222178951,62.60757595799365,1800311.0,,42,4
1044.148911126815,774.6287688120148,181191.57578041722,22.64511875726584,0.06815190902358692,73.91733161492154,1678577.0,,42,3
628.0103519796351,1707.8210885758401,131063.5073501537,21.944758984942073,0.018464096078837835,67.85853394156732,1668917.0,,42,1
260.07969286195896,1556.9539863203481,120411.33320070719,18.39166856884831,0.24984178821815517,92.90156432476478,1486033.0,,42,0
260.10467459484005,1556.4758480843402,123108.24703655133,19.029195508793986,0.2625675120562418,91.62352939518858,1482578.0,,43,0
629.216152996658,1702.8233831206287,133941.56468165023,22.559537400647734,0.03896597216594785,68.32941175234403,1693697.0,,43,1
1047.5704045380658,776.3568908886766,185337.3176135284,22.476151902710743,0.032250486035609746,75.7058823392448,1677234.0,,43,3
1281.5224892326692,240.2408719170584,204982.79996291542,26.911006423520643,0.04585986921494255,61.729411753538066,1809666.0,,43,4
1282.1546023572105,236.87364089166638,205443.21585643635,27.034514964664453,0.10285259741391631,62.80783839368869,1807482.0,,44,4
260.0991417840695,1558.8570501164115,119993.55956492934,18.28366377476078,0.2850799395445048,92.98822827117546,1473903.0,,44,0
1049.0521682153396,776.9004151293541,185486.22912839497,23.676208984302995,0.025836089363597544,72.18822984209675,1712342.0,,44,3
630.8247920128201,1703.1195479912526,138194.78171969258,22.500246015574696,0.033865910355288645,67.29411256466645,1706693.0,,44,1
258.0777564418611,1558.0932220982431,122101.38891930286,19.158031873772618,0.2631736334622441,93.07232787981735,1480231.0,,45,0
632.5639926299674,1700.1053667825458,134775.4636617796,23.325583240828784,0.05898227063292941,66.14076066352978,1700269.0,,45,1
1047.559443779159,777.6755941632293,187523.3143696332,22.326370913394335,0.04625165430723076,76.43812459916914,1669768.0,,45,3
1282.4989868072382,241.78493389448624,195643.18188534392,27.122205725166502,0.10044590425125194,61.784183613836205,1791485.0,,45,4
1280.4046900526173,239.70824534067054,188865.6431372549,27.40768718743751,0.08441866565794581,59.8078431372549,1810275.0,,46,4
1048.9125852129384,776.9322655100967,184471.54901960783,23.519342312151615,0.05935617448365902,70.89803921568627,1719074.0,,46,3
626.0040752855381,1693.1248324306932,132956.4,22.201004059289275,0.013252993668731696,66.14509803921568,1691457.0,,46,1
259.59624419031024,1557.7321823122174,126380.30980392157,18.866448924472476,0.21052818699794035,90.70196078431373,1505385.0,,46,0
259.79147165335985,1557.7381562506619,112214.56466608365,17.962545832830706,0.23605816472070673,90.70196075214481,1490745.0,,47,0
627.9676878145777,1690.8491890884236,127481.80387635514,21.761257908043458,0.004738432390320942,65.74901958452419,1729841.0,,47,1
1046.9770659598862,776.6031901027476,181718.4077786879,23.343369272857988,0.0748344084844044,71.29411762177321,1713579.0,,47,3
1283.8247541513629,240.54234299725485,197234.78032220437,28.507270917774974,0.07964243294521418,60.996078409739305,1808773.0,,47,4
1285.272277988626,239.83717195363704,198903.81953766494,27.577604843950606,0.0900568533414308,60.75206223045528,1808280.0,,48,4
1047.9408551377578,777.3912558482066,180954.91671326835,22.88792348977702,0.0917015186289999,71.72662831079559,1698060.0,,48,3
627.7606051889777,1690.936935511707,136264.91583896827,23.126083593898734,0.04910182916562012,65.45544769345827,1694834.0,,48,1
258.49021924343975,1557.5496827380275,120761.38150654467,19.63637744743274,0.26371383558880096,91.7160165285583,1479902.0,,48,0
259.56928250847625,1557.3936324609117,126043.61516469253,19.20529805295728,0.2425920512772944,94.92393634192457,1453146.0,,49,0
630.051739541805,1682.5309696147729,131196.02494014264,23.429754114749752,0.10126931207752497,64.94795644447471,1697505.0,,49,1
1046.195135639189,776.0974707286939,180099.14599079004,23.747940322931747,0.0910006080764443,71.86549026696314,1708618.0,,49,3
1285.90690881073,236.1486900694378,205498.02434236006,27.54076681931673,0.05261839279329908,63.795034140726635,1798220.0,,49,4
1286.46731005947,236.4279575553545,217887.24038999868,27.430530385713343,0.1142439968907444,64.22324078291571,1795342.0,,50,4
1050.4027895495653,776.8286818996024,184906.38468932803,23.943300699570568,0.08958071734437516,71.89771609659746,1706912.0,,50,3
624.6598151588862,1686.9482606445204,135003.3109219891,22.700911097284582,0.07154562901375312,60.58796300275067,1690261.0,,50,1
260.6903621544408,1559.030478111083,120176.22461595596,18.844110908266053,0.2391578507744423,88.86234573736765,1517526.0,,50,0
259.84057709460564,1557.4618630979444,116383.11353194038,18.067853926150104,0.2707106522521251,91.69018047828769,1488949.0,,51,0
622.6636147439862,1681.1862903449103,131291.04825041018,22.654338964124427,0.05626916521944567,66.24312598431358,1678562.0,,51,1
1047.9603542928292,777.2717819562292,185559.11352705947,23.096243459655867,0.06845183643620947,72.7058699827832,1695953.0,,51,3
1286.8978375545585,235.6412953250936,211183.89348099148,26.675895520948544,0.0881248850304471,65.83920448440922,1786550.0,,51,4
1290.1299614885722,239.48343003086947,196792.18184616114,26.472606823413297,0.08486110758722178,61.73810292103878,1806054.0,,52,4
621.6762760097919,1678.6624816401468,129333.41047817611,24.930581467123098,0.10582150851374837,59.75931757100549,1686899.0,,52,1
259.4921466835299,1557.3832398572365,119533.67391067123,18.953166883474264,0.24879448730740028,89.83685489151156,1510362.0,,52,0
1048.4335439341885,777.1545723597947,179587.03898469167,23.37965941008968,0.054759349218772665,70.84051553119194,1706900.0,,52,3
259.9576614843665,1558.8216180839393,125774.33791352635,18.854842906425393,0.26009923514936567,96.84198721614338,1442233.0,,53,0
624.7456539241175,1675.1877555696278,126802.07350285767,25.265540054238787,0.012395918317048622,60.929750290156875,1635384.0,,53,1
1049.3294623909455,776.914971199515,191663.2049657099,23.48741922014704,0.06428609102895332,73.84201525230932,1686465.0,,53,3
1286.2628833593067,241.50423956433184,212577.44262987626,25.949051729083088,0.07653202499801597,65.77184965096404,1784143.0,,53,4
1285.2850400892135,235.5674539478713,208096.6588235294,26.394616683673153,0.11721306521415788,65.66274509803921,1783471.0,,54,4
625.0323837868481,1672.0533476548514,109354.16470588234,24.504073941373726,0.0187971948374421,57.50588235294117,1615324.0,,54,1
259.50853038409963,1557.664586624889,122873.34901960783,18.965135989945914,0.2731287894937085,93.80392156862744,1460737.0,,54,0
1046.9335176393888,776.2470074536416,182044.45490196077,22.131124653662937,0.0481312330889832,74.63529411764705,1672130.0,,54,3
1286.9353514380766,237.82388802477044,213909.4745443781,25.98218210314986,0.14011890920402834,68.32940551238894,1762026.0,,55,4
1047.9033125666074,776.8363556712538,184333.3243094957,22.708433255374977,0.060744126470355736,73.76469913269261,1684169.0,,55,3
625.8257893742981,1668.5204950754176,117189.97751210876,23.129528827360037,0.06831865672467327,63.67058240927152,1635576.0,,55,1
257.99010781679453,1557.7378848456308,126138.80022268015,20.121248001380945,0.28304138078418994,92.78822680375545,1491640.0,,55,0
1286.2058349244844,235.52242301392673,223180.80384395097,26.388472414618132,0.13053516712099694,68.66666664278581,1765711.0,,56,4
622.9405327564454,1675.2019713220961,124537.50191747275,23.869265264510453,0.10587588681344504,58.97254899909841,1659192.0,,56,1
259.0535252956679,1557.846096924535,124454.69799593292,18.01288501421859,0.2481550683321375,94.92156859443922,1454454.0,,56,0
1046.3564848148374,775.6395920261631,186251.46660189226,22.37186929307126,0.040161323211831315,77.1490195810123,1653057.0,,56,3
258.7848549858788,1557.4298487399521,116681.53725490197,19.175323014465825,0.25806285242291704,90.30588235294118,1499659.0,,57,0
626.3154403930293,1674.6093315327043,122301.49411764706,23.26524043342315,0.03997115669726269,65.3529411764706,1654284.0,,57,1
1048.8493056830262,777.9951037099962,185569.87450980392,23.06601431906113,0.03792885430151695,72.87843137254902,1710454.0,,57,3
1288.5329634166408,238.14818180156132,216643.01960784313,26.622026246662,0.1801715254421116,66.93725490196078,1773777.0,,57,4
1288.3493758939885,237.12192244787087,212637.6393529483,26.280446236794077,0.11986159901307299,67.45490076029117,1757774.0,,58,4
1049.6753551654579,779.9885767629512,188219.36919928432,22.929701226459372,0.0733701553487478,76.74509667338516,1666762.0,,58,3
621.8646786283867,1675.1358570161874,133473.05252654428,24.23116412201097,0.09853349290234198,61.799998900147,1670371.0,,58,1
258.737832235392,1557.5122545264678,129190.67613216939,19.96071096923914,0.28118458566069127,90.8823513237456,1491982.0,,58,0
259.02174830822696,1559.4905652296284,128582.87196933114,19.48722864595074,0.2857480681991286,91.65496753770284,1493466.0,,59,0
622.09157566157,1666.8475564781418,126396.92066200491,23.284836523467334,0.07237418730162559,64.90587829923163,1676567.0,,59,1
1050.704826396583,779.287087607701,181068.51874480557,22.49865970472127,0.03458583830889698,73.95336436518514,1691280.0,,59,3
1290.256471026025,228.26906353699445,217762.36864559725,26.606872195089174,0.09176970184349349,68.44619893373518,1756880.0,,59,4
1289.7233261463864,228.24288650649154,216752.41014432668,26.654822978489882,0.13303033211089674,69.47438610271344,1748504.0,,60,4
619.2719992732909,1671.4935518759598,142290.4093927975,23.620844884875954,0.020463172238837948,63.01165251176336,1655510.0,,60,1
259.31261851289014,1557.6781257144394,120140.60177236439,17.328063191293403,0.2709629143817217,98.96060811142321,1421701.0,,60,0
1048.4520996042597,779.8361194789313,188926.3028267922,22.505133146362915,0.06911121223820885,76.34104054309792,1670436.0,,60,3
258.6616508959773,1556.9801879717245,122773.08045862618,18.848022790408457,0.24906089435725418,92.86001075075207,1477217.0,,61,0
619.8695204887064,1659.4630450681743,129111.85368194124,22.641582145197656,0.0523720615621655,65.43300335601516,1673384.0,,61,1
1045.978552686123,779.1402843581324,180531.22351681127,23.53017911007346,0.07344104853025629,74.444734357143,1682366.0,,61,3
1288.091590120877,232.7505913252942,216008.84121068614,27.527769561315377,0.1685281661891207,67.3920753127821,1761072.0,,61,4
1287.8291463760274,229.21637275146588,215199.27917904788,26.69458847453818,0.12497908759195278,66.14155711175587,1769854.0,,62,4
1045.439776768244,778.6328947816174,186219.7717906217,22.858528495118456,0.07909742623545184,76.83510227353676,1665362.0,,62,3
616.8591563203369,1658.2718129674,136372.4051048224,22.203143871166997,0.018158182586582465,66.53761433996998,1679353.0,,62,1
259.6518734228922,1557.4068196941646,120227.92431113074,18.749459333843962,0.2750533864745994,91.88527694567283,1497809.0,,62,0
257.8897630671478,1558.040002644573,112698.38464794282,18.354210166623663,0.2248903993255148,92.94113793731125,1471861.0,,63,0
624.540281204256,1658.2811426526368,133682.68967336696,23.621489436403035,0.07740122214270771,65.49016892629106,1711904.0,,63,1
1043.9010705281476,778.8361206698287,180742.67016235922,22.511021358733498,0.011963288910817146,73.72545962959711,1696435.0,,63,3
1291.0063868716616,226.2052966237851,207472.07084508974,26.40816025319077,0.13001566192398728,68.62742252755051,1745111.0,,63,4
1287.6605386153783,225.18349348645174,217208.12309427117,25.57374767669065,0.1279346670497181,70.79977936011063,1743409.0,,64,4
1043.5283352578244,778.9921993485455,185676.2213600479,22.835355835804286,0.06595977957019095,73.5997706342393,1683679.0,,64,3
627.9019702285442,1648.1151869764844,140348.76261819265,22.04540044535788,0.0411769761711197,69.59978309976978,1670973.0,,64,1
259.41444719943166,1558.2401621418323,114862.04204481316,17.904801705434668,0.25006981214581503,94.7997045669278,1466622.0,,64,0
1288.8336848707495,225.83674028941357,221021.56688829,26.277025205898603,0.13822207726700514,68.91761594653009,1751141.0,,65,4
1045.5096312850164,778.2998364308264,176525.34383849066,22.783537759250404,0.060988023000579504,72.87839847219274,1685339.0,,65,3
628.4044688580681,1644.186335823861,140532.920871289,22.542992868631952,0.03184980294521077,68.12545944139757,1682532.0,,65,1
257.54609188910445,1557.7688345652334,129035.95743404805,18.95770245134223,0.21994836619930805,93.87054585820479,1475848.0,,65,0
1287.8441915415997,226.10279669934098,210210.66388624557,26.651192587677226,0.14712091337138652,65.19243051243149,1770285.0,,66,4
631.3796175021404,1643.501961818254,136878.4927641191,24.085093329139678,0.0208744804667859,64.80438033080986,1684294.0,,66,1
259.8551810237203,1557.7075998751561,124331.27819156575,18.790911836987,0.28256002547073755,93.90814395243106,1469197.0,,66,0
1045.72030881109,779.7337840510729,184417.74441422,23.319223772413128,0.09619454986432344,71.78928359999895,1709683.0,,66,3
258.8050243683157,1558.473873996242,119945.85517824384,18.272437653341207,0.21640279876755208,93.87346894579144,1466522.0,,67,0
630.865808093089,1646.5994407311418,130812.29106906391,23.099765730698998,0.0781721791736193,64.7804517105255,1665547.0,,67,1
1045.1608225048703,777.9485585435039,183383.37321318948,23.065246153131277,0.05567788365479774,74.47812412228082,1679558.0,,67,3
1288.4794669246064,228.96283160477904,216556.78309242558,26.755405042695436,0.15610063215720643,67.8837068822872,1751246.0,,67,4
1288.396911052537,229.234788968359,213944.30715085767,26.452765075659517,0.1433731816398489,68.23529202073699,1754933.0,,68,4
624.925603338777,1639.1516482187142,129670.58425044193,23.51914493409607,0.023792403149073757,66.27450776726754,1651145.0,,68,1
259.37393562337706,1559.023782665621,125499.211829611,18.11938273501042,0.2475111250313829,95.68627156930934,1462546.0,,68,0
1049.020621064185,778.4856690859814,191865.4842999409,23.3176187011429,0.030551224001489855,74.90195848253313,1689349.0,,68,3
1287.9507039982802,228.67625035826885,214432.12535170038,25.980094783311365,0.1121562545492542,69.526036630585,1750064.0,,69,4
1045.6453262052084,779.4837173624804,180776.91416150518,23.048642517314036,0.02243992520619511,75.28786287068873,1672162.0,,69,3
627.3637589914786,1638.1401445720544,130137.75982423084,22.962280287682038,0.010489749873681885,62.99596689180078,1668142.0,,69,1
257.2197711935518,1556.945880065711,130006.77430770583,19.75735855320118,0.20746963068799298,91.80509809231943,1489377.0,,69,0
1287.3756895927959,230.53671548568138,213369.2993350484,26.542292868910103,0.12112770639573239,67.19448867181687,1758030.0,,70,4
1041.989167746359,779.1471417169381,184914.03325131186,22.634473469868023,0.05472613847525505,73.59396378341847,1686577.0,,70,3
627.2525680733587,1634.1120389573607,131332.8280106495,24.59675041452082,0.036522550199202204,57.99524319888956,1674277.0,,70,1
259.4805058689689,1557.9403550900329,120590.50910143726,18.384260610791824,0.25893307829634205,91.9924547292731,1495563.0,,70,0
1285.5853109900424,233.19860511753737,219601.81984519926,26.649260939100937,0.13660636310270638,68.83566904802669,1754716.0,,71,4
1044.715590090408,778.3291262696584,182863.12816135076,22.668045992158525,0.030275360406620037,74.70234538734714,1688416.0,,71,3
622.9246294666318,1623.796047859015,121307.6133386648,24.583362783575506,0.09817806676000755,57.102316369385775,1640635.0,,71,1
257.41253569283936,1557.3640210051594,127657.3126965893,20.07983955350652,0.23925364964336163,90.73792738148973,1495248.0,,71,0
258.46905942934217,1558.7035655084173,124438.37613251976,18.78580734117406,0.2179513846514092,91.76466514666556,1483998.0,,72,0
616.9250226830849,1619.6358651976668,121019.55412077348,24.92795412692317,0.12804920304587733,63.1372268744152,1636350.0,,72,1
1287.5207328599472,232.5590629712967,210360.2987748256,25.59779846334354,0.1347344695155432,66.66663707236387,1760376.0,,72,4
1047.7647871996235,778.9291359248123,173328.15835119347,22.358856037432485,0.061007621239306274,71.7646740249564,1709207.0,,72,3
1285.0934436957768,235.31534276824982,210215.51783118973,25.453009779448436,0.150622825379527,67.63221216915834,1755866.0,,73,4
1050.54586563717,779.3412700928279,181854.18022241286,22.869034648799946,0.0812238438955775,74.93341689196521,1674551.0,,73,3
614.7479699743542,1622.157799368221,118971.97813633955,25.502499576346867,0.08637125404860575,59.178185648013546,1660765.0,,73,1
259.2127745162978,1557.4761861553957,127051.33757302452,19.206009634344117,0.21179555102903963,93.76283959815133,1478570.0,,73,0
259.0340037248683,1556.966145651248,122054.75656019086,18.331988099562714,0.2620099249291995,97.75490447291872,1432484.0,,74,0
612.1315604681405,1618.6240702210664,119323.0500629754,26.065998184961447,0.15108634980316965,59.351192001414944,1658209.0,,74,1
1050.6780774732601,778.4220895912292,184131.0604819322,23.269181355274668,0.06895501647125832,71.37659691673431,1704934.0,,74,3
1286.1088735053493,238.99994679162683,211424.85047683126,26.523049600202857,0.12125656500562508,68.66118290359768,1748672.0,,74,4
1286.1356902974803,236.366416472445,212584.10782260954,25.807472828188505,0.15635839617802538,66.7117183345254,1773101.0,,75,4
258.4887383402778,1557.0652974944942,127898.45798452711,19.091144706302007,0.2639402645215736,93.6304818730181,1477093.0,,75,0
1048.1482297194284,781.8984287400569,184752.05695884713,23.872189338774653,0.09994155296293823,72.56362345158902,1693978.0,,75,3
615.2700716234127,1615.907135586288,126858.7695087288,24.498443965662812,0.042374105210331706,65.15121030330843,1612498.0,,75,1
258.4035443400277,1559.1142557294825,111631.97331908045,18.34113167819273,0.23337996794981564,91.66935474713402,1488151.0,,76,0
616.6653780845941,1626.760459435761,109317.03683364038,25.64757583304872,0.1281121501368748,55.15376115491466,1658299.0,,76,1
1048.5808225056526,779.4544367008281,187913.42870399327,23.947506989353766,0.05781831773787761,71.89007488468187,1709357.0,,76,3
1286.4948748695913,236.67908907825588,214746.30406200915,26.633065061972477,0.1463726754341485,65.80414261931197,1790045.0,,76,4
1288.224386462238,234.86079653785552,209148.18869862892,26.470674647220196,0.16071590818817977,67.33900844141367,1752407.0,,77,4
259.02290152656013,1558.8427668043466,120407.41383133802,18.869352593653517,0.23937593994973605,90.28693869239821,1502812.0,,77,0
611.9816754455006,1632.2974684091714,130486.06955845485,26.333542735544057,0.13438860780173836,54.924554371208906,1706507.0,,77,1
1047.4735818469771,780.4641686610444,181240.11975323074,23.435963513757194,0.06348410801592852,71.47715979814858,1713545.0,,77,3
1288.8397301589669,230.96687755375945,212481.81575142784,26.69111712527169,0.1293993210930364,68.52156738382635,1753853.0,,78,4
1045.5629080623087,778.4313213155624,181750.8829758422,23.21297175178818,0.04133088410403326,72.87843004984998,1703396.0,,78,3
603.7501486913603,1631.8211312999206,127194.64475031834,22.784146272699036,0.08371129309444315,63.76862629361874,1652596.0,,78,1
259.1097339167154,1558.1042901477958,124561.91146476752,19.01894584180682,0.27939440386880937,93.07842968323232,1486184.0,,78,0
1287.975631262525,228.30867006740755,213102.2884935971,25.957943233363856,0.1121300986871775,67.16468557003516,1766961.0,,79,4
259.12957093855937,1558.6644902680548,116128.1295857675,17.550905602613042,0.2532582582961758,93.95291276270814,1466042.0,,79,0
604.1762961718439,1634.8942745669056,124781.89167453098,25.38377599435476,0.021736792073430624,60.95292274274867,1632624.0,,79,1
1044.7287767464748,777.8223894083111,183038.9093502373,23.471579526639665,0.05762484621684594,70.65880216038381,1722662.0,,79,3
1288.7818616675802,230.53307606998575,210258.34113764722,25.89462373310781,0.12999532933754998,67.32941175227378,1766953.0,,80,4
1041.5931561055645,777.3134379255987,177359.74506529045,23.587448753177345,0.06575828054481019,69.99215684982133,1718213.0,,80,3
600.410343631134,1629.692865689743,117306.47448814375,25.063055995378164,0.03547169801261194,57.819607832461095,1641595.0,,80,1
258.81109551012037,1558.7184929442917,118661.81174279546,19.006119928695654,0.2621380622569306,90.91372547340923,1495632.0,,80,0
1291.419732251907,230.29150424550036,223062.39852858594,26.265953912991115,0.1338691108274765,70.55684243278024,1739598.0,,81,4
1044.795087076572,773.2019087310606,181236.87331466159,23.872412029480003,0.08756389653307321,74.22742961136419,1686587.0,,81,3
598.199742082903,1629.4263328567226,119229.64410684303,25.96489067601253,0.10457084847411022,59.137237877185754,1641675.0,,81,1
259.212974566126,1556.7613290301804,116513.40959469091,17.813380848921167,0.22943168746062614,92.5803655042839,1482733.0,,81,0
1290.7336957920363,231.6225408366517,219420.90266451988,26.972792198455167,0.11008179039534771,69.64296901533302,1748476.0,,82,4
1042.047882042967,772.2559198081341,178310.09338204705,24.256420684004585,0.058834973940769454,68.8900720530051,1728711.0,,82,3
600.0897455006739,1627.0074589709031,118703.61732302641,22.11978941228554,0.08430092707801734,62.49044787321774,1676961.0,,82,1
259.193715167023,1556.750481965719,128876.38462952017,19.135743209647984,0.2523229126230935,91.8534294040068,1492364.0,,82,0
260.030512155396,1559.42299270073,128700.45661999994,19.25255475127249,0.2537134854441727,94.71831880098928,1474297.0,,83,0
598.4771435433512,1626.8233499548246,135768.61706560818,23.0425601760882,0.052603478742075924,62.49856281540686,1670558.0,,83,1
1040.0173072455277,776.8371074455298,192152.02547088396,23.547250686204073,0.0561371567245896,72.59149842534833,1709121.0,,83,3
1289.017810535004,232.5551456880043,214467.89429429572,25.896224888149877,0.13939073663458076,67.9332204515292,1758086.0,,83,4
1042.491684950237,774.6515923740478,174387.7881734447,22.99584684014791,0.05062712007945234,70.89803919054114,1707325.0,,84,3
1291.7979740447677,233.30161872338846,213488.25482624373,25.994010782884907,0.16534457362027977,68.12549017191662,1764462.0,,84,4
593.484756842046,1624.4049971511042,126516.16466101135,21.85094943495869,0.02493209420113472,62.976470565899675,1686474.0,,84,1
259.4403642618904,1558.3739035375686,120651.82740818927,19.645932684273557,0.2786885283950367,92.68235290830518,1485341.0,,84,0
1041.23965574179,776.9888063405749,183562.26531132948,24.226764207343074,0.09119520207780808,72.89190268104974,1700368.0,,85,3
259.7765739394873,1558.413514545418,111041.88819547548,17.472796421462935,0.2612367777566179,92.97436566460426,1471467.0,,85,0
593.7426017185613,1620.407038049891,133951.88758762195,23.014361744559256,0.0634339084516305,66.19774835319824,1679263.0,,85,1
1288.5127418788593,233.03348615327428,216100.69001170236,26.78134525964906,0.16297565843683115,67.6853382038319,1758228.0,,85,4
1291.3862083414188,235.64921014625904,212376.6235294118,26.472446146539383,0.11740557267298021,66.37647058823529,1774306.0,,86,4
601.9692376049435,1611.2368342379752,132972.1294117647,23.71482657475391,0.02906867808506492,64.5529411764706,1715030.0,,86,1
257.44910756927203,1556.8212172179656,122947.09411764707,19.689205561811903,0.22584677833253614,88.98823529411766,1503699.0,,86,0
1035.28078867037,777.680414891119,189485.85882352942,24.234615219925814,0.03566425006748381,74.03529411764707,1677872.0,,86,3
1292.8377110956524,237.5260813026319,219874.73997088257,26.94422752873526,0.12226933462185526,65.71638905399945,1784168.0,,87,4
1033.9653298931223,776.2282250439426,187375.10328591432,22.934336907891108,0.07150151664508904,75.70835464115726,1666040.0,,87,3
603.1420089868097,1608.1621974199159,132566.48189577257,21.865335721600356,0.040936978587542826,69.55945274136783,1676296.0,,87,1
257.6716585384384,1557.7014023020079,131518.47842822722,20.274224276886248,0.23357992030094396,94.9236730779992,1472031.0,,87,0
1286.065910498201,234.13107000305092,212082.80605059655,26.749937496585325,0.11600865580749727,64.32169850234635,1788300.0,,88,4
1031.0749714353299,774.2813107857238,181282.6670165504,22.41489932719925,0.06209846203124001,76.57345059803137,1665274.0,,88,3
603.0485104652595,1605.4292259803037,133698.39334592174,23.273088714938655,0.0724017244766568,61.641627731415255,1699914.0,,88,1
259.703602595659,1558.2011092286546,119772.36275291078,18.969939644282643,0.2662706550888297,89.97380445268686,1505488.0,,88,0
1287.0755669426242,237.55665268690353,217311.2856816666,26.89516607752926,0.07046000716821564,65.87894078486175,1777269.0,,89,4
1027.8873697639804,773.8659260046778,177044.94772068848,21.875270928731393,0.04327201112972269,76.79602240063885,1662663.0,,89,3
605.1327073705488,1604.6522184457974,138561.48212289385,22.61399680326459,0.0582694669409027,65.12603860446333,1651470.0,,89,1
259.0210727614818,1558.1282810524044,122049.2079534859,19.056427016335284,0.25896493281229954,91.85406600860725,1495027.0,,89,0
1288.6753625299295,237.96897980063517,210713.0289351401,26.90373896027652,0.10659859999329187,64.74978863808684,1798282.0,,90,4
1027.3858606726542,773.7412213950515,176818.19882615868,22.622592680913037,0.030300078251609346,74.85524698044722,1669960.0,,90,3
600.592079855532,1603.5922931448804,131608.62385984778,22.59337173157908,0.04930846870082061,64.00123616828236,1690383.0,,90,1
257.76608472677384,1558.250094360535,124943.13839247386,19.866396433693474,0.25455113111757804,91.69767755104783,1489556.0,,90,0
1290.0855465554287,235.50664461086188,213741.8431372549,26.189049075486654,0.1516212296595263,67.63921568627451,1779425.0,,91,4
1029.3006583852236,775.6550040427163,182996.74509803922,22.50449093376702,0.02275871451546861,73.78823529411765,1689167.0,,91,3
601.9927792155373,1598.8612558763475,129492.20392156864,22.57590714475321,0.014752039295190054,62.643137254901966,1651566.0,,91,1
259.1036978873448,1557.3572787341848,129702.03921568628,20.096105060941625,0.2399988333631251,93.77254901960785,1473000.0,,91,0
1296.2797721905042,238.02255335017568,212792.17506181425,27.531911556187527,0.06658953170755233,63.70588193118136,1794993.0,,92,4
1033.9870990273125,775.1764765445314,180282.8027280204,22.665013420184025,0.09040583048806164,75.25490146256512,1670405.0,,92,3
606.5172318287724,1599.0038289780255,130475.60697933368,22.616327502024596,0.03791305004980895,67.43137210259547,1654091.0,,92,1
257.86602285264985,1558.5031007063776,117506.43059460686,18.890765801159212,0.23448138820814726,88.66666607965593,1517368.0,,92,0
1296.975565097826,244.24934374884464,213813.50281205983,27.860980755383437,0.09061777607139948,61.73499330311816,1806120.0,,93,4
1030.2089900422052,774.4256318418624,182663.30506311878,22.892630651937996,0.05111175793248802,72.65154699696222,1694291.0,,93,3
602.4991652893941,1588.015422669627,135292.23782378345,23.783911381536377,0.08583207789821726,62.48785907510741,1691763.0,,93,1
258.90908683774467,1557.9033991670026,117675.1787592351,18.431118134436648,0.22256343698969058,90.72032552470412,1488563.0,,93,0
1300.1927026565993,244.21747304346263,205292.42833534573,26.81150299168305,0.0479742734926012,61.56026598673538,1818366.0,,94,4
604.1123855669057,1580.8579196444184,130704.60929329768,24.624813862226436,0.08657839580319929,61.19164163950942,1685211.0,,94,1
259.2595039947232,1558.9351514845396,124067.52792149426,19.384966248921046,0.26506728268530033,93.9992085426199,1462899.0,,94,0
1030.9554308033157,775.9712988669618,186680.95366825422,22.87049968880624,0.05364463926440002,75.93661552854783,1676027.0,,94,3
1300.3928712797688,240.54676689493687,201297.26089675887,26.889459989201818,0.0870074392309652,62.84635866727774,1796260.0,,95,4
1029.0028916235074,774.4703065899116,182668.55274846664,22.90447662682444,0.0413203776659143,72.9466663102331,1701368.0,,95,3
603.9351405963779,1575.8796763167338,118853.68680386995,26.462275216688607,0.13920560551423355,54.242392897352815,1659746.0,,95,1
259.20279387555075,1558.3253240965423,117934.558808361,18.30633424861934,0.2636041562583707,93.89545253265901,1468521.0,,95,0
259.63513851217505,1559.4176180172492,123531.29409459991,20.809863723339266,0.2932313093628433,91.85882351227373,1490203.0,,96,0
603.3536678392657,1580.7766356495315,119433.0352718351,24.39317698157683,0.0705300500099875,59.858823518243945,1678113.0,,96,1
1028.1012141856158,772.3678992645329,184020.70584802033,23.56777321099853,0.0542114923707784,70.77647057503057,1710772.0,,96,3
1302.7144156286208,241.05420988753693,218993.69407678957,27.12932338598159,0.06142004188511978,63.62352939989451,1808406.0,,96,4
1298.205608843562,243.5016666546287,214858.96012756252,27.042668116106,0.1131901125343045,64.79087608847705,1792918.0,,97,4
604.6252000480748,1575.0196916887537,122665.81111615653,24.687946497920507,0.027035181523578006,64.01493745268691,1632513.0,,97,1
257.98051069347065,1558.417520549842,123282.6823316097,18.799957636115813,0.2252726478434542,92.72466697692224,1466920.0,,97,0
1022.9652131144808,768.3617423453013,186161.64562149983,23.270408200439604,0.06139432130886418,74.49010903585385,1687842.0,,97,3
1296.9162583124207,242.49695030553508,205911.71183375962,27.248259035146333,0.05814257627783948,63.67030632834996,1801934.0,,98,4
609.9441361351176,1577.1818136175284,115989.43938579567,25.154367669752503,0.07893359103711035,60.17620415179417,1648167.0,,98,1
259.823375214375,1559.0566792343486,115225.0074762803,18.806485876119513,0.27026349690898105,89.68195586493195,1500517.0,,98,0
1026.8648663385336,773.0912383425014,185124.90975185405,22.55030621824635,0.04747817965468072,74.92908000836306,1680186.0,,98,3
1292.8198298384154,235.87634596235938,199211.12649057465,26.77185494742048,0.08626758320167004,62.84696349016975,1799374.0,,99,4
608.2172803980636,1582.1076630247442,131041.81077983114,22.314908064385477,0.04719900705526472,64.41813757742399,1652533.0,,99,1
259.08257736048665,1558.3074120603014,118812.18447816592,18.53006770497664,0.2628055625180867,93.87765171344107,1474538.0,,99,0
1027.047911605152,771.7331447399075,177034.004248981,22.11117513503945,0.06061919201739091,75.80914971001727,1674943.0,,99,3
1294.4287677562288,232.69069903365045,202250.54678113078,26.58110890951553,0.10322849089239457,62.69885958241523,1797249.0,,100,4
1020.9874586432775,771.1877206617075,179849.88161108724,22.059365989189477,0.014876307314759044,76.67631235556512,1671669.0,,100,3
608.081618963809,1584.8094326734317,129789.83418194768,22.04992394183929,0.038323802608708296,65.09499434352664,1644947.0,,100,1
259.16002187792395,1559.671191314877,116094.3265990219,17.99618137358706,0.26802549116212354,94.6473230639007,1467262.0,,100,0
258.38061900658124,1559.1687146366105,121085.26650045122,18.84898940361716,0.21144842089254293,91.45324321976892,1495078.0,,101,0
607.2484314022714,1576.6921803434122,131492.17658787005,23.101460488251313,0.05115253847194179,64.48626124470886,1662334.0,,101,1
1293.7938065492147,237.64680872286573,188072.4222039776,26.750409816561643,0.07031459931575057,62.92295794180682,1783150.0,,101,4
1021.1620533055542,771.2527951340211,190964.14248852062,22.301735776684634,0.04749848570666347,78.94681679655265,1652295.0,,101,3
1295.753364169825,237.63354445109383,183043.5453572291,28.661708379749932,0.15290305041196323,60.095585158675355,1792426.0,,102,4
1020.3530479791941,771.3058030849058,179738.66852530674,22.318434042780144,0.07573851139332696,74.92930554594332,1676571.0,,102,3
601.0228314506887,1573.616019434505,130107.70257214174,23.21567977646437,0.10484638713810757,60.85628876827884,1683137.0,,102,1
258.80654479377165,1558.0430032739634,121402.59081564426,19.10574455679017,0.2866366719537809,91.66478495722001,1490934.0,,102,0
1293.4849185323358,238.95389931215803,195095.99520087833,26.702278562867377,0.06818671164655299,61.96038424624576,1795185.0,,103,4
1022.7197200919918,771.0790928210521,183476.46238305388,22.450784635007082,0.04063010097095351,75.68578581978122,1669925.0,,103,3
605.5408935641643,1573.213706233988,121232.15840140126,23.895161732817535,0.10436429782574548,61.56822991557332,1649594.0,,103,1
259.23570916048794,1558.6350029582447,124609.39149715233,18.111909983455142,0.23298643535232405,94.90134802273084,1458284.0,,103,0
1299.9224432794927,237.71028678370533,208000.98815602966,26.639725004947685,0.06751973254905215,63.77254899530557,1797937.0,,104,4
259.32555672341135,1559.7835090028584,112579.92936886304,18.406865565346372,0.24638718132973372,93.63137251333882,1464599.0,,104,0
1020.092283131531,771.2153321446343,177796.39208910856,22.279567964795902,0.036972018175271834,74.46274506966316,1680075.0,,104,3
609.6177060816816,1573.2211525781354,128583.89014707803,23.83397731433011,0.09275355435442081,63.03529409362574,1657328.0,,104,1
260.06898181734624,1560.1714106574839,117073.87448840728,17.524521851862538,0.2461881814529171,94.54117645330972,1463199.0,,105,0
609.165561166591,1568.936172265093,135462.90193602687,23.369998961329987,0.09985751075975145,64.18039214513303,1680657.0,,105,1
1019.9932138110132,769.2791527572457,175218.61957581987,22.740770807569284,0.09484978974065703,74.94117645689185,1670074.0,,105,3
1306.637766936805,242.62892522145063,212070.46270633966,26.505156023097616,0.07103229745118723,63.79607841971306,1790355.0,,105,4
1304.7602101320758,242.75474266254616,219344.37992942322,26.940120028556986,0.0952401300884398,64.83528818505087,1796365.0,,106,4
259.53795034283894,1558.7926369260172,115789.22469910479,18.97660054304943,0.31516607423166876,93.56469732094169,1473095.0,,106,0
609.7934095252755,1564.8785001475096,121068.83598071261,23.939419397840062,0.09391153444975167,60.56470034052657,1685795.0,,106,1
1019.3569276101357,771.1453966569381,179980.81882540826,23.80632151313557,0.019873726205229477,76.09411068425133,1647590.0,,106,3
1304.4097294645649,243.0122282990288,205253.0294757687,26.957527037517288,0.0773438969355687,62.641701672474625,1795375.0,,107,4
1025.9625737771132,770.7204960275083,181728.9568207042,21.975880519387175,0.029454844574039844,76.86098364720813,1662182.0,,107,3
605.1431866726095,1557.3591779204316,132782.72951940735,23.292433786721737,0.06986755844512957,63.026006590710665,1661641.0,,107,1
258.86679750943074,1559.7351150081859,118073.45877392289,19.062871211439067,0.24721907482678063,93.77040004959392,1470316.0,,107,0
1308.7909449528065,242.08552849628936,208999.8646660348,26.953753460990413,0.11518143487442636,64.37599405197051,1783877.0,,108,4
258.23256103327276,1562.0844386929796,121020.84533288098,18.66021785599696,0.226498557071351,90.72874015511633,1496551.0,,108,0
605.6831666081835,1556.956934289774,130889.57228070762,24.116374584957192,0.10232182265616241,62.87012284607646,1652823.0,,108,1
1027.1750026890395,772.381056929602,178501.0786652612,21.8077449212301,0.022565774744434462,77.55236710354342,1661134.0,,108,3
1309.875628423904,241.27466552640902,212910.9922262883,26.371628236337674,0.07322450135026212,66.66110309122023,1767025.0,,109,4
1026.1695053143694,770.7254316660326,188225.05252954763,21.834659411091312,0.0310544026273964,78.85056194218622,1638124.0,,109,3
606.8089958972265,1548.349571963542,136203.10859774845,22.668604484478582,0.0216864702118349,63.994658967571425,1666889.0,,109,1
254.91041258319675,1560.1525306657861,125738.45817419417,19.11627029578572,0.24265098708696858,92.94462373861563,1482795.0,,109,0
1309.978478552452,242.67773438221678,206334.2781371464,27.438016906824238,0.10441822668692366,65.18539882102601,1777156.0,,110,4
1024.6121025143423,771.1458700055773,183858.2763834241,22.742282527911073,0.0483448034511895,75.85903137651566,1673329.0,,110,3
600.0957666039568,1542.7879616305418,118942.0055832615,23.04381039825347,0.013616046626600212,62.89819184484966,1633903.0,,110,1
254.44003225991545,1560.1590044054549,119583.56714007897,19.340299751327176,0.25560839608939323,90.72587672166195,1497833.0,,110,0
1307.3385399944748,244.56244633430646,205196.69936894832,26.336387597587258,0.0698451332974456,64.73154496224225,1781901.0,,111,4
1024.7815679386874,770.8417052530737,179917.30744017303,22.11953196120493,0.05938856087112766,76.60537865354112,1657129.0,,111,3
606.793870732438,1536.9217803597712,117621.43049222011,23.084273787962662,0.09766198160601047,63.96549117570684,1622593.0,,111,1
254.50480500206797,1562.2429323893632,125948.43515186003,18.991323085267453,0.2602041979963388,93.84158885058787,1478880.0,,111,0
1308.9358746787473,243.52152030607948,213905.2221704868,25.476729285741392,0.0983246057263536,68.71764662226512,1747129.0,,112,4
1029.8920303466446,770.5024516380845,190979.15172789924,21.95110723234434,0.050011796980361574,82.30588183005766,1621615.0,,112,3
605.2422271737195,1539.4402783810897,124232.57568134736,24.647935743001046,0.09439247777486208,64.83529370575296,1639334.0,,112,1
253.89825222304964,1562.2075780805117,132945.35209658393,19.897459697645758,0.30356764176936235,93.5647052879429,1480889.0,,112,0
1308.915997365958,244.02570410681187,209885.41730853336,26.020109911034613,0.08278757938376256,67.5529353876977,1763459.0,,113,4
1031.5551676886118,770.3529266367744,179058.76112661397,21.582157842361326,0.05310234744646144,77.64705216976746,1640455.0,,113,3
608.7907340402461,1535.9747292006712,136054.71775290996,23.977528568399546,0.08333275700476192,67.16470012684886,1669597.0,,113,1
252.98417178415485,1563.3085816190721,133015.61213098525,20.561606029569667,0.281937114378429,88.90587473438376,1519292.0,,113,0
1307.9418669268307,243.22797763590262,208495.86094995725,26.6207611554788,0.07973884372518573,66.31369997354116,1771094.0,,114,4
1029.259619296807,768.6420459406056,178551.87247201713,22.303704843453293,0.031172290711020807,73.76467749865814,1692272.0,,114,3
614.0295680860163,1536.7552458334424,128063.30366407192,23.246130837866264,0.016994235727100262,62.21566233472682,1654824.0,,114,1
252.42831297260744,1564.977522695403,127258.59809135928,18.799980133511916,0.19726069987990102,90.90192580642722,1496548.0,,114,0
250.93942520748774,1564.9017240196706,132813.36601035233,19.481430355458865,0.26453525086071544,90.70192685925034,1496704.0,,115,0
612.516234793092,1538.0627691055129,126485.61935749912,22.99759896847224,0.05138069940193478,63.37252531650678,1636048.0,,115,1
1306.5626192977525,239.80076165603776,214145.2689232739,25.819460182983807,0.08358008664953483,67.72938643201663,1768296.0,,115,4
1030.3902545763176,769.2834112077235,179200.86630718558,22.40985835297028,0.08191510864912181,77.23526522949264,1655022.0,,115,3
1315.300091462453,235.68204645847362,213010.68346762445,25.4528282056878,0.08008446496215926,69.94723928798341,1750076.0,,116,4
1021.7032664486983,768.207606039832,179852.1354058345,22.15931878164103,0.024186264987301177,76.66533571677277,1670001.0,,116,3
617.7749671221205,1533.7270796416465,128009.77081129556,24.26789888557298,0.08286888671445801,60.06768571623434,1652668.0,,116,1
249.67100282953,1565.7303240249994,139803.19150096385,20.423691472931633,0.2347742244891364,89.70634643148155,1506417.0,,116,0
1312.1986706333555,240.84838308597872,208797.64574561143,25.760413875926144,0.15998461065749425,68.62745054876662,1737750.0,,117,4
1018.2659052649251,766.2949025106292,172849.41067758665,22.174946610318397,0.06784245849867092,74.90196031322527,1680975.0,,117,3
615.9639376121022,1531.221259404939,117845.88161176119,25.889110468643324,0.06739852712300647,58.03921532124262,1640760.0,,117,1
249.557726940642,1566.5580847180925,130434.90114042694,19.913665508961632,0.22517904628162894,88.6274504229786,1522640.0,,117,0
1015.200392363993,765.2150068448115,181903.0795764607,22.18520347861099,0.056092164035062654,77.64669941283208,1660227.0,,118,3
1315.721560984664,241.1849751835135,219729.57115203122,25.951498156578186,0.1684036517553615,70.98006360465962,1740563.0,,118,4
610.0203037445175,1529.079629138246,125620.98715358364,22.484382746585823,0.05006953828419859,62.352652558789394,1616050.0,,118,1
249.7361017871121,1569.0091199766496,147789.51199099474,21.682751590372284,0.27007434631274124,88.62704074393965,1534529.0,,118,0
1313.6382059794641,238.72908375202394,215748.29845259525,26.02933124641259,0.16782229842036336,69.63143221121581,1747401.0,,119,4
1011.7383897571822,764.8204023964163,178583.10829159094,22.418680455988728,0.0771131147766784,78.23756428226496,1641502.0,,119,3
609.925522485681,1529.4238139773706,127991.1785362857,22.000053208480363,0.021116495863783617,65.71955399710257,1651001.0,,119,1
251.48582143580327,1570.0878480148901,141026.73030917527,20.12102545062013,0.24783152508759596,86.8436963533141,1550687.0,,119,0
1314.4316425767954,243.231248280157,212284.92901927992,25.668111619356157,0.13040016643632305,68.79191401228711,1753277.0,,120,4
1007.4262296509287,763.0875257662395,176560.404154251,22.40859595087566,0.05995162593119576,75.7095366503942,1666677.0,,120,3
605.5046560092132,1528.1627327319093,140154.87777173735,23.00330334283172,0.0916580601968201,69.17622638107083,1677167.0,,120,1
250.91292762615632,1573.8467450552241,142209.79600762395,20.722922008994807,0.23874575292234831,86.85459534512228,1556722.0,,120,0
1311.8748809620026,243.64727679716628,214262.18612841665,26.375433366904115,0.12504258830547146,67.0103437973001,1762137.0,,121,4
1011.7512870627841,762.8779237647794,183176.53939597585,22.351408271527376,0.023978126159887,78.6806845709872,1648738.0,,121,3
599.8777450852609,1525.234640140433,135752.03911776753,23.39638415296567,0.07058801067709664,67.3868064029029,1676440.0,,121,1
250.11932007735516,1576.4005272736642,138797.62159709426,19.668711544820095,0.21891483714056792,86.962861894249,1538684.0,,121,0
247.13410412811956,1580.270660516834,131524.28672913412,19.19112939048401,0.23746800911276988,86.55186174265992,1539060.0,,122,0
593.5689620515642,1521.8562175343568,146746.93502244743,23.24517028458164,0.10377351386110928,70.25061423955806,1666927.0,,122,1
1315.018798210457,241.95179591346417,213241.27608736214,27.08560876851508,0.17577592826225058,67.1456147151577,1760078.0,,122,4
1008.206931173948,762.3520014461725,178204.8495789691,21.99197726909516,0.0298237338322642,80.72998763440926,1628684.0,,122,3
1313.3048620093105,242.36410586653716,211232.7660334497,26.803997947878496,0.11271913195090896,66.47723717332707,1771763.0,,123,4
1006.3310246286294,758.6722233006406,192016.6176140061,23.87671434489715,0.0761156532457601,78.00508176985778,1665701.0,,123,3
591.1682717711831,1524.205379514889,135260.81178893338,22.828140388863755,0.09294018195246324,68.01428311953117,1663723.0,,123,1
244.3761771971996,1584.667919436228,149786.2802420486,20.71029983776287,0.23353079682775538,87.61161893363337,1537669.0,,123,0
1315.154471172343,240.6809775937563,211904.3563384711,26.97410627203463,0.11213638575799173,64.83342342583711,1778487.0,,124,4
1008.0148479340487,758.6059785311189,183471.212037364,21.951182935506488,0.04931687137500958,79.58593893590783,1650382.0,,124,3
583.1698160136057,1522.1095885346294,115505.20841019107,23.678025321124306,0.032608485119734215,65.22164751820739,1633794.0,,124,1
243.93915580897618,1587.9618322453293,144750.90573662918,20.26716620373259,0.25222577732981616,85.79752441383235,1552083.0,,124,0
1315.631830263942,235.16035969828926,214514.33432153007,25.905515483532497,0.11770771648932654,68.62714392367977,1757325.0,,125,4
1004.2532784933435,755.4204242883429,181156.05220310783,22.64006981264266,0.05129905300462669,76.86240119452134,1657587.0,,125,3
583.5501235230264,1520.3324578586846,125720.22180688371,22.24204228723423,0.04296163977247347,65.48990305859726,1604943.0,,125,1
243.38707949521387,1584.4579932336233,141297.79916734275,19.629285374255186,0.20364211468825225,88.62705443858073,1535114.0,,125,0
1310.7163652934744,234.7399343784178,210830.68312712543,26.16812582767148,0.10473267740068254,66.86937452446195,1769038.0,,126,4
1006.0896310477374,759.2906648909492,180064.23763112054,22.213203822100727,0.06973302689684155,79.1671905289607,1641223.0,,126,3
585.9803817284752,1523.1111952452209,127898.05506028727,23.33238854395612,0.12845316759765124,61.489080022493745,1645143.0,,126,1
248.8258918150911,1580.1250799208403,151470.66250041054,20.136429181451998,0.23725530689699237,88.77485928247535,1530473.0,,126,0
590.9926759504906,1522.5655811783913,124694.06877901708,22.645481413305745,0.08303623685766696,67.0508971792751,1630348.0,,127,1
1003.5547016976803,756.2929422596228,184701.39038592952,23.16358307796849,0.021643505178224925,77.95676599759092,1653383.0,,127,3
1310.7385874088334,237.86331151966417,209179.0070670384,26.113941970644174,0.09917083060944203,67.85873931396516,1758650.0,,127,4
250.65508209538703,1578.5374146468596,154984.5135402883,21.04845292037903,0.23712533917560394,86.8430294791816,1550109.0,,127,0
1312.8316100822103,238.82454908974955,213887.4065327417,26.27096547523019,0.1307726812071751,68.59461169714848,1760244.0,,128,4
1001.9666675857329,753.4394720600305,184810.73858813502,21.803114890792745,0.03377706831948683,81.92156482688019,1618808.0,,128,3
595.8402593908412,1521.524422607728,128202.9372927608,22.97669270453514,0.03646589603246813,65.06688880986655,1641642.0,,128,1
250.49889769120819,1576.9493933936844,145613.8176183359,20.453177617087533,0.2617986582459946,85.8412569238601,1554021.0,,128,0
1320.9224678226506,238.16615884623198,214486.25942151767,25.22870133335135,0.1384651385642764,70.89734721336151,1731912.0,,129,4
1002.5151423593924,755.6284384502144,184836.51352741136,23.221441414910394,0.04233644925000881,75.6502419986148,1674983.0,,129,3
588.1844734794449,1515.6788710932435,122165.23896362697,22.115752534794332,0.05477449600858967,66.93660155898378,1597161.0,,129,1
249.86724558550185,1578.6913220260224,136376.3943715343,19.773947001511544,0.21837876016638585,86.74032983087247,1545429.0,,129,0
1321.7958916755067,238.2213210674301,215512.67065085584,26.27351540457171,0.09213199079927108,65.80748631222994,1783767.0,,130,4
597.087874655139,1518.1919491764,121608.43080405804,23.34957949808717,0.05914467976539182,61.24280518074578,1651384.0,,130,1
247.8541911203516,1579.0109719188356,144536.82412750294,21.064598733144773,0.26367109034055153,84.82699102674727,1563977.0,,130,0
1002.668144034985,752.6632295383786,180578.0247813247,22.744174448435807,0.04838664353881535,77.59957923523068,1661983.0,,130,3
245.1734053518448,1582.4850287295776,133595.15229831904,20.208122126014363,0.26651688179087984,83.68573858541764,1565003.0,,131,0
593.0048216590632,1524.52820634994,106977.38158234359,26.47711133697315,0.12312567829302278,52.113391755464626,1614618.0,,131,1
1006.4801362166625,753.383365056069,165876.54556792305,23.062500614086154,0.0675758711106189,72.65443668097623,1685137.0,,131,3
1324.220986381933,239.22000079279564,211115.53428831647,26.742352592367304,0.04078617788922234,62.76430393906323,1796814.0,,131,4
1326.7764988312827,241.04541169163713,206672.00522816792,26.536403863674664,0.08512442603600702,64.56470506543182,1773220.0,,132,4
1002.852927039497,754.7625898696953,189495.48779843928,22.152649487785936,0.027121062422547165,81.09019505241736,1628717.0,,132,3
596.9547126138746,1524.5485016458654,121538.06120730726,23.689014115179038,0.09316688150081444,62.25882274166641,1619287.0,,132,1
242.437635201777,1578.7966012725199,139105.81000463475,20.7266557339381,0.28449151427669495,89.5450969062239,1524855.0,,132,0
1327.3152516581983,243.9801148026923,203965.721336848,26.157283049089674,0.05640915264079688,64.91588839492297,1782782.0,,133,4
1003.0377612607226,753.6440350844069,183100.83292428099,21.995561030650844,0.06519928000140529,79.89647802452058,1639673.0,,133,3
587.6427938645767,1524.70818045123,113167.59935649125,23.90574206356647,0.06441539753024543,59.53824083558024,1583814.0,,133,1
243.0322280423925,1581.0588914605921,157661.10290944457,21.353392412528972,0.22915318409318194,89.88353777758566,1526431.0,,133,0
1329.464067219224,239.71309325416533,211041.8049646615,25.773212318609016,0.07337687684379982,66.76892003723283,1770967.0,,134,4
999.7709504052282,749.000739514586,180574.99147511393,22.891626984103148,0.08003096404092096,77.63827911306143,1652155.0,,134,3
589.4267553549698,1521.146583806902,98570.7237361295,24.420572927673877,0.04503923198939435,59.393283521492,1567094.0,,134,1
245.97357497294212,1579.517065194649,150281.69953938408,20.067294563216226,0.23123906898757474,89.67221237558596,1518951.0,,134,0
1326.5563077054906,244.15039017236913,199263.02917477285,25.532075326169934,0.06245962319584994,65.96944242394001,1774796.0,,135,4
1000.6226931952228,749.1227231503727,187841.00230238313,22.537163539051367,0.0857313805558986,79.55138645239825,1635047.0,,135,3
597.602665796673,1511.6567482154649,98724.43475405725,24.53710468784084,0.054733119575031346,61.31277589989719,1570804.0,,135,1
247.0565843594186,1580.1863273862268,146706.33856225084,19.499302846401505,0.20596525547253813,89.25277504415413,1528366.0,,135,0
247.2211567459685,1579.9749295698675,151130.46888351673,20.776018934065565,0.22360253038849767,85.96832858317346,1555622.0,,136,0
594.6698098532604,1504.097495574107,100050.08902635345,26.383383648027728,0.14259764378326284,56.69463048804112,1595049.0,,136,1
1332.9677580125747,242.78483982152898,202975.6704225579,25.583958434415067,0.029209652746655008,64.84679957782481,1772027.0,,136,4
1000.2247606925566,748.444661727122,183993.34469699656,21.99158557825785,0.06834880646740904,79.66892519561334,1643309.0,,136,3
1330.8651506307235,243.79372043483534,204851.57390483352,26.441918755438717,0.05099722294444668,63.67058743782351,1791784.0,,137,4
1000.104283292989,745.9369830641986,175459.8330964929,21.566153409383197,0.0780123545009788,77.64705785100428,1643826.0,,137,3
607.5039760978299,1506.3843036338094,93687.775297154,27.97745269552356,0.12336674339464379,49.694117024642736,1611770.0,,137,1
245.37036148977273,1578.5673730072015,142485.84527419615,20.280671006737414,0.19627937198710055,85.79999892535973,1567993.0,,137,0
1330.2809940662432,243.49685400366621,205801.39316475784,25.904560051729945,0.04198464872967695,65.49014024267534,1779484.0,,138,4
998.2201942492793,745.9365026407261,179837.49373250006,22.07973252377602,0.08023505931692057,77.6469926230522,1652114.0,,138,3
603.8991198808918,1499.1887940295132,104041.08776696394,26.963665770468495,0.05971082590551228,56.4705400894925,1588163.0,,138,1
246.99500024778507,1578.796436299963,142438.30993212006,20.013413751978298,0.21642930570335192,85.88227971943651,1544793.0,,138,0
1332.643073511116,244.49864190280428,202994.5072504939,26.04866951592404,0.059718691361595404,66.27450897026765,1769777.0,,139,4
1001.025115498231,747.0937768350908,182669.80162380138,21.56705281355856,0.025695916392045628,81.96078328275703,1609882.0,,139,3
602.1363179074447,1504.716370805478,96671.37133300958,26.037538399767886,0.0797546817900148,55.29411695152508,1557313.0,,139,1
247.60224716682632,1579.341888459593,145752.15502935761,20.23082418992357,0.19984959702078814,87.84313614994055,1533515.0,,139,0
1329.5980905953943,243.95971786745625,206894.5559756879,26.46804838240994,0.05378503703623609,67.93725252090827,1762327.0,,140,4
1000.6280334317233,747.3398989360925,185840.2191001511,21.330852009910483,0.08334231801447829,81.91291589663798,1619736.0,,140,3
597.8295289956291,1504.6869555126723,90326.6534616988,25.697214860564163,0.05665479488473374,57.455504989111006,1569545.0,,140,1
247.02092153305108,1580.2745587214122,138647.8977961558,20.32851491882129,0.23488268970409001,83.85398025437821,1578126.0,,140,0
1328.9432168236563,243.90096677453914,207347.22659960817,25.82893727888151,0.04029241878687502,66.10195426194957,1768364.0,,141,4
1002.6085199459734,749.9610285704454,178688.95491755247,22.019638499523268,0.03531981744740597,78.78430595174221,1646090.0,,141,3
598.2813195221244,1507.6393436487706,92420.13990039473,26.330248003111485,0.060203454854813876,51.49803413430955,1573534.0,,141,1
249.25520762630867,1579.2311219217588,138722.252978765,19.08429175219133,0.19878623388631161,85.70195232799276,1543053.0,,141,0
1330.2887453190465,246.52378665974567,213648.76440498827,26.149693920928485,0.044579999111638687,68.9164009611582,1756979.0,,142,4
1002.3658088467948,751.5499462104752,187765.50691756478,22.26804759847515,0.07208127727062728,78.81818270845105,1647639.0,,142,3
598.9225947559597,1500.553812239545,91811.69678851862,25.744378359010312,0.04564818653450579,60.59890429343221,1547682.0,,142,1
247.3232070598704,1581.0142192572077,150442.52294185892,19.74376790870789,0.20419053468187928,89.90817826541904,1519314.0,,142,0
247.27239966618617,1581.5955460782295,140148.9994856064,19.279633939658627,0.19480150547133365,84.68148656965714,1547875.0,,143,0
593.4645201359555,1497.7390004126307,89267.57766069638,26.28490983400013,0.10197731815184302,64.1756557411303,1548778.0,,143,1
1329.891374274909,246.2840204034939,197504.1880506039,26.024201653288376,0.06372246300333789,63.41618052525894,1786371.0,,143,4
1000.7098818929599,749.205014338278,173074.1487816697,21.716034078093077,0.06340180453866723,77.84620962681487,1644806.0,,143,3
1330.6815484304277,241.87312164975256,209397.92244437293,26.64270070656763,0.04685577769956871,66.91635917839884,1767855.0,,144,4
1004.8723442331623,752.9595366220102,181679.04934493214,21.940668182930732,0.07001837412262855,80.52646612993757,1620428.0,,144,3
594.3324998372576,1492.796399756461,98729.60611909421,27.248086700302853,0.1313143990821596,57.84295454403967,1615041.0,,144,1
249.04736415126268,1581.654913349459,151920.55049539267,19.995524877339314,0.21418479224297346,86.95346107927531,1539813.0,,144,0
1331.4522940427507,241.79893055750853,200536.20675792574,26.30882325702858,0.06988716015218278,65.28110223093842,1776804.0,,145,4
1003.293058271902,750.0803390836301,184866.8108289434,21.983110283191262,0.022294195372592883,80.73225068796526,1627083.0,,145,3
595.303998786432,1490.4335032594681,96763.20349084205,26.134545777114933,0.12184929428423505,59.10064284812768,1572545.0,,145,1
249.1004576555349,1583.0597031236257,144921.3430017033,20.240239297622235,0.24999491777830962,87.68526749362735,1528533.0,,145,0
1332.9277044518103,241.1715488598244,190732.97524288934,25.20895784993841,0.10126171752508012,65.80750580761577,1767299.0,,146,4
999.4192885792696,748.2786130462318,180190.84104663346,21.953445282314195,0.08349635138349909,82.54467491475505,1607849.0,,146,3
593.8204522186159,1486.7124548906847,104775.4393911058,24.780955786819913,0.057986643604464115,57.81931146102657,1590592.0,,146,1
246.43878407483265,1582.5496711290357,144119.1984990925,20.947261005150466,0.23293729178508682,86.34857698455943,1548653.0,,146,0
1331.821319777876,244.08530166217218,199723.59487223806,26.100350809219858,0.04876230554953831,66.4325336472627,1765974.0,,147,4
246.4011506613337,1585.1665519099895,145542.42146968693,21.07068584439492,0.22804523157760886,87.82606143197441,1540158.0,,147,0
999.6901480935755,748.5422403023799,175759.0905028724,21.31029967820089,0.0924068696593724,79.56891035717341,1636532.0,,147,3
598.0516519566403,1485.5876470401543,130083.53335746402,21.964583034563773,0.06658247561197962,69.43513403809943,1630060.0,,147,1
243.94603908384113,1583.5843468515795,135771.46882757303,19.313955359057946,0.20945524639714094,86.72941064001303,1533865.0,,148,0
598.6829200607258,1484.2837917693726,116512.21417536311,22.517681174818712,0.04852981167262639,63.90588152422013,1602404.0,,148,1
998.9744121031341,750.4213252107257,180831.2015765791,21.353583518976865,0.06196399251562633,81.78431266492457,1613414.0,,148,3
1331.395950475986,245.51729811830225,198353.20527092525,26.354741852865672,0.04529435013416309,65.80784228386953,1760156.0,,148,4
1331.9509036022098,245.21701169367566,194421.7746948346,27.1856604772424,0.06184696983012614,63.62350958096607,1784028.0,,149,4
246.62351049622032,1584.6973043061084,145172.66063351615,20.69196319518948,0.29033105171812207,91.85879489796284,1497257.0,,149,0
591.7957497975806,1482.748129886766,124610.21998379553,21.723961162411538,0.02302825763749998,70.02350758615201,1586093.0,,149,1
1002.4065516933395,753.5129344993057,185462.90689898698,21.605127785287426,0.05547755184219097,81.694092183844,1629537.0,,149,3
1330.5847849216916,244.56202113820828,204481.40452011273,25.55810472736534,0.05705233545983082,69.13605472335605,1742086.0,,150,4
1002.1493791562759,752.5877472118316,180438.07204273317,21.266763095877998,0.04604164654713479,82.80702599633605,1605450.0,,150,3
590.5108493295429,1483.3636380789453,124207.41420107026,22.676931726628094,0.0841846311076125,69.13605472335605,1610649.0,,150,1
246.0965216820761,1584.3642035356575,136921.8080841209,20.107381899894417,0.24835991616096903,91.79080711858006,1492921.0,,150,0
1329.2284445215319,244.43952550987706,208008.4815493684,26.007833873066794,0.06481028151324142,65.88230672991295,1772216.0,,151,4
245.96531123741698,1585.0946490447168,143166.56624656531,20.724027719852938,0.23576825618147612,92.94111127969863,1486441.0,,151,0
590.6153070309446,1482.7065769113256,119365.79862720889,21.20252703723717,0.028819470881247214,65.4901501422349,1591086.0,,151,1
1003.1166010372342,752.9135786273046,185334.37980641102,21.973314737637686,0.04730903837581732,79.99994388632287,1634410.0,,151,3
1328.1841328613805,245.1175091676676,203002.58819100124,26.027094878036895,0.06147228671693567,66.56832780885757,1769385.0,,152,4
999.2213504882393,749.491007273142,173429.1330738605,20.905827750629484,0.03909471019657585,82.92511692760544,1597553.0,,152,3
591.5580696545062,1483.623808154469,117730.46222007778,24.378756829829594,0.08498981964643418,65.04676603036941,1607358.0,,152,1
248.29866803424648,1585.1958488254484,133511.34020566786,19.909765673612785,0.24413031044568823,86.72902137382587,1544034.0,,152,0
1329.3287148069012,245.16421750316138,209364.79992268336,26.89164483490685,0.08191956500943665,64.66666664278583,1776328.0,,153,4
1002.349692201034,751.6633527117215,182163.71757978734,21.91330809824527,0.042618151136358154,79.8823529116766,1638542.0,,153,3
589.7017201794804,1485.0721478268324,119788.91368125318,23.541497531066856,0.09445752635843051,64.28627448606355,1635978.0,,153,1
248.48681832830735,1583.9351217743606,132196.9254413769,20.04540752484098,0.26422831951590525,89.77254898645562,1510784.0,,153,0
1331.7834309860625,244.28162400653423,206084.98900297077,26.033847681260927,0.08249414572653843,66.10042649287647,1770285.0,,154,4
1003.2300091609635,753.0225941693161,178288.60674830066,21.45760506213182,0.04767158158170151,78.78248506418416,1634754.0,,154,3
584.4471447882105,1475.7254282896458,121965.66310909724,22.137368228631896,0.002429710137079945,64.94751207730303,1638891.0,,154,1
248.44423824726977,1583.4457521686313,125908.24610555316,19.26735235840968,0.23312596964888826,88.77440999915386,1519316.0,,154,0
1332.0114174292667,245.58482354271996,206565.98310415438,25.996966199582577,0.07617703761426882,66.13964192486505,1768178.0,,155,4
1005.5698498638731,754.9491836788637,179800.02250410555,21.532276697919464,0.031384410999082325,78.81310624579726,1647856.0,,155,3
587.2406167340845,1474.3725833328172,127868.1261745256,23.08288364388202,0.058459650896833096,67.72382496498157,1644690.0,,155,1
246.75699816476163,1585.923275584097,131422.63687078707,19.798245190703177,0.23062254163113252,90.69447904667122,1501559.0,,155,0
1332.2814121095666,246.8421436306388,201824.76490512546,25.84922501799548,0.0457909305852289,68.3226652342881,1753911.0,,156,4
1008.4683017623722,756.3501983599408,182493.33261343752,22.14411256559129,0.0732593808226033,79.96857408104174,1633847.0,,156,3
591.2783167443619,1470.8954384828141,129407.00992335723,22.325675689230803,0.1309590744828168,72.20463484987265,1646411.0,,156,1
244.28293053203743,1585.5851854407636,146264.07478207158,20.57332316884169,0.24897056324049316,91.6144829277954,1495577.0,,156,0
1328.5904102076913,248.19337535046458,203087.79887442256,27.10710845301733,0.07988962245676622,62.74387279759098,1792419.0,,157,4
1009.0475040811066,757.7742374774465,182568.98387279036,21.95217710688249,0.06071041026451355,79.60628861194355,1640472.0,,157,3
587.5590713472068,1462.0715910882166,131851.93504288263,22.96896202418685,0.10171489237522717,72.15545371722963,1662727.0,,157,1
244.48718243311168,1588.1136189340955,136528.70646153306,20.39689383904386,0.2830799625101969,92.93936158143164,1489443.0,,157,0
245.40041989496524,1589.0324106426285,129795.2832338348,20.05924263818379,0.2928651464487101,90.70195043819875,1503731.0,,158,0
585.556608005309,1467.9466579002346,128917.1774516449,22.456233283158287,0.009630565248327751,68.52156081139032,1634856.0,,158,1
1331.939109400249,247.93473512658164,200743.22023904347,26.48949402625325,0.10810341880031477,64.95685533565324,1758612.0,,158,4
1004.8449716215684,755.4669529997248,181301.71265275968,22.02100880599501,0.06855731691469877,80.40391239718055,1625464.0,,158,3
1335.46371073352,245.2810448689617,188844.22879937405,26.829449336197886,0.06132419266158747,63.75799602198579,1769763.0,,159,4
1001.7900710961794,751.8297748694084,176204.68910313677,21.60565387502067,0.059718232175203036,79.6008920032065,1632676.0,,159,3
594.0744605838387,1464.9844603738031,128782.26448617793,22.217252991084415,0.12746912203252236,66.84929279880934,1657119.0,,159,1
245.44646986268575,1588.3235052564908,127505.5589173498,19.606014745556536,0.29159668433349156,89.64760652788306,1506636.0,,159,0
1333.211322892158,246.05345556955106,194020.2046348659,26.133966737309148,0.07303575653955927,63.40228185777042,1789567.0,,160,4
1003.7100925712126,753.6868196225781,183055.83669226212,21.917693858104684,0.04454771951186866,77.61976324405833,1650424.0,,160,3
580.6551931392073,1454.2354450365108,128503.74486932908,21.496615032155464,0.014507984606997,73.39294445354031,1637261.0,,160,1
244.5951390244056,1588.72600829677,122083.59138278589,19.016619154712107,0.28826945000075566,87.99468209351167,1518701.0,,160,0
1332.9287394017451,242.92311031649203,192191.1766562855,26.510727602785245,0.07019114536748462,63.662113831917424,1774289.0,,161,4
585.8406301072447,1458.7593197895667,132586.43518479855,21.78286784388523,0.044404692015995936,71.57045095389473,1666419.0,,161,1
243.55990947682932,1587.865505051252,133664.73695138015,20.60248841834547,0.2875166265066026,92.92296118323351,1479723.0,,161,0
1009.9821121133764,758.2726589868184,178455.9767428353,21.917740313204785,0.009896015325341593,78.68795436367432,1639514.0,,161,3
1335.611914225428,245.14026203444723,195798.23159593059,27.182098488479532,0.08978373966700776,62.64313607171438,1794519.0,,162,4
1006.9798812461279,755.7527820298013,180516.3809041781,21.86424308362391,0.06273757064475984,79.16862595566357,1633931.0,,162,3
596.5136075617626,1464.2962185363353,131977.94260527348,22.2122480728733,0.016487583905506736,69.17646928164778,1660193.0,,162,1
243.59972011135355,1588.3199337897825,127697.84072533065,19.46644284687952,0.25871122300005983,89.92941006614211,1508210.0,,162,0
1335.5488951251853,245.58152853176105,192839.96067679964,26.423286457769464,0.1253520954459513,64.43509330886023,1775947.0,,163,4
1005.0107528118845,755.0384574673711,177230.76323125136,22.09018568902409,0.07212781455477828,77.89305583539434,1645410.0,,163,3
600.831236499593,1459.4441228483488,133291.7390332563,23.909766532627327,0.13995606868795663,66.06636149389468,1671416.0,,163,1
243.72691067279078,1588.2499768267696,127590.04890951469,18.962021029399708,0.2512145687727258,89.719750176894,1508925.0,,163,0
1333.3038443551877,245.81139014785646,179453.32891514126,27.797298484174988,0.12780315904852538,61.1764690820532,1767006.0,,164,4
1008.0113846416973,757.3405415598626,178844.30932229236,21.987617521494254,0.05156321928091191,79.60784117728718,1632981.0,,164,3
599.1989246984838,1459.659224298895,128956.07525643725,21.68012385834408,0.10025312607521238,70.98039040930531,1631225.0,,164,1
242.30863197200108,1590.23673378848,127287.84000339203,19.577805788853752,0.26923684582633106,87.84313509217895,1521890.0,,164,0
241.54837079630596,1590.288104780159,137735.98691819297,20.72648179709782,0.31695835474392287,90.79999137605218,1502539.0,,165,0
596.451299683237,1458.858726899384,125645.98806646973,22.45195525907864,0.07407035911481699,69.59999338957303,1629013.0,,165,1
1331.348732288136,246.02181761321566,173951.1834785675,26.39145386221022,0.05634161514106492,61.599994149392224,1759035.0,,165,4
1002.6009354768092,753.2978700346143,184547.58247214896,22.16291694225935,0.04077711586146383,79.99999240180809,1635803.0,,165,3
1330.7186353112675,245.13092308351912,179273.3580145932,26.639626190840605,0.07227319243295917,62.64267997851717,1773635.0,,166,4
1004.6597862856128,755.2480447799037,177342.96426286257,21.71001251649198,0.06641728252769216,78.78373862328847,1641752.0,,166,3
604.8510397124486,1464.7765497120215,116970.02457853632,21.753216604023727,0.1121083881346388,67.2544110198804,1616023.0,,166,1
240.57210272999603,1587.0682029520183,126879.09734274544,19.720346043811453,0.26488669613963195,86.85426794567411,1540018.0,,166,0
1329.4875562534912,246.27822265316232,178603.2761274878,26.592530814285293,0.06131092353425975,60.988229150960706,1782503.0,,167,4
1003.0410267195194,754.8423552604187,177220.49979618238,21.27754267645932,0.08406326119014343,80.94116831763303,1624129.0,,167,3
601.0396545045644,1458.8662881788066,130235.46923472249,23.237275976381934,0.032110660499174604,67.01175795599386,1628156.0,,167,1
242.99813232781477,1589.3480292228835,127796.69300978469,19.281689051261406,0.29336192637701386,89.97646152518277,1500621.0,,167,0
1329.7628093165715,248.62638725998585,199170.9487142078,27.194624889461558,0.03396522634618156,62.934089308848165,1777777.0,,168,4
607.1891307052081,1460.8785695068432,133463.1262912813,22.5756069116803,0.0743606314161706,70.26996474975685,1669791.0,,168,1
242.40798131649098,1587.7309862875532,128620.29020415933,19.610116800147924,0.26890576894508555,89.96099882798542,1499298.0,,168,0
1003.1923911894738,752.5742254240572,175359.85532914047,21.895764525718498,0.026639666700419017,81.85292597224424,1616375.0,,168,3
1330.197151474399,248.34188598819537,195465.7435284116,26.774581272734302,0.09363696693760774,63.79555699551394,1766820.0,,169,4
1002.222798065581,751.9396971305822,173001.6369437202,21.572401590397817,0.04299781724560201,78.78366978361662,1628513.0,,169,3
614.851002394333,1456.5540337687794,123912.49307800946,22.578347540003406,0.07346255440939226,69.17590517585849,1657896.0,,169,1
242.02352425097604,1590.2940823816696,131413.08275199408,20.016803685321953,0.25826264913010916,90.6972978972367,1502660.0,,169,0
1328.908638381664,246.68487376115522,191498.3550720698,26.901099409731913,0.04656058451103813,64.4081646280337,1758222.0,,170,4
1002.2242461280259,749.2087468303629,171183.62959587507,21.19206071494886,0.07674600918907158,79.63191263102348,1621636.0,,170,3
612.8199924150671,1450.5248773565286,127631.21902691158,23.252008141337228,0.08003830585586612,66.75027970541674,1622679.0,,170,1
244.00335630096149,1588.6768902226347,118630.47078452854,19.04661851166733,0.23442602067237223,87.82931540186414,1516460.0,,170,0
1330.0675930763334,248.76636248193387,196383.057914727,26.91132748282866,0.10522048261626162,63.65593664651316,1776611.0,,171,4
1001.999672783679,749.5195470332042,180805.7013239529,22.02494020271584,0.03443184561386215,79.75714415121944,1629589.0,,171,3
621.643595806709,1454.949900220565,131908.95525896305,23.958334779309208,0.09890766280865432,65.153723391137,1648445.0,,171,1
243.17204147418582,1588.17392666445,136257.03017860604,20.76424270024982,0.2899104497878542,88.74386461896248,1529681.0,,171,0
1332.9128593828489,248.49302537466113,187043.00777406388,26.62320770751015,0.11709540961317387,62.00392154572994,1774135.0,,172,4
1000.2072309628697,750.7787476400251,181332.9411095059,22.395003694489326,0.08638618015952314,77.98039212806526,1637018.0,,172,3
629.7097335120419,1452.2538240748777,118347.98819158922,21.575196088095208,0.03282439101610921,69.61176468017533,1645020.0,,172,1
245.3522815092624,1588.4531452437777,133882.82347997,20.897247657395127,0.27629846210882464,87.87058820284426,1531086.0,,172,0
1330.5808796207448,249.65206144523705,186316.83452104405,27.194840888107393,0.08448019108063609,63.90588074269888,1768726.0,,173,4
638.2305221724749,1458.6169251491692,130754.85552888742,22.2918341044856,0.08326236796567292,68.85097865731248,1628454.0,,173,1
243.839809298837,1588.0424508375506,132368.47901764055,19.986020779876995,0.312372023762361,90.91372319943471,1495186.0,,173,0
1002.8181037598432,752.8730174028278,173662.3289575478,20.966180751903714,0.06824809190186627,79.8823509283736,1621327.0,,173,3
243.52723920734155,1588.6196241877478,129781.19314115857,19.638117024331216,0.2807706859980708,91.29314455927515,1502538.0,,174,0
631.8512252272513,1461.2657115678594,125163.28157886855,24.276058264086902,0.04110007871179118,68.08947031712604,1656325.0,,174,1
1002.0797194318658,752.0396949391139,186988.90101492134,22.018350490979255,0.0709828460367601,83.68538251266888,1602652.0,,174,3
1329.3085947083662,246.17321126505948,176750.37485259864,25.683615489792114,0.06062471062447096,64.66597739615324,1742208.0,,174,4
630.9087918330908,1454.3866818163374,137999.8994633802,23.557398363895363,0.13310113822767983,65.19957453154176,1645880.0,,175,1
1331.8425482667292,246.0643654148976,177305.24297115576,25.350486651748593,0.08412908059390485,64.39957975201364,1730278.0,,175,4
244.5750086067061,1587.1831848224226,128968.35839989748,19.32183210342134,0.26834064664280977,89.99941269691348,1501788.0,,175,0
1002.6362323377339,751.5033883485713,185280.79092566136,21.884168565410242,0.075776668921628,83.59945446068852,1597803.0,,175,3
245.3608536255716,1588.042039285473,136477.25340092726,20.574990387070972,0.2528671285582231,91.84461391103783,1495386.0,,176,0
629.9740449812887,1448.3000852199043,124458.29045246862,22.736814594519753,0.026076293982416544,69.17167574889878,1619828.0,,176,1
1005.7042320205641,754.3008733871458,183434.44548306722,22.22639386856399,0.022253339490717828,81.46886254870302,1625487.0,,176,3
1334.154750287788,247.1068748428413,166580.38239976054,26.59129598197624,0.06900884001245086,61.87022108651502,1741796.0,,176,4
1335.1243902115114,249.81945612621627,175362.5478935862,26.83226206406903,0.1078863830735564,62.87955793933759,1745548.0,,177,4
1008.931585291079,758.9484553617175,184845.7167798448,21.9658262352057,0.07392803729921883,81.12239265013305,1620784.0,,177,3
623.8149014635366,1447.5334392961213,130404.0521123792,24.076232657974415,0.08283066020458033,66.76101213312386,1636242.0,,177,1
244.30247263203003,1588.2288930244267,129521.4094287122,19.550036341891392,0.2529560845621937,90.82602813459873,1511918.0,,177,0
1331.8246377751873,252.21757347570482,190298.52180613982,26.79388303699927,0.09416370607079223,64.12171760547268,1769823.0,,178,4
1011.9368397392673,760.2882693198655,173647.18707715094,21.350845023499847,0.050723936831518074,80.4508506602825,1628579.0,,178,3
632.4206480446927,1445.050420283627,115847.23359311718,22.66010012149362,0.03750227104616284,67.30788990885021,1603128.0,,178,1
243.14533013878997,1587.6898394402765,129160.65456278018,19.27923123776241,0.25406467442412856,90.80591064625946,1495189.0,,178,0
1331.6811165354088,252.4498169299498,198226.89906159748,27.47173354586685,0.07713442548102588,62.76469999762735,1782901.0,,179,4
629.6712516465756,1443.914116485686,122151.89835113996,22.223501987654636,0.048940168529302504,65.04705272481381,1638082.0,,179,1
244.18896969271125,1587.918432054525,129929.77605327018,18.974790094975965,0.2776243074337989,94.71763817823765,1466096.0,,179,0
1009.1460287069152,758.3694582535566,179205.01064898324,21.553910412562182,0.011739802077685463,82.54509029990992,1618179.0,,179,3
1332.5064019265028,250.9464688479746,189396.02585646434,27.176951921183967,0.042838672157645134,61.62350082195158,1785738.0,,180,4
1008.8425787172623,757.5383958385289,172359.02983909665,21.300718228048943,0.04395734141947586,77.98035597839552,1640295.0,,180,3
613.5513107361392,1433.9900752012572,120539.7519195215,23.00579478444306,0.14234631637580475,63.90585270424608,1663281.0,,180,1
244.85408062237062,1589.1657946087273,118719.19590141125,19.87588855119625,0.27923538471933124,84.82741162527903,1547654.0,,180,0
1336.064754297019,250.5013192040244,201010.90016041565,26.619516941058073,0.06900727877086012,64.16467651617297,1771441.0,,181,4
1007.1854951033969,756.5623347247059,182281.94402619492,21.474137120457666,0.03995744330704035,83.96858902116463,1606070.0,,181,3
620.2583024710096,1434.1943142492867,130476.09714788705,22.60846474310434,0.07194508672539039,69.31369376747081,1669421.0,,181,1
246.2793192554858,1590.1491125282153,128445.0078813751,19.56599099903647,0.2981809325585881,92.68231052336097,1487266.0,,181,0
1336.2798451723488,250.86144607264004,193882.35749813096,26.59788680459321,0.10812309697046081,64.83528777315681,1766537.0,,182,4
1006.3243330387099,755.5875685450413,172183.8890332104,21.103608936584134,0.04000889892987972,81.14116853047769,1619352.0,,182,3
623.9045525651035,1432.9033206980382,130791.41073075136,22.154389033759692,0.03307691484478548,68.329405078297,1659517.0,,182,1
244.4392834697207,1588.2043010052396,119223.55303920059,19.18834637769214,0.2831019049359763,88.90587365301143,1514202.0,,182,0
1338.00708623638,247.8660812046602,195080.51225739365,25.55622596184603,0.06308062080979934,65.59936521226427,1771882.0,,183,4
1007.2720226800902,755.9224613255352,179186.26606181724,21.39667935354756,0.06166695260394948,82.39920264467342,1618070.0,,183,3
622.679686504577,1437.949093802293,141270.23296525783,22.82398096449261,0.07336512435264733,71.5993071524104,1673548.0,,183,1
245.56303832288427,1587.8593367892904,129707.14485820822,19.746480209620817,0.24187996419393826,92.39910587825028,1495112.0,,183,0
1336.9454270466656,250.0409569429118,200368.07414392367,26.988314661632952,0.0798547886402129,64.64376160391099,1765515.0,,184,4
1009.935074191968,758.8722031450615,177340.89572697892,21.40387543697207,0.0743826571429552,80.70176607876786,1628274.0,,184,3
621.2922854998424,1436.7128204842036,147570.17891800325,24.28125374966354,0.10897827394518178,70.40817346668013,1699980.0,,184,1
244.55756567431408,1587.6192140087421,123493.05405462555,19.488935900440605,0.26263850945975037,88.93664016843805,1520992.0,,184,0
1334.529691426821,250.4239389584975,192637.27178284418,27.457065035170004,0.06981929962625309,60.56469516154936,1797712.0,,185,4
1007.007168567194,756.1719083372693,166860.78222799863,22.497392379201795,0.04510011408505294,74.9293985011476,1677959.0,,185,3
620.2175392793497,1431.356658435256,140080.31638028275,23.639348219559242,0.07418589327418991,66.77645876786211,1721616.0,,185,1
243.7028134293939,1587.4780826057222,122055.33133566471,19.81227867856224,0.29545461830542213,84.63527913601128,1550336.0,,185,0
243.43037028156039,1589.1648251448187,130493.26949821203,19.25944187775201,0.23750175032450174,89.75457409609848,1504216.0,,186,0
620.4019199559896,1433.6182258286342,149680.16244328718,22.938446872705253,0.10264964735065422,73.69756313395243,1664678.0,,186,1
1330.90115457069,247.37550231192924,206755.83720380985,26.465289443129763,0.09001077954263675,66.69835322737593,1766599.0,,186,4
1009.5531854367235,757.4342439487677,183806.66307483494,21.348057329430873,0.04104496740386361,82.755364189522,1611654.0,,186,3
1327.1028602231333,247.74808678678187,197192.77332209935,27.17420864283836,0.06779102358526415,64.82472048068819,1765504.0,,187,4
1008.330070759236,757.783488910479,178617.06848125122,22.232726904849493,0.058214437612130465,78.51441300456023,1640723.0,,187,3
615.532283526497,1433.0138594726996,143339.93876127922,23.393491453503795,0.1087559439886031,70.8642907118082,1689678.0,,187,1
245.55355150859083,1589.7632888665933,121998.51339259352,18.868213969862936,0.2778821559232117,90.99619148220825,1486995.0,,187,0
1330.7604807915927,249.82849686038398,207153.45268097133,26.218781078699017,0.029949650693714632,65.88234724601394,1769822.0,,188,4
1005.1739789385025,756.0142768649171,168174.1619328672,20.929435982003305,0.06621393544809018,83.58822806838018,1604054.0,,188,3
614.4752049424476,1432.244751119519,141696.87010403475,22.27958054952247,0.07152254560316791,70.41175861917739,1695347.0,,188,1
245.53276589478804,1589.011034001498,128634.45946850163,19.109773559009106,0.24169674857939444,91.82352147413192,1489477.0,,188,0
1326.9319044760136,246.72411506040226,192821.0545614529,26.703057178814177,0.06694350930288355,64.13966944692447,1783621.0,,189,4
1007.5384717852853,755.428772193126,176157.64665825103,22.259284540263646,0.032842815510445864,78.6102046270233,1638744.0,,189,3
612.4492694934096,1434.4523741464188,147763.7189660793,23.154833185002946,0.08783690097351467,69.61500708263753,1704606.0,,189,1
245.3917493042426,1587.463544601409,136734.43349002613,20.205120076728573,0.251273605866504,90.73416653467365,1502760.0,,189,0
1327.6979482510546,248.42787175756195,196491.46963864253,26.075365563508186,0.08152938990785484,63.89083448259753,1780961.0,,190,4
1009.7823857196614,757.96029283527,177216.8028283894,21.247430216182664,0.015391918154166987,81.86013168082809,1620999.0,,190,3
610.9157167245675,1434.0579254003108,140575.40925261972,23.035501458546,0.07515809877723845,70.67923564637353,1688727.0,,190,1
246.04262878023863,1586.8532435724483,121953.22758952012,19.169905457304022,0.2840957168599442,91.84307456873395,1487042.0,,190,0
1329.824009959565,248.1692920272036,196291.4812113924,25.914204166653057,0.05333372559253729,65.83912717470798,1759228.0,,191,4
1009.3268222654855,757.7121860934486,180917.84305558528,21.730434361138645,0.04566893624379345,81.18812614795279,1615807.0,,191,3
610.5974091873171,1430.78635594813,150448.4644095919,24.777704257905157,0.10555052109463424,68.66657435398992,1715507.0,,191,1
245.3055756092271,1588.1641574617731,130363.49141104985,20.746681806047025,0.24367457803411924,89.6704676857986,1513137.0,,191,0
1323.7675280031904,249.53577992786794,184550.31968175853,25.70545319552598,0.12226284652549468,63.599972320622676,1781730.0,,192,4
1008.8411703470241,757.1630091480328,180978.72123615578,22.001714900479858,0.04548344923279832,79.59996535725732,1638122.0,,192,3
607.8712341169928,1426.1814917381816,143140.3377038185,22.6133011265536,0.043118933617325876,71.99996866485586,1675140.0,,192,1
244.8006003295184,1587.4143883393408,126730.34484562013,19.62002200127872,0.24448380425846045,88.79996135332223,1513095.0,,192,0
244.96269527573875,1587.7809398331137,129242.77095403695,19.972221124940752,0.29213813174946185,87.97817082949376,1533517.0,,193,0
604.3962226951423,1420.1413300009858,139833.39666098644,23.12450609218806,0.050615725198604015,70.54470840705952,1691468.0,,193,1
1326.7602993729352,248.70696514058392,204439.3758223758,26.00820595468749,0.12477729061290434,67.70670289643068,1758294.0,,193,4
1008.7625313313468,757.3131371914557,167897.21686751896,21.51739528887893,0.03632713015630143,79.058724938946,1633068.0,,193,3
1329.5022193970765,252.1284072015273,186818.97425404654,26.312572369792857,0.13381292645732942,62.60784239443478,1778086.0,,194,4
1008.1074766577631,754.9952077590024,169668.8685751736,21.286828703722485,0.011197232692225952,80.78431276701262,1616809.0,,194,3
597.9735514655761,1414.2819776581389,145175.4688657792,22.040392569300536,0.035433880618911416,72.70588149031136,1690166.0,,194,1
246.11759449963654,1589.0555518536466,133358.74351578444,20.03100077994566,0.28435247480271103,91.69019499055933,1495075.0,,194,0
1331.5075173541584,246.5141523995461,191769.29442684285,26.86826060360879,0.1294119063951588,64.39989738252925,1754523.0,,195,4
1009.9410873117561,757.322883590515,172329.32540329677,21.130965397790067,0.07680299412067032,82.79986806325189,1589875.0,,195,3
590.5260514485977,1404.7797553926723,151000.95938880087,22.110409666058555,0.056626726031525784,75.19988017338818,1653937.0,,195,1
244.41401133787514,1589.1979699748667,136392.18266703232,19.741269322836352,0.23941405361503085,90.79985531573999,1505606.0,,195,0
1335.63276286308,249.80143617898912,163997.24001647887,26.042444637062378,0.09248640326639025,61.56862186260215,1764461.0,,196,4
1008.8151447107481,756.8652705510971,173422.33720020993,21.37865120004885,0.06332576429721219,81.17646322011876,1625601.0,,196,3
593.0476634285936,1404.4685772270675,161154.4951764661,23.448663138656507,0.08830690258300077,70.98038571421012,1707267.0,,196,1
240.7999492166971,1587.676740656758,132821.1644148546,20.2740410655883,0.23050357760613652,86.6666588002234,1541008.0,,196,0
1337.8081161582004,250.89887807002103,177836.42160834023,26.753734725722605,0.1290398754621469,65.07878202993764,1748043.0,,197,4
1008.9653656562253,755.692216630755,176057.4642691801,20.99586960617306,0.021509210514156288,83.61387817770469,1599763.0,,197,3
592.9827852665923,1403.6285738816862,153513.43277016378,22.833387295454415,0.11416382527410611,72.9047115145504,1683524.0,,197,1
244.3818966127282,1589.9799706326367,139693.66508238867,20.12370368536845,0.2703537083830378,90.61602561130557,1503556.0,,197,0
246.75095240603218,1589.108498212227,139285.53853386026,21.304554455382526,0.30493938113728597,87.62249839006793,1529291.0,,198,0
592.8433695997832,1403.7386443611492,156351.95594122066,23.80609999745764,0.06312136320999136,69.6904522079145,1718621.0,,198,1
1006.1411881591927,754.4948900713256,171873.77209789102,21.42682143208836,0.042343916013729235,80.69420781969048,1618520.0,,198,3
1340.3380070313572,252.21061754509665,166464.81489494693,25.745318460366594,0.07614297529785251,62.762161637537034,1762760.0,,198,4
1006.2536158863954,753.6114460985663,171879.85323875275,21.110097673692167,0.05052921267430503,82.7997366085297,1602986.0,,199,3
1343.1508430534032,248.3594635220639,171637.45400984082,25.79824047707564,0.12533971789368015,63.999796412390104,1742610.0,,199,4
588.6358193349062,1404.9568408829386,152254.7156676209,23.239485454348422,0.10621302711901656,69.99977732605167,1704336.0,,199,1
249.1094256326931,1589.0254947345832,130473.58495484666,19.260633043155917,0.27686730111969077,89.99971370492358,1508064.0,,199,0
1342.45430911218,255.16903546477428,180414.43210825147,27.22610909602241,0.08827248873135246,64.7904708300634,1746081.0,,200,4
1006.9765221421075,754.657991104084,174974.81497138386,21.430897552539687,0.07499425083704353,81.8824355275648,1614762.0,,200,3
587.7616489559982,1405.3065341387814,155682.35919096693,23.8034852840847,0.09009271586729964,70.75278409663366,1700217.0,,200,1
251.75036543068927,1593.372367385419,137868.95458821056,19.456700387209736,0.227613285996367,88.24223634523973,1525604.0,,200,0
1342.4927101027258,255.26798511688102,193929.15703505848,27.24121725874989,0.07569782415248609,62.74501562244066,1782367.0,,201,4
585.797301059162,1405.797351432321,147915.49198468926,22.517155609688608,0.060412958413146936,69.80382987996524,1699672.0,,201,1
245.35426894644772,1588.619155388047,132038.65009412591,20.439860629367637,0.2799166552754814,88.62733456669743,1522652.0,,201,0
1007.6288550336182,755.2383322463148,180982.89953041077,21.950880559533186,0.03625403005607016,79.21558222333134,1638141.0,,201,3
243.26844967860836,1586.075998261938,134744.28756210333,20.612136543968663,0.2703603030765601,90.04352984327188,1508524.0,,202,0
584.9369428018098,1406.9250640786431,148239.51112453308,24.100905191139876,0.09582043105692581,68.64304965630592,1707635.0,,202,1
1007.4589522337168,756.6912705817721,177865.8513561947,21.969215570783,0.05880373787404186,79.54518107230744,1634663.0,,202,3
1348.788940864497,248.13407008392917,184549.6654794937,27.24059484370667,0.09413134224123137,63.3938752708237,1774383.0,,202,4
1342.9631536489037,252.10020598085117,201756.03995027623,26.40149738742964,0.05196058546240182,65.4264013242522,1772978.0,,203,4
581.8665852365698,1404.8792939652103,157717.60999225706,22.89128763085128,0.09347400603624678,72.69600147139133,1695970.0,,203,1
245.30069000298008,1586.963384322163,123325.13169614182,17.890691439935395,0.2440818251848827,93.6970685631266,1478479.0,,203,0
1009.8708225718087,755.1485090396807,175446.95315110488,21.786688755156856,0.04695429652759795,79.96560161853046,1627306.0,,203,3
1340.7690316968196,250.32478167348245,201237.99709669926,27.490113227528173,0.06372106796486261,65.14897748860845,1776607.0,,204,4
1016.4302508926783,757.8831375136995,169581.18965493396,21.677556964604275,0.05667940279761489,77.13958684234007,1654708.0,,204,3
580.74570845997,1402.5815283601996,155835.95446577296,22.397059615238753,0.08442584075573308,71.9436561223897,1690059.0,,204,1
246.00857245169627,1587.739136527114,128357.47469680467,20.113122065991252,0.27529068955999547,90.32925713144485,1507759.0,,204,0
1338.6948770560732,248.54904994726877,200175.26659567127,26.424646201168358,0.07658419240488952,64.95686272206004,1778008.0,,205,4
1021.6617858564296,758.9476490701209,175149.05091827273,22.60962306780255,0.08208970308030106,76.83921565902224,1662155.0,,205,3
584.4796315086,1400.214706972751,162390.57249142518,23.400360238390178,0.04845475050607372,71.29411762177321,1697538.0,,205,1
245.00041457651008,1586.0551195415421,124199.50191673495,19.228721598532232,0.2655700861000989,90.70196075214481,1503757.0,,205,0
1336.8940007892627,249.22972632109975,196578.0596434359,25.913338587803352,0.09849632239766563,64.77985195675454,1777929.0,,206,4
1017.5777328275263,758.7141863926723,171395.49200869162,22.126270348229415,0.05200104626468271,75.17661832018428,1671462.0,,206,3
584.4663201657863,1405.5184288307905,155718.36795952768,23.984994519432068,0.09017987148985773,68.77860825038137,1722789.0,,206,1
243.77584785141167,1584.4717535569837,122200.39283071827,19.323075373787475,0.24211569866057756,87.97263845979012,1523689.0,,206,0
1335.050434982264,248.90715449021167,203294.53432249243,25.606915473047888,0.057491082530604365,67.2467808487626,1764961.0,,207,4
579.8853471825972,1404.01823396638,156674.71457584,22.804522166882055,0.09426707508681749,72.78475103630775,1683383.0,,207,1
240.9771481982853,1585.5307513346577,135002.26381618113,20.292606825204448,0.2393212758771434,89.7942308980536,1516117.0,,207,0
1010.7983244464446,753.5835958488456,174040.20680678517,22.303710802312512,0.07593432984745375,76.74044402741144,1654418.0,,207,3
238.7477707522698,1584.5281976454155,133315.0709909917,19.940533240948028,0.2657639460671031,88.94986902646482,1528547.0,,208,0
580.142807081039,1407.0498935776022,144706.05772309573,22.39718941424247,0.09016951032546562,68.58284294096586,1717453.0,,208,1
1009.2726856478906,748.2216598642135,168849.29670628364,22.24107899841222,0.0528637993416429,75.64895403185326,1661518.0,,208,3
1334.4366188078034,247.359373142732,199320.445998158,25.685743378583062,0.07712902087814595,65.67326778589458,1775322.0,,208,4
1332.6050724906925,247.4322522274818,206866.8549019608,26.29450952132428,0.08153564112672325,64.56470588235294,1779855.0,,209,4
582.3705632099045,1410.001969635389,159802.6431372549,22.852300557940584,0.08178299812816138,73.01960784313725,1677842.0,,209,1
237.3318342782591,1582.2172798162655,127843.49803921569,18.864164305483996,0.2432596313680541,88.3921568627451,1526481.0,,209,0
1009.9634764942471,747.7751092319146,177059.86666666667,22.23486841697,0.04219707412329402,78.7843137254902,1639557.0,,209,3
236.17389851295417,1581.9223026214931,131131.8322304264,18.65298311091479,0.2584843233130646,90.8655345211601,1501397.0,,210,0
583.0884913189531,1411.0631583429983,160503.5131745605,23.15473677471738,0.08274460156193567,72.77283959438043,1684976.0,,210,1
1013.2707574166478,740.2343732900555,172673.86596197428,22.940125068149214,0.09740464382425645,78.40167801604521,1645590.0,,210,3
1332.5695903324615,246.7959794516853,201222.53031688355,25.26534414104123,0.034384703622068566,68.35018083450096,1753366.0,,210,4
1331.6990281461003,247.3726708315699,208059.19215686276,25.707498366045535,0.036613924674181834,67.85882352941177,1757658.0,,211,4
1013.351103847841,736.8281620416356,177709.73725490196,22.900222130064524,0.07125282641969749,76.74509803921569,1664851.0,,211,3
581.1632665633371,1412.7659534622408,163919.8549019608,23.893922934546087,0.06797897645561617,70.68627450980392,1714572.0,,211,1
233.91770980203353,1580.7921868014719,140947.62352941177,20.46755647031905,0.21189137754616336,90.88235294117648,1503264.0,,211,0
235.78702930965414,1579.457473739262,135275.06693173747,20.308222734263857,0.24498577087074638,86.9289971436756,1546928.0,,212,0
579.932557849127,1410.1050367204416,159717.16776930835,24.398390564261156,0.05103295334979381,68.48951290107775,1718830.0,,212,1
1010.0467452503693,728.7338181968449,182131.30165619843,23.979958900651354,0.06134085700421651,73.75793697039141,1679895.0,,212,3
1336.4333398793874,250.67862433721203,197373.60512073277,25.526083610696453,0.05915114323155077,62.8447728268131,1793653.0,,212,4
1334.8872833513337,249.18728612063884,209607.23944309226,25.8576651823249,0.07136745934446397,66.75363382337738,1772953.0,,213,4
573.9306815689246,1406.7318465971405,166341.763110984,24.4043236105317,0.06554500290478545,68.41210919787123,1733342.0,,213,1
235.32448940355238,1580.5839892334768,140176.41174643816,20.415761888335815,0.25586814938030056,89.97228906629127,1529587.0,,213,0
1007.7846166995043,735.2333562746844,184344.5133011147,22.55844592779012,0.018438178376707977,77.94834260121087,1656282.0,,213,3
234.83620200437286,1578.7342780023102,137495.0512205126,21.78096127840421,0.2863780584808855,84.76077720923111,1558952.0,,214,0
578.7497757996086,1407.291349295928,167387.880087499,24.85316125059066,0.07173553110020499,66.93724929140214,1737247.0,,214,1
1009.5484340710052,730.0008272316454,173804.35013791744,22.603687449408994,0.08613315071819483,74.85881725488169,1674930.0,,214,3
1333.8924366145702,246.88520869493664,206973.539514599,25.808359238127867,0.06846762082070418,64.56077890235828,1786373.0,,214,4
1331.604211843938,249.2850513919007,213855.76794322932,26.471151360295277,0.12213054578188323,64.84933637671311,1787695.0,,215,4
575.838474240724,1404.2100473492624,165306.99092064885,24.253699457954742,0.08951861993565542,67.86558458028117,1735359.0,,215,1
234.26828650199116,1577.035982622741,135388.07092740646,20.178214732057874,0.286289434799554,88.22525995436551,1532325.0,,215,0
1007.6099470383621,732.8095198750733,182529.76816302244,21.70443444869912,0.046018068503095415,78.79948431821535,1636029.0,,215,3
233.77017669972105,1575.6385673560167,126374.74192345845,19.06088864202284,0.22811756150398768,86.96115245221456,1533361.0,,216,0
580.5080102013759,1404.5073762311797,161051.2779026402,23.904422734385452,0.06393318860133831,68.71483921447312,1712981.0,,216,1
1005.7660076838592,731.11088817378,181684.36419965047,22.927638495166626,0.05140185403025586,76.86744725686823,1657001.0,,216,3
1336.3280332293207,248.8576245959642,208145.01236925088,26.30451078326019,0.07748938108764611,64.05620604739019,1789609.0,,216,4
1335.8074484642395,250.9784497849138,217215.24705882353,27.522036300118437,0.09060046961810046,69.6470588235294,1734680.0,,217,4
576.7544177687397,1406.065105368662,168836.89411764705,24.690218608842397,0.11738897866633105,68.14117647058823,1737760.0,,217,1
233.48434959692617,1576.5286877176402,133842.0705882353,20.312932556528317,0.29416106621646426,90.72941176470589,1500700.0,,217,0
1006.0862899605605,728.7584049443678,187855.81176470587,22.54664169494579,0.009646554566881156,77.92941176470588,1656596.0,,217,3
1337.6401948724365,250.78993008499606,212164.74075628107,26.599000086341597,0.09629320235884076,65.61537687838894,1773561.0,,218,4
570.6813167428796,1403.490537832838,162999.65493730214,24.400764707254567,0.0876156136043002,66.72125401678876,1748967.0,,218,1
232.34245627334934,1573.9203171348743,128371.32410258878,19.720563262110346,0.21034550164916982,85.88979108238553,1543259.0,,218,0
1008.136369620399,732.4713869610114,179204.44127198742,22.489931392540193,0.05415062197333271,78.14865111358684,1652275.0,,218,3
1336.0970438925633,249.51970104042195,201978.17304562268,25.940946981354514,0.08477053849891578,65.33326499508303,1777701.0,,219,4
233.04068858502893,1575.7614103042747,131761.05433549546,20.829720114771945,0.2603822274182284,87.62343775811135,1527738.0,,219,0
1010.2475629272473,727.0220052273743,186592.18913928064,22.580975883788653,0.04805424840887844,76.86266470009768,1660634.0,,219,3
568.6301694399577,1393.599549890157,171788.82423136532,23.109588008619983,0.08051723856238328,69.94502487708888,1713519.0,,219,1
233.18705474633242,1577.5166297521953,139361.14239598977,20.51554346775299,0.27820267312188696,87.87918925353604,1524522.0,,220,0
567.9617926535243,1394.8868144336163,179233.6009911892,24.21048056457149,0.0711164253846005,70.08546911542336,1721556.0,,220,1
1014.7325506547604,723.0109632399367,177142.6573063881,22.203358322759108,0.03762859460582891,75.53252630055991,1673775.0,,220,3
1339.3060133929598,251.83918369079132,205361.68175970644,27.041757361922766,0.10258219585747118,62.822726201908,1794238.0,,220,4
1337.2370295136814,249.06486694092143,209963.35392606485,26.336667084416906,0.07922225088738837,62.72056217172448,1804940.0,,221,4
1014.8213118744482,715.1735393133267,173743.84208634982,22.416157113603,0.0691507240914138,74.90627139365952,1671943.0,,221,3
569.3027873384423,1397.9161849141904,182021.5226801678,23.7954342207498,0.08116047290910523,71.68064248197084,1700075.0,,221,1
233.7123121187969,1575.3734137145507,126808.07419558013,20.06998029243165,0.24973247679897803,86.73357740318471,1537346.0,,221,0
233.16026879554494,1575.8867704248164,135938.29411764708,19.72343745779542,0.23762982538264477,88.66666666666667,1525276.0,,222,0
567.9850311507025,1398.6780903550311,175985.07843137256,23.170725601737978,0.06461864211645268,70.7843137254902,1700613.0,,222,1
1016.0596737554897,711.9207753715683,172203.33333333334,21.885804550427327,0.08529407330518365,77.86274509803921,1644733.0,,222,3
1337.370870709205,250.50635249624838,221447.60784313726,26.481687933963865,0.1045199472862266,67.80392156862746,1773243.0,,222,4
1340.8853693204849,249.18059331239968,208937.6128050257,25.58266033302036,0.12309052865598556,66.62371387996755,1759019.0,,223,4
567.3467150452094,1394.1548781697215,174592.5236921577,22.983372137507676,0.054377583519529184,70.38776551160414,1705266.0,,223,1
232.88936801425368,1575.966685149897,133728.09715329512,20.138478923612606,0.2671976899107607,86.94959269080512,1546102.0,,223,0
1017.8670809413819,713.93911514364,183655.98361597542,23.099186399898226,0.07183593305089218,76.78665328538634,1660234.0,,223,3
232.5227403645785,1576.2760937487556,140232.53102824622,21.072490868099486,0.27196954588712946,88.96940321508337,1532989.0,,224,0
567.5640661579592,1395.305606109414,181430.20405675366,23.012474095569768,0.06349802808152084,71.84558502305896,1702773.0,,224,1
1020.5001544304127,711.227791384088,171146.60671860856,21.05253653448376,0.02079314719405702,79.66298028463532,1627998.0,,224,3
1343.0068778672087,250.14085205889626,216820.2969197443,24.995855389488053,0.07592049726578728,71.47332810584103,1728240.0,,224,4
1339.119432486574,249.46670147472508,210658.05040931163,26.448517667749222,0.10380104682349807,65.84373467741959,1776772.0,,225,4
1024.0478321468252,706.916340680628,169371.4099816676,22.16516113530459,0.07055373953343623,74.82242576979499,1664083.0,,225,3
568.4951904555644,1392.2928442681687,187423.81664714604,24.067498609825854,0.059685911748381386,71.45541661015422,1717853.0,,225,1
232.02123769932967,1575.1989254448151,124012.93314363132,19.9036191375223,0.23267112945972845,88.66457453720707,1509132.0,,225,0
232.49227573435348,1574.514875912231,124060.04693369575,18.406855935311487,0.2574962983084627,91.44400930187494,1488291.0,,226,0
566.3666353344332,1388.3940718537947,172458.48926184472,22.16520664012897,0.06496632307011918,76.70716482760584,1657165.0,,226,1
1028.258370635631,705.863938270026,177272.90299124632,21.348385462056655,0.03943145204230942,78.59650386276854,1635299.0,,226,3
1342.2818916074114,248.89663404322093,214318.6849249096,25.535516808544614,0.06760683522859884,69.52767649398756,1742665.0,,226,4
1343.983874212433,250.25541597567016,213345.84939409597,25.767200310406682,0.05312577895696072,65.64077072055589,1777049.0,,227,4
567.0915522912885,1385.8711089415349,178058.164514591,22.392754411986957,0.09752863197324327,76.46067798218598,1664160.0,,227,1
229.95347467093654,1574.6948029410821,123659.63810244415,19.13175761151357,0.2189736110065864,86.9199216684284,1538288.0,,227,0
1031.3248956365687,702.277564917592,168213.1308972338,21.884941404343994,0.07088426651576084,75.73935083141065,1656274.0,,227,3
230.5092992541456,1576.6456330192111,122927.84238612957,19.454658892509244,0.24643971230682776,89.80392101989904,1506483.0,,228,0
563.2180305460181,1384.4664413565963,182174.50869078166,23.099393643018722,0.11796581575781717,76.8627446283852,1671652.0,,228,1
1033.7605479320623,700.7374514006851,179841.95968542638,22.079760291694537,0.0421561965578461,79.60784265082754,1631272.0,,228,3
1343.478910128611,252.73579535406674,210667.05753629163,26.59422954232094,0.04577296824128786,63.921568236871366,1792703.0,,228,4
1344.2782709642174,253.63158403896932,204671.04574519413,26.42715534573036,0.09337646326441004,62.11752883097943,1805952.0,,229,4
562.5852976545027,1386.955564796188,172723.6124328662,23.489074407158277,0.036095692054969784,71.43515815562634,1705137.0,,229,1
231.3389350077469,1575.9107624561689,119023.00875848449,19.084063360661613,0.2735504585182457,84.63513303220947,1550901.0,,229,0
1039.586087083454,703.8919828106718,175536.7600197992,21.842333746363742,0.0769337147787702,77.64691103872428,1651326.0,,229,3
231.13344435176873,1575.4811869929492,127725.35686274509,19.386922622602235,0.2600871291183076,88.83921568627451,1516083.0,,230,0
557.9049132405706,1388.3263780631023,159140.52549019607,21.1370224174599,0.0910750848638673,80.36078431372549,1631235.0,,230,1
1039.3285564230428,700.9827222915698,175121.26274509804,21.86285617098519,0.10400628025704979,77.78039215686275,1643284.0,,230,3
1343.0157287873105,249.07970865446273,213271.99215686275,26.360103174075302,0.08557926031052701,66.72156862745098,1779033.0,,230,4
1345.6665703980932,252.52346376592465,212749.97639876272,26.421004938231263,0.11631104985392383,71.56350128850676,1720482.0,,231,4
557.1714105206421,1385.659675142647,163616.9341504819,21.15837870398575,0.10988485139114865,81.68359237981075,1601383.0,,231,1
230.84290876114096,1576.0805747240447,127536.64081903503,20.939578726320406,0.2751184413378898,88.9122288735993,1516533.0,,231,0
1045.923644537143,700.0618830176071,178487.6851455037,21.999735509995233,0.08487579300266905,79.8764332563636,1630645.0,,231,3
231.2841802423634,1575.8772430337813,127647.78815747092,18.155830197802747,0.23706219426450537,92.86517517115438,1481498.0,,232,0
557.194786602442,1386.736850005601,171282.52453572213,21.45741432584087,0.16165582048029264,86.34158848557742,1572634.0,,232,1
1047.400914388323,700.7225541855712,176093.09410574523,22.039153343638834,0.10016516444687236,79.05052101346199,1632525.0,,232,3
1343.3947044356828,249.76571155818485,216263.03847316853,25.1560224749439,0.144570448480316,71.75945354134656,1735463.0,,232,4
1344.8702554555796,250.6716131540187,217038.33596185828,26.010344559722064,0.16448094464921054,71.21061233194946,1715112.0,,233,4
555.6482314677102,1385.9729974573481,165755.47167112844,20.201959750458638,0.08085997719949665,85.14312344037437,1575139.0,,233,1
230.16318736598802,1577.5966308910276,131941.26721098123,20.27142981345233,0.28114393603430865,89.78729380984933,1514770.0,,233,0
1040.1060134992938,703.1139303946732,178379.8747921512,22.00300573564692,0.004977364013016575,78.9508962810744,1641567.0,,233,3
230.11972825721398,1574.949662767447,121767.29137654732,18.887165387033455,0.25324820764463446,87.86109799270247,1511602.0,,234,0
555.527183014213,1384.2489020656733,157843.9517150424,20.968586229874568,0.13630335550415362,78.92607107819036,1622286.0,,234,1
1040.3315745102068,699.329512996137,177521.85932310292,22.27729433802361,0.08889757440352658,77.80919271387634,1644856.0,,234,3
1342.8635971794752,250.56342813655436,221116.60022458376,25.642720081188347,0.1822317576588182,72.96938646851561,1719140.0,,234,4
1344.8377682877583,248.5652709734931,203745.966248065,23.975968738095023,0.17541106676783189,72.96101618800185,1703859.0,,235,4
230.60777686488936,1574.48608946936,136984.30789297348,20.247061711439788,0.290361394849943,91.20127023500231,1495571.0,,235,0
1042.7282272818788,700.2579221268065,177337.18311210143,21.643719857263374,0.06757151636924061,80.3347359091297,1629117.0,,235,3
552.6320210392095,1381.315009790974,170441.59090131198,20.827312492769646,0.13860659870580316,82.66327897895954,1606267.0,,235,1
230.0949303227687,1572.7139533840825,130353.53060647522,20.223444904426398,0.2392948902669618,86.9539902808982,1533786.0,,236,0
555.0560780794257,1381.932456809513,162837.78768149717,21.481880014275347,0.10742801789881329,79.64693227410002,1622731.0,,236,1
1040.238845138929,703.7884360859963,176668.58707676473,22.923842614183442,0.03975489339187022,74.53199166934131,1675369.0,,236,3
1344.8896343958695,249.66686924798216,209805.72978469406,25.0260153536323,0.21220785001585604,71.97452136696195,1719787.0,,236,4
1344.8134539532418,249.0347593824001,208996.82625751596,24.02050076916371,0.14410270216423268,74.63243499454101,1693819.0,,237,4
554.956585070823,1379.1261080537038,163283.70596037983,21.657051220114138,0.08028874033797835,81.04027032235514,1607996.0,,237,1
228.79800899251885,1571.5076987965815,139413.01163831272,20.596291019220303,0.24011640938915116,90.84048905901203,1503337.0,,237,0
1045.7436807166537,702.0928447009528,187830.99230676616,21.99731004907561,0.031622658820644425,80.66333883248372,1628221.0,,237,3
229.40970156906985,1572.7511856025856,132995.8929415898,19.663934588155684,0.2829173943210408,91.78816681991273,1501409.0,,238,0
555.8879240332354,1375.5063454381566,165217.225767139,20.447108787798786,0.11531604104489496,82.94111459630669,1606854.0,,238,1
1044.2645048843617,700.2992443850713,176601.90747021604,21.805269106147648,0.06024732190571274,78.14896130852009,1649578.0,,238,3
1346.8373279435182,249.19096337738603,212292.75927612276,25.081194245867064,0.20344353803235285,74.83131672466781,1693305.0,,238,4
1341.6065598081984,249.42929880530139,213235.28076053062,25.493059179697962,0.18780236976160541,72.65718343978999,1711805.0,,239,4
553.1434607058216,1377.1941443881863,168853.41200362012,21.37644706037134,0.11955726001522264,80.93934942774533,1608475.0,,239,1
228.162470189231,1574.5745718634278,125652.50482417402,19.9925391750166,0.29334909088307065,87.71566705425424,1526497.0,,239,0
1039.6246892093486,701.7477194396338,175639.1411823881,22.52100897528431,0.15086774338985676,77.92765270485248,1641896.0,,239,3
228.66521466109032,1572.9033964127639,129934.14863538087,19.92379737469138,0.2730332296531331,88.72145054541754,1518320.0,,240,0
558.2273297261004,1376.5804394834022,160455.9119346214,21.475551800242613,0.14956680011440748,81.9881261736671,1592179.0,,240,1
1038.869931198486,699.658525566247,176216.24782146382,22.300318963301038,0.051100104034683264,76.83911341879912,1662104.0,,240,3
1343.4690039034263,248.34958977880584,219173.66907951896,25.677215293141728,0.20296377559334988,73.67049018503421,1706028.0,,240,4
1038.8996708366433,699.3103112735758,172885.97508621973,21.822018427620097,0.07357119463051771,80.76505528116596,1622810.0,,241,3
1343.0602885440123,249.27328696467902,226942.73374537428,26.529533225122396,0.2028132249764224,70.71594702037572,1725150.0,,241,4
558.3287749627685,1376.8713536349856,168443.1526673659,20.80164690515577,0.13898755992896045,84.85913642445087,1577761.0,,241,1
227.48138542323275,1571.1502661605405,134033.14503644593,21.000376192938013,0.2164335828942027,87.46446078835945,1529685.0,,241,0
229.27661341336653,1574.770606742074,131520.62659473481,19.828083385796553,0.30092614126714357,89.79368460923902,1509881.0,,242,0
560.575319276236,1372.638096617417,154367.07199800634,19.676808391031905,0.07953481082894932,79.16504439018624,1618930.0,,242,1
1042.0405506846967,699.1753801953408,175277.6388620697,21.913333248665065,0.07300123215425462,78.79853955504649,1638793.0,,242,3
1344.8829600585063,247.47727218103972,213489.7994785753,25.55870870302748,0.15477766701190426,69.26941384141296,1744794.0,,242,4
1347.0273631300413,250.30043129306037,215896.8440207059,25.98283072340247,0.20127299284304054,72.15405701915031,1713731.0,,243,4
1035.463788295279,700.4335470434987,180854.86545907045,22.031045468262242,0.09685616557180649,80.81254386144835,1624256.0,,243,3
559.0079363890607,1374.945042271061,168602.74580693364,21.668604905465273,0.06365130965397194,77.92638158068235,1640972.0,,243,1
229.5310679825649,1572.851614289729,130940.13189436265,19.80906341144537,0.21393999565928867,89.83180098884215,1516615.0,,243,0
230.3809583418784,1571.9104620719595,136920.33748984485,20.546396395758446,0.281640201125207,89.34478596981309,1518253.0,,244,0
560.0305427767734,1374.1503333923652,177090.1179344686,22.35777618933146,0.08829517353751745,78.03993550016327,1644833.0,,244,1
1032.6511607594068,701.9948653319441,175352.4530155047,21.4892616437679,0.06019639324334341,76.9459177127778,1653594.0,,244,3
1347.7798189001248,249.85136703212066,215904.045667926,26.41536312684782,0.19749448793059501,70.74648358426016,1732668.0,,244,4
1347.0070293559727,252.49790028681227,208912.56597447497,25.433546996258457,0.15002193173460096,69.91146856123432,1742127.0,,245,4
1029.034578697194,702.6422173854421,177534.47510675227,21.649742669567342,0.05817549342241591,79.41030939835855,1636241.0,,245,3
560.4703714228403,1376.621715365071,181842.76935683834,22.549703559392416,0.08141548703132714,76.75063396396376,1669653.0,,245,1
230.49115849979705,1573.8024511578417,138547.8127284931,21.051710966441256,0.24347032424803264,89.66905750245272,1518663.0,,245,0
229.7501295201103,1573.2821811469678,131580.11482917855,19.870168826170016,0.2314495579442548,90.89211192326624,1498754.0,,246,0
562.1348427836348,1374.7032939175033,177799.8712681257,22.634719880214554,0.06421325914715142,75.61925705091413,1677993.0,,246,1
1031.0738833227992,702.2160365964318,178577.29683199397,22.153526678201995,0.058909383732669636,78.97183494972313,1643966.0,,246,3
1349.4267272503125,250.419510047375,211514.13963585984,24.714644137487415,0.15296367091754778,73.75671377379801,1714404.0,,246,4
1351.780962973783,247.83162301858965,209157.17538791223,25.15557928572919,0.20228134810237075,71.77804543783803,1719958.0,,247,4
1030.5966750401603,702.908352290492,170708.4371409177,21.47616873242295,0.05339850864017804,76.56324846702722,1655729.0,,247,3
562.6669029042457,1377.9406453082584,174512.3054565824,22.449023833548914,0.04361499718416797,71.77804543783803,1703228.0,,247,1
229.8798654280137,1574.1467166927412,132934.78061357955,20.53146120189343,0.23545444725387774,89.81457993247425,1516054.0,,247,0
232.02262869372151,1575.0677001075785,129366.47281469025,20.97543173356922,0.31335503114693214,85.87121956616122,1544522.0,,248,0
565.4479000360107,1381.4375943198872,177817.45778206125,23.060245957973674,0.052331106571911125,70.69570231524479,1711355.0,,248,1
1032.2505346716525,705.6145640621925,169258.83618711148,22.05053175571091,0.04416097029162208,72.91650971781793,1685014.0,,248,3
1346.458709828085,249.47391812025077,206042.8094650645,26.08674471050997,0.16771645436680077,66.62422207719405,1761059.0,,248,4
1347.792973442051,248.55138632321479,203093.70969285435,25.123563184806507,0.1862517777958801,68.75245656214578,1743213.0,,249,4
564.4417414022365,1384.5601526148175,178735.0982298517,23.936006293016757,0.05774260625652938,68.75245656214578,1732389.0,,249,1
230.5978665725696,1573.4489411277088,124619.23697613143,19.862739548247138,0.2561209590929895,85.15532690945976,1546370.0,,249,0
1030.9619042854426,707.1438499944968,174399.15650229788,22.8321363581441,0.05102175448248688,72.94042345933234,1688277.0,,249,3
229.01370616872944,1573.5644511402736,132103.06487015088,20.29681196727816,0.2475328689041098,85.65478064707476,1540916.0,,250,0
566.3418472891194,1383.1486931888353,186499.968779661,23.40111663878358,0.057164253567681934,70.89912515745263,1716964.0,,250,1
1032.0330134502947,707.9149161807726,179862.8029616217,22.964074403245093,0.03400914305430534,73.7782774481106,1690502.0,,250,3
1347.6800180190207,250.62188754461272,206920.35640115268,24.928147298618867,0.18951347747141573,71.97880726644938,1719810.0,,250,4
1347.8130690349753,247.90749862662517,194882.74509803922,25.176420184548036,0.1359975875569507,70.30196078431374,1722984.0,,251,4
1028.556733374937,706.468051411816,166978.93333333335,22.62063731264676,0.06797587189765748,70.65882352941176,1710725.0,,251,3
562.7265022998536,1382.1422782178406,168899.9254901961,23.144246407729387,0.04044163902805735,66.73333333333333,1747169.0,,251,1
229.88577812252765,1574.1884584955792,138478.09019607844,20.121100190572,0.2591765068622913,87.78823529411765,1529233.0,,251,0
229.2530074894445,1571.4256010474412,128829.92141751324,19.37660388358582,0.23424419725524062,88.59421866718678,1523751.0,,252,0
564.1310325613202,1381.5934109075251,183294.4746846976,23.180686603956428,0.06055047357390669,72.73237165690443,1702479.0,,252,1
1034.4578133677437,706.7638634804482,189481.7556416597,22.783722795078777,0.05380048796717726,76.60111483014403,1663940.0,,252,3
1349.742862611422,246.89975026887112,212235.38174075107,25.05846049409228,0.17668237423562563,71.95862302225652,1738882.0,,252,4
1348.5302922646133,246.9575183759188,210427.201639507,25.225250661064713,0.20139290178119792,72.91667120164925,1720913.0,,253,4
1033.3407908117485,705.8939082542151,172376.48378476352,21.936994637724357,0.05606788610805368,75.49453331483888,1664575.0,,253,3
565.3324059220975,1379.944713355922,184117.54091229374,22.802405394477773,0.06791804696562964,74.75800128249898,1690102.0,,253,1
232.61824537936036,1574.1563022517978,131047.09358805903,19.18083126600004,0.27557702172098986,90.59343997780665,1503000.0,,253,0
229.77133146993557,1573.9203466029564,131220.97680905493,20.234946318814995,0.26736346328741306,86.74470100415628,1539394.0,,254,0
562.2637207234573,1379.78603456357,178929.12261526615,23.422346270259474,0.05100451678785588,71.62736721919958,1710372.0,,254,1
1034.4801903932616,702.0279163910681,171958.95193084504,21.87165769284555,0.03058715538190722,76.66647848085181,1654231.0,,254,3
1348.499338419288,246.70128402566357,212453.60996600107,25.779496176815023,0.18531839282584306,69.82768462575235,1748310.0,,254,4
1351.5148426286119,246.50084061265437,199070.40944858038,25.082926039961215,0.1845573980024727,70.02349962921502,1734785.0,,255,4
1041.3657093722359,700.558557951785,167688.2110314205,21.039518936873755,0.061279819933215574,77.92937861961026,1645112.0,,255,3
561.9872318918967,1379.5962041478617,169834.84541252686,23.34541499390827,0.06565093561787397,68.89408834487284,1732238.0,,255,1
227.91578424283708,1573.9817866604876,134851.3308800279,20.313718581557822,0.2307746394316353,84.70584632566333,1559649.0,,255,0
230.19839275162497,1575.4802731271748,137377.64705882352,20.811915030463773,0.24436831280956306,87.67058823529412,1537430.0,,256,0
563.8224892450917,1381.6824573341787,186096.51764705882,23.736093603273474,0.059299371375380654,70.71372549019608,1723651.0,,256,1
1044.7843754212158,700.8245952116188,171306.16470588234,21.64414228652755,0.06750299704440238,77.92941176470588,1644954.0,,256,3
1351.3814712790531,246.96209127951195,204448.1725490196,26.33818417187454,0.21727229492714686,70.35294117647058,1724901.0,,256,4
1350.045286879994,246.99450154071206,211865.76015016166,24.868041175758428,0.19031847435749064,75.60175025516727,1685875.0,,257,4
562.1124734899245,1379.7006581575697,182965.0070912913,23.940385348401637,0.061486058244053246,68.50103338037255,1730660.0,,257,1
228.26459041815994,1573.7954471912033,136825.80190655903,20.37450776594919,0.27516878725838123,88.9678055488985,1518633.0,,257,0
1043.0353446725799,700.6614954968488,183515.52149370185,22.26588735156076,0.11346081285039422,79.36095330652918,1642427.0,,257,3
228.16851486595075,1575.6772639832468,151025.91270164176,20.39603161242053,0.26433935407562964,90.83546506271584,1513550.0,,258,0
562.2350403996625,1380.0042127038566,175640.85271396063,22.682261817136208,0.0347357566791182,71.71220926003882,1705499.0,,258,1
1041.8083280890269,703.9678989809759,188167.68852947192,23.182388685740225,0.10532773553844703,79.43506256496607,1640657.0,,258,3
1348.721427201835,247.3361784019885,209057.27120946159,25.093920144760535,0.1977211714727506,70.97669942147432,1736046.0,,258,4
1348.251733825348,248.56678246688978,211231.48162968684,24.57653884430527,0.1952587638510696,75.1848603758367,1698196.0,,259,4
1037.476197918897,705.5254314220871,179162.4535058076,22.546418192752597,0.05709661284551512,75.56845660224404,1668939.0,,259,3
562.1387257182438,1380.5140547302258,185524.3969207732,23.808169359335942,0.06260398955200776,70.96530188535608,1723658.0,,259,1
229.11621938781104,1573.3964724010484,139906.75008018708,21.394916687194286,0.27286610266896105,88.9943245265006,1524766.0,,259,0
229.31347014485118,1571.931072897545,133688.80858478884,20.62482109295788,0.25813580831964594,83.63735442121774,1567950.0,,260,0
562.3073368770116,1379.8163037647519,180533.43050120957,23.07799463464793,0.08830548590092996,71.89877836209946,1705876.0,,260,1
1036.5656669772113,711.3803334941117,166556.08788931632,23.133329113779773,0.07225582533604097,73.73293087133669,1684256.0,,260,3
1348.4701101228366,248.78408513401195,215822.15794843205,25.713096334271786,0.2219522811419611,71.89877836209946,1731542.0,,260,4
1348.4623749962527,249.19533648513533,206804.06921367013,24.910568770407647,0.2103222506155344,73.66544576571924,1694185.0,,261,4
562.6251962323391,1380.196448298489,175619.881427173,23.95581496721236,0.07301498754368982,69.65396109530879,1727554.0,,261,1
230.66957019012415,1573.2660798841905,132004.83200792305,19.759832906186485,0.2702599342946615,88.98202359819552,1517112.0,,261,0
1038.1524656923955,710.7646396891033,174354.0756734462,24.078723299617884,0.057675462353742206,72.93608491655371,1688735.0,,261,3
229.99103798935815,1573.1720677905057,130648.99909483308,20.12600931723911,0.27797180555193507,89.69989442312304,1502076.0,,262,0
563.8214669252926,1382.5314097334376,176638.20849007188,24.553580288285396,0.07211373447977204,68.7454108898525,1729609.0,,262,1
1029.9016045640165,707.2416483758155,170504.05915259552,21.571136084385,0.048138579083580844,77.20072880678622,1652320.0,,262,3
1347.1727938220406,248.99019774258622,205746.19185289345,25.648028625057588,0.15853428347519818,73.89212614363824,1703113.0,,262,4
1349.095178694421,249.95644753960357,208792.29090971657,24.40822886206106,0.1911322144062695,74.69992806328347,1691792.0,,263,4
562.3217608856221,1382.1485727539678,177391.1575129327,23.698783774939184,0.046216067388515386,70.7052795037496,1713928.0,,263,1
229.0673990643503,1573.5329365756195,131155.4972254638,19.308439280926297,0.22458750710528494,90.67852230141897,1501378.0,,263,0
1032.405398642589,709.2963983215049,180396.33162427004,22.702272518742515,0.05450213731370842,76.6972523430504,1667119.0,,263,3
226.94255790854265,1572.8341738600757,134328.71708791467,20.71138843891241,0.2603423515848684,86.9837544182472,1532143.0,,264,0
562.2616856739953,1382.6960893348046,170675.0263016715,24.65241795935339,0.07415895374990768,67.81784242778595,1731426.0,,264,1
1034.2492968678278,708.8372781065088,176652.2108160813,23.79979639710343,0.057059285830815924,70.7664442724723,1721066.0,,264,3
1347.7917044253134,247.83094767338085,214749.62095035124,25.898204119800088,0.18690309082102713,70.7664442724723,1731908.0,,264,4
1347.8868017074528,248.46542483684885,205002.9881982059,25.131260073104748,0.18396008874554193,71.8235293987707,1710478.0,,265,4
563.7752035052252,1384.1464677268839,180138.45879093956,23.77549579414342,0.09525801751320256,70.65882351662849,1720446.0,,265,1
227.1068701607301,1573.156451713888,130216.83527055939,19.368362314689826,0.26594231437407645,88.90588233685672,1517428.0,,265,0
1044.4254867030588,705.9480806030032,176308.1293798678,23.587477457049527,0.06567080032286708,71.8235293987707,1695071.0,,265,3
226.40528979670998,1573.9161492607268,143525.49214940437,21.3524787511275,0.310553748882076,89.693042504941,1526287.0,,266,0
569.1072920551621,1389.2996025484567,175186.36293776488,23.613667800752246,0.05460522602701042,69.97603747152725,1728086.0,,266,1
1045.4585114069528,706.8579740607565,182459.23153950172,23.047823728613356,0.06520875470811148,76.54837248266516,1662014.0,,266,3
1347.1800237379243,250.57428688711855,208141.59711537772,24.699913892289945,0.16383176556916537,72.68229306434874,1704202.0,,266,4
1348.9914577540524,245.60152159336383,206898.30319214784,24.95182397851557,0.1972294292673269,72.63189830161046,1716206.0,,267,4
1041.7139574410512,702.9532933929198,181786.49687194292,22.64412838273368,0.04539698723475961,76.85915164191583,1660608.0,,267,3
569.076647593692,1384.0054255992957,178987.67086490255,23.808778279387305,0.0903230955463733,70.32612375235298,1721157.0,,267,1
225.87351888970645,1573.6361099129729,121169.98974651315,19.115891928788493,0.22309335790075432,86.85084135536489,1541791.0,,267,0
224.77342163593772,1571.9601258552066,142511.7294117647,21.444042765926415,0.2781541885600809,89.76470588235294,1522539.0,,268,0
569.5659603502135,1384.4304015641985,167898.0431372549,22.31735518454673,0.010892093770648478,73.94901960784314,1686931.0,,268,1
1040.5265412765916,706.6112535692018,176198.2862745098,23.589899359918952,0.06371033495227894,73.52156862745097,1678978.0,,268,3
1348.416794148532,248.96090287393505,212079.37647058823,25.373411650082144,0.18259547148214106,76.08627450980393,1685644.0,,268,4
1349.9629472576573,250.2528730893514,197760.07051667955,25.795469508771358,0.15292801794369656,72.59999997373106,1717669.0,,269,4
1041.2753298224172,707.6844264504997,172798.8705257113,22.657716856541327,0.046648911717085774,72.59999997373106,1700385.0,,269,3
571.3577285700504,1383.9424542530487,165000.38817559186,23.230678870613126,0.1043164889721173,67.941176446005,1724232.0,,269,1
222.7839719703802,1572.303137015237,130863.24701147314,19.935400698889907,0.28795926909845126,86.9647058508864,1538803.0,,269,0
221.76554727633754,1574.3449255306468,129155.39001516535,19.924609262880484,0.24951114686458675,85.98669149503547,1545769.0,,270,0
572.6778428407471,1385.634080460643,173070.18266630237,24.57341867503541,0.07253702359195499,67.96328017729878,1738607.0,,270,1
1042.0714518609207,706.2397561545112,178500.4863012421,23.282876546539846,0.04794471461529989,73.5955962140915,1688486.0,,270,3
1349.8177421622916,250.03432097263976,197595.91510464836,24.683077186312268,0.18289366212937258,69.84071885622969,1733896.0,,270,4
1348.254999054999,250.43987525987527,213714.5659931833,25.04067618886247,0.18498649774666656,70.68616338840876,1728933.0,,271,4
1034.2720598589897,705.2500797994686,172097.7843575574,21.70004772388021,0.04945448997983384,76.74497739312952,1648796.0,,271,3
573.6575934351828,1386.766233825771,176216.56611796658,23.995235507499977,0.08057928536665573,70.28224245476072,1717362.0,,271,1
221.2141244680195,1572.299272188984,130975.40194471672,20.572535059906777,0.28178250064663574,89.26652633621907,1518833.0,,271,0
222.08739372643885,1571.500531183878,138587.95294117645,20.61493927986463,0.288970042947193,89.72549019607843,1512192.0,,272,0
573.0683553530752,1385.260138952164,179043.13725490196,24.52377308794975,0.030294954027695116,70.55686274509803,1714801.0,,272,1
1032.3446678188138,702.6299960852461,170856.90980392156,21.071183912342143,0.05044022141845794,79.12156862745097,1629962.0,,272,3
1347.5591721092594,249.64855664049932,202825.2862745098,23.9304912061739,0.18419093962007768,73.81960784313725,1690008.0,,272,4
1349.5374011863228,251.5358484664564,214848.8,25.984698084406855,0.15258486107634678,72.0,1714211.0,,273,4
573.3010791358224,1385.0138494326752,165725.2,24.663534674249686,0.10988150150773779,68.0,1729972.0,,273,1
221.9938750843265,1571.5921463908253,142304.0,20.220294029647018,0.2716853611083554,90.0,1510146.0,,273,0
1029.2281755875676,704.8731499247018,182208.8,21.47324415869063,0.06186964961961137,81.6,1616325.0,,273,3
222.33037530744238,1572.2580491705382,146270.96862186393,21.054450696431932,0.2803940402479936,92.90077107077968,1489509.0,,274,0
574.7546851307934,1386.3498902543765,174529.4585441068,23.877325054351427,0.0860593301362277,68.84280246679292,1728175.0,,274,1
1031.6651055358184,703.3107603638483,168252.1793514358,21.45085960221973,0.08284107441399524,78.83611250229511,1633609.0,,274,3
1350.0756870861521,248.19608050619473,206369.99493018634,24.68587591098864,0.19556644501010684,71.80378321805283,1725316.0,,274,4
1350.871596144253,248.86299664015962,209391.78588231336,26.066553921737565,0.20628191794344117,69.50745555308752,1738452.0,,275,4
1035.318791892517,701.4076893307044,167694.60891319846,22.36133268996187,0.09896708621229822,75.65176101634388,1657575.0,,275,3
574.9647982141857,1386.1977278998218,185105.26648151825,24.2646339375032,0.08426592933363666,70.6595128274481,1712310.0,,275,1
222.80688641861707,1571.538532777275,129374.11181523438,20.280168131215934,0.2733991738156925,89.86046740012421,1502459.0,,275,0
220.68604689332471,1571.4230426050653,126155.66978526828,19.146021559045014,0.2540244580283805,83.95294064211933,1565252.0,,276,0
572.4254993001553,1386.0092269569225,178056.28121963248,24.078909528366385,0.06235493639925397,67.76470545103803,1739728.0,,276,1
1034.8029709102927,701.2244247609417,172008.28125812733,21.40351575345927,0.08358510272297623,77.92941126869373,1645928.0,,276,3
1349.3867676411037,249.04077467376658,208987.8574933446,26.384684412377815,0.1906119078970519,71.15294072358992,1716258.0,,276,4
1348.8974849584145,251.99897510765055,204233.78689726477,25.878542569517442,0.16105224330737847,67.76470543839523,1753392.0,,277,4
1035.4372022588184,701.5143785572823,168800.37536469943,21.256424754443135,0.050082607019649256,78.68235242569224,1634657.0,,277,3
573.1609136441191,1386.025280422698,171002.3518208615,24.495174744793587,0.08810281475876504,67.38823485262637,1739686.0,,277,1
221.4771378536098,1569.3566675999275,137153.50498379732,22.123149255668277,0.3416796686900609,85.83529355530062,1554654.0,,277,0
220.23311010412908,1570.6536364973065,140451.73672500928,22.201636303573395,0.29486550566439346,89.74072015419448,1522257.0,,278,0
576.0657753380294,1387.984859572367,168814.31010395166,23.3002549279712,0.05110885327146123,69.84005836267855,1714009.0,,278,1
1035.2064947231165,702.3936837752187,177962.2312969083,21.075284218084622,0.043092340509073,80.72909972030047,1617510.0,,278,3
1349.6842907158286,254.5420609854627,199374.21693202524,24.838060995961143,0.16838458132251002,70.9665109169153,1739319.0,,278,4
1347.780060829967,252.46851458174237,206756.20452819634,25.13099071611602,0.18230824204337756,72.93247808245052,1713113.0,,279,4
579.7220444071324,1387.4233828300582,177444.71917460213,23.679236104821715,0.05461739857983011,68.66515223720076,1732326.0,,279,1
221.99881956598597,1569.6703228954527,132770.86077810873,20.031492574478463,0.25872392282900464,87.67414918422243,1536214.0,,279,0
1035.1718180946905,702.6354967152839,178101.11147734418,22.49393136329033,0.060042519245821775,76.81186521449575,1657603.0,,279,3
219.69018681833313,1569.2803826644322,134654.3807931945,20.41569146904228,0.27815675739148443,88.89281532465401,1526004.0,,280,0
577.4421877206897,1385.4827891917732,174824.43622428374,23.65819021053313,0.05998132127216847,69.89862401596726,1720423.0,,280,1
1034.8211739210758,702.6066116869018,183010.1729106754,21.754351842045768,0.06607911781432389,80.53537114883184,1631427.0,,280,3
1348.9533945812102,254.0085566365741,214478.98930325525,26.45321751483346,0.1556816272652957,72.5578107991834,1713228.0,,280,4
1037.0024881447223,704.3543243537097,170526.92836332132,21.426705866085605,0.03227925481029163,74.87570767079855,1666069.0,,281,3
1352.1708748536578,253.36773053990035,209532.18034596264,25.887584327473846,0.22508703350017822,71.66674877062147,1726034.0,,281,4
585.6737170745096,1387.8126281210064,166279.6929834425,23.097144993569906,0.08317565756421633,67.74468789262725,1741567.0,,281,1
219.16045848373497,1571.0938533306635,131769.12276698256,20.623910620150394,0.2567502164381418,83.78948239351266,1555286.0,,281,0
220.84948557366462,1572.2206084687637,134671.21510243893,20.277523570023767,0.2807880647538867,85.79007015348179,1549477.0,,282,0
582.0019942332656,1391.2083376411529,170504.8264139439,23.740316420580758,0.04581344098944323,69.72891546721351,1722577.0,,282,1
1030.7399382022718,707.9186293491134,179266.77389852348,21.028415815069934,0.04850330510799891,82.65618631225871,1619592.0,,282,3
1352.2275324140849,253.13600423969825,201795.08962663574,25.535643999285863,0.20209592674616228,72.4710638282837,1706462.0,,282,4
1353.9472907965162,252.34252306580947,207778.72758141402,25.124738796067952,0.21471550325221303,73.9443096260501,1697705.0,,283,4
1029.903807998055,708.4371838788526,169469.32119878352,20.498774500035776,0.03434068327423538,81.66983451235384,1610130.0,,283,3
578.3951026453211,1389.1334468192706,162947.13878405595,23.33206093056312,0.052892397835299254,65.11513832741726,1756528.0,,283,1
220.51386579692848,1571.9281915663976,127006.89336655862,19.68014534434779,0.25809768889714746,86.82018443655633,1537956.0,,283,0
218.90167164313425,1572.1801459835247,122012.15609536174,19.630882089342244,0.2523394811882992,87.84313670242126,1520648.0,,284,0
581.6861829501916,1388.313840568555,183416.4694346556,23.98174674296828,0.08278550063686486,71.76470543099595,1706638.0,,284,1
1028.7272120313685,710.1813531894669,173272.54792982733,21.034663475408376,0.0722732732928589,85.0980386804706,1578331.0,,284,3
1353.2804744488224,252.59945370330772,210903.1359284476,25.57130956846853,0.20339726101853994,70.98039171043861,1728813.0,,284,4
1351.9981532274423,258.7079894520536,202313.1431966573,25.136642004301937,0.18424508742153609,71.72769679509665,1722272.0,,285,4
581.5714086608622,1390.6231430468788,174107.74306239042,23.689225505219436,0.038542623655433185,69.58657151763107,1726960.0,,285,1
219.63653302844506,1571.025625592185,123910.84520327464,19.2662445796477,0.25497230248186703,86.71557373735564,1535860.0,,285,0
1031.0489676668908,709.2401264971556,157075.80518857762,20.443522783912783,0.09252093178106895,78.86478105331521,1618342.0,,285,3
219.1893461626084,1571.008413181276,134610.43045231103,19.891857763417047,0.25284764191386727,90.91764643728274,1511649.0,,286,0
577.2800895056845,1388.5552681163738,175583.98311337977,23.713394108674674,0.06405249641039361,71.79607794055264,1704278.0,,286,1
1032.6188712142027,707.318895528702,182510.32032093118,21.305847429299323,0.044335489191251805,86.9490190134331,1572466.0,,286,3
1350.621242524752,257.91223914176294,218092.31223454457,26.273657424950564,0.19555269508858159,73.59999949684793,1706557.0,,286,4
1352.1127763219838,258.2152750944485,216127.52164578647,25.81764564613014,0.21287371943852243,71.84181206851913,1728654.0,,287,4
582.2976874274286,1382.7357495110398,165200.4291911843,22.625171334867417,0.07836371762445812,71.84181206851913,1693180.0,,287,1
219.3578770819841,1571.966522193992,131763.71820164935,19.85127967311459,0.29553892932598963,89.71109527337923,1511436.0,,287,0
1032.9468246886272,710.8213329646712,174098.60286870645,20.76381817535814,0.042332352348943454,82.78218954088246,1610140.0,,287,3
218.7964036194163,1570.9685562506847,124240.15990634049,19.831661153225866,0.24901528980445456,87.9529405549298,1530306.0,,288,0
578.7750134492208,1381.2935691710236,166085.8654929806,23.625238723574707,0.09082103764010836,69.80392107534111,1716363.0,,288,1
1033.5532398476778,712.2936782241057,174598.80268772383,21.741721912935343,0.044867807889933886,78.87843081513545,1636427.0,,288,3
1352.2336324991454,258.44681317618785,202140.28876760503,24.738235677545003,0.19347747054687792,70.85097989147123,1737228.0,,288,4
1352.6823156927721,258.93694346927396,212755.00275130256,24.889523410521026,0.18720771334162156,72.24693324833432,1728053.0,,289,4
1032.5159629375007,713.3727633725643,170071.72399958735,21.17082495750137,0.046713963614710516,79.92535127472733,1613231.0,,289,3
583.3080008372748,1381.906290766931,165073.0738644055,24.119849947510737,0.11001222717349676,68.75674323633748,1721594.0,,289,1
217.51584585548622,1571.3206744152299,132276.45635967373,20.693558206155522,0.2662814592175103,86.90573129872098,1546313.0,,289,0
217.68430335097003,1568.9906765825237,137894.3964892692,20.40182187549923,0.2674503985579937,88.84705656152235,1527013.0,,290,0
583.0944940527654,1382.8996082825531,163286.960548668,23.595533755819556,0.11311866469013918,69.64705705034591,1713380.0,,290,1
1032.0578052181368,712.4181580732625,170366.86625076964,21.00351075856722,0.05831180010283124,81.6941155671625,1611048.0,,290,3
1353.3243086905452,260.12443747081215,212820.32399345268,25.923516002130977,0.2290731807031682,70.77646878629746,1740227.0,,290,4
1351.004932774802,258.8676346268739,207091.03997701165,25.546990078461505,0.17619021181358008,71.66779274318984,1723205.0,,291,4
583.911721816468,1383.518085683465,172869.4906640471,24.491035811409475,0.07973378608714449,66.67600618396268,1744040.0,,291,1
218.33104975339526,1568.5519128973456,130272.0800608822,19.297934624271086,0.26686998110747845,87.7128209692771,1527210.0,,291,0
1033.489805948578,711.6879391564032,171211.86097020088,20.876459109126852,0.09356548356132079,81.65136586164414,1607921.0,,291,3
218.49090502540452,1568.455195935279,128098.15404335305,19.11268597035983,0.20828795770411587,85.92929938736862,1553915.0,,292,0
579.6764873233614,1383.1531873269842,161936.69802499333,24.1174834353009,0.0849424175349122,67.98422481651252,1739803.0,,292,1
1034.0165954845752,713.2263512391933,176713.08654374172,22.053156002298277,0.07586017201494215,78.33715245354489,1644262.0,,292,3
1351.3291215028717,256.48397312456376,205193.30027804195,24.96584641392179,0.14769756192531747,69.70971275601792,1745751.0,,292,4
1349.788676368812,255.69420613468094,213821.1608711143,26.070606887139842,0.16132720707991097,71.89635669984973,1733999.0,,293,4
582.6711713027082,1382.2083924310434,167327.25284137068,23.386502623968685,0.045765445719106394,67.70821941636335,1741588.0,,293,1
215.70868572851393,1568.1892213415224,126151.9301502145,20.005656059308254,0.2727958641919741,85.85681431147104,1551776.0,,293,0
1034.930878544968,714.1927033645964,169018.5622810186,21.138019738921148,0.05227719276556136,78.52757406536986,1647156.0,,293,3
216.47357379839283,1566.7473689596484,132383.85782513415,19.712560297958685,0.2765478014172038,89.83974667668582,1515720.0,,294,0
583.5221302453704,1378.3753651284992,177824.5877900431,23.45265488196499,0.10675999820459371,71.65789318259465,1702984.0,,294,1
1034.9004471870994,718.4212752650287,171003.8971812401,20.638260391822445,0.053246116726183325,82.70960805155202,1593873.0,,294,3
1352.680509855067,257.46779219491685,208566.89348616995,25.815834031322606,0.18482801579402852,71.30138625133796,1730363.0,,294,4
1352.7337601356978,258.2415639576906,194104.89157668405,25.116814393583137,0.17898474852396273,66.9820183441124,1758350.0,,295,4
584.9389508966929,1378.8151464365785,164839.41470613703,23.063150117470112,0.06497575982061023,66.9820183441124,1739623.0,,295,1
212.07776599691124,1565.987858106917,126662.33020097185,20.759537421510625,0.2677185500077558,82.97772421733328,1570156.0,,295,0
1033.4178716815768,719.3421730289567,164868.40692303225,20.961889999705516,0.08210906304849933,78.6455538766693,1642105.0,,295,3
213.3860884408172,1568.5617298767802,133801.51357473253,20.65731770173968,0.28501385491359676,85.64667215537366,1544486.0,,296,0
582.9324600088077,1378.5079403476345,172602.6678113226,23.754978076093217,0.0935212810310708,69.94478226022183,1723575.0,,296,1
1038.41678410917,719.2147994740867,166110.2932008113,20.127950876828294,0.056917179156475886,82.79178308352789,1589600.0,,296,3
1352.3374085700914,254.43987667369535,203596.05729754845,25.184800613248573,0.1961324399841803,71.37222679614473,1728490.0,,296,4
1351.6833466534658,254.5410058432496,207116.82352941175,26.476719509989152,0.18708899009748847,72.35294117647058,1712875.0,,297,4
583.1981136450464,1374.8917940688689,159822.70588235292,23.82426400786174,0.10141561651198315,67.41176470588235,1735933.0,,297,1
213.016698781455,1566.7947551599425,129498.70588235294,19.557957514993156,0.2828645132977187,86.8235294117647,1532639.0,,297,0
1043.173257884677,720.4919230635853,173019.88235294117,21.15808972311396,0.07091811548191211,78.70588235294117,1635972.0,,297,3
214.6604791186602,1567.8668992773203,136096.863479031,20.586397016126444,0.2601640259484105,88.28050894339056,1533671.0,,298,0
580.4643412784878,1376.2357897783693,177092.83675920623,23.58523294828105,0.07978400899682253,72.61783800182127,1699667.0,,298,1
1042.921775111203,718.4093782973001,172057.99999107994,21.21139415401953,0.08127095001948953,82.58499223736536,1604923.0,,298,3
1351.306204358557,253.58927017703041,210287.73200109758,24.705714573959487,0.12880376624186904,73.685747384201,1702343.0,,298,4
1352.062513060364,252.05912543555783,209896.85951807222,25.322741926730536,0.15354646489098284,72.745520981845,1711103.0,,299,4
1045.4938687126803,719.3218092580369,163691.32944110365,20.803534888192644,0.05311157500983608,80.59062618576947,1629504.0,,299,3
579.4742195405149,1378.1162101594173,162463.92707238055,23.615480791116827,0.08383465001145211,67.75318130662035,1726059.0,,299,1
213.38750235654103,1566.5857302376844,122948.84535159523,18.85348340357297,0.22556196352937388,90.57530553621878,1500018.0,,299,0
212.1592680229058,1566.8878092491213,127441.02738506123,19.3552087842098,0.20364670315627836,90.99999155227479,1502380.0,,300,0
579.7606898265535,1377.975307679996,169454.11760254262,23.96296189726711,0.06412701724186863,68.87450341015308,1731293.0,,300,1
1047.4458005787906,719.2687442455841,167829.32167494457,20.76908349552337,0.05052003023029174,81.72156104106246,1619934.0,,300,3
1351.2701043617876,248.72863972883775,200039.39319461817,24.775566672661117,0.18719781525325352,69.94509154606219,1739455.0,,300,4
1351.680621835561,251.41795964419907,210000.6666666667,25.396719957798464,0.17610190373019646,73.3921568627451,1707901.0,,301,4
1051.7955332266476,722.1629762337394,175299.58823529413,21.201329367467324,0.09936659288114076,80.84313725490196,1626894.0,,301,3
581.3824327921213,1372.0993678466862,167960.0,24.41549222845398,0.10658457475577958,67.80392156862746,1731287.0,,301,1
213.75145393495148,1565.1060768994425,135804.54901960786,19.746615482809716,0.2867898324131549,95.0,1463946.0,,301,0
213.20678116234438,1567.4717546535992,136270.23529411765,19.90272355395295,0.301288788149269,90.0,1508346.0,,302,0
586.0213468466685,1372.1437804346965,178298.82352941175,23.785827762757282,0.08430386777339688,70.94117647058823,1716966.0,,302,1
1055.2227002326013,723.077233898026,171462.35294117648,21.54598501737793,0.09684396362432054,79.05882352941175,1628064.0,,302,3
1349.2474671030204,252.31334628758438,207063.5294117647,25.61283468777255,0.18011609613360327,72.70588235294117,1706896.0,,302,4
1351.8943625398035,252.4994378102754,206321.24298788485,24.464167171154394,0.18358388959963776,72.87813350135387,1711548.0,,303,4
1055.698073050215,725.6427472515379,163919.8790379833,21.29020719858894,0.08048256614045167,76.48596189251,1652696.0,,303,3
584.8094068697663,1365.655905612539,172036.77135240636,23.416141181679752,0.06008244326826192,69.99187078842897,1713669.0,,303,1
213.01912456978388,1567.0097472308676,124847.81912744061,18.570613651222256,0.25516361843286856,90.91727545713454,1505864.0,,303,0
211.79863806700598,1564.4478773980647,132573.64124407116,20.270832569400266,0.27930295700470475,90.83433666535443,1511904.0,,304,0
582.5383231332329,1367.3369049616886,174530.57747839022,23.671976440237522,0.08290918306854585,72.66746933228355,1688627.0,,304,1
1051.7051944766934,729.4680563572724,171491.14934784907,20.982084705842073,0.08444061671742144,81.93627919609521,1608435.0,,304,3
1350.9837117769516,252.32617061927303,203560.48997184838,24.226442249604496,0.16691649960031701,74.89198369959834,1691194.0,,304,4
1351.2292394889455,251.47247469200607,199505.67028378186,25.48487634940535,0.20373932410617146,70.39220989055514,1739340.0,,305,4
575.4123161264673,1361.4650310727961,164907.5540627216,23.656101232572677,0.013656776688260628,67.286671218913,1735804.0,,305,1
213.00995450759274,1567.2499750112129,134633.72791199683,21.052651549059267,0.30860974633811455,86.95508280597987,1533037.0,,305,0
1058.9785321077643,734.0891504168851,163224.35210269157,21.22581284228414,0.05258843700812063,75.22304782422069,1668894.0,,305,3
212.22507763664333,1566.9818905023076,126165.82799358413,20.064128998653118,0.28976718973189686,87.66877377694675,1523695.0,,306,0
574.7383528447349,1366.2568617384268,170760.37169830452,22.785993107491382,0.07657650844615936,69.99070828282991,1720080.0,,306,1
1062.1325832551229,736.5869069170585,162220.42295725882,20.777969219223262,0.032750415593688284,78.64935260647898,1629530.0,,306,3
1351.2958013569719,251.45792640188995,202804.93200958925,24.909308544993603,0.17467323150100902,73.59847675101703,1698872.0,,306,4
1349.8130670913768,251.6017490268068,203192.70327966666,24.660361365994458,0.20903571972163645,73.71696431915173,1699881.0,,307,4
1060.5034283272523,737.8013432819467,168201.8404111165,21.312911833098294,0.07959787812404094,78.87715182149236,1635693.0,,307,3
572.3762925184058,1362.034886686135,179228.0553491536,23.55811795638301,0.06469244364351315,70.76828574638566,1720036.0,,307,1
209.11450028304333,1565.0645682663464,139337.59444713104,21.308816130632035,0.2627123791967536,85.88026343181177,1546435.0,,307,0
211.1182266137272,1567.0595439789965,140699.87185467832,20.20006778980307,0.27000755172366564,92.80394025670381,1494033.0,,308,0
572.4304511278195,1367.1568137529587,174059.43097526752,23.229627463539074,0.09634020557044413,71.69559306106137,1702048.0,,308,1
1062.9754999790366,737.7865875644627,173605.2375735406,21.053086955044705,0.04203325938875358,79.70220751458092,1622279.0,,308,3
1350.061894133657,252.11009581915053,208063.52255936502,24.59679159398661,0.20462606817383397,72.78740412290495,1710446.0,,308,4
1351.983692685118,250.12057116201927,204289.41176470587,24.243700827622988,0.17647606906912217,72.70588235294117,1705587.0,,309,4
1062.0564970671965,736.9934041112322,166253.29411764705,21.199263354630244,0.05094917905762307,78.70588235294117,1637472.0,,309,3
574.147154359273,1368.1802989638934,176350.23529411765,23.497688703728983,0.05492879028176199,68.8235294117647,1722984.0,,309,1
209.9199153353436,1568.075432547069,127228.58823529411,19.767075766299666,0.2584602428607668,86.8235294117647,1548445.0,,309,0
209.8894551075615,1565.1820765168104,141560.38173384246,20.043322588044486,0.29516845672779457,92.63515898594869,1488788.0,,310,0
574.9224009856526,1364.9817176646118,172574.560021268,23.584569352900317,0.07079673146136803,69.6587219146307,1719487.0,,310,1
1062.3737407451038,738.2396870896105,167183.12082721572,21.160605952292137,0.08345630850276173,78.77635567309022,1630989.0,,310,3
1351.2095867850817,250.02492542802273,205284.98289311735,25.301880433476256,0.18095171527498624,73.67048076835289,1698156.0,,310,4
1352.4413571293649,251.35816996330078,211593.91372549022,25.75685248832319,0.2070953093977294,73.51372549019608,1703392.0,,311,4
570.0828217736423,1366.1855388047888,171783.37647058823,24.114403777111807,0.0796738548030743,68.87450980392157,1724137.0,,311,1
210.90474643329708,1568.4718476110625,136198.45098039217,20.28936572713171,0.2740557334536173,90.64313725490197,1502594.0,,311,0
1061.9426065141338,738.4860168598071,165860.5254901961,21.864873947940325,0.08552307934767182,77.79607843137255,1646205.0,,311,3
210.253175346889,1566.2858715409889,129212.27986548719,19.84259096259222,0.2490082982250677,88.98816876243006,1519365.0,,312,0
573.4793921897038,1364.1078852256699,165488.81744934537,23.614409785636767,0.12170106232811616,68.564654620233,1720560.0,,312,1
1062.0150441811156,739.9550784066815,169429.46156196034,21.154211802319352,0.04129713511867037,80.2352341300599,1638133.0,,312,3
1352.7351412975522,251.82419456805172,208257.4795911544,25.424389858363746,0.13510146823144537,73.30582754610018,1698497.0,,312,4
1055.9754466663333,741.3262495679526,158751.65490196078,20.37601715468955,0.03617422610609271,77.99215686274509,1649018.0,,313,3
1353.4945834666155,251.98238279572837,201743.96862745096,24.620578889333324,0.17527939461398248,70.74509803921568,1725338.0,,313,4
571.3649254554539,1366.5092172227858,159552.97254901959,22.82201797346075,0.08134644009657907,67.9843137254902,1728720.0,,313,1
209.14259008398807,1568.0143538336495,127375.68627450979,19.021190253973728,0.22803361890766294,86.96470588235293,1539200.0,,313,0
208.9362634885752,1566.5101062181275,136404.47056330577,20.133619237879817,0.27710014055416715,90.69803919911014,1509849.0,,314,0
574.3526352351691,1368.9729357510162,189755.2862398298,24.808977203889096,0.06554909508511256,71.86666665353218,1715902.0,,314,1
1065.6579694175161,739.5646915296926,175779.717614933,21.914698561053125,0.04645150603601081,77.63137253483156,1647716.0,,314,3
1350.9566731469772,252.27219003038826,203613.25486474804,24.239157388628506,0.20468218130458005,74.94117645689185,1687437.0,,314,4
1352.05867066106,251.29148544512822,204260.1554182317,25.35954819379304,0.19334753916129116,72.98823477795001,1704268.0,,315,4
1080.2063113863314,740.5472287723759,179775.92029726485,24.167453914358862,0.04280704690177261,69.67058774258864,1726961.0,,315,3
569.3255385679938,1366.7977003288997,168342.57135851283,23.04095975976172,0.09527614091726502,72.25097988120304,1699552.0,,315,1
210.296776196607,1567.5492229602708,129416.25006516957,19.563977381837496,0.2898724706738716,89.57646995475683,1517827.0,,315,0
209.22236043900875,1567.360433430488,134881.69796497506,20.108204720491027,0.2775075053478375,89.91235392257113,1509774.0,,316,0
571.3902198602838,1367.0853500914675,166780.64488465144,23.232088530636837,0.052520922944304486,68.09261949784675,1733417.0,,316,1
1089.432316504932,741.6485368147137,178834.1671427233,23.3250489139529,0.04166565742873158,70.72603572152039,1710657.0,,316,3
1352.767095060123,254.43158249710285,201920.5747710347,25.75586447553128,0.14334471736418736,70.34983340385273,1732650.0,,316,4
1353.8046575077867,260.496899133896,213744.20114276005,25.74055204359256,0.14902515558553658,75.19999902235288,1694670.0,,317,4
567.1194161221723,1364.8081902228732,172129.48011515004,24.197535781554087,0.11353793313765022,68.19607754478079,1733043.0,,317,1
209.06687445793582,1565.7956499349523,136008.78254552608,20.80361396411474,0.2617905007527452,87.73333219274502,1535481.0,,317,0
1094.8851451794912,746.8578914932688,177052.49965899086,23.26704503664148,0.056594782024425756,69.30195988334481,1726942.0,,317,3
209.22999776612932,1567.160771152937,137323.8358390075,20.431336443320454,0.2858249165747724,90.95900104146924,1506507.0,,318,0
565.1169273131353,1368.1566432166553,174624.16030530725,25.090471857535764,0.0913624412066527,68.4867772547533,1743049.0,,318,1
1097.100980234552,747.8591424765755,186386.76429881112,24.008366394752887,0.07224842235240443,69.55688314935882,1730459.0,,318,3
1357.8654869604618,261.02892525675065,207039.4513627328,25.56779965092715,0.1492853727131796,72.41049886830687,1720698.0,,318,4
1356.8835087765337,261.45382601764163,217564.67239901773,25.154330512191805,0.17623743861376473,73.866377537907,1715627.0,,319,4
1095.8762272497158,747.0454798204045,171988.0469309184,22.715450020648063,0.03279833810875176,69.94111109869455,1719114.0,,319,3
561.9254661550187,1368.7651566848049,161061.53253376522,23.145067222347596,0.07499530694936495,67.80005667730595,1728909.0,,319,1
208.05618580363802,1566.1632380788433,124373.85133846429,19.223140559092073,0.24874278211839487,86.71270406623866,1522463.0,,319,0
211.42013545640967,1564.8561041167964,135360.91316467905,20.02039432342828,0.29507710186800756,91.78810461244892,1505263.0,,320,0
567.0912621575552,1365.9886496061677,165437.92132346993,23.258329672924837,0.1074598290405998,69.67048904318412,1719255.0,,320,1
1098.618543752721,751.4082607749239,169347.2098753375,23.956440934644597,0.047964090456979365,65.98421978164,1750496.0,,320,3
1358.9296591799023,261.6458683489931,202873.46018215522,24.810742433063954,0.18400106130101923,72.61950445241942,1716573.0,,320,4
1356.7480696981586,262.0254215655874,208306.85098039216,25.176965000557814,0.2186247877886105,72.80000000000001,1722550.0,,321,4
1101.733533021747,753.7077895203297,170727.41960784316,23.776741326163023,0.05577483153819229,63.878431372549024,1758050.0,,321,3
563.0847964285248,1363.762117038913,164029.10588235295,24.22155102675691,0.09327779596360021,68.1607843137255,1735060.0,,321,1
210.90682069364772,1563.9105994421345,135614.98039215687,19.449761609651684,0.23629278065969472,89.92941176470589,1510472.0,,321,0
210.886277927602,1564.2715966147032,134501.83526848984,19.910161311484124,0.2537789294181006,90.68235292389797,1504906.0,,322,0
565.4288014511136,1364.2791246875527,168269.9529091145,24.4099254148176,0.08585081360494322,71.14509802565979,1695455.0,,322,1
1101.169405226488,754.630492613857,180417.33329895683,23.174902742316497,0.051940605175184916,71.51372547656995,1713569.0,,322,3
1353.3536505444185,261.15256524515263,218805.8274092894,25.626834947606397,0.1635574751298337,72.98823528021056,1719439.0,,322,4
1353.6030251156492,259.9074439552654,206754.30588235293,25.414761970275638,0.20094889105773464,70.71372549019608,1744352.0,,323,4
1100.6769859431874,755.0508398929686,171372.90980392156,23.528963177008787,0.0592258469794468,68.90980392156862,1725488.0,,323,3
569.7106735608927,1363.233125590651,173321.50588235294,23.994874968506675,0.07901066473581188,69.99215686274509,1721481.0,,323,1
210.24832937901533,1562.580666743693,134272.0156862745,20.023812359150828,0.2953458539796867,92.0,1494418.0,,323,0
209.50260386332062,1562.9048659429452,128362.89021119624,19.279021486464565,0.2747240511919713,89.71401822265169,1501040.0,,324,0
568.9906838311603,1366.0531469809478,167623.34922640494,24.760634291802013,0.10663657244367855,69.65600601840029,1720303.0,,324,1
1103.8685183227296,756.2231129464591,175919.34307408333,24.54059671955964,0.0595066755328291,65.64440357755002,1753067.0,,324,3
1355.433778981683,261.4334041049862,211104.01400938816,24.83462412080674,0.16213697382545958,73.66760845925057,1703725.0,,324,4
1355.8318438880603,263.7576740322082,209845.1972425463,25.155037583481274,0.16872502758945207,72.21176375698957,1726376.0,,325,4
1106.5570661025824,752.5226128477591,176894.75061670542,23.124029653404307,0.07427989047430969,69.65882261406568,1715638.0,,325,3
566.6314672991455,1359.8696110920234,164531.58607328022,24.725235475760318,0.10354585421578494,65.6470579608996,1756134.0,,325,1
207.7533821046092,1560.71451834944,133255.86883719743,19.81486764456652,0.2580751428303789,89.71764587989612,1515380.0,,325,0
208.2886919029237,1561.442506356722,125897.29411764705,18.609021790697373,0.2624335520794884,90.0,1494548.0,,326,0
569.0711811232197,1356.521269903025,170547.5294117647,23.736581750805446,0.07945549673564624,67.76470588235294,1734857.0,,326,1
1100.4261758050138,755.6810411544,180139.41176470587,23.417301122653793,0.037654411012532724,70.58823529411764,1725582.0,,326,3
1355.8968649340115,263.8266333894913,214101.88235294117,25.328583037094255,0.1776285477865428,71.6470588235294,1725498.0,,326,4
1354.9688424289848,264.52942981491617,211050.1361920628,25.517134230127446,0.22642656878517606,72.31699572383285,1724019.0,,327,4
1097.0600160509532,755.4211326167323,168562.6419531417,23.528953398741763,0.051077914378089444,66.92020499817367,1745307.0,,327,3
572.5392977367954,1362.7690495234503,165982.61620022822,23.802096604933457,0.10015977329396465,68.71913524006007,1724259.0,,327,1
207.87200869234914,1560.8025435132756,122186.58010335895,18.934094245927128,0.22379907677862235,88.86715394918762,1521718.0,,327,0
207.90107478429212,1558.40638751203,129695.0140926169,19.610458665331667,0.25451696530495305,91.26998827704088,1496859.0,,328,0
575.7620985029253,1357.9946084523876,166607.0504582565,23.721675211098038,0.10634603252276516,68.90342988503878,1729953.0,,328,1
1101.609612112584,755.0772023110603,177888.81466137074,22.755494000891265,0.06004053809417396,69.98568271045822,1717758.0,,328,3
1356.025136413303,261.68310990043653,212290.74597392083,25.8326852346793,0.23646420724944145,72.87169024491011,1725531.0,,328,4
1355.34972906487,261.86913291884014,201063.24824069644,24.80923649289009,0.20428905793902014,71.72941078731812,1720941.0,,329,4
578.9342740852051,1359.7273716998218,179300.33089018,24.471938317679935,0.06342149202173328,68.51764612519939,1737644.0,,329,1
207.85136842228104,1559.0357181408945,122320.77088227199,19.928958380270398,0.285286092244384,84.93333217602842,1548868.0,,329,0
1101.5575175860379,758.4931192147176,175376.98192403186,23.304917684143735,0.0570680590865663,68.51764612519939,1732290.0,,329,3
1355.970392470668,262.6296470978933,202022.1411764706,24.78370480143375,0.20231328185345432,70.65882352941176,1722051.0,,330,4
577.2477431246466,1357.5866891481473,170376.98039215687,24.362340504935307,0.08306072895730342,67.80392156862746,1740485.0,,330,1
207.07039933664822,1559.9435474090642,126530.32549019609,19.35382091021293,0.25276193136014385,87.78823529411765,1524675.0,,330,0
1103.6476058816136,757.3559318838759,170373.4117647059,22.649683037035793,0.01695139437471939,68.87450980392157,1727495.0,,330,3
1355.3697845131355,262.45815864785294,209570.09502692387,24.460974210989843,0.19629250168665618,75.82299804126082,1697189.0,,331,4
1094.6221390872272,752.4386616181384,174436.7362804972,23.423555253185214,0.043988273486611607,68.99533471053117,1730886.0,,331,3
581.8176441607135,1364.5532260017453,172134.0169845332,23.872496008340367,0.06770358304913596,67.91728260567912,1734758.0,,331,1
205.8510399384655,1557.303888294692,128008.9849822372,19.35764509365102,0.27524026844122346,89.83767540433746,1512922.0,,331,0
205.77213548000066,1559.2516524258097,132061.3411764706,19.8331071264777,0.2368687137822208,90.64313725490197,1516058.0,,332,0
582.6983406214946,1360.4352701388586,172110.97647058824,23.743656327228877,0.025275149232559406,67.44705882352942,1740890.0,,332,1
1095.0855104639263,751.3281329325587,177136.67450980394,24.462256372140722,0.07494386137648569,66.73333333333333,1755078.0,,332,3
1355.1694981747812,261.4589136649514,202849.70588235295,24.48697016351893,0.18185069989924554,71.72941176470589,1724936.0,,332,4
1355.5031508375214,260.68295340246874,204714.0306073279,25.607625695521868,0.19237587456779237,69.94414780789961,1738766.0,,333,4
581.0745060536169,1362.8738022464324,171277.87309197604,24.314884644449943,0.06028076419429481,64.9481372501925,1762934.0,,333,1
205.92397981277634,1560.628907398596,133499.82554407974,20.751903149276302,0.27791464372768226,84.93217948102095,1555813.0,,333,0
1097.1346993210475,751.1435340509771,179545.1999912904,23.915297619407404,0.04221067793542886,66.7324267350879,1747720.0,,333,3
205.6314889517094,1557.4878982307912,137784.42352941178,20.69986713897452,0.27061077909285614,90.44705882352942,1517964.0,,334,0
585.6778385758503,1364.366001352681,173094.1529411765,23.829822491565483,0.07956458581258412,68.92941176470589,1729449.0,,334,1
1098.6223833796435,754.2170500631119,173650.69411764707,23.43986367881271,0.025074802246915762,67.83529411764707,1745996.0,,334,3
1355.7255212621,262.23222066880516,205559.90588235296,24.858373357426938,0.17118635659212705,70.7529411764706,1734079.0,,334,4
1354.4710362670155,260.74584266055916,206765.20392156864,24.937576178139675,0.1771148688526931,71.72941176470589,1732889.0,,335,4
1094.446223653335,745.8867064879344,172003.20392156864,23.17281731041081,0.10394369978925463,70.30196078431374,1721287.0,,335,3
579.8838299557813,1363.846673636047,164878.0823529412,24.392945349678094,0.08986722269121997,65.66274509803922,1740674.0,,335,1
206.73631446865153,1559.253181672305,135659.94509803923,18.581505607005628,0.22951652097081598,90.64313725490197,1493672.0,,335,0
206.08575813882885,1558.7559911506664,128333.8577070928,19.881418990940965,0.2743010045462925,85.86062618393032,1552114.0,,336,0
582.7322716138011,1362.0341626836441,171864.47366447837,24.09001251020059,0.08047109877994581,67.10116163954218,1747576.0,,336,1
1090.7220857411853,745.8660551338969,180477.9539618209,23.161091637775712,0.06037196923968853,70.70875097500145,1717065.0,,336,3
1354.1420759847933,261.6563795724089,209339.0294044285,25.375967367895193,0.19061852101271254,72.15178670918515,1716141.0,,336,4
1355.5555324040192,260.65529218291243,209414.83341754827,25.514781418693385,0.1837962845351818,71.4018701371147,1731048.0,,337,4
1089.1197070816813,744.4780905885981,178905.3191696672,23.74593757615311,0.04359569623048697,68.87756159691367,1733184.0,,337,3
580.9276126117854,1361.714374032111,176742.34736622067,24.325396407413606,0.06663146359014002,67.79571507968465,1743042.0,,337,1
206.60363550042428,1559.8456755828518,142797.9704261375,20.344945185916927,0.21938516433970612,91.9569539644659,1504258.0,,337,0
206.57395958079542,1561.4455796150608,124560.08627450981,19.735622035619702,0.29711160970961076,88.85882352941177,1517960.0,,338,0
580.6301379699224,1361.9021137929797,168977.72156862746,23.994471749253446,0.11426391280778724,67.80392156862746,1728709.0,,338,1
1089.4627944669269,745.3927075157236,175042.96078431373,22.855165312505676,0.03410874714793862,70.65882352941176,1715510.0,,338,3
1353.551449147339,261.43331508306204,204011.65098039218,25.008311121457023,0.20622577582550594,71.72941176470589,1732645.0,,338,4
1354.2111593018626,262.1696593821806,211120.80512672086,25.071264808951177,0.14924259634987455,74.09377262079273,1703129.0,,339,4
1092.7253050195711,743.552973776121,181853.76494150775,22.898698985753185,0.026046086153180686,74.46239835522454,1691335.0,,339,3
579.7791010161286,1363.0909521814388,174204.41232631335,23.58468840003556,0.07383620811314898,69.67026380761108,1714665.0,,339,1
207.60507758573084,1561.1786349329063,133508.868496511,19.511572195891073,0.2552433489479856,92.52505934238296,1485255.0,,339,0
206.67198462146723,1560.4923475439339,129431.80645250065,19.72460366930718,0.2501796093850981,89.6417915416302,1508109.0,,340,0
576.5266235445259,1360.6443095265727,173341.46164945554,24.490031175878865,0.06898882624998467,67.40780387579278,1739975.0,,340,1
1089.5002277840886,741.5300088129565,177402.16422220357,22.576673413024285,0.024045083071154695,72.70161046289692,1704927.0,,340,3
1353.7391282667559,261.3488162970867,212327.1708795253,25.98151929440254,0.179346523207394,70.58408782805527,1726496.0,,340,4
1353.3435124060056,260.92197861810536,213797.89002326218,25.69740561504647,0.18206970472299383,70.30184080350298,1744577.0,,341,4
1091.9241391723144,743.4347355659824,172497.16443081645,23.215923435914977,0.01797946743136704,69.94497866744459,1715900.0,,341,3
575.3751439186707,1362.6225472584003,174812.4859695633,24.190417806243694,0.06464747258160358,67.80380585109424,1735584.0,,341,1
207.68336621355024,1561.624792584385,132049.69620568634,20.224376330080183,0.2919720230865372,85.64691265401378,1542067.0,,341,0
208.40948812681407,1561.8953455652074,135354.68274544892,20.223525340860974,0.30119937875071945,87.10808751850122,1533286.0,,342,0
580.6331043530316,1362.9746154531983,166130.992792269,23.78091759531118,0.10658883954368174,67.71154981195237,1730571.0,,342,1
1093.141364431678,738.025585654987,172130.51823706555,21.254228517001874,0.05287052185401073,79.70213675781893,1632253.0,,342,3
1353.8505252247069,262.1912696802025,210265.8746897503,26.15685282447814,0.16923371027438897,70.18020006551313,1727385.0,,342,4
1353.5482698399805,262.1221570140525,208542.1833915556,24.451044685732803,0.18148511267310247,72.69868711359159,1719399.0,,343,4
1092.5096239731283,737.8279153929055,168312.988542882,20.926386415942492,0.06522299359241639,78.69809333170352,1641089.0,,343,3
577.6488716226849,1368.5711164835254,172687.9673008781,23.99482102755614,0.0753284988206502,68.81671838422506,1737119.0,,343,1
208.51612659566433,1561.5730282822396,130819.52292966745,19.82747546876403,0.29136086888798257,87.87365578293353,1517954.0,,343,0
209.82503971765811,1562.3785999125678,133876.34509803922,20.01964279784782,0.27632213633673874,90.64313725490197,1502200.0,,344,0
581.2188875911672,1366.451851493967,169883.7960784314,24.402694885239303,0.07060984203656148,68.1607843137255,1727941.0,,344,1
1092.992187516581,737.73189662308,168142.66274509806,21.727186149467062,0.06616212600800231,74.94117647058825,1684391.0,,344,3
1353.6946289380687,261.8724726362637,199338.53333333335,24.265098803122797,0.14915888739453587,71.72941176470589,1727347.0,,344,4
1353.5995421725627,261.95648286340474,207661.0823111508,25.0858670181655,0.20829670552001678,71.54901959344438,1724553.0,,345,4
583.3507775532489,1364.2517352177024,166844.63526054128,23.816027367750817,0.0824268602289426,68.75686273126118,1728890.0,,345,1
209.35342696319188,1561.216053197947,126491.68624905421,19.903163766821653,0.3035983543111744,88.99999998208935,1515443.0,,345,0
1092.8514097962898,739.2262022948996,172616.37251428174,21.54781265694366,0.07655691028205995,78.52941174890238,1647928.0,,345,3
1353.9195605387863,262.25968301492253,210238.74471732968,25.349855912421024,0.15567985318838123,73.50805431954105,1707974.0,,346,4
582.4109779050737,1366.288956628478,174421.05316209543,24.699285772587455,0.10022407889044103,66.72818523181638,1755715.0,,346,1
208.85558479793025,1562.1424218262111,127992.50964935697,19.143903484260587,0.2766132598303121,89.92247421613759,1503916.0,,346,0
1091.4223406692995,738.3240018413887,172857.0444141219,21.773435488596945,0.07123089367530641,77.79007690126188,1641551.0,,346,3
1355.245823960178,262.41231424311883,203468.84265271263,25.460386116934906,0.18097440838950044,70.69511702471974,1735275.0,,347,4
1090.8995662622356,727.0369330862561,159996.75602309863,21.438535275294807,0.06499873285066562,78.99097259394705,1630771.0,,347,3
581.4984219434382,1367.7817895482372,168567.0962048556,23.410654596541974,0.059916782174576765,65.64546580866832,1747155.0,,347,1
207.90494474964356,1561.3854944225448,137615.9804548136,20.93471294108238,0.2673038209239729,87.64751753574947,1542120.0,,347,0
209.9199240506996,1561.925828292431,134021.292297848,20.851420904427673,0.30367700013395554,87.8823517478719,1534004.0,,348,0
576.9330769393318,1364.1364178095218,167022.35067327478,24.306380763216865,0.057580761968675946,66.70588144717988,1743209.0,,348,1
1084.6351028205052,720.8501137544067,151875.17440836146,19.94856351747719,0.03900767494936615,81.8823518293425,1614461.0,,348,3
1354.524252046494,262.5955044819804,205961.99720335894,25.688425541977118,0.19377138290286364,70.58823433564008,1737492.0,,348,4
1355.222727016149,262.090926196125,206334.7696147652,25.625740594560586,0.19447481226627195,71.64683584602797,1716723.0,,349,4
1085.2334540095046,721.3087541646597,159005.50514701963,20.978053415633024,0.08369822209346332,79.76445764139075,1626817.0,,349,3
576.4231712541834,1366.0923567604038,170526.1751750297,23.66178961650092,0.11243166149337504,67.76449498737621,1732945.0,,349,1
210.40857939610657,1561.975673475923,132259.00015153346,20.323156522097037,0.26002796962910496,88.58795959287202,1529280.0,,349,0
210.46864606259865,1564.020250897036,133319.4579127538,19.961597224596307,0.2644776916111469,85.91719433163274,1542401.0,,350,0
582.4706973555967,1366.2494628723211,169954.03989749055,23.823200679023717,0.11351403784024512,67.35034301420363,1741829.0,,350,1
1087.8339997393814,722.4502207255711,159245.69941414037,20.69501982458845,0.06951789788031126,81.91257934159901,1611006.0,,350,3
1352.859235199206,262.37630183818936,206904.2583546236,25.83618415075036,0.21085169411652402,69.89873437149782,1738615.0,,350,4
1353.6343489929247,261.2647774404294,210628.9568627451,25.222959399731018,0.16792432280338762,72.80000000000001,1722933.0,,351,4
576.8043164984718,1361.009898705554,170126.81960784315,25.1151761244878,0.09773256922480023,63.878431372549024,1772467.0,,351,1
208.7885755221669,1563.5316269162463,131012.87843137256,20.33964927229087,0.26486428870204554,86.71764705882353,1528029.0,,351,0
1089.2484943904346,721.747583868233,162063.86274509804,20.574014867041328,0.09734225487651942,81.72156862745099,1613135.0,,351,3
209.74528137897005,1563.2525541674142,130080.37561593294,19.35456854978767,0.25817065618227136,91.90588174910029,1496661.0,,352,0
578.7643568968529,1361.9861202466266,169113.0224183038,24.188286973194412,0.06618427852082388,68.92941131182522,1733312.0,,352,1
1087.4514130932264,720.2942345268273,165745.69302866317,20.920142755373938,0.07323451127958207,82.78823475018162,1597716.0,,352,3
1351.0860289057123,261.38241053825004,219385.90444094164,25.627308407256333,0.14657968037099048,72.94117599134944,1726497.0,,352,4
1083.463899968628,719.8366243893694,159253.56752678117,20.417575733318504,0.079262633390437,85.2901954889542,1575167.0,,353,3
1353.569014269972,261.1842014983817,205965.47308628808,26.002632770378,0.1895402540729592,69.58823481316347,1736563.0,,353,4
577.5851281822603,1357.9144757936938,168057.72825024556,23.616675464947388,0.06418826851781873,67.80392110000543,1734448.0,,353,1
208.03594490666293,1560.9591610151717,127605.19519649706,20.180674722243147,0.21732877360601402,85.2901954889542,1551720.0,,353,0
210.10699426977405,1563.4035049572685,137440.4170784994,19.597026086970402,0.29313424363957635,92.93335690217077,1484396.0,,354,0
578.2771204326046,1353.9455663104006,171993.0391747265,23.890786259304555,0.08107449014714851,70.70224015302404,1716242.0,,354,1
1078.7320227488608,720.5764239079465,151552.43843522825,20.134112442771553,0.0631980532498837,82.72890986977555,1580634.0,,354,3
1353.1952959144446,261.8194071667781,210465.99115407772,25.33939940487335,0.17812614423918618,69.97335107928153,1752933.0,,354,4
1351.7330521992437,262.49760036539294,204706.81956755268,25.236745975706466,0.18127588534838696,69.94509802544907,1734210.0,,355,4
1075.797856929391,719.0004813582058,156428.28624372155,19.96993694613602,0.038694366101096805,83.86274508153333,1595159.0,,355,3
580.1523101535051,1355.2519336968735,164848.81957539756,24.12807542721398,0.09024629354710269,66.73333332019887,1742223.0,,355,1
208.33997976858288,1561.947073747302,131940.00781716878,20.322879757419354,0.2910444399146837,86.71764704175574,1543222.0,,355,0
209.26817302284024,1562.4091651618355,136974.9568627451,20.08205164829168,0.256390784619431,89.94509803921568,1521404.0,,356,0
583.5707150136252,1367.7324937409908,179778.5019607843,23.762685894444445,0.06190870080137669,70.7764705882353,1715681.0,,356,1
1076.2466644919264,718.9399119230142,158203.8431372549,20.074977187773793,0.09003036942396442,83.67843137254901,1573345.0,,356,3
1353.481078564322,263.1922150897033,208223.63921568627,25.555758139396545,0.1602401940259605,73.35686274509804,1720516.0,,356,4
1353.492390295362,262.73700386216757,217698.53725490195,27.20622604244813,0.19635410320453708,69.10588235294118,1735764.0,,357,4
583.4608293632343,1373.289616958411,173406.55294117646,23.19251512915704,0.06584025334385323,69.80392156862744,1712047.0,,357,1
210.15267464373937,1559.3292953420919,141146.67058823528,21.214563895289736,0.2896868059635561,86.90588235294118,1546372.0,,357,0
1076.7328593480636,718.5138781534856,154879.19607843136,20.14134457831469,0.11167393793109842,81.67058823529412,1590717.0,,357,3
209.99199589401425,1562.1986501571823,136004.21568627452,20.385262817595127,0.2831028089298352,85.85882352941177,1544466.0,,358,0
585.7890112904332,1374.064925032976,173050.2039215686,23.010700552812043,0.056559831024652715,67.70980392156862,1735857.0,,358,1
1074.5138685796796,719.3723613944214,152280.74509803922,19.192274376705008,0.049475218605859815,84.81176470588235,1575021.0,,358,3
1354.0127507386098,263.1733417617113,206498.14901960784,25.20826946925517,0.15406990119806138,70.85098039215686,1739775.0,,358,4
1351.767583747227,263.1474521003907,214450.68218803074,25.101258614585465,0.1626108030179075,72.6470308698906,1719902.0,,359,4
1076.6413485935418,719.189093788219,163274.76070339352,20.75565393329693,0.083079308234583,84.56859491007778,1575381.0,,359,3
587.6657334088724,1374.8128236208645,169656.5229536562,22.699311412172975,0.07032569391379061,69.66663985984381,1718285.0,,359,1
209.997798796601,1562.761892923187,133367.28201532643,20.16753760932489,0.27490075742891174,88.66663254889211,1513019.0,,359,0
210.9972059863398,1562.5374649424116,134748.87450980392,20.180407051528068,0.25859350254495395,87.78823529411765,1524493.0,,360,0
582.433909560996,1376.2064867480044,172601.30588235296,22.729909558024442,0.06207756607867983,69.9450980392157,1716616.0,,360,1
1079.433410506948,714.8919133388271,163695.0823529412,20.803759408837717,0.07540358775594795,82.7921568627451,1591995.0,,360,3
1354.7804753017294,262.90534610758573,215107.9411764706,25.264641814214993,0.17408825278444065,72.80000000000001,1724255.0,,360,4
1354.3332124541998,262.3903244236289,208624.08399459076,25.378597579903104,0.16459008665834501,70.30195473008212,1748418.0,,361,4
1080.232518360701,714.6475200062357,164819.18580617665,20.39077065160192,0.09267165965666008,82.79214973288857,1592889.0,,361,3
579.8702974939505,1376.3310886620727,170481.88335773474,23.100239471198055,0.07738309185535425,67.80391572952081,1734452.0,,361,1
208.49409910679654,1564.065743897709,131565.6474934191,20.646078862029643,0.2469379094345322,85.64705144781577,1545993.0,,361,0
206.81325825131557,1562.8739183565626,132510.77552340497,19.94626343275831,0.2724679864796185,87.89411701879416,1531865.0,,362,0
577.1697128270581,1373.3302084662837,171448.23406861053,23.453657773689088,0.06975947607112486,69.65882303149247,1719188.0,,362,1
1079.402230613339,713.7729127475304,160524.56355845733,20.27085428330877,0.13146371751765598,82.7882347023497,1591183.0,,362,3
1354.059504785726,262.281950882208,220466.89254175595,25.89460699305969,0.19658394518757275,76.58823474666711,1679367.0,,362,4
1353.8617217906624,262.33857131416676,218135.30746403374,25.673896714979453,0.18975841369128693,73.71914771347981,1716632.0,,363,4
207.1283885448065,1561.50891281636,139786.178018331,20.243539247969593,0.24077884230405724,87.69434159281248,1530188.0,,363,0
1076.9260425156956,712.7983324154643,158600.98153807656,19.59666863889071,0.0342605957791113,85.59806251091257,1576972.0,,363,3
581.9433195422646,1373.105610223482,167371.81321674577,23.77206207508421,0.10818776028011365,66.03279107984685,1746668.0,,363,1
207.94722593507169,1560.3403694977458,132882.58101335296,19.89040137545243,0.2604966851333596,89.93604829464488,1523931.0,,364,0
579.1503551953208,1371.4227400422756,179624.8665318438,24.49064432078348,0.07055903099006737,68.86316668585779,1735396.0,,364,1
1076.2926705119983,713.7070099313638,164860.30255323005,20.226441019491396,0.06238248587377876,85.79673226434741,1576380.0,,364,3
1353.8472082921135,260.9598727292021,219860.14725070706,25.151900020556763,0.1598043878708482,73.75508563075479,1716806.0,,364,4
1353.4941859156686,262.4850281053027,208406.69803921567,24.94744401730486,0.1976185284953481,71.79607843137255,1726434.0,,365,4
578.1742037702872,1373.3411573022008,176703.85882352942,23.889932109441773,0.10029918945977372,68.90980392156862,1728353.0,,365,1
208.10531296792288,1560.3087473901764,136858.47843137255,20.019004062436643,0.2548416115059459,90.91764705882353,1507434.0,,365,0
1074.6802269224756,712.9271100886695,161533.9607843137,21.701334767071437,0.13979042570414207,80.09411764705882,1614157.0,,365,3
209.46745544886272,1561.81780005537,127838.33328512985,19.677979855605063,0.26064730921627194,88.29411761376612,1524362.0,,366,0
580.4441779989634,1371.0671894255315,173223.74503272242,23.602257458245678,0.11308925343871457,69.66666664039774,1717301.0,,366,1
1073.9528043902892,711.074776764952,160210.98033174674,19.962906316282933,0.048565342765625776,84.19607839962507,1583755.0,,366,3
1353.7273150450155,264.94363276662824,211286.70580268392,25.12424388245041,0.15198726894125042,71.52941173773458,1728376.0,,366,4
1352.534125685253,266.09106929124516,204534.3727805954,26.005688960261864,0.10862436669522452,68.87448215054265,1755198.0,,367,4
575.8574923773749,1371.7585863757013,173571.1891340056,23.784898472917778,0.07151936531939429,67.4470317432775,1735707.0,,367,1
207.8462192582101,1559.1921443766328,127996.97998125172,19.766082359387276,0.2503772584747971,88.8587878522545,1509598.0,,367,0
1074.7891027645037,710.4055357063106,159810.2103453679,20.22450381807057,0.04774787254454708,81.72153581592883,1593146.0,,367,3
209.76084021181416,1559.0195376251922,118902.06547441195,19.168069920678658,0.2753747459337695,87.25450682937156,1524767.0,,368,0
576.1292452055801,1368.042619466274,161572.3114581932,23.460581817063566,0.0867516627927643,65.9644071630049,1748966.0,,368,1
1072.4494882273545,708.9635197960408,148944.1411937919,20.336099587266368,0.07611349753630324,82.01923641960927,1587359.0,,368,3
1354.017313757853,268.2273100420833,201947.06587630732,25.983403991677793,0.14580154336648632,65.9644071630049,1773368.0,,368,4
1067.9119470581604,706.3475015527573,159677.9988523574,19.95474062077481,0.04274590980745163,84.70588174414048,1574333.0,,369,3
1352.5563507442612,269.1336255289401,219111.88077813358,27.11336588688145,0.14044917048626998,67.76470539531239,1779320.0,,369,4
577.819537647976,1371.792427810237,175664.46932569426,22.78287050335154,0.07434203747947973,71.64705830858549,1706346.0,,369,1
209.04234847043404,1559.3187036214879,133555.7637459863,19.78949793062279,0.297524225972386,88.94117583134751,1519915.0,,369,0
210.45161580082004,1559.0657310732552,138045.5529411765,19.679703584830605,0.28617181254705304,92.63529411764706,1476067.0,,370,0
578.1248761191184,1372.486784293266,174064.27058823532,23.10103183441518,0.04956659994147939,70.7529411764706,1720130.0,,370,1
1062.1807311575028,705.1731509449093,163728.1411764706,21.21486072948992,0.1256789497579001,83.88235294117648,1583720.0,,370,3
1352.8050657599065,269.8929440595613,215047.00000000003,26.299062638672506,0.0972488051152089,67.83529411764707,1763286.0,,370,4
1353.4478944497612,269.96055584044,220920.5019607843,27.55238330266983,0.10397556385517377,68.54901960784314,1763385.0,,371,4
1058.458403772382,703.5833760181144,164115.3725490196,20.416807733081264,0.10681305761364038,86.58823529411764,1558812.0,,371,3
580.1155192682003,1371.0137833422195,168490.96470588236,22.992945162238726,0.07147457082495563,70.71372549019608,1713248.0,,371,1
208.64549164869638,1557.681841474803,138696.6745098039,20.18732181605656,0.2892018130295485,92.0,1496885.0,,371,0
207.68325829396994,1559.983923692158,131748.46385329287,19.474364247915595,0.2700139225912295,88.9040155652385,1520354.0,,372,0
579.6307125246493,1369.2748158733648,162414.8838125072,23.311691067501922,0.07744220758615844,66.67801167392888,1743427.0,,372,1
1054.6065280336932,704.0396191217368,159183.73295171812,19.81073955334126,0.10174921938205415,85.98912980900117,1557768.0,,372,3
1353.4718055844314,269.15849396576476,220817.89918519784,26.81222014643845,0.11314532186042234,65.94929023486955,1785474.0,,372,4
1352.7719823121538,268.16781755924194,221583.0573240812,28.072721372336353,0.16408862452543918,67.03003821528159,1774479.0,,373,4
1052.1240358934817,703.0080950305631,157024.00601494513,20.168832906817794,0.108853091309219,83.17339820430229,1590872.0,,373,3
578.8908881068986,1372.9733198045878,173628.5045914783,23.911480885936374,0.06381798492667161,67.73192343219554,1737273.0,,373,1
206.75314629007042,1559.091452861856,134240.46093131008,20.24052851967427,0.2555916828566464,87.73565211424292,1538063.0,,373,0
208.7967578509773,1559.1523278184961,130066.23529411764,20.37645166296931,0.23563041597410264,86.8235294117647,1537964.0,,374,0
577.6650322585762,1373.0885534596182,178010.11764705883,23.813764338610792,0.08099993577594188,69.88235294117646,1726647.0,,374,1
1051.8325584115566,700.7444557664752,156903.88235294117,19.46406288277607,0.08125234453991372,85.76470588235294,1565288.0,,374,3
1354.478577970924,264.61073163918877,217329.88235294117,26.245121905755035,0.12474645244448475,67.76470588235294,1766710.0,,374,4
1352.9087856944966,264.7796289526445,215088.45624145598,25.451982002433343,0.1462127403362071,69.46265162559337,1755381.0,,375,4
1051.4651057001263,701.3998706179251,154250.8092930892,20.921845646555827,0.10318735073262159,82.86153874119005,1597287.0,,375,3
578.7404922480064,1374.6968510153154,171957.43861635023,23.531784383283103,0.05318403322527182,68.75744704056196,1734689.0,,375,1
208.98028463870224,1558.6070397203027,132721.97111895797,19.67682713047858,0.2774925929636532,86.74016395886278,1533814.0,,375,0
208.87561956493354,1559.2736035306714,135151.75110247484,20.121007548529306,0.240205698072292,88.94116751840717,1525399.0,,376,0
577.0668566472049,1376.123842625741,172525.39439953506,23.076623607783638,0.0833044575721878,70.9411693301581,1714062.0,,376,1
1049.9023186997326,699.5483383850379,161972.1013441069,21.23106240012488,0.08961466854573302,83.64705040421627,1589479.0,,376,3
1353.8969269171032,262.8605601801618,211104.33169292606,26.35693806802001,0.13577860669780237,68.82352248448174,1748925.0,,376,4
1353.0969480204978,264.06628428015483,208412.47058823527,26.365853609380324,0.12766838853883672,67.05882352941177,1765689.0,,377,4
577.1579796804422,1376.7003074433978,177134.47058823527,23.21317382192507,0.053179090863505606,69.88235294117646,1726180.0,,377,1
207.2717525773196,1560.7040263107963,139508.82352941175,20.53328237964886,0.2696710730482205,87.88235294117646,1538286.0,,377,0
1049.130355982554,698.7782937785089,162410.47058823527,21.009459992558625,0.12231085094015566,83.6470588235294,1593291.0,,377,3
206.59047730675178,1558.7048945385964,136909.85882352942,19.644315760823304,0.26868538591233737,92.63529411764706,1483182.0,,378,0
578.0678226205106,1378.411102795055,183706.36470588236,22.759750300326935,0.08333761425879149,74.76470588235294,1675910.0,,378,1
1048.9653687358464,699.4713650404086,155734.1529411765,20.217880652807278,0.12330727796257863,85.70588235294119,1571598.0,,378,3
1352.8528148507232,262.85216228401737,215168.44705882354,26.53517670217575,0.15166245527708824,71.84705882352942,1722739.0,,378,4
1353.9861348534387,263.2023875228779,208050.23921568628,25.377902857155064,0.14450195652532183,68.75686274509803,1749686.0,,379,4
206.28026605416787,1560.4532305058433,131288.61176470589,19.818985168133963,0.2599417414938637,87.95294117647059,1532739.0,,379,0
1048.4267332013806,699.437857341227,158349.4980392157,20.690159506069566,0.1473486945052278,86.90588235294118,1557442.0,,379,3
577.679887098662,1377.436460378039,181896.10588235295,23.53070387196523,0.04212512243876898,71.2,1711583.0,,379,1
206.04834074704632,1560.7188297182788,130923.39392102847,19.598553791457174,0.2709876793902423,89.96068728734336,1521059.0,,380,0
576.9614507767764,1376.1084200754183,177329.63266886998,23.17486644120256,0.06784891578841211,71.7500218445613,1711553.0,,380,1
1047.1196495545914,697.2098283966648,161006.32059257786,20.696916785920518,0.1039061617581349,87.41119412535387,1547991.0,,380,3
1354.8963761773884,261.7522268228727,213483.2667724252,26.375209262780967,0.1921097073799006,67.74367544714926,1765014.0,,380,4
1352.9149409530837,264.430345948456,224389.86592679267,27.934245905854713,0.1439803324723112,72.08200876752423,1720721.0,,381,4
1043.7458944002863,695.4744496987178,159599.2021352428,20.257716807994104,0.11291331928039569,87.42619875269027,1551061.0,,381,3
576.6506203257799,1376.2854929630043,172056.90019505983,22.91678905157649,0.0452189133692931,70.65464225727622,1711958.0,,381,1
205.4785632563782,1560.4219339390995,134426.88004376413,19.982329809216463,0.2715384177230471,88.13988200781428,1523487.0,,381,0
206.3692849714198,1560.4512954467887,132791.3462617007,19.724778544851713,0.2783318839646053,90.99917308742198,1504312.0,,382,0
575.03189947035,1377.966569737252,171810.00738407572,22.657009396081378,0.06122200049829599,71.0150409584195,1707647.0,,382,1
1042.5084262908072,692.6594604314209,164723.13452782822,21.019242714516736,0.08877112239792215,87.78743756668943,1560821.0,,382,3
1353.2145711893072,262.99018735324546,217331.00549792495,26.206429669899997,0.1813073189203719,68.87388394459781,1767323.0,,382,4
1351.8579111674342,260.6003736558863,212386.319168201,24.88595209668466,0.15169182001293666,75.49354527970549,1690166.0,,383,4
1039.3163455802126,693.7043509426173,160778.2751493832,19.577436699872493,0.14043861505305516,89.71696685414275,1529270.0,,383,3
573.0895886238654,1379.3185618745442,186555.49147967104,23.577384407489664,0.11938734665209597,74.76413904511895,1682775.0,,383,1
204.69257633234514,1559.1817581512805,131999.5521637718,19.92766297117309,0.25060949534670074,89.35226373684948,1520152.0,,383,0
205.0042637109308,1559.9725248761995,127352.05288508299,19.22261763218621,0.2350475830331998,87.65795622400984,1516324.0,,384,0
574.4418284253197,1378.3167385961638,175223.38460533877,22.77323455846535,0.04035293019882182,69.56980652699194,1726598.0,,384,1
1033.5638360085036,688.7042039046249,151678.52713337625,19.48919872831279,0.08161170353695626,85.91871106083504,1565949.0,,384,3
1350.670002458311,259.2705934772811,203758.83214851507,25.19139912710321,0.17479353963567948,72.35259878807162,1725906.0,,384,4
1352.588413077179,257.63189765938927,198503.7651849852,25.070243693719096,0.16029289970387334,74.31611898805606,1696638.0,,385,4
574.4981342935696,1378.8480997971653,174123.0275468745,22.008289347274815,0.03495831139200483,73.2338454105601,1693075.0,,385,1
204.7006615186212,1559.0408945903753,138191.1840161494,20.09808045179962,0.22769357751573624,89.82870693216485,1519435.0,,385,0
1028.003659902786,683.7220544223634,156825.4097156157,20.06071370338023,0.07912426782682909,88.74643335466888,1536720.0,,385,3
205.20344390931947,1559.7676436120148,140471.88856601348,19.50557820092962,0.25329968154890786,90.96512956818823,1505627.0,,386,0
575.3069058165711,1378.6382148822058,177505.37641669315,23.34695459381519,0.060270871118850794,69.97317659091402,1719245.0,,386,1
1025.6096283759348,680.557896589468,152752.9176174725,18.732475098162894,0.07045682616590337,90.22856981459967,1517533.0,,386,3
1352.405488318249,257.84598680979445,209963.72335795738,25.03616177187415,0.23026011185871584,74.76081498923972,1695043.0,,386,4
1353.2538196207888,257.927487162124,200143.0587836995,24.24886475148463,0.18269233307382016,74.82352939687428,1690334.0,,387,4
1024.2843419284918,677.2332129711481,141338.11761893152,18.846640370316166,0.0735741833019852,89.647058805689,1536141.0,,387,3
574.8371210942282,1379.9312517766477,170098.94114261965,24.065861514149894,0.018102377262673455,66.70588233966622,1745310.0,,387,1
205.48197419084994,1560.1623368475439,143451.1764420404,20.62204088259076,0.26313429023485657,85.76470586528514,1546106.0,,387,0
205.31603016476953,1559.770648816196,132643.50588235294,20.24755668668627,0.23872720654738738,82.71764705882353,1568811.0,,388,0
574.0079318803281,1378.8724987936303,173588.39215686274,23.01412334483303,0.04875425832348134,69.45490196078431,1729600.0,,388,1
1022.8679651927331,677.0423800573703,159512.78039215686,20.62929076928812,0.13409688130002612,86.90588235294118,1554728.0,,388,3
1351.5833473043017,257.400914399877,199854.21176470586,24.252343318675482,0.19722403955337603,73.64313725490196,1714391.0,,388,4
1354.0574838001357,257.0591024210126,198153.76997264804,25.66815030244648,0.19492998338746054,72.51732464091243,1714312.0,,389,4
1020.5788860795474,674.1145737582036,157388.93160858488,19.425548619576148,0.08104692224541898,85.86628489819482,1562308.0,,389,3
574.0868070468135,1373.2965224321913,174728.50941737538,23.939265400792166,0.08421639976088488,66.74480128641194,1742012.0,,389,1
205.4349425002389,1556.4795064291784,139701.92005039536,20.236805654671915,0.2711823828953202,87.67019844647622,1538086.0,,389,0
204.4808471095107,1557.5312834944586,133692.0,19.460199764085218,0.26639659024531886,88.94117647058823,1521973.0,,390,0
574.440087305213,1377.6559118826456,173832.35294117648,22.621935233483754,0.050891578415096034,70.94117647058823,1707675.0,,390,1
1017.9546017592265,673.2799468743991,157850.11764705883,20.171535553008564,0.08417483152761375,87.88235294117646,1539586.0,,390,3
1353.464411211345,261.60380959477334,208414.94117647057,26.279313074101406,0.17614206160509668,71.29411764705883,1723494.0,,390,4
1354.3429636468989,262.5685839604815,207485.16178733174,25.530320936948513,0.1960155571229777,71.70640614313538,1737540.0,,391,4
577.2574998391456,1376.2129411433534,177426.62117836578,23.34273036341445,0.07552645369529838,69.92266469678873,1723964.0,,391,1
205.14735575733744,1555.1921395333093,136999.54829007603,21.081461615417513,0.2795418497201411,87.76007916025524,1532170.0,,391,0
1017.0109545676775,673.911535224505,159802.18544359307,19.754422651041647,0.09348243833946844,88.47357573879391,1533339.0,,391,3
204.53836434331328,1551.97280955299,135949.3796646787,19.988117324917607,0.25499527964983204,88.83749315137923,1530278.0,,392,0
575.6536220322229,1375.158779330917,170040.1225759893,22.693429027083294,0.0747140189798615,68.93199676061376,1725861.0,,392,1
1016.5797029811727,672.1746106021661,167792.27596504692,19.536352751887854,0.07530138783285754,90.6805946690427,1524032.0,,392,3
1352.2923629577951,261.37196743429973,216107.70776938065,25.339836940129036,0.19080846633107137,73.72406070653878,1717617.0,,392,4
1354.0083789779983,262.06446924910136,212061.52156862745,25.195919169235655,0.20173920684279045,71.89803921568627,1722405.0,,393,4
1016.7209274263437,670.8654670150659,159082.7882352941,19.55641996295227,0.04486668146654955,89.0,1533825.0,,393,3
575.7686787624802,1370.4487284595657,179225.40784313725,23.557646604750968,0.09971651555180741,71.89803921568627,1708156.0,,393,1
204.79400481410488,1551.6272783796126,135283.83921568628,19.384105458592966,0.2597316983557753,89.0,1518555.0,,393,0
202.92339058248373,1551.3541822379568,135640.10980392157,20.276912263889475,0.28679405006911557,88.75294117647059,1529909.0,,394,0
576.6090383693961,1368.5516051204424,170174.02352941176,23.307035025727217,0.06992060815335585,68.18823529411765,1738035.0,,394,1
1014.5578621917923,669.9822610801712,162667.90588235293,20.119306503983918,0.08578285340675577,87.67058823529412,1546389.0,,394,3
1352.1225631430596,263.5540586511893,207866.60392156863,24.768131371756585,0.18145901607814552,72.87843137254902,1721864.0,,394,4
1352.0354953927324,262.6618970468735,218943.78085941498,26.066790480665556,0.15951527908942875,73.67044732116112,1711041.0,,395,4
1010.4713375373088,666.8885717701866,166361.13073169964,20.63974062128113,0.05967437178078808,87.66783231218174,1544422.0,,395,3
577.9032181361719,1365.997695528374,185896.69160008852,24.500322141477895,0.05945794242541708,68.88186824528566,1732747.0,,395,1
202.65050523905865,1549.8402423390605,134184.4578074727,19.790598695856737,0.25666281737461266,85.82607112915271,1554127.0,,395,0
204.47687602421232,1547.4207623605616,131528.62352941177,19.92933525167403,0.24928308140370542,88.62352941176471,1522589.0,,396,0
578.3303016935578,1365.2507912823755,179407.2117647059,23.36707217609615,0.03284373417785923,70.7529411764706,1719509.0,,396,1
1011.9760886528338,664.547566185695,169195.0823529412,20.3293751447744,0.10421294612625877,90.44705882352942,1526043.0,,396,3
1352.2718730786007,262.03345928078573,208200.7411764706,26.226529345982534,0.18043171674003736,68.92941176470589,1742719.0,,396,4
1352.7398270296121,262.89106781749217,208004.53958089626,25.304853583523517,0.1650032354346755,72.4474434029873,1715507.0,,397,4
576.6807753124615,1359.6565316520625,178480.5844364908,24.376784360548903,0.04575557104555591,70.64526819395776,1715173.0,,397,1
205.4371397055037,1546.8305115063868,132989.3569400837,19.424963069647678,0.2966052350639182,91.91093566050628,1495537.0,,397,0
1010.5534918341052,662.2192843089459,165609.80952864367,19.718551110023487,0.10197805094180987,90.82963053508855,1518933.0,,397,3
202.70109595232043,1544.728627517442,130498.18498447243,20.416230411071222,0.2972237326245105,89.57167175444681,1517968.0,,398,0
577.7933727752426,1358.4188488866475,179809.0490199575,23.762915218779,0.0597149905403244,69.66685580901418,1723217.0,,398,1
1009.2052768813235,662.5508162509351,152252.30577431683,18.674888143490218,0.09129166748305895,93.62635648407198,1498367.0,,398,3
1352.0629676919966,263.01045487609133,213340.18591084954,25.770914433138795,0.19172806415581992,73.35293283594615,1718720.0,,398,4
1351.9320585235405,262.64882618645595,202927.40307680177,25.648205284154965,0.17083215156764534,70.26825075899573,1731616.0,,399,4
1010.9438796127176,657.9040430046944,150648.520237364,20.04520572924864,0.13045332867773188,88.70497001754413,1526090.0,,399,3
576.3544782703684,1362.377476724254,165593.7423034963,23.93011161696781,0.03852847900676097,63.6588608361199,1773289.0,,399,1
201.45272490895437,1548.0915355151985,129236.87978826642,20.691064576704235,0.261548303759656,85.92206899738588,1553459.0,,399,0
200.08551007855746,1544.6350749890353,143551.70588235295,19.956581010330424,0.2651124800086902,92.76470588235294,1495333.0,,400,0
579.3270954412046,1361.4086432532654,179230.35294117648,24.55404819810172,0.08067826467363982,68.92156862745098,1734534.0,,400,1
1009.367028658395,658.8802254494802,144426.07843137256,18.088661859818874,0.10842658070389234,95.0,1470461.0,,400,3
1353.210185809391,263.3547956203988,208340.21568627452,25.095349481387704,0.17824555148218788,71.90196078431373,1726800.0,,400,4
1353.0171824619456,263.64943176243304,222541.55294117646,25.782291219643483,0.20103885114127046,73.78823529411764,1716498.0,,401,4
1008.8094462580663,658.9368802380083,153493.45882352942,19.11118315216081,0.14384870544316375,96.0,1468417.0,,401,3
580.171105157601,1361.5119535540964,176636.61176470589,23.80237971311907,0.06650085599976183,69.6470588235294,1733672.0,,401,1
200.7791910955932,1542.4817300220996,149228.42352941175,21.994575467383164,0.296607217384091,91.85882352941177,1501756.0,,401,0
200.7765368297588,1543.884077493938,131344.05093249143,20.813744364383744,0.2796190278859585,85.78481042559059,1543638.0,,402,0
582.0367080117287,1361.0469736914094,176391.08463380949,24.381239108214434,0.06084706138670533,65.76835465961945,1756737.0,,402,1
1006.6313094163124,656.6498533932612,140920.13783295808,19.42267046884624,0.1535994505051531,91.14636107719,1494670.0,,402,3
1354.037606158734,263.15436379435585,210605.99883534617,26.06128986536903,0.15655159105972477,72.20221544153874,1719005.0,,402,4
1353.525055624163,263.36574558958137,209975.40000000002,25.540098355156726,0.21769109088283187,71.84705882352942,1731133.0,,403,4
1004.7106516513315,658.7787890629626,153991.58823529413,19.33187245574238,0.12774447388860288,92.63529411764706,1497309.0,,403,3
582.7345658478248,1360.3537727474027,178706.24705882353,24.80646013784475,0.03641351496983111,68.2,1742203.0,,403,1
200.76980574871507,1542.2784331404137,135104.56470588237,19.79680159927592,0.298418541522805,90.81176470588235,1500667.0,,403,0
200.03306718971527,1541.8862209382894,129487.45739684043,19.480758781170383,0.25645091881148185,83.85509958381452,1561718.0,,404,0
583.045635534365,1365.2151842621142,175151.90790229966,25.228815605168954,0.07714602427468854,65.5657157239702,1759209.0,,404,1
1003.2035058736267,658.5538500069838,143294.2167974512,18.66211673631482,0.12234329746895328,87.99609215585474,1533288.0,,404,3
1353.7452330653791,263.55288725342257,201246.71767772545,24.58421687536573,0.14817824293904808,73.15753543937727,1718839.0,,404,4
1351.5629842661492,263.1675979700959,206740.95686274508,25.420660829302264,0.15739662752959732,71.79607843137255,1729063.0,,405,4
1002.9488450809436,657.6784948119099,154554.58823529413,19.061559455955724,0.1386206720752617,92.0,1502886.0,,405,3
584.814129652672,1361.0622423464215,181509.86666666667,25.489867286059365,0.04256712889212512,66.74509803921569,1755715.0,,405,1
198.8760583654336,1539.3697978019964,133841.23921568628,20.086537422201673,0.2748244138468339,88.75294117647059,1518208.0,,405,0
200.7774602910141,1538.9552149283572,135574.58823529413,20.237939625035395,0.22119168586309054,87.71764705882353,1532652.0,,406,0
580.3586933249711,1361.782759329145,174078.11764705883,24.423264454708733,0.09248432722561026,66.63529411764706,1753026.0,,406,1
1002.7477022905193,656.7614973774702,149222.77647058823,17.968081002708278,0.08269051939258082,96.0,1459496.0,,406,3
1352.5825692903998,261.9814200837701,221648.56470588237,25.55813449485263,0.17705408457331404,71.90588235294118,1739857.0,,406,4
1354.2147301180419,262.3757511476045,217422.21568627452,25.38433404191861,0.18447087200286272,72.64705882352942,1717152.0,,407,4
999.8145048204395,656.7628640239916,153295.35294117648,18.979181394417534,0.14097022696474018,95.0,1477448.0,,407,3
581.457599565939,1351.692509691134,175777.19607843139,24.937429365383743,0.097107492858029,65.94117647058823,1757703.0,,407,1
199.23204037094592,1539.2489214404732,132811.49019607843,19.884589477420242,0.2869564792296242,87.92156862745098,1528137.0,,407,0
197.6622030192931,1538.3779646388166,138097.938674865,20.465090970255677,0.30056404870829223,89.21562638888062,1516998.0,,408,0
583.9703678191445,1353.2642455225987,171999.16297762853,24.13384138572923,0.07369688305236258,68.87446357221584,1733705.0,,408,1
1000.9926055471695,655.1312448880525,160998.16251886843,19.678575544685216,0.1178348451521403,90.99993891665824,1516667.0,,408,3
1353.0983380128232,262.4834362821104,212895.24925178583,24.771410199536223,0.18373851961783028,73.87053864999316,1713774.0,,408,4
1352.8076825436322,261.4604213495897,211909.0729625761,25.82467691747646,0.21368313637868458,71.96606731714596,1723607.0,,409,4
585.1938992010034,1353.177709543163,174968.74810162105,24.799689659774064,0.05763873572271721,66.62205241735789,1744953.0,,409,1
196.88986440781764,1537.205353539009,127985.23790566434,19.335042394344928,0.24123028297144206,90.84825329639713,1497066.0,,409,0
995.3089416842823,657.777973507762,160784.30748694358,20.12474133507353,0.14479687589882312,85.86050605659493,1558162.0,,409,3
1352.3151520139475,261.16611603146265,210032.94494513265,26.333526970760563,0.23166015309240784,69.49675271500577,1747124.0,,410,4
585.9960872019524,1352.2913736003109,164360.52572177764,23.878190509797076,0.07674549294951438,67.02732495355886,1745354.0,,410,1
197.51528635299127,1537.5652996593572,132558.8822344699,19.755749938467382,0.2639244477481078,86.78274704513412,1539813.0,,410,0
995.7912161016396,657.6581575640574,162268.9204078321,19.920709693729126,0.14622728562509096,87.84107322861135,1541813.0,,410,3
1352.7451224666859,261.1329687197855,208426.26153212262,25.2344331537157,0.18102085641941562,72.04786208142674,1729456.0,,411,4
995.9232459045123,658.4351130882392,175027.44071378204,20.694117412373057,0.16532351138872084,89.88149130950266,1526058.0,,411,3
591.8019115625705,1356.1073062372602,167629.6946373916,23.660060447229785,0.05691078252735778,67.411118482127,1736374.0,,411,1
194.10032942712863,1536.5835008121944,133281.05472636368,19.66885369221449,0.23002138863557842,85.95809287932596,1542670.0,,411,0
196.38234393834736,1535.1394715100294,134636.5586281103,19.62618129607313,0.23852832086879772,87.89405991731228,1524922.0,,412,0
590.204453089206,1354.3260889854237,171939.74589168894,23.910135802658594,0.039476396725502155,68.9293664911702,1736190.0,,412,1
995.3089418529245,655.8684123252282,172652.7454233833,20.313974870690693,0.15566510750450735,92.99993891665821,1510550.0,,412,3
1354.4492840912203,262.0997139102582,213145.64823898193,26.18070339834824,0.19721822641413053,73.67053984770573,1711587.0,,412,4
1352.5960334959314,261.7346359528828,215438.98283462922,26.40453779892215,0.18087551378736716,72.24705832751727,1721045.0,,413,4
995.559317565772,654.4620249800691,164170.09691210595,19.993756984694205,0.1313530680075841,87.95294057262971,1539117.0,,413,3
590.2506332463801,1357.4604419492646,184638.35167354194,24.829203383669995,0.1016367809687907,68.75686227304783,1741664.0,,413,1
195.45695166546432,1534.670576382497,140302.39119361673,20.24971184048374,0.28082749905889515,88.6509797835236,1521536.0,,413,0
194.7518828582911,1534.8906011054453,138250.38428681076,20.698213447472167,0.284012371854839,88.75294115919208,1524176.0,,414,0
591.483254597517,1357.5019547846223,174505.96075034075,24.067193016885092,0.07559684853519705,67.82745096718745,1745158.0,,414,1
994.2685628461467,654.9420883006352,172954.58820162315,21.10465094224925,0.1334477996502287,87.67058821822633,1553588.0,,414,3
1352.3055249705403,260.79601802713483,214623.73329155016,25.721339042948657,0.20531170295404735,71.43529410373996,1738419.0,,414,4
1351.3678589611527,261.2264970492868,213300.37647058823,25.290799239762944,0.19357698106908955,72.15686274509804,1729516.0,,415,4
592.6704294710516,1360.0042132809663,167920.92549019607,23.4224553251363,0.05962433138515779,67.82745098039216,1736908.0,,415,1
196.41572134632466,1535.2425683551294,135264.1725490196,20.214769443025343,0.28808402479091016,89.11372549019607,1520498.0,,415,0
994.6274860856211,655.4280302544161,168667.38823529411,19.825055822423018,0.106077516140558,92.0,1516339.0,,415,3
195.85110063863058,1532.7590047984465,134233.757919421,20.428852657840455,0.30614388715728613,88.93014815397137,1513924.0,,416,0
593.1363378054015,1360.2440549047037,181198.5972540303,24.569337092888688,0.0887543072977773,66.96764192971123,1752482.0,,416,1
995.2548329616628,656.4593975736494,168717.0529380233,20.10711491614509,0.10888977609943104,90.73035358218941,1519261.0,,416,3
1353.3625247105338,261.7260062793827,216733.93232488318,26.00501896453991,0.20997613259797931,71.28813495743454,1740475.0,,416,4
995.4272205454239,655.899381117283,172617.4012083222,20.362884418746106,0.12722698755305142,89.91341099022371,1529584.0,,417,3
1353.8914109014495,262.46136827628624,208021.60641091934,25.747563359899548,0.19262087059024102,70.72240627294276,1744163.0,,417,4
588.7150181814281,1358.5886470657642,165659.2404424029,23.198802234445132,0.05719877618169398,68.94546139171304,1728180.0,,417,1
195.70966720591633,1535.0152484400278,153776.81002161975,21.872238800277238,0.23016942755604558,86.71491020401022,1546248.0,,417,0
192.9875651504813,1534.6314938757337,144240.7294117647,21.247932527229967,0.289967786906192,87.95294117647059,1540191.0,,418,0
586.5733356307127,1357.663079062669,170151.24705882353,23.078492844982975,0.029115395749647714,69.80392156862744,1725896.0,,418,1
994.77637657309,656.592032423287,173695.54117647058,21.348129122973766,0.13466033817536266,88.65098039215685,1548898.0,,418,3
1352.8225516271664,262.4467922546545,206022.78431372548,25.725829850618815,0.20000535602624267,70.85098039215686,1731237.0,,418,4
1353.3076805061153,261.9221209953371,211530.41592200488,25.363692986955705,0.2072777591364418,75.48081139768664,1698334.0,,419,4
993.4451252414827,656.2287258362819,177048.81221089646,20.822628830030226,0.15586624811004884,90.43111703684197,1531182.0,,419,3
584.0181422924901,1355.7853838152694,175283.2175790723,23.690058208361158,0.08379232182824217,70.74047058527154,1712814.0,,419,1
193.9464679291259,1535.185036642343,139468.48417487237,19.603941045395317,0.27950455358587045,91.889683440662,1498950.0,,419,0
193.87559309675586,1533.6135582588556,138976.42958478708,20.153205801997405,0.2771471250970471,88.66666552607836,1522517.0,,420,0
586.3414087219402,1356.1342122212993,171787.19386859905,23.58826011907699,0.06370459742073284,69.66666577049014,1719796.0,,420,1
994.801317233809,656.5709188524366,177502.09575586813,20.041184066164803,0.13926803708997526,93.88235173349474,1505831.0,,420,3
1353.7936232240388,261.6181134858889,212133.1345260684,24.93361358322167,0.20641904607873626,73.39215591864469,1713506.0,,420,4
1353.9170950431098,261.2166991242532,206212.89078330144,24.655327584922446,0.1650909224143652,73.79805098364744,1708443.0,,421,4
587.3132075943772,1366.1862794974334,171819.77483822824,24.12439895152239,0.07641279256997874,66.63319166484672,1748880.0,,421,1
193.43513225690256,1533.9797268726606,137249.32862501478,21.084180398961806,0.2742931462963111,83.82885402996845,1565152.0,,421,0
993.9213620465312,656.4436885590911,167668.81359188104,19.98853892804324,0.09887468148504208,88.84425555312896,1537554.0,,421,3
194.4154983296946,1534.173780150985,135568.16458936565,19.813548525143563,0.26923201430827526,89.86289680016873,1510007.0,,422,0
589.3515050028534,1366.4954730446218,180585.5532994851,23.632182648093007,0.051855515894227745,70.96316056838721,1709155.0,,422,1
994.530820929542,655.680659704651,170530.5370253805,20.916700011299874,0.13081969062418217,90.21949559699479,1535158.0,,422,3
1352.7981366671556,262.2892396878636,209021.8111547861,25.38057954031286,0.2147323705125224,73.81595094299574,1722331.0,,422,4
1352.7012445011967,261.329742676062,212654.03960979037,25.33705564531424,0.21920898147648168,71.7955113739615,1728550.0,,423,4
992.7996809135251,655.1538980209584,171314.39741465752,20.991323408309537,0.1198068934400016,87.43413761383431,1555296.0,,423,3
590.0212211318317,1367.5026856540285,187064.62657815122,24.19388123298603,0.038163224659842815,68.95212478489373,1734545.0,,423,1
195.30042540144865,1534.0144866439275,129836.85096995487,18.921568921693975,0.2635981766992194,86.72329096656736,1534325.0,,423,0
193.5069186660631,1532.7470826417182,140328.46204929732,20.80231093011537,0.2692201275647835,88.23025882079455,1525832.0,,424,0
584.4007816298291,1363.1871299101188,169861.60012386425,23.7420469753145,0.1027062224205726,69.87836498606929,1719504.0,,424,1
990.6621405481851,654.233525826655,167696.78249343723,20.41318865163733,0.1341157442802592,88.93610089136091,1542355.0,,424,3
1353.9666298390853,261.28232797399534,209869.0816046006,25.95610834640978,0.18031326342416576,72.34881223305153,1721029.0,,424,4
1353.1206935115683,261.61023524922865,215949.15460183134,25.940646764804722,0.16903398712088563,71.74201729761056,1729699.0,,425,4
991.2707048177153,653.008786044387,172606.32139903036,20.80986886512533,0.15004531101336957,88.43446686685657,1541211.0,,425,3
583.8832205947054,1361.732625628065,176783.34053485809,24.817630306238847,0.08363637163494017,65.3491642710908,1765394.0,,425,1
194.11944730523055,1532.4871073400334,130009.67620782483,19.588341583241174,0.2815365413922251,90.21025937422317,1507789.0,,425,0
195.32226508346275,1533.7605354753784,135482.03529411767,19.852507025413026,0.28203801367718206,88.98823529411766,1519795.0,,426,0
582.5527818455416,1363.0600664532353,180560.4117647059,24.67456573332712,0.07427876677378616,68.56470588235295,1731764.0,,426,1
991.0355996174661,650.0184743464861,164365.2823529412,19.57669472176549,0.10456379413362568,92.63529411764706,1504975.0,,426,3
1352.7201691872967,263.1034352840818,205216.35294117648,25.6359661751574,0.17224722681448537,72.5764705882353,1717262.0,,426,4
1354.7626928631148,262.33603094101306,206590.6980392157,25.203588112515398,0.19331476145226792,69.9450980392157,1741604.0,,427,4
194.98781858100062,1533.1745606404243,137836.09411764707,19.039454929857,0.2424298710338834,89.92941176470589,1505086.0,,427,0
988.405814348861,650.6316773743267,159529.06666666668,19.33838383047622,0.1346125016089114,89.92941176470589,1525612.0,,427,3
583.6722932984109,1359.7139966924387,170039.38823529411,23.562647542909303,0.09126852734210633,68.87450980392157,1727830.0,,427,1
194.04483730261896,1535.2309985057734,137386.30588235293,19.850966128938122,0.2599748305398983,92.0,1496352.0,,428,0
581.14080278004,1360.2701544993793,182517.89803921568,25.2188283245767,0.07109040191693591,66.74509803921569,1743438.0,,428,1
984.9154918666078,647.6684771115517,172310.2274509804,20.242940369223756,0.08167433449803328,91.63921568627451,1531177.0,,428,3
1353.687446713836,261.6771172652267,212430.52549019607,25.542088800204116,0.18057886892678404,71.79607843137255,1727025.0,,428,4
1354.0927832898171,259.90519756309834,214028.99449879833,24.986988920589603,0.1834738578098886,73.7645620726929,1717737.0,,429,4
579.718152499924,1358.5675927895238,171660.56729536867,24.416388213018116,0.0977032564287407,71.52927231291433,1698941.0,,429,1
194.05672595217783,1532.656256152786,136236.44027898443,19.99069051398255,0.2749130383275888,88.66649380455004,1522730.0,,429,0
983.9682641213423,648.198108294418,172399.3305609755,19.91847309834353,0.10895548332684196,91.64688015092148,1520786.0,,429,3
194.42991936409473,1532.8654173128305,132415.9924636931,19.600532976101125,0.24772949828618177,87.6536209578507,1526437.0,,430,0
575.9220532488764,1355.5299385726948,158690.51878782886,24.581491375708296,0.07447097341011899,65.03333167840536,1752630.0,,430,1
984.613778346042,649.5458008440048,160053.03777489543,20.56639548247227,0.1705666374418693,89.77427307779871,1531226.0,,430,3
1355.3790813465196,260.6343629884963,206712.68604405134,24.550432141145446,0.1754761229714198,74.22282419818004,1708936.0,,430,4
1354.4790239819195,260.91869585234167,217847.9411764706,26.106236505494433,0.22946031263541794,73.67058823529412,1711631.0,,431,4
580.3676318323204,1359.914456563276,170834.43529411766,23.961577437015684,0.07850626590141062,68.92941176470589,1728599.0,,431,1
194.57952692992427,1533.2215337508849,136023.62352941177,19.937534903835406,0.2690200319381126,87.89411764705883,1531757.0,,431,0
985.750911917654,647.8634064225594,170071.4705882353,20.52038027280447,0.1424093714697677,90.81176470588235,1525567.0,,431,3
194.6220042758297,1532.3439463999732,138377.40942854353,20.280438100488286,0.2706524690086611,87.43134381743694,1536247.0,,432,0
581.1085888924471,1361.551958253723,166043.54151340318,24.50864370990496,0.10076710643370126,64.94899826438173,1764421.0,,432,1
985.0687115613752,648.179643050841,170418.6773305533,19.763804582402262,0.10455741326761,90.99997009569967,1527454.0,,432,3
1353.5197537669974,261.84268146803004,198088.73490431905,25.31987219208534,0.17486739763435832,70.6588003096021,1737891.0,,432,4
984.6313396566591,647.4880754392395,175846.49019607843,20.609828426881364,0.13448932434715338,91.64705882352942,1520983.0,,433,3
1353.785772465739,261.88288621550225,214513.35294117648,24.939766932151468,0.20362702274210193,75.62745098039215,1688681.0,,433,4
580.2385706018518,1360.7351366761982,175104.0,24.371890949559987,0.07900463943952357,68.92156862745098,1727280.0,,433,1
194.89034751057727,1532.3300630051217,142207.54901960786,19.66792081615921,0.2724676538661144,89.7843137254902,1507702.0,,433,0
196.38774165320774,1530.9950170419866,132501.10207538572,19.546014922848954,0.26769321348451386,88.74870582100151,1518689.0,,434,0
580.248716026705,1361.2817286584486,173776.40743584666,23.604024064093807,0.0924771619092271,68.70867547432374,1728815.0,,434,1
981.7786868415315,648.1106893902029,169053.04385467168,19.777216993098182,0.12698211707605356,91.25370961433623,1522594.0,,434,3
1353.57031804526,261.5043464199695,210239.60050931163,24.782788465814573,0.1879075279851348,71.92939463718267,1732460.0,,434,4
1353.860867816228,262.2315404819774,211136.41568627453,26.475741464545045,0.18434036925547306,70.65882352941176,1734019.0,,435,4
196.3039742611203,1530.8166767374803,134654.30588235296,20.39641218575728,0.29807306995936517,85.64705882352942,1546273.0,,435,0
981.9438414970224,649.2829120418708,159277.12156862745,19.77665755719269,0.12249014533801757,88.85882352941177,1533591.0,,435,3
577.2670864043935,1362.0585349812857,170380.90588235296,23.32903857052225,0.06331935806145124,68.87450980392157,1726960.0,,435,1
197.09672046624502,1531.3261123663447,133652.12980621037,19.864818191574802,0.2970021199921043,87.67054990810912,1524164.0,,436,0
576.3279390273447,1361.7341140521573,184662.31927064585,24.582238807828976,0.08785099942820034,68.90977379608577,1732045.0,,436,1
984.9147945286344,648.000187635456,171128.584010757,19.979990686411213,0.15101209122205972,91.99995978011452,1523283.0,,436,3
1354.427341970185,263.7224334727866,215853.1919093527,25.48305996266274,0.18266646005111495,73.59996782409162,1726519.0,,436,4
1354.4241215304398,262.06475298084695,212157.24151559445,25.004419311257028,0.15566972816784494,72.49603058828077,1719222.0,,437,4
983.4891125672211,645.8781049218846,161633.76419820232,19.469765595947205,0.12653229161630555,93.8400395939675,1505935.0,,437,3
576.038735112082,1360.1016237582567,176888.47463462874,24.313753221680155,0.07134624643116187,67.71202856976478,1732187.0,,437,1
194.63361522142029,1534.3351249721732,137206.28189150442,19.945475075966137,0.25412159631493936,86.84803664382875,1534612.0,,437,0
192.03183263900405,1532.8504639160171,149525.03526532097,21.599636713954588,0.24688205007388114,83.88235292502178,1570722.0,,438,0
581.9704632693015,1354.3177057953544,170642.96467301864,23.35902018040131,0.07540748788281004,68.19999998686552,1730919.0,,438,1
982.7657112146951,645.7424069510255,170331.8705554315,20.34961178668398,0.156573248011399,89.71764704154502,1535203.0,,438,3
1354.5419315826148,263.8740775364598,209887.14113604894,26.916696555788313,0.16178866917615858,69.29411763371364,1741826.0,,438,4
1353.458388326673,263.59151865045925,216223.45098039214,25.96522373283783,0.1589303175512459,71.79607843137255,1730707.0,,439,4
982.5499323559458,643.1363542721946,169874.21176470586,19.701431150531683,0.06322374521992563,91.63921568627451,1523385.0,,439,3
580.0585981152939,1349.63265258193,184344.54901960783,23.66360204175499,0.019411324376018047,70.71372549019608,1723635.0,,439,1
195.97261208650346,1533.8113023431993,143824.14117647058,20.104721470532628,0.28820527389283623,90.91764705882353,1502487.0,,439,0
194.14532995101752,1530.963466676012,136739.45090596215,19.905396501439633,0.2576988038302278,89.94343163360666,1500850.0,,440,0
573.9211147952171,1348.6450423481308,171653.35306652385,24.28490582065564,0.08925667214868323,67.45757372520501,1732989.0,,440,1
982.5829073934166,644.6500630996045,174672.35595619286,20.33660624154454,0.19723146992150892,93.62963784809875,1499904.0,,440,3
1354.3981035348638,264.13737521401947,222400.98540081482,26.574426707018823,0.1766178517560791,71.88102118259549,1727252.0,,440,4
1353.1585261796595,263.3085046813078,221191.77374856366,26.329978784710754,0.11030723163937202,73.35631430917657,1707406.0,,441,4
572.4097124638232,1351.6483220079335,162905.2055965401,23.397423480288996,0.057946549787828254,68.56419327390373,1721973.0,,441,1
196.06553917283895,1530.850174817132,128204.71993073939,18.83815218103422,0.23665931071091997,92.89342314528893,1485099.0,,441,0
977.5664746701892,644.0084554219347,171900.0167797472,20.483372274610172,0.08659476983558934,87.7326774149951,1556598.0,,441,3
194.6437898050016,1530.6143802099982,134772.19043556208,20.6579514552019,0.3356848700509273,90.21561751327916,1503560.0,,442,0
573.7318866590526,1356.553649861315,169264.7509404759,23.130004561226066,0.0838339039303393,70.6995859695902,1707135.0,,442,1
976.3009279032661,640.6050712690786,166394.05316850235,19.396499440532676,0.07714381786838298,92.79320658508713,1519834.0,,442,3
1354.3079799733982,262.983162794121,210125.42936079646,25.130655026127545,0.16787867217969676,71.80426700036504,1729027.0,,442,4
1353.581150802288,263.24288910751443,209427.40552713085,25.69622234354519,0.16513644312076012,70.74572592877072,1739435.0,,443,4
975.1687425905016,639.0381273555975,168258.49839825125,20.33680772938888,0.0863729977971145,89.70849782720411,1523701.0,,443,3
573.5623987828413,1349.2718491213382,178565.4942624305,24.980227362051078,0.05702495553433817,67.82837640593482,1735061.0,,443,1
192.54588601053405,1530.1463027426596,132310.1882404865,19.44476655345024,0.2779923936521896,92.99051604039451,1486144.0,,443,0
191.07159397915862,1529.8020685921351,137759.94921854552,19.987139731390716,0.18281494394036368,91.93744198780458,1496069.0,,444,0
571.9633804224619,1347.0046748396858,162544.28975441452,24.415591575194863,0.08169558687404703,66.83002811161698,1741987.0,,444,1
975.6198378427542,640.0195810071593,170499.27845974485,20.459126454678305,0.08392146310463708,90.82976196385512,1523954.0,,444,3
1353.5125774303708,262.2403480039884,214403.65311568,24.974659017242278,0.15881340411856054,73.84533492996351,1722728.0,,444,4
1355.5403462280829,262.92371655310393,210704.6896698963,25.759917119294222,0.16235094924125162,72.4909128989188,1725446.0,,445,4
974.3903819968591,638.3079944838627,170908.29373320373,19.74824060384557,0.05218662997616854,94.79580917550919,1496405.0,,445,3
566.5313942364917,1343.8813772642511,168655.49920926808,24.91251894503876,0.0814914111911549,68.77343018615373,1726096.0,,445,1
190.6817231176583,1528.734790188341,130290.70586526132,19.54921491754503,0.2647381215325536,88.84783683508509,1522373.0,,445,0
190.12623334585706,1526.658559001185,126191.88149953114,19.61333473273144,0.2793631706332694,87.89411705264878,1532010.0,,446,0
568.2585077214196,1347.4061672666733,169991.5988503814,24.506549115012145,0.06900079161327803,68.19999953877728,1730958.0,,446,1
974.439422595905,639.2465047700125,166219.8106405951,19.581936926617303,0.07033311315605574,91.90588173140038,1513960.0,,446,3
1355.6009866566922,262.53745727331807,211580.8338632395,25.74694589734102,0.16419337035922815,70.75294069798284,1738440.0,,446,4
1353.8131219130537,262.8043655840597,204799.76470588235,25.216248676867792,0.13628032755177166,69.88235294117646,1739199.0,,447,4
566.8293352923594,1351.8702580273057,167670.35294117648,24.973281938587604,0.09898230549927245,66.70588235294117,1746015.0,,447,1
188.0634580624415,1529.0065817965867,136097.29411764705,20.181969647200823,0.23656291251838937,90.0,1513627.0,,447,0
969.5376254061085,639.1227484077278,172838.47058823527,20.311081581254548,0.08608262460709754,87.88235294117646,1552026.0,,447,3
187.70307787553318,1528.3673968977014,126591.9851860605,19.90435217600329,0.26059095648404934,89.8769085398838,1510947.0,,448,0
567.6792433110368,1349.8300073373832,168548.6831382832,24.427466137265306,0.09632035706022905,68.66595812447123,1730629.0,,448,1
964.6629340808445,638.154374410238,168777.68950124283,19.936494937993935,0.13543996699544747,89.8769085398838,1531518.0,,448,3
1354.4613003879665,263.02730615599324,213035.9553273549,25.968007029132018,0.181387340863048,69.74448102694983,1740874.0,,448,4
965.6238524120845,637.9552024348349,167520.33896296413,19.385784424214496,0.10755963496479685,92.9993848374836,1507611.0,,449,3
1353.8807856564442,262.82799358894664,217079.52879112418,25.61338033184247,0.1355385323847218,73.67010093008506,1716905.0,,449,4
570.2223034924812,1352.9395118446594,168532.02638860798,24.747291082654762,0.08262698024509887,68.56425235077222,1722672.0,,449,1
188.92804384283326,1529.0131232716933,130699.14722977974,20.196039873317975,0.2952911465028606,88.98764666802353,1521195.0,,449,0
187.82542589897423,1528.2881588272867,127721.88637364109,20.087925596871347,0.21968038402227621,87.91372992763668,1537688.0,,450,0
567.3852722926508,1346.7932207230172,164407.98785980005,24.23937391142924,0.0885374562292776,68.91542388395249,1728026.0,,450,1
965.5804005319965,636.861640407864,174775.47522257993,20.129077259245573,0.080322455789432,94.99153021842099,1502937.0,,450,3
1354.7652121408746,263.67960059118275,206679.21880699738,25.25981780448273,0.138381176429053,68.91542388395249,1757741.0,,450,4
1354.0916392669405,262.44558790356206,215706.50641761904,24.81591211206696,0.1120045215271785,74.46239737297415,1709158.0,,451,4
965.3348122672758,636.229142874645,168493.66022585772,19.89528359058248,0.07551652674444875,91.78780666272556,1520675.0,,451,3
563.6719162114792,1345.2345938196606,173304.2259967355,25.046959104432705,0.08318415300466916,68.56438569986729,1732710.0,,451,1
188.53476996333308,1528.4981401403577,139037.88405317336,19.45728533373385,0.25503809036650715,91.78780666272556,1493432.0,,451,0
188.99064402503055,1527.3422033983657,138124.5803256588,20.35389553770163,0.26330781642696977,88.95934794191105,1523087.0,,452,0
564.8230629754694,1342.6831233275084,167175.48179039278,24.544070412887567,0.06945393079681729,68.82451610320689,1719461.0,,452,1
963.6785256507741,634.4079726611891,168509.50592166983,19.71362793449985,0.08092738464078861,93.35240216126468,1501556.0,,452,3
1354.5522625191552,263.4522607577546,207839.05599613645,25.183150301942373,0.15120208405554542,72.48539461933493,1716453.0,,452,4
1355.026143972729,263.64531192931804,209694.9411764706,25.591352905103992,0.12819768443384247,70.38823529411765,1736732.0,,453,4
561.9312161183879,1340.25563571164,173302.40000000002,23.317377851126047,0.0723412350422682,70.7529411764706,1707816.0,,453,1
189.38141447459753,1528.1422276642177,131353.2,20.02433063395013,0.3256471005528412,90.81176470588235,1493949.0,,453,0
964.1873060593008,631.4206018864442,165954.30588235296,20.032746971432594,0.07094303122417325,91.54117647058824,1512932.0,,453,3
188.4262753319357,1527.3272208330177,132712.98076906588,19.57142515625087,0.26239338217266195,89.76178190145593,1506440.0,,454,0
561.3175635384574,1339.761709326804,164895.0005416605,23.28404274753971,0.06985459072028032,70.76655004679098,1707868.0,,454,1
962.8756679594795,631.1533770388444,167768.49492908677,19.881720629994845,0.07124947133877692,94.97615927332475,1492080.0,,454,3
1354.4991119132028,262.944920785511,208856.6712528333,26.405088832137743,0.1684414128729868,71.13900557335305,1723953.0,,454,4
1353.5782399748755,263.8011024806728,208320.75910933627,26.290629533253117,0.151820679968762,71.1298727955789,1723883.0,,455,4
963.7584520993672,628.3495383433188,158400.90148463583,18.915712218095493,0.07039472521474352,96.99528108488033,1465513.0,,455,3
559.4768597499628,1342.4966120749236,173911.3978642365,24.22807407744181,0.09856720201976342,68.08688358507285,1734282.0,,455,1
186.6625487777174,1526.8133779629677,132275.31761783615,19.48446348612161,0.26278926361384475,90.90930266386823,1510088.0,,455,0
186.42103546145566,1527.2166597960158,126939.48235294118,19.019691887631865,0.25515048631421927,94.87058823529412,1460676.0,,456,0
560.8451186910169,1346.0339077312892,175324.23529411765,24.386096048013794,0.0716330361134782,71.52941176470588,1712340.0,,456,1
955.6464346585543,628.2687277923083,169416.6588235294,19.974803411296435,0.11986341337871964,96.0,1478900.0,,456,3
1354.9671583452716,265.1203392228648,212860.23529411765,25.41653951793667,0.14962728818780247,73.78823529411764,1711890.0,,456,4
1354.2754752946732,264.73942252839015,206913.43848634697,25.08401508754173,0.1578544344799979,70.96591848730057,1730955.0,,457,4
952.6680042455137,626.6284470773653,166987.08555248682,20.42930752782142,0.09430428567222433,90.93622720734496,1528757.0,,457,3
561.5657391451853,1346.1021632054415,172387.62761063597,24.808895504318826,0.09865216973740158,69.89608052015534,1721538.0,,457,1
186.01238771331057,1527.1722320819113,130609.38515564741,18.864851402278102,0.2763312709729093,90.57961455162987,1505498.0,,457,0
182.60240394957057,1526.951346516057,139028.0705882353,20.077523177218293,0.2888491601540332,92.63529411764706,1485778.0,,458,0
562.6867256030848,1346.2133915132415,170338.43529411766,23.99625752577428,0.0873745012918838,70.02352941176471,1713965.0,,458,1
952.7988079012576,626.4214081772378,172058.38823529414,19.976324925701558,0.07782366939660769,92.27058823529413,1510307.0,,458,3
1355.0330666657446,264.2356862080768,210981.6235294118,24.966634248470317,0.11288806314566557,70.7529411764706,1744008.0,,458,4
1354.2376441268846,265.31241209625966,210966.17553513893,24.811101384453856,0.11314658257763444,72.13383232780905,1716847.0,,459,4
182.6985685436935,1527.1360858007547,137356.94605951163,20.28254572842415,0.24060708876269413,91.0968501047073,1502651.0,,459,0
955.1377719110445,627.251875493911,169853.98117094554,20.07061642400997,0.11489990700065535,92.95596949459929,1509223.0,,459,3
557.153108167511,1348.8593257179668,183551.22918791373,24.480103676132053,0.07325326818221709,71.76200844983066,1711328.0,,459,1
180.88343261829112,1527.7583595509705,137363.25098039216,20.155677577132316,0.2333426873614892,90.64313725490197,1502296.0,,460,0
557.9053278341794,1350.866307106599,168724.70588235295,23.636150176745474,0.06127076933722693,69.9450980392157,1712466.0,,460,1
954.8613144715334,627.3204643863249,164173.99215686275,20.102784749024202,0.10282095531715137,89.92941176470589,1540176.0,,460,3
1355.6568438989236,265.5011302393612,217387.58039215687,26.428885705646614,0.1452536452101736,71.0156862745098,1729221.0,,460,4
1354.9169467368163,264.01642765392126,204846.56696071933,24.749934010354828,0.10568214970718084,68.8456903617698,1755485.0,,461,4
556.9207734820701,1348.291594505569,169831.8651119076,24.320382624856542,0.07224074670716953,69.20613900240733,1726719.0,,461,1
178.5669315025812,1529.2942552631437,134197.1916011993,20.137811781972633,0.2575734356071629,89.39126287810947,1518462.0,,461,0
954.4951826304019,626.6323074179973,167789.92356269594,20.349894377407363,0.10128335117027715,89.751711518747,1528993.0,,461,3
177.62371341901772,1528.035834312333,128815.50905197789,19.4454714054319,0.26159782857527386,92.98285358208267,1490054.0,,462,0
552.0267231910984,1347.042853183605,183370.0926886655,23.92368247618407,0.08007587021676912,71.90172078614489,1705029.0,,462,1
952.4756476459102,627.2850509871989,173505.2518865664,20.131955666731386,0.08951440859619728,92.98285358208267,1503009.0,,462,3
1355.7378433853123,264.77043449679616,219901.4371312261,25.757231863043103,0.1543972083183394,71.14882318628997,1732148.0,,462,4
1353.7636335229492,263.6250559260285,209651.5222633659,25.420338277772665,0.15713664764661564,71.09430504772867,1725530.0,,463,4
552.5611242547144,1347.2033979825292,171805.52980246086,23.21149033725563,0.08924807843313141,72.58319101731462,1695906.0,,463,1
178.40203700461097,1527.3416827175627,127545.41658457961,19.429459938461044,0.26896449642155046,89.70537966755293,1509151.0,,463,0
954.6428457180189,627.4143322182048,165227.2593673378,20.30457904312742,0.09225512539754509,89.70537966755293,1536088.0,,463,3
178.88701716829345,1529.8875268652787,127411.34117647058,19.691172647011467,0.2569576266803393,88.3921568627451,1536465.0,,464,0
552.9442975353004,1347.7117136494762,171089.69411764704,24.127291642119843,0.053448308509534845,68.90980392156862,1728109.0,,464,1
954.9777589760092,627.2370301541058,169288.29803921568,19.731207059591693,0.09933680201080512,92.0,1521640.0,,464,3
1354.9799332951588,265.1563026363816,215481.3176470588,25.674136344501537,0.17998348884703552,72.51764705882353,1725340.0,,464,4
1355.2336670125537,264.5635177385773,214192.9829365614,25.436246877072037,0.16965841876170365,71.90755088513018,1734767.0,,465,4
955.1664425166838,627.0062783241655,170931.87501238164,20.701891266390415,0.0915470044731633,88.97651498412573,1537442.0,,465,3
553.0150187278064,1346.958776531059,179181.99538337914,25.0292263049788,0.054611021448914034,71.90755088513018,1712228.0,,465,1
177.9223033081436,1528.969891114477,134513.96901410344,19.76857130246163,0.21826839924126326,89.33968443304053,1523751.0,,465,0
178.80875554297575,1528.1545872807092,132656.6245158051,19.208269451288952,0.27982931516239656,92.76532574655458,1484989.0,,466,0
552.3966806492796,1346.6279165906742,181654.3860958424,24.61111153424445,0.09032576418186138,72.88704165800718,1697413.0,,466,1
957.253741020806,627.1756637534997,173159.36457896448,19.86382472585895,0.07654848083092645,91.66097663052417,1518943.0,,466,3
1354.7709771280502,265.14960293383126,219627.79856692013,25.609397505138098,0.14435013306588432,73.62327440202745,1721558.0,,466,4
1353.720943937986,264.988009074395,220175.64705882352,26.08074401869651,0.13734904325032332,71.88235294117646,1733505.0,,467,4
955.6478017170022,627.7548767718813,171453.41960784313,19.80382445766007,0.11357520645817731,92.89411764705882,1510625.0,,467,3
550.6060401914973,1347.7034453950143,180023.63921568627,23.658513632986146,0.07122601981831053,71.88235294117646,1700300.0,,467,1
177.75866979303848,1529.3957269349778,137717.7411764706,21.10380111555394,0.32305521902227596,88.83921568627451,1517288.0,,467,0
178.65362710827202,1527.7493281529185,124987.59215686274,19.700456791523067,0.30156394985977875,88.75294117647059,1514978.0,,468,0
548.8584212249681,1346.0953042601593,167478.96470588236,23.933883165184426,0.08476696787183989,68.90980392156862,1725806.0,,468,1
956.5468440789093,626.8257988160606,168273.05098039214,20.326472428076546,0.07937215863263614,86.94901960784314,1558850.0,,468,3
1353.4034266121698,264.2942917672803,207082.2588235294,24.94198059318154,0.13315681639847296,71.79607843137255,1714608.0,,468,4
1354.095840103077,264.58046880254295,206321.12392095558,24.964553164071656,0.1325764961186324,74.49286084924434,1697469.0,,469,4
553.9528044625516,1347.1486165697731,167518.01180123375,23.368021696469615,0.07032403786418426,71.936733271084,1693012.0,,469,1
179.14493551879357,1528.2555859744898,134582.67311772032,20.463013137770773,0.25938273142937135,92.75091497896108,1493123.0,,469,0
954.4979236731792,627.7820903725611,167427.08669166776,19.72730984973089,0.09444650531118075,93.11607606155542,1508806.0,,469,3
178.81177636819945,1529.3869562092325,121773.12531017093,19.105171785727627,0.24357860401842005,89.71443707600956,1502836.0,,470,0
556.1917959243392,1347.5338645828826,176974.85607443997,24.008892652469985,0.05321329704435549,70.75040972660916,1712887.0,,470,1
957.1005482081912,624.6995029863481,170968.0004115174,19.90053937904176,0.07670014088573197,92.9966725787904,1506760.0,,470,3
1353.4113637033147,263.843698393472,210458.03451680823,25.11854041542505,0.14399909676387698,72.57387389482074,1723116.0,,470,4
1352.9315269216527,265.076160929275,208052.2274509804,24.989279465834716,0.17132695313798685,70.7764705882353,1738182.0,,471,4
955.098372904618,624.5954293247373,163301.22352941177,19.9237773777292,0.07589882304813123,88.83921568627451,1541806.0,,471,3
556.8556266573163,1348.512936380969,168208.39215686274,22.797506781300637,0.0227461382306195,69.67058823529412,1713256.0,,471,1
178.28878122980748,1528.1053458195884,119232.18039215686,18.427407183479506,0.26091818977011666,89.94509803921568,1511054.0,,471,0
177.7479763880608,1526.4823179017817,134339.45010341203,21.06180464448884,0.2587408972400636,88.75291987044415,1521954.0,,472,0
553.1718562898724,1350.7877206390206,176558.42036048265,23.299496817792072,0.06368773757271955,71.79606119600969,1697811.0,,472,1
956.6987242692891,624.0818235521521,166120.21110157334,19.536131692042577,0.06268633022826119,91.99997791448479,1517755.0,,472,3
1354.2824891401203,264.7400137836935,207303.73062682213,24.92101642425435,0.18246130960673881,73.59998233158782,1712513.0,,472,4
1356.87279326672,263.73627466119325,212461.75428084238,25.58233451640104,0.17495852022516717,72.61935764794278,1712003.0,,473,4
955.4679259777615,624.1668480504372,166987.29134599204,19.53765288299329,0.09616600144716383,93.99967614327619,1496737.0,,473,3
549.6617953935265,1349.2806507743549,170113.97861284408,24.139203213671077,0.041834633111642726,73.35661000985083,1684311.0,,473,1
176.29599931070518,1527.687860629037,132627.27639308647,19.487996361326143,0.22461489271438068,91.78791905755203,1495900.0,,473,0
177.13411398038494,1527.9057816498955,131527.89411764708,19.910181773277667,0.2345001989762019,90.81176470588235,1508152.0,,474,0
547.0622439507898,1346.9799507248083,179558.2,24.14699391080794,0.056421308661106034,72.94117647058825,1692247.0,,474,1
955.7901772734176,624.1656953153818,168082.0,19.48251827247307,0.06803459107626539,92.63529411764706,1511538.0,,474,3
1354.0537603368643,264.99382899576847,210986.7294117647,25.54365183589825,0.15014403504399268,70.7529411764706,1730639.0,,474,4
1355.0313462110573,264.14031507067295,206318.1572849071,24.88879066015699,0.11192565288395394,70.30053650766695,1738930.0,,475,4
179.40887016425177,1527.8952802527826,125359.7739582656,19.737689217435125,0.2693962133573373,88.85702330156889,1515833.0,,475,0
955.5705138969622,622.9899674912269,165755.81828652904,19.625239208576357,0.09756938072417334,89.92758984737092,1530364.0,,475,3
550.3969312409077,1347.4461707214293,168522.51909639678,23.701187557457036,0.03912086754122667,69.58682547713227,1713579.0,,475,1
176.52264069845535,1528.4266299529886,138648.4076477059,21.028307123259214,0.2799716544593112,90.88035316599124,1503688.0,,476,0
549.0390923464086,1347.991950828728,175976.7677897092,23.085514562624667,0.0870097330543878,76.35439507798444,1669568.0,,476,1
955.3479435976553,623.656377586693,162475.82089806636,20.4030861601752,0.11189704632554573,94.97741826773674,1493745.0,,476,3
1354.81426066791,264.5501351606211,213290.2295131607,25.77951684478561,0.12131975742223593,73.74717183141911,1704562.0,,476,4
1356.7913799759294,263.6841816584306,211031.7300828658,25.071780071691254,0.14767590835548822,73.72532191736174,1707936.0,,477,4
550.188261275656,1349.4574983458044,173260.77315816307,23.58274908257418,0.06992988962355079,72.98806869818812,1688595.0,,477,1
178.74225379392658,1528.7108711242795,140836.74520551696,21.082868267476908,0.2830917236483876,93.99978544463622,1485286.0,,477,0
954.7287854459001,624.6706690287668,160012.33280961314,18.799244292334176,0.08161291425447781,93.26253222546259,1502967.0,,477,3
178.24996943200398,1529.413458448852,132123.34588316592,19.360863022864418,0.2646801735711013,93.92432351117219,1476030.0,,478,0
550.7081171465278,1348.6163556661209,174580.1456885681,24.19521784775474,0.057559768218475006,72.88527504466961,1691198.0,,478,1
960.4530058517252,624.2795652155463,177071.39444537842,20.530343943213968,0.08704624141713187,92.79723162903812,1505724.0,,478,3
1354.399284637537,263.7295760594911,208603.2926372551,25.16327785891368,0.13837777439612406,70.63109128040148,1728382.0,,478,4
1355.545297905142,264.45154801850003,201069.74244620552,24.798171466098655,0.15845806821004313,71.84318357105738,1726809.0,,479,4
547.9887426931216,1346.629569025121,174061.08165802018,23.283211517525718,0.06639250236104613,72.57255599309858,1695961.0,,479,1
177.79712190874156,1527.7988040645164,122707.06348073295,18.404121672849335,0.2497745587251365,92.99498381025194,1482268.0,,479,0
957.4978217682992,624.9727025624065,166502.2305621963,19.442670122003555,0.0906235177710485,91.90092517719015,1519270.0,,479,3
177.89693809908732,1528.3047943768652,133194.8431372549,19.80739893824294,0.29686935830982664,95.0,1461652.0,,480,0
545.5515402766653,1347.395148615591,172091.568627451,23.601015393581676,0.09901166092036814,74.88235294117648,1674412.0,,480,1
957.6330146009395,626.4306299333824,179067.17647058825,20.50308354916271,0.07562821555827491,94.62745098039215,1494905.0,,480,3
1354.1089900326242,263.0577089581703,215141.0980392157,26.58736288712188,0.15246700346971903,70.03921568627452,1732690.0,,480,4
1354.1180554477241,263.48087417552176,211386.15599554946,25.317047363486033,0.16155535976529645,72.57624543979534,1707688.0,,481,4
545.3729522821536,1347.1875525274604,187030.44331735643,23.752325747425726,0.08616858778852839,75.85858819837905,1675283.0,,481,1
177.79506325802942,1529.1119646470904,132458.94202264558,19.866143492485,0.2859313794224908,92.9997114932051,1496787.0,,481,0
955.4622120668905,626.4726479326046,173338.33285229997,19.975034177415175,0.05310077075172002,91.90559724034385,1514207.0,,481,3
176.5032489137149,1528.8371619525826,139047.22876043315,20.243414781768095,0.25909118824505906,90.68225405170838,1508849.0,,482,0
542.6011836467334,1346.4711827705762,176707.27396646846,23.752426310145243,0.054789410568895705,72.98815570015553,1690092.0,,482,1
955.4105039824402,626.7468444498109,170964.06454319358,20.291078585957578,0.06940556682382706,92.89401634565249,1504450.0,,482,3
1355.0945769077562,265.1328277367656,213770.14335313885,25.841790253360678,0.17030637198631723,70.77639340621141,1735295.0,,482,4
1354.9331327936234,264.44269690615715,212370.69803921567,25.245408237902232,0.1474312226538981,73.72549019607843,1712432.0,,483,4
957.5657141749463,626.4957558944714,171150.40784313725,19.713825242578363,0.12110034916965644,92.89411764705882,1508168.0,,483,3
546.5935983240665,1348.6180187202738,181593.62352941177,23.75836926870033,0.0963555978949423,72.98823529411764,1691601.0,,483,1
175.96479415831084,1527.375443965691,137311.88235294117,20.40743806482108,0.23905996235367596,91.78823529411764,1500928.0,,483,0
178.34610598003803,1528.3218806310347,130744.26666666666,19.426300004829102,0.2871909676819883,90.91764705882353,1508728.0,,484,0
545.2767236417009,1348.4143877006995,169854.00784313725,22.4689621516137,0.10129336569890315,73.96078431372548,1685584.0,,484,1
958.4805363676815,625.7459835063482,167030.8705882353,19.588890912104098,0.07364652619728639,91.63921568627451,1519823.0,,484,3
1356.5252394316997,263.89281097010723,210693.34901960785,25.64367354267983,0.15277461054864913,71.79607843137255,1720881.0,,484,4
1355.5088947261643,265.1123283965645,207133.61697898153,25.264014835147314,0.15869727654084315,71.88222818567768,1732520.0,,485,4
959.9336039588148,624.0140254785042,170810.97413654177,20.1921751743037,0.08935522108665339,90.68219555731645,1533683.0,,485,3
544.5487335407267,1348.0461468166106,172647.47290998304,23.529236150533272,0.09909285564778691,72.98810861930347,1694648.0,,485,1
178.86300890144884,1529.5323739640087,135789.95256447964,20.507228673886246,0.300275182073643,93.99983685819387,1482560.0,,485,0
177.21206560026405,1529.1646180810444,128180.25882352942,18.86453279768294,0.2786664915303211,92.63529411764706,1481548.0,,486,0
543.5504554857325,1347.3415188073384,158497.89411764708,22.312115139390404,0.0926649242110264,74.76470588235294,1667943.0,,486,1
963.6132986514775,621.9823219247221,181011.18823529413,20.729401246137815,0.08638035761863108,91.90588235294118,1523997.0,,486,3
1355.356188659896,263.86629004255013,202709.00000000003,25.33973441258951,0.1285728966120488,71.84705882352942,1720202.0,,486,4
1356.5546174401466,263.6879798815707,220131.87919655346,25.61175720288671,0.14026389830911407,74.87973064609342,1706289.0,,487,4
545.7448831742456,1347.587204979649,185892.0978847005,23.92937799724502,0.07636014475196433,73.76212272600247,1687861.0,,487,1
177.54720645999822,1528.4206693429626,129268.86514926606,19.938111492063165,0.27821846577556564,92.76145736754856,1483269.0,,487,0
967.1181856289218,620.1120369221819,174189.6253534282,20.032017955435297,0.045885437798513645,94.99667320773045,1499384.0,,487,3
177.9185595940041,1528.0095575145576,124596.63450254785,18.64359917207211,0.2576104253044149,92.83179940401928,1485183.0,,488,0
546.0625981730044,1349.4695306934,179963.19368315977,23.945858157439613,0.06564585627186409,74.18934788435966,1685399.0,,488,1
970.4543036699131,615.8868889869567,161216.4966182678,18.78113740969971,0.06730944436067096,97.01683954108572,1459015.0,,488,3
1354.9780380620716,263.8184679277116,211069.8361055861,26.804161529885956,0.13613939590642904,71.14568233012953,1707474.0,,488,4
1356.3405488075416,264.02716372880116,214117.70588235295,24.699166641214177,0.12339205954177802,72.64705882352942,1728356.0,,489,4
971.1354184748349,615.4465155266452,163112.39215686274,19.914810586508956,0.14966725804390935,95.0,1486453.0,,489,3
545.1404609104642,1349.1172953919668,173863.0392156863,23.07703132653739,0.04322676428236647,74.88235294117648,1675603.0,,489,1
177.62810253195053,1528.0489554942137,128349.4705882353,19.34101800402898,0.2666490886377705,92.76470588235294,1488625.0,,489,0
176.02577634607587,1528.536345618935,130454.0,20.074221298266274,0.21094331233265384,91.64705882352942,1485146.0,,490,0
546.5374184271175,1347.8964835539152,172806.49019607843,23.97518995419942,0.1124902014200914,74.88235294117648,1680698.0,,490,1
968.6152189325142,614.5203718082892,165529.11764705883,19.60606191512175,0.07272117323074151,95.0,1488972.0,,490,3
1355.2708598646811,264.410769296442,209457.49019607843,24.32728082217634,0.11975529701367252,74.50980392156863,1701971.0,,490,4
1355.782130799889,264.3528923026129,198878.3843137255,26.003062919258863,0.09005833044365101,69.27058823529411,1739427.0,,491,4
178.4102098597973,1529.4029035640033,121820.26666666666,19.893823892426685,0.2566698156935376,86.94901960784314,1540747.0,,491,0
542.8661434720351,1347.5458553042504,169820.45490196077,23.631520860864743,0.06391088119885685,71.79607843137255,1699541.0,,491,1
967.9483239034705,615.2508343524753,161073.6,18.97206635286139,0.06888977937050816,92.0,1503611.0,,491,3
1356.5876604006708,263.54388844762155,208686.4361803194,24.439793698351952,0.10693856469045004,72.56416543557131,1716722.0,,492,4
542.6063263322037,1347.3524986863574,173147.30737970912,23.964039218513385,0.05954725376562372,72.56416543557131,1694270.0,,492,1
177.85345490010639,1529.2365143634,124633.55846081172,19.510539708361474,0.2832188324351738,89.87642825522538,1516770.0,,492,0
968.7286608966378,613.1201695803121,173681.40910499633,20.058860835514146,0.05725473174709695,93.92823444705931,1505661.0,,492,3
179.653551981975,1528.490280646337,133125.31135101005,20.195242448738114,0.3170342579921136,91.89573739452986,1482307.0,,493,0
544.4087362909065,1346.854264168271,166509.19483169485,23.775862677567645,0.06483204252981281,70.94350926857705,1710213.0,,493,1
970.0888425742138,613.1191081116846,166669.4609977109,20.32778864565121,0.112430917098092,89.69023969706113,1544110.0,,493,3
1356.1650917916973,265.9942696820873,206874.2136907673,25.289198084460487,0.11556624939157388,68.73801157110833,1753968.0,,493,4
1356.479114200093,265.52321426059063,211837.33333333334,25.361905510192905,0.12159200434733185,74.13725490196079,1698473.0,,494,4
545.5687963216401,1346.8044927084195,175581.23529411765,24.957628283273486,0.06150371274607806,74.50980392156863,1674477.0,,494,1
179.66753792750558,1527.7233207484546,134693.23529411765,19.404541815460227,0.26328946593941926,95.0,1470721.0,,494,0
968.7511563694472,611.5613494826248,179046.68627450982,20.03519543699584,0.06267022715534436,94.62745098039215,1490930.0,,494,3
178.90413533834587,1527.9185594975463,127704.88534009147,19.750912900369972,0.28905326860472685,90.19721708940097,1506310.0,,495,0
546.6181110810079,1345.4931086426443,165795.78101443176,24.108596537014694,0.049758208729972775,69.71418372646927,1706904.0,,495,1
969.4202266026938,609.9438584711432,161626.9446978814,19.393486206079775,0.1190901604990546,91.63462293943127,1520437.0,,495,3
1355.5331796772164,266.945270581021,203932.31432451052,25.338894097416347,0.1278992569881945,69.71418372646927,1742417.0,,495,4
1355.9473144770488,264.42860679678046,215183.19469439692,25.774332288095962,0.16403161853770834,73.01960737348324,1712851.0,,496,4
969.3968642247814,607.8738855700816,168443.19499502343,20.231127888005666,0.14503261004257278,92.76470528570064,1515468.0,,496,3
544.2253833415772,1347.0480655497968,173231.56751324475,24.698184905811797,0.06708905835636808,73.76470540790653,1685273.0,,496,1
178.33027129437897,1528.8040777951046,131156.99915641273,20.199698645173925,0.32110446425090966,93.88235233733559,1472415.0,,496,0
178.0199311010059,1529.382149648615,129418.39216232316,20.957849323269205,0.31315440936674777,86.67126717774433,1535009.0,,497,0
545.6523103027293,1348.654985825729,172368.82011929422,24.12699830264483,0.08687095555592372,69.90768875241929,1720140.0,,497,1
970.6550610094288,605.7396445738584,154339.05651503507,19.364790292408518,0.08292776904656392,90.95132975442306,1519078.0,,497,3
1352.995072705412,264.53233049243056,214772.1134102132,25.995819907594363,0.18090518679648773,70.62103251519908,1741147.0,,497,4
1354.115254505103,264.6779219426708,207342.96428606528,24.735491737597282,0.14467109786655238,74.46005713026024,1703123.0,,498,4
176.92889162224955,1529.0110974443078,136206.05950552854,20.799851044451447,0.26222600001152496,91.9581705558714,1496032.0,,498,0
968.439082210895,606.8149139543051,156888.82957460094,19.046777022711,0.064492305381248,94.93657284108181,1482064.0,,498,3
543.5687420982557,1345.907555466049,166379.13615613827,23.518384879203108,0.11461556028046527,71.85395513070114,1695216.0,,498,1
177.78719033055796,1529.188928722984,124618.1659695696,19.522722455620617,0.25188784505376344,91.90587460844186,1495642.0,,499,0
545.2534141663771,1346.1697215035633,170006.1739096299,23.32103628985664,0.032432309705005234,72.5764644725394,1711386.0,,499,1
969.5714845592289,606.0942609974115,164711.73906165073,19.562106554089276,0.11055873770502112,92.99999216330426,1494473.0,,499,3
1355.6472227262575,264.5470957093406,209031.88826816535,24.476061896074775,0.11335487399378157,73.6705820274018,1715855.0,,499,4
1354.211692179455,265.2978180271075,211804.17753422403,25.212626359532695,0.14248603775908705,71.72259443640098,1724043.0,,500,4
969.5143844696313,606.2604473934439,158980.3028277264,20.31109023189997,0.12402869048831074,93.79108503221667,1500158.0,,500,3
546.697889038335,1347.7642745507187,175561.46323689254,23.818265303028028,0.06635547451860425,72.45821078959483,1704983.0,,500,1
177.74026350321648,1529.210911228558,132018.4922504652,19.95446886338094,0.27596239583871385,91.5842359726351,1496064.0,,500,0
177.53606778027248,1529.246288307139,128097.65212453164,20.25646298426848,0.3015100320523413,87.71336487150393,1531379.0,,501,0
544.5135136922581,1345.8765470201538,170763.99267305745,24.59647685526789,0.016089839998874957,70.77301543280146,1725634.0,,501,1
969.8519674132674,605.7956950860483,158174.3014224235,19.39613578818258,0.111990060875677,95.61886127623175,1475156.0,,501,3
1355.7290124742785,264.44975018548774,205996.9078878806,26.071080714477507,0.1416070482978263,70.77301543280146,1731896.0,,501,4
1354.786575322889,265.64718733810895,204158.70584303452,24.627594455995343,0.10300184274566855,72.57647057425797,1721936.0,,502,4
969.9034879568458,605.3094357620126,155231.95291128074,19.118496325962145,0.11915632238356472,92.63529409980666,1501109.0,,502,3
544.1960033566481,1344.5158035030186,169931.42349668508,23.318724908499224,0.053753062628413645,71.84705880969256,1700288.0,,502,1
177.1168522935483,1528.0383213879225,124006.92938788251,19.746825671532335,0.25445334144537834,90.81176468839314,1511359.0,,502,0
178.16159667737972,1529.9690956139523,126881.85469348828,20.317565837068774,0.26075754929322115,90.70271539082192,1513404.0,,503,0
543.945409998006,1345.7640881306054,163529.8745620799,23.29209865186107,0.061394121150404525,69.71365728385486,1716574.0,,503,1
969.670794799498,605.2078475489999,158584.70255023486,19.51236507033327,0.1228016315878444,95.5751753085107,1471829.0,,503,3
1352.8840742775287,265.18349121341276,212194.50500151922,25.478946932397136,0.16146089370801978,70.8380711110138,1739255.0,,503,4
1355.8568682483804,265.9313364802102,218348.10875729483,25.594770167442665,0.16325051119361655,72.65145348844385,1717697.0,,504,4
969.9426638568812,604.861388641392,150405.82461154752,18.71879072937862,0.13253808840518294,95.99026238110457,1461872.0,,504,3
542.8242188093889,1344.6761580212806,173316.62986370898,24.01063387986881,0.046181443294158686,73.78075069292744,1699351.0,,504,1
178.56013691747268,1529.6434022107776,119871.13393191741,18.42147593588322,0.2889502725828812,90.7202087601812,1508583.0,,504,0
178.13899086752784,1529.226302317892,137580.10227477038,19.484342526487087,0.3093656551310543,95.68443647471746,1461395.0,,505,0
545.0107268713067,1345.6738411228177,174599.39115858104,23.34688612056296,0.058026265523433825,75.68482065418225,1668966.0,,505,1
971.5932748985483,604.677903313474,148623.81170100396,18.320645338676545,0.1290677959475842,99.99807910267603,1435232.0,,505,3
1354.2352711085646,264.59621847350616,213541.7803558016,25.52631246969448,0.137388872684636,73.72407400511017,1712015.0,,505,4
1355.6645296187037,264.97700543491766,214305.37768719828,25.50707784119269,0.17330831561528728,72.65311156713574,1709274.0,,506,4
176.9655370270755,1528.9200974239436,127283.68687222493,20.09047917337501,0.29915829407345523,90.91148515468818,1497456.0,,506,0
971.0315345233824,604.0101446675652,156920.07026708714,19.30229589006843,0.0819826879066351,96.99760968387233,1459547.0,,506,3
544.8690030630319,1345.3550348726512,169015.86238605753,23.951558980567054,0.09710008906714307,71.51196321791372,1705728.0,,506,1
174.60459665791606,1529.1518729571526,128988.36628952202,20.908546293875542,0.2636898551280354,86.69220346543933,1538310.0,,507,0
543.677479230789,1344.310790130231,172849.4345300065,24.11109752713106,0.08551171972761985,71.87302338587706,1701301.0,,507,1
972.3556474753301,605.1919946135226,153515.96171870755,19.629255183996634,0.13778191767341325,94.47227300720954,1480691.0,,507,3
1354.5177609083062,264.23639802023024,207268.09170329585,25.22835080035034,0.15621126162376217,69.65014637394272,1737123.0,,507,4
1354.6870039054158,264.2359048511852,203690.90892493635,25.050522528024086,0.09826787442361579,69.67055842526136,1737687.0,,508,4
969.7722072104684,603.7415264034303,157839.94030795599,19.56691573154369,0.1054488113280508,93.63133248685918,1488265.0,,508,3
546.7894417517564,1346.0060166065696,160400.42548690765,23.20698241338412,0.04288767609197559,70.7764403050274,1703014.0,,508,1
176.87169089632297,1528.3195206861003,123359.28055143697,19.82378978163507,0.3038565488969165,88.83917767453961,1519711.0,,508,0
176.50996880772507,1529.3053745838265,134739.14176670526,20.36567730805603,0.28366766820052125,91.28466195328566,1500762.0,,509,0
547.9892824586535,1346.1736445717759,171667.32713615036,23.931483140727575,0.03694967134232844,73.7729104765329,1690797.0,,509,1
970.6945594748424,604.1211827188234,160513.4592168297,19.649461175824563,0.14381355280572106,94.63797606585534,1476884.0,,509,3
1356.171704279453,264.38591135468545,214562.92126414168,25.149351578812507,0.1250050927690651,72.65513910567634,1719603.0,,509,4
1354.6598181340878,264.72587760876223,206507.67058823528,25.87875856415553,0.11743901764059761,71.15294117647059,1710521.0,,510,4
971.2249648683326,604.0841679552194,160204.04705882352,19.56955298218452,0.09597527924416402,96.0,1475989.0,,510,3
544.3341577525424,1347.1592637336087,171395.76470588235,24.046846325366573,0.09288514116527177,73.78823529411764,1687158.0,,510,1
176.16367210068992,1529.9784357263427,132925.7411764706,19.747161460420134,0.21839168679653728,93.74117647058823,1476309.0,,510,0
178.52550918167904,1530.0270150177012,130150.38878397596,20.311873095464577,0.2918452691948196,87.69248475397637,1530954.0,,511,0
544.0700675482657,1345.0888159596554,168041.1018946553,23.57496120331725,0.04167428585302946,71.81712113472203,1700921.0,,511,1
970.8059401137785,603.9452551852323,157401.58439097027,19.700296877774406,0.056236571647372356,96.3861362597585,1467133.0,,511,3
1356.4768865091803,265.5615226608332,209593.7322135093,25.915426650021264,0.14260463681207053,71.43913628664454,1742137.0,,511,4
1355.1128308485313,265.64350346561423,214034.70074303902,25.972280398195835,0.13045521137468705,73.27433241260931,1708225.0,,512,4
543.2456465716614,1344.547007775159,170601.43414691667,23.00440720907031,0.03682892310754894,75.90469306331836,1673964.0,,512,1
177.60570050680798,1529.9137184688911,130122.06256154059,19.75434182932399,0.28170877658262966,94.69298342552588,1482415.0,,512,0
969.4716491711588,606.6630539217673,157611.58595629365,19.80229039566883,0.15841137524989266,95.44451504001418,1476436.0,,512,3
176.50217329961689,1529.422002691527,135861.91869271017,20.781652477439785,0.2614172013210916,92.8935097040486,1489770.0,,513,0
544.5774104310567,1344.4915808902133,168963.70990066318,24.17282430578298,0.04874951645679718,71.51325747057709,1706328.0,,513,1
968.0419131505776,604.7481665329277,158028.07950828102,19.81698070262408,0.12856844810558743,93.99938481957298,1486618.0,,513,3
1355.0695354324107,265.16404353278733,215453.59388219292,25.170109237183883,0.14272835406207401,74.83088281715025,1708540.0,,513,4
1355.9570458391822,264.9469672092696,210829.30843692154,25.009954823901424,0.12097258646119509,73.41568579848848,1712747.0,,514,4
969.5772544921365,606.3236071874184,155789.22644085574,18.60371443924196,0.09062097973570461,96.6196072166636,1458618.0,,514,3
544.7791130406061,1343.5346845328452,168143.6028313392,22.998170410815963,0.06161049720322737,72.27450933529954,1691615.0,,514,1
177.32000465020005,1530.3122722748835,134154.04226741102,19.579339042336308,0.24783736307300536,93.95686213588941,1480006.0,,514,0
178.70175018664477,1530.6726763437,133388.74624357597,20.579768075766278,0.287883810439946,92.74351896206277,1479831.0,,515,0
544.8317730696135,1344.5890670092208,172800.94083856075,23.903140048412023,0.08553487876576939,72.97850672424612,1690370.0,,515,1
970.8553412944567,605.78202054709,152208.07866509093,18.586341447993743,0.10369839521290786,96.54448285395058,1465558.0,,515,3
1356.036372540822,264.4040378099231,190923.1764823035,24.415972207278624,0.12175337353310302,70.69792838911343,1723507.0,,515,4
1357.0445211620422,262.63665986230683,212176.85564010142,25.061506380141065,0.10173992538826485,74.55630078442678,1700791.0,,516,4
546.428190027316,1347.25204230784,180365.52678736468,23.600325064595896,0.0663794032931767,74.94061161321248,1676992.0,,516,1
177.7933507749883,1529.9793451069281,134114.10285383384,19.967640517875278,0.28204190003526386,93.77184222371203,1477104.0,,516,0
971.3248085453757,605.1321162588605,160535.4723328511,19.460388473117927,0.12047613590037454,96.84632885399768,1470200.0,,516,3
177.8877287567017,1529.3649534249857,124365.71995393294,19.74762055758933,0.28710263104059597,93.8693546242283,1473321.0,,517,0
546.5243954298098,1347.7285429658746,172564.2810765233,23.564364388019023,0.06409059123216213,75.98947755294671,1676515.0,,517,1
969.3455836649194,604.5039007248398,152218.09846172182,18.864422419212506,0.10838611732892081,94.61434950219837,1480870.0,,517,3
1355.3322681479178,263.91607196793007,208422.3745429785,25.313196533470055,0.14368547442055074,73.38199548005149,1710902.0,,517,4
1356.040394928903,263.6864568470197,206583.8807331606,24.846592448766295,0.10897374305822409,72.65636516982926,1721212.0,,518,4
970.6422046782502,605.7306354270777,156690.7924168239,19.389010929144547,0.133607102228424,95.99675190832363,1464885.0,,518,3
546.3024459853706,1350.2176905839076,178072.09250068723,23.649683648607443,0.07281995221765312,73.78573872169189,1693405.0,,518,1
177.58297070513765,1528.332698365965,127863.90896338088,19.13809785067392,0.252365055528475,93.73800480459838,1471590.0,,518,0
178.13796400274944,1529.5801141072677,134411.2156741263,20.17593873804904,0.3032570591801486,92.7689727361328,1484550.0,,519,0
544.2543635503279,1346.5760337096374,168729.27217446055,23.462627073601315,0.10004101902981573,71.85793379970941,1701688.0,,519,1
971.5193081499527,604.1158124302522,156377.69177577714,19.828538331867016,0.0843866484629642,96.95118052341746,1451359.0,,519,3
1354.8442032183627,263.6998812884259,211059.67839381634,25.367025992542853,0.13110952983262208,74.89953946318919,1709719.0,,519,4
1356.1768559946784,264.97224323166785,206567.50991963383,24.957417036661397,0.08098532957369459,73.4117577785994,1708758.0,,520,4
970.6359318912585,605.5449487165599,152912.55027674272,18.79863226001384,0.13500428503972633,94.49410873040229,1482898.0,,520,3
546.8739101611612,1348.0208938164362,164687.04328332463,22.459611481559904,0.04037629590126548,74.54116943673169,1672916.0,,520,1
174.7320472269264,1525.9062659605925,126045.72928253889,19.422263025182907,0.2567568604157485,93.74116762498076,1475412.0,,520,0
176.02434914723722,1527.448214510104,133090.7692331033,20.219897929198805,0.29259451180162505,93.88221250121806,1471509.0,,521,0
543.9935557795908,1344.8752126237437,171164.3774365325,22.449873349745463,0.07197025956570643,78.29852540587417,1644432.0,,521,1
971.0784671215125,606.2491561805886,152811.7352072964,18.411478798043735,0.11448088902198275,96.9229319344559,1474369.0,,521,3
1356.4737924188576,264.490327033225,209830.16574958476,25.036368609287,0.10552245754970278,71.83699661024379,1732268.0,,521,4
1354.932739866752,263.88486431147834,211426.411724845,25.596614092355477,0.14345605175011025,72.27450979029543,1725804.0,,522,4
176.84430421806488,1527.0520182511852,125576.58821161877,19.032831901705837,0.26236391770185674,90.9019607671757,1502101.0,,522,0
970.4384054924702,605.4176429750239,155084.3333040948,19.24660431676186,0.08724390825578167,94.99999998208935,1479381.0,,522,3
545.3196458360067,1348.297394228197,171293.19604613693,23.267893446733986,0.05294525345000401,73.01960782937064,1691501.0,,522,1
175.94373696522388,1527.219848553232,124963.59999999999,20.008547290549444,0.31567859713783497,94.0,1471334.0,,523,0
544.943769160614,1347.8035623633348,167738.39215686274,23.669456670910584,0.06443313571343483,71.88235294117646,1701213.0,,523,1
970.7910587499098,603.6460901586079,153161.01960784313,19.173184813925065,0.08945376915977507,94.0,1481698.0,,523,3
1355.8890414987095,264.93665332751306,201827.58431372547,24.546435733317796,0.13577173882744026,72.98823529411764,1709012.0,,523,4
1355.0189852713088,265.1971901182683,199703.4883632366,25.281103988990296,0.1377273575108845,70.7097286696369,1734912.0,,524,4
971.3214677541862,603.8777235562484,154821.25667419186,19.151363945839876,0.09478568439081009,97.99446092802941,1449850.0,,524,3
544.9087496112602,1347.9256818888618,171762.00107062448,24.10006437390669,0.04427914779321138,71.47831267691556,1707201.0,,524,1
175.07838173466791,1526.8356209883748,128424.62323620984,20.252034066281716,0.23866743724365225,89.92432885160346,1506912.0,,524,0
176.48462024244105,1527.3367928161051,126861.81093268165,19.29069264352246,0.2713443952889717,91.83964255866238,1483979.0,,525,0
544.5690226152176,1347.5195182434818,173826.65010223354,23.74760402698835,0.05952758183370753,75.81655598459788,1664730.0,,525,1
972.0130669000955,603.6308845347247,147776.23778872154,19.005194648942346,0.09620278455710343,99.26497536127764,1435918.0,,525,3
1356.0659957646626,265.2102789798361,212227.73570843236,25.420473071040803,0.13744289300736084,75.03494200537521,1692809.0,,525,4
1356.8351700913881,265.17752719219556,210293.77867537588,25.57387755571043,0.13297239220921178,70.74246871788827,1728639.0,,526,4
971.6097659347571,604.2461171419977,161695.17646761826,19.9236792672166,0.1293555340436051,93.95484126594536,1493665.0,,526,3
545.1812461581447,1346.720136350936,164835.47886804826,23.243451856492513,0.11283975116273312,71.4793694336996,1701234.0,,526,1
175.7980572567682,1525.6631368504745,127903.12034265781,19.967122785075865,0.3119513699526427,91.74413911851136,1489269.0,,526,0
174.42171663819488,1525.3635617314878,122134.38431372549,19.04107460883741,0.28349518844223404,91.41960784313726,1503901.0,,527,0
545.321164985838,1343.7431841780085,164375.03529411764,23.084644119081698,0.06968912472594412,73.72549019607843,1687464.0,,527,1
971.9971087481543,603.959419460437,161029.3725490196,20.172691607568403,0.10722643958800639,93.6313725490196,1484240.0,,527,3
1355.563937322796,264.96642537221436,215304.9725490196,25.744223015976324,0.12407142829319917,71.51372549019608,1725389.0,,527,4
1357.4349749794494,265.0806434505252,204964.6358412405,24.14036458234054,0.10619209711159575,73.76096341399958,1714904.0,,528,4
544.77813126152,1347.2846768731165,164494.32450956045,23.419091023149722,0.09483623041182748,73.76096341399958,1680489.0,,528,1
174.70215394141582,1523.6580388960497,122884.21218533562,20.30955671891527,0.28993849619976075,89.67780288754685,1505430.0,,528,0
970.5509847724348,604.7303622850302,164743.9471383773,19.345521688530585,0.0732757780093564,98.99497721352574,1454169.0,,528,3
175.06908827759193,1526.2339023485292,121487.28610964662,18.996293936035364,0.27947092967275405,88.66080815314623,1503583.0,,529,0
548.0417813141569,1346.345870115681,166391.37776838714,23.971354988738213,0.06696429955686847,70.77963676091505,1709492.0,,529,1
971.8761510505668,605.6458013429926,154780.16461996105,18.850574588440953,0.1001617726468684,94.9937230212281,1486773.0,,529,3
1356.1227576714193,264.6933414623199,199193.26911422322,24.763520607977956,0.14237637315215007,69.6620635489006,1740140.0,,529,4
1356.1146721924397,264.9178221063166,212011.91049870962,25.199628820749012,0.12758501187311486,71.77459851482166,1730871.0,,530,4
972.4016322763531,603.535386643813,149553.4182515563,18.855361138975617,0.09009262365278221,100.16894518002583,1425143.0,,530,3
546.322319121674,1346.4064365909821,168355.99686688412,23.06608144149104,0.07544223814925993,72.9576962925385,1688407.0,,530,1
176.56934384153908,1527.3941327447737,126148.58928090993,19.396730368586447,0.22827762746990687,87.94360147695181,1524147.0,,530,0
175.387332181025,1526.729484869045,126450.01215544132,19.098417017603712,0.253992373814899,89.67728041282606,1504550.0,,531,0
545.7404198518402,1345.9031198281978,157633.2482989922,23.380172415359986,0.06741847827562394,70.65482699192357,1706047.0,,531,1
973.1580679842684,601.9813525547304,140462.9606999494,19.30531414421785,0.09590488678105398,98.60618712059663,1434341.0,,531,3
1355.2717285932765,263.9289162890886,203834.12909834294,25.23246066580332,0.124937366093304,71.81946699728495,1728844.0,,531,4
1355.4917736997986,262.9762287845865,203824.98368844402,25.00685824736676,0.09238988753576659,69.87138877870835,1740655.0,,532,4
973.8775630543446,601.8626249279984,137605.68975762062,19.943159877987227,0.10920936048498547,95.7914200998421,1471534.0,,532,3
544.5130615114082,1347.0273756315053,171540.64554640235,24.523287608194234,0.10009620651482784,72.12530454576346,1704053.0,,532,1
176.90537055985968,1529.1723403011256,128491.9813535333,20.110410702494576,0.27680838488571974,86.77575703162167,1533450.0,,532,0
177.32962045381328,1528.9177502629996,136177.80000000002,21.26096733016963,0.26397219117889925,83.85882352941177,1573776.0,,533,0
543.9992530898124,1345.8031750729294,165292.7294117647,23.059314264144884,0.07822755877933876,71.43529411764706,1703358.0,,533,1
975.018555879122,602.84471546942,127585.37647058823,17.331714440207318,0.1655543949937033,99.0,1425472.0,,533,3
1354.6901316009253,265.0237498698139,197567.89411764705,25.517446931460967,0.12853257748399174,68.32941176470588,1738217.0,,533,4
1355.8166726099275,264.76608892946854,208155.79607843136,24.827662517427807,0.11355608805949405,71.78039215686275,1721636.0,,534,4
544.8122123149271,1347.896582915306,167728.3450980392,23.474688720229608,0.07082697192854888,71.37254901960783,1706475.0,,534,1
178.10889753102384,1529.8925115127163,123014.87058823528,20.03318752125492,0.26120116027803464,91.76470588235293,1492013.0,,534,0
973.7976200048244,601.5301981244733,136953.3176470588,17.375340386625023,0.1604542335279884,103.99999999999999,1388568.0,,534,3
176.3490076892503,1529.5156459657585,131224.70588235295,21.259810398186353,0.25468596828297974,88.62745098039217,1528288.0,,535,0
547.3534281675207,1348.2248122459798,177537.25490196078,24.28111227708203,0.06773769163688305,70.98039215686275,1710160.0,,535,1
974.1955986474517,600.0326884403916,140794.50980392157,19.6721450324956,0.11264962179019479,99.6078431372549,1423012.0,,535,3
1356.1066621967345,264.85437447793566,209387.45098039217,27.01466230759023,0.1405827996984391,69.01960784313727,1738220.0,,535,4
972.853259341875,600.0994985627884,124554.91764705883,18.149726663049563,0.14089987258481818,96.0,1441504.0,,536,3
1357.0495183601704,264.3653906842892,200413.36470588236,24.784072427259247,0.12354431571066402,69.27058823529411,1740841.0,,536,4
546.4892909367878,1344.1519642475723,160391.90588235293,23.636027637963533,0.06479590091718884,67.76470588235294,1728497.0,,536,1
177.5650808123704,1529.5586826459494,120563.95294117647,19.285997306688913,0.2652776830612657,85.83529411764705,1541103.0,,536,0
177.01169671274113,1529.045956706077,136519.83784656448,20.299604579631946,0.2637434690216862,90.97871606288119,1508447.0,,537,0
543.6034358499537,1344.497007081905,156706.91692193082,23.555215706554414,0.08639671708502579,69.8026355999692,1716839.0,,537,1
973.8522527140145,598.9020570784896,131594.83054038463,18.604073785567152,0.08544036992260508,99.9981577415289,1418770.0,,537,3
1355.6362090457633,264.5559397486047,214235.66099581332,25.975853091170165,0.15657302557345987,70.58693487637333,1745805.0,,537,4
1356.5662382355738,264.52467534936784,202129.80392156864,24.966491927678316,0.1471949431464038,71.48235294117647,1716062.0,,538,4
972.4478337462941,598.5680268114178,134165.8431372549,19.5397625425399,0.10111945168579552,98.0,1435466.0,,538,3
542.2108899037394,1345.2294106572176,159218.10196078432,23.283653814347232,0.09403743177114232,71.86666666666667,1694332.0,,538,1
177.48703378646746,1529.2348172302015,119981.20784313726,20.072079000246223,0.22580063739654863,86.08627450980393,1541159.0,,538,0
175.9378939974304,1527.6785071024603,130636.86274509804,19.80755156383906,0.25969141557421166,90.98039215686275,1507897.0,,539,0
544.0906736111755,1344.4943556540854,169109.01960784316,24.294328638206668,0.0933567704599427,69.80392156862746,1718275.0,,539,1
972.8943775313489,599.3727943734045,133037.64705882352,17.95238573920336,0.0798304417511545,99.6078431372549,1415545.0,,539,3
1355.8654398451945,263.92171588960525,204684.3137254902,25.141141780551504,0.12552587752626787,70.98039215686275,1737849.0,,539,4
1356.407398873384,265.4763914569014,205150.89411764705,25.24162398177966,0.14869408096386333,71.86666666666667,1717246.0,,540,4
546.7436790964443,1346.5368322564784,161014.76862745098,23.525673483815996,0.10156756245442058,70.71372549019608,1696953.0,,540,1
177.33930388633405,1528.0866986126675,119338.63529411766,18.564397966758765,0.24134183429184833,89.92941176470589,1507367.0,,540,0
974.0947155944309,599.1888762371398,133655.85882352942,18.577840837958814,0.17291908739624456,98.0,1436195.0,,540,3
177.00665502235117,1528.3476479469493,129706.0834646844,19.750620113770474,0.26949425029709195,90.62031350148175,1510351.0,,541,0
548.3797187200258,1345.778997607849,166136.6014454178,23.81374322342286,0.05783089164734559,68.73320388459844,1713130.0,,541,1
973.9357790070846,598.0136106038015,130565.82448981075,18.97055771609214,0.10607247073824735,97.9160167071095,1444900.0,,541,3
1356.3095378052305,264.3439913148205,200543.13776315833,24.302829179581078,0.12158091358195443,70.65312578081628,1735663.0,,541,4
1356.450247154428,263.6632489868293,205096.75102355366,24.847890327429006,0.14025313152031918,75.63417122068847,1691465.0,,542,4
544.2785645763013,1347.4819802214722,165444.85095903705,23.66520921268186,0.09038009432207138,73.67473673310586,1675152.0,,542,1
177.3033858723856,1527.0994369953778,129885.4257652855,19.88063727831847,0.2941186569704511,92.87719471141537,1483914.0,,542,0
974.5286030867087,595.9156201893527,138995.22858495454,18.749528087771537,0.12754789623381377,99.93115886671274,1428387.0,,542,3
177.6594378792718,1529.0060015678987,124257.72549019607,19.916841430643224,0.32123865278972347,86.94901960784314,1528939.0,,543,0
541.841185116423,1345.0647786755933,153907.3411764706,22.805487954755435,0.09261988120292776,67.82745098039216,1720863.0,,543,1
974.2156700352324,595.582510076022,133736.25098039216,19.16499768039887,0.0986350778163554,92.0,1495187.0,,543,3
1355.6976225826875,263.1451331627685,194883.41960784313,25.827818456139077,0.1379616729275287,65.30196078431372,1772073.0,,543,4
972.5307356258728,595.9293826615261,130890.30531174366,18.46485348023318,0.11046156819608147,99.59843115367406,1425384.0,,544,3
1355.0941299147628,263.52303712282935,206386.6972903945,25.296545480446756,0.1516859323262296,69.91419284904963,1737356.0,,544,4
539.4108020329738,1344.0151035081194,157541.283160135,21.995171551682677,0.050236220850600304,72.64826742973872,1678900.0,,544,1
177.30339465671224,1529.0655393612005,122628.71309306714,18.925253235401613,0.28652339206518473,92.17737157751795,1489190.0,,544,0
177.55113427971884,1527.9489108148896,135662.31874562686,20.38755765067511,0.31941090629958924,92.98811508746226,1486944.0,,545,0
539.8325784199178,1345.2468875541033,178372.82039608437,23.937714464327144,0.06549283234147775,73.819512415924,1676221.0,,545,1
974.5073884814236,596.312799086209,135681.07950568837,19.947322866778915,0.1380903852936913,103.99986555834596,1388693.0,,545,3
1356.6341478571414,263.5286002528435,210015.6971380837,25.30619894168371,0.16556241850925668,73.41166980589126,1715903.0,,545,4
1356.773985602525,265.1243573899451,206393.97546037828,25.51353261703098,0.12875807305933315,74.15291967949395,1694559.0,,546,4
974.806293369173,595.6319255547602,132879.31441938216,19.40692010739648,0.10826553404049138,98.99997129984794,1424775.0,,546,3
542.8131252120801,1346.0039904988123,171619.36201214817,23.937921069946757,0.04687427601768172,70.65880304538167,1700367.0,,546,1
175.53478815595435,1527.527453287159,140582.28865687348,21.209213047094114,0.271440785224377,85.79997512653489,1548061.0,,546,0
178.56255194487505,1529.470418683061,133059.6054040371,20.907480555077885,0.2611707593230999,89.41176306688571,1517923.0,,547,0
540.9309486825799,1341.2632931757953,162334.5068281866,23.808004103570546,0.08964336760705374,68.62744972239035,1723825.0,,547,1
973.7094750645316,596.6353833795047,132781.9583503031,17.922196178523272,0.11523262146440509,99.99999816691165,1424548.0,,547,3
1356.7670972711053,264.70031880977683,201115.6825878816,25.654840006196654,0.17094693872385822,72.54901827795551,1713989.0,,547,4
1355.7875100151512,264.1161059151957,202144.70588235295,25.413383486206754,0.13117851038683742,70.19607843137256,1734773.0,,548,4
539.0910663860686,1340.4200805828405,161373.33333333334,23.539567773817005,0.0878661870928781,70.58823529411765,1707680.0,,548,1
177.21057848789633,1529.2327817013406,126990.98039215687,19.57283237511449,0.2550451251614111,89.80392156862746,1507840.0,,548,0
972.7079477077156,596.8934744892334,135167.8431372549,18.061758636047504,0.14795995944482265,99.6078431372549,1416192.0,,548,3
178.9597147500016,1529.9830831083575,123568.8,20.033774270871813,0.28398521422258693,90.8,1506891.0,,549,0
537.5727727855618,1343.7593846561522,169063.2,23.3745989804973,0.023760260493965492,73.6,1685379.0,,549,1
974.4733786266422,595.1772331796597,138475.2,17.63922039666333,0.0810810377758799,102.0,1404660.0,,549,3
1355.5363082235556,263.7242643060868,209666.0,25.814811168976362,0.14992403657618603,68.8,1753589.0,,549,4
1356.068667051356,263.9619271418593,202468.76862745098,25.013032940808806,0.12722822803966238,72.25098039215686,1725077.0,,550,4
974.0493816025345,593.2609079224776,136349.89803921568,18.595131736972604,0.12381631493901946,98.0,1441960.0,,550,3
542.1519338322174,1344.4668677206998,170760.19607843139,24.109292867858976,0.09219356707130313,72.63529411764706,1682855.0,,550,1
177.42506620837324,1527.3974587254183,136408.3137254902,20.433741032451238,0.2860934313411766,92.23529411764706,1497080.0,,550,0
175.21336331979106,1526.7910530325014,130689.55979514349,20.206276209485367,0.22607983889984448,92.83724654145725,1486887.0,,551,0
542.4300818998297,1342.8375862648986,166751.89192508784,23.422328829262444,0.054770983948249925,74.66484934610817,1673273.0,,551,1
974.6335690938404,592.3198116124473,143100.51697534102,19.38519474791655,0.1409125096419026,99.94818457441993,1437874.0,,551,3
1358.1442489237972,266.35897024393927,209235.4010987975,24.827108347309736,0.12869336653109203,72.68958878139631,1711574.0,,551,4
1355.4226900898484,266.11186357337624,206339.57647058825,25.189780538607526,0.15217898293362686,70.32941176470588,1729423.0,,552,4
975.8201891431394,592.0049006277021,138492.06274509805,18.736625368429014,0.08708776742209173,98.0,1444378.0,,552,3
546.8775565340626,1342.5869209731775,162164.25098039216,22.828093147928154,0.05459042409832911,72.63529411764706,1693294.0,,552,1
176.77020513599757,1526.3044765233246,126458.43137254902,20.881878195097062,0.312431366386279,88.7764705882353,1515759.0,,552,0
178.94456228306979,1530.5641242551285,120982.16129575555,19.0016603171566,0.27153913304766847,89.17548557249066,1520197.0,,553,0
548.7952416778169,1340.8606477755927,158040.78397100704,23.276526520084847,0.10316722080047322,71.86716347825197,1686519.0,,553,1
974.5421886369998,592.4961908760146,134440.510527641,18.272918163314547,0.10063379874745108,95.94830726154058,1468070.0,,553,3
1356.800070188345,265.1714003137832,200495.08792520166,24.158831218336434,0.12155346339658749,71.86716347825197,1732489.0,,553,4
1356.481908542768,264.33576893128105,201610.9176470588,24.786582961913467,0.12091486953902122,72.65882352941176,1723927.0,,554,4
176.71814035314344,1528.0846689241766,122404.51764705882,19.78603332309017,0.22684887817723648,87.71764705882353,1528978.0,,554,0
976.3022145650657,590.533881114531,139193.97647058824,19.11578171319374,0.05261465192947814,96.0,1458676.0,,554,3
549.517329852782,1340.667480363106,160082.82352941178,23.302377501756613,0.09100943546004209,71.52941176470588,1701046.0,,554,1
176.59341830466832,1529.1628777641279,131504.75461572275,19.520556952470482,0.2620944786508539,90.873985837032,1493804.0,,555,0
549.8389560485159,1339.9229132664225,160601.7971119774,23.678364400077466,0.08122012966212548,73.50695743262143,1684663.0,,555,1
973.4347882821165,590.0068279620222,142377.72605002826,19.382111662740538,0.08986863963757512,102.99051728196959,1406098.0,,555,3
1355.9785164854443,264.34887855313275,207191.87993966995,24.66922383383313,0.14111862155142207,73.91084181411935,1718012.0,,555,4
1357.3324782955613,263.1830352127025,201811.97647058824,25.11615370899251,0.13969277248751802,72.63529411764706,1707007.0,,556,4
975.1844607186333,591.2242170329288,137963.63137254902,18.820659455786082,0.11620383170976373,98.0,1427958.0,,556,3
543.738963953434,1345.5342956659965,164401.72549019608,23.725911894519847,0.08293947970446366,71.86666666666667,1703352.0,,556,1
177.6619782121321,1528.863739597857,131480.2588235294,20.23277733147526,0.2400639505872535,88.00784313725491,1525220.0,,556,0
178.35198603596578,1528.8553420828484,128140.95686274511,19.62338587131315,0.2573764915773717,89.92941176470589,1516988.0,,557,0
539.7105520505097,1346.2821910017547,166235.28627450982,23.15494964570533,0.05982478446725616,76.47843137254903,1646440.0,,557,1
975.0669283874062,591.4022311321281,137834.8862745098,19.229352872339778,0.15982512658943202,98.0,1443158.0,,557,3
1356.1714292344961,263.64292255702316,215279.86666666667,25.504877009412294,0.134087907550482,72.63529411764706,1720564.0,,557,4
1355.768474095471,264.06623603832566,205432.24209195212,24.75290463088826,0.10838437875370739,76.22520019450708,1683269.0,,558,4
975.202467436688,590.607652015354,141142.0231085452,17.89055541883559,0.10558664580855918,104.50229058924359,1381362.0,,558,3
535.485445137651,1347.4087121212121,165531.62829336183,22.616546156115206,0.024444531293179736,74.58594857742091,1664380.0,,558,1
177.40027974589222,1530.8182946235745,129794.30378926617,19.604336393531227,0.22717375506954063,90.97846474828265,1504996.0,,558,0
176.0365971270494,1527.8978083458821,134882.35337177318,20.6212114592213,0.27428943641926923,87.86306287012957,1530339.0,,559,0
533.0226769899231,1348.8129675367761,171402.5783998056,23.92819677496402,0.08528312106348408,72.64867968915475,1694360.0,,559,1
975.5174625975056,588.4552587596493,140871.1149513844,18.95304624163199,0.08152740128592685,96.99169277871445,1460906.0,,559,3
1357.0003774953552,264.86473823287764,205547.83821328788,25.417856320513625,0.12273931776005627,70.7468817915329,1739415.0,,559,4
1355.234636087508,264.7897843054327,199912.3137254902,24.80274896581615,0.14728253298040422,68.7921568627451,1746451.0,,560,4
532.6188249748687,1348.3290963922707,172038.0392156863,22.877275374978506,0.05213517186999117,73.78823529411765,1679918.0,,560,1
178.87833737578484,1530.1589703201432,122481.16862745098,20.00259521099012,0.22757573823233246,90.31372549019608,1516392.0,,560,0
975.8931652060364,588.1525566779377,144800.9568627451,19.1670105134687,0.10083685021859884,98.0,1440580.0,,560,3
178.18954317068557,1529.8177217698944,126645.86559100717,20.161363452650296,0.28455197854695236,87.1009109566976,1540314.0,,561,0
533.8827092196714,1348.024360848777,173260.8277924045,22.913364988691633,0.06680387847950829,73.7885446532722,1674916.0,,561,1
975.6045366066818,588.7608310491399,143619.5129811975,19.22079773749243,0.11545924641711675,96.60974403057288,1458779.0,,561,3
1356.0585753344092,263.5622967814462,204360.417243821,24.8445898846044,0.15417344145120881,74.16889797622721,1698795.0,,561,4
1355.441184425603,263.91770445021973,196085.31764705884,24.947348745673246,0.13720923484464664,71.48235294117647,1721183.0,,562,4
976.399473650358,588.2524012692423,143401.2862745098,19.00141018556047,0.1121755444749735,98.0,1447092.0,,562,3
531.9026901645377,1346.8201738246685,175459.2,23.7780929632966,0.08957015714309391,73.78823529411765,1681279.0,,562,1
179.10799781719618,1531.6998944578372,128174.77647058824,19.75606715417339,0.26531605854119394,86.85490196078432,1538190.0,,562,0
177.69008470950118,1531.2345325118715,131059.21566280095,19.664908756955885,0.23745680946256356,92.94117645394186,1486221.0,,563,0
526.7946411426377,1344.649888900065,171546.66663594154,22.0834519566442,0.04937245930528271,75.68627449624802,1656295.0,,563,1
977.8603925780948,586.9129067407549,151876.8627178959,19.575884971932304,0.10925005816880055,99.99999998208935,1430723.0,,563,3
1357.2869524115633,265.0072091660207,207415.6862373603,25.008841113142157,0.15389503856206244,72.54901959484914,1716362.0,,563,4
1357.1824791790816,264.9975036700048,205053.81338052405,25.15860078061716,0.147875752718025,70.78426284192739,1735454.0,,564,4
523.883036209711,1345.6842131922429,161809.47191787983,21.82558929419107,0.07304436983145154,75.62739661532243,1659339.0,,564,1
178.04520456746923,1530.3143022114805,118074.48374911548,19.60207822406541,0.22578925573292072,90.90189543910675,1499415.0,,564,0
976.5861735774139,586.7649333917662,141114.76130416285,19.370271145725194,0.14262960949799092,94.99993170890255,1472427.0,,564,3
177.6824891532051,1530.4654681224326,125110.6,19.149667808231932,0.25201159751337027,92.8156862745098,1473618.0,,565,0
524.5823375918774,1345.396309405397,176683.7882352941,22.82049081328788,0.103670830796378,76.83921568627451,1653328.0,,565,1
980.2131508635771,587.2676028711685,143509.7882352941,19.361531778640167,0.09659848864080738,97.0,1451279.0,,565,3
1354.6195251594613,263.7706311313365,203958.66666666666,25.267684805067884,0.11918054074282691,71.89411764705882,1719181.0,,565,4
1355.7212885332017,263.22137656760225,211726.5019607843,24.650708803882086,0.132332969206208,76.47843137254903,1683839.0,,566,4
522.804341149712,1345.7514483968919,166432.82352941178,21.276508159299496,0.07208442760531865,78.7843137254902,1629213.0,,566,1
177.26588107129888,1530.1337873475293,129116.34509803922,20.27383047819434,0.23408645784492604,88.7764705882353,1520127.0,,566,0
982.4921045504128,589.1166265371589,154665.90588235293,18.575413151678493,0.1026832594785158,98.0,1443339.0,,566,3
179.18226724505405,1530.8307966199443,120800.12954300981,18.134051819997257,0.26318965930123617,90.87043670645907,1503026.0,,567,0
527.7089004977687,1345.29746323834,169092.08725019865,22.16683552874025,0.040308873803415655,75.34673710243898,1657528.0,,567,1
982.0031256378247,586.6774018995903,159535.92495005566,19.603464009080717,0.07711788326590674,96.54983900061276,1472401.0,,567,3
1356.982092003166,263.6367971980383,204747.75347971515,23.859252702827792,0.10628010640649908,74.96811028282873,1714675.0,,567,4
1355.3801789869876,263.3248909391579,201247.62352941177,24.357135734908585,0.13851825335629972,73.78823529411764,1698889.0,,568,4
526.1530738701072,1345.5212467563292,164954.7294117647,22.046591883645217,0.07085288991092348,74.91764705882353,1667320.0,,568,1
177.67053473588985,1529.559562432522,139827.57647058825,21.18619550779095,0.23522551550366347,86.58823529411765,1544280.0,,568,0
984.3557397928532,587.1453896618846,156660.70588235295,19.857342795878605,0.09243034629317964,96.0,1482357.0,,568,3
1356.5627867096196,263.3346760802796,209014.48963010564,24.81360397827601,0.1342492002086545,74.50979672997666,1707860.0,,569,4
524.5037963905868,1345.7002508351093,162125.08239110644,22.034402018680186,0.07730427224269314,74.50979672997666,1662824.0,,569,1
179.79579638111946,1532.7479452944808,132789.39894803992,20.533755631377016,0.3075657699440877,90.19606972576122,1508026.0,,569,0
982.4536870416124,586.7343394354415,161264.29816046276,20.05133705850035,0.09883226947903044,99.99999034812657,1435805.0,,569,3
1355.6875507828404,264.65051899390335,205517.5450980392,25.358247210835742,0.1826140549924851,72.61960784313725,1720762.0,,570,4
981.3275927122489,586.7277846689336,156317.9450980392,19.685409617744824,0.1427573559823998,94.0,1485878.0,,570,3
522.0517276966339,1346.5022582456484,166092.83921568628,22.071342540033537,0.09817879827407196,77.04313725490196,1647941.0,,570,1
177.55263235086278,1532.5652747815375,138237.87450980392,21.377616579501446,0.25471124407043927,86.62745098039215,1543967.0,,570,0
178.7912958099268,1530.1729985895286,125718.55376842697,19.3621371307906,0.2228581389560348,88.66122077002947,1527652.0,,571,0
519.6413470590164,1344.8512226192763,163195.4989237447,21.29463887320542,0.09569407230458961,76.81424730506865,1649992.0,,571,1
983.0096046476535,585.2846511744882,151954.63190766863,19.599501799823067,0.14579326452925295,97.4509107601617,1457483.0,,571,3
1357.7632179543095,263.8608176294536,203281.8355248286,25.763754174456825,0.14114268277548175,70.69968035541143,1731033.0,,571,4
1357.2614349601688,263.0166719972195,212120.29677340222,25.330304232230265,0.1232963123764595,71.76467361215995,1726919.0,,572,4
527.7216616208523,1343.2320503696913,162562.67199899853,22.45215035510602,0.0633226688547171,69.80389018013373,1714217.0,,572,1
178.6078914363569,1531.6069049316213,130387.00019282092,20.625551375545708,0.252967635465055,86.6666276955593,1540997.0,,572,0
984.8544567661087,582.9094281022323,144952.48383928457,18.48578480104723,0.13461039864503824,99.6077983469324,1438179.0,,572,3
177.47063276359563,1532.4727556626938,136180.7725490196,21.181430239783847,0.29270610269979064,90.15294117647059,1511030.0,,573,0
530.9930174302398,1343.8800372694661,174327.63921568627,23.52654903843245,0.08005437298670763,72.65490196078431,1695336.0,,573,1
983.9363186604085,582.4294394054717,143934.30588235293,18.60042088245652,0.13823317317532277,97.0,1454594.0,,573,3
1356.0786298411936,264.15215027398136,196248.4980392157,24.24505208880358,0.11725797775630045,69.9921568627451,1739406.0,,573,4
1356.432255016724,263.7031799304479,206639.93293019518,25.77411390833926,0.19340798375046536,71.35153739951,1721995.0,,574,4
983.4528108398897,582.7578368412794,139921.14892326767,18.372712718479512,0.13661008465356952,99.9705606421706,1424699.0,,574,3
530.5250212433687,1341.9666858048365,170706.59302125624,23.041887131273185,0.037194881026509814,72.52766164235906,1683890.0,,574,1
177.65095207671638,1531.1091869518566,128247.33173016211,19.211923345584513,0.2378220526314392,91.73769094222713,1494655.0,,574,0
177.14448747253724,1528.4537377111028,136975.4065697428,20.20022600425385,0.2691993216968364,92.71320876982657,1498739.0,,575,0
527.2136394523721,1341.0885561830921,170548.6073372656,22.5120384394799,0.07340148035280646,74.85451691662227,1671207.0,,575,1
984.9414430742122,581.5620533552759,143613.14035662846,19.08043900665499,0.14119439395022215,96.89290260781056,1463535.0,,575,3
1358.4927343849831,264.264857844175,199226.626676175,24.201091428151578,0.10910442145310423,71.81473957990664,1721816.0,,575,4
1355.5690449285112,263.66505896902817,203728.91152306556,26.09831435639924,0.2020640995634994,70.65738107998013,1734330.0,,576,4
985.2538386719561,581.8601357332547,142095.87562552575,18.1700048728513,0.13890034452959635,98.99797898568644,1446126.0,,576,3
523.6068874140848,1345.3519679170954,164086.238463511,22.336949218167874,0.03454500482294769,72.98674529140806,1678211.0,,576,1
176.49906312834207,1528.3085482535591,124730.46542933064,19.451054486721645,0.214790686255222,88.90406740283214,1513983.0,,576,0
176.38022053940733,1530.5186041040697,127740.63137254902,20.408039766717305,0.21579974982806183,85.96862745098039,1545584.0,,577,0
517.5884789064526,1344.6064462154902,155503.55294117646,20.55779311462985,0.12324597934098547,78.74117647058823,1627687.0,,577,1
983.1002892739072,581.3672426635648,149119.8117647059,19.605089291859656,0.1287733978925944,97.0,1455971.0,,577,3
1356.2842912272242,263.09278115263794,206703.9568627451,24.741105827527655,0.12464637164417189,72.65490196078431,1719072.0,,577,4
1354.968158185198,264.4264824416173,206974.63113133117,25.858007769431826,0.16504521253764096,71.39025632289292,1729580.0,,578,4
986.756875547341,582.5599814936774,159177.35157038967,19.10085540948091,0.11837905471262782,95.81323874914577,1469387.0,,578,3
515.7425776612471,1344.3410517099912,163941.33609627365,21.427481681240675,0.11627875566442969,78.90502014635534,1620712.0,,578,1
178.66357460804994,1528.6978608603042,127714.53839431723,20.517843686527634,0.30350654070591515,92.43159502858768,1492214.0,,578,0
176.69727521087526,1529.8555138421439,124549.56596921764,20.174927860542887,0.24368707141631407,88.97514412043058,1517345.0,,579,0
516.759036258549,1344.4568808944973,157419.739086244,20.613460817358792,0.12745646941068767,79.6681206768709,1614952.0,,579,1
985.93559369923,580.2573191118646,158111.43706856936,18.9403825072227,0.05257598176690887,94.93163912430879,1482978.0,,579,3
1356.053200622618,263.5881930265285,199468.87100424664,25.248627850083768,0.12099833884433811,72.59478285976554,1707602.0,,579,4
1356.032929147347,263.11921728230374,210506.93105871743,25.88344308659105,0.12075217203336794,71.14378489407346,1728769.0,,580,4
988.8946039947418,580.7591104944132,164939.14862299224,19.686468011018373,0.12834964901751003,95.98764628565466,1483597.0,,580,3
518.4637889184771,1342.6628647084153,175705.19831481972,22.11041297847419,0.08990534679356631,77.9193834554138,1641552.0,,580,1
178.11508157169467,1529.2794404081471,123879.39776341214,19.208025173573972,0.22380006670192557,88.83562558201766,1525539.0,,580,0
177.06520311473872,1530.7623481021722,147721.2,21.184095060634604,0.2516263964484809,88.98823529411766,1522346.0,,581,0
522.707635626383,1343.8405205960257,167292.4117647059,22.738983835211574,0.10524822254866745,74.76470588235294,1672117.0,,581,1
985.302703844529,570.9498756527685,167472.2117647059,20.016506979427128,0.12120260788275257,92.63529411764706,1510683.0,,581,3
1356.685563581562,263.4331912903393,210541.05882352943,24.803694560908557,0.14007142044410595,74.03529411764707,1701477.0,,581,4
1356.7501774191787,263.43706441317016,203263.26257142393,25.649022382451562,0.1390623158584416,71.75572734376419,1716471.0,,582,4
988.4371108189495,566.1566693016258,179208.44954151823,21.39856143796951,0.1557702048873038,89.87959662131288,1529897.0,,582,3
515.1696112186746,1345.120668791554,161999.28085016093,20.727949738937582,0.11208632993653753,80.6327245409309,1608753.0,,582,1
177.61358346214686,1530.5306265450106,122991.53591651113,19.591171795121205,0.2661321814713398,89.50972173809761,1511903.0,,582,0
178.96640500482485,1531.4896293003437,134545.7179692771,20.671907079397077,0.28106648813993373,89.71562332741205,1512352.0,,583,0
511.59765579802377,1342.4130840256405,157596.79800192913,20.052849837744734,0.1472364690954175,83.88046083457223,1578148.0,,583,1
990.9160719779458,564.8361695410792,181371.07348603752,20.98779819090371,0.08657820548855574,86.79804208099215,1572887.0,,583,3
1357.7747972529512,264.4220956892168,207264.60704801418,25.76596570843567,0.1432906877374396,68.92785694667023,1746553.0,,583,4
1357.0966848744984,263.2323034777633,202494.902297838,25.419976105836522,0.13825710396445023,68.9215620684073,1734900.0,,584,4
513.8847306658784,1343.1517822744202,153752.08340712378,20.111133180339458,0.07085080080455579,81.96077651378165,1588423.0,,584,1
178.272149623772,1530.2142880483377,125411.53708459469,19.8008099822356,0.26359242840059055,87.9215602602385,1528954.0,,584,0
994.7939558986274,561.211359457292,176064.04206808005,20.976604772702622,0.09237769335591642,87.54901127608494,1557351.0,,584,3
1356.442071907842,263.8950465700368,204176.4684779321,24.80554838786557,0.14757329596027102,69.94434635326583,1739694.0,,585,4
512.5235247368781,1341.9926021653464,151323.52275856072,19.597952192045714,0.09688886087750012,84.57556166185715,1565998.0,,585,1
177.79728405129464,1531.1942532491203,132155.91698648615,19.59110074328576,0.24898164424727454,90.9990220412387,1500955.0,,585,0
993.7502078471341,562.2256544983989,182423.7767620664,21.51797780611824,0.11305377107021702,87.78729185154792,1558929.0,,585,3
1356.354310492671,263.9123021464192,212246.95137874794,25.045127825537733,0.1277081908513408,71.72940461015797,1733456.0,,586,4
992.5323881561908,564.5887255811678,174987.27274222064,20.776416223963942,0.1059404809870461,88.8588146663151,1556315.0,,586,3
511.92430277065785,1342.2739662244053,156351.1883265407,20.02225883861269,0.14716102755012883,84.93332486177908,1577049.0,,586,1
178.01370062008834,1529.8847780698932,125287.00318969975,18.357410563593287,0.19785198126321393,89.92940279482491,1517004.0,,586,0
177.95510684063726,1529.4101634519927,123342.1559903302,19.44978022039481,0.24328085014651543,85.64212717382759,1543473.0,,587,0
511.0049908673545,1343.0149627289331,147647.02724767875,20.072914182879792,0.11291164953017513,82.72665050408025,1582502.0,,587,1
997.3549677733436,554.8362341755969,178165.14372284256,20.555972975743423,0.10397842661164623,90.74421134588539,1539761.0,,587,3
1356.7240646893529,264.109719033411,209840.70443589607,25.949433880103754,0.1477895160832456,70.70030924137255,1734658.0,,587,4
1356.1289797469203,263.87891548986227,197898.05271236488,24.83229550901347,0.14832882416561843,69.66346429847489,1741029.0,,588,4
508.17543892800705,1341.4845651819605,156046.52861834195,20.29699185784025,0.13105500599963657,85.8814136589664,1562804.0,,588,1
178.00273885408794,1530.6286695289477,120447.3925925467,19.98718440673996,0.2920626401861626,90.67308051547525,1495158.0,,588,0
1004.8973782912954,554.4946277836514,175711.16080769608,21.77090985467961,0.09324197507712118,83.66987510980847,1595630.0,,588,3
176.9099871984581,1528.9750783346021,129711.39394660764,19.38852288989026,0.2551782184963744,92.82560502424458,1489211.0,,589,0
509.9592876600545,1341.5525146704108,154088.65522460805,20.463671316057255,0.14107003279115013,85.42914247251194,1563435.0,,589,1
1010.37518567096,557.3911626829299,178765.84305908123,22.42068867035847,0.10137399493530269,85.79896560009857,1571313.0,,589,3
1356.161196947084,263.4971274898776,208889.78591665035,25.293730797269436,0.1428833052365615,71.37586362421993,1722165.0,,589,4
1355.125086475035,263.7588204535694,203346.3401459505,25.471163060761757,0.16946356428211037,69.0586633836125,1746279.0,,590,4
509.5423764817912,1341.7662243166365,149647.20043426147,20.041480954399958,0.13525978252525026,82.94347401100548,1578180.0,,590,1
178.42904413991312,1529.5624328981924,132729.28946428982,19.6261093610868,0.27720068857901203,90.25126907805442,1507207.0,,590,0
1013.9268437247241,557.1252744242975,170761.97811123932,21.288814303309998,0.0605301477971091,83.67425351771038,1585365.0,,590,3
179.66767452302062,1530.7294303527688,135231.17251864527,19.4288185773114,0.25913910898534825,91.84446303788049,1495773.0,,591,0
514.7538339408305,1341.0289787338716,171849.06035945512,21.06069459271383,0.06731938877891544,79.54729643866636,1631397.0,,591,1
1009.867182431487,557.794980303692,181253.31851620413,22.33698294730509,0.0771311978674383,81.85301517601901,1605380.0,,591,3
1356.459545003176,264.0841323659656,214779.6218166803,25.822098161023344,0.18021218873834102,70.70870794548121,1737121.0,,591,4
1013.233142510157,558.56575210032,186512.12431097584,22.031354392876835,0.08669369723605234,83.82349715756608,1602179.0,,592,3
1355.6884748891325,263.2036981154717,211111.15406127332,25.46038635593279,0.12613765124702922,73.76467749865814,1724078.0,,592,4
519.4908227889481,1341.7617630008674,170945.54206550145,21.359538621364315,0.07915148399244515,78.98036176624004,1625465.0,,592,1
178.18478728790384,1530.921526794441,137600.55489622167,20.333082661827106,0.2808954000747911,89.78427917765967,1513166.0,,592,0
178.73636416218403,1531.3572700621935,121036.56755804297,19.43263402842658,0.2660696583124554,90.64173940618942,1500692.0,,593,0
518.106218886923,1341.1408214869198,163058.96225640512,21.5358646107095,0.06381537091470674,77.00863225973004,1651042.0,,593,1
1010.5681881226085,556.1913146880532,180648.2497118249,21.649440548731718,0.09736204559567939,84.746341721234,1591484.0,,593,3
1355.3747820161107,263.93963200475287,210867.3213201957,25.220989409666213,0.15376274311957389,72.21862164070376,1724203.0,,593,4
1356.0394922207602,262.30900568499453,209561.94529454387,25.14046178835293,0.1600798862354492,70.65242627608019,1736516.0,,594,4
1012.9340865850838,552.942551922094,185487.49151253217,22.243852081351775,0.06168513049167345,84.71081721876962,1589135.0,,594,3
517.0210792451014,1340.4166923650616,164817.33116802713,22.185898955528586,0.1367689451831428,76.78044284084224,1635646.0,,594,1
177.31511081336959,1530.1711447854323,130216.02634244211,20.52715810118645,0.26563778318151854,87.95506128246717,1529765.0,,594,0
178.02286705215204,1529.8236348631935,133626.6274509804,20.582992055379425,0.2801929207974026,91.64705882352942,1499271.0,,595,0
517.5304765210675,1340.2487063426565,162061.43137254904,20.926241549671015,0.1004362337524315,78.98039215686275,1628307.0,,595,1
1012.4415714834065,551.7547602004295,179555.58823529413,22.663003760350495,0.10560037603072525,83.82352941176471,1587649.0,,595,3
1354.6847081737656,263.0930383401058,203900.54901960786,25.558959074177434,0.18684518550461085,71.90196078431373,1721183.0,,595,4
1354.1734605880986,263.7304577229305,204475.0011731027,24.93378415808862,0.16039532949359292,70.89280475164067,1723962.0,,596,4
1010.6646561178129,550.2519306236459,188353.905400189,22.36675979591853,0.07866212117245863,84.9274209207472,1580896.0,,596,3
514.6072396359959,1339.5775867880013,160156.56220668872,20.715218364274225,0.051482583834577364,79.889353577991,1613614.0,,596,1
177.6876800142206,1530.091645118195,129565.05743952008,19.31097928419381,0.26065238574705984,90.6852121696114,1508766.0,,596,0
178.95838312751738,1531.5806472137388,131836.80000000002,20.35110016752394,0.2224111693839677,90.08235294117648,1500572.0,,597,0
523.7863127589003,1340.7602116441826,174939.56470588237,23.262217029998286,0.06508486077953765,76.95294117647059,1653112.0,,597,1
1009.0561789489168,550.6502805270126,173559.8823529412,20.606623752733224,0.06344005684812652,86.80000000000001,1570069.0,,597,3
1356.3454634171844,263.6747793355233,209281.00000000003,26.04481784071967,0.1888993660160572,69.65882352941178,1741115.0,,597,4
1355.1329594443703,262.3548174942453,208340.5200059102,24.598460715284915,0.1274010765571071,71.89841275666413,1732451.0,,598,4
1007.2825675931178,548.5030172685448,191130.82558491974,22.329216941580732,0.12137660407128568,88.83782937472637,1545900.0,,598,3
525.5160433482189,1342.8830263235625,172045.37309708924,22.265759208782658,0.03536624640519752,74.90986459987519,1662631.0,,598,1
178.47613764347176,1531.806451793205,134695.84161166404,20.757539045762893,0.28501326861909215,92.22571269833881,1503075.0,,598,0
177.94744260227736,1529.0870716390912,130682.01972084578,20.00770815502943,0.24658496845827704,86.50166643909071,1546205.0,,599,0
526.0356665717602,1342.0464530541624,170240.4994802777,23.29466077857524,0.059774459929817815,71.58758601855783,1702846.0,,599,1
1006.8370981191913,548.1409871977118,172587.9757384696,20.41771034108771,0.107834053215449,91.72159458627722,1518844.0,,599,3
1356.536252263769,263.4586751180711,209997.70936131326,25.544586079779947,0.15830811263943143,71.58758601855783,1737230.0,,599,4
1355.5339041566472,263.84312435589146,205482.35294117645,25.019893699379942,0.16467264988732636,70.94117647058823,1732934.0,,600,4
528.7736846305038,1343.4424966821778,168076.23529411765,23.195000514519947,0.09724918308347008,71.6470588235294,1696568.0,,600,1
177.7026438258743,1529.7948895182722,141439.41176470587,20.41158962585133,0.20529231304428697,89.6470588235294,1529218.0,,600,0
1014.8084792828525,547.3679443697065,167644.5882352941,19.921608796452755,0.10370230450651266,90.0,1533108.0,,600,3
1356.268140633271,263.74839951964174,207169.99747929958,25.62105763131104,0.13851132567482508,71.69113768297129,1712637.0,,601,4
524.7612779323499,1342.2297167830332,162254.78990767366,22.54174819047244,0.05157311528828594,71.69113768297129,1691285.0,,601,1
177.60401061991843,1528.6051421600826,128596.15567214084,19.058043164700564,0.2352892296808554,88.72665554823179,1521837.0,,601,0
1014.4888985775348,546.9110052603914,174201.65662393198,21.882938410843305,0.0831287419095679,85.88740257068838,1562392.0,,601,3
1355.4647123727812,263.96455790059053,204308.2131298484,24.021429664808597,0.15061981157607401,75.74384937155092,1692049.0,,602,4
1019.180559699637,545.197513136738,174072.35051571627,20.628100751651523,0.034084931443612715,86.92508427877986,1558239.0,,602,3
525.4136730946996,1343.446695036911,169343.77020494945,22.713479813858203,0.050991956642356735,71.77631440446967,1691259.0,,602,1
178.04705819921756,1528.9454004604993,122343.26892991408,18.489831921837453,0.25622539465472494,90.8926192458611,1497221.0,,602,0
178.29018181621674,1529.5944841785577,137183.7441948411,19.597775300736817,0.2363866078813751,90.8135858992758,1501188.0,,603,0
522.502799849874,1341.76631387057,172833.08067422375,22.255212632179514,0.06436806421282817,75.98687799735322,1659734.0,,603,1
1013.7845086996896,542.0570500265758,179226.35712153278,21.822900246950613,0.05313176907267801,83.77089964586257,1589784.0,,603,3
1355.1029641844577,263.7160028651026,210619.68709766853,25.189775519145847,0.15265800391534406,73.76287181206483,1709094.0,,603,4
1355.8682276722068,264.3775521989425,197580.7744565559,24.50455628721905,0.1444532283651168,69.88582425330691,1741424.0,,604,4
525.6445996238596,1342.3383401706649,170440.47198365303,22.914107002544657,0.03702761177119044,71.66862589242189,1701021.0,,604,1
178.60614210411583,1531.1523654691148,135759.9882582773,20.534460612755076,0.2805423994020879,90.92288359486358,1505857.0,,604,0
1013.1242015642016,546.8161587961588,180080.79356700333,21.589913889230353,0.07990467901649374,86.64415966098764,1561686.0,,604,3
177.3519749968532,1528.8004408224042,133250.05098039217,19.50894464710577,0.22858552496001833,88.85882352941177,1535019.0,,605,0
523.7045532700757,1342.9673077331295,168114.4705882353,22.311580704915894,0.06336748853768195,75.65490196078431,1658316.0,,605,1
1016.9150470676441,547.7361254581806,171351.21568627452,20.85863908492534,0.123061632732857,85.64705882352942,1562684.0,,605,3
1354.1499427932754,263.70652288930336,215839.1529411765,25.66308174142417,0.19155455750225064,72.80000000000001,1724364.0,,605,4
1356.2168991042308,263.18473969445057,205788.529648104,24.49196074104502,0.14959063723836014,73.89421126746142,1708324.0,,606,4
523.901789219231,1341.8292266688704,174466.03510031218,21.75153275250087,0.0478029832242167,78.94064520767829,1650443.0,,606,1
176.61080629934187,1528.109239673266,131724.54192451102,20.385482207923435,0.2408654597238473,88.67305352095369,1531074.0,,606,0
1019.2168597450822,547.9746460577126,172595.61040632753,19.962970737331073,0.10671866781501486,90.83581092390378,1519271.0,,606,3
176.70077898990792,1526.7330841596183,129270.73544049157,20.8448224324973,0.23922809877685394,88.85346908520417,1532535.0,,607,0
530.1440329393149,1341.4081408257798,167786.03797961777,23.822260463222193,0.09598503573435564,70.65456577859608,1702437.0,,607,1
1023.7333150916644,546.1565529049858,172144.49690092975,21.477060626342702,0.10893615179810306,85.99873915475584,1564493.0,,607,3
1355.1607973967205,263.0183204291459,213067.40729514783,26.34188192527133,0.19488234641275223,70.65456577859608,1740651.0,,607,4
1022.0403869735846,544.7060392964822,167407.89019607843,20.052026838736634,0.11231965403563757,88.75294117647059,1539695.0,,608,3
1354.1135572774092,263.0317303677161,202175.59215686272,25.32460404268695,0.1603220913375314,69.99215686274509,1745685.0,,608,4
530.2924086093402,1341.328842673184,156477.56862745096,23.139803638606786,0.06832431410342131,70.71372549019608,1714147.0,,608,1
177.53028849390694,1528.8624688615096,128609.50588235294,20.739918285397728,0.24717446068829457,82.98039215686275,1571732.0,,608,0
176.87671486313215,1527.9790374925162,135828.25407015177,20.01715701082872,0.28193256483180484,88.65094401643121,1522948.0,,609,0
531.5142197465509,1344.6668905305573,159025.13474796305,22.963298357519896,0.08221530007132886,69.10585399706055,1719259.0,,609,1
1030.3269459644969,539.7753673839076,166276.01412568495,20.794190318373246,0.12135489501776557,87.95290508716796,1546802.0,,609,3
1357.1410288427849,263.6114853027784,187271.28002059998,24.288813000188505,0.11931720474006284,69.80389292632378,1730190.0,,609,4
1356.4565761473775,263.0496862066045,206758.35279452972,24.888781425673397,0.15719302531096385,71.90195391452394,1728648.0,,610,4
1026.5299247804128,538.8244547330842,173645.82654646342,19.929999284142042,0.07799378899681894,92.76469701925627,1507537.0,,610,3
534.2162443066087,1342.1763226025018,178147.70846927742,24.183904179551835,0.07135265691766891,69.66666001044547,1714335.0,,610,1
174.84709771825268,1526.491866125708,143337.84905004752,21.074859989713485,0.25352122468963173,89.78430514715166,1511672.0,,610,0
177.28732129440385,1527.943552412427,140319.5137254902,20.360797562278883,0.2824501271319287,88.83921568627451,1526881.0,,611,0
532.7332404514156,1342.4175665095242,155840.5725490196,22.5779024149033,0.09846211268547449,68.93333333333334,1714718.0,,611,1
1026.0562122182528,539.5429847500579,173243.47450980393,20.335678411500783,0.1303958687542339,87.73333333333333,1545247.0,,611,3
1357.3639557565868,264.1179434573006,208061.81176470587,25.770715660211955,0.1735221703818515,69.67058823529412,1746873.0,,611,4
1356.3453780029483,264.2141947495553,201709.6,24.52804106363146,0.158324701923854,72.59607843137255,1719856.0,,612,4
528.2728123813257,1341.1906506450807,171863.8862745098,24.046936027614368,0.07691845184209078,69.80392156862744,1713048.0,,612,1
178.63222527727146,1528.7760872027764,135568.98823529412,21.420523986794667,0.3120566759674373,86.90588235294118,1537597.0,,612,0
1027.7208839122034,537.3403379081406,176106.56862745096,20.743404236127063,0.1183840855604396,88.65098039215685,1548226.0,,612,3
177.5701458670111,1528.0617829514038,134066.10741404473,20.07059289116124,0.24814763784567218,89.665641864317,1512772.0,,613,0
528.519689881863,1342.1395820243379,163506.93152415042,22.800283631283097,0.07670101350120412,69.69960825080511,1706807.0,,613,1
1028.5404354259142,536.9221411963645,171744.19095549948,20.0875790677947,0.10186908875499087,88.9396042783711,1552154.0,,613,3
1356.2245678960428,262.5879364845732,207173.37307448685,26.58493785372311,0.15360897544977198,67.8845142859404,1748252.0,,613,4
1356.3764867136833,263.8324043658658,208615.53352576288,25.854036078963503,0.18056994958664138,69.72467841425262,1742495.0,,614,4
1027.8284490469746,534.7659558193936,165740.13847360466,20.183741683393666,0.12400925738665573,86.97977559757776,1552723.0,,614,3
525.8250989079852,1346.1447553944295,159591.6895588933,22.066041597215875,0.0839998844126595,72.5418371380608,1680048.0,,614,1
176.97385574242494,1527.7486832183172,123284.50007129386,19.739348402906483,0.2364425437180514,85.92334107614968,1550847.0,,614,0
177.86621081867477,1527.7717894458406,133410.21940175426,20.80198644030065,0.2743232213520773,89.98705448339462,1514101.0,,615,0
527.6788559736757,1344.2490998631527,159364.6032572237,22.75901513752259,0.09230336496187748,69.87230112828288,1709042.0,,615,1
1025.8993198820142,538.2839960961837,161990.10790568037,20.317363640879332,0.13411762507529465,85.39947915679018,1557111.0,,615,3
1356.40492730801,262.4453512313915,202582.38595711536,25.018783396346155,0.10908523255810325,72.34253399645449,1723861.0,,615,4
1356.1068135502912,262.9112851048518,204016.92607902712,25.083432902036805,0.1429094710716514,69.88162241528883,1740044.0,,616,4
1025.2310622595187,537.8891406231701,165750.38493189146,19.705461367489576,0.0877426872831029,89.99905917120532,1530202.0,,616,3
527.3769119629352,1345.6848701681317,174903.11278085958,22.700704541174446,0.05800933161480806,74.46980974558558,1673569.0,,616,1
178.15157395371276,1528.4099971857788,131682.74106695122,19.637918809319274,0.29293249656662834,89.29318419731351,1519453.0,,616,0
175.7548583726557,1528.0082476707348,134947.0602797707,19.65730222942077,0.23684399528129135,90.91595714553655,1503933.0,,617,0
526.7011054561735,1346.1922115488019,164387.95618018485,22.784012556182297,0.04780072607849893,72.15552154407662,1691064.0,,617,1
1025.943937780552,536.467556936578,157208.1210089415,19.38579139217424,0.09646447273405494,88.75129149921425,1536969.0,,617,3
1356.0974492307746,262.9665503907886,205920.67438095534,24.873702764812606,0.13286918650086113,72.8770767595174,1714406.0,,617,4
1356.3823886743012,262.49303544385646,212021.494635538,25.50533063484504,0.13554884598763112,71.79342413937971,1731295.0,,618,4
177.75313715699775,1527.558309693774,131501.74213895568,19.434016649217625,0.24303380354373635,91.99659877156697,1508987.0,,618,0
1023.7708107991174,535.6972937308009,166769.9911691943,20.103807526341924,0.1024872088672951,91.6358277959922,1519811.0,,618,3
534.2876734306213,1345.4459418411134,168652.49411974347,23.017777505195657,0.05209112873931058,72.15419511495449,1698701.0,,618,1
177.50025154270605,1527.2023179392766,137748.69190544842,19.98418562655679,0.2569709457840926,86.99281040018258,1533763.0,,619,0
523.482510542786,1345.671381663061,181635.82752513373,22.94720221961817,0.11258355497098613,77.77747031541747,1650220.0,,619,1
1023.3736869434157,535.9190660870684,160436.8591941401,19.68045887742769,0.12407437180192749,89.9417192273074,1532358.0,,619,3
1356.5621711292808,263.16321029989183,211980.09935624828,25.7106146023629,0.1726860610987595,70.773811850996,1740924.0,,619,4
1355.1952279411378,262.4529236903031,214156.1236174971,26.278015814373557,0.12415890234164624,74.16460201958489,1693638.0,,620,4
1024.803995924966,533.4072504329149,163705.37074112872,19.034830203884464,0.10353801663571226,95.99986555834593,1472579.0,,620,3
533.3367671322811,1347.7605951054327,174322.20293175973,22.991705978680475,0.06147161576486414,74.91754214161114,1668704.0,,620,1
176.9447434164491,1528.3882208464827,133966.4947414582,20.333055323171543,0.24469085006962865,90.72928470416224,1507190.0,,620,0
176.88111020390625,1527.9487924625598,135688.4286165533,20.160541097176818,0.2628160313709228,92.93029075766822,1491369.0,,621,0
530.9781708609784,1346.1758701441915,179118.21559648303,23.709181215448293,0.0757256549721793,72.8865025550339,1689632.0,,621,1
1023.9505705416668,531.6891910693066,159782.88419868363,19.21013947865548,0.10806760190960937,89.6503981426917,1527049.0,,621,3
1356.6460182689402,263.2383476035207,203750.9379999823,24.278246539886343,0.13783818970257816,73.61536758058423,1716612.0,,621,4
1357.3363084688192,263.74429001486686,206800.27054840812,25.4156372416272,0.13245592165071882,74.39999998567149,1702277.0,,622,4
1024.612808176461,537.2468848244174,171923.08231983092,20.174108879786242,0.10055269095560898,89.71764704154502,1530012.0,,622,3
530.057852252298,1345.0632603868928,172637.54114322274,23.367712223145453,0.055968879969416095,71.84705880969256,1697029.0,,622,1
178.1082919888533,1530.109152533948,117394.8117420971,18.59787787582034,0.29035632350463914,92.63529409980666,1483394.0,,622,0
177.91799983456033,1526.9731188132462,127998.17656376396,19.701126811981748,0.2735952508729451,89.64495780515634,1516364.0,,623,0
529.6346500481776,1343.7622354387481,169955.54614562457,23.56445852553984,0.07044900641095841,71.64537966317613,1704534.0,,623,1
1025.2275084185424,539.1702541427417,172409.48863231455,20.40337984075711,0.0828424706865942,87.88029328143278,1550880.0,,623,3
1356.1821157615996,264.4302856536052,209384.85733079884,25.285419332992344,0.16640742258579824,72.70417837741026,1712447.0,,623,4
1356.7938154527355,263.8615454893702,204784.82280542515,25.535164941502472,0.14241600360825227,72.92290342710061,1716452.0,,624,4
538.3322322958704,1339.620879171504,159891.20001125126,22.320257255332024,0.07768859560085921,71.81801095093242,1693095.0,,624,1
177.46173563312075,1529.182838159533,131040.61597103951,20.42887335094121,0.29004781445961814,89.86458806167954,1506949.0,,624,0
1027.7691754947853,540.1351605485752,179390.34243066752,20.272746560348125,0.07049498772954181,91.70607552195986,1527742.0,,624,3
178.72712243683998,1530.6810364140608,141629.51761978274,20.015461115744014,0.26593404272311255,92.63529409980666,1494014.0,,625,0
535.7418769254552,1341.4637368461733,165144.29408584232,22.5368371577221,0.0999077769646553,73.67058822110607,1681345.0,,625,1
1025.1945909331785,539.9377681669772,170679.4352612469,20.20754448678863,0.10170328123258397,86.7999999832834,1562320.0,,625,3
1356.583933636681,263.57064058845276,211118.75290051763,25.39852169885064,0.16829608508694616,73.67058822110607,1716589.0,,625,4
1356.8225772312305,264.0616218992134,210211.2820798,26.076786667179036,0.17601628038665273,70.38820762718282,1732095.0,,626,4
1027.5918199641262,537.4945980895174,174861.81362139416,20.685462170851,0.10341722544757428,86.79996588222545,1563845.0,,626,3
535.8611900183305,1344.391196878198,162153.64214590617,23.49650464113711,0.059477802248186544,68.19997319317714,1726962.0,,626,1
178.48178099795086,1529.2138431822007,136511.91104822757,20.538120028304302,0.3120236679076329,88.98820031623113,1527607.0,,626,0
178.30938168432573,1529.0526179066696,133134.2392195078,19.51269552812011,0.21371959398113796,87.93348470228977,1525692.0,,627,0
534.9020550121297,1344.2732427615895,174865.11635502166,23.878074241623587,0.046873357582461965,69.5373581955346,1721085.0,,627,1
1027.4115657226548,537.6344733179524,176852.6338628115,20.87010804968268,0.11171146224291281,91.24478747350571,1520674.0,,627,3
1355.1061160424722,263.8604458651224,205339.77160358216,25.881449535074115,0.1905837039388245,69.16943566539949,1744258.0,,627,4
1356.5209756323097,263.4085353600916,203698.84638134102,25.24710297465618,0.1445856206214862,69.1863856380112,1744749.0,,628,4
532.0914522700234,1342.586242725136,163505.54088189744,23.305233641843696,0.05887972446036188,68.46192086693256,1721136.0,,628,1
178.44643694719915,1528.593286540695,129742.94692293351,20.358808734645994,0.2832395482795638,88.74693445713478,1527174.0,,628,0
1025.4019064106033,538.9312415472004,167396.64116736088,20.35993775010106,0.14839973327365333,89.83363161375277,1534958.0,,628,3
176.7202540466589,1528.3124317870886,142285.24942652334,21.134178392926565,0.21687519736813463,86.02978787939062,1550155.0,,629,0
532.316873309819,1344.79661899517,170115.15673950722,22.901739858724664,0.06808702806151866,71.81300089932184,1695744.0,,629,1
1027.4789582554106,537.0916351703488,176404.44457968997,20.2385624546774,0.11525840376136436,91.86231587121372,1522944.0,,629,3
1355.5675665095062,263.4257578594407,214166.7825297491,25.381487970086244,0.14956911782769203,72.90659989778867,1709930.0,,629,4
1357.420917167494,263.98595505617976,215058.955817883,25.803623313227405,0.16058287378569153,73.7561744214715,1714020.0,,630,4
530.9921055402986,1345.5860411046574,173419.73193830214,23.10219190837868,0.05421691044179097,71.6488551522866,1695387.0,,630,1
178.22887710264143,1529.4752038549116,127407.82057516265,19.807411566056373,0.2690161017871931,84.99521052379096,1568213.0,,630,0
1026.2184353120244,538.271429731101,173063.5949818099,20.800239090457417,0.10670380208791683,86.75130991477837,1567181.0,,630,3
178.45961058026631,1530.8530970716254,140081.52825427768,21.058041653818872,0.27429002258652924,89.83516762900854,1510379.0,,631,0
531.1300262075672,1347.3312620015,175108.5848182533,23.65816354830148,0.0861353789471845,71.43519353632004,1703379.0,,631,1
1025.7312420917065,538.1666232586374,175925.7601382521,21.60440715725678,0.09300279718290405,85.86654576587965,1573643.0,,631,3
1357.9114662494412,263.62064234379835,209839.07709391142,25.8455741293073,0.17871675602384474,71.43519353632004,1725159.0,,631,4
1356.5219038771402,263.80455211348124,214347.4941176471,24.658248022271483,0.12609051976800476,73.67058823529412,1712951.0,,632,4
532.7792890524412,1346.8901880504854,163724.49411764706,22.08345801671358,0.08734223558827457,72.5764705882353,1692106.0,,632,1
178.03987567260805,1530.738967651757,138809.97647058824,20.50987719189058,0.2905443668037335,92.63529411764706,1502991.0,,632,0
1027.0499174320516,538.3158947556584,171381.1294117647,20.315964324604373,0.07641444929620861,88.62352941176471,1544867.0,,632,3
1355.6907340655325,263.7560501161223,213290.99607843137,25.52269093451035,0.14951710051614833,72.51764705882353,1719713.0,,633,4
529.5151853560244,1347.5612330363429,178332.8,22.014774626279337,0.06653421712732363,76.84705882352941,1649534.0,,633,1
176.32178882697528,1528.0793541934563,138882.11764705883,21.303215505383815,0.2780249885361319,89.83529411764705,1509579.0,,633,0
1026.2664285465878,538.9702902241888,176361.83529411763,20.52587051538565,0.10526531189510434,88.75294117647059,1533900.0,,633,3
1355.3863676264045,264.56634041432585,218369.00392156863,25.786300528717277,0.1733972090760745,72.61960784313725,1716940.0,,634,4
1025.5318174769814,539.1217295095364,175917.1294117647,19.86301659342441,0.08334839587505495,90.68235294117646,1527125.0,,634,3
526.5721604883872,1347.8784880506973,184046.83921568628,23.52904000523026,0.07944951128783301,75.93725490196078,1660600.0,,634,1
178.83843253254454,1529.1449201209844,138329.29411764705,20.18424831466972,0.29317820740248485,89.94509803921568,1507492.0,,634,0
176.79150530435678,1528.2340508806262,141599.95261269528,21.368694548453796,0.30890520022495926,89.3294582091625,1522375.0,,635,0
526.15685673411,1350.0137190784756,181971.76318276764,22.819717961818075,0.12577760348860978,78.75576723746572,1633831.0,,635,1
1026.8626190547664,538.7321358886063,170047.55664696172,19.997520816275717,0.06981461927011999,90.78789834318964,1518354.0,,635,3
1356.5750756602692,264.7084309093805,215170.2359536275,25.66382618036914,0.15915025078282896,72.92200670135713,1728111.0,,635,4
1357.6891961783351,264.375692799083,208727.0117647059,25.468780862768416,0.1736288381727748,71.84705882352942,1723163.0,,636,4
1026.3792289227026,539.7778536030193,167274.90588235296,19.510654109147133,0.06236610916029308,92.63529411764706,1496561.0,,636,3
523.5725489075859,1351.6453428200389,165975.09411764707,21.881700356847578,0.14286377990042723,78.7764705882353,1630558.0,,636,1
178.0145438212821,1529.645031841344,136415.31764705884,19.809065622887996,0.24905429926327163,91.90588235294118,1490832.0,,636,0
178.18651090039185,1528.8221109090516,130421.63481697647,19.958622576257056,0.274004621466431,87.88234469222127,1543633.0,,637,0
524.221189009307,1351.1886761210696,174783.16006480774,22.648887015882316,0.11321517414502429,80.11763953869168,1624512.0,,637,1
1023.996962649993,539.9485270152187,176508.33637346467,21.832521681504492,0.1308867921460472,86.8235212621945,1557171.0,,637,3
1357.5295472675455,264.76242527964126,200866.56938123034,25.081259554957644,0.13302232601886058,68.82352295173955,1742237.0,,637,4
1356.556172183314,264.094481268412,209965.26986494206,26.282686115530534,0.1609815559759125,71.48225656843812,1713182.0,,638,4
519.3119664725787,1349.6450722247987,169868.10039473613,22.061460982115296,0.14383370306922894,81.69400750678642,1615706.0,,638,1
176.31754254970951,1528.2347163693642,142626.06653434812,21.619374563039823,0.2553948641623682,87.89399914792646,1530558.0,,638,0
1023.8888000983526,537.5067002704697,172057.79156023054,20.738826302993406,0.07401242140503533,87.89399914792646,1552930.0,,638,3
178.75750154284094,1530.6547149775106,128368.20538043382,19.570779183021074,0.2671446212028774,86.71453803018247,1540019.0,,639,0
525.1979882725434,1353.9236800896133,156098.6582026044,21.29900102735389,0.11661611690276494,76.7227394094207,1646075.0,,639,1
1024.3054211407273,540.2189487919259,172048.4236009461,20.519071827117454,0.11802846299773982,87.42823793166545,1547637.0,,639,3
1355.5482745209338,264.0414559966923,203689.23818334195,24.79129069415387,0.15388295697087156,72.7973899512643,1713999.0,,639,4
1021.2904690227225,540.8508943297732,180244.46436920634,19.82256881272499,0.08548843693710324,91.99974862317174,1523975.0,,640,3
1355.1328648873919,263.7969040892803,211232.14440545818,25.34010734866552,0.17667413840509574,72.15666558680137,1731111.0,,640,4
520.7733474479423,1352.5086071046205,149957.78633913025,20.522394655820932,0.15198375062922576,79.73311547341551,1602047.0,,640,1
178.46218859182233,1528.7125807429018,134551.6166696923,21.089958274109986,0.2903452310220599,86.58799870416163,1540442.0,,640,0
178.1131162018663,1529.358378642946,137104.61176470589,20.986060989621237,0.23755976070992624,85.70588235294119,1540619.0,,641,0
520.7623498058888,1352.4112621377128,158199.2,20.565765856534686,0.11505703038661455,84.9764705882353,1575614.0,,641,1
1029.4877739597532,534.1627276947634,172045.98823529412,20.09389566910137,0.05422100809851422,86.80000000000001,1558191.0,,641,3
1355.8341760960575,262.79272929319757,208729.92941176472,25.141165559728243,0.16345651486698376,72.5764705882353,1722970.0,,641,4
1357.770561241882,265.00321833454245,208624.3748453798,25.540101869751172,0.1715890065642322,70.75288875681326,1734494.0,,642,4
520.1103596506492,1352.7778156643449,155089.6027437104,20.11836567068445,0.127827018888097,85.70581885490267,1563361.0,,642,1
178.46148644809364,1530.8228706176487,128369.08136403677,20.385893329823322,0.26032914605130897,87.8940525277938,1527451.0,,642,0
1029.8013258294777,531.2822456497524,174839.14105277715,20.75395994170267,0.10119765186363644,87.8940525277938,1550863.0,,642,3
177.82613187774567,1530.0331183765259,135901.44705882354,19.969015778536097,0.2089302397262853,87.89411764705883,1531054.0,,643,0
524.9077093651943,1351.5751159037495,170389.85882352942,21.665074009330304,0.14085755818121765,78.7764705882353,1633331.0,,643,1
1031.5911662001406,531.0416495439807,169509.09411764707,19.569502468806622,0.09340307410489013,89.71764705882353,1537051.0,,643,3
1358.142124399991,263.85691073528926,210538.50588235297,24.68644591122215,0.17221315605431972,73.67058823529412,1710495.0,,643,4
1355.7205861877528,263.4670643907683,202325.8126045227,24.298333872579335,0.14745851601789875,70.96085920443434,1735697.0,,644,4
525.2773520752371,1350.0596043296207,165807.00098218842,21.4992167738045,0.09642128038911445,76.66625491936374,1639378.0,,644,1
176.6865815966656,1528.9499429304265,139024.44714738108,21.04114151898442,0.2910982846618044,86.65069742049018,1545266.0,,644,0
1027.85351994236,536.4692848264165,174705.27877408516,21.12763920283396,0.12697391597570545,85.937522956124,1573759.0,,644,3
1354.3187883445044,263.4110936235986,200254.93837761815,25.14485036736859,0.14298869343450105,68.82352844985634,1749980.0,,645,4
528.2081329875049,1351.3023431685833,175945.7622467858,22.94275948994589,0.09831662163591383,73.76470485138448,1685969.0,,645,1
176.409292982688,1528.9655028412844,133535.29225129817,21.221340035338653,0.24827237699037338,86.47058702674258,1554478.0,,645,0
1028.2533898956758,535.5001537948889,165231.5271024151,19.962238465419606,0.09164854584901722,86.8235281982803,1555526.0,,645,3
1355.4482645547153,264.0897484335013,204637.4850749865,25.642660404216713,0.16036102548366973,69.29149735931351,1743107.0,,646,4
527.085232038909,1349.826826612664,172162.38372313307,22.102389519789828,0.09435836436800768,77.67941546070409,1656298.0,,646,1
177.87390819192734,1529.5437602722031,132691.75867471992,20.05668784160992,0.2862405208090903,87.89079401891871,1533428.0,,646,0
1029.4121299306257,535.3646037024582,175684.57994153438,20.54843000643466,0.11321697018897392,89.71425447574275,1548603.0,,646,3
1357.0366247102393,263.8967974359699,206416.65752112205,25.322232073525893,0.17361195522625977,71.84669801913313,1719826.0,,647,4
526.6498039643946,1348.247602284334,170319.34467929596,21.95808197015967,0.08519040136853265,74.76433042600148,1673633.0,,647,1
177.72206205240803,1529.2038454435392,142184.98008391532,21.04122106270781,0.2565487138564068,91.17601271463595,1507993.0,,647,0
1028.4842826301226,534.2253746826871,169098.31551702155,20.070361222505753,0.11127055455816547,89.71719651120178,1527088.0,,647,3
177.10879551495717,1529.8243428547319,135313.0824461248,19.524480448916815,0.26523905953078625,90.63310340627953,1510346.0,,648,0
527.810782983495,1348.929338277132,171201.2936323192,22.30210306071645,0.07212415376245418,74.21923428545726,1680127.0,,648,1
1029.469183174253,535.5483632829851,171106.37865001184,20.294139242105526,0.08809219132975946,88.84898719749451,1534760.0,,648,3
1357.2333955671588,264.9433428244172,209658.27533592228,25.149644020423526,0.17433656735528177,71.72147159315821,1726045.0,,648,4
1356.4193612875076,264.60459868822477,207343.2436129668,25.418596432150608,0.16169024980498825,70.64616271530426,1734144.0,,649,4
531.8519892990555,1348.302984764204,176768.23318107336,22.727606799006306,0.07134507385939379,74.25055877220754,1672218.0,,649,1
178.50183130049817,1528.5981182325577,144270.27745282202,21.300521554574303,0.3128516486241678,87.94726378844,1534977.0,,649,0
1028.667027528942,535.1654111369515,168469.11126005356,20.409558081514533,0.1160981482713071,89.38902221120131,1537154.0,,649,3
1356.6457574681242,264.76064823882064,222095.4434360088,25.763762502883367,0.1586707137172218,72.98810909374988,1730071.0,,650,4
1026.6412569597107,536.2471308528342,179421.72898586304,19.963211136031997,0.10313853428897357,91.78807658759455,1527869.0,,650,3
531.7708431976214,1346.8932361825878,178285.25251951945,24.363177626349977,0.06918359983872377,69.6704677713067,1718750.0,,650,1
180.77741432052972,1531.495009923608,130384.04122564405,19.852171564129083,0.2609023834804717,91.78807658759455,1501586.0,,650,0
177.5820079442501,1528.569126833133,138120.08786519192,20.951453136731633,0.28988042863586316,89.7014200899825,1515861.0,,651,0
534.1691280140337,1349.637115244228,170803.04220826773,22.935128896612333,0.034493400366835625,71.46337202189478,1699215.0,,651,1
1029.7505497609734,533.7497044763146,171288.76981497905,19.91001655537019,0.1206314253802111,89.7014200899825,1532735.0,,651,3
1357.0336399775617,265.19545400076066,214316.79166834938,25.07965642574991,0.16458568134626766,71.83557708450881,1731552.0,,651,4
1356.1169980210182,264.4749452631252,204561.5294117647,26.272465925523342,0.14030829658264635,67.76470588235294,1753198.0,,652,4
1028.804489289643,535.0380243988517,171010.94117647057,20.245806829373404,0.07001875746359601,86.8235294117647,1566013.0,,652,3
531.3837469282934,1348.1417087509283,172063.76470588235,22.638783594969542,0.07093377463306816,72.70588235294117,1690615.0,,652,1
175.53050351218232,1526.7854378600136,118377.88235294117,19.514330373685237,0.28283670923359855,87.88235294117646,1513611.0,,652,0
176.6264654974429,1528.032343171468,127365.16081924412,20.17251730298469,0.2564681159165678,90.96339409741952,1506021.0,,653,0
525.160213993505,1348.1862624107757,172563.97954827052,23.295475066605995,0.09533359262590736,73.12743447047451,1681025.0,,653,1
1028.379185153556,535.4250362512815,164577.03682732454,19.659148819077235,0.07909984755936579,87.75292136456942,1557056.0,,653,3
1357.6750541288,265.68214297067334,201989.38902161186,25.115445667937912,0.16368055648439556,70.63040012270221,1731190.0,,653,4
1356.1214696142486,265.12242907007965,205918.47871799814,24.35261813122282,0.13496416890822457,72.98283144395172,1729293.0,,654,4
525.1256623504229,1346.8136887216199,168063.97960875087,22.038807729268445,0.03919086468197788,73.7200317615674,1679536.0,,654,1
177.68953404496494,1528.761730707449,121618.14799801058,19.595538932476515,0.24549975648843078,89.93843874911222,1506414.0,,654,0
1025.2343004166173,537.0962224542743,171198.18675909392,20.732681853650504,0.12375232845642052,86.98963747864953,1548277.0,,654,3
176.35569755058572,1526.5442693988468,126931.99366727874,20.04091465297278,0.27982367140749276,89.99904071571983,1504483.0,,655,0
526.2431178083855,1348.1412587412588,177152.89263431123,22.622037230711822,0.10757280774742989,74.93944027723285,1671253.0,,655,1
1027.7258812550228,536.1161315267934,177123.49055726465,20.47658023026816,0.05300217460525628,85.69629773329497,1579593.0,,655,3
1357.6999647367006,265.9050208221386,213530.79174113733,26.259970567476433,0.19119827235328513,69.91957346440385,1741613.0,,655,4
1027.715892071246,534.8910113136247,175178.72691395113,20.811245096580247,0.08382751800397578,89.53622594363104,1546165.0,,656,3
1357.3957049313362,266.0239221228042,209812.73352558116,25.471641520177666,0.1648566029846993,73.02339738845319,1704473.0,,656,4
526.9430313053846,1349.2344501737182,182823.06567976146,22.175395644631948,0.07774805128250288,77.79377008217124,1646144.0,,656,1
176.28511034074575,1527.5047159771766,125858.21058534592,18.814735858657606,0.2811899505162466,93.57269514600785,1473355.0,,656,0
174.81549443639753,1527.2612142239589,128527.24705882353,19.150427336770345,0.24400348748405404,92.0,1490549.0,,657,0
525.9812642100735,1349.5840089305832,176138.50980392157,23.500693164627283,0.1657785338853188,73.96078431372548,1679378.0,,657,1
1030.2491503684282,533.5697199596889,165395.79607843136,20.112559702426548,0.1062165748567739,87.67058823529412,1550071.0,,657,3
1356.4483215486343,265.2210898646959,207771.3568627451,25.39646382188243,0.1377636875390138,68.90980392156862,1746733.0,,657,4
1354.7737737010673,264.79897932360734,213156.61168347672,26.179907191466793,0.20163666804390734,70.77647056126399,1740721.0,,658,4
1030.055274317228,534.6473359259992,167773.41170077125,19.77811868867163,0.10251431285828293,88.8392156524199,1546713.0,,658,3
524.432777465309,1348.9965308966362,175648.03130561355,21.754030486284453,0.07252631136928243,77.7803921272224,1643552.0,,658,1
175.5041994896261,1527.257841451237,132897.56857680672,19.040893425316515,0.2747007146496943,93.99999996417873,1481850.0,,658,0
177.0142147822386,1529.4236402326571,125776.2744850486,19.741914740386335,0.26632222946121764,87.78823527683915,1533851.0,,659,0
526.038558750784,1345.783762608951,171264.49800550737,23.077224899041443,0.08050211642586742,73.51372547572709,1685469.0,,659,1
1027.9755216332842,534.6886060872018,170774.88231932922,20.8209201230593,0.09642739775090674,84.93333331661674,1572043.0,,659,3
1357.2029867586043,264.87791744145267,215712.10976146505,25.607456386008483,0.14577485631161013,71.01568626053248,1742223.0,,659,4
1357.7194208618316,265.9117936747221,216715.50120228305,25.152639850204814,0.16145856777988982,73.38572667616042,1720800.0,,660,4
526.4869918193879,1345.8423287204425,173812.7898251592,23.217789776191548,0.05439225558876805,71.52314478082639,1706899.0,,660,1
178.17449562030868,1527.9767106679199,136726.54919078446,19.997427327824777,0.2620104727285845,88.65889821789938,1523812.0,,660,0
1027.9498866764125,533.7149483571068,187041.21896220048,21.777619913088575,0.07932905782839943,83.81618529003093,1594096.0,,660,3
178.2671594915402,1529.9812227051825,139078.69016870492,20.733775535853056,0.25529683810548703,86.71764704175574,1539594.0,,661,0
520.9123384826986,1348.9579115738777,162421.43918371844,21.039377691478492,0.1049751066194114,78.5098039061163,1632044.0,,661,1
1028.723427347673,534.9028599349211,171634.92153484622,20.79596180821082,0.12593734393101164,85.64705880667233,1566419.0,,661,3
1355.8028687185408,265.5580913811464,210779.90976243583,25.434333503659047,0.16212751748099052,70.65882351550468,1730511.0,,661,4
1356.6619493946682,266.02844580104556,158563.0955547223,24.766472382413284,0.13810454292297025,53.77671736763721,1865768.0,,662,4
1032.2675947966022,534.6110412762026,132015.59434714806,20.668376861699656,0.15029137008777937,67.89989566620861,1705079.0,,662,3
517.2827658004152,1347.545322912631,125486.88357905077,21.0315664382545,0.1699897829229271,62.73950359557675,1751565.0,,662,1
175.91465389688295,1529.5445763401406,104813.26654576891,21.583787665158113,0.2426950907391288,67.62829608354377,1692499.0,,662,0
177.23724728234703,1529.2286085729986,128672.64920589852,20.683812364290606,0.2316583248794647,85.64521971604464,1540005.0,,663,0
516.6009026703999,1349.0423289267787,156975.66096397524,20.11687136969602,0.16645737468697464,83.82298099868198,1568941.0,,663,1
1031.651686744091,532.1175931937131,181884.20643934878,21.686211145083355,0.09023438740212711,85.64521971604464,1581231.0,,663,3
1358.6227477053446,265.019216114497,203255.78656432146,24.790841704074207,0.10782024159297364,69.6095190032533,1741177.0,,663,4
1356.5858606550012,264.5923869488498,208978.78835779408,24.829352939618783,0.11662322781473893,71.34714382640072,1733060.0,,664,4
1032.27029819246,527.4842554465507,178101.62206614434,21.765599831275754,0.08387334003665839,82.98799360860293,1608409.0,,664,3
520.6649541018414,1346.5031081985667,176145.58379145106,21.262819396057488,0.12950692428558105,82.98799360860293,1591057.0,,664,1
177.75014712706118,1529.1598733575527,132719.20592330402,20.6893327510611,0.2654199285229368,87.11861772486824,1541478.0,,664,0
178.90705458427865,1528.7905458427865,132220.80691316532,20.999156656278444,0.309685674096823,87.87663398205835,1526703.0,,665,0
523.513633586384,1348.9209160140729,176749.20314924672,22.88429557627386,0.12552154427277715,75.87741488410661,1666125.0,,665,1
1030.1837848530913,528.1198446577681,169481.9113943931,20.806966888603192,0.0378880068564136,85.75912472947864,1588388.0,,665,3
1357.8016564144675,264.09588879437086,215319.98710319508,26.067907769832114,0.12184416043204946,71.99531458771047,1728122.0,,665,4
1358.1502967666036,264.9727155982442,208694.40392156865,25.564686078980536,0.15731503830931276,68.87450980392157,1749813.0,,666,4
1034.0428575941037,531.6683758883917,169465.19607843139,21.254164344292715,0.14640155004557817,89.57254901960785,1543810.0,,666,3
523.7549323394279,1345.685648081222,170333.80000000002,22.635247299337205,0.11442503497894986,72.80000000000001,1687900.0,,666,1
177.18646396976723,1529.3990744861655,137113.44705882354,20.37931132324417,0.2831047425078646,88.85882352941177,1515165.0,,666,0
177.70079559328445,1529.599033594901,125884.82204740665,19.66092907253155,0.2561047805809299,87.30927524051911,1538187.0,,667,0
526.0286252928086,1346.2578865176563,172808.14575724927,22.872026853479102,0.08125395017889235,71.79564368951777,1700361.0,,667,1
1034.7585287630657,524.8275473346616,169302.42580885207,21.051884215682573,0.10398403872065229,82.97988969140246,1598623.0,,667,3
1357.5766417837333,264.41465062195874,209899.79566717707,26.299123846297768,0.14324130323883016,68.5486045276803,1749888.0,,667,4
1357.2335141630901,266.51590386266093,212441.10951465406,26.320866834154373,0.17682541919462866,73.30585924883341,1708656.0,,668,4
1032.2164993164756,526.5160768105399,182479.80131062338,21.31277445310669,0.09832057507364725,87.89408994511867,1563654.0,,668,3
527.1863333884564,1345.5109928640059,174226.8744999674,22.766377917184453,0.056522504922804674,74.03527078364768,1680957.0,,668,1
177.3587088948933,1529.5825675902513,134706.99283796325,19.391489856916763,0.23187895798922595,89.71761878215433,1512148.0,,668,0
179.04406157941713,1530.4341281838304,141382.61176470589,21.41173058787522,0.31485873080439086,89.71764705882353,1520282.0,,669,0
531.4203858972186,1345.9342395258154,169945.2823529412,22.986455188762562,0.08427123637240655,71.48235294117647,1700712.0,,669,1
1032.9517108526059,529.8480060451899,171337.0,20.606406456686837,0.10068587177560528,87.52941176470588,1557292.0,,669,3
1358.1641828482934,264.00583647332326,200646.95294117648,24.71381334823231,0.11122812817884166,71.84705882352942,1718757.0,,669,4
1356.4379212572237,266.11721115869125,214551.02146377836,25.643184957587692,0.15103019763926886,72.78661020015929,1713330.0,,670,4
1032.0424043986668,528.1760929131011,175662.27738458148,20.756378742225987,0.07715477868931944,86.7016974443074,1561333.0,,670,3
534.9778329190767,1341.826355078841,170679.96255695884,23.693329384246347,0.08052297670416643,70.64582754721343,1709227.0,,670,1
177.1942316926298,1529.636807069745,135981.44372379465,20.184042299972855,0.23869161338819675,88.84248009725326,1527666.0,,670,0
177.31669008531802,1529.4360443370667,142745.5245029935,20.242417314540262,0.26665160454025855,89.82561259463169,1514844.0,,671,0
538.3022662394898,1343.5282191308227,171487.1953152509,23.92554515459471,0.08306555416370368,72.14908642139092,1692352.0,,671,1
1029.33788501703,533.8627442622824,186197.3118002762,21.622661420125148,0.13558078881114602,87.66114000198996,1560281.0,,671,3
1357.1985157381166,265.1644233474463,210284.28430205752,25.49187780410674,0.13055351009469032,73.59206814981873,1710036.0,,671,4
1356.5312666400712,265.9001193376674,203847.3450980392,25.208429448092105,0.15569680272564246,69.10588235294118,1740726.0,,672,4
544.7279921920197,1344.9217890929674,167715.7882352941,24.34969247676862,0.09525620546734373,68.75686274509803,1724108.0,,672,1
177.11006837546546,1529.5356514816365,138534.95686274508,19.67882468398832,0.26984109165099873,89.0,1527318.0,,672,0
1027.1359572328377,535.0038215211983,164850.6862745098,19.660606728728503,0.10856090407615533,86.90588235294118,1551187.0,,672,3
178.90623840799495,1529.3107884745466,129398.57921029348,20.56915034163277,0.22306107156840554,86.82289185268115,1532125.0,,673,0
539.3878737223577,1342.9189497279892,165952.42843461133,23.304276794869043,0.08282677218085317,70.94065553816631,1703364.0,,673,1
1029.1547554666042,537.3737028126131,165764.66510751526,20.07680533081917,0.10957242591912385,86.82289185268115,1551058.0,,673,3
1356.8059143867044,265.70682878201717,204994.1417429517,25.513656781586178,0.15707369836949434,69.88183978386532,1744038.0,,673,4
1356.2182314081215,265.8736910039663,220075.1137254902,26.81231040581493,0.1731424678555776,67.80392156862746,1763020.0,,674,4
1029.8066314027228,534.4580172590147,170956.5254901961,20.907176753133033,0.102807069779526,86.71764705882353,1565753.0,,674,3
541.7100969617512,1345.8571986787067,167129.17254901963,24.350304523372863,0.09723864459320368,67.80392156862746,1737431.0,,674,1
177.65573679167503,1529.462887447913,128119.43529411766,19.5136844675299,0.2522690623302714,88.85882352941177,1514403.0,,674,0
177.11755232220992,1530.1790816595499,135386.58823529413,21.076419636778258,0.25547801379894114,88.85882352941177,1522796.0,,675,0
541.4164459737433,1342.385827844842,170190.3411764706,24.51698246254991,0.09201041021021798,69.9450980392157,1725210.0,,675,1
1030.0303639352153,534.7627498698836,173472.05098039217,20.229568606021417,0.09565743918210176,90.64313725490197,1522056.0,,675,3
1355.0358490344465,264.88252810430765,212719.81568627452,25.686482323084626,0.1643486083456833,69.9450980392157,1747488.0,,675,4
1356.6732414953415,264.8173168745202,211036.5698174126,25.57097997600448,0.1651475399909594,71.64705257064666,1725912.0,,676,4
535.6492973614246,1344.180033798345,165410.10321115472,22.764808153458535,0.09686750286357534,70.94117027931024,1705277.0,,676,1
178.0015232854834,1528.5470427203636,129055.40050160073,20.344369088456453,0.2034555454112402,88.23528641705255,1531978.0,,676,0
1028.304112628469,532.877631520452,174658.5729922445,20.639754076430005,0.057760137579506175,88.94116870838897,1541490.0,,676,3
1355.3340781318807,264.9441075525657,214134.37170367796,25.446938684576814,0.18588427479156727,70.81514957738368,1748129.0,,677,4
535.3310660102704,1341.9452482376114,165982.2714982978,23.191497859614564,0.1040939091870497,72.64973894467342,1696276.0,,677,1
178.43638008171837,1528.955146202835,128594.44094655343,19.610216899330243,0.3085051830899135,87.69337175644921,1530802.0,,677,0
1031.0524128109525,533.2618980531947,167984.90925163127,20.310994011926486,0.12463912004275687,89.52796112373895,1541817.0,,677,3
1357.0380935976257,265.83568740725036,215465.16078431375,25.895648236703973,0.16218748092397361,71.37254901960785,1731003.0,,678,4
540.495262750214,1345.2563475885686,175069.72549019608,24.735859477665656,0.06983460708094888,69.58823529411765,1723228.0,,678,1
176.33885376981078,1528.7386301616655,134696.41568627453,19.878448661401055,0.23264597517255864,87.43137254901961,1539044.0,,678,0
1031.1560634264602,531.2880363769403,177524.2274509804,21.04566328225751,0.18441362502645967,90.64313725490197,1533679.0,,678,3
1357.0929895605009,265.2249843876325,203935.85882352942,26.0470912242457,0.18437212803218173,68.54901960784314,1745095.0,,679,4
540.6744857609453,1340.2209301258763,157296.1882352941,23.300891028379795,0.08276053345852,70.71372549019608,1707167.0,,679,1
178.10036048948976,1530.5371940015411,133909.42745098038,20.221410907050476,0.2651368801808163,87.67058823529412,1527359.0,,679,0
1028.5010830776937,535.2183705836933,172884.23529411765,21.21175918808368,0.09324245467485533,86.22745098039215,1570091.0,,679,3
179.01179205764075,1531.3506147369303,125819.48235294118,19.446072510728055,0.2540357264316268,84.0,1560652.0,,680,0
541.6610375655463,1343.4759692254793,153281.88235294117,23.984360143752028,0.06954847375059241,66.87058823529412,1745723.0,,680,1
1029.243836298453,534.675888158633,161440.42352941178,20.68510905709446,0.08755770605314757,78.72941176470589,1624432.0,,680,3
1356.6511639972553,264.98268815584674,196826.82352941178,25.005967087579414,0.12844282664079476,66.87058823529412,1768767.0,,680,4
1359.3054441777545,265.9204756718509,205772.768627451,26.18900230620083,0.1696180812922139,67.09019607843138,1757216.0,,681,4
543.3788632412594,1342.3560986531336,162578.10196078432,23.71354847813447,0.08959831838013695,69.9450980392157,1712807.0,,681,1
177.91599590496324,1529.2399930863016,134203.58823529413,20.678114780679575,0.3012257933743893,90.64313725490197,1501469.0,,681,0
1032.8642258901002,530.6073320614479,176015.768627451,20.92175584331114,0.12743186028429793,84.93333333333334,1580709.0,,681,3
1356.550007818689,265.5316450693286,207672.265638366,25.37802556556879,0.166401432925288,72.44310816870548,1715600.0,,682,4
1034.153809848221,529.4809320721756,167099.8427126691,20.080595786888246,0.11755792333075452,89.92937565770335,1540740.0,,682,3
539.148058653108,1344.5477949369806,172939.8991913926,23.963607362186757,0.11132859541653214,69.94506995599149,1715674.0,,682,1
177.91109805169896,1530.56883806601,131165.20616017666,19.890401402223933,0.24183554324336817,87.78820004680564,1526493.0,,682,0
177.55372458726185,1528.5380861946298,131069.92309814577,19.381204271909528,0.2551725475878569,90.68270842854743,1504904.0,,683,0
538.709957550289,1343.3419441540989,172109.9064138411,24.33013476468251,0.06961999657744508,71.59161191727428,1699366.0,,683,1
1034.07491703804,528.7960402536829,176793.09924264494,21.679615193229505,0.17066949310573196,87.37848018621169,1559666.0,,683,3
1358.3403785202663,265.79445274430685,210357.44972829134,24.48152664101767,0.15223801608688944,71.95874838864492,1730465.0,,683,4
1355.9799108968273,265.9915767990414,205140.74966624015,25.091856478239457,0.13531115839000749,69.65742423252847,1750559.0,,684,4
541.8053405425514,1343.588696210933,172538.1575369673,23.784548830540057,0.12103448244934063,72.93971123824971,1703664.0,,684,1
178.54528503220257,1528.740228983945,133976.39099952945,19.951182179319712,0.3073232751087051,90.80994049162089,1508613.0,,684,0
1035.8891199800137,524.3228738575563,175175.65749534243,20.332548765363892,0.08940088165180589,86.79825637351715,1571922.0,,684,3
177.89054846556263,1529.8670404185132,134166.82352941178,20.108831794116927,0.28070227190229896,87.92156862745098,1541733.0,,685,0
534.7143455163863,1342.1207089149007,163752.05882352943,22.965782172694926,0.058352618529959877,71.90196078431373,1695512.0,,685,1
1033.3517884809273,518.7448104144694,176257.0392156863,20.991388606778003,0.07398443587760131,85.68627450980392,1577229.0,,685,3
1355.370522404803,265.19493121056837,207560.0980392157,25.722995399143908,0.1357000197949108,70.41176470588236,1728096.0,,685,4
1357.006132175242,265.1051970824833,209206.29506869265,25.291728597486564,0.16350372960648854,71.72762789518367,1722219.0,,686,4
534.2352393911585,1344.3144309779227,169154.08724744024,22.936488570343815,0.09396880664455941,70.6570662848078,1704381.0,,686,1
178.44652621005324,1530.4963211689414,137839.80329007577,21.607575656857783,0.3137844690461127,89.57032140144827,1525265.0,,686,0
1035.1091741503785,519.7060839187732,176311.86217441334,22.120602610312936,0.11566460459327073,83.5038056093183,1594012.0,,686,3
178.40663010425718,1529.0053486099043,131426.8110292838,19.888362951389084,0.30705978309543647,90.99108604601261,1514433.0,,687,0
533.3019266994944,1344.1601066349406,161958.78074507622,22.830723311358636,0.07416436005190619,72.79286883681009,1691346.0,,687,1
1033.356151927354,525.41702199121,174234.01349436594,21.138781538533145,0.10123175598691131,86.70915258502379,1564118.0,,687,3
1357.521147345998,264.98200594034125,212402.45471004353,24.763001373466487,0.13115287174196558,73.50652441364156,1717359.0,,687,4
1033.5616809145329,523.7094596488419,176290.5882352941,22.20402393830077,0.09708500301053732,82.94117647058823,1610214.0,,688,3
1356.6252531032271,265.4576797232207,199232.82352941175,24.640876234285876,0.16079484124983046,69.88235294117646,1736259.0,,688,4
534.7861002617105,1346.6601842224727,168709.0588235294,23.861851897089036,0.09717905541513464,69.88235294117646,1712074.0,,688,1
177.03949401090603,1529.3663434823209,122457.88235294117,17.977070514179935,0.2202434951780457,89.6470588235294,1515220.0,,688,0
178.7096507564232,1529.8804678277984,129050.33333333333,20.403791920759286,0.2807983512314268,85.0,1553878.0,,689,0
537.1454633801573,1341.709746359892,158466.0,23.853874542718433,0.07410204758431152,64.66666666666667,1750254.0,,689,1
1035.2212764307449,517.2956549600312,163335.66666666666,21.157521724924578,0.06617107151092307,78.66666666666667,1634002.0,,689,3
1357.49873771897,265.0791320203374,198714.33333333334,25.58997270198624,0.16664596792877676,67.33333333333333,1762675.0,,689,4
1355.9462949124506,264.59532284603154,211149.898463049,25.794298291552504,0.18834351644821457,72.853105175535,1717406.0,,690,4
1035.9695989783938,515.9524932545158,177743.27182801007,21.48032054862931,0.09431538546309891,83.83598535275135,1589987.0,,690,3
535.5901599107638,1341.5807519772438,167055.83112756084,23.536955950535322,0.09047519020991189,71.75481715781338,1687238.0,,690,1
180.7029099459346,1530.4227493971935,122222.98205215197,19.407517487681694,0.23455474047308986,88.9613294354523,1512527.0,,690,0
178.24197560640437,1529.6963448869644,130031.1605177273,20.04968231039009,0.267902176444037,88.9802623512573,1514240.0,,691,0
539.1240376253762,1342.894067082804,160192.91674235903,24.07978634909117,0.08944290839387965,67.82921638251581,1727125.0,,691,1
1035.679631518723,521.017557073421,176239.63184171304,21.813253333368696,0.09281702020098014,83.14549104953551,1598464.0,,691,3
1356.1108923702893,264.83964010407294,210801.5349742557,25.47736744485641,0.15048611811454754,71.84062165244954,1732082.0,,691,4
1358.5880504416546,265.485281988967,207348.69745499818,24.571297706703984,0.16661816720598868,73.65500976143727,1707819.0,,692,4
1031.8803365640388,524.2269987239847,182312.19282504983,21.933752690182427,0.06445276051773344,85.32313011968476,1597283.0,,692,3
533.8831464276382,1343.810807665366,166051.5732195484,23.554685986764337,0.03270251757889608,72.19649471665633,1700643.0,,692,1
178.12739084427125,1529.5310688168177,123705.04740937868,19.89152419303332,0.2644107058860491,90.79256153761327,1508161.0,,692,0
177.26320533059737,1529.9894567087358,131446.8431372549,19.171598518404785,0.2800206461030039,91.64705882352942,1500449.0,,693,0
538.4654824357818,1347.0308851735404,170152.07843137256,24.279430671158497,0.051506707117398104,69.66666666666667,1716861.0,,693,1
1036.9795947690727,522.1848491716889,184090.6274509804,22.35844250000046,0.0972315075239066,85.31372549019608,1592143.0,,693,3
1358.2168355855856,263.75899669200453,211727.05882352943,25.424059059641333,0.1410176119069824,72.64705882352942,1720640.0,,693,4
1355.7682101411488,264.8390125770043,201882.52407537293,25.901408499712655,0.14241326390153528,69.58820641965958,1738641.0,,694,4
1034.9598825574844,525.7224552270602,176725.85216077045,21.80390778165968,0.07225166127979511,82.07839731549592,1605240.0,,694,3
536.9229241266278,1347.3062881905475,160254.1452699385,23.63720949603272,0.08040805344248052,67.8038934345401,1728319.0,,694,1
178.16349575153495,1528.7584071342785,127172.98252582342,20.145150386756022,0.27862161301099075,87.78819886787824,1532269.0,,694,0
179.74150750361352,1529.7913174596565,121219.44820721615,19.192290438533334,0.2564883979576434,90.85023390639508,1491358.0,,695,0
541.222567600655,1353.155464290633,188469.53127241903,23.560604691722954,0.07315709153364686,74.62697785168167,1689103.0,,695,1
1035.0236732683022,524.9781180411863,182944.25077698485,22.197209286493315,0.11733495998603065,83.63989788207802,1599677.0,,695,3
1357.500089162513,265.11497982157107,208233.42283187332,24.749166917195478,0.134774607102294,71.74284344195485,1728217.0,,695,4
1356.1375487599964,265.5050707082089,215354.53333333335,26.089088107344374,0.17680410742699526,72.80000000000001,1712577.0,,696,4
541.1793720506267,1358.658481110927,163647.26274509804,20.969720367713464,0.09290096067238426,77.79607843137255,1646293.0,,696,1
178.22898208252394,1530.2572529588297,124740.30196078432,19.649931899563335,0.2770563807544157,88.85882352941177,1521979.0,,696,0
1032.9247478916132,524.9012937897687,176832.9843137255,21.624061251859384,0.07816092087774439,83.86274509803923,1597881.0,,696,3
177.7206328547383,1529.782729391995,132822.6,20.219907682087925,0.24776819108946135,89.71764705882353,1507702.0,,697,0
538.8058202969232,1356.5723048400869,174686.45882352942,22.579536967265796,0.0976383134352793,74.4,1679615.0,,697,1
1032.4531952300104,526.4057947136298,181512.29411764708,21.81690720515611,0.06437193089098334,83.88235294117648,1598820.0,,697,3
1356.1836358135133,264.6801073153157,208528.97647058824,25.233159089787712,0.1828589274481926,72.5764705882353,1718303.0,,697,4
1357.164209025705,265.0698369327585,221036.92936919574,25.246504687855595,0.1604177565730887,74.76470586795419,1713288.0,,698,4
1035.7779136723289,520.8390977829242,184879.98819968852,21.445394776138922,0.04377386972426749,85.7058823364353,1578946.0,,698,3
539.5539710684816,1352.893294183195,179355.78820075243,23.615293364216843,0.03629956456742718,72.57647057425797,1701326.0,,698,1
178.8187479214211,1530.4669692312984,127207.9529166778,19.8699087770477,0.2509623313234412,86.7999999832834,1537215.0,,698,0
178.30084774010044,1530.3052058797387,129888.12549019608,19.645036845673804,0.21569809889673655,88.3921568627451,1531380.0,,699,0
537.8766416452443,1352.3595372750642,175431.3725490196,22.83157422279512,0.09463452352433281,74.32156862745097,1679768.0,,699,1
1034.5628910079315,516.0782778322391,182176.23529411765,21.225698704085953,0.05818412308924438,87.67058823529412,1566784.0,,699,3
1357.6891625758062,265.66646785849616,212324.09411764704,26.182504335528677,0.20874699503405494,72.87843137254902,1708389.0,,699,4
1356.3802141733302,263.6902829032704,205472.55404416882,25.183004039860705,0.16384444003343482,71.88234646745495,1714058.0,,700,4
1035.0962445083414,514.1927058681251,176790.39192140097,20.932718214404815,0.09656233936567318,87.73332543207322,1565502.0,,700,3
538.2249795502568,1347.9283384880355,170796.51010826856,23.496065451362412,0.07526135152619048,70.7764642141095,1710681.0,,700,1
177.31530278137728,1528.723129165124,127444.81989487316,19.41149294928117,0.20662698091873238,89.20783510320051,1517929.0,,700,0
180.08615155336466,1530.3655709045054,128608.56735725839,19.146498858764346,0.29245125553190937,88.83028984609444,1525896.0,,701,0
539.7309953878475,1349.5636797098118,179653.91665271868,23.917084698365002,0.018761831965251156,72.98090203123112,1697787.0,,701,1
1036.3665627476882,513.8699180977543,174389.33976528395,21.02877495142615,0.08201641719812744,86.9873377745987,1554630.0,,701,3
1357.6583182502127,265.12821561230203,202829.40754219185,25.325167273837764,0.16857021322283777,71.87513078833368,1720483.0,,701,4
1356.596450301565,264.4907794634712,208110.4705882353,25.857658807605688,0.16523027799254367,71.51372549019608,1734975.0,,702,4
1032.290871961575,509.9497285864616,176902.4705882353,21.245009403905705,0.07613925819126675,83.67843137254901,1590436.0,,702,3
539.8566790438665,1347.1844588053905,178597.41960784313,24.093902924353863,0.10821623702999907,72.98823529411764,1693895.0,,702,1
179.42105805919357,1531.020309987207,132259.47450980393,19.62509659482295,0.29442769302505856,90.68235294117646,1513921.0,,702,0
178.18675982820574,1530.5161535517616,135749.95695454595,20.7852074061337,0.28291810518764876,89.4743832115945,1518396.0,,703,0
537.4829952328029,1352.8251953085244,177243.7021689229,23.45662329393822,0.09656683049511815,72.51754445778425,1710140.0,,703,1
1033.2809184797054,507.0882370809128,190039.26053578747,21.038009987197874,0.018924721076754615,89.83516701486707,1549071.0,,703,3
1358.3662912889363,264.4673487597199,207025.68356146605,25.58554658527251,0.15969382334874457,72.51754445778425,1716487.0,,703,4
1357.2691367910263,265.5859514612487,205400.47058823527,25.607895329212983,0.15101422910531495,69.88235294117646,1737709.0,,704,4
539.1569917609364,1352.778058180213,172720.94117647057,23.272164657140774,0.061598044038743395,71.6470588235294,1702949.0,,704,1
178.51125366119854,1529.9604395665585,126766.58823529411,19.731717210697763,0.2304698937048397,87.88235294117646,1537945.0,,704,0
1030.932083118041,506.82075519487756,174181.76470588235,21.532647118934843,0.05745716486157231,84.70588235294117,1580634.0,,704,3
178.19807757445344,1530.8376042831892,128880.36715530195,19.976930681820274,0.27158812413928335,86.94079024898902,1548623.0,,705,0
538.6584563860557,1353.1119565926538,168683.47502190978,23.232265723090283,0.04756625185824214,71.90040037469133,1700912.0,,705,1
1031.3209622470388,503.67198419261774,174329.49064521014,21.703010241636054,0.09956540977070906,84.73975758445765,1582889.0,,705,3
1356.5495909284177,264.97794682412325,213966.78738442328,25.544064648702754,0.15330981912242264,72.26723915211323,1718234.0,,705,4
1357.6030567173514,265.9902057922296,211907.24832000682,25.716791956703364,0.1739276430863087,70.58665090221484,1739010.0,,706,4
1033.2581057551224,505.05238778123436,173531.15893153736,20.78786249259292,0.05568214690240026,83.91168193987785,1587442.0,,706,3
539.1563422859839,1350.4591713701575,164876.01106861426,23.233340888801607,0.010187266862235327,71.66705882418752,1697851.0,,706,1
179.04260980667095,1530.6055351332623,133042.15178366334,20.887383263238274,0.2944977321855098,86.792769731805,1545338.0,,706,0
178.9930508236261,1531.599048746985,131977.6516782019,19.833384867556724,0.27974615275916226,90.9998733950417,1505631.0,,707,0
539.5740171324596,1351.3957066628504,174552.0316616343,23.895023167032218,0.04817307326134399,70.65872522438532,1711187.0,,707,1
1032.4080009330073,506.7953215218298,180533.39981055312,22.359862225972613,0.10074847268607752,84.21949067148958,1590463.0,,707,3
1358.4896727525534,265.991443894526,215591.1902515551,25.980222567240865,0.17986622221995358,71.72931197020935,1722465.0,,707,4
1357.7003824667627,265.5827926514852,210107.90434444035,25.218154795587385,0.15481503990286993,69.86174049323434,1750680.0,,708,4
542.3151031961796,1352.5122623738685,179612.34019845648,23.745168580644282,0.07875139253083493,74.61672806607227,1678427.0,,708,1
179.26244766978718,1530.922217953571,129482.70082767509,20.06864761831627,0.28254056312118914,85.22400803624922,1548546.0,,708,0
1032.4025528668199,508.812325109033,177377.49603922263,21.121561593902292,0.07736283397088835,85.5897763110829,1576318.0,,708,3
1358.412789171164,265.252358439291,213389.17320793372,25.80957194861733,0.17090955732506075,70.65878479155073,1724892.0,,709,4
539.6791578284237,1353.140546004051,179005.10970565747,23.858468423728883,0.08141687087996485,71.015647341003,1707774.0,,709,1
178.3993255635749,1530.2567671866484,129001.17241385503,19.984888353533925,0.24904457172341748,85.64701186854633,1543072.0,,709,0
1032.6507114637332,513.5104934816293,175957.50353333502,22.039262467360807,0.056361321936418365,81.72152382457129,1608636.0,,709,3
1357.014922386685,265.52640784637066,211432.0324750931,25.07732417372315,0.16720643239476496,71.84705786559215,1729034.0,,710,4
536.2719471863717,1353.4594149103227,173024.85651658796,23.11553604965876,0.052860833382330795,72.9411754980631,1685415.0,,710,1
179.4873435890508,1530.546268933957,129585.10415459397,20.281855760485897,0.2528684840098989,84.97646945524352,1551492.0,,710,0
1032.8528693277945,515.0107160948743,186469.37398439093,22.538832994144435,0.07601815435485341,81.69411655783067,1614334.0,,710,3
1359.0978175156183,265.8399199880356,214597.09234733402,26.446844922293742,0.17787992036854755,70.75286689493552,1736353.0,,711,4
533.1394073164938,1354.6791313643203,184234.63010642078,24.02968712016204,0.04902693707985255,72.57639439222767,1702734.0,,711,1
178.25520069481283,1530.779342320134,140252.60569373186,20.854973522816977,0.25313590689109716,87.89402536948175,1534290.0,,711,0
1035.472858078427,516.9933227119709,190455.77651618267,22.443906881522512,0.06889168404412743,84.97638137381432,1595036.0,,711,3
179.29386885218923,1531.3265282612094,128675.63582886173,19.62519460665003,0.24538733661597012,88.58822756272076,1525572.0,,712,0
535.7181065654604,1351.5051410015042,177157.04336242977,23.659760337577154,0.058412238993675064,71.99999371631488,1695674.0,,712,1
1035.4609705324888,508.4683819598568,174293.63184762356,21.40264665950958,0.055044384510168035,83.64705152336582,1593887.0,,712,3
1358.6290088853934,265.53820049865294,210921.15806277908,24.265452848395775,0.1482550687511777,73.76469944465593,1723230.0,,712,4
1357.3883381599464,264.5073800472841,203006.20903996797,24.261002835750254,0.15460648493082513,75.85799603387733,1684524.0,,713,4
540.8914329235122,1355.6226525949298,167598.7599873477,21.488542085838834,0.0699706146900335,77.68150555392245,1639926.0,,713,1
180.8204384974925,1531.7435187515732,134753.34181039085,19.66078827089983,0.2655438958209218,88.98726457820224,1517296.0,,713,0
1037.198928307465,519.7411156036694,167770.16988223194,21.090206725006066,0.06040192823469086,81.69322649802173,1605188.0,,713,3
1357.4556325692554,264.8175242891234,203524.89019607846,26.276399811067577,0.17949189167897808,70.30196078431374,1726281.0,,714,4
1040.3971413835043,515.2069801352898,168131.2431372549,20.70353605358459,0.10592445936871371,84.93333333333334,1572863.0,,714,3
534.1885888475658,1355.753299356598,178763.61176470589,22.500994759061115,0.10364027411562203,73.87058823529412,1677944.0,,714,1
179.5135964226772,1530.5535525538492,134711.76078431372,20.764178314869277,0.282666318492006,85.64705882352942,1555535.0,,714,0
178.67791246141573,1530.5853998312118,120758.958591073,20.443040894554507,0.2534447904086883,84.81146295804211,1557792.0,,715,0
534.9649285047689,1350.643171395982,164928.27987390882,22.94071099792462,0.056642127938423784,69.80367321649557,1706623.0,,715,1
1039.1692556144335,513.9150986626294,172894.97309810747,20.9484334254996,0.1343819885340346,86.20753642237203,1564323.0,,715,3
1357.4585847253313,265.4373631668446,198475.2271850244,25.301560670265577,0.1528682194906941,67.7095630200007,1761758.0,,715,4
1359.8492430065492,264.74340304466836,211506.36419880664,25.454235527347347,0.16166386945487995,71.72350526185625,1725418.0,,716,4
532.428880102586,1349.3603932464202,172099.63134370532,22.813137565124435,0.057518512872938056,72.82694380434634,1690515.0,,716,1
181.11158173814533,1531.5126131859483,139287.41503137234,20.887164605745646,0.2515456725505717,87.907270551711,1535598.0,,716,0
1036.6254050865982,510.12232822531377,173992.76406977084,21.018720943034445,0.10570278237577121,84.9647677717374,1574070.0,,716,3
180.41931179051306,1531.535587463774,127353.8344573763,19.11977329869479,0.22756963011229286,87.52941118961932,1528228.0,,717,0
531.8877738428431,1350.572409896871,182690.65762321354,23.79488734536648,0.10462528603891794,73.67058775126293,1687602.0,,717,1
1039.508622772354,511.7405017153109,173602.55180057135,21.336084280817236,0.11590456302532874,84.9764700299221,1569414.0,,717,3
1358.1018368511527,263.480849718121,206431.91629075792,25.35612772016482,0.1414700676535496,71.8470583514792,1726940.0,,717,4
1357.743035792445,264.82631687077384,196384.7814472047,24.9688903274664,0.15546015693736973,69.4664392931667,1739134.0,,718,4
533.5059882352186,1351.7898355026118,164076.57204503735,22.61630186664541,0.08718059087859441,69.4664392931667,1717293.0,,718,1
179.1936504013578,1531.9567950893882,139118.47326505103,21.899879105285688,0.2849551515111018,85.95594761023153,1559792.0,,718,0
1039.135652987462,516.8086358763942,167248.87277275862,21.77320406479114,0.14610830463420613,82.44754158532412,1596755.0,,718,3
179.17527956584507,1531.9478866394447,148149.88235294117,20.97530890783793,0.2718036566507542,90.0,1522093.0,,719,0
531.6241813552874,1349.4270842884596,180912.35294117645,24.051597634895945,0.0856175539047452,71.6470588235294,1701630.0,,719,1
1038.2461268212865,518.5462896491981,176006.82352941175,21.355941992969868,0.12090086401429606,88.94117647058823,1557639.0,,719,3
1357.4719921745382,265.0403716403053,204220.23529411765,24.983310018980262,0.15775361538370156,72.35294117647058,1723512.0,,719,4
1040.1639169086932,512.7665607230023,172918.68724627464,21.947356660018094,0.14237191688487727,83.82328357910403,1579973.0,,720,3
1357.6680975943984,264.90475824254577,208509.6890049032,25.301228455075783,0.1399642445337649,71.7964646307978,1715523.0,,720,4
533.368967754103,1347.1058193491963,175850.6799262481,24.030461234925053,0.057588794661977485,72.88981180791654,1696714.0,,720,1
179.34873933052748,1530.942983387746,138980.82641944967,20.086450520182286,0.2513652451633708,87.83222322853943,1533326.0,,720,0
179.8456860468546,1531.6055435042003,130163.72156862744,19.92064741156749,0.31077108952679094,89.0,1521265.0,,721,0
530.5926821860844,1347.9514835903503,164336.23137254902,22.498032565972466,0.018489963931771856,70.85098039215686,1697550.0,,721,1
1037.92332423642,513.5327841954631,168046.6588235294,20.89515621730816,0.12247773384897769,83.76470588235294,1575937.0,,721,3
1357.7059590378074,265.6952604765075,200794.81960784312,25.17033147671912,0.1522731325369736,70.50196078431372,1740892.0,,721,4
1358.0655762763681,264.1890442177816,207608.9089859203,25.986868427621722,0.14782987918410445,69.6001352003186,1746157.0,,722,4
1039.2204177759575,517.1443354495187,176091.94828142785,21.582933551396707,0.1301646627302706,85.82814599832035,1576422.0,,722,3
529.1252575696714,1349.4176960406467,166086.4780683043,22.67137147747316,0.04598533421107355,69.96075766249642,1712020.0,,722,1
179.6299159599223,1531.865077075658,131264.05187549,20.3975062044881,0.25148205028038606,85.82814599832035,1545109.0,,722,0
180.4627937953852,1530.9868230710838,130047.82649113444,20.08382132752629,0.27625952037569085,88.66177603486156,1518546.0,,723,0
532.5599677023085,1349.4649356313055,172551.8348880822,22.90038217996886,0.05606512614895313,72.64305179326892,1686888.0,,723,1
1039.5515774698808,513.4633752645067,175168.47486652283,20.879075690933483,0.13122967473807165,88.66177603486156,1546840.0,,723,3
1358.553151081233,265.43570184749655,214786.50520068876,25.962286425241462,0.17281195954887624,72.64305179326892,1719005.0,,723,4
1358.516776403659,264.2049753452744,197325.9069256352,25.061162467638056,0.17247833167284826,68.73705001813475,1746016.0,,724,4
1037.8350516104963,510.5021576918294,171828.37902460774,20.545438614924166,0.029828511946916818,83.6953717837392,1590141.0,,724,3
532.2749239345281,1347.7303506784817,160363.8938428266,22.277242827704928,0.04280253544522717,70.87395312750682,1702975.0,,724,1
180.2721529941156,1531.88967852198,131701.6124368191,19.433481370188286,0.2107732364148773,85.83227489311128,1555289.0,,724,0
180.15690859530378,1531.9017184104569,130257.17647058822,19.822080860473232,0.2803580343283072,90.0,1513236.0,,725,0
531.4866940889943,1347.2228427724847,177957.17647058822,23.545280691347966,0.08213281057260793,71.6470588235294,1704094.0,,725,1
1039.783249170394,520.4045530432631,171236.47058823527,20.931632912516886,0.10316323893732414,83.6470588235294,1594403.0,,725,3
1358.6395905218892,265.2881476439508,209483.29411764705,25.008311307143064,0.16067912261851436,72.70588235294117,1718546.0,,725,4
1359.06993095574,265.21951701986995,208720.70235872862,26.163668530049282,0.12031637550230645,70.26206323752051,1734383.0,,726,4
1040.0035621836564,523.2452628634994,172232.9610034336,20.28578694830376,0.11712530300725854,91.99259825943406,1519349.0,,726,3
532.3633820046866,1348.7246293854846,175266.181516909,23.112785532890978,0.030036839857307866,74.60817024190322,1680669.0,,726,1
178.11272050762432,1529.9365367365765,141724.01418383434,22.28708533079606,0.2612393914964489,84.74908658546288,1555423.0,,726,0
179.56648841719064,1530.1979693356395,136605.92549019607,20.344131750655627,0.22826439562134004,88.65098039215685,1542195.0,,727,0
534.5810731868469,1346.109556672871,173263.10588235295,24.303483165923144,0.0630285738276265,68.75686274509803,1724639.0,,727,1
1037.634904348503,517.8475760982873,170420.34117647057,21.508935737841828,0.11505034235333085,80.97254901960784,1613739.0,,727,3
1358.6347901733832,265.1465712980566,207821.63137254902,24.95558455030077,0.1281207610815717,70.15294117647059,1743111.0,,727,4
1358.6529064005147,265.04816991532056,204638.0394819397,25.837758723793446,0.14408438968855625,70.80901020136321,1731522.0,,728,4
532.1016860002275,1350.532381683482,175210.66882026562,23.280276716050647,0.09793983296598714,72.9439552325601,1685373.0,,728,1
177.8206731921902,1530.691812344289,136538.27452516533,21.627269685030555,0.284125209366303,85.75362541974138,1549515.0,,728,0
1038.6989922090659,519.2904796729753,168345.39724828018,20.656413786366112,0.12022498199926562,86.82109793533982,1557398.0,,728,3
1358.6087467180116,265.5999387362157,206116.05950515525,24.662298037946815,0.14372454274675758,71.07450327763975,1728896.0,,729,4
534.736006410324,1347.4056849452277,171096.5333089923,23.612350178708816,0.05181805977612843,71.79607183883405,1698502.0,,729,1
178.3975127758249,1531.207561614431,146563.5630126663,21.091768373333405,0.237799430219619,89.83528586869187,1515554.0,,729,0
1037.2151703988532,511.8124111904727,171892.42343198965,20.176889125524237,0.09669727212888024,88.39214874630323,1542499.0,,729,3
1358.6540418895916,264.7249102788578,206828.0676945012,25.389910430783463,0.1113909780259513,70.19565161468073,1729629.0,,730,4
1036.218193733113,510.35504496511675,178527.34082966545,21.52082181669481,0.09962214082773715,82.79487113526446,1595182.0,,730,3
532.8176527239559,1347.5761357703436,173060.3594908339,24.13204306978114,0.07488224513859132,68.75574081232831,1719307.0,,730,1
179.60441238041258,1532.3194788993544,126389.2506095859,19.354581472697248,0.26684951122107425,88.91449204526226,1508954.0,,730,0
178.57784917452474,1530.6542073541093,129575.22196044467,20.854122465746247,0.2536761468646624,86.89368493792377,1549806.0,,731,0
533.2784914232004,1347.2462578275406,172770.9986594015,24.00563269474771,0.05565780322888767,70.8682102567493,1712147.0,,731,1
1033.3032691315493,507.815895527542,175319.4052553678,21.28316336848353,0.08139733588160925,81.90798170378059,1611835.0,,731,3
1357.9167992270259,266.17840015217087,211560.83818601407,25.85004169671318,0.1718296665419081,72.64881855465757,1727150.0,,731,4
1356.7151580284306,264.126452403051,209045.0338803886,24.722455522138393,0.13505575230675426,75.85882301639397,1695290.0,,732,4
533.2209977636625,1348.0541078884041,171562.0223691727,22.721907113643628,0.08194908832127552,72.9411759773019,1688924.0,,732,1
180.46033155793356,1531.1907200492396,135099.09320399936,19.993566695511657,0.266023229559842,87.89411705264878,1526985.0,,732,0
1034.1370903550066,510.63666962316074,176401.3046893868,20.704599793581192,0.05488742230570073,87.89411705264878,1556114.0,,732,3
179.02937299994576,1531.296900254922,138819.76379641032,20.383901194069058,0.26004470103793403,88.84705824145152,1521000.0,,733,0
531.6472683508524,1348.396400494656,170480.94005957164,22.976444590200124,0.05563644525859482,70.77647012454612,1704570.0,,733,1
1032.8147382029736,507.86815638722334,168895.99889348474,20.76989237376643,0.06470077036728522,82.82352886914973,1597535.0,,733,3
1358.5233411754455,265.84490407935056,207387.10452366478,25.570687764652984,0.18451937811059463,72.28235246762158,1714980.0,,733,4
1358.4525183348649,265.2374932815507,210351.4117647059,25.30467363881187,0.167733052481497,73.67058823529412,1706288.0,,734,4
532.6684462576794,1348.5226499438234,183077.97647058824,23.887164165534596,0.12573499528865256,72.94117647058825,1686603.0,,734,1
180.1099485517828,1531.8896044257929,134616.22352941177,19.91108322698606,0.23986399964624872,89.71764705882353,1509928.0,,734,0
1033.3542570837326,506.07402389828735,181175.6705882353,21.206275170910306,0.09725199184613863,87.89411764705883,1562330.0,,734,3
181.46161608589603,1530.9766692230955,127678.39399482406,19.861330402294946,0.289041986541973,86.87658498428222,1534091.0,,735,0
530.8046258191378,1346.2997608945855,173356.33539817014,23.548515288083777,0.061583339272464135,70.679255580433,1705469.0,,735,1
1036.1649118650907,507.0827410878015,167823.47492226437,20.58853522309756,0.10129920908648209,83.93161600176418,1584611.0,,735,3
1359.5533222527858,265.6300365366796,202212.982094496,27.13067011459162,0.11988008675231218,69.94301333480348,1719395.0,,735,4
1037.2775022838366,506.87673108577445,169604.9753961155,20.096445385236763,0.12387852351609499,86.82288445439592,1555340.0,,736,3
1358.9303792509693,265.96705079835436,202716.96472027208,25.323276981888526,0.1697412312818269,69.17595671976261,1747054.0,,736,4
532.2406774066764,1344.11256164214,162535.6161456214,22.70398029432056,0.04050748255458252,69.88183382914794,1708038.0,,736,1
180.76143866144423,1531.1726054750914,133269.9511905055,20.27992777770115,0.2374524213065754,86.82288445439592,1547398.0,,736,0
179.80624568668048,1530.6660182773437,129648.56470588235,20.05747234154631,0.24201351868015206,89.47450980392156,1521689.0,,737,0
530.6741607534889,1348.2738624661345,172719.3568627451,22.89892898340899,0.09163996036176003,74.68235294117646,1659102.0,,737,1
1037.8137852495997,508.2106424011833,165374.14901960784,20.518895414919854,0.12876359589440234,85.86666666666666,1561973.0,,737,3
1358.2823962706364,264.4283565560048,210122.5882352941,25.456002530535077,0.14973811989234662,72.51764705882353,1721297.0,,737,4
1358.4400445600488,265.2795456705302,207233.84056761503,25.363290373128294,0.1322604616729886,71.84703617920489,1727674.0,,738,4
1037.7592592592594,507.3301517658982,170570.69918171092,20.83269996086567,0.1304613449044053,89.3529130147472,1538517.0,,738,3
530.5052878308392,1346.0025843327676,175978.92100659126,23.099197160894796,0.08619671880535507,72.94115348142628,1685769.0,,738,1
179.99945871853635,1532.1987149277888,135430.20437473158,19.983253186106023,0.24455387671053658,89.71761878215433,1514823.0,,738,0
180.35456212683223,1531.0950455730065,126556.25490196078,19.887775557050198,0.2830374625639161,85.85882352941177,1547740.0,,739,0
531.4571374603585,1345.7605264989213,175537.66666666666,24.041378979789375,0.07134860655731066,71.89803921568627,1699152.0,,739,1
1038.5020278692293,508.72580424049283,165485.2039215686,19.930793403412398,0.10298091511417373,87.95294117647059,1544623.0,,739,3
1357.7479813606467,265.6050498129066,214437.29803921568,25.059442352176077,0.14550288207576517,72.94509803921568,1720930.0,,739,4
1357.7671713425232,265.2555257292184,202812.37647058823,24.629311363612036,0.14167991681478972,71.79607843137255,1726030.0,,740,4
529.4039389201932,1346.072117394285,172619.41960784313,23.07423277964161,0.06849305041387975,72.87843137254902,1691227.0,,740,1
180.42093779914745,1530.7826692884826,132287.7019607843,19.757487479243004,0.2608252025248256,88.75294117647059,1522052.0,,740,0
1036.1065940182834,507.2487186623563,168518.74509803922,20.21445625241628,0.0926688132884119,89.83529411764705,1541567.0,,740,3
179.6902989331547,1531.774684144169,126014.92464704886,19.2391889673265,0.22394091888995385,89.57646998889238,1525359.0,,741,0
527.7118932343376,1347.1224375583788,185091.15954589617,23.77211650567349,0.05779947078536356,75.19999949684792,1679900.0,,741,1
1037.333593525598,507.5263631041522,168121.02632610747,19.600244226297825,0.07624958418466322,88.83921509186446,1547901.0,,741,3
1360.0547314997893,264.848870036333,206568.50057866503,25.669030065887252,0.13060166752341174,72.98823480576417,1706116.0,,741,4
1358.0516414883737,264.33157639119656,207051.15842831854,25.157134592213414,0.17866862022864638,71.97913536528033,1727042.0,,742,4
1036.7988797393593,508.23951274845524,165480.73788257717,20.228839132483614,0.10997444882062066,86.44553021810628,1563358.0,,742,3
528.5363736046082,1345.831409511636,172798.26380581516,23.666554711130978,0.06793844164594579,69.86210197218385,1712695.0,,742,1
181.38176550398552,1530.1064192435977,124827.34563494546,18.74573462328945,0.23396924757747398,86.44553021810628,1535938.0,,742,0
181.0616582087149,1530.94348408745,137399.98731254213,19.79238676799108,0.24893787588993693,90.99525964621586,1513645.0,,743,0
529.4049440684988,1346.5556178112731,180873.59708579382,23.51175014947725,0.07026039316485067,74.93727264982482,1687102.0,,743,1
1039.5306642455482,508.2165157651627,170577.2158237079,20.791536105451993,0.10444111214816852,87.78366224693764,1542483.0,,743,3
1357.8696912944306,264.4038615350688,216830.64156811262,25.413522096117514,0.17691939116835737,72.79620771697267,1725922.0,,743,4
1360.3048471890672,266.1369027610225,210934.93179032078,25.71739210457111,0.15130321593021945,69.82562399402481,1738794.0,,744,4
1037.8190325599405,508.00035281336386,167306.15427454907,20.127551252044036,0.12187823473114559,86.74214114721639,1552857.0,,744,3
528.5948520591763,1344.4228788484606,180034.93361758356,23.631868819677294,0.07343651429708868,70.90540168465407,1707016.0,,744,1
181.13567192057795,1531.9039974687971,129682.38042226351,18.748267123730894,0.232657547474029,90.70132601285697,1498560.0,,744,0
180.70974800953914,1531.8730277076459,139361.49284525134,19.262059263561603,0.23085354035116468,93.77741617269727,1473117.0,,745,0
528.3298726004864,1349.1558138396686,176278.66071512474,22.74482620403202,0.06711725997656082,77.64770059099334,1650297.0,,745,1
1037.4014112364355,507.86491901427274,175429.41243426478,20.46424588131944,0.12793969028200594,89.6512098610986,1524932.0,,745,3
1359.1856486659992,265.2320786156196,210935.79285523613,25.58873757156615,0.14892515439069032,73.14638461470388,1709598.0,,745,4
1358.4228575793506,265.26783665122156,204748.19946777562,25.390706172648404,0.14685171462695254,70.73532590780398,1732073.0,,746,4
179.68170754540347,1530.4117310532777,136690.50778139618,20.211720665244975,0.2584559044660823,86.73075136434258,1542094.0,,746,0
1038.1106569977862,507.49932798060365,161853.8002018246,20.049676580732005,0.1342573505998004,86.73075136434258,1553433.0,,746,3
527.0434519347814,1347.0066396209988,170242.15676513247,23.106320810860527,0.05225373432303864,70.73532590780398,1706506.0,,746,1
178.83312374762747,1530.2782896631154,130802.70081902083,20.495191350265316,0.2525635252081827,88.77646182854855,1523092.0,,747,0
528.8758142080425,1338.2134077410326,171339.33995647385,22.829359302107804,0.09403963387000436,73.78822801333905,1680856.0,,747,1
1037.6746571503734,507.57105308307314,168000.80695255782,20.138534036382673,0.14532995446194993,89.92940289125697,1526452.0,,747,3
1357.8658944272945,265.5681244605053,210145.79887248907,25.496178427549594,0.1610696135914346,70.71371851278326,1740831.0,,747,4
1358.182692087333,265.6158429630413,206862.7184247576,24.60703656502696,0.16935194274617885,73.66399436197307,1714331.0,,748,4
1037.3938150440315,507.52307785490706,168582.23913681187,20.32884973720794,0.12164231552357772,88.61559717801711,1544440.0,,748,3
527.082311479854,1338.9385374833719,173530.1256492042,23.22849691891341,0.04572603021400937,71.47595492547882,1698861.0,,748,1
179.15774175125534,1530.285939419409,135369.62385702622,19.964074784967725,0.24732478309003136,90.80363661451136,1510790.0,,748,0
177.71879605246409,1530.3793605761207,127550.60392156862,20.169158509553526,0.3048711573312348,89.47450980392156,1518421.0,,749,0
526.1855686930618,1339.706968772635,176825.80392156861,23.031158001783464,0.05734857701137132,72.87843137254902,1690826.0,,749,1
1038.155984736061,507.5549501801993,170181.9607843137,20.598414267640084,0.1275000577946629,89.47450980392156,1531160.0,,749,3
1358.3217927576081,265.6788890177071,208498.33725490194,25.37985323674375,0.13978293099497777,73.2392156862745,1714968.0,,749,4
1357.0800779440935,264.7012888737428,203698.67321232622,24.77493705619722,0.13913180535945227,71.90977357571133,1731421.0,,750,4
1038.4035926298752,507.13008722003804,168688.58117234154,20.443104012556844,0.08634067379488426,88.64125554629763,1553604.0,,750,3
526.9560560473046,1338.6610485733356,166944.9471576196,23.37347673370036,0.07156278007511203,70.84180664141859,1710929.0,,750,1
179.7698808075101,1531.234568538398,131055.20635275579,20.381573970647363,0.26508755197816325,87.92927759010246,1523247.0,,750,0
178.13600204310075,1530.5844572198616,134202.32361256523,20.047456791729253,0.26767704381368734,89.69476186109917,1511846.0,,751,0
524.3640435285372,1338.1412798381102,176574.71249631344,23.781451203122682,0.06610011542100434,69.27644208784082,1725647.0,,751,1
1036.6477191861688,507.6441226892659,180355.01855719098,21.44244158050078,0.13474752897414516,85.31940762397238,1571780.0,,751,3
1357.493473773625,264.4680908897855,214620.24065239634,26.473015787321433,0.15750846595107026,69.64105494093472,1745309.0,,751,4
1359.1595217589897,265.6954159852999,209196.0235294118,25.473950519759224,0.14478027413922576,72.5764705882353,1711281.0,,752,4
522.8564298188572,1336.9625861510256,167692.85882352942,22.312575400000878,0.08246286720769413,73.67058823529412,1677342.0,,752,1
178.5938373832181,1530.5760383022998,134599.8117647059,20.3541411840099,0.3009433867251937,92.63529411764706,1498141.0,,752,0
1037.866782903823,507.9166089530961,180098.32941176472,21.38810289600363,0.16129859358866686,90.44705882352942,1531977.0,,752,3
180.31394924252572,1531.199354826846,135847.35008633783,19.93019850807863,0.31337329962340554,90.99955676398417,1509574.0,,753,0
523.3465491218584,1335.7431375946458,170944.6301166823,22.453854417630495,0.07002558499569438,73.87022843194009,1688342.0,,753,1
1038.4914926370584,508.027626243971,167139.0643389132,19.7148944158092,0.11592502337592565,89.57211273631383,1538942.0,,753,3
1357.8622824742024,266.6569182023663,211404.81735898426,26.269600409061155,0.17280717053710642,71.372201383517,1723957.0,,753,4
1359.0431182279522,264.5588979563846,210437.56949777296,25.324915413363307,0.14704363346306726,70.71348858449373,1743268.0,,754,4
1040.6198558035217,509.0075148879856,167935.87659365204,21.18755181909642,0.14700389356418284,87.6702945205713,1557409.0,,754,3
525.0655333651144,1335.5091154365002,177849.83553657707,22.551522919991314,0.038041810036608135,75.76445205481471,1662878.0,,754,1
178.61072602635,1529.2645982518284,141574.89824204685,21.25648522604411,0.31307678336195444,88.75264383564009,1528556.0,,754,0
179.94755622397844,1532.3786270490614,121778.03454970186,18.976433002386322,0.25436185020488045,87.68488025969602,1524298.0,,755,0
524.0528681603589,1335.5363671475354,172102.0844574561,23.036293449424043,0.03988635459211298,70.71361311265808,1708487.0,,755,1
1039.441616026423,509.468136043261,163785.10285121083,20.112710729842124,0.1092599336767211,87.68488025969602,1556345.0,,755,3
1357.089696050727,266.6288717347853,205196.7625303112,25.986202579750234,0.16484437683003683,68.94577278484162,1750091.0,,755,4
1356.8993829884819,265.77567607327984,207740.48414242695,26.421391581569004,0.1668462560021874,70.47108334746608,1728636.0,,756,4
522.7612050308607,1335.1595163981533,168293.216599652,23.62843899258099,0.06395772296743922,71.90926872190416,1698121.0,,756,1
179.6914200784437,1530.724477697486,127971.17280287508,18.82572730205243,0.26329960828653826,90.96522493320876,1500093.0,,756,0
1037.38774282741,508.0393435032918,166186.27502610022,20.114630411586376,0.12811011353775129,87.72930784072307,1545097.0,,756,3
178.56812047497942,1529.870515894561,134352.65490196078,20.77251295353131,0.3075585007745674,88.65098039215685,1532974.0,,757,0
525.4393180368633,1334.539511395655,172922.46274509802,22.250928573168846,0.03601019518642778,73.99215686274509,1686383.0,,757,1
1038.736125363914,507.83946572220736,171074.40392156862,20.983365454702664,0.10537853504472952,87.95294117647059,1554884.0,,757,3
1357.9290919763555,266.42938890681535,203348.59607843135,25.914223214040913,0.12019135892887475,73.29411764705883,1695591.0,,757,4
1357.684671515231,265.8148173686397,209291.97823688225,25.60011635568874,0.161304240746022,70.71369693731789,1731935.0,,758,4
526.2808641077329,1332.3348261601445,173605.73382279588,23.9767458364316,0.06010517856803357,68.90977609708018,1721451.0,,758,1
179.27402570514812,1531.7771176236631,132438.81711189935,20.35961634341408,0.2880286848638339,88.7529053396949,1524398.0,,758,0
1038.8704154042005,506.94072032745555,173728.7612241001,21.18591907137644,0.11691869563999084,86.58820033140967,1569623.0,,758,3
178.23635039563055,1531.82923884882,128809.01960784313,19.745989373839848,0.2199081545238912,87.67058823529412,1531763.0,,759,0
524.2521421370968,1335.6678386105236,174654.2431372549,22.992841529147263,0.057030451520824414,71.79607843137255,1698439.0,,759,1
1038.654704418764,507.1747522735351,166464.43921568626,20.447066802134,0.09932297305388423,86.94901960784314,1557761.0,,759,3
1359.1737675550228,265.3262166691207,205824.56470588234,25.079191339812102,0.16366384453970434,72.51764705882353,1719301.0,,759,4
1358.5649265851198,266.25001267431554,210844.6915921038,25.576828250339855,0.178645075357858,72.61317157464725,1714986.0,,760,4
525.9111250033638,1338.5042425421718,178061.8718974382,24.34693113231893,0.05498910975102264,70.77019767681357,1705531.0,,760,1
179.05720134585113,1532.231427067215,137923.37478173873,20.19391100014885,0.23957156732482424,86.98836797775002,1545085.0,,760,0
1037.6127799151623,507.5113647573695,164403.59234059273,20.648115927722504,0.1502596738164414,88.8313418755837,1534450.0,,760,3
1359.4972210823441,266.21584386551996,205409.4110199667,24.61984902908953,0.1454302996781887,71.94713076635837,1730192.0,,761,4
528.2383800113092,1337.40622270334,160292.91711724305,22.771976471234606,0.06811204783276814,69.8310386849949,1700681.0,,761,1
179.61349202201544,1531.5048396013897,128222.13089612524,20.172531635514275,0.22837739199354326,88.87586741726622,1521923.0,,761,0
1039.1390522931702,507.95634469373095,164993.1103119649,20.884404113737165,0.15839963294425874,86.75977533590275,1554014.0,,761,3
1358.2487916915973,265.75949532971345,214772.1212922488,25.332183837059766,0.1672445917904162,71.84463219781301,1730947.0,,762,4
1040.0008854469525,507.6904878328135,168134.21533435406,20.099777816262407,0.12442513634719518,91.84262260338983,1518290.0,,762,3
526.712757723671,1338.9191318174662,166990.25621652394,22.62654273974073,0.07611416146919045,73.69629797610716,1682931.0,,762,1
180.04608151055774,1531.9337049598532,138781.97974999086,19.802652577020794,0.28694462524248926,91.84262260338983,1504284.0,,762,0
178.87672025014234,1531.6553299810128,125552.2526871486,19.140352882004787,0.27295390651340323,89.44254026876743,1515844.0,,763,0
524.2487132479318,1340.2455072530192,163305.6121216822,22.939171004575492,0.06918711087575442,71.1049483308193,1696346.0,,763,1
1039.7981101768187,507.7007158356926,176600.74051326475,21.42183243351358,0.16890899064279477,91.68795968974068,1516680.0,,763,3
1357.8942760813761,265.5152902535953,214894.87179168273,25.484279790244113,0.1670926620652493,71.47918490098151,1730831.0,,763,4
1359.1554378511528,266.08756331128393,210735.36534620877,26.368959190709564,0.1839650776760923,70.71950139278684,1716921.0,,764,4
1041.568747947127,507.9122879437535,164254.4262555311,20.394641749989088,0.11248150406759658,88.58164349715052,1542546.0,,764,3
525.1855257640821,1342.5714386038835,176486.3482618969,22.856610400522793,0.08522900476559982,73.27123597912451,1690594.0,,764,1
178.49660486844033,1530.87745052371,136949.77258118105,20.436127865740172,0.26718916708104085,90.76884457115425,1507909.0,,764,0
178.54856035059456,1530.9476756727238,132131.84311153134,19.21015484092323,0.21906083495499756,91.99999998208935,1493023.0,,765,0
525.4110003258667,1340.8321173289094,170501.6156530811,22.604357949363536,0.059066829452449426,73.96078429932673,1676409.0,,765,1
1041.9896061024165,508.4363176514995,169182.22741804383,21.1543297499408,0.16965208095657233,87.67058821822633,1554558.0,,765,3
1358.7476792338207,265.92878864099623,207265.89799886497,25.603507022021233,0.1593688639844179,72.87843135836097,1717354.0,,765,4
1358.770815914673,264.3361921664265,209668.87064731558,24.760344597000902,0.12549775141796932,72.16224843369984,1729756.0,,766,4
525.8905740666062,1340.5589504150284,173521.77993063483,22.241248614532886,0.0768102504237295,74.71343903489125,1671204.0,,766,1
180.26968876635885,1531.344145131646,131667.67583908894,20.194052734095003,0.2844726997363126,90.7494942423801,1510424.0,,766,0
1041.930056030933,511.65921573718026,171264.70516018078,21.383302090315315,0.15485744196752677,87.8338478410185,1547666.0,,766,3
178.92321381961418,1531.8384126004846,133248.7521011609,20.09527370972688,0.2597012260482365,87.8284465992513,1537829.0,,767,0
524.8740690423299,1340.6327758296768,172221.39568132625,22.78071349689176,0.07475623308357898,72.37063999778306,1696837.0,,767,1
1043.2162052402953,512.0256316484414,165228.84607688026,21.164565096758288,0.15772928668098496,89.23370174483931,1535749.0,,767,3
1359.6035351228722,265.4020600236826,211536.2188894423,25.952384079191724,0.17581550842642543,72.37063999778306,1709984.0,,767,4
1043.6226540112345,509.9653825539045,172831.92937847943,19.92946403756736,0.0973643290027267,91.90588233524124,1515729.0,,768,3
1360.3302963669994,265.4612125599524,215119.2117232766,25.190215509413587,0.16316425889467145,74.76470586795419,1706876.0,,768,4
523.4338724545378,1340.9391330763428,174081.41173117998,22.62657530977434,0.04955284864818653,74.76470586795419,1668917.0,,768,1
180.142126817097,1531.9199175526144,134474.35291527837,19.47491286145237,0.2912618468860528,92.27058821752395,1501337.0,,768,0
180.1670222969405,1531.6830175767568,136674.6412902215,20.600742261503942,0.27661279939136957,87.63744201360211,1542601.0,,769,0
522.2924062134375,1342.2869503704994,177503.3789812644,22.266343660186504,0.0726316930484517,77.32715471788421,1651839.0,,769,1
1041.5934031012946,510.4709531952242,170333.67884073142,19.763637442286235,0.11425333319621386,92.79258566146106,1521203.0,,769,3
1359.6959337511098,264.55959110841457,216058.33009905517,25.878014789047533,0.17719286722255329,71.80378652374962,1724644.0,,769,4
1359.0472387995499,265.085086023601,203237.76505303514,25.649043086518624,0.16337968343640097,68.51276508100695,1753656.0,,770,4
524.1738560244448,1341.1895204200134,161625.18119927667,22.157654591671662,0.04372601638633732,70.65378898978841,1702572.0,,770,1
178.88490769448896,1529.384296426288,133390.4284022211,21.074198101438917,0.2910652514376762,87.78198026004014,1542250.0,,770,0
1041.7280577385861,510.37503576056406,169634.75164202816,21.245512924223753,0.16288987716895,84.92728171499819,1580593.0,,770,3
179.2489475862823,1530.1989263687888,142439.2862561892,21.083747483020964,0.2974746955545987,88.99743750337893,1540031.0,,771,0
523.896505926513,1341.0150427179224,170315.87944084132,23.089095500877843,0.06669298367694888,70.0854820339109,1710342.0,,771,1
1042.402870268857,510.1825402230918,168779.56117593925,21.04640123763413,0.1589963557103905,88.99743750337893,1529847.0,,771,3
1361.1859876754836,266.32082421301544,210918.36454316412,25.20879062063415,0.1325084554808077,71.9395953152313,1735659.0,,771,4
1355.7650023644524,264.77463878314063,214386.17388955315,25.658392213240347,0.1648347170485884,72.93609647290172,1728501.0,,772,4
525.5379917907607,1343.217756141239,174316.5412092704,22.446366186453893,0.07447646182181886,75.8535403318178,1666909.0,,772,1
180.79965272835958,1531.9809683755088,128115.90025947553,20.225129406194416,0.27028888808841733,84.97055239093051,1554869.0,,772,0
1041.3343150123599,510.5345331138992,164197.02250413765,19.719428484558087,0.12635556089691816,89.71139866166912,1529382.0,,772,3
1359.049322203048,264.6227779279373,207322.40898615704,25.540397702679602,0.14181578643786377,70.40493197996892,1740727.0,,773,4
525.6296487581259,1340.4727957214138,168313.0477455414,22.645046168064713,0.07116434708163308,72.91939383639638,1690015.0,,773,1
178.91870818067363,1528.8410632187972,126964.15935193833,20.595482663801693,0.26672737722115575,85.49170311853368,1554047.0,,773,0
1041.9876879249525,510.7204967561733,161397.91843152925,20.386351931916934,0.16313945569620572,88.72458264822613,1533794.0,,773,3
1357.741940373754,264.56134649579985,211825.1294117647,25.073018260222376,0.14460355627375404,70.71372549019608,1735536.0,,774,4
523.0909804528807,1341.277696412096,167757.1294117647,22.451883692734135,0.07011424281196368,70.71372549019608,1702160.0,,774,1
179.53857825105956,1530.2716266075438,128880.09411764705,19.826804870033797,0.2549713891844975,88.75294117647059,1523575.0,,774,0
1044.0378000940402,510.8810299906641,158830.60392156863,20.029523544815298,0.14194663955499828,89.47450980392156,1531208.0,,774,3
1360.6482831080596,264.75684305787416,210495.27699236257,25.080459038409835,0.14521249912692744,73.59999949684793,1707850.0,,775,4
525.7954260564954,1340.3607290387524,169524.97139009516,22.095019510824645,0.061934293828765044,74.68235243062512,1670106.0,,775,1
180.08998472034165,1531.5187429509167,124435.59130618305,19.28797729672256,0.2619217080248006,86.9490190134331,1532252.0,,775,0
1044.3364349334875,510.56937651821863,155949.01854172803,19.502170661169934,0.11666904638696017,89.4745091922465,1533437.0,,775,3
180.03020556140453,1530.9786314512542,133314.005558041,20.093832862710144,0.32825689412151626,93.93836036470074,1480658.0,,776,0
522.8648460751139,1342.984632187435,171682.115788254,22.196872032274797,0.07009916888105999,74.0455311109994,1675920.0,,776,1
1046.382549393104,510.1754528220263,162645.6139068967,20.75123811476552,0.18578921828565031,89.51773164165601,1525432.0,,776,3
1360.4398383743949,264.74081294421364,208050.25990701618,25.90171200433868,0.12401836246246041,72.20360247639744,1713631.0,,776,4
1359.9466794208445,265.5212765772425,211900.36573924657,25.100407783341662,0.13733998194758038,71.86498772842833,1728307.0,,777,4
525.391908034139,1343.1999839604246,174623.81233531146,22.256762378097115,0.04956822901610563,74.4447565186796,1674404.0,,777,1
176.597627004409,1530.0275997641045,131232.83836008227,20.957035720171124,0.22094365698855492,87.71213886854329,1533576.0,,777,0
1044.8575007122913,511.4597891617756,161687.00892899855,19.819581349997467,0.1389148527685301,91.76606125322387,1509797.0,,777,3
1358.209326391469,265.83754985435996,210358.8089811542,26.01383271175084,0.1489727804531543,69.94509711367427,1737893.0,,778,4
1044.40698066596,517.0068264842183,162944.95470659246,19.95262861026452,0.1462293189779726,89.57254783434816,1532578.0,,778,3
523.8682857179227,1341.2574796434042,168205.82522521383,22.44296954111785,0.05462013288610175,72.44313629630548,1689477.0,,778,1
178.8458335724534,1530.641205164993,124366.66502099734,20.212320986360453,0.3046609222599296,88.85882235359638,1511940.0,,778,0
179.8630259106705,1531.6301435446194,129698.55294117647,19.32589520238537,0.2256499965414351,88.85882352941177,1523649.0,,779,0
520.3526525262886,1341.7379252304495,162830.04705882355,21.571314829414,0.07373150791988829,75.65490196078431,1661221.0,,779,1
1047.379139527708,517.8119455093389,168861.02745098041,20.60253363391602,0.12868646327046823,88.85882352941177,1546314.0,,779,3
1359.3700825651883,264.61203491406707,207162.74901960784,25.076585700820328,0.13465867853927047,71.72941176470589,1726765.0,,779,4
1359.2217649106942,265.12463817823715,208276.09407709967,24.665581651540144,0.12607318669604783,72.15686273105047,1725799.0,,780,4
1045.1137399604238,520.053290653009,154974.90193061365,19.645869800279183,0.12433817063691144,85.14509802263956,1567003.0,,780,3
520.4942886273697,1343.1278643268183,167020.0470263079,21.813719831950674,0.0996345331776537,77.56862743587925,1644323.0,,780,1
179.52957394599346,1530.9484055664677,129679.59213161659,19.32381621706556,0.27669863969659525,88.75294115919208,1519876.0,,780,0
179.26764584755625,1531.1466864198078,131950.2235039998,19.45644961449865,0.25120967189620763,90.81176468839314,1504586.0,,781,0
524.1016699410609,1341.2307267468823,173012.09408432708,22.139731069892875,0.07774979969996494,76.223529397085,1660402.0,,781,1
1045.7414410193546,521.3309608007993,170475.5646730509,20.95905398986998,0.14642477770142961,89.71764704154502,1538529.0,,781,3
1358.9851198919284,266.06321175278623,215978.82348781693,25.803369490602538,0.1847616242094896,72.57647057425797,1723358.0,,781,4
1357.7193029426705,264.63461154072553,199586.7978037565,25.273058994752986,0.16710896946469034,71.36975390959181,1716356.0,,782,4
524.1972341037947,1340.5190941890744,164030.75240473586,22.95946555737883,0.09393251385749397,71.00375517159391,1692134.0,,782,1
177.93903648932329,1530.230860153231,136863.39808062723,20.549326928361435,0.2843846712720028,91.86568323747458,1493446.0,,782,0
1043.1693802604289,524.387319789678,173113.3770868919,21.18201381377059,0.1682301994137696,87.83969711949761,1546779.0,,782,3
177.24604843991077,1529.8147539709848,132839.79252436056,19.596477788199305,0.2765360859981503,93.9998087869819,1482231.0,,783,0
524.7411311662771,1340.8667353095623,179006.9692000092,22.79727294369075,0.08639169250868518,74.83122032846009,1670276.0,,783,1
1040.1486220961483,523.8095687642002,163218.31896410635,19.81364541109017,0.10404002203216722,88.83903497122603,1541815.0,,783,3
1357.533792864189,265.3624815367067,210385.21125320712,25.40956962262302,0.1502938448629322,71.51358001833133,1725201.0,,783,4
1040.687647705684,526.6043181982147,163233.47710818404,19.69543578019433,0.10383566085781731,88.8587246097899,1544115.0,,784,3
1359.1177967476028,265.29877991974246,206849.55012237333,26.267554468455412,0.15599801204516936,69.5881578269439,1753190.0,,784,4
527.4316177025454,1335.8146836760227,179703.74504760426,23.773349830001244,0.04851620584149053,71.72933191392679,1698541.0,,784,1
177.0458489736767,1528.748708186829,120168.39955904502,19.905662685921666,0.3232712724922038,89.92931165328135,1506300.0,,784,0
176.28249866174983,1528.9259858442872,123954.66664304849,18.938101048567667,0.2745449534427808,93.6313725311792,1479162.0,,785,0
524.6226921187423,1337.667984320814,177834.3607504294,23.261233000611888,0.07662058702557327,72.98823528021056,1689422.0,,785,1
1041.5665667879216,526.8000022113375,166698.86271333543,20.088686531460173,0.10403183827678901,86.99607841479643,1570140.0,,785,3
1358.263158169289,265.7101525128717,211997.27839097884,25.710347902303884,0.14007099456499023,70.03921567292933,1746081.0,,785,4
1358.926293048238,265.64482567224843,211251.84313725488,24.387658414897807,0.12595872219926307,75.40392156862745,1689682.0,,786,4
1041.0457544091564,527.1086811017034,172489.53725490195,20.598821263652262,0.18678325251277822,91.27843137254902,1521223.0,,786,3
523.5833970270937,1336.6321307155197,181259.48235294118,22.896255267328712,0.056310541276859374,75.40392156862745,1669879.0,,786,1
177.0454882392291,1529.1948949274706,119732.04705882352,20.066251916069234,0.2837237592665931,91.63921568627451,1491147.0,,786,0
175.56275388813663,1529.2423340967878,124345.08585103964,18.599969178879007,0.26128336854979545,92.84405567527797,1477970.0,,787,0
524.0904190688476,1340.4862803345177,175867.27346134876,22.542544672367658,0.08943283983221023,73.68575847244283,1680006.0,,787,1
1039.7685662963268,529.5185263548786,170648.11118874562,20.45907904642245,0.15992849459896732,89.89662533638025,1530627.0,,787,3
1358.4572757508315,265.59518867688615,206263.38568881614,25.161621516436703,0.16580235419235143,73.68575847244283,1713835.0,,787,4
1358.7159437033924,266.0275916395337,206098.25582000337,26.652590199950325,0.14055861851835663,71.07334032934331,1718564.0,,788,4
523.7638183457024,1339.6818331395027,176514.06810250852,22.839826580866117,0.06283755659356427,74.68112410240643,1669378.0,,788,1
175.77130988854012,1529.2998922366532,115166.95204696606,19.751122004012707,0.20428467073501105,88.75148081735257,1508620.0,,788,0
1038.8074875,531.95669375,173173.6211070294,20.395112517054994,0.13374807299191865,90.91615108119043,1535456.0,,788,3
177.72790634060945,1530.1239865419334,133329.17647058825,19.838361334734987,0.275659872829068,90.81176470588235,1513211.0,,789,0
522.0171956252275,1341.0467760570227,173300.57647058825,21.86154345455356,0.10594710385675066,76.58823529411765,1655929.0,,789,1
1039.1845037525293,531.2613266884272,172851.25882352944,20.452294688655215,0.12230537237998365,89.3529411764706,1533207.0,,789,3
1358.4662775487375,265.44009779068824,202136.4117647059,25.571363962270134,0.14771376329752972,69.29411764705883,1740929.0,,789,4
1358.6202667331422,265.5152852216544,210013.5983100506,25.70472219968214,0.14581465593507367,69.80384671072353,1742734.0,,790,4
1039.6647734189703,527.8649014545683,166283.23344195008,20.799649826553516,0.1061646800507806,85.85873145418995,1571547.0,,790,3
521.183756498754,1341.5117116901936,175348.65901427175,23.33857977293453,0.11660382308649475,72.9450198127061,1688904.0,,790,1
176.4437541868734,1527.783702541611,121914.51239567998,19.736889615954354,0.29597649034815454,88.99990455617251,1520284.0,,790,0
177.05644385011325,1528.2216973791149,123815.91352484157,19.701036146104784,0.3083503894628116,90.99335973864524,1510779.0,,791,0
520.5891856068154,1339.6775438383083,170142.95240636743,22.516935828278584,0.06242787215749796,73.86519790548849,1683655.0,,791,1
1037.1264352444452,527.8746685856328,168101.13278117322,20.031239572577057,0.1124389827250265,87.78182939492835,1551232.0,,791,3
1360.8681308970947,265.9446822646153,218065.05135860603,26.032290753417087,0.17190639412953487,70.6536675617716,1746735.0,,791,4
1357.8758739367386,264.61762140451947,213431.34117647057,26.26855746018398,0.134178327262138,70.71372549019608,1731403.0,,792,4
1037.8991351783138,526.0559019579033,174338.55686274508,21.219345611016994,0.11976907123197793,86.94901960784314,1561592.0,,792,3
520.0352845879032,1336.4677852578893,179049.67843137254,22.330686158935997,0.12067394285432216,75.76470588235294,1663428.0,,792,1
176.72837126949378,1527.435212425435,119813.94509803921,19.019623633907585,0.25213419556391337,92.0,1496652.0,,792,0
176.30305969357602,1529.0961371179171,121075.14243308696,18.604553728351025,0.24574964291885237,93.57649634151326,1483232.0,,793,0
518.1808404970212,1334.2817187768042,173271.74512573075,21.703088062441743,0.0542709068425402,77.79693029176788,1641130.0,,793,1
1039.3381046149739,525.236583117089,175922.34525543565,20.96777001023625,0.08466227245118262,87.7050299043987,1556478.0,,793,3
1359.6637160026964,265.72884513174404,216109.23031761392,25.353606846687953,0.16355651194105347,73.39333046393196,1718584.0,,793,4
1358.998438040563,265.9958399128591,208365.73333333334,25.480830330854946,0.1464452958961972,70.65882352941176,1740547.0,,794,4
1037.2718473434088,528.9071434656936,171735.5568627451,20.632898975533465,0.131995904946827,87.43137254901961,1564322.0,,794,3
518.0707210300611,1328.7059601438104,167847.18039215688,22.066800431565877,0.045380061625929016,72.80000000000001,1681923.0,,794,1
176.704974686264,1528.0550547279038,117926.36470588236,18.643742968117557,0.24582375433593814,90.64313725490197,1488416.0,,794,0
174.65313330704396,1529.256678969721,130689.61510565065,19.807998072147786,0.24180577501987083,94.54491045610453,1472750.0,,795,0
519.9494102572952,1326.897008576507,171883.3887379075,22.597061760559267,0.09170960756052136,73.78210659123451,1681941.0,,795,1
1038.4655112759367,528.4687391876353,178954.97727566937,20.781122906400647,0.1371612239553483,88.61268078042738,1548028.0,,795,3
1359.1036632150976,264.72605958003953,210684.61998909278,25.310451342131866,0.1362181320367042,69.70369868920648,1742066.0,,795,4
1358.273730730563,265.320998450067,206698.77980823297,24.911038691852912,0.1162513801308135,72.8767899653413,1718201.0,,796,4
1037.844480315784,530.2861225841307,165613.58752480196,20.56940756593806,0.1350825102376008,85.86473273144173,1570120.0,,796,3
513.8010048675285,1330.3438245112065,167953.58187982772,21.515454935166062,0.11400447620447508,79.73153753633875,1627171.0,,796,1
175.89090671689473,1529.450019168903,129864.27506111051,20.673356530282966,0.29864571974403975,90.915599362703,1508077.0,,796,0
176.21419956187697,1528.839820260168,127459.00595138398,20.119576987859833,0.29847210212678194,91.72589816041865,1495554.0,,797,0
516.7476130885127,1329.8401680853842,163014.53240351076,21.28609667745417,0.13652338119004548,76.68285086211,1643597.0,,797,1
1038.4093257045079,529.2260756109299,171536.6021497989,20.332640421495,0.10569487441356021,88.79066941928525,1553745.0,,797,3
1357.2399528057078,264.97475428618634,204309.16485173858,25.80468604955907,0.16997608732247377,67.8771646387098,1762822.0,,797,4
1359.2843082508507,264.8447847409789,213855.19594793362,26.34328900559747,0.15053750865071594,68.90978239776115,1751129.0,,798,4
1039.1591747005884,528.738418557787,173305.93802516308,20.963117344731792,0.1141703678431177,86.94899244953109,1568523.0,,798,3
515.6188273983865,1329.7420396348252,168509.31207239744,21.89778684873858,0.07230371324878536,77.92938742364612,1650941.0,,798,1
175.6789560839902,1527.374991057826,136168.97707578534,21.11178742766872,0.3008668507984996,89.83526605781428,1510048.0,,798,0
175.7835078408587,1526.4102643968708,119153.61568627451,19.284597941803344,0.28040758112424585,86.71764705882353,1527628.0,,799,0
517.8772465954887,1322.7898445076855,168158.36470588236,21.638378377759512,0.08231868951332515,76.3686274509804,1660241.0,,799,1
1037.443196206909,529.6144024243094,167692.30196078433,21.01680840396919,0.14814083577562456,85.29019607843138,1577987.0,,799,3
1358.6563804873638,265.62085627740856,197336.17647058825,24.994735554939723,0.14118623454335844,70.30196078431374,1725608.0,,799,4
1360.3796674392083,265.92245822088,220448.8,26.158844261317416,0.1721476128501969,71.88235294117646,1725669.0,,800,4
515.6585872136573,1323.8441698864574,174212.59607843138,21.8547071647502,0.06934403911175568,75.93725490196078,1659805.0,,800,1
177.45457080853066,1529.4305278356385,126887.83529411764,19.851260303538808,0.2927040513954269,94.0,1469406.0,,800,0
1037.4326348115198,529.4930154753929,177174.8862745098,21.25517216438499,0.1313389343884784,85.89019607843137,1566791.0,,800,3
177.1360885281775,1528.4529645582593,131652.76748677366,20.28833342095247,0.26698817010194886,90.80381453459452,1497141.0,,801,0
515.7884741458719,1323.7987041816386,175777.2218933694,22.222532344310594,0.0876742177583367,76.94620428433512,1657436.0,,801,1
1033.9594102691499,537.2833838842657,175420.20609244824,20.723480146515335,0.11635444189978603,86.06305313319,1562089.0,,801,3
1358.8769763129542,265.2490432973395,215937.30574652905,25.094753474837866,0.1301465748865865,74.75816056060995,1702818.0,,801,4
1358.7723752106788,265.3272053352345,208495.0901960784,25.10182287595697,0.12221341313979267,71.43529411764706,1726034.0,,802,4
1032.8427857760512,537.8324768145699,176070.68235294116,20.774741718933797,0.08388935577261909,84.7843137254902,1579167.0,,802,3
516.8626910862226,1325.832465525762,173018.08627450978,21.97652828693248,0.07806621712049618,76.48627450980392,1656543.0,,802,1
176.82293318434898,1529.8826967264522,131736.42352941175,20.78960337787434,0.31619410079471855,89.83529411764705,1519315.0,,802,0
177.4176821920831,1529.899469516816,124247.55041250896,19.681556518303026,0.275621667077228,91.63357405358629,1490088.0,,803,0
519.6231722677957,1322.9317089177032,170414.99820300323,22.036728128517954,0.061330026114719376,74.67775523264709,1665059.0,,803,1
1030.1820853494596,538.6970849041801,170140.45824294502,20.287011701241276,0.0929311549310295,86.94366672013501,1563374.0,,803,3
1357.075748804737,265.0576045222959,206902.1164951515,24.882093095775936,0.15035841677673908,71.07013420691534,1735589.0,,803,4
1358.6194101758888,265.6539106094117,216362.95083665304,24.977496807660756,0.13655417228899877,73.814393827689,1709283.0,,804,4
519.0395087093739,1325.5486895279582,174900.86571831943,22.814817427997834,0.08921188635609555,72.73418318630819,1686470.0,,804,1
176.45997767127284,1529.5024582220087,122234.11568715643,18.899508465321777,0.25486142276789775,91.45783430357564,1490132.0,,804,0
1028.979727638189,541.3125464069161,177971.54450155128,20.793008404590235,0.08740500437694554,87.85713216563958,1552016.0,,804,3
1358.0043817195908,265.830403513702,217030.02352941176,25.556136723738053,0.15903309678740507,71.90588235294118,1735470.0,,805,4
519.9079105344272,1324.8574977406581,172460.42352941175,21.506344892894543,0.13356754366307638,79.81176470588235,1628972.0,,805,1
176.6981428851292,1528.6432215733093,132597.83529411766,19.505158546427385,0.26484616816958245,95.62352941176471,1457500.0,,805,0
1028.3022579569729,541.8111296781815,182936.84705882354,20.819535654523126,0.11378370798695879,90.72941176470589,1529205.0,,805,3
1357.6634746028665,264.87894707245,203098.42795709427,24.068631766778836,0.15317299875777052,73.68476678358398,1712266.0,,806,4
516.725914045586,1325.4626488163785,175959.95992686637,21.90878178841988,0.11094222792626668,76.63215745492734,1654333.0,,806,1
176.0791433493805,1527.402360646123,120610.17366204159,18.778646404569727,0.2524102289924621,89.89541547597246,1501092.0,,806,0
1031.2479284184383,536.3896535195145,182159.4277802032,20.97248831095755,0.05993136791900356,90.63226314380829,1548031.0,,806,3
1360.0462523451763,265.21960441187605,212085.3137254902,25.8438455370407,0.14527724503649075,71.72941176470589,1730233.0,,807,4
513.5201097850153,1322.3790770896926,163438.1411764706,21.15021837274203,0.15565779660728235,79.93725490196078,1622441.0,,807,1
176.36672911246706,1527.9998032663657,121533.89019607844,19.520980598550636,0.288975455842442,90.64313725490197,1501621.0,,807,0
1032.4398194361495,538.370128458644,169099.0549019608,19.9047443099853,0.08247394453781814,89.57254901960785,1533840.0,,807,3
176.2998977989381,1529.7919502122957,128846.36470588236,18.898346318693463,0.23639478928190924,89.92941176470589,1513190.0,,808,0
518.3407087251248,1324.634897145564,170252.79215686276,21.446413363187048,0.08154168529017101,76.3686274509804,1659959.0,,808,1
1028.9847038423304,542.2341835332244,172666.968627451,21.378826287210078,0.10743682803866053,88.1450980392157,1550263.0,,808,3
1358.2428478434479,265.35943487393547,212705.8980392157,25.084411352909978,0.1260381051482453,73.15686274509804,1718907.0,,808,4
1358.1250635385065,265.32917167341117,205232.94759579404,24.759085599729765,0.13811493966347582,71.88234694840914,1728000.0,,809,4
518.7141661258117,1322.6604520030921,178342.6831709448,22.94604046367999,0.06829924134949614,73.72548404965039,1680208.0,,809,1
177.12473638380783,1529.1896561200904,127424.546239474,19.50931833195849,0.2862971827276789,93.99999216330426,1472293.0,,809,0
1030.6449935086841,539.1224395080911,180301.20065472377,20.191250916611978,0.1023158638029552,90.68234538107,1531777.0,,809,3
1359.0783853400187,265.82699250595186,207158.3843137255,26.199918299508482,0.1293735309856035,72.15686274509804,1708145.0,,810,4
1029.4569111592828,540.2700234018276,179915.5607843137,21.33772670296926,0.07062622844001416,85.50588235294117,1579299.0,,810,3
520.2624444953673,1321.5731947753225,166889.4431372549,22.35399963505284,0.07383893222852975,73.96078431372548,1685426.0,,810,1
176.1712089009258,1528.6604907825078,120692.09411764705,19.759898448777662,0.256388234986575,87.67058823529412,1527623.0,,810,0
175.8445870527497,1527.987206483933,122503.12835297361,18.976217147524828,0.25243678493620614,88.75286653933479,1511367.0,,811,0
519.3339484517708,1323.9427983324422,165987.34276511346,22.27358465076394,0.0942365084554211,72.87837008514482,1685258.0,,811,1
1028.8192653887058,542.0730741960866,166903.01258331197,19.59687602210546,0.08301804626274399,89.83521857030229,1535044.0,,811,3
1359.138106053814,265.5150191433477,217299.48784922058,26.312245118612484,0.17208777516299978,69.63131399224234,1749357.0,,811,4
1359.9691987482927,265.390914642519,206146.46599873557,24.645262346740264,0.14421235255504522,71.88332081461427,1732502.0,,812,4
519.4178903672878,1324.9195480820856,178282.18164586645,22.77644982120249,0.11162729773191508,76.72520252751575,1652429.0,,812,1
176.14322538060378,1528.0240781151756,130909.95587171729,20.792501536718287,0.27666973344779267,90.50594278731226,1504349.0,,812,0
1029.5581992994419,541.4703788550864,170872.6128153694,20.78495539606286,0.11894296166893667,88.64368059004246,1542731.0,,812,3
175.2665255681593,1527.3915774231818,135057.91764705884,20.601907478748473,0.31732875632170726,90.64313725490197,1504606.0,,813,0
518.1423710659408,1323.3647360113391,177249.44313725492,23.047463400783393,0.13965525391561842,77.43921568627451,1660149.0,,813,1
1029.210225892888,542.076010538539,174866.6705882353,20.028847272302954,0.07579630898272677,89.92941176470589,1540328.0,,813,3
1359.5787853193845,265.7007412990736,212105.6549019608,26.8202574926459,0.12546801666028723,71.0156862745098,1718862.0,,813,4
1359.5559876563464,266.5273734507834,211479.80501618318,26.045402926278168,0.19214509086028977,72.67435099669729,1715505.0,,814,4
517.2958824351982,1323.5906546491574,172365.30067698087,22.421256734637943,0.11899707244913613,77.42192166482324,1655418.0,,814,1
175.8521518174153,1529.2047080147527,127337.87966949951,19.348113724761234,0.27326774127723064,93.12542464400909,1486494.0,,814,0
1029.6208461455196,541.7175579404819,182187.65919158974,20.75741220874924,0.09727298204000981,88.74305171958513,1549727.0,,814,3
175.96092507251802,1528.7633719706184,124340.09026773868,19.876925812386066,0.2964306509442775,87.62387057442753,1535451.0,,815,0
520.356991008913,1325.0697074700352,167778.6242475668,22.641508513290052,0.07493453389657523,71.98973599060851,1694142.0,,815,1
1026.5772513187244,543.3925265958568,172456.13916433035,20.31556399005082,0.04582226609588608,85.80594794840205,1570688.0,,815,3
1359.0221612465893,265.9796315963815,212937.64020066545,25.625305786180594,0.14671119528232468,70.89898241499323,1742210.0,,815,4
1026.9252883608885,542.2722556742954,175668.35294117648,21.247521414929775,0.13159108295621377,87.88235294117646,1558875.0,,816,3
1357.3685147629192,265.32424649022175,206750.11764705883,25.960130073031575,0.12774986814717484,70.23529411764706,1739833.0,,816,4
518.1585162065489,1326.0433884501335,178892.82352941175,23.007916436167395,0.1259068644353914,75.52941176470588,1674428.0,,816,1
175.88503339591006,1530.9244010183106,126715.0588235294,21.022499514621256,0.2839003899481987,86.8235294117647,1536802.0,,816,0
176.53756995133818,1528.149151459854,119846.17424099757,19.68817419577085,0.30513707382184796,88.57244629124821,1515744.0,,817,0
515.0797589578287,1323.664911757373,163737.28408711668,21.466862822103156,0.06734633022053736,75.81509805999846,1658974.0,,817,1
1030.3453314380254,539.0549610548726,168980.55421016034,20.546005789111618,0.04075616633014406,85.65648098124827,1575932.0,,817,3
1359.299965170175,265.07898868477224,204068.36478538963,26.84723091813315,0.14249551002503058,68.52518478499861,1739870.0,,817,4
1359.3866237265493,264.75662748179053,209368.75449617702,25.229009326763617,0.16426880509534872,72.4636129215525,1716991.0,,818,4
176.61930309795952,1530.1784992280093,130473.63360977214,19.394878446134978,0.2960381081267667,91.66647034576391,1494119.0,,818,0
1029.6805081873229,541.4867554934364,173164.12189024637,20.580989577494464,0.13359163772215124,87.68097163507852,1559385.0,,818,3
516.5318231240137,1322.0184076592109,171281.51722654444,22.003954314497456,0.12220350538330824,76.81142969684565,1647548.0,,818,1
174.9208525061102,1528.1520896789193,124333.76470588235,20.46891195955706,0.27301099355923397,88.94117647058823,1525494.0,,819,0
517.1697873472737,1324.0973324167906,159165.88235294117,20.893242142949973,0.12532949557139805,78.35294117647058,1637182.0,,819,1
1028.4173821095228,541.8096793216341,173565.88235294117,20.381388281146915,0.10356311979782634,87.88235294117646,1552018.0,,819,3
1359.7891403641868,265.1320815314666,203302.23529411765,24.556377935067403,0.13846900315710997,71.6470588235294,1723951.0,,819,4
1356.797786092126,264.50915627514934,200522.4371460586,25.09464728290847,0.12261612268826454,67.8940226734412,1750501.0,,820,4
1030.3150051322073,540.7074556975984,160875.39848870892,20.392777260263557,0.11605338223955765,83.92929436013334,1578433.0,,820,3
517.5660046074595,1323.0059273683503,167497.9656953128,22.324288796876985,0.0735561095454735,73.69401456011708,1678919.0,,820,1
176.47269257725765,1528.860568116898,115855.86146433074,18.82142566950403,0.3047170369465492,86.99987830013822,1525864.0,,820,0
175.82535243360252,1528.6021141947263,134449.18823529413,20.29999227712694,0.3252422554733525,92.63529411764706,1488247.0,,821,0
516.3499967883524,1322.5773214859223,170335.8823529412,21.932313174932034,0.09867111056209817,77.68235294117648,1661551.0,,821,1
1029.2587240268756,540.5051687190944,175977.1529411765,21.192857117656114,0.1336763994273282,87.89411764705883,1551434.0,,821,3
1359.0440652628586,265.83285583970087,210297.43529411766,25.728617328539272,0.17404517469728742,70.7529411764706,1736256.0,,821,4
1359.8691255335818,265.72032204030904,213665.10975077367,24.912080334024008,0.13259250196542374,72.8784246664375,1721749.0,,822,4
1029.7241378593162,541.1800943825926,173468.32913586707,20.47043003785678,0.09443161223817581,89.83528585120266,1548092.0,,822,3
515.0882464993483,1322.3116866624337,161936.22039310465,21.3043424699352,0.08562584087614522,76.12548319117977,1662372.0,,822,1
176.026509954705,1527.7066311297535,123859.04742629369,20.072287184960395,0.2641604453044451,91.99999153436417,1496110.0,,822,0
177.33513157590738,1528.8159496800129,124926.61960784314,18.700390708899125,0.27134153076457856,92.0,1483154.0,,823,0
516.0509857196614,1320.8223940029807,169701.03529411764,22.25189187099606,0.08745171056173386,74.32156862745097,1678609.0,,823,1
1027.501897208677,542.5720879636627,181418.2274509804,21.196598677974492,0.06338720145510889,86.94901960784314,1569700.0,,823,3
1358.1903700048338,265.2336256566327,214215.32549019606,25.953990695589578,0.18755420809280007,69.99215686274509,1739919.0,,823,4
1356.0769643065078,264.47882432719376,210687.89852184607,25.335009453989848,0.14482646777139926,70.35292824272393,1744300.0,,824,4
515.6837914295464,1322.649150769976,163880.83261709593,21.598564255961982,0.13378160933960892,76.84704469589845,1653672.0,,824,1
175.32863038843476,1527.4042309402469,126578.98849430891,19.122053008644382,0.282440193134563,91.99998308663899,1488516.0,,824,0
1029.3469486734825,540.5921694812328,177044.40666768068,20.498169846069104,0.11305254490650338,87.67057211785598,1552066.0,,824,3
175.79550268584887,1529.2054349606583,121665.48909140551,19.32771072696749,0.2788201170202403,87.62108834298772,1523059.0,,825,0
517.2119854629887,1322.2228587773095,163379.31216066834,21.887194359604738,0.08040724039643238,72.84576756358194,1686457.0,,825,1
1028.3328653339952,541.0032965950634,177924.75643771546,21.65340400944705,0.05386939447374538,83.84135512034904,1606220.0,,825,3
1358.0057049970612,264.3907513120098,197012.40921204083,24.733218071571788,0.13160422460315502,69.7532585632412,1737078.0,,825,4
1358.5932017094717,264.3601581807507,199108.35334701097,25.67097831901577,0.1831000665670717,64.90683838064265,1783440.0,,826,4
1029.097307323448,542.0593737814453,161225.52810010573,20.70169565975349,0.12131056407146142,81.21850457054236,1603562.0,,826,3
514.4895703130985,1323.463177043087,155239.82626117044,21.074017179728735,0.11602497220507747,72.38301871768002,1683099.0,,826,1
175.09611708808913,1529.9692868281968,112006.09485122019,20.16153139580921,0.29350746857180604,82.57781008636735,1564296.0,,826,0
174.02589534723182,1527.3506751346126,129237.84313725491,20.747799611861254,0.2835858822723256,88.85882352941177,1517434.0,,827,0
514.1650576416886,1323.8560040649052,171368.34509803922,21.556912285796045,0.11696677182114124,81.72156862745099,1610660.0,,827,1
1027.743697393152,541.76499346245,174677.17647058825,20.303810905152936,0.06124008408286256,86.71764705882353,1562585.0,,827,3
1359.4262254376172,264.8558274902747,211267.38431372552,25.502530547204287,0.20659750383222622,72.80000000000001,1717377.0,,827,4
1359.0000721854135,265.50744970653193,209916.94117647057,25.211099016262853,0.12686258250685678,73.2392156862745,1709803.0,,828,4
1027.4246707295176,543.304447659988,170793.49019607843,20.787162909003936,0.12391182435318336,85.86666666666666,1562989.0,,828,3
514.0900257787191,1323.03302547287,173403.40392156862,22.478559429681763,0.11235829586475622,76.84705882352941,1656961.0,,828,1
174.28017655330308,1527.8839855477252,131110.10196078432,20.211107193126175,0.2823322345395252,92.0,1484415.0,,828,0
176.15695312293442,1527.7792397789665,120527.25095764088,19.42718973227846,0.2560246469498801,89.93487605277535,1505981.0,,829,0
514.1405591920627,1322.303186441773,175368.0512624996,22.4061811651638,0.14430280975878543,77.54227502188111,1647526.0,,829,1
1023.952298299489,545.1381387031125,175026.72362267724,20.441856867230033,0.06036715205141422,88.87265310727014,1541011.0,,829,3
1359.162019032129,265.55490920061123,215955.59001025406,25.623359563666327,0.17616807912972168,70.81486303368138,1739342.0,,829,4
1359.1989839304015,264.59119551708346,212768.34901960785,25.100988808400285,0.14542084750738218,73.87058823529412,1716372.0,,830,4
515.4673558776168,1323.261191626409,166208.82352941178,21.601953998017738,0.13068551702325948,79.93725490196078,1622844.0,,830,1
174.95882719382035,1527.7504104544762,128893.4705882353,20.642801447535273,0.2817597017763783,89.92941176470589,1508747.0,,830,0
1027.2178015902487,542.618414977494,181634.92941176472,20.91642901672085,0.12874709215251096,88.85882352941177,1545646.0,,830,3
176.3570021093567,1528.6025092374778,127051.78952495502,20.97236017800876,0.3214302514805881,91.53825514163303,1505597.0,,831,0
517.2018717208421,1326.440909734407,171386.81776521928,21.417961793581163,0.09065022451798893,79.40667915900697,1641172.0,,831,1
1027.7756351302942,542.7712294932575,175482.51134165676,21.15597257283935,0.10058139094565155,85.65627890763251,1566714.0,,831,3
1358.6811245264314,264.75955609733893,218038.6093946505,25.876735585956556,0.13364171402286557,73.89232643963147,1713025.0,,831,4
1027.7800404045117,541.4174633821959,179500.43529411763,21.1008011125295,0.07677515077324824,85.85882352941177,1572886.0,,832,3
1358.7144063666835,265.10669364451144,211998.69803921567,26.144198789466866,0.17700399921937038,70.50196078431372,1739381.0,,832,4
517.1988587424634,1326.2248703869343,168568.09411764707,21.768140311041865,0.08978178466107492,76.7843137254902,1653014.0,,832,1
178.7607030087788,1529.3375306493247,118714.83137254902,19.791207905084338,0.28204777280875376,89.0,1512677.0,,832,0
175.49823080952103,1528.4308909969157,126668.2126720372,20.135602685038464,0.31419696099640815,91.40929041106101,1496675.0,,833,0
516.7407210302704,1328.662340013956,166914.83863399114,21.17340564742385,0.09168904213596912,79.61454326124668,1629034.0,,833,1
1024.960173468933,544.5222811631673,173638.21309523372,20.154933405609544,0.04612741735602516,88.82918947203912,1554213.0,,833,3
1358.7762508736232,264.688286045783,214116.67955585118,25.30834643799813,0.1533014016910705,71.87424044418104,1728170.0,,833,4
1357.579832923732,265.64870061286365,206513.64705882352,26.17206747438049,0.14484043730864762,70.58823529411764,1731384.0,,834,4
1027.15586286553,541.7353881821176,169286.82352941175,21.265616671644636,0.0868181040533606,84.70588235294117,1565898.0,,834,3
515.353244126342,1328.1580075129475,158784.70588235292,21.140491019192876,0.12269623725694094,75.88235294117646,1658241.0,,834,1
176.43673330149417,1528.5255918673672,129326.47058823529,20.662679314063624,0.3053012990303777,88.94117647058823,1528704.0,,834,0
176.46766432382458,1528.7632160798423,128152.26666666668,21.425800056239346,0.29029468826377736,87.78823529411765,1526741.0,,835,0
515.9893570793906,1328.4470826550444,165070.78823529414,21.423317760004142,0.10690565772166132,80.65098039215687,1623937.0,,835,1
1027.9947441152558,541.7825770392557,168114.8274509804,20.648668035278416,0.11615317030577008,84.93333333333334,1567933.0,,835,3
1357.0843147115454,265.89037899167477,207210.9254901961,26.34935592982355,0.14812808286494256,69.23137254901961,1741561.0,,835,4
1360.6792705532293,265.62612746333264,211309.74546676571,25.864976025534343,0.16490201103178395,71.48231459460695,1726132.0,,836,4
514.2520834039811,1330.12818974872,172076.89592492772,21.55437409025366,0.11525024795393858,80.9646624489936,1624522.0,,836,1
175.76206514868704,1529.9531519394154,122899.61642364507,19.29091092750477,0.2684361831191163,92.99995011033047,1479454.0,,836,0
1028.5949100371276,541.3990649361639,172394.55457804966,19.665743019340365,0.06275083543810193,91.90583305020894,1517220.0,,836,3
176.09615150478598,1530.1227483288208,128516.5640509206,19.915746930956587,0.2770506189701974,94.9998661693754,1486549.0,,837,0
516.7187745723322,1328.5350019221025,170564.6224629705,21.853260022586465,0.10309368330990587,79.72537788331896,1620621.0,,837,1
1029.8132070730003,540.9089645822027,176408.7907006136,21.03995214459394,0.11627458390769811,87.92144476851998,1556461.0,,837,3
1359.8405217591064,265.8808687131186,207581.04090449653,25.52497479155786,0.1617580640149153,71.90185949289982,1729471.0,,837,4
1358.3587798939986,266.14601058629523,206237.04705882355,25.53001849011554,0.12860001265404808,72.08627450980393,1726478.0,,838,4
1027.556091766278,540.3075294591814,168230.45098039217,21.243552151241165,0.13083579032946924,83.86274509803923,1592881.0,,838,3
515.1570572742532,1330.0760654484914,156903.27058823532,20.51077375096248,0.07369879559885016,76.72549019607844,1641059.0,,838,1
177.63642546369812,1529.2008057978583,117537.3843137255,19.583021724093282,0.2789948415961096,88.85882352941177,1510949.0,,838,0
176.5882425084829,1528.7280510667126,124757.43322534913,18.999671870115804,0.3134629876391348,91.80466040048584,1498492.0,,839,0
518.0260092913003,1325.9701958792343,172128.2736877919,22.356115645352222,0.11514755767099275,75.77527525119467,1663397.0,,839,1
1028.6538022355617,541.6155672187477,173876.93388589637,20.486112183590905,0.11735990515448147,89.2545309449168,1538850.0,,839,3
1358.0012087396467,265.600423993907,214289.563976715,25.73532887830659,0.16304571089167558,72.49653737974874,1721629.0,,839,4
1359.161369620117,263.74114770834456,212517.98186625994,25.915293024616116,0.15287031335089454,70.6547210143186,1737549.0,,840,4
1028.1782806591432,538.6749681585261,180710.15425487954,20.64935225488085,0.07778381727467597,88.8536643058855,1546191.0,,840,3
515.7673599676273,1327.158477708254,165784.87970364274,21.993710600438014,0.07685831867700055,76.7210354448409,1653035.0,,840,1
176.12878236844506,1528.829495075765,129026.58267493082,19.377674906700477,0.27365883586187995,90.99471645783456,1506422.0,,840,0
177.38600602611317,1529.7666555071978,133740.82813400228,20.960145091375328,0.316322910914084,91.75061066122753,1495816.0,,841,0
520.1975815190831,1326.5168243998419,172720.89157220346,22.65856144076391,0.13715987698672327,75.96950562749639,1669154.0,,841,1
1027.9619671082205,539.2267516026744,181248.5603295006,20.465993777987226,0.04298911659389755,86.9795789068437,1560289.0,,841,3
1358.0453813623374,264.4551933967736,208800.16770373928,25.6770093489517,0.15192201706968694,67.89545188930838,1761053.0,,841,4
1358.6365967866202,265.3120450731577,197512.5512811074,26.109023782760143,0.14159505993715135,66.35889184252453,1761607.0,,842,4
175.52668729654306,1528.5272502002924,116652.33071284919,19.732363527417544,0.2579939253168648,84.77261575694234,1558846.0,,842,0
1028.3970170323391,540.9393844884861,169325.30911317095,21.33771206480084,0.0978561897987716,80.60347071971566,1612540.0,,842,3
520.0924189823666,1327.7457270886086,159021.26715366525,22.53804272201312,0.09919599982456365,70.52803687975121,1706324.0,,842,1
176.52569301123316,1529.0240643657014,124498.87502530497,19.83324218828463,0.21469538662407064,88.78876039902461,1514658.0,,843,0
521.6797357822944,1328.6966801786298,165306.1893046967,22.59139456448589,0.0771998382556422,70.30620211188071,1711179.0,,843,1
1028.258106009277,540.5498785636107,173835.70875266177,21.83971359961246,0.11217266412875386,84.80232625866024,1583929.0,,843,3
1358.9233185202665,266.1110771777551,208850.37182300037,25.503843470991885,0.15141232237952978,71.39341142288917,1725261.0,,843,4
1359.994288771219,266.65809074232766,217771.28621133466,25.910634012747533,0.17679473677401142,72.63249805529209,1716802.0,,844,4
1025.973908547794,537.9373965992647,187780.177150474,22.002159124218945,0.06694914793750657,84.49820318313684,1596036.0,,844,3
521.5524848138938,1327.2743100004077,176396.29156418415,23.065501535470673,0.09857692434395264,73.7111985214598,1675596.0,,844,1
176.33505790107154,1527.8322884653587,123082.59972431151,19.418329796111017,0.2797285162758678,90.97040598014307,1497754.0,,844,0
176.78581579481627,1529.5297280683947,127935.69857222521,19.69865499283554,0.2785944989520946,91.62794499713858,1495507.0,,845,0
518.9599498492058,1330.0880287405914,168894.11146582803,22.51167214948319,0.0822296059258389,73.95168789139137,1682292.0,,845,1
1032.3558691423239,531.0643533821506,182473.80580233308,22.10229853860356,0.03742645750168577,81.52722665099732,1618900.0,,845,3
1358.999523561796,265.3787578625441,205947.51449882446,24.97844098382113,0.13371952656765235,70.34428848205522,1731640.0,,845,4
1360.8348289740468,266.2707267127054,211560.08427429458,25.438727111974284,0.1847990903672801,71.72931535494457,1724503.0,,846,4
1034.142360475755,530.7672099172556,177472.95754101622,21.8462370179812,0.11637221383575407,83.1489078492641,1595265.0,,846,3
518.7676619965699,1331.7583970604076,172288.8194108606,22.306989155060926,0.1029579102692273,74.94107574397195,1672336.0,,846,1
175.7482170927921,1528.1416732165148,123497.18302981861,19.761106551090144,0.2884223292675811,90.99987768910879,1501417.0,,846,0
176.8888122048674,1529.8425885048478,127717.60784313726,20.207496446289053,0.2999067609105463,90.64313725490197,1499248.0,,847,0
519.6243425194133,1330.3151995917608,170634.27843137257,22.448529952939094,0.08740775784023037,76.3686274509804,1656530.0,,847,1
1034.1648425386247,532.3386044130066,172843.2588235294,20.670586253795904,0.10507141895916526,89.92941176470589,1533027.0,,847,3
1357.9620337065298,265.2723269355981,213208.00392156866,25.77479277360893,0.13280288316438785,71.37254901960785,1729518.0,,847,4
1357.3964326501434,265.11948355375,211420.74509803922,25.50809963471339,0.1640195363246503,71.51372549019608,1721610.0,,848,4
517.9320292961772,1329.5079046087887,173340.42352941175,22.853302083090497,0.10475342645282329,75.93725490196078,1665717.0,,848,1
176.19733381535542,1528.9297000918855,122360.35294117646,18.772203376916732,0.28477919705140464,91.78823529411764,1490717.0,,848,0
1035.0690497613025,529.3455007356755,174123.01960784313,21.402599819107053,0.1137345322613893,85.89019607843137,1572088.0,,848,3
177.42252852697865,1529.1376591711974,121633.20606260086,19.581708844252834,0.30603509002434515,91.99959525641867,1485335.0,,849,0
520.854475064615,1326.5799011963313,165413.4683574083,22.7680836505352,0.06837111766866556,70.71341439316886,1706172.0,,849,1
1036.1072121016691,527.4387467294717,176777.04189384522,21.48497143814426,0.12008692017787338,84.42315800000772,1581053.0,,849,3
1358.3902149905064,265.73394088201417,204832.94983706146,25.095586183421478,0.16100082513009364,72.87811075214341,1710985.0,,849,4
1358.0321964293757,265.6127625790177,196401.4159974543,24.825962069849055,0.12366415365741035,72.2508549968863,1713816.0,,850,4
1035.8202259618536,525.9151659893819,179972.45627550926,21.67880851986999,0.0873685157340601,81.83515208831,1621238.0,,850,3
520.9210442822825,1325.4512079046367,170793.28004960384,22.89547893374333,0.08828763437107935,72.6194818080949,1697155.0,,850,1
175.72872720772256,1527.7977177928733,123725.9029140557,19.314904465237497,0.2720694442306888,89.94494193489926,1501730.0,,850,0
175.15858657653868,1528.4700619388154,126968.68626666069,19.405567907105915,0.28371451640122275,93.56110855025983,1481222.0,,851,0
520.4085099010681,1328.4083704018701,163712.4173694383,21.691664331310925,0.05777330654291235,75.8802691391871,1662209.0,,851,1
1037.6542808215597,527.7782988786457,176167.83203289693,21.459995978576504,0.15263883707931364,86.93079377110756,1559506.0,,851,3
1359.7853925213208,266.2764417231577,210558.53809071763,25.170306317960293,0.15797811305775408,72.56511174961098,1729123.0,,851,4
1358.87693798793,265.2040508598908,210256.98039215687,25.062333882055857,0.17338663055779852,74.88235294117648,1701389.0,,852,4
1037.0066916568492,527.1504037699475,173924.50980392157,20.563474743350227,0.11264898385568342,87.1764705882353,1562649.0,,852,3
517.6498310470606,1329.3639156801755,166480.98039215687,22.096378857200456,0.1259500643955333,76.74509803921569,1642842.0,,852,1
176.32636591377312,1527.834472256976,128934.37254901961,19.401613009852998,0.28373532693854614,95.0,1468636.0,,852,0
176.06401143592484,1529.1687254164037,122750.43137254902,19.737410215532815,0.26770143358368953,89.7843137254902,1501167.0,,853,0
517.8822645683281,1329.3693901812387,171105.80392156864,21.807172473066373,0.08520743325064513,76.74509803921569,1647304.0,,853,1
1037.7668153010657,524.6204575636195,172529.3137254902,21.199138783704154,0.08645732335561541,84.94117647058823,1582851.0,,853,3
1357.8573569472094,264.12511786981185,199122.98039215687,25.09693399456032,0.16135183769547756,70.7843137254902,1732612.0,,853,4
1357.890604999954,265.8799549320749,197453.588197267,25.81737277152024,0.14833662463785816,71.11764704512716,1717860.0,,854,4
519.2198221497458,1328.4253564012079,171761.1529080974,22.859189791746832,0.07905614977647915,74.03529410338878,1681818.0,,854,1
176.2899205705181,1526.63219292894,123145.85879981305,19.793302015682713,0.28272911281146734,91.90588233524124,1490825.0,,854,0
1036.7388190281638,522.7789215029637,174247.7176135009,20.7386384891966,0.0852924235102568,85.7058823364353,1580067.0,,854,3
178.51853957915114,1529.2686752766363,125625.43494299105,19.327886841137015,0.2676862829461968,91.9999825114308,1499761.0,,855,0
519.4880542226788,1330.158268499146,172784.62597835046,22.165214641968433,0.0604875936174063,76.84704421543043,1651360.0,,855,1
1038.2758063556887,521.9260928176358,181990.39677741585,21.36248552300958,0.08636071751467676,86.94900307943068,1575282.0,,855,3
1360.0390741908543,264.8760469040274,211682.9401526737,25.039029782698897,0.13449568471030357,72.15684902857318,1728283.0,,855,4
1038.3116299182277,526.0458471646441,171324.40951265357,20.610091756465824,0.09340320509895092,84.77264485047195,1580419.0,,856,3
1359.1542275439288,265.8374347727714,206884.69114384285,25.028948387232404,0.15895401070642537,72.24103648127175,1719921.0,,856,4
520.5806815891175,1329.2952469097002,170047.65976586213,22.41214409602898,0.049454341617692084,73.71534334823647,1684712.0,,856,1
176.32304521951022,1527.8703196320414,126452.03713299833,20.10293376820135,0.3207769652415521,93.9870627690015,1477650.0,,856,0
174.93955785177045,1528.131556938359,129143.09803921568,19.344604519271563,0.2569086829033597,92.89411764705882,1487260.0,,857,0
520.7855477855478,1327.9594681634155,168262.2117647059,22.59783956483184,0.04842615027343297,74.09411764705882,1674635.0,,857,1
1037.9744642916653,525.937506248542,176982.46274509805,21.054577933105517,0.08770257016578957,86.62745098039215,1565199.0,,857,3
1359.500341889011,265.88170465336304,210789.65490196078,25.0720395441425,0.15876894208679398,72.98823529411764,1713983.0,,857,4
1358.3197291045299,265.9863559300217,196202.84781543232,25.078279545456112,0.13621472969793127,67.82709063064523,1759455.0,,858,4
1037.6600523590057,526.715996246289,164546.35717556352,20.52500498867162,0.09323870583921198,84.78386328830655,1579642.0,,858,3
520.8297083492782,1327.0161707537918,172529.38927335228,22.78358295779363,0.09287060338493248,74.68195617310407,1674128.0,,858,1
177.54456860207338,1529.6764547586401,112617.50364986516,18.98505080262471,0.27297876191949283,91.99951122773689,1485889.0,,858,0
176.7658723861545,1527.8869911161967,125365.4,19.251223406241547,0.23865466695813872,89.0,1515077.0,,859,0
520.7994920640032,1328.2493575334113,173432.38039215686,22.635247652492172,0.07662479379842475,73.99215686274509,1677980.0,,859,1
1037.5559305334125,525.9609492887705,179949.62352941177,21.309791048530883,0.11627280897316422,86.2078431372549,1582625.0,,859,3
1358.6932557571452,265.7080079876598,204317.12549019608,25.520551151912468,0.14107063000161135,70.50196078431372,1733251.0,,859,4
1358.9864312921077,265.3074703999942,207758.2888838142,24.4291177018899,0.1318487011354265,74.91764092915031,1700416.0,,860,4
521.804114869704,1329.7269071796932,167683.37451563773,23.01364613185079,0.10656273052673754,74.54117037171739,1672521.0,,860,1
176.14166823102434,1527.663290498376,132360.27152337952,19.36710957382623,0.2704368669785929,95.9999921453936,1458662.0,,860,0
1038.2603453746092,527.1340684576419,174427.46808149098,20.286233317400402,0.08518890570241837,87.71763988186945,1557600.0,,860,3
177.18734441209622,1527.741451329994,119710.4,19.080306448995188,0.26020629289924957,92.0,1483821.0,,861,0
523.7591234520335,1329.7901208768963,165741.7882352941,23.296296004635497,0.12192792723637721,70.71372549019608,1716925.0,,861,1
1039.112620657164,525.3541760252435,164645.72549019608,20.339466844983093,0.10799328296019381,82.61960784313725,1603321.0,,861,3
1359.1574517745091,265.4669838072871,198476.10980392157,24.791920081372414,0.13974930533328264,72.51764705882353,1712638.0,,861,4
1359.5675757504762,264.7868624083362,204544.36858847734,24.858242308944934,0.1474272447234362,71.51372547656995,1728967.0,,862,4
1038.1061187341595,525.3635677973779,174971.59996666113,21.223212599231758,0.12843546704930528,84.78431370933549,1585655.0,,862,3
524.4495916683265,1327.6738380988445,168410.7685953622,23.802386888228202,0.05506615201768742,70.77647057474964,1704649.0,,862,1
175.90986155186633,1527.5087174824646,126498.56468177948,19.82691561046454,0.2930608595292096,88.8392156693472,1524309.0,,862,0
175.7616203319388,1528.569969378948,128400.70585680027,20.543648734955198,0.27438542064311316,87.88235292368724,1528983.0,,863,0
524.1186365157772,1329.4191206724897,165551.64702587755,22.415856040535335,0.05502477734078156,71.64705880927113,1699451.0,,863,1
1039.3503904150134,526.539245441672,168734.4705546559,20.647871616595907,0.06836488430704461,84.70588233608409,1580948.0,,863,3
1360.1551164235668,265.22051306697057,205628.47054731371,25.555189700960852,0.15878006834045313,71.64705880927113,1717164.0,,863,4
1359.3167765157489,266.0207511089766,203052.0048531062,24.985246426868407,0.14669350981706522,73.77048659372163,1709071.0,,864,4
1037.5333153897413,525.1702398291307,165786.7535862797,20.393571178244763,0.051620140562879176,83.12674342999851,1605903.0,,864,3
522.857036266218,1329.006644378515,162532.57548741615,21.88587429373982,0.0493901633012556,72.69091849722814,1679352.0,,864,1
177.033139802732,1528.116812184657,129664.04522157543,20.479751360965608,0.3125355536046246,89.60415200895945,1516059.0,,864,0
176.88774190088682,1528.158389360718,111155.72645377355,17.729719341349448,0.22829592726491654,93.88215502554223,1467999.0,,865,0
524.6419930378987,1328.0733377710364,170699.73818225524,23.0525859249578,0.07889633901198533,72.64690567452672,1683047.0,,865,1
1038.4311981839512,525.1774915517032,180689.246534854,20.341415983371995,0.11299699832651089,91.27431738594383,1532978.0,,865,3
1356.9161284414542,264.8827970832593,207480.680251151,25.293778930663304,0.13567893460852934,73.39200214298342,1709100.0,,865,4
1357.4735489166062,264.73038530343376,205294.87715063762,24.28256385280024,0.14519842523803503,73.67036683578068,1709977.0,,866,4
175.57666061009468,1527.7784673874587,121637.06974160024,19.7052222922087,0.29477866852174794,91.905606151568,1492337.0,,866,0
1038.2078911279405,525.3695111938017,167009.99220714218,20.698929011861015,0.10229502382871039,85.70562478420031,1568534.0,,866,3
524.5963179321458,1326.205291745984,167253.97970918744,23.295103980627143,0.060153944698249494,72.9409572631492,1680369.0,,866,1
177.06132754214127,1528.498807782653,122629.80829197509,20.459539247902526,0.3159331674705241,87.68459751704995,1531594.0,,867,0
525.3740884382623,1323.2886309690107,164708.26977482653,23.130916498762296,0.09233799929865323,74.6406078037698,1673578.0,,867,1
1040.011457807287,523.6386402960486,175066.28460631374,21.574881396688408,0.1217717320529584,84.78593313632103,1584095.0,,867,3
1358.7594373453674,265.15487272626183,195509.47748445207,23.90212319213323,0.1339978000465903,74.6406078037698,1684349.0,,867,4
1358.3944521507467,265.16201075975727,211724.85547139673,25.366495724674564,0.16309353612691213,72.87613731990373,1710747.0,,868,4
1039.7211844762144,522.7404512033404,175583.02830965025,21.076403817045268,0.09806996280440153,85.9938420374864,1576503.0,,868,3
524.7198101749138,1321.2439222576509,171301.5552421059,23.021208575166554,0.09273211727340498,73.60489869310277,1684083.0,,868,1
176.03160861033655,1527.5736526062644,123486.79278514389,19.21685739803063,0.253323531118706,92.91707508287726,1483398.0,,868,0
176.8294958914849,1528.3536218995996,126015.48330880151,19.266018454204854,0.3004732294173476,93.63123922538061,1477683.0,,869,0
523.4856101083673,1321.525363956157,166408.5159883272,22.20511573133499,0.04316635984719109,75.93714677334017,1656259.0,,869,1
1040.0710464137849,522.2942554738628,187062.3140298975,22.539408031850503,0.17040718255427734,87.73320840803379,1564469.0,,869,3
1360.2888324693445,265.66068424944723,197897.73389521576,24.45164523070591,0.12396093732802363,70.77636980816172,1722471.0,,869,4
1357.9682639405546,264.9618693339946,198531.52397654703,24.95404205740628,0.16666107781563255,69.65826436218435,1729015.0,,870,4
1036.0508200777147,525.6971502585287,175418.8389205833,21.19619908213549,0.07163601456229926,84.97578846276939,1579427.0,,870,3
523.595426773664,1320.590397592559,159973.30408287194,22.97294180289795,0.06598902283473232,72.57588800039102,1686554.0,,870,1
176.34289383561645,1528.6332982086408,121828.29263695789,19.521576009694748,0.2871601114816946,88.98752096530356,1511788.0,,870,0
175.8863604801111,1529.1663582127624,131448.33333333334,20.925707454566563,0.2977165334348579,92.76470588235294,1495470.0,,871,0
525.5119233700784,1321.5722148277077,163740.88235294117,21.62653404347338,0.05956069796173297,77.86274509803921,1642779.0,,871,1
1036.9078562504594,525.8808512425327,177424.60784313726,20.746470342310626,0.09104734011961615,86.80392156862746,1568346.0,,871,3
1358.840260659369,264.7223940956425,202668.5294117647,24.983223127819826,0.15992565668415756,71.15686274509804,1720306.0,,871,4
1357.6533887735354,265.423718856784,206735.31461286667,25.523444484599292,0.16266730895180267,72.57620106651319,1718799.0,,872,4
524.6966424817549,1321.600465967361,171407.48110176148,22.59938472716894,0.09860410517785449,75.49383729029262,1664309.0,,872,1
176.1532839074373,1527.5209269818595,118454.57186733275,18.92993306035518,0.26500277487202173,91.90554104905188,1485075.0,,872,0
1036.7965226851727,522.8409946488583,176997.30740199488,21.73519860018757,0.08265232718229547,84.97615501757575,1585581.0,,872,3
175.9337625904557,1527.8911108938,118053.80761912068,19.343310962191836,0.2671119479226623,91.99504004154781,1493981.0,,873,0
524.0176433482753,1323.2432409776666,172148.69498786534,23.202030329568426,0.059623636349310796,72.87450230742219,1695280.0,,873,1
1038.628076258581,523.544878891556,180206.01743605328,21.158206847065504,0.0913615741917991,86.94433196083538,1561508.0,,873,3
1359.841448555735,265.89966624196313,220290.96211862747,25.65787310693379,0.17100292847514345,73.95679689614627,1710724.0,,873,4
1358.9343536417077,266.1914391165296,204602.1082160079,24.923800342418595,0.1653517500592269,73.73569691188399,1707386.0,,874,4
524.6397218863361,1321.8564756434616,171600.3816775463,22.572675042551133,0.07749118135547221,75.95888375344833,1662911.0,,874,1
1038.1140786251763,524.8702848402202,174169.2740729739,20.688800680813344,0.07835198437438994,87.81588024179149,1565912.0,,874,3
176.69090790768806,1529.1250593151171,136649.29081017303,20.848078292330275,0.3359559377625916,94.48544076648452,1472665.0,,874,0
176.16849181852774,1528.4416696364394,122290.07132050971,18.756888557045308,0.2647420548622805,91.59364354115624,1488635.0,,875,0
522.9247905434702,1324.2731606585235,168657.1373879731,22.476009017329815,0.07826365333427489,75.7124876045848,1660729.0,,875,1
1039.0733913074273,521.6628103344098,166866.99871763444,20.31012355527808,0.08282136632961785,87.90035146288382,1546705.0,,875,3
1359.564688794923,266.31865959804884,209275.2250063976,24.7037528744278,0.1525192078819314,73.49651235762134,1717291.0,,875,4
1359.1694568611842,265.9703281226764,210701.92156862744,25.812551171190094,0.17401755103804284,70.7764705882353,1729256.0,,876,4
524.4789940841281,1321.8761345284063,169362.93333333332,22.438890061737396,0.09839669293783744,74.8313725490196,1678983.0,,876,1
174.70407903303422,1529.0596201205876,130225.01960784313,20.063317554614642,0.2314143758062126,94.0,1471980.0,,876,0
1037.6272911470687,524.4185195884174,181204.72156862746,21.640140610105206,0.08795534041953836,87.36470588235294,1563142.0,,876,3
176.65670238196356,1528.9737899066872,119463.49076331276,20.103381138219778,0.2755316257189432,87.70117085316792,1529703.0,,877,0
522.9525332248942,1322.0294490346246,176456.56776423613,23.839996220232464,0.07363587251170782,73.56751108757476,1689252.0,,877,1
1036.5165419719074,522.5389295876354,176655.16380401934,21.19466426289014,0.03954826706490879,85.52676165846128,1579271.0,,877,3
1360.241791091769,266.04470033024546,207183.50649616815,24.13279821254888,0.13953372372378162,73.92991262002586,1712942.0,,877,4
1358.6182676698058,265.6578279539099,206854.41956712998,25.95376565851102,0.16373123689726915,67.80392155528227,1752705.0,,878,4
523.4409161862728,1322.1423700160212,173518.44310310297,22.44611645965078,0.08219103239904743,74.94117645583829,1673054.0,,878,1
176.44540958771324,1528.6579349094222,122962.76860324941,19.727193868570772,0.2844459528926704,89.92941174700596,1506419.0,,878,0
1037.438204115223,521.6919755023494,171718.4274171827,21.228926979277485,0.05273776628945622,82.79215684644993,1599278.0,,878,3
176.35893240867358,1527.671887209416,119472.90827255756,19.41927652028779,0.2809194793724071,88.98035999006167,1512326.0,,879,0
524.2698284634689,1322.4180893806279,179895.67813630064,22.820756414491083,0.12137518449047577,77.67547818804563,1645710.0,,879,1
1037.526066641698,514.3722434728508,178184.26490091803,21.663056697810855,0.08568942233134846,84.60427671186191,1582022.0,,879,3
1361.618599601954,266.49097478687514,205586.20436818534,26.156580068068024,0.1683544982115374,68.19396441861284,1749254.0,,879,4
1037.8073339531454,520.2113325425386,185930.2708520473,21.9262626618742,0.09196375925819002,83.82352776272681,1591554.0,,880,3
1356.958269201473,265.4742238074976,212758.64287327952,25.7593363155936,0.17024513202992286,71.52941035752688,1721534.0,,880,4
523.5239728750663,1322.0614198621665,168660.3888388519,22.718892686682477,0.08316830555433624,73.76470443119959,1678432.0,,880,1
176.56781704085233,1528.8170587988968,124552.82107911735,19.542596369699606,0.2704225452221998,92.76470405741767,1479513.0,,880,0
174.64677856716742,1528.497996095233,131511.85648686075,20.41322064211249,0.27695448154320634,90.93639406732873,1504629.0,,881,0
524.2094243423084,1321.8616409268793,173320.48773260775,22.78624111827508,0.06357027519102483,75.60202173440663,1669009.0,,881,1
1037.6066739182688,518.5197993180235,175070.7458584213,21.968049612056973,0.10369802018359682,83.44751455590166,1590491.0,,881,3
1359.0159400505975,266.0642028880611,211864.32412468264,25.83198574392515,0.10735403211106831,72.03588863372708,1722567.0,,881,4
1359.2371883502074,266.1146984454821,210317.7725490196,25.036755838270555,0.14785373851450515,73.6,1714634.0,,882,4
175.73257540006006,1528.9034106997296,126142.82352941176,19.829739410163885,0.22757528188176965,90.19607843137254,1509197.0,,882,0
1039.3618215832564,518.1646398064333,176844.56470588234,21.296301589374842,0.08115476480142779,81.89803921568627,1608948.0,,882,3
522.4756484100053,1320.9878277629473,177454.29019607842,23.422155727280458,0.05277017942177721,74.68235294117646,1673674.0,,882,1
175.5718633462929,1527.413585459574,124550.06623847567,19.566423823184394,0.2932857119139011,89.99996285212274,1512607.0,,883,0
524.6994178755339,1322.386064389445,177584.75023053144,23.238964170902282,0.07291625957414125,73.76467543566137,1677221.0,,883,1
1037.9396516678005,515.3926686819003,175370.04526230766,21.299586120214006,0.0747276693294149,85.41172945181845,1585659.0,,883,3
1359.0575769466038,265.84609993848727,205983.0914501687,24.30206834136319,0.10922595736163088,72.70585234328347,1717834.0,,883,4
1358.165626416662,266.34133817346924,209101.46315810463,25.231614831955564,0.11072155312031352,71.00415279893029,1736274.0,,884,4
1037.359740940731,517.4377509236392,180088.87798272443,22.007831480983644,0.09663847200368154,83.97953097538456,1597312.0,,884,3
524.5329907266986,1323.0062606552915,176107.23901841082,23.224704164489815,0.10799955454300963,74.9688516861802,1676408.0,,884,1
176.4496999232628,1528.1711239133672,125877.02710715539,19.34897934179226,0.2664804709583608,91.90892874988438,1497867.0,,884,0
176.32634489651895,1528.126368511669,134244.16470588234,20.470537497396307,0.3353179609529434,94.0,1488533.0,,885,0
524.7431243665965,1321.4349138160944,179685.97647058824,23.302954120827174,0.07474243835497962,75.93725490196078,1667155.0,,885,1
1040.2818283851366,521.2466538155547,189508.79215686274,22.414540111398292,0.10481451658935678,85.52156862745097,1588379.0,,885,3
1357.8011449303885,265.3919427021384,215394.54901960783,25.767866370453326,0.17827767336804073,70.7764705882353,1740820.0,,885,4
1358.2626253502337,265.2005742703935,214471.6274509804,25.833293056972717,0.12302087289103261,73.76470588235294,1716071.0,,886,4
1039.0234609628615,520.214753371311,183964.33333333334,21.452298198971935,0.09347635456500263,85.68627450980392,1582482.0,,886,3
524.9406614085041,1321.808344708176,180954.88235294117,23.425152534657812,0.10439302842067835,75.62745098039215,1672289.0,,886,1
174.7122140418235,1528.0163279820868,123620.33333333334,20.03614370592337,0.3108229810678457,95.0,1465328.0,,886,0
174.27573020411614,1528.3098962659835,125588.42637454692,19.400643773461137,0.24904632479282565,88.95064431973891,1518413.0,,887,0
523.3676823173761,1323.1326620922528,179088.39538651038,23.768288304230808,0.07713955585791839,74.30856295023456,1682803.0,,887,1
1037.6242749672597,515.3612684231235,186993.6551179058,22.074215755836555,0.0976746324405779,84.92407194312521,1592393.0,,887,3
1357.6979050846555,265.200982709375,219919.66954554446,25.803141957189634,0.1751502230333079,73.57645888175935,1712850.0,,887,4
1358.2821592675527,264.6270894536092,213320.33575701443,25.30651467234146,0.13351945879471197,74.8653861683272,1697492.0,,888,4
523.3734877087732,1321.067774054696,168496.7856715113,22.31940722432233,0.06897205034546422,74.8653861683272,1671293.0,,888,1
174.70370424644568,1528.5578321409835,124606.31393556949,20.394833261781656,0.2990240463702112,93.12523645328505,1481006.0,,888,0
1037.844752452814,518.054361350332,186967.35462875754,21.312143768855012,0.05518789347076804,85.82129633930191,1581625.0,,888,3
173.78632801819674,1527.9174282572906,122688.69801506806,19.58714001189485,0.25572046713681246,88.85882351192255,1517657.0,,889,0
524.3397862656352,1321.0192229308018,168100.9097708359,22.835733141660914,0.08447628390975617,71.72941175058808,1706444.0,,889,1
1038.407163625265,518.5328925175095,177723.35682776553,22.172783838245703,0.08044458476731126,81.72156861136652,1610521.0,,889,3
1358.4461852603667,264.3140080440465,207799.03525321858,25.74120270776033,0.15601533225796713,69.23137253539348,1748757.0,,889,4
1357.5916065121355,265.74271366443213,216290.70732866134,25.562729165173142,0.1462711505133269,72.01449410427294,1721414.0,,890,4
1037.6413466743147,517.8631573207086,183791.38279861445,21.74502157667819,0.0912144745162611,84.63559100914553,1587798.0,,890,3
525.844370198974,1321.1017541024048,174546.8005245278,23.052229369314304,0.09171671129001385,73.87053776675421,1686778.0,,890,1
175.07478061236722,1527.527789100151,123856.02084976956,18.600371994250594,0.281202366559253,94.28701805404809,1471077.0,,890,0
174.90654250699606,1528.1570792724115,120497.94989751767,20.639605265362693,0.3541797848723795,92.65830727065946,1479484.0,,891,0
524.2727328644512,1314.1870148215392,171318.3061911429,22.496553207312356,0.06496016157671765,74.85337763825822,1666400.0,,891,1
1039.2275780512846,521.4750061310422,174836.41494014102,21.662462458134875,0.08974875563148041,82.48406176643019,1603017.0,,891,3
1358.4638218297328,264.2991718260888,204416.2169141333,25.02938910320907,0.16832961220808343,70.85635261873959,1733847.0,,891,4
1358.8835540938283,265.50282618202544,220265.03656072784,25.952059125142885,0.1785468648812737,73.23636319563755,1720596.0,,892,4
1039.030062855941,519.6421417939425,178387.906853043,21.734837515093897,0.11089350508949403,82.61639000887192,1595580.0,,892,3
523.5796705951556,1317.9774500535702,171730.25243721888,22.945708755747013,0.08573344294178631,72.87559293359008,1689455.0,,892,1
173.97754853852894,1527.347314470704,127265.67841012955,20.720153292212725,0.29193445470494894,91.63564656005882,1484803.0,,892,0
174.85039382033048,1526.9713000018219,118819.98431372548,18.278713129902542,0.28521652678877596,92.0,1483623.0,,893,0
525.1322640289012,1321.1600524946393,173469.06666666665,23.011762168523926,0.03725518900440886,73.6,1678169.0,,893,1
1038.3074563072216,519.8865849611035,178275.0745098039,21.032880638406493,0.08381949975794797,84.7843137254902,1578459.0,,893,3
1358.800349995558,265.25824073592935,215236.34509803922,25.362989905900402,0.16590733211567468,74.32156862745097,1706784.0,,893,4
1358.8837394693996,265.406339303207,213173.02497245846,26.113330346409157,0.1882691500393911,69.84746563774218,1745821.0,,894,4
524.8383679696601,1321.197258529643,182654.36298903983,23.76441941620475,0.06874574699398443,73.80788894709869,1679005.0,,894,1
174.61861527288846,1528.2169283312285,123446.03451415991,19.581988325753343,0.2727263017831377,89.64958218452476,1506789.0,,894,0
1038.391556087431,515.8863996339446,184122.95995984576,21.97747406963966,0.07969283728934635,82.80885101381804,1601972.0,,894,3
173.91826009821744,1528.5487279295262,123642.61631994239,19.247625963307318,0.23715244320161316,90.91660654556922,1505025.0,,895,0
526.2849818344431,1323.216970731094,175071.83164958877,23.49935257414844,0.08582791804467381,71.79525675622331,1702792.0,,895,1
1038.0839652402717,516.5968116191992,179893.29803798159,21.256301106904804,0.09952989992505346,84.78334340559034,1586302.0,,895,3
1357.2321391606517,265.09180944818297,212630.1312178959,25.419168750537548,0.16060194547374992,69.63057564799547,1745479.0,,895,4
1037.6846243472285,520.4619820786428,168421.8270157747,21.095480266449293,0.08649962362776915,81.88221164397801,1605051.0,,896,3
1358.9669805781123,264.1632435965299,207364.23040440227,25.723523298981135,0.16028406910268292,68.82341064903324,1754508.0,,896,4
528.4120200778269,1325.8299004136404,167067.24111797474,23.56243936066321,0.056512383610081186,68.82341064903324,1725410.0,,896,1
173.78314095533233,1527.1290354404964,121635.31951599446,19.412385311211207,0.2705797650510773,88.9410229925968,1523215.0,,896,0
173.31128047288212,1527.0728700293969,127368.81058703229,20.454579923071513,0.26203048660946804,93.51412887849784,1476869.0,,897,0
528.1666798432593,1329.0983683323907,180903.63239856513,23.63671279080962,0.07942542041307786,73.34441480666497,1691500.0,,897,1
1037.910519791288,518.9475507264139,182524.54396579243,22.06966942997812,0.10045604206811513,83.9793549536314,1589995.0,,897,3
1359.4048447007926,265.6387339005297,210388.08715084445,25.189872918077533,0.1527368606648777,72.61097065859833,1722835.0,,897,4
1360.9342817032243,266.1478639851092,206621.74192029942,25.05196365919904,0.15204346985722,72.51759226610032,1720325.0,,898,4
1038.3554447756708,521.4595639503327,172825.6576519677,21.151410387413602,0.1003115826106785,82.61954541759688,1591811.0,,898,3
530.3006535947712,1327.0065192956163,173327.8690372135,23.629146489875026,0.08527219786707493,71.0744561016008,1708013.0,,898,1
174.00809976141102,1527.8341472116306,129440.65513861894,20.507621112446532,0.2699979672284457,90.91757836346906,1502542.0,,898,0
174.91782648554044,1529.3291821937541,126483.57647058823,19.232178094190566,0.3182797903738914,96.0,1455659.0,,899,0
530.4320887427734,1328.918248403726,168333.17647058822,23.036664246970073,0.11441308784848134,72.65882352941176,1690457.0,,899,1
1037.2799300636818,523.7288363441419,185392.18823529413,21.634288408387572,0.08862161132018533,87.71764705882353,1563661.0,,899,3
1359.0630808550186,266.7426758650272,210642.82352941178,25.061836129521996,0.17000623280370156,72.65882352941176,1715420.0,,899,4
1357.9990031543782,265.47317398750323,206919.36719734236,25.01969298308426,0.09814020906899161,72.79999949684793,1725405.0,,900,4
532.4317750411958,1330.293726541995,173901.71252358076,24.009159614116403,0.09780196983683595,70.30196029842668,1704965.0,,900,1
176.26730821162545,1531.0334096586178,126863.27755456595,19.339362805163628,0.26301510497009656,90.64313662842831,1500342.0,,900,0
1038.3474901035106,524.3217001170049,175069.01055472877,21.237750836417526,0.09986880074895262,86.36078371684903,1583411.0,,900,3
176.68728364656783,1530.5681952261,116824.09060206641,18.51380521386816,0.25494535804908064,88.97632436207289,1502879.0,,901,0
530.7547542660529,1329.5387273488125,172538.94990660754,23.156086717565614,0.051594243331647395,74.75469874682354,1675558.0,,901,1
1039.7571471431083,521.8051396116324,176240.58379431,20.70604942324712,0.06574718151940281,84.96509662443846,1580887.0,,901,3
1357.6861985563985,265.8917092041229,211529.17748761538,26.060149584165963,0.17178458632911128,72.56675634447748,1719207.0,,901,4
1358.7580469113886,265.5555510638111,207497.56938709403,25.088030058424838,0.1520268265209895,70.38822890034915,1731134.0,,902,4
1039.3921320106767,519.7621456007291,179266.05430446644,21.555342962042058,0.05734212636288571,82.7882277739858,1601391.0,,902,3
531.3502136810073,1331.0422356310212,174859.3135282855,23.88931811664136,0.08470803733075143,70.02352305112454,1718698.0,,902,1
176.06746367731228,1528.9870316433546,129224.03532065965,19.55382394595909,0.2949899277888394,92.99999155227479,1485349.0,,902,0
177.97332678057927,1531.2948534552613,121989.36092344491,19.873446584391,0.3065974422814028,87.7875468044133,1512009.0,,903,0
527.8231131679997,1328.896920116706,170256.45296828606,23.405575057948965,0.10827359205535615,73.51314895003715,1686964.0,,903,1
1038.4038947082986,520.2045977242369,177664.5085947609,22.014915544069428,0.0758158643135053,80.65034787722523,1622930.0,,903,3
1358.1397006100901,265.7176531523675,202561.19961247107,25.588890735501778,0.15465020821872028,68.51710970100551,1742262.0,,903,4
1358.905483708733,266.20051370478143,200863.0588235294,24.565544982503184,0.1256881820896028,71.43529411764706,1723538.0,,904,4
1038.521750906873,523.5066691277968,179820.6745098039,21.935221578547537,0.10881531845176923,83.70196078431373,1587538.0,,904,3
531.5871409183443,1328.1837516560572,178643.0745098039,23.7609231283821,0.07673642994739294,73.6,1696645.0,,904,1
175.81008066816827,1530.8906591749512,132787.0274509804,20.267528349878003,0.2812454119774541,89.83529411764705,1512958.0,,904,0
175.5810295057277,1528.5030407101456,126462.5052446688,21.187096248469825,0.309404320297253,89.09976380423416,1523903.0,,905,0
529.0945757878287,1330.5290279686942,168738.71989472886,23.531484541110515,0.09337757331372498,70.34191879281644,1707102.0,,905,1
1038.389315579032,522.1462892925153,176737.4978809438,21.77423979921388,0.08767954692245496,83.68884697401751,1602605.0,,905,3
1360.9722422083705,267.20756010685665,202548.65334444324,25.050407134330683,0.13530574278727558,69.2597354267731,1747318.0,,905,4
1358.053407963269,265.6205588454562,206459.40642569028,25.439453693622607,0.1522465853846799,70.85097990572949,1733483.0,,906,4
176.15465305403166,1530.5848319654253,120812.78740585397,19.514477476617568,0.2812113293582023,87.95294057262971,1528753.0,,906,0
1039.5853692137202,522.4365674438769,172277.12430742756,21.423193541488548,0.0626310126702143,81.67058767458472,1613274.0,,906,3
530.7557132135888,1326.1247370791014,174396.37135170138,24.492950945525386,0.1121145524785996,69.80392108938865,1716236.0,,906,1
176.90077813386557,1529.0726218076463,123120.78864800237,18.41033821267684,0.282886175943531,93.91137995286155,1464582.0,,907,0
530.2512382298908,1326.4533550212855,167499.66913971867,23.683819221249014,0.06845469286440568,69.78395032070344,1715725.0,,907,1
1038.0738786932134,521.2356835819173,180132.42010389155,21.41546428268601,0.065922541113808,84.2604080999983,1587221.0,,907,3
1359.2831468389375,266.52107433384015,211907.13135576842,25.29196096440175,0.1583709473818194,72.75348012158445,1718305.0,,907,4
1358.409940020109,266.12347189959434,210384.23529411765,25.797874183366744,0.16806974340716746,70.38823529411765,1733638.0,,908,4
1038.7535515161564,520.3863307563165,175959.64705882355,21.013573708853293,0.03427005206487085,85.70588235294119,1571103.0,,908,3
531.8727850150956,1324.3285542659548,174553.70588235295,24.453335935048393,0.0592325496211184,71.84705882352942,1699310.0,,908,1
176.71333375906886,1529.3475084753763,131352.83529411766,18.937274466670196,0.25043955005936924,92.63529411764706,1486563.0,,908,0
174.1528146042274,1527.9613501201584,137953.4391359343,21.268965302733424,0.23969466114631005,90.99995855805565,1510256.0,,909,0
530.3041687531297,1326.5014021031548,171037.09857923497,23.802691946132697,0.08288652722122009,71.7293790987027,1698720.0,,909,1
1037.8223712080035,519.1849095801167,184489.74735477622,22.071953239311792,0.11834995368681017,84.57643207160467,1592190.0,,909,3
1359.3270298118325,265.70615461596196,216809.72087135437,25.753868141576646,0.1486309147578626,69.94506618579965,1754502.0,,909,4
1358.6561872237846,265.7857815768693,208329.31848932483,25.58577827593785,0.15967071339439862,69.62974755898313,1743163.0,,910,4
1038.1054966459667,517.7584549377079,178181.08089986147,21.818758913248338,0.1250455132284385,80.453024381623,1619259.0,,910,3
530.0562994205844,1325.1432160004413,170047.02759175352,23.96886030030508,0.11792988077448824,71.7944029235111,1701421.0,,910,1
177.32408085999043,1527.6193747088512,121591.21725679486,20.513385325927803,0.2988431040356385,88.7508699456469,1521026.0,,910,0
175.02181926691173,1527.730888848302,138726.46666666667,20.853828425727308,0.2802157094951115,90.64313725490197,1503372.0,,911,0
530.5221810038819,1326.1743351235627,174023.04705882355,24.112435085304153,0.0761640153368574,71.72941176470589,1693860.0,,911,1
1038.8286662693029,518.4203945665728,182009.99215686275,21.62837895941985,0.05775316729309322,82.7921568627451,1600998.0,,911,3
1359.159643209786,266.2244209049897,204561.57647058825,24.71161015699188,0.14577160813844617,70.65882352941176,1736269.0,,911,4
1360.103029218455,265.78790951750864,208268.02869297517,25.13240053534586,0.13527682383375622,70.77646434690378,1736066.0,,912,4
526.7469575589375,1330.8576568010844,175803.09037938344,24.587846658007233,0.08159642586983856,71.90587601201395,1707122.0,,912,1
174.84186327786114,1528.313080190239,133222.01178139992,19.51341764780761,0.2363412018312372,95.99999153436417,1454210.0,,912,0
1038.9022409180786,518.934101414251,174785.4904691192,20.810598561923833,0.09275142647657138,83.95293377318906,1597054.0,,912,3
176.1243492184702,1531.0958672598065,120565.88414895804,18.9189508445713,0.26351961794876705,89.92580663031296,1504425.0,,913,0
529.4559783551994,1331.5186972280362,174757.6017937699,23.842987597684512,0.1061917524742151,70.65599092381733,1712580.0,,913,1
1040.711356581604,518.8054466140995,181522.7345005059,22.143043791046946,0.10326108057850775,83.50253472814775,1600463.0,,913,3
1358.5080905545508,265.99538142638505,210543.79065136635,25.148605646851635,0.15058106845506336,71.72653624084487,1724975.0,,913,4
1358.8021492214798,266.0803205711199,211042.94901960783,25.09058118779335,0.14833326724203003,71.79607843137255,1727296.0,,914,4
1038.8616584918109,517.0672161644969,176092.3294117647,21.569800533356418,0.051123131916729514,79.73333333333333,1629121.0,,914,3
529.8292143176695,1331.2057806656735,166128.90980392156,23.892191467956007,0.09878002665030507,68.90980392156862,1724420.0,,914,1
177.75897263346792,1530.8723901715152,125453.36470588236,19.4541237368858,0.2983576836144695,92.0,1493680.0,,914,0
176.81060584380276,1530.0069198408837,124698.54901960785,19.639129481862703,0.29276796519646686,90.64313725490197,1494066.0,,915,0
529.6948708737642,1333.3515987898245,171859.03137254904,23.790887522895535,0.08365206145932154,70.65882352941176,1710557.0,,915,1
1038.8252946842838,519.0207649981412,173748.26274509804,21.18871432001215,0.07609140687935845,83.50588235294119,1587575.0,,915,3
1359.0794884515738,266.5152648340686,200689.25882352944,25.536161699798267,0.15631672323165774,67.80392156862746,1753617.0,,915,4
1360.2740754958631,266.5703312774642,210072.90644199305,25.54290181498149,0.1501502417911963,71.72269070551349,1725276.0,,916,4
1038.2235111207779,514.7894020316263,177182.87872856372,21.922322254330375,0.08180981618534677,81.71391130130641,1603143.0,,916,3
530.4023775981701,1330.0756155967986,162866.53010271344,22.87343342256063,0.09306615020904323,70.65220278453567,1701971.0,,916,1
175.11392806082662,1528.5575908716748,131781.34502405272,21.373213863628717,0.28314789432508947,88.8504974411585,1522695.0,,916,0
175.85201951582826,1527.7764844161397,125357.0705882353,19.711096222796286,0.27374787822002666,89.71764705882353,1502775.0,,917,0
532.278642640995,1332.2457587888866,170176.1411764706,23.014240552070348,0.07320194990731863,72.5764705882353,1688726.0,,917,1
1037.973112830411,514.7606926822965,180635.90588235296,21.397698849058173,0.09351905353086945,86.07058823529412,1573242.0,,917,3
1358.387067871672,266.15261141409036,206373.2,25.69530681093968,0.15733066144982777,70.7529411764706,1739072.0,,917,4
1359.3474784409366,266.2413462762243,207473.70148870692,25.287199877261603,0.10891979943332006,71.72402678798349,1731625.0,,918,4
536.4336453314429,1332.0755063460977,178190.31574577617,23.747313256781375,0.0657196060265514,71.72402678798349,1699407.0,,918,1
176.13979558193208,1528.5804651656636,127709.44698138589,20.1647171171558,0.28156911477119556,89.92266045060617,1513367.0,,918,0
1036.990153737035,515.3675992524096,175079.06306137604,21.497509163505377,0.09554516541879003,83.85644922973194,1598953.0,,918,3
176.35832744479313,1527.8946671282138,128853.35686274509,20.232463872277055,0.27310955239857515,90.31372549019608,1512021.0,,919,0
536.9792649338655,1329.2705000494773,178810.8549019608,22.86130760681216,0.05288787053571008,74.8313725490196,1680866.0,,919,1
1037.9098239927096,513.7204327936736,184452.69803921567,21.636350771728193,0.08207401476361732,84.4156862745098,1591942.0,,919,3
1358.6537047905945,265.96369885372815,217940.29019607842,25.195872111567166,0.15341012314044133,76.30588235294117,1689994.0,,919,4
1038.9397454295008,515.0596650847807,177625.9132891813,21.828191704746562,0.10094952914583678,81.43950818591404,1612197.0,,920,3
1358.6966161427843,266.5523369801484,205174.32527899655,25.253653036308446,0.15543127867553216,68.74763678031704,1740806.0,,920,4
538.5365363264377,1329.5698242819649,179728.88587069203,23.950729462590765,0.09545713000811726,70.86294868124988,1710486.0,,920,1
174.80229881945195,1527.8209411892126,130204.49854208558,21.072471112187174,0.28640948866015115,88.84309983917895,1520496.0,,920,0
177.2928698338293,1530.2660594801562,135056.37235781964,19.571040122125293,0.27308183284621,91.89939524593632,1505128.0,,921,0
538.5694536643654,1328.176077900956,175793.33206155995,24.45376824539242,0.09773276136357946,71.84198755337084,1701721.0,,921,1
1038.6036627280587,515.3330372319576,185151.38913063126,20.86248091033565,0.012808864244969548,86.79387328782875,1570495.0,,921,3
1360.1689230492939,265.5030961944265,211185.53963544138,25.49755966162542,0.15341222210790703,69.65390671418189,1748115.0,,921,4
1358.7891386519777,265.3907239443751,199883.28628491616,25.52941965599748,0.14576428454581566,68.74897627845361,1745499.0,,922,4
1036.5988454064711,514.1582132483346,172767.922285629,22.004063086681054,0.07372658818557723,79.9163226790146,1626961.0,,922,3
540.2689386971134,1328.847133455579,176422.7853747876,23.717665913846407,0.08582322785831087,70.49387415354127,1720352.0,,922,1
176.8801950498287,1529.7292077166944,122737.86143154075,19.98693798733585,0.2599431443046882,88.9897916294704,1523852.0,,922,0
175.96368930235607,1527.909589258108,133525.38823529411,19.85522338897087,0.29489549504813384,92.63529411764706,1479057.0,,923,0
542.2604181419592,1328.642508771965,182831.80000000002,22.43031069627863,0.04800761575564037,76.58823529411765,1666043.0,,923,1
1036.5193248840592,516.3758296359748,170728.6705882353,21.30149373239973,0.07461873234524496,83.51764705882354,1590270.0,,923,3
1359.6654680972624,266.6428734915235,208739.04705882355,25.66145244407485,0.15386186308536418,71.84705882352942,1733375.0,,923,4
1358.428427652956,265.75393902899026,204021.61568627448,24.954473083403492,0.1354222448562123,68.67450980392157,1752591.0,,924,4
543.5001185205576,1329.4629145352083,180526.30588235293,23.788018141054085,0.034912769939485166,69.70980392156862,1724587.0,,924,1
176.0845352335328,1526.4342739160359,114826.8862745098,18.81700934886451,0.2724586569952847,87.6549019607843,1518953.0,,924,0
1037.4402437220858,514.6119593402151,175011.29411764705,21.063729124500373,0.040337084904701136,81.78823529411764,1612286.0,,924,3
175.89011095541514,1529.4713827859005,125483.3646819729,19.190745710810614,0.27100960580936323,91.78823527662843,1489037.0,,925,0
543.3236760351145,1329.2947748381023,182494.91761228646,24.0247544700934,0.06461132868480393,69.67058822201918,1717748.0,,925,1
1037.5963236783473,512.7202815474985,181991.3725143432,21.29249935214582,0.06864633242829694,84.78431370933549,1584994.0,,925,3
1358.2388360380526,265.26787998794714,214089.6078023449,24.645471625896395,0.16209526024626408,74.46274508385117,1709735.0,,925,4
1358.8520935450974,265.1623655336839,212397.61805034813,26.238161959509764,0.15124085954467656,69.87235535218989,1734457.0,,926,4
1038.082701742805,513.715742752486,181616.2712730376,21.93970798251539,0.06826656427703405,83.84682642262786,1602215.0,,926,3
543.2994155742975,1329.6287634886462,167568.98585333786,22.88780730216779,0.07299272615053265,71.34335230697283,1709064.0,,926,1
176.5951196405298,1528.308485498888,137413.5482802875,19.875257491128238,0.2813604857077402,90.46631271915112,1513419.0,,926,0
175.6197035480361,1528.8302708497793,139693.96078431373,20.680179330889054,0.2936653806834333,95.0,1465754.0,,927,0
544.2747168957615,1330.2738622414565,177849.68627450982,23.16201930909619,0.04447831803872964,76.0,1667239.0,,927,1
1037.3425556462164,514.3521822025707,183090.33333333334,21.99509484100086,0.09021227671569995,84.94117647058823,1584904.0,,927,3
1357.4952059253603,265.39709015178113,218599.0980392157,25.063387700510052,0.12418045703567228,75.25490196078431,1706144.0,,927,4
1359.6332648677464,264.4546498237839,204843.10451985587,25.49918037590346,0.11283228456927487,68.87449747885003,1756380.0,,928,4
1037.7221985791052,511.1743701371821,175254.9058930869,22.330701179096508,0.11677900080135228,79.93724059721454,1625993.0,,928,3
542.1043356056992,1328.9777754486086,166833.66034124282,22.55521649054175,0.09181326994745348,71.37253624751298,1705840.0,,928,1
176.03158581287187,1530.5893872808003,125296.9854212777,20.082283449692735,0.2950690249276074,90.99998371557905,1510677.0,,928,0
177.51699306275196,1529.2894391025195,127886.30263353698,19.96868160022688,0.29569515755262915,89.89038360810481,1512492.0,,929,0
543.85072512462,1330.0340055054849,180827.83030116252,23.54756678492971,0.08689613443653216,72.83608157968968,1701571.0,,929,1
1036.1222962313038,510.5929816322916,172506.39680517273,21.38988116051447,0.03256788859035674,81.71853055282256,1604520.0,,929,3
1359.9114849398197,264.42147359517753,211713.5265725813,25.39913570623445,0.12016979339735817,73.5466774975403,1704001.0,,929,4
1359.1437685956232,265.7287618175736,204846.4291310778,25.207023810845634,0.14856148409808936,72.84903203196724,1711209.0,,930,4
175.0459804696177,1528.7591009163477,128261.5400554514,20.82352879689984,0.26270450176188226,88.71713801912843,1512530.0,,930,0
1036.9398298253118,513.1961246528606,182974.04822163828,21.88118057994339,0.059728696237606856,81.86500134285428,1614033.0,,930,3
542.9109852697856,1327.3481652377109,170229.79528131324,22.438157014105972,0.06235700901935331,72.84903203196724,1688849.0,,930,1
176.70659198504194,1529.0862235774346,131307.04823631744,19.371482125525098,0.2864240942456494,90.99661731445352,1505555.0,,931,0
543.7836858968392,1329.7946444269317,172522.09258913092,22.313354607309382,0.08850011432269193,74.58154124988543,1676222.0,,931,1
1035.4463441681562,512.9097877884321,184065.10270783928,21.36589428330434,0.05018558238585878,84.93017616015662,1584133.0,,931,3
1358.3659589141823,265.34011335534177,211108.9405242152,25.99906033955787,0.16728827213637548,69.94249801424662,1742909.0,,931,4
1356.732156586862,265.60444255620706,209749.87120455632,25.15333741968446,0.12771238705898852,72.51701410980452,1723630.0,,932,4
1036.9574148552167,513.1702895667415,176810.5508651277,21.490361278273625,0.07932719067930864,82.97966788684099,1599276.0,,932,3
544.9746748475054,1329.1060302818487,181165.9010856927,23.23621767955795,0.06409769982289136,74.68170109815689,1680599.0,,932,1
176.98958109763885,1528.358806893048,132796.69189328834,20.19244554959263,0.2573455947096981,89.83451001662351,1515026.0,,932,0
176.5997477756893,1529.3548759846856,120882.12705238248,18.27172901755744,0.2611780596411396,92.99999818482229,1490751.0,,933,0
543.3298098987303,1327.0291535136512,177689.80829654905,22.99447350782263,0.06688934819010889,72.94117504691944,1692371.0,,933,1
1036.1351133129247,511.29094368943066,179773.37296176428,21.82360496463049,0.06963068834325566,80.96470430208058,1617404.0,,933,3
1359.6503868908987,266.1648544553285,209835.71355147692,25.43052977216167,0.12703187440169136,68.92941041933886,1748562.0,,933,4
1359.652681266866,265.9031802533939,211776.31764705884,25.250378530655585,0.11843661366614051,73.30588235294118,1719346.0,,934,4
1037.2963059704446,511.53059031652936,184306.30588235296,21.860501528599446,0.1007753174055672,84.9764705882353,1583470.0,,934,3
544.0409940509687,1328.4341285473108,181463.05882352943,22.545788996956773,0.09165761244231697,76.58823529411765,1666745.0,,934,1
175.08250172034775,1528.939390207004,136207.0705882353,20.33155504711756,0.26350121917968305,92.63529411764706,1484859.0,,934,0
177.88146214099217,1530.0850386205395,132653.17647058822,20.39533123069036,0.30970029133331317,92.0,1495912.0,,935,0
544.9660546607003,1328.0736598502924,176165.56862745096,22.879823436579635,0.08021990508115212,72.51764705882353,1696838.0,,935,1
1037.1272250594875,509.6981063713287,177245.7568627451,20.866849936808087,0.07093600510162429,85.14509803921568,1576185.0,,935,3
1358.3606729631565,265.8724324491649,209791.74901960784,25.58816919004597,0.11860688726712824,71.43529411764706,1741888.0,,935,4
1358.159590672694,264.576514863356,208063.61176470589,24.85574709717992,0.14629185501057915,72.94117647058825,1720094.0,,936,4
543.7307639987995,1329.1179908837494,168905.8705882353,23.117803119955912,0.08072615973686656,71.84705882352942,1705683.0,,936,1
177.18309619806985,1530.1849271326414,133059.65882352943,19.816494600362468,0.3085198476070001,91.90588235294118,1498426.0,,936,0
1037.6180807338224,512.9083327763947,174624.09411764707,21.87533633861401,0.10695349364750137,82.42352941176472,1601906.0,,936,3
177.0052921369265,1529.4218902525968,131574.9615413406,19.528655128263253,0.28223402207186166,91.9998661693754,1494282.0,,937,0
544.9044099873593,1327.0294144452942,182094.0723657836,23.53751983472436,0.10858428942824215,74.68224430219885,1685693.0,,937,1
1036.7476287131838,513.1986811593908,177213.0284857621,21.285747471641812,0.06528655256080892,82.25870386908859,1601899.0,,937,3
1358.793339462486,264.9759807362918,209161.87612796942,25.74586365573797,0.14825449840508506,73.59989293550032,1720000.0,,937,4
1358.447531448237,265.9875002873802,198677.53196192227,25.480336852379153,0.15824654732659174,66.75838853585573,1762717.0,,938,4
542.5831800167693,1329.9836589676618,174744.29831187832,22.60038514002696,0.06840228236586449,72.73150751011651,1691534.0,,938,1
176.79090170072288,1530.8752269038803,120589.19081171283,20.05348602802334,0.2889381673813572,85.73182527762526,1535760.0,,938,0
1035.4509049773756,515.4241085142596,169278.1917305504,22.1447946462938,0.046054571385019734,79.75870630336448,1621175.0,,938,3
175.49140731740016,1528.1451414619398,126487.01176470588,18.30252483420832,0.24899343056730747,92.0,1485273.0,,939,0
544.5950285928956,1329.9658972325417,172866.19607843136,22.784149324694415,0.09694443269679581,71.79607843137255,1699393.0,,939,1
1034.8969354672963,514.8708157109438,179054.00784313725,21.595278539940256,0.042229115269346695,82.61960784313725,1606303.0,,939,3
1359.7816853056104,264.32946355070976,200726.68235294116,25.338158478182958,0.13839449255502914,72.15686274509804,1714753.0,,939,4
1358.0511228969299,265.952863404346,212347.44069748564,25.61260849853532,0.17641595388120748,69.6587018040886,1746499.0,,940,4
1035.995885507302,514.4561981763337,180026.16776563358,21.907468833223945,0.07558100256269472,83.51750111589679,1599308.0,,940,3
544.5025153044442,1329.727171706636,181823.07050798304,22.956149587211698,0.06858564503428426,73.67045949961202,1686409.0,,940,1
177.47052299693007,1530.2792405343364,131866.47545185505,19.920439979488616,0.24957623801994727,92.99983748713399,1493046.0,,940,0
176.04013397415974,1530.3270628912667,130364.43878715363,20.396224582585937,0.28211223801684304,87.90613657505197,1531288.0,,941,0
543.4981755187792,1329.876568009534,176665.28825316558,22.834790643272942,0.08507636068436265,75.60651252751384,1679347.0,,941,1
1036.7586516537933,516.9175966010105,180079.15743365433,21.93779741160796,0.025854841716224902,81.75632455128292,1609524.0,,941,3
1359.2423669933992,265.62678298252075,204312.67259014057,25.12489433705204,0.11961269999938177,71.6272223944868,1719111.0,,941,4
1358.4730857703942,265.7118858166419,211343.04705882355,25.836181316913038,0.1493322804832893,69.65882352941178,1747754.0,,942,4
540.6596399759062,1326.7625815880162,184670.64705882355,24.045332261679548,0.06957175812900326,73.67058823529412,1692272.0,,942,1
175.99697554595747,1529.7226704848092,138311.78823529414,20.029416298487323,0.22953421246018488,91.90588235294118,1497240.0,,942,0
1037.9832237842975,515.7321765733172,175002.65882352943,22.116413065391963,0.09819430353815796,81.3294117647059,1613056.0,,942,3
176.18402007736748,1528.3961630668516,127122.36075929347,19.363102552090087,0.26998101731922003,90.64313723706155,1500999.0,,943,0
541.4651961182917,1327.1366669906051,179934.12153321278,23.55961003276426,0.10172129687875502,71.72941175058808,1700737.0,,943,1
1037.082281373678,512.3773762645969,178805.72153343487,21.57900093645649,0.05092470615705146,83.86274508153333,1591431.0,,943,3
1357.8220198422794,265.85306198592383,210424.11760564308,25.495878960632826,0.14877873058364732,70.30196077047688,1738909.0,,943,4
1034.6330396084036,517.2643669128277,178253.12156862745,22.27820249832065,0.0477957501300552,78.88627450980393,1635200.0,,944,3
1357.874645270687,265.24230876344444,209134.8862745098,25.96573623116604,0.15386655476751288,68.56470588235294,1750640.0,,944,4
539.3804580505988,1327.225713069567,178402.4156862745,23.86000335078553,0.09194418545124773,71.88235294117646,1708327.0,,944,1
176.4280912040375,1529.707122686854,122708.70588235294,19.169129231686075,0.2618985261447633,87.73333333333333,1522343.0,,944,0
176.75283282662556,1529.7159823958523,124304.92941176471,20.681831358685542,0.2627158728054643,87.78823529411765,1523387.0,,945,0
543.1020486208201,1327.5763894600063,173569.47450980393,23.187591322409897,0.05964399067867429,70.65882352941176,1708970.0,,945,1
1034.2209310892881,519.6732556548465,169522.29411764708,21.83742352465424,0.06596247174882698,78.86666666666667,1636611.0,,945,3
1358.9013566329102,265.7061057166183,205442.3137254902,24.967447826905488,0.12337833036233689,70.65882352941176,1733131.0,,945,4
1358.1902583749295,264.9208871830932,210573.1529411765,26.025570952044454,0.12958556047901415,71.11764705882354,1726618.0,,946,4
1033.6818097088876,514.9688168886737,170218.0823529412,21.2988898213351,0.05897431581413303,82.78823529411765,1595686.0,,946,3
541.1561636246114,1328.7788297577642,177733.9411764706,22.85959313026813,0.0816533708457867,71.84705882352942,1702177.0,,946,1
176.65301925537932,1528.3689116395346,122544.82352941178,19.146753347372673,0.30223597221867105,88.98823529411766,1524415.0,,946,0
177.98121863799284,1529.4758853046594,124486.491745019,20.579333545468064,0.30928711685767263,87.80982643519619,1529393.0,,947,0
543.2305330739857,1329.0595701946538,174519.88833686864,23.893575050753327,0.0726940253178486,72.81790484869929,1698761.0,,947,1
1034.7285352610606,505.4875403066971,180327.4731990664,22.15966308782188,0.09626983533112791,81.74166769780459,1616442.0,,947,3
1358.9790685327448,266.00907482575485,210437.67685400354,25.542766193372994,0.1195955496128456,70.67620176491401,1729248.0,,947,4
1359.441896530694,265.4362438794891,207050.50563815763,25.31358855978205,0.12108063189760819,73.59999851920081,1709265.0,,948,4
542.783043654201,1329.411979984011,182771.52573448303,23.533343896551656,0.07873953082023623,72.87842990626747,1696544.0,,948,1
175.82356868636288,1529.561136787148,131848.98558255125,19.643692043306178,0.2843300420102647,91.99999814900102,1495469.0,,948,0
1036.194534639115,502.78320533854037,179225.01600191565,21.656993747908185,0.1318413720763519,82.98039048733425,1596152.0,,948,3
175.71316501881594,1529.7098041297309,132380.92833174876,20.171430880658708,0.25121916944385736,91.7203400176948,1498010.0,,949,0
543.6332180809957,1329.1046947154016,174674.36060216613,23.448465641742654,0.07161820500204844,71.74897565900318,1700897.0,,949,1
1036.5916361814905,502.58228944699687,180157.2397987884,21.767846822400266,0.1480823431806396,84.69337848408108,1577687.0,,949,3
1360.7781844051194,265.477816388374,216266.20623946426,25.219228531379663,0.12506703522825388,71.74897565900318,1730154.0,,949,4
1358.0735999918045,265.9834162265897,206715.15706755483,25.35856902602966,0.12915139631878922,69.88234638176631,1742326.0,,950,4
1037.206160913106,504.2806718227132,171494.80743228795,20.988134516542935,0.07066643051310076,83.64705097211423,1601560.0,,950,3
542.608374389501,1328.2195723033847,165125.2786183903,22.5223446560554,0.08440496024538685,70.94116981179307,1705913.0,,950,1
177.33575451629613,1530.6386246652044,128085.16444805075,20.189976540622325,0.31655834316337095,89.99999155227479,1524919.0,,950,0
177.5714259982528,1528.8763220226533,118870.67937713713,19.824212004014,0.2763765372342068,90.99785726859528,1507394.0,,951,0
543.778478869292,1330.6791293144051,183352.4747463482,22.692395968269047,0.03639513342117057,74.93941186825494,1679455.0,,951,1
1035.1844153222485,498.02532010612526,173239.93639624055,21.23126003948103,0.12513447844076747,86.71560516183786,1568405.0,,951,3
1360.4116972982501,266.01861890979967,218610.04061299324,26.32256239121212,0.14958802784158376,68.87288805034858,1752257.0,,951,4
1357.8107833231963,266.0790042038842,208305.02352941176,24.506862138714343,0.10206628092303119,72.59607843137255,1718440.0,,952,4
1033.8495492482098,496.65085576345706,173212.14901960784,20.976762156203918,0.11473719578670405,85.85882352941177,1570205.0,,952,3
545.4870386604284,1330.1079064269884,177171.07843137253,23.293413733685075,0.05603369276343492,68.75686274509803,1724489.0,,952,1
177.09542412102815,1529.794921772403,126240.74117647059,21.00078213633268,0.295961733948537,85.85882352941177,1561848.0,,952,0
177.15867657370336,1529.5006191897944,127605.08230325665,19.17294031777214,0.28952447476572896,89.83529408266864,1512162.0,,953,0
543.915898246788,1328.019788898526,169299.12150270888,23.017957295613964,0.12150267573116406,70.71372546266286,1708852.0,,953,1
1035.921243218369,497.1546221740324,182676.28228181406,22.619969077793208,0.14028437813254238,85.50588231964846,1583036.0,,953,3
1359.823632732196,266.4143478178593,209719.2312908924,25.812501412209265,0.14852939464943915,66.7450980132277,1763099.0,,953,4
1357.9640040606873,266.5583688991741,210351.87558809223,25.732489624525613,0.1630816022779905,71.42529038560508,1733867.0,,954,4
1035.2028438532377,495.69664036939787,183717.93422861077,21.076283075006867,0.10167182909002849,91.20460156931111,1524697.0,,954,3
543.8452003264136,1328.5342475568737,184031.83922276698,23.922359637950713,0.07770842525196926,73.62299162823908,1694678.0,,954,1
177.86772802614956,1530.3241715252743,126401.51953717553,19.47966378666244,0.3012767185028439,90.83831802887211,1493966.0,,954,0
175.99461770807824,1526.0087884494665,125062.554156572,20.51530464248971,0.3227906578259003,87.66091556666478,1528105.0,,955,0
543.7932123864792,1328.6801238137004,165372.14119057823,22.15794777722753,0.06662546582257554,72.87473703734783,1689457.0,,955,1
1036.2226180227,495.3842263855869,178288.92429154582,21.860938214861353,0.13406392541785847,83.78834499946272,1587056.0,,955,3
1358.8925665257275,267.5759927698324,210739.30538535037,27.286592027096418,0.1276560297661383,67.5939589911632,1746516.0,,955,4
1360.0696128496456,266.8658809393388,204177.77491194106,25.14816645064141,0.1394500034710817,70.7134166464765,1730502.0,,956,4
1035.7275982555643,496.12754623702307,178939.9400411708,20.61061420786466,0.0980937461974583,88.75255354608785,1545874.0,,956,3
542.8986694944078,1330.3691682839478,180322.820275895,22.84230927501302,0.0566533830406691,74.682026764391,1686507.0,,956,1
176.68469802520355,1529.0836350883083,120358.56452515892,19.831308806609453,0.2761847441645489,91.27803271203345,1502064.0,,956,0
177.3311680230211,1531.1540355212073,121439.52075609358,18.99999081367144,0.2834677286808058,89.94509743740635,1502761.0,,957,0
543.3488234780897,1329.3386134957625,181678.40662755392,23.04684568787904,0.05706148718784506,74.83137204833398,1683166.0,,957,1
1035.2504901035984,495.27219615627536,179761.91252272984,21.04121979473631,0.08610786434771119,89.20784254037842,1548388.0,,957,3
1358.7221043966604,266.4011538023263,216741.5122753048,25.763915207150543,0.162529340023035,73.35686225427813,1713013.0,,957,4
1358.47235613111,266.5268268837175,208658.11764705883,24.883319368870445,0.1490485896240273,70.94117647058823,1734494.0,,958,4
542.546945424589,1328.364156097279,170943.17647058822,23.618872350923738,0.11392020936535002,71.6470588235294,1702436.0,,958,1
176.08856935213055,1528.5541209196645,126752.11764705881,20.209437506990202,0.26848895589973903,89.6470588235294,1504842.0,,958,0
1034.7704180644157,493.5093352896696,172230.70588235292,20.29120476555965,0.0977310296515002,85.76470588235294,1570109.0,,958,3
176.75260890838942,1528.805420754157,133469.1646533435,19.680527085376124,0.278407987813284,90.64313721922116,1508956.0,,959,0
542.49043642437,1326.8407004367357,172002.4901283713,23.274405986047,0.045390953075143216,70.6588235015976,1709775.0,,959,1
1035.1211756936095,494.7090891666267,171290.192089436,20.592199141165498,0.11435623147461131,85.64705878981526,1567209.0,,959,3
1358.7675526772805,266.71220196593407,208570.21560417284,25.66388799994958,0.1479340572756403,71.37254899151272,1723690.0,,959,4
1359.5682976180492,265.82259253823145,217699.95294117648,25.720494422683867,0.14786611086242812,72.65490196078431,1722918.0,,960,4
543.1657381273776,1328.646424919213,185988.9411764706,23.04165606599293,0.0831886843711851,78.74117647058823,1639870.0,,960,1
175.84789259007476,1528.8703290062908,141008.32941176472,20.304612650752816,0.30976921130341867,97.0,1458156.0,,960,0
1034.354193215363,498.2150101624377,188653.20784313726,22.140331842902707,0.09341908921981351,87.87058823529412,1561215.0,,960,3
175.5794270944772,1530.027067660593,126465.36300139103,19.601257560340805,0.26494783553775075,90.55686152457899,1504351.0,,961,0
541.9715849252663,1327.9856871473191,179852.06032106455,23.102357465155386,0.0654573493153289,74.68235193461295,1673928.0,,961,1
1032.7332659503274,493.01770185783636,182757.81714464605,21.36193832008494,0.12290006869685684,86.94901843595035,1563449.0,,961,3
1359.8127071376607,266.76917286395604,214236.60887723984,25.746377770988726,0.14016743771140755,69.63137161053285,1742959.0,,961,4
1359.492720692259,265.7271826206202,207680.43432616937,24.98492295567262,0.1436820330531622,71.37961584936517,1723431.0,,962,4
542.214786940005,1329.5039145488277,171385.34167920856,22.687051807175745,0.07290735814821088,72.82162829076648,1686789.0,,962,1
175.44814403820567,1530.3222936190239,124100.311713218,19.265006006308372,0.2476422290986868,91.92829313933393,1489071.0,,962,0
1033.2993405830634,494.3508750908971,174506.57760862174,22.150529565641133,0.13738414178417874,87.96275892548032,1562109.0,,962,3
175.5750165863709,1529.9242121823745,128770.32226558909,19.613377837885594,0.280368225727358,90.84046349718648,1505736.0,,963,0
541.7310083623207,1326.333543969461,180835.60601460745,23.10919838472445,0.07006251351725686,75.33990821790465,1678403.0,,963,1
1035.049558182036,495.73068229675795,186595.68445199454,21.439592571234712,0.1280752514636573,89.39855137818351,1538712.0,,963,3
1359.1854044558274,265.4064029946313,219563.56314087822,25.624261061140572,0.13496786554313295,74.61895215840318,1719854.0,,963,4
1359.3961125886367,265.73850341053947,207630.8862745098,25.451530042367054,0.13619306329213265,69.30196078431372,1741080.0,,964,4
540.6082072552222,1326.1582889194533,171529.72549019608,23.423741979037516,0.04375817249223138,71.88235294117646,1690089.0,,964,1
176.2417153818049,1530.9236968700525,121072.0,18.675529249951712,0.2624611686718354,90.68235294117646,1491754.0,,964,0
1033.0458114548662,497.5751632058111,174877.23137254902,21.056786657955037,0.05607174537029371,84.7843137254902,1582589.0,,964,3
1360.5741353706637,266.2588136438183,207032.9529013045,25.49083087114838,0.14399004599521925,73.30588233882338,1698018.0,,965,4
540.3395767118398,1330.3007509257548,169597.71761439642,22.983903588857,0.08134864143729326,71.84705880969256,1695750.0,,965,1
176.19503814652754,1529.432261864692,130024.9411514294,20.28569071360494,0.29391951656774873,90.81176468839314,1505557.0,,965,0
1034.7510083333334,493.26169791666666,175058.8234956976,21.03779114474711,0.11687640777306385,87.8941176301315,1560679.0,,965,3
1358.7047989222854,266.17711453097155,216993.65490196078,25.69737536292577,0.09960415298516305,72.61960784313725,1721619.0,,966,4
535.9152330499738,1324.8433073412316,169856.52549019607,23.31595591016535,0.1028179590187571,74.8313725490196,1674518.0,,966,1
176.09543938031274,1530.2065972322957,127062.19607843137,20.125525532875205,0.2997582199933016,91.41960784313726,1495253.0,,966,0
1034.1730114016877,491.6959152323868,176139.0431372549,20.9036467254828,0.11150292428920344,87.73333333333333,1551989.0,,966,3
1359.7939007805528,266.2261070816393,212592.37610716413,25.068462836251683,0.11471120351060116,71.90212604380932,1734883.0,,967,4
536.5083932053096,1324.4740614121774,169136.38751034124,24.114811865976232,0.1002992176972782,71.90212604380932,1703598.0,,967,1
174.63253135552338,1529.5112879884225,124861.2417079093,19.040282627053877,0.28553776929411107,95.61853411061554,1457687.0,,967,0
1034.8477345697895,494.24554319050566,171065.69848402985,20.875238297495095,0.10996527395778144,85.83081014653678,1562151.0,,967,3
175.20568820184093,1528.834497162263,122011.05882352941,18.982655686186277,0.2795558286701632,88.23529411764706,1516880.0,,968,0
536.5103492284259,1323.8568651429453,178649.29411764705,23.725368400023218,0.09206421942767383,72.70588235294117,1692424.0,,968,1
1035.2072565066635,492.9678876626793,173754.0,20.804347247302996,0.1296634342771779,87.88235294117646,1550075.0,,968,3
1358.7879362255144,266.9969908613805,212646.35294117645,26.5390042131678,0.15494480740658417,72.35294117647058,1722956.0,,968,4
1359.2324254385135,266.51894553492514,213961.32549019606,25.40487486908838,0.13953035337080535,72.98823529411764,1730826.0,,969,4
536.1536740207861,1323.8094759568366,177911.40392156862,22.68906829590525,0.08985927267953756,77.04313725490196,1659893.0,,969,1
175.28518174418036,1531.3234606324013,128156.65098039215,19.794089652599045,0.2966887255569262,90.31372549019608,1506452.0,,969,0
1033.6794960181635,493.91045669310444,182330.87843137255,20.85896971113621,0.09808512459921909,89.5764705882353,1539078.0,,969,3
1359.62317110135,266.5175860631099,215441.99215686275,25.337181881311395,0.1477330621969493,71.43529411764706,1731554.0,,970,4
537.6482740759034,1325.7886327725812,179699.81176470587,23.407259202404894,0.09259932379191083,74.32156862745097,1680112.0,,970,1
1032.4403231481785,491.6312600242218,176357.1450980392,20.620316848693808,0.1079674482441974,88.75294117647059,1547029.0,,970,3
176.34552625518194,1529.1326577614002,125322.03921568627,19.863686635482562,0.303297478893139,90.91764705882353,1502896.0,,970,0
174.21106332621372,1528.3360647693817,126355.67488803649,20.277550845472234,0.24899684877090905,90.81153104866677,1499526.0,,971,0
535.1247722929515,1325.6023326137417,179583.99675559418,24.58773267861458,0.09591128375933197,72.5762838501393,1695162.0,,971,1
1030.89105035635,492.42901200994316,181047.557695748,21.295841804354318,0.13141201904673985,88.62330138484347,1542813.0,,971,3
1360.2237416659464,266.31952837062744,206715.1269474513,25.501691817890336,0.17002552004262256,69.65864429837491,1741836.0,,971,4
1360.0100414581743,266.68617283555045,204880.79699343088,24.86357062829102,0.1312269118351296,70.75280606639643,1740833.0,,972,4
532.0066483292584,1324.7099857375713,178997.3052442648,24.290278726000594,0.08129322007866535,75.49397348321682,1664831.0,,972,1
175.4481952642103,1530.4324343159801,136062.02252791126,20.895153885374206,0.32300418537091663,91.90570684913351,1485281.0,,972,0
1031.9441192431689,492.7181981394531,170028.11060719835,20.853644661400157,0.1124585671827214,83.8821927591298,1593375.0,,972,3
176.69163912775173,1530.4232370768955,123753.57647058825,19.807704832748104,0.27891854248909903,90.64313725490197,1500707.0,,973,0
533.6809644753497,1324.4753045322286,173666.5411764706,23.171602892660378,0.054154725071036365,73.87058823529412,1679891.0,,973,1
1032.2347989211842,492.9138044920847,175583.96470588236,20.422370737729576,0.08750706643683617,86.71764705882353,1564991.0,,973,3
1357.5246859070885,267.20563900979596,216610.69019607845,26.506048888105298,0.1681069145844173,69.23137254901961,1750719.0,,973,4
1360.0748466018867,266.4931245090199,206130.30588235296,25.87498707002024,0.1423948082622558,67.83529411764707,1759534.0,,974,4
1032.7696318185995,492.3794676529851,170683.44705882354,21.10423706969466,0.12513531928507216,84.61176470588236,1574693.0,,974,3
530.3759761620146,1322.5849140977427,167191.38823529414,23.180379246801177,0.10929780615910913,72.94117647058825,1691072.0,,974,1
175.64022917983047,1530.730960949686,119478.7411764706,19.734978336411082,0.28828323173699205,87.89411764705883,1525767.0,,974,0
177.5434075908331,1529.2191149510882,124571.82352941176,18.73597017698314,0.3135861534278956,93.88235294117648,1471878.0,,975,0
533.0207334113826,1324.2244566973409,177565.05882352943,23.777064369397625,0.08038903684681446,76.37254901960785,1662758.0,,975,1
1031.516772816734,493.8159293540366,179635.3137254902,20.14865880276279,0.09878215735126783,91.64705882352942,1531251.0,,975,3
1360.03154819761,266.9493126679662,211957.6666666667,24.93558065054498,0.15004907728970293,73.76470588235294,1713165.0,,975,4
1359.4322182425087,266.8392183866324,202750.0917962845,25.248774414061582,0.1193550989447211,69.62559445120506,1743836.0,,976,4
1035.8399973188334,495.8015388271521,177607.6763575162,21.261714917738118,0.08999456041953971,85.85954134397308,1572698.0,,976,3
533.288640953301,1326.785703471027,169171.79604328313,23.583951274431435,0.07947560169588021,71.42936632817928,1708869.0,,976,1
175.0009885989061,1529.9557286926129,128814.92557661264,20.755153649450204,0.2796772950160661,89.82783947331636,1512333.0,,976,0
177.09779243102096,1530.8408705703387,124091.55497190866,19.056787524101512,0.2719439395862432,90.66945581312237,1501308.0,,977,0
534.297554789118,1327.7814489205678,168184.037014604,23.06199956223904,0.09001053889452186,73.94762994594817,1681032.0,,977,1
1035.1936238429103,494.0507289769372,178718.41571479334,20.863625008394326,0.09648871362157613,86.95349450930588,1565460.0,,977,3
1358.451300288953,265.97990664592135,208976.3738233799,25.902218647705208,0.16119815585219346,70.60326477251333,1735996.0,,977,4
1359.947888000543,265.8552093248352,197218.027181882,24.929964206997074,0.11854769870734741,70.439160586921,1728831.0,,978,4
174.92932797715417,1529.587214101387,121602.99707503403,19.34700081274169,0.2611885220704916,88.75334233952047,1515555.0,,978,0
1031.3363147545547,491.89568699330823,182156.72586518654,21.72862399101073,0.06944196944344784,84.87918850723982,1584337.0,,978,3
536.6519298775756,1326.9923372508024,172495.6427948874,23.374146539723657,0.0637766695077806,70.79135638985562,1709588.0,,978,1
173.94882333176534,1529.4319118338822,132761.86185365397,20.733991916778916,0.2621186007105954,87.78823470465393,1525220.0,,979,0
534.1394571150764,1328.2038834951456,172132.38707949236,23.986617211282706,0.10257045390065801,71.7294112830709,1702078.0,,979,1
1032.6802118133678,491.78326525636817,172725.49295786282,20.875606751189554,0.07336296972700422,83.14901904952994,1595286.0,,979,3
1358.24984124289,265.389340351473,210174.31231425176,25.79776441770728,0.12758050841844173,70.65882305496537,1739052.0,,979,4
1360.3360054457046,265.34293401016964,210913.93941437724,25.81583463208283,0.1659842454522185,67.81787095852768,1759172.0,,980,4
1028.568616025709,492.5958768388051,183867.9560361027,21.433218562811703,0.05799966282079273,83.69013862967245,1594521.0,,980,3
535.3632546782488,1326.5982605125546,166940.1825648268,23.87166544784271,0.08293444495414044,71.78593787631387,1699464.0,,980,1
175.08251909704003,1529.465553524184,130620.82679968592,21.056659061199912,0.3029858940781627,89.82260568443293,1517844.0,,980,0
177.25727629262295,1531.0094802182343,119329.3242351182,19.735108112698203,0.2787676694274705,88.5597970810779,1523537.0,,981,0
536.5676193917128,1328.6747117230452,170247.50212589776,23.756643210064937,0.11045494115307655,73.73807372022804,1692243.0,,981,1
1026.1388904169035,491.04532295098335,181874.77355940046,21.82830144458527,0.07695633911081783,84.4838231568442,1594292.0,,981,3
1359.9243346697092,265.5291635770828,206384.71639506985,25.115815930475232,0.10858050106177769,70.77372904805807,1739727.0,,981,4
1360.3330640192921,265.77031208744785,202477.6753715714,26.9015937688171,0.12834455654308488,67.00428256826217,1752207.0,,982,4
1028.1119094102246,488.15433083608406,171786.50630348225,20.504069035018965,0.0694975687333078,85.89378776037863,1575635.0,,982,3
535.9091131636478,1327.3846491162715,167429.08950199516,23.16972531647454,0.0827748325846308,72.70677470173129,1690999.0,,982,1
175.4569027238249,1530.5695476777187,123951.86385339321,19.573602938008715,0.259696509859428,89.45784534379683,1513065.0,,982,0
175.9259151697374,1529.9937133241654,130846.29411764706,20.208299175026916,0.31904493000772716,93.13725490196079,1477577.0,,983,0
536.697083003763,1328.0204910977902,170974.29411764708,23.350767661552943,0.08129226176466031,72.64705882352942,1687738.0,,983,1
1027.8326608928248,492.3379262544488,183290.01960784313,20.727979065475136,0.09134642909139182,90.15686274509804,1539950.0,,983,3
1359.612404778768,266.51705280438324,215136.25490196078,26.280528183253825,0.1665415355096787,70.7843137254902,1733461.0,,983,4
1360.489121861945,266.9752364831057,219646.33333333334,26.34407869126187,0.16549469126531188,69.66666666666667,1747649.0,,984,4
535.4932931508258,1327.5632402933952,173808.27450980392,23.184722989082875,0.0741078002781037,73.76470588235294,1682868.0,,984,1
175.75127756014263,1530.7394750389233,118685.17647058824,19.146696572880664,0.2970883024092413,91.64705882352942,1486221.0,,984,0
1030.7214752959267,491.7388485274588,181222.0,21.576186959917496,0.0855786612257719,86.05882352941177,1560448.0,,984,3
174.28063350549945,1530.1401563750808,134462.02347817132,21.046321947860157,0.2335324693562857,91.78823525913923,1487518.0,,985,0
536.7552289933086,1328.3489278671595,177775.38032441068,23.724570140915965,0.10055588687120139,73.72549016798332,1688916.0,,985,1
1031.9270689478537,492.7156766724721,179908.62738242128,20.681864978324892,0.07841451599954924,88.8392156524199,1547815.0,,985,3
1359.7562788792516,265.76893005741715,205188.3607061211,26.321504121601162,0.12341075482153152,69.30196075790433,1731625.0,,985,4
1359.187089933523,267.1816931251765,203715.17647058822,25.085995758840184,0.13752178517438576,67.76470588235294,1761864.0,,986,4
541.3462447167342,1330.6577293008124,162082.23529411765,23.814843680391995,0.0983926846149119,68.8235294117647,1726620.0,,986,1
1031.370724125345,492.32032611682297,172121.64705882352,21.443285484026465,0.08624952132607723,81.88235294117646,1599042.0,,986,3
175.9588426668704,1529.9857354776275,110871.5294117647,20.06558217573154,0.2628989673879238,84.0,1553934.0,,986,0
175.5179628076467,1531.0733406599763,123392.43137254902,18.89988992406109,0.2712047511790648,88.85882352941177,1521625.0,,987,0
536.7238334575745,1328.1556374193894,172818.99215686275,23.68918815286942,0.059885628790035235,71.72941176470589,1699106.0,,987,1
1031.1893795724939,492.52318666771794,171992.8549019608,20.812147701062283,0.06567011153862673,85.64705882352942,1569241.0,,987,3
1359.1670056123785,266.91647873782125,203026.70980392158,25.19007928369609,0.12632118361872255,69.58823529411765,1744791.0,,987,4
1360.1183212665835,267.29477817257737,201070.5450980392,25.230118085393865,0.12625875768749417,67.70980392156862,1760812.0,,988,4
1031.0580389825673,491.8165633022875,174963.87843137255,21.05677641185614,0.11302119213528496,86.90588235294118,1564339.0,,988,3
537.2613740100652,1327.8906682791715,178928.39215686274,24.292875638992022,0.10067245607047362,71.54901960784314,1707914.0,,988,1
175.42764988229538,1529.8967979344022,125576.90588235293,19.876940900946245,0.27690433515987056,88.65098039215685,1529807.0,,988,0
176.31618928228454,1528.960931345206,128391.62104902617,20.518586367004183,0.2888704654383666,92.65808567992217,1483962.0,,989,0
535.9594648579273,1327.4980386907039,173726.1583797374,23.45741690779981,0.06348941995401285,72.72367680854448,1695267.0,,989,1
1028.908692214538,489.4417266331055,184424.66029642994,20.767217632181527,0.06288982973855305,88.96652848151889,1556860.0,,989,3
1358.850302542819,266.6817437167859,212493.78461020906,25.162440085214758,0.15602010014595996,73.09283252838482,1717702.0,,989,4
1359.4839703325172,266.6168831399269,207751.0588235294,25.16680154200175,0.12973074315483496,72.61960784313725,1725382.0,,990,4
536.2966863601335,1329.414941347718,172208.0,22.815440267102627,0.06467343315615555,73.72549019607843,1685624.0,,990,1
175.52071136203247,1528.8805815102328,130586.27450980392,19.227893170962098,0.24156094714817203,94.0,1469863.0,,990,0
1028.2298066203173,487.48395849516066,172266.61176470589,20.835173874817677,0.12436890863877502,85.89019607843137,1566582.0,,990,3
175.10907890851615,1531.0895877118326,125340.3148276913,20.407353852140545,0.3123734154944806,89.9854621589618,1511317.0,,991,0
537.7698113632271,1327.8787974968486,161190.0875382951,21.978776925756584,0.06255803867233621,73.65745491237598,1675214.0,,991,1
1026.7881828083548,489.61521061511024,173562.00005133593,20.660356619430033,0.09133655425261383,87.80839452608369,1552287.0,,991,3
1360.5006701306356,267.23650374651845,204398.71169263238,25.390006225076196,0.14301182130514262,68.94047504114009,1755682.0,,991,4
1357.5502441160809,267.2451927463598,214180.4683875761,26.245535366703457,0.1687597516478287,70.70808296981794,1735056.0,,992,4
1028.6679324781,488.80226231889753,171696.63598371053,20.71726661392103,0.03647141632207075,87.4079819626895,1560572.0,,992,3
533.9838004923231,1328.4644558271937,164262.33839588388,22.768818728488036,0.06202782284991226,72.83998496890793,1684527.0,,992,1
175.40546959629722,1531.3665069774715,122674.61546563578,20.36211753879741,0.30808850799883625,90.60583496132449,1502540.0,,992,0
175.2487831515563,1530.0330799769765,123556.87112955848,18.98324810317556,0.28660497442996463,90.81175645692714,1497882.0,,993,0
537.6533688235488,1329.0503860797046,177025.30156683043,23.770672193447364,0.06413918433645983,72.21175814647219,1700940.0,,993,1
1027.8184079044197,490.1184766012789,178910.46610147244,21.38939585597185,0.08192264355668415,87.8941096631303,1545720.0,,993,3
1359.5167116598175,266.16260639303954,212101.9807335547,26.980847554758434,0.1221364345874249,71.48234644802297,1711638.0,,993,4
1359.0636895400303,266.2987424801878,209550.12770732507,26.10711600507551,0.12123422298011864,70.4695577722849,1736833.0,,994,4
536.377870841157,1328.2596510474905,168696.29135598647,22.832588038166012,0.07562093498961114,71.89318520202804,1698989.0,,994,1
175.60841018688984,1530.5819434591424,123917.15827398865,20.55994480262423,0.27879992147858423,88.97671435894559,1523912.0,,994,0
1025.8682695679179,490.40051493202697,177631.3330119118,21.225533942800926,0.07025444788018666,85.77355264202355,1569509.0,,994,3
176.29337439343038,1530.9408308004054,133844.9411764706,20.320696258295527,0.2826155477328284,90.64313725490197,1499970.0,,995,0
535.3057633524371,1327.768645168781,178271.8549019608,23.684500084582012,0.04870466502907826,73.87058823529412,1688899.0,,995,1
1028.2303491892728,489.35010207948756,175146.09411764707,21.891205458465098,0.12250846843857831,84.93333333333334,1588397.0,,995,3
1359.1563261612503,266.6335399149222,208217.27843137257,25.545873522203184,0.15540820169868677,70.30196078431374,1744828.0,,995,4
1359.1458704349182,266.24568654404857,205428.74373801425,25.220331549813885,0.1517958368147869,68.92156817116111,1753918.0,,996,4
534.1045383861157,1325.1656747208917,178960.99881520268,24.291000200567915,0.08802884061123331,72.64705834257524,1702010.0,,996,1
175.13531869784413,1530.2731612163645,120895.13645452514,19.423464661382386,0.24402509026874847,88.66666607965593,1510693.0,,996,0
1030.7450419845418,494.61610854214314,178534.43019057577,20.486623000155166,0.07858371222330175,88.66666607965593,1558122.0,,996,3
176.54222641988187,1531.2898180126588,129185.9249852905,19.229728646211644,0.2766097476996589,92.87531786816584,1488149.0,,997,0
533.3609186013091,1328.251485152794,168540.29300996131,24.008636625552555,0.09310533860312661,71.7507357648183,1703191.0,,997,1
1028.5443848470518,491.44355808879044,175597.72451714345,20.587993201657216,0.03276938982527962,87.41206387592078,1559028.0,,997,3
1360.124709850876,267.70892239867743,218104.02587840683,25.63464042084858,0.161757719114781,70.6580849663693,1748717.0,,997,4
1358.8393823174267,267.17682573287306,207780.54421597905,25.204125563133953,0.14532498286402426,72.21011184163221,1713820.0,,998,4
533.4926141929324,1328.2246837006,179026.55136442868,23.470097142078068,0.057823447575444706,73.68378759350226,1679794.0,,998,1
175.87367527884717,1530.2299317465822,128521.84125315241,21.076995545015347,0.3094275599051413,90.99947767797529,1491916.0,,998,0
1028.2643060412995,491.0702836936049,170759.5988153757,20.29889950398322,0.05662672355988688,86.94686936033267,1558781.0,,998,3
175.15765565473248,1531.7270401721507,135731.5294117647,20.230968809344763,0.32552711823400254,95.0,1468728.0,,999,0
538.182121759195,1326.685739923727,174373.43137254904,22.62545904871022,0.053536106059511715,74.88235294117648,1674842.0,,999,1
1029.1806999851208,491.9918060905649,180274.98039215687,21.461788274226357,0.10916274019038752,85.68627450980392,1576949.0,,999,3
1360.1100394129646,268.1423079900828,206914.0980392157,25.802174688720196,0.18330010762980348,70.7843137254902,1730004.0,,999,4
1359.8189594565076,266.9808709315623,202944.48645022523,25.68505966188285,0.13867851775221202,68.91811817636275,1750365.0,,1000,4
534.3522451718342,1330.154182417305,168223.16598260516,23.606020692934965,0.08352731005596245,70.78077001896716,1706050.0,,1000,1
175.8912815222235,1531.9751851196181,122050.63451702175,19.1493180677665,0.2976558786652583,88.66222770796938,1520092.0,,1000,0
1029.9406108173082,492.4205789528093,183783.7594757223,21.619386917762125,0.05455772990492256,85.68198475980235,1581664.0,,1000,3
175.51119207432424,1530.5721452293205,128419.91343947707,19.657306094398898,0.29538244975269307,91.77606862678601,1504761.0,,1001,0
536.5270583298723,1327.2017439445774,168112.8831674863,23.821720183414236,0.07659831705493915,69.82179338665289,1704739.0,,1001,1
1030.2964069485492,498.529560440266,168170.82805787417,20.927545598482922,0.060419662173504314,83.13832099132381,1593524.0,,1001,3
1360.2374013629071,267.16197031730667,209303.78229794523,27.252793889810462,0.1524722216897976,68.02226262926493,1737248.0,,1001,4
