y,x,mass,size,ecc,signal,raw_mass,ep,frame,particle
1118.18493324247,1326.8461710675547,106890.15699608302,24.801205526291874,0.028051564483120395,34.71219526973132,2015371.0,,0,3
1539.7823063054457,557.5401567705037,88098.49970987294,18.93607282503633,0.23028607459853243,54.96097584374125,1814320.0,,0,4
1121.3805373556445,1326.6541055856705,117507.19080471301,25.276861626376814,0.08572061177218626,37.664336435166085,1980433.0,,1,3
1538.863487201288,556.9482460916686,95111.5886392529,19.312061607520913,0.22107265760562908,56.773448303007704,1799788.0,,1,4
1120.2242284628628,1325.1701240871578,105288.3021541958,26.893165862800295,0.09782839562857598,33.506222142521494,2020625.0,,2,3
1541.6243430814675,557.3976280733051,90829.11706752828,20.868339378195547,0.2144657166151441,52.759797552776384,1832580.0,,2,4
1122.2303547447596,1324.9606984365587,91445.19907462467,24.574352296777786,0.038638621898780784,31.838314764551797,2027283.0,,3,3
1539.47979021347,555.8886254538651,86433.94940469933,19.907528755857314,0.19855287693549387,50.789692600594535,1851058.0,,3,4
1127.078108749758,1326.8473209439994,113980.40758595086,25.404953023613107,0.0351216561400076,37.061216104913214,1993288.0,,4,3
1540.760699516443,555.6697536266765,99635.8093907558,20.557864708420308,0.19826714007065102,56.95436886710928,1803986.0,,4,4
1127.5593690072094,1324.8561858418877,111714.90631111013,26.70761471039899,0.04942630553669354,36.66051707931788,1994813.0,,5,3
1541.0710009402223,555.6174654779841,101133.764569092,20.547844389594367,0.2010082435544947,56.99564764675201,1795033.0,,5,4
1541.1647252710632,556.4997955096959,94368.075337658,20.850604776706675,0.2559342879184437,55.74791856391249,1804704.0,,6,4
1128.2340272616646,1326.0565024814268,105014.49834955596,24.374891963270407,0.03236740833256161,34.878184947678584,2005482.0,,6,3
1541.464925012095,556.6867364667294,87603.00952120396,18.82766920017949,0.20622619519617832,54.90964622677418,1804403.0,,7,4
1129.2014006660397,1325.7907520676436,99490.68137761985,22.96376047498736,0.030668205615399485,35.98447689618696,1990764.0,,7,3
1129.421191742303,1324.5061600908496,88472.14455129279,24.277819715586876,0.05071764467376769,29.862819073404914,2044300.0,,8,3
1541.6663986377825,555.5649828146186,80257.59163346526,19.85862497676764,0.2065120464160244,47.8311254650299,1870166.0,,8,4
1540.8428239945827,555.8646894767753,81267.7596715541,19.21437257050444,0.208712604909655,50.85967365760782,1839696.0,,9,4
1130.8743375170654,1325.6178790511476,98769.22542423512,23.445988127531447,0.04450244737059349,34.94972446215102,1995624.0,,9,3
981.0285492977682,813.2091931019297,132669.15405832525,26.971563987040486,0.08791930967504265,40.94855776535604,1975059.0,,9,26
1539.6879922175951,555.3023848627421,86443.42740507374,20.604661811559236,0.24570779226324346,50.8706018194808,1845742.0,,10,4
979.0569203343381,804.6011642536499,136565.2451110382,27.688997505309207,0.09959782241763424,42.82474132762414,1953056.0,,10,26
1128.9966587794463,1325.210688332274,101682.28717665026,25.540751396597273,0.02896474757100777,33.481161401597056,2014581.0,,10,3
1539.3021006733086,555.1930762254963,88673.10370708854,19.26239290668324,0.21104305082956773,54.802441171552765,1812458.0,,11,4
1131.5336350205084,1325.416460031615,106618.56238298333,24.31169112435877,0.03481255166894866,36.902146316522966,1980059.0,,11,3
973.6802579559244,801.2956178807688,140707.33312659885,29.359019027850444,0.050158272503211365,44.33765341015073,1924673.0,,11,26
1540.1119684075109,554.6618001781252,95601.07390353792,20.551415796116295,0.22693703571241114,55.87628636033456,1792734.0,,12,4
1130.906399640138,1314.66836359591,122245.48888734105,27.16497751883146,0.07641511461703847,38.4334244806534,1968276.0,,12,3
995.0653011751012,788.9504407111501,153418.54384187225,30.428278320616233,0.03352355341663867,45.233184196461316,1924925.0,,12,26
1000.3411278484856,782.3951840455796,126703.26841114103,27.79898150917296,0.030688084263419436,38.71622848023448,1979387.0,,13,26
1132.1672550807882,1311.5820334651276,93768.50002434106,23.05064656797772,0.02265117307376188,35.53071601034177,1993357.0,,13,3
1539.4281452755613,554.6451636960251,75571.87263863086,19.486107080060663,0.25680938281335064,45.82237168230284,1885479.0,,13,4
1132.0921838358565,1308.579407608503,113062.96232677586,23.480864723636024,0.03359975541818421,42.949002337495955,1945076.0,,14,3
1540.0635971365646,554.7962822423017,92434.55650407655,19.55821845011721,0.2065695544330053,56.692683085494664,1795477.0,,14,4
1001.5923842102894,782.8794354173231,152671.67758914363,30.0417879731015,0.08334108295862201,45.23961579549574,1933111.0,,14,26
1008.4788807249762,781.4452757066267,137189.1308016279,28.56850549121149,0.08793488755284982,40.71383656351895,1982314.0,,15,26
1131.5303549546709,1305.0654334860403,104670.75004518905,24.126883854647506,0.046918284553816844,38.85111201486122,1964870.0,,15,3
1540.4495391526605,553.6947891779818,89327.22183438839,21.206704243147357,0.21416388237433248,50.82576982766091,1841174.0,,15,4
1538.1114979433032,554.0842177480749,85188.87718381043,20.078292289321883,0.24724177677781434,51.52413516107802,1833896.0,,16,4
1129.7513742848926,1300.8172494060746,96247.08448089374,22.978919128686446,0.05489538559048577,38.19450815423196,1963818.0,,16,3
1015.8913117896755,778.0650904098532,142275.31189145677,30.99675925012446,0.012804108785380765,39.73254203963728,1975298.0,,16,26
1022.9453609631831,774.8644556640323,128691.12122700138,28.49966210756903,0.090513642886691,40.23781923161856,1968243.0,,17,26
1130.5665330938234,1303.1477960480863,93333.68518564856,23.176990514706144,0.03626987261814329,37.916406583640565,1964711.0,,17,3
1540.601952444819,555.4536335345679,78657.45649039301,18.52711733876814,0.2105923933586404,51.84488247150853,1843610.0,,17,4
1540.5333667946927,555.0421862529928,75058.06517155108,18.986188395397186,0.19744812904642478,46.798973196547706,1874185.0,,18,4
1130.3147174201229,1302.0528122717312,86491.52231319965,22.06844181704591,0.03467755428594601,33.92925556749709,2002928.0,,18,3
1024.947478257029,774.5395090854886,127151.40620582423,28.751223999717734,0.12574366329626685,36.737193959289954,2009697.0,,18,26
1033.349547817377,770.5658432778971,134885.78444480267,27.404865011409214,0.010927482780752881,43.48323918710142,1939275.0,,19,26
1128.703556194884,1303.7528600913129,103460.34395276259,23.536027370857983,0.04765036628625703,38.047834288713744,1973596.0,,19,3
1539.4681448819267,554.1119523479608,88166.40871272309,19.57423277930488,0.2201533213145244,53.318733765136265,1826328.0,,19,4
1538.8460487507402,554.1623832392211,86599.2063916783,20.18666286053337,0.22701781097297893,52.81027708723734,1824993.0,,20,4
1133.8708163432157,1302.244070065712,99375.73890890885,23.893541212808515,0.0501033940997395,36.81485662331449,1977549.0,,20,3
1042.5145358434431,778.8409690309311,133813.62527217183,27.920318961247617,0.06535852302361915,40.36939450418623,1976601.0,,20,26
1051.3846588830124,779.5759238931577,124289.26561214497,27.855537327419057,0.04260030544530921,38.58673937109913,1993607.0,,21,26
1136.2477412713222,1298.6413626363837,92814.65948286778,22.453021380474045,0.041975663452716305,34.91181181194683,1989528.0,,21,3
1538.521004666331,554.591070662026,74373.41362509665,18.908693203537617,0.25024459465236004,49.84120502100304,1844404.0,,21,4
1539.0932293427343,553.8458401748201,88550.3024438147,19.187861745610626,0.1937113152437063,55.85977329754815,1797187.0,,22,4
1136.128513903373,1297.6425466807743,105335.22886897891,23.39234734206518,0.04358015178920684,38.487116530368105,1970950.0,,22,3
1066.6527173453558,768.8062771945899,135935.1592270473,28.392111769700282,0.11871728341497555,40.89256131351611,1983669.0,,22,26
1060.9021287762123,769.8116107752776,126049.11410006527,30.62637864890267,0.04145352756125617,35.49087842705311,2011886.0,,23,26
1138.5553932928822,1306.1126164395268,96053.76883462157,24.982885864049567,0.0719251966667899,34.042271144316246,1996944.0,,23,3
1540.3331108849552,554.0769866030464,86828.07191996474,20.667447396393484,0.2100690657832314,51.90842763140421,1840642.0,,23,4
1540.031048366283,553.4511720206243,97899.51753160861,19.871823031249384,0.18781924647562007,56.99112183312556,1799924.0,,24,4
1057.9977725114836,771.5416471104203,145950.05184799666,30.243956198178616,0.11016453838191652,37.900499741241134,2011159.0,,24,26
1138.5481036306305,1303.9808732096435,113608.2920688042,24.877427434553272,0.023624389263590395,36.77752197113029,1980338.0,,24,3
1540.7619439377138,554.097211789534,86012.79379612178,19.2430613214477,0.21000858466066027,53.84068002404161,1809323.0,,25,4
1138.56447829712,1305.0443123486925,102091.15915644415,23.108636392752718,0.02213224071065043,37.68847601682913,1971713.0,,25,3
1063.4407079780235,769.6960096611397,135235.99454762533,30.32187616337992,0.06878382415648154,35.38101830151306,2023443.0,,25,26
1540.8308134750002,553.0867786809197,94748.2175683009,18.66795569647658,0.22324785366933508,60.74670801455688,1752786.0,,26,4
1139.4366062867523,1305.2688954659197,112393.38393764464,24.121492845421777,0.06676203293186062,42.05541324084707,1934687.0,,26,3
1063.4310160224047,767.3085408371278,153294.90177769598,31.147000617539298,0.09099284842312856,39.71900139413334,1989126.0,,26,26
1067.265190259466,771.3589593206025,130518.31983920184,31.131012229384098,0.021964000811699923,36.743298411073575,1992720.0,,27,26
1139.6938375543114,1302.7586072554418,107411.12288914343,24.55085792180833,0.05633173953240091,37.76394558915895,1977701.0,,27,3
1540.2828610800104,552.859498177016,88880.50788561984,18.64297847752241,0.21632608276861195,53.83913864400364,1811224.0,,27,4
1541.6371278009653,553.0097902627836,92572.03513781732,20.495390020154584,0.20399478892436126,54.77220117103352,1822406.0,,28,4
1062.9950877685828,768.2180461102072,138306.0136742337,30.969164373271433,0.15464205997332803,37.77393184209208,1996964.0,,28,26
1139.2234463185573,1303.6995673276456,108568.48583154671,26.46289892465205,0.061248672557581,36.42486284773165,1983646.0,,28,3
1067.0219437435642,771.149396908365,133019.48675244264,29.400679677084586,0.0829425216914194,37.11429064939897,2014870.0,,29,26
1137.6338815288564,1302.4679356377849,105206.99857320994,24.73337903677381,0.04502869851192322,36.84728136415149,1988027.0,,29,3
1539.3173621647757,552.4683518937334,83942.11208681582,19.282229050637813,0.23014660763945055,52.600829193752496,1829052.0,,29,4
1540.6454318987567,552.8788303308385,100115.43282483703,20.984878184875075,0.2355155802592682,56.93458055440718,1803807.0,,30,4
1137.1396026537675,1300.7751897382177,108171.25937879378,26.102022804350796,0.005455010595138417,36.38258562257239,1983668.0,,30,3
1063.544852231972,766.779257941235,129863.8900293454,30.727528514615436,0.13834204134515216,36.38258562257239,2009756.0,,30,26
1540.164600421344,551.8482159661468,83973.12214360628,19.263727313885507,0.159147966708692,52.76647061740412,1825961.0,,31,4
1136.817411548981,1301.9909063750663,98980.2122797793,24.23210019384366,0.0281361657082433,33.90309464789733,2007689.0,,31,3
1068.591586541748,765.4063900721271,130517.48270641998,31.32810321537073,0.09996558831509317,34.412915620046164,2027520.0,,31,26
1073.636021538041,762.615970123183,137160.41327147812,31.337213825594297,0.04831570879336917,32.29166586733768,2055724.0,,32,26
1138.1889042448174,1299.8709838762752,98925.7788012492,22.998388143299632,0.015520816920119,37.76041573196745,1969304.0,,32,3
1541.3425959737203,551.8930521290713,87717.96657868082,19.473415025954292,0.23747617280364583,53.906248665636284,1818309.0,,32,4
1540.7711319117675,551.2852325191101,85002.7606964437,19.20031803023687,0.223148742516745,55.98626425690873,1792213.0,,33,4
1137.0010280024694,1298.464264991482,101591.11396514096,22.987839826833262,0.07326286761626502,37.683062480611646,1975476.0,,33,3
1076.2351800659983,770.9411772996241,133688.46992719793,31.46981800096374,0.06384889949858492,34.45308569655922,2028900.0,,33,26
1541.641535695988,551.7838576602669,90056.46947698793,19.41185317712906,0.23190754160757993,54.939964380297724,1810653.0,,34,4
1135.479593320599,1298.1735707683777,108206.3934378461,24.84967252620364,0.03705836571112685,35.73764673281502,1994364.0,,34,3
1072.0419723166196,768.8820360013914,139537.37496942005,32.32282095268951,0.07014496121171179,33.33735702687969,2032393.0,,34,26
1070.3466069736257,763.2131096613855,144547.24927965237,30.80321917731584,0.15506519483650352,40.07290995401313,1989160.0,,35,26
1135.6525423932162,1297.2738528576879,118443.301007552,24.492703531226542,0.04949958817287721,41.49393512968735,1956008.0,,35,3
1543.927271643215,551.1061978297162,95333.73698563236,18.58763855521687,0.20533141427995594,59.96726241345227,1763139.0,,35,4
1542.9006290353072,549.2132819258334,92769.54771703303,21.177634092468168,0.23861351694194946,53.94412638727981,1819517.0,,36,4
1141.8698741063015,1297.9857487881814,94183.25585683761,23.86186444446367,0.04633049769890696,33.48256120589782,2007046.0,,36,3
1077.3238819035007,754.5733310044945,130841.61141965355,30.4637219119013,0.14574173089513295,35.60843810785958,2024493.0,,36,26
1544.6169709710705,546.4681018357584,81910.71409094485,21.037606376889432,0.22226878133611763,46.77822972865203,1881366.0,,37,4
1140.4336139327509,1298.3297568293287,81045.42983185787,23.505643905456456,0.054514157163282104,30.73352291351051,2037983.0,,37,3
1085.027592747761,747.5720994158745,112463.6775573385,30.863093908731496,0.04949930187994711,29.60361398286674,2057587.0,,37,26
1094.5887957378368,751.7154402895054,135260.54327050573,32.4727514053852,0.029940535156457886,35.079634261952634,2005870.0,,38,26
1138.1666135996609,1295.2301955080115,118714.64911028475,26.05646311313152,0.05689689225278239,38.61479120307965,1977259.0,,38,3
1544.2327544325003,544.0605137512216,97393.57372804912,20.95133428896746,0.21936085689723556,56.56251105803216,1792091.0,,38,4
1547.8873353639199,540.0800545745044,85671.19775998166,19.465128588792115,0.20609237494007018,53.829345553542694,1817613.0,,39,4
1139.5328291930568,1300.1144319962336,104537.35805563068,24.43425621965845,0.06811715543830225,35.88623036902847,1992659.0,,39,3
1104.34282056619,755.725340244533,114531.16055297127,33.01192492757375,0.03221935436004967,30.246965596752563,2035190.0,,39,26
1104.0384087101336,759.1956283300714,95976.35229450489,32.8907503496801,0.055403569022679455,28.248648395923347,2044054.0,,40,26
1138.7294159904218,1296.3111746707464,90745.76495391273,24.214456238245955,0.005414682672024158,31.870269985144287,2024829.0,,40,3
1549.679978980557,538.7351187779731,79946.57225773444,19.68893383100197,0.24004717191963287,48.771170734842016,1857369.0,,40,4
1137.48711112244,1292.1799803729145,91400.6933151864,23.405822565812223,0.014312581250985393,32.84987257036128,2014673.0,,41,3
1549.5328550248862,535.2093173073529,79200.34383368208,20.514780935613764,0.3004718902933259,48.925342126069985,1857694.0,,41,4
1121.0529558284152,759.5941444082565,108873.79681096318,32.76212079480197,0.048424464801105196,28.42329399705018,2050942.0,,41,26
1126.913712663595,752.98778773266,120946.22127125178,32.383032543585514,0.07735315261506556,30.055006830606445,2044008.0,,42,26
1137.525095314374,1288.3909496421302,103616.9375580478,24.164250000219766,0.04507795092261624,34.92879172205614,1996042.0,,42,3
1552.4264597021777,530.2173041058159,94370.01378983121,21.17634314432569,0.21503817036170625,50.90397553291902,1852865.0,,42,4
1139.7043730956098,752.1619094155831,129320.97969998787,32.772242843624625,0.04687358609679294,31.3385842329375,2040481.0,,43,26
1548.4908797839496,525.048696297588,114900.35035365282,22.612902217097012,0.1872257992693822,51.6316018919708,1845856.0,,43,4
1142.7286120664035,1280.7017223566709,108902.60770402283,27.379294562139624,0.06394998059639248,36.98980434051639,1988739.0,,43,3
1143.1548598733361,749.4486115324813,100666.25964695858,32.720760009431736,0.07999540472898327,28.154790280113755,2066986.0,,44,26
1145.5245482062958,1259.8559701216582,90334.40601382735,24.21864548230179,0.04384025050177309,31.972388962163077,2021779.0,,44,3
1548.3359112238484,519.067453925745,105915.21923485877,23.033462752049157,0.2163997530741147,46.765583855104204,1883014.0,,44,4
1543.5913301939822,509.4835237095252,94095.14377651153,21.456869959207456,0.25180591600229746,48.90029426165924,1866165.0,,45,4
1142.2587371626155,1251.5927155906488,96687.85733756848,22.89642576121206,0.05425184605131257,35.92674680448434,1997813.0,,45,3
1143.070708332755,745.6760072929537,107829.63969030918,32.920691883040575,0.04872577378305452,27.444042697869982,2038206.0,,45,26
1151.5736002397857,749.1469327799349,112449.0177527373,33.364060393971606,0.040845406513784085,28.301553236308088,2044403.0,,46,26
1149.089802390323,1258.4418533783714,99628.67142353735,23.937458539883945,0.05562001633436144,33.961863883569706,2011618.0,,46,3
1545.3376332254938,498.8605833182796,94001.80806646409,20.454624943604873,0.20193013190736975,52.74380375857417,1826621.0,,46,4
1545.5829446809398,492.94637640332206,88415.12696422494,21.648829007591647,0.24041954959612252,46.81636506650824,1876049.0,,47,4
1155.1370636352174,1263.240797968284,89628.43187365794,24.18776313142057,0.05312985994946127,31.825903345705107,2023081.0,,47,3
1157.7934777148025,747.9516845773371,100992.8162154428,32.35964690770922,0.05738011288058657,25.829718657383857,2083109.0,,47,26
1155.8429251643006,1263.2658700747454,82762.47736274463,23.927042038424,0.07784109136937262,31.68886101609023,2019360.0,0.03178844057644025,48,3
1162.8268734669473,746.4304597063333,99937.84003346553,31.79847354181217,0.07892448037173214,26.030135834645545,2075350.0,0.02580969735815727,48,26
1541.8832157806928,488.808148595862,90627.42631793096,20.335144514869633,0.22434389305430769,47.306942516877555,1881221.0,0.07418917318818563,48,4
1147.4347198453997,732.4383491076729,88829.41156060336,33.490023505639954,0.12132787794061428,29.989323918293547,2006165.0,,49,26
1156.7636556452296,1256.373555521257,103851.47755712376,25.716065413151387,0.03504167829863481,35.15989700765451,1995286.0,,49,3
1541.6670739348372,483.2411316753422,107279.05045806113,21.756200406345588,0.22288445082161723,49.89603031233323,1860660.0,,49,4
1162.0832792989281,1253.624153870337,106970.13051512942,23.63103677754373,0.048288636757470194,38.88408960928005,1967934.0,,50,3
1540.7276683657901,478.7562616616727,105043.26623678848,20.000405559475105,0.22791604149352088,56.74975240273305,1796407.0,,50,4
1160.7897002390855,1250.8459003877604,97234.94214259824,23.215991567898676,0.02121473376999771,35.89681276736871,1988257.0,,51,3
1542.0113023264585,476.09419772606674,90658.01113400274,20.207084377857377,0.2256759048454487,49.81598506491984,1847738.0,,51,4
1540.9428652686856,472.5959000116809,93113.83804138385,20.726213491846824,0.25227629821100545,49.89009773018184,1853664.0,,52,4
1163.0071299310512,1250.7364705703944,93551.26306887595,22.81849280843429,0.04872162542268411,36.885569885821646,1983654.0,,52,3
1161.7262107964657,1249.373738943371,107499.71682596767,25.75489575458224,0.04184417119425003,38.10778657784444,1972853.0,0.04281008295888371,53,3
1178.5041882904914,709.1360779453586,94351.74741990083,33.26752659063171,0.11943503278385079,25.318186972951448,2089865.0,0.03247877143727956,53,97
1540.5570290419314,470.6201458697626,96875.4747378541,19.97757193821529,0.23631255279396648,51.94143513007565,1833916.0,0.06879297318709134,53,4
1198.11304385688,698.9557566917391,95683.56546758705,28.654054040154463,0.06820074533765208,26.03861165260296,2095447.0,,54,97
1543.9061675705395,469.75549893061213,107501.1893661209,20.976608710287866,0.2349000783641385,53.899926120888125,1825274.0,,54,4
1162.4749641225694,1249.0268676476533,103058.7418320703,23.15313159440085,0.030315606456994965,38.79753136237841,1964113.0,,54,3
1163.2685897780887,1249.3727412282387,87313.34611382264,24.21356963866442,0.025803871015865405,31.774637041326944,2014900.0,,55,3
1204.120173836367,687.9602429790123,63948.91846121593,27.04834412966976,0.10734057707922721,21.928974859507328,2116725.0,,55,97
1544.3510551266124,470.4939827069968,81234.99230684654,20.256337999981106,0.2622583053601951,44.9767749669487,1894337.0,,55,4
1550.4128422343254,462.7895360974813,109187.01275175148,21.066923595986083,0.22255607054151297,51.946926756711065,1842993.0,,56,4
1210.8001897549045,673.2042814493714,92887.04921669791,28.056952318539885,0.08005438403835785,25.84424216751794,2094874.0,,56,97
1162.6771750428547,1247.8629123284884,104179.94927421655,22.713182730688743,0.04268689721276418,38.766363251276914,1963329.0,,56,3
1222.1327945954404,659.6484704568534,80620.40367746488,28.145518828570886,0.06357484690609828,23.744838127169842,2107984.0,,57,97
1552.217554369126,462.0821629814967,95296.69237656644,20.461913987451638,0.23629220545303234,49.96309689258654,1859288.0,,57,4
1163.0142961334377,1248.7420961672622,93600.17316079293,22.597045586789033,0.05644397203468309,36.853967509878196,1975259.0,,57,3
1554.8240177155196,459.75580962027254,108645.46823178795,21.735703845515243,0.23741144683629886,52.94512278385141,1849292.0,,58,4
1233.7207640419422,647.4465120550324,93264.3909932479,29.819003685735414,0.09613938410895946,25.434421729497245,2095785.0,,58,97
1162.9916700591864,1248.045429252112,107740.46998106594,23.780106870002413,0.035138245420873855,39.44930717228144,1961338.0,,58,3
1557.1844859794362,460.6804443309244,105923.44967430126,21.60077321877628,0.2707041223248079,52.78374547427005,1829510.0,,59,4
1162.4800010434465,1248.128448264618,101680.32617504548,22.649632069107795,0.03847958023850106,37.93002815487747,1966793.0,,59,3
1221.7211226476313,662.2778540408326,63763.82551272674,37.23144898278372,0.15641256357168215,25.728760356804997,1997149.0,,59,97
83.46647424790976,1381.546266502775,63226.17399475516,26.254027534813087,0.24476292906180236,35.27757863355737,1897973.0,,59,115
80.14502946124239,1374.231603237654,62142.199611106495,19.09484502449961,0.07182883710762779,42.14366314707017,1843391.0,,60,115
1162.0999070887242,1247.5519120853924,114575.75806981944,22.54576607815625,0.07048946541236209,42.96464359798713,1934236.0,,60,3
1227.3944642472668,645.3761849977491,125831.94737219145,33.27827257638792,0.054395003115538444,30.10261653362155,2044294.0,,60,97
1559.8625350531488,456.6508930445591,116031.6300694455,21.88877717729735,0.24273131508396767,56.9213112635753,1803393.0,,60,4
1162.8722739293196,1247.7086634559246,101491.72406243383,22.691155775700278,0.01577258187665359,38.878424153621346,1960618.0,,61,3
87.69976394061794,1363.8703404500866,51113.06204417129,21.4428735553972,0.17564450701253748,36.19715352233711,1875572.0,,61,115
1224.3043972793996,640.48393129331,104664.73972749559,33.201306315315506,0.07958217799014682,28.95772281786969,2031939.0,,61,97
1564.883961478041,452.3086701728024,98141.20828158104,21.68506045341777,0.2637190107539961,52.016650246914075,1834989.0,,61,4
1225.9444507097398,630.6024840359094,128632.00275403753,33.52404600971101,0.08366333657994757,30.10786065853151,2046883.0,,62,97
1164.3417662532117,1247.5397510102953,107486.97850572667,23.027281857127832,0.040844325174277225,40.78246580110177,1949231.0,,62,3
1563.1775475502088,451.0089340112769,98833.70564464055,21.472448811384528,0.2723521743008924,55.01527265786213,1804881.0,,62,4
93.02002247691345,1341.359042186622,51631.69653549152,24.938587618129297,0.14485105044274976,38.31909538358556,1838980.0,,62,115
1562.6821979488977,448.914655255313,84333.23880382067,19.872476939482564,0.2575391346540465,47.94290457670691,1867777.0,,63,4
1225.936433100309,620.0717085620354,92430.34219519116,32.32588805677809,0.11785426387290568,24.329235158328878,2092725.0,,63,97
1164.507511108974,1249.1484515320626,84327.75279981438,23.19569329581807,0.05019472551386581,35.539765084225515,1983959.0,,63,3
87.7464615284461,1323.5974144338174,43966.98280362667,23.653415482622734,0.24557026510122434,35.06272125759162,1866827.0,,63,115
91.51386379703087,1301.8790720812715,45398.264145617875,21.214272903092905,0.04745874783716263,35.184159890825256,1855829.0,,64,115
1163.6460488615735,1248.8153243464587,97823.6133061878,22.79169649461401,0.014669828584333968,36.84827556133727,1979533.0,,64,3
1234.7743897785194,610.2977971587287,115247.85529968879,33.04367927732505,0.0919597692191531,28.05223558863095,2053640.0,,64,97
1562.4796881642771,447.43775322566603,92824.84756277982,20.500768087587776,0.2595010050511805,50.87439335565274,1847048.0,,64,4
1563.4188832178374,448.1542940924243,87000.17800582132,21.548027784875416,0.26058812552776384,48.856899000461226,1861628.0,,65,4
1234.0652194692786,596.1038970159357,123375.2223463716,31.927385965247876,0.13704336608060427,31.04699493132758,2051876.0,,65,97
1162.9017949363576,1250.241427418899,93671.91247474636,22.935861387996514,0.07064770682008484,35.6198081382673,1983893.0,,65,3
92.88375093148292,1293.1362168572368,30036.4032125939,23.50197067183371,0.2891671175268924,34.175761862391596,1831587.0,,65,115
1162.654365631278,1250.3912984558326,86575.6000332161,24.00422424576908,0.05807931317187646,33.13878869119692,2003556.0,0.03042850281413473,66,3
1247.3403580621878,595.3249928998985,113785.22135150235,32.56944709399843,0.12317355704468638,29.63966193498358,2051064.0,0.021559898331395818,66,97
1562.7065855520004,447.54970841772587,84144.53026159047,20.526357493323523,0.24553225203285756,47.95861965868871,1867539.0,-0.1712343362602586,66,4
96.14545356238028,1278.890757276154,26647.702727435517,21.42598044322378,0.20331702664130982,30.051323906302798,1866964.0,-0.16656762909462242,66,115
99.25011452829612,1267.7914057966589,45547.85539741661,27.73139008836902,0.21418766019987856,35.704169497817134,1844829.0,,67,115
1160.3611720097535,1250.2875547780213,94224.92622153477,23.496583236988364,0.059159475124788044,35.936014754296465,1989028.0,,67,3
1242.9923168115615,582.6093918181476,123207.20619824663,31.32829361946198,0.18562193767297996,34.08125270246181,2029208.0,,67,97
1562.4960027029458,446.48394396735074,95381.83405136663,21.340961096913073,0.2680222943921408,51.93333745137038,1843193.0,,67,4
1562.4757209754664,446.9527310578528,86621.88059745537,20.822568795663273,0.2276801386356508,51.773886647231635,1837699.0,,68,4
1251.2900910679855,582.247376506818,126519.58354278919,30.071723818731538,0.17319021851507196,33.78465484607488,2024885.0,,68,97
1160.6509705698184,1250.4333610213027,85836.0583009707,21.57284550291845,0.06182471157799178,34.88155922419419,1987646.0,,68,3
95.80865998747652,1249.8321477770821,35035.125837130894,23.27490162623051,0.3620052388848833,33.78465484607488,1829252.0,,68,115
1561.6971656728704,446.10380403139993,98390.27052215123,22.52227142971043,0.27362002765105853,54.815997249286205,1812986.0,,69,4
1258.570104379878,578.6971064097229,145364.8640568177,31.157115494740935,0.18133523914437852,38.27243051188902,2004039.0,,69,97
1159.7140760276973,1249.9975303579583,105980.55770883166,23.420017666033697,0.035269554489449226,38.76626832494565,1960666.0,,69,3
103.36444699748134,1233.8809774203526,55880.21773642325,23.544535938321776,0.06115330508442507,39.753943951058915,1786430.0,,69,115
1560.4640998390382,447.3878225474742,107774.6463573537,22.010294967221867,0.2663682833544243,58.93567634146547,1774211.0,,70,4
1262.8281232895993,576.8974654357862,147473.20545682273,31.56039728939048,0.1790106672898156,38.43631065747748,1994382.0,,70,97
1159.520019260236,1249.4636830694933,108030.11970219041,24.181447218840624,0.00857454795545913,40.74248929692613,1954736.0,,70,3
103.76551630064111,1227.0468967398717,46962.765571661235,24.49546499274404,0.08488344308580206,36.13013201802883,1785024.0,,70,115
1560.076329479694,447.53745721891244,96384.57808912446,21.308191952639994,0.2685779037575255,56.101184729067356,1795384.0,,71,4
1162.503107142081,1246.0134736979337,114753.1033238163,24.312348411705038,0.05640250542383224,41.14086880131606,1943098.0,,71,3
1263.635899224863,568.2904755294823,136516.8722583113,30.93824894603181,0.1514447039951006,37.40078981937824,2005635.0,,71,97
106.81792566107212,1208.2921311737866,46722.31333536127,26.796062529778908,0.18710803020782707,37.89946701696995,1768230.0,,71,115
1560.452179969355,448.07049601742455,100919.55623882479,19.978111399757378,0.2196952149096666,56.99720407060474,1790393.0,,72,4
1275.5076634756447,570.3996993153188,147566.2725244824,31.038807703066286,0.14644231966322008,38.33892650489108,2000685.0,,72,97
1162.5370409258212,1245.2370536177873,110759.8807084135,23.710074800069435,0.08458192897062008,39.872483565086725,1965160.0,,72,3
107.0598328032016,1189.7637017612053,46686.33317637933,27.191152867356752,0.13156260734054856,36.03859091459761,1786549.0,,72,115
1276.0139904246857,563.2983977030335,126920.4008446125,29.670593676208476,0.14991068801058788,34.52814447981952,2035572.0,,73,97
1556.5055994158483,447.4538931799762,84935.0568551005,19.900121072706888,0.2719724430955185,49.922858579102105,1842583.0,,73,4
1160.3139009373187,1246.5705644566403,89441.52952093477,21.724617790118646,0.06373603030170986,35.84769140261517,1982081.0,,73,3
111.75994957965466,1178.9886554222967,41699.00230726535,26.675012472588474,0.29188648266183526,32.10897512136083,1847513.0,,73,115
118.33009334655358,1169.5147160816025,49801.515583365544,23.163506583771444,0.15190066994555065,39.40094528072444,1794608.0,,74,115
1159.014954385915,1245.2743047386844,107665.1297819318,23.599236056782743,0.044011727506186926,39.9126458687858,1953199.0,,74,3
1279.8296164342291,559.8756380209702,146066.4679638784,31.741967720586597,0.14780380164742535,36.58659204638698,2014523.0,,74,97
1558.592742730975,446.2587770147745,94672.02844987783,20.545915888951267,0.2611369949849015,55.77536409868785,1805586.0,,74,4
1558.110776393263,444.5716270837454,95070.35106175125,20.506699663393864,0.2537183112885097,54.72375556219294,1817308.0,,75,4
1281.2644695197469,561.0088052153571,140150.67195434577,32.70715034525584,0.14354490138876408,33.02711238775521,2039901.0,,75,97
1160.3830900009605,1244.710978772452,100392.77870625387,24.100403216808544,0.03195607448499512,38.33073627483999,1963781.0,,75,3
109.12539979782244,1150.2865894414706,43641.3513025032,24.39361326128313,0.18353118326727527,32.786038574705906,1806963.0,,75,115
108.44073267340968,1139.016936602759,31766.508701232928,26.02340157912342,0.0867928219167529,30.143552434907996,1810936.0,,76,115
1159.5732158463113,1246.326356467243,88581.16767464581,21.47788929431807,0.030304875220477354,35.852558577882995,1981840.0,,76,3
1294.9353898688767,560.3565326657266,119036.20348471453,32.29629856768586,0.1363911283402382,31.513713909221995,2039556.0,,76,97
1557.653033551794,445.8087239073757,82858.6882771734,19.53232496655941,0.27242966603750307,48.86909258386599,1855196.0,,76,4
1303.6820585943328,557.3583767641765,144215.78309493532,33.17084704395565,0.12721843614440162,35.33547982400403,2020885.0,,77,97
1558.8278340967686,445.7447022602688,106141.93642472068,21.87699564839251,0.2983105874371819,57.91830527543518,1794476.0,,77,4
1156.51548595198,1246.79166321563,115478.4735072406,23.16106882263307,0.04348052153096661,41.97748730971907,1942108.0,,77,3
121.95515236304814,1123.2139640624316,30384.527444152038,30.165871614402832,0.05534982714069988,37.460922219432845,1720052.0,,77,115
1156.5738437853863,1247.8278789266765,93602.52526670945,23.30408220328972,0.057261615223883414,34.774784505616196,1994336.0,,78,3
1318.8053630127536,552.627486858048,126006.43165610028,31.13902047026978,0.18153361401254484,32.86931686147284,2042634.0,,78,97
1553.901911988354,444.21862487563806,87861.82762181657,20.092940958286988,0.20093960746512768,48.82760838117342,1865272.0,,78,4
1551.250817549168,442.166741301059,98814.54996211008,21.109465350471417,0.2661840708566631,52.860551991833766,1829551.0,,79,4
1328.1009462196141,553.410967922533,138423.84656525796,31.28386929531372,0.14103263688769876,37.55251883582761,2005734.0,,79,97
1158.7700314135607,1247.2263040842588,96471.46413716888,22.958304176303,0.08274157347251462,37.55251883582761,1974405.0,,79,3
111.85865100295692,1102.1859665947416,29929.596700172668,25.382712278912603,0.27235724255306226,34.682262619076454,1764693.0,,79,115
114.03174098050626,1085.0232033750365,27154.029290685576,31.05033405938335,0.3437760256448078,28.886214604035246,1749538.0,,80,115
1160.4856026417713,1247.282600136813,100334.9085281393,22.459816022790463,0.0332335649038365,39.74940642093739,1954077.0,,80,3
1547.283945999009,453.4236232892379,103619.04892696731,21.069264334201637,0.23686009659813162,50.85948896095094,1852254.0,,80,4
1339.4952769307713,549.8873804107578,122424.22152491738,30.49741430571871,0.23770561255167394,38.514952805380325,1986050.0,,80,97
1537.1655039648167,456.6794939153402,126165.77754964848,23.185096081784245,0.18553444315196183,52.722528101061926,1848765.0,,81,4
1343.3079324011799,541.5840850021644,151942.99883742884,31.5402027344974,0.11063540680253765,41.205470991606646,1961326.0,,81,97
1160.3944190683303,1246.64731661377,116041.00467742512,24.719830717934848,0.043954184490597896,39.15799417214793,1967112.0,,81,3
117.26290684758933,1075.5722432454525,53226.975202456066,23.85850523840564,0.11778124278543241,42.74107860620069,1749606.0,,81,115
1522.7717475512022,458.9122840605521,122299.82306340798,23.900132126670478,0.2269924272280501,53.90775816241047,1833961.0,,82,4
1341.141966361745,539.6455554365783,142386.18046840795,30.174040174760993,0.1990256536502894,41.111472133959495,1975006.0,,82,97
1163.6920371841172,1246.962546142972,109009.65484653978,23.039687861076807,0.05335046441250898,40.83921072909884,1948680.0,,82,3
101.3585542945075,1075.1185162964075,49009.50322756235,21.841165983224386,0.23262806820404094,45.19539320686938,1762595.0,,82,115
107.17282816422582,1067.7249851387135,48030.9536852733,20.3929750396425,0.13596400499466738,35.867063754484384,1821954.0,,83,115
1163.6642385463676,1246.2342815489012,93229.11723651644,21.6051609037904,0.03556380041222161,37.990771476789384,1967902.0,,83,3
1348.8701017703845,535.6471855567884,128034.56309737303,28.59059744597306,0.16382128659427536,38.69867405089105,1977490.0,,83,97
1511.2587187352524,461.2710429447853,100003.03696809527,22.636504855053378,0.26189854406039725,47.9014075142127,1877873.0,,83,4
1505.998696687574,463.6862179502537,99033.6440281287,22.23843885404033,0.24727908787146707,44.84295258078938,1897545.0,0.09993758071021668,84,4
1354.9849878173386,531.2329083300265,123767.26091587679,27.2725984780236,0.21864441709198923,39.860402294035005,1976555.0,0.07528805345379996,84,97
1164.4299336018848,1247.2823326305577,91942.52591287975,22.69333789614385,0.06810839486660247,36.77596640223467,1976016.0,0.07541494827659992,84,3
104.23670016013185,1056.966133518125,50673.485473489476,23.860455190204352,0.14439146225647692,40.334930892773514,1818056.0,0.1490243979134044,84,115
1502.2071749939216,465.50510922202864,106036.60562050783,22.62656332700861,0.25878240774618333,48.72451413389622,1874303.0,,85,4
1358.8775897711348,524.3121441015751,119335.55965784982,28.63216476986331,0.2510355127755658,43.04787171052967,1921583.0,,85,97
1163.9890018830522,1246.223728443517,95336.60770599717,21.921183533040338,0.0544735363568485,37.84428282244367,1975684.0,,85,3
108.72012697827836,1044.8389990540402,66760.38974676996,23.330944641404653,0.1560857393360282,41.15565756940749,1829985.0,,85,115
1362.7144157229338,519.2199215891841,143886.84387394547,28.28823840130747,0.22258733671895467,50.021272082479854,1883652.0,,86,97
1497.1629869716633,468.2763359147156,119343.6841189214,24.17743806089277,0.18214939602146818,50.5450550362231,1863187.0,,86,4
1164.425401911673,1246.79899630337,114912.21843877668,23.75781637651231,0.04606072313101007,41.902636299459566,1952508.0,,86,3
113.55593390009176,1031.6107454061473,69066.54406353796,21.13256029849238,0.09793572470982609,44.78344254504741,1783714.0,,86,115
1490.6293842617918,470.87578759699346,112218.74317042598,22.3866930345466,0.2576409787219972,49.259630503573746,1865924.0,,87,4
1164.742181045258,1244.7970896799447,107318.54669602432,22.825789428148465,0.034633515957790406,40.923385341430496,1947414.0,,87,3
1367.3250670478847,520.2132043966084,128288.75032163032,27.05046519826401,0.14401133900241894,44.20736070833541,1917689.0,,87,97
119.40220666839704,1021.950415949954,57421.82497127103,22.885957109801442,0.09973311300678532,38.64986393357324,1797054.0,,87,115
125.31630563831456,1002.0692054389463,53483.91228157402,21.084210878955204,0.14447316174462682,38.81809901039399,1823411.0,,88,115
1166.2740094056942,1245.7157494591218,94362.48557215552,22.431401908747397,0.030121287870367833,35.942684268883326,1986355.0,,88,3
1368.2944522952287,518.7622406114033,111742.69035932163,26.186084434250837,0.1470892790703827,41.45389585677877,1935659.0,,88,97
1484.2234873804894,468.6203841557284,94635.64997259904,22.076421159511366,0.24074602295323122,43.370839017785876,1913935.0,,88,4
1366.9542781424084,518.1080758884452,106375.71948603736,24.83415741029469,0.24515938399555892,40.77829412995622,1947624.0,,89,97
1165.6857976118417,1245.773990385337,94239.34487237733,22.86263369582477,0.025900254498225295,36.771178521810235,1976707.0,,89,3
1471.8574259021025,475.96311028647244,93627.67046042798,22.327062285149875,0.15362684408284033,40.77829412995622,1943417.0,,89,4
120.6510157760529,995.5608540925267,42059.39256114878,20.50691878758666,0.11286414215742431,34.8854770591533,1814886.0,,89,115
121.72879545856541,983.2275356176224,66113.12083492047,22.343917142206703,0.20540852949443889,42.58373293754743,1856819.0,0.21747515250255034,90,115
1164.5285791025533,1244.5661768392404,92416.62932412658,22.680021571774095,0.07184730015629252,36.62642314835686,1985117.0,0.08457588742131403,90,3
1368.5878542308117,518.7217628849476,106129.91517663667,23.79286674389651,0.20492894546954968,41.921809627637366,1943508.0,0.10548112337627864,90,97
1369.3583665238002,521.0104097373672,117627.93839339478,26.066530881566592,0.23979378687042371,45.80951465315899,1907005.0,,91,97
1166.9444334316227,1245.7553138241196,99931.5990733804,23.076827088228455,0.03784963574165298,39.37142070190421,1958852.0,,91,3
123.77457979327056,977.70613517161,64584.97756700293,20.694202086574876,0.12001909271212839,40.60951569253013,1837745.0,,91,115
124.59035598813097,967.5824973194916,61120.20451164937,22.300751713051305,0.04452940676931542,41.402813226329855,1771866.0,,92,115
1167.6847904538452,1245.2185307446734,112264.87108564442,23.64295355667425,0.051607229546309585,42.41883318280421,1935578.0,,92,3
1368.9759399442814,518.4938961492539,125091.36102116577,24.98476631200034,0.19645533620593392,48.768957910768904,1899109.0,,92,97
1369.1241500666279,520.0584681552602,118693.4106887799,23.989307828656973,0.19206958112820705,45.878265910985846,1917012.0,,93,97
1166.0535802122129,1245.612919983537,101000.115254247,22.287395332438418,0.013542516159371755,38.781075604314,1964346.0,,93,3
129.6834622256094,957.6683574667983,60864.23671460582,25.60910851533177,0.14335989838042223,39.54148885145741,1792269.0,,93,115
124.50436265379469,954.8230698601748,46288.703262359355,24.9363043869034,0.16954873905097345,39.101137098244216,1796394.0,,94,115
1164.3328321909128,1247.047100694488,96762.68537946432,22.96488857425059,0.04003085196200808,36.915359248031805,1983585.0,,94,3
1369.4574226560317,518.5714961408638,112963.42794103312,24.764656463351404,0.23487491731932292,42.986964387510724,1935423.0,,94,97
1164.920267321982,1247.6400723179659,88420.11223074741,21.265824348685886,0.04060038797561139,36.80040087753754,1973033.0,,95,3
1367.6290194465787,516.3829450149881,108299.82942326789,24.88500864678944,0.22462282439940898,42.42593986518659,1941664.0,,95,97
124.66893506979594,946.8662265964596,27555.061948794148,25.21308004577842,0.1926584891450378,30.00287460079494,1805569.0,,95,115
119.05079556670375,935.9402271970025,43648.13498471481,24.606835573207462,0.05248431711344418,39.23884165245408,1748201.0,,96,115
1164.7505228762857,1247.7033767649316,114796.66122293033,23.01724863157367,0.0338617277693448,41.982816593185134,1945823.0,,96,3
1370.01036542156,516.5350470448001,133976.7716611463,25.939789632181373,0.209106983488679,50.489138909451405,1884207.0,,96,97
1370.5728166347562,517.573873420971,107135.18606031724,23.893893848547584,0.20590453522449312,42.858199812344125,1936582.0,,97,97
1164.946551276622,1245.9381451983807,100660.8476298418,23.834540049708448,0.030793675460187082,38.73281159511314,1970966.0,,97,3
120.03940871439988,927.0713334283289,36993.5020850817,22.34959982749055,0.08594488980444039,35.75336454933521,1787432.0,,97,115
126.99890556597873,910.8152230560768,29930.349958155788,27.51022845010004,0.26030691402105177,34.57661511043986,1733466.0,,98,115
1164.8724128821536,1246.0660150339825,108250.80275064701,22.77709215188494,0.053131638858400665,42.895800700921626,1925269.0,,98,3
1372.882381347487,516.6334733764438,118437.64550619194,23.409471553211343,0.18960175937247017,46.795418946459954,1906215.0,,98,97
1373.9193348273316,515.4917057338622,99791.85311201535,23.533988497854363,0.20613963503689825,39.842710917424085,1963195.0,,99,97
1167.6324374147027,1246.5615515450268,84128.95514275703,21.433503127619506,0.015913418534598243,33.844883467489275,2003295.0,,99,3
128.61344239239054,911.1679780894926,28938.44640531939,27.21530357733302,0.19946541506764548,28.7038885104023,1832781.0,,99,115
1163.4056878040356,1247.1207051226697,114135.29095802545,22.93674615523044,0.04025559024850139,43.80426238278516,1924263.0,,100,3
1374.7852353046483,516.1974018242878,126931.88488323646,25.13739405698157,0.1683441970714496,49.0060185407409,1876785.0,,100,97
1166.566871859328,1247.6811841105668,94023.42339967123,22.839084662370443,0.025586146480842446,35.83309213314646,1987480.0,,101,3
1373.1320163805724,515.5848076555836,111839.58934722247,24.105743200058,0.18563238268043664,42.95224951059277,1936407.0,,101,97
1373.3828948322737,515.3090723675101,98029.03188596207,23.818918790690986,0.16876279669141034,39.64277097874716,1955813.0,,102,97
1164.625735273495,1246.8472160958283,84499.64359041095,22.467037855160996,0.04153424702411631,31.886576656818367,2018552.0,,102,3
1374.144655062655,514.8122298632983,118713.61543603732,25.876190848238224,0.2413575194484615,44.995904798638755,1917955.0,,103,97
1165.658178161219,1246.4219058253811,109754.95565024426,23.155389519718387,0.0213497353197292,40.76977009379423,1953635.0,,103,3
1372.387549745067,515.2379696147805,107405.748186467,23.172562456910182,0.1873082089433203,43.92586871557617,1929948.0,,104,97
1166.133329714619,1247.510960632913,88926.95581097592,21.72161253764473,0.06098210103593774,35.961288124290384,1979444.0,,104,3
1372.627532855797,516.1135413100249,106154.70125628945,25.617722906489362,0.2595969844911185,42.75862536253175,1931416.0,,105,97
1165.4352061448574,1248.1844513765443,89933.97917709436,21.64691052165299,0.025480335247005634,35.86973572079052,1983618.0,,105,3
1165.6892287962578,1246.8881777913173,88074.78319896878,22.964212792305247,0.042939149148750806,35.486192833195055,1983303.0,,106,3
1373.8226451184678,516.1284091415145,102036.43628658511,24.077782994718305,0.23662446009862403,40.89567344801137,1955009.0,,106,97
1374.688586425011,515.4333987948767,132812.42842258554,24.938294447587452,0.2048364209371027,50.802911686032225,1874959.0,,107,97
1167.3027776763213,1247.837551134081,114716.11703520629,23.43846182754382,0.0408431771686237,41.899308607036886,1948535.0,,107,3
1375.2199304418184,515.76767610857,117772.49573607516,23.54488378534774,0.19257291588531647,45.85288539595191,1908063.0,,108,97
1166.9722475839378,1248.3447875317158,104089.37994663288,22.274477306546824,0.026776545659735956,40.21733523555558,1948757.0,,108,3
1167.046140175219,1248.2493742177721,102169.45313585298,23.072912454031226,0.05080441045659819,38.872983420900255,1966276.0,,109,3
1377.5520990344614,514.3709162711776,118768.21705657738,26.175716243501064,0.22739927789640482,46.28953946830886,1904291.0,,109,97
1378.7214650497756,514.621091127931,122864.5896699006,24.66930631162547,0.23979248814884457,46.79492108134748,1907424.0,0.05977656956310651,110,97
1164.8730178066498,1247.9306170832328,110359.22871573055,23.26277909207831,0.033349594448318275,40.84860514283371,1946496.0,0.052171131091620894,110,3
1163.3123732349127,1247.8937711575893,103150.27955615155,23.219120315677124,0.06627652119591934,40.70111672904296,1943940.0,,111,3
1379.794996447169,512.6835104886653,119100.15376311578,24.815231938995773,0.23949322432189601,48.8909755830577,1886657.0,,111,97
1382.3086009040148,512.1677553842063,125960.71880703702,24.36553133539363,0.23752182010907882,48.76330938129378,1891030.0,,112,97
1162.653844019275,1246.8117840949947,111036.46683364786,22.533232634178336,0.011149011708789519,41.79712232682324,1936984.0,,112,3
1162.7020363338636,1247.1674809223928,97613.0273588579,23.61729495548583,0.04950365451945796,37.806775823590165,1969167.0,,113,3
1383.0607311662404,511.2646224970407,115628.43460558119,26.0225055112528,0.2337124936242016,45.46384434482361,1911171.0,,113,97
1161.9843461531718,1246.7202322651108,96329.76595024901,22.268824808869734,0.018654410573711085,39.57445187949077,1957234.0,,114,3
1381.9796165665978,511.40224416811577,110322.23038124994,26.77218441540457,0.2963748973142994,44.64191218113289,1914395.0,,114,97
1160.8279821426422,1246.3526467155216,91696.6159093689,22.0247645130687,0.017275921032121385,36.85386774692756,1986432.0,,115,3
1383.7573546464187,512.3164323200742,102769.76873534246,24.33096645510675,0.25339068672299,42.3709138168269,1932088.0,,115,97
1161.70865117975,1246.840563439746,102952.44160831161,23.248290195535713,0.04356622495114024,38.7737445246575,1964537.0,,116,3
1383.6784781990643,511.59183014137653,114664.58212001451,25.939776463255274,0.2478381980061451,44.70094113989177,1917219.0,,116,97
1384.195772578035,510.1825568406254,118271.72138387803,24.469674733996516,0.23686993945318863,45.71344019441512,1915463.0,,117,97
1162.3075631812433,1247.3886750506856,100101.38242484299,23.0869374202551,0.04349892420111148,38.42943049310721,1967218.0,,117,3
1383.1813091070906,510.96718530740645,107248.068573774,24.12159124379944,0.24668202461862176,42.76285879912917,1933259.0,,118,97
1160.6196208559772,1248.2131793803512,92772.72274082457,23.820380909257448,0.07070016876679883,37.09264547769768,1972932.0,,118,3
1159.8000818063902,1246.7670770839302,101521.3527594556,24.480750068914986,0.04220161040301739,35.97394258029561,1987250.0,,119,3
1383.377094959992,510.43160174470125,102738.47115008895,26.81854980987733,0.2841849585577234,41.08135418120178,1936539.0,,119,97
1383.5416252390821,510.08890459476834,124503.13344652372,25.18577707268355,0.19988369158443745,48.471493872854495,1890277.0,,120,97
1159.9173062747627,1246.237759144937,107909.97394914663,23.13820836127384,0.021831183334598717,39.77148215208574,1963142.0,,120,3
1383.819428171283,510.55762911227873,99284.75564458132,23.310220888150837,0.22477306445843348,39.98800183404041,1950027.0,,121,97
1161.1632577021899,1247.1312328419767,87810.24395921461,21.97105445080664,0.026191270564837853,34.98950160478536,1997260.0,,121,3
1159.9979813349564,1247.9265773990667,88307.30705461078,21.80174391501398,0.04391579667435945,35.83173343664466,1985256.0,,122,3
1384.5045789763806,511.0165661644339,107255.12769590848,25.976133484877497,0.2495670625383916,44.5657184618268,1912860.0,,122,97
2043.9685942957842,695.8340973220186,25855.53228398657,21.280032733671483,0.02409686742011419,69.15927047734337,1629735.0,,123,256
1161.0523873370225,1247.694530776228,114490.86696622604,24.53640722336332,0.07161515123434259,42.85162641341275,1940803.0,,123,3
1383.7237951255267,510.93563313175736,130240.73816293303,26.358760664112797,0.2581053929388309,51.530436826255844,1866230.0,,123,97
1383.8898320473077,511.18359064785506,122267.44437796336,24.82012702367406,0.2404649490463188,47.88056816371163,1899656.0,,124,97
1161.2545999837887,1247.0760576744274,112200.48804924107,24.807475912694628,0.04618617001347476,40.92584876563061,1948283.0,,124,3
2043.8129822412736,687.8483947161228,30576.691322870818,26.670501831059852,0.17750935827547834,68.20974794271768,1641478.0,,124,256
2044.392267473858,686.7023252614199,20848.451947838843,21.29615806610302,0.08087336108881381,60.95619205993057,1691983.0,,125,256
1384.5460453313647,512.2941388411192,108143.93411881063,25.2626528337372,0.23650020640750127,44.70120751061575,1914227.0,,125,97
1161.0920675458594,1247.5975264286883,99403.05522130702,23.584498733237496,0.04523610955175032,37.768934688113845,1968713.0,,125,3
2043.0156979935355,696.3585533939136,20786.3385060884,25.55093424706277,0.12519707148092282,64.65226954994867,1666797.0,,126,256
1384.769784172662,512.3888126948395,114430.20695210581,23.530744113492286,0.18726504699790597,45.89043446486553,1911611.0,,126,97
1161.282203221893,1247.369476116135,104912.63225941749,23.23885178218071,0.033806035918435194,38.7913617299692,1973753.0,,126,3
1384.1960184522782,512.6869481752922,119687.34322264337,25.349813065314397,0.22679563549977305,49.656449654724014,1874779.0,,127,97
1162.0375177986832,1246.995703975952,110276.23815348696,23.645786500324466,0.060575606906731354,42.94611862030185,1934306.0,,127,3
1160.520898835748,1246.318404080016,91191.2510809835,23.59543212395393,0.057698195498251836,34.33455903278452,1989840.0,,128,3
1384.0205897328653,512.4012747540506,98082.68757256381,23.276239660374127,0.15276785808081064,41.691964539809774,1938000.0,,128,97
1384.141814243883,513.885731656055,93136.0383816643,24.155495455309165,0.22101125291557505,41.80382126426289,1935029.0,,129,97
1160.8582615147811,1246.936889322188,92110.62824737265,22.68828717853667,0.033893746203528356,34.947109839965805,1991107.0,,129,3
1162.486342857143,1246.725398757764,104385.29639659752,22.721310433733503,0.06402690719523212,41.754118558639014,1945903.0,,130,3
1383.0597855893948,512.9878591283885,110650.48891920375,23.17053622594925,0.20486289619294687,47.97833498974048,1893406.0,,130,97
2033.882915796799,680.4455810716771,20859.16120602096,26.598278478135835,0.2707780066927717,61.69202166011766,1676972.0,,131,256
1382.350037252373,512.9319373259774,107481.29171323722,24.31452257923845,0.23510039276799016,44.7569568906736,1920658.0,,131,97
1162.1131101227404,1245.9467401263673,101391.68435164184,24.043662829116748,0.03556087740055198,37.499071989483284,1971201.0,,131,3
1159.292314839197,1246.6404077090092,84528.25833886824,22.807718424136883,0.040666998892098884,32.7578446494116,2012827.0,,132,3
1381.4481274489542,512.7035921190285,98553.44553104036,25.292804089815917,0.25301084944548896,39.477402526213986,1965582.0,,132,97
1382.3550828251969,515.802208671917,91951.84898040043,23.30117321121179,0.23105151431972346,40.98671320698481,1944888.0,0.09091192379344337,133,97
1161.1461705642469,1246.65193912486,86559.56330691071,21.557860881363254,0.01961080165537003,35.69067723080138,1986465.0,0.07296463058458717,133,3
1161.7221727029632,1246.674600864667,58406.24934576819,22.596328290934824,0.05359744233097493,24.082276484287664,2073123.0,,134,3
1380.443415444926,514.0814530900385,68929.67294271475,22.55201041674513,0.21961095906902633,30.98822341728192,2024047.0,,134,97
1160.530623860998,1246.3133285068777,95386.21581649463,23.05698235198762,0.0414053300031628,36.909562502325855,1981534.0,,135,3
1383.465645559958,514.2862763985315,104817.44247757281,26.152155890386855,0.21854355602719433,42.38646532525163,1940090.0,,135,97
1382.8868119583385,514.1220162263273,103048.7003568472,24.71069771759982,0.22330435380786323,43.798577636257235,1930872.0,,136,97
1160.9488223860637,1245.976064623636,97059.24486508903,22.037600214216045,0.05393561795681852,38.77999061543609,1967382.0,,136,3
1160.7399834926327,1245.5625980761783,97508.1931965554,22.38326185701079,0.02548663686891855,36.76255016683191,1981270.0,,137,3
1381.7093188874655,513.9699828473414,114403.56574552548,26.487269788371925,0.2569728386878192,45.208000880833836,1918190.0,,137,97
1382.19501332482,512.713399764976,105600.12198762142,25.89612022608705,0.22852323724705187,42.55977311306424,1947098.0,,138,97
1160.9384167380515,1246.7641569479472,99925.08707279793,22.564510669706436,0.03140310560944999,37.777776134068255,1979117.0,,138,3
1161.4300705705416,1246.6887328153018,110621.60986915299,22.77888846442089,0.04567485560755973,40.79282511130384,1950740.0,,139,3
1381.5935571481057,511.44024991977824,114661.96589357586,25.32647112519984,0.20495275574047556,48.524798498413716,1897293.0,,139,97
1161.9738964026922,1246.0183054880627,96560.34798884844,22.66380274859188,0.014088371797346122,36.91118344960197,1979367.0,,140,3
1383.422901269189,511.9017910699862,106532.82697734465,25.630340689449344,0.23172211453859284,43.83203034640234,1934921.0,,140,97
1160.9491865331265,1246.4445408379179,93065.64879684968,22.838316608414537,0.05164874970565095,35.883684588055075,1983452.0,,141,3
1381.5960466728282,511.896615064695,94697.91883969658,25.51744854451188,0.23441365647007623,40.697349593769786,1961147.0,,141,97
1380.2322034595059,511.4485847268342,103261.76664460506,26.893430321980937,0.25863986725234955,40.79852198964221,1956256.0,,142,97
1161.9183782354553,1246.8240837795215,99894.59151762175,23.257491047550836,0.009868456377991998,37.96856670712368,1974727.0,,142,3
2015.0147097362274,667.9993733264969,20697.585447519934,22.297755090399587,0.2508707990987876,60.136549753518864,1682764.0,,142,256
1161.0365670599292,1245.6537469997334,103134.70075370623,22.495025081912246,0.009437410815844021,40.602665930494055,1947997.0,,143,3
1383.0163556902478,512.535157671251,122394.2478969818,26.623158655621623,0.19703008095340552,45.8417195989449,1932271.0,,143,97
1380.351816966456,512.4557070603194,97149.702132772,26.193472474297298,0.24700317614911665,38.14636223006267,1980598.0,,144,97
1162.9164442193237,1246.9466430289983,89655.30432464433,22.84603254371482,0.04220780546469681,33.83219031118654,2008413.0,,144,3
1162.1885986031323,1245.1082357989083,99036.60247647799,23.05126759552977,0.048116082921768145,37.772297194909484,1969016.0,,145,3
1380.5758691625406,512.8628553236206,106038.16991526939,26.83987847263372,0.2514701205282889,42.965988059209536,1940348.0,,145,97
1164.0696858513936,1246.2548998269126,96926.74225058511,22.53923712741294,0.048785187893493565,36.919019699936804,1984694.0,,146,3
1381.4376204371524,512.29713195465,118602.47636094393,27.043025847994084,0.2270973929781951,42.19316537135635,1952924.0,,146,97
1377.4431420656229,510.2043378848797,119448.32177473641,27.97408950778485,0.23689046144391895,43.47350790570033,1935891.0,,147,97
1163.7168521606363,1245.5492094742551,101834.39073044919,25.003591461095183,0.07097600471562662,37.59179801257617,1978998.0,,147,3
1161.892188079375,1244.8099063430739,113598.55518944003,23.911193041877027,0.06309924885974237,42.39411171740881,1935377.0,,148,3
1376.9480435180742,512.5540023321533,117225.42579828962,27.861566999112952,0.2287249908051238,47.28573999249444,1907861.0,,148,97
1163.3254738080352,1245.1366153709282,97446.15998139179,23.47602815881904,0.04264656415801908,38.04919665056185,1960793.0,,149,3
1378.2338708320717,512.9490301470341,114517.4859393771,26.54949778704908,0.21024650648318544,41.902279855682046,1965603.0,,149,97
1375.2800735384453,513.1034013724836,124859.34879859154,27.402839463913466,0.2378172017645487,44.649757477075006,1939850.0,,150,97
1165.9411724353454,1244.6998025869493,107814.37236294127,23.907215633276085,0.06334261571877055,39.99303430461933,1954649.0,,150,3
1163.7744396173161,1245.836395099437,96189.44169481324,22.529120634986263,0.04217147531727184,38.85571032025679,1961772.0,,151,3
1375.9450518389056,511.9877334369033,116179.82726757812,27.49164029307882,0.22244430719392583,41.61321234298469,1963669.0,,151,97
2013.3328243109108,674.8618894912321,21448.62994654592,25.45441609765416,0.19757032767366445,69.60118903017496,1614190.0,,152,256
1375.0566112799856,510.04017554656275,131725.57268347315,27.63717703203197,0.20003525460957164,45.85490100811527,1935395.0,,152,97
1164.5953087994171,1245.948021042084,119855.97696835463,23.743272963558418,0.01825021554579337,42.852496775441054,1935182.0,,152,3
1374.57714546471,510.28231654679104,127023.97334041494,27.271202349289823,0.19587699531441674,42.65757600538609,1960100.0,,153,97
1165.0223139992447,1246.6481390787374,102984.17091912078,23.09628088268632,0.0445695344445212,37.88996456949,1975715.0,,153,3
1164.4579310410625,1245.5041191230346,98831.39291022618,23.000841780654117,0.030294479560564334,37.95187342234586,1971029.0,0.09696915916030265,154,3
1375.275486852495,511.34251255898437,111350.08944339713,27.029020980643335,0.23906388897657738,40.780584484880954,1965723.0,0.09922286716903654,154,97
1988.830770925772,677.8972766699052,26265.062480448087,28.614518643106877,0.32680866547522625,67.08257061241636,1635937.0,,155,256
1377.4604529101666,511.35416338707387,137032.06614457435,27.899845724362677,0.21781963502079862,45.77398935906058,1944521.0,,155,97
1164.7132255739173,1244.9682868241403,116415.61917859608,24.341027276036506,0.04283871164859679,40.77568017617465,1954889.0,,155,3
2011.9594781600767,678.959348054928,21079.565774841583,22.84192309643331,0.0720361294162405,63.57752815102373,1661505.0,,156,256
1376.1516762136514,512.5899788678715,120696.8260601025,26.815419369610478,0.2493923154606667,42.883666046965025,1962688.0,,156,97
1164.9144459307772,1243.831584378997,101951.178877503,23.519184050682412,0.02928813917890153,36.899898691574556,1977771.0,,156,3
2005.4025246928452,676.5656661045531,24457.851312710543,20.48450972127081,0.16656613776992132,59.86310993426623,1697361.0,,157,256
1375.3774480038003,510.68185967738606,114109.92888532944,26.937248719364252,0.20793688354572287,41.95131326102121,1954862.0,,157,97
1166.624599119266,1244.3271530648035,102810.64904446912,24.556533665064332,0.05457350028730804,36.53063795201285,1986821.0,,157,3
1374.8179771762725,511.3007789855839,128905.2579276785,27.441239980229412,0.24452652428406133,47.18048182329251,1918741.0,,158,97
1166.2203586836033,1243.9821172071718,111449.84325080083,21.995669300893173,0.033940127382673775,43.90784724595431,1924491.0,,158,3
1166.577959054994,1243.638174617249,103211.18215066052,22.832120747271244,0.013379896981147315,39.910926872509165,1956221.0,,159,3
1378.948640253168,511.5140658828381,113424.82049386864,27.42518166486103,0.2500774884416943,44.232492202653475,1923620.0,,159,97
2008.906820978339,680.5379239895062,21818.057109315097,23.57051269680389,0.1850425647209664,64.58343466760326,1652579.0,,160,256
1381.546378281623,512.6746539379475,127343.33706223889,27.591733705843723,0.2040828144757521,42.80235474049,1959573.0,,160,97
1166.2846816338376,1244.5255721813041,105602.02026941118,24.287566521032538,0.04617099006349484,39.00332917180746,1956765.0,,160,3
1377.299779963523,513.0947047523425,137123.64100361662,27.240948107564463,0.20683177577851608,46.90986465754918,1935179.0,,161,97
1166.9085736790655,1244.3888478642577,118405.21713943624,23.18991188493457,0.011345828763265967,42.74626720273712,1932963.0,,161,3
1997.4818290789224,685.006797068679,20377.756236504825,27.370234380148194,0.11663518034607932,70.78115673180497,1592662.0,,161,256
1377.4836706856274,513.7754414100034,113145.48224281863,27.869284468762267,0.20705244203542156,41.814970804258934,1956181.0,,162,97
1168.336252405629,1244.6755224517299,104556.18039149288,23.33637340950717,0.035228339557268736,38.773882018494646,1965506.0,,162,3
208.81247150967636,315.6405764369483,24461.504496425994,34.61270530379308,0.3874526044995206,32.43828038148572,1661117.0,,162,360
1168.8900295489173,1244.8318897456022,122352.0543085117,24.44073229611991,0.034819667123721545,44.34478167606154,1921649.0,,163,3
2004.3749638100753,680.90285417873,23414.04472496049,22.859900126143664,0.04044293289864498,72.02496386876237,1592984.0,,163,256
1377.7807774978169,513.6200317514933,129698.88307396416,27.51818765270711,0.23106485674497565,46.60438838566977,1926667.0,,163,97
213.92258826506938,307.8892394651369,33480.31016542646,34.87944588952615,0.08914652372469214,37.283510708535815,1595980.0,,163,360
205.59260090985484,294.02202196401146,31333.770385437365,29.565720603044962,0.2531377958065195,34.728542124046804,1711801.0,,164,360
480.9150371273887,2507.507722924825,53035.9314378703,24.7690803628507,0.04590966835506827,35.86346180130323,1881666.0,,164,366
1167.7661170000858,1244.8870045905362,87173.40739400196,21.672331559855753,0.016626900179366043,34.95552605949809,1994937.0,,164,3
1377.2605328235074,514.6829720911868,109226.93957851347,27.62818348954155,0.2395548075606506,38.81425296216995,1982609.0,,164,97
1376.087583293504,513.9935980007416,114927.23532410123,27.367111484672296,0.26415040466497886,41.62843278495136,1960630.0,,165,97
1169.4166584346276,1245.5935525063546,102234.75080017831,23.371836830029054,0.022844242262684354,38.918889822617245,1960795.0,,165,3
206.81482767239703,292.55691948787734,35477.27761627795,28.141999156650126,0.17972027408109223,37.687279385192646,1715738.0,,165,360
476.39996769857066,2501.801616971551,51854.98689106275,24.918841460392837,0.10511498588490356,39.165211910102165,1833219.0,,165,366
2008.2163754494418,683.8960575285435,22005.33808445525,24.331203081354403,0.2116700884513306,70.79242050761482,1610764.0,,166,256
1168.7140478563351,1245.2348640205455,115881.91764159431,23.450030702632056,0.03442683443427667,42.75306963989287,1931343.0,,166,3
1381.14156907407,513.1271676300578,129194.77933972042,27.85761202809954,0.1872803619340806,45.80686032845665,1945284.0,,166,97
475.8806075040019,2497.935419868462,78216.74090618402,28.286474039128034,0.06392339952749321,38.3111922747092,1845101.0,,166,366
211.1435000369631,273.9429751607895,27600.8149551641,30.753375853942263,0.22317972196713784,35.45236636696801,1678401.0,,167,360
481.721226353996,2486.085286117353,90577.99048465336,26.88165102744622,0.06891341676704434,38.76805530776358,1883487.0,,167,366
1171.0891207500702,1245.1190241861482,107289.06274626304,24.540851330308765,0.06674358567943604,40.043320284992646,1948231.0,,167,3
1380.8563875681148,513.6037269043575,122677.68522648615,27.31445646474314,0.2344136671892236,45.90953918024634,1929791.0,,167,97
1377.9880797918777,514.7637772706487,117432.90563880255,27.245694145741716,0.23601844005464334,43.16639968868921,1938470.0,,168,97
1171.9118742373194,1243.9918469145166,105700.63792341422,23.521280330284934,0.029775228928559147,37.770599727603056,1969706.0,,168,3
216.08396420646176,263.7819862689963,32073.405797261952,27.288495821753017,0.27380340238735357,34.944228319415075,1672039.0,,168,360
477.79859684374503,2481.440317883187,91046.15911481481,24.737852083747732,0.029984233380436077,39.82614256992159,1877034.0,,168,366
1995.0751071927543,681.4984944837886,22687.181243240084,19.494296424880858,0.1069868816213168,69.67807507137618,1606748.0,,169,256
1379.1240621673228,513.8601847783842,129364.0409301638,27.826079316167903,0.21297984885669569,45.905555341141955,1939675.0,,169,97
1170.6092209725248,1245.1123991506454,118775.97924020005,24.61501261071338,0.08331008434743423,40.98710298316246,1954107.0,,169,3
466.48105796608155,2475.0915333538637,101151.25171008697,26.71994139120217,0.17468377372985758,43.99282386859437,1876233.0,,169,366
228.73821246182948,263.0660268143831,62548.23188377846,26.382974255834696,0.08522659840247665,49.457770933016036,1702821.0,,169,360
1170.3623542028445,1245.7566202116304,112862.270881736,23.042996720341925,0.03586259843126501,41.9182574273342,1942136.0,,170,3
2001.1009037660272,679.8772669632253,27583.323804601194,23.0661852501606,0.32981193854648205,70.51150587114493,1606971.0,,170,256
1379.360160279264,514.7806680635692,126921.26577676853,27.693451014675563,0.23197376559459096,44.41669661174485,1934462.0,,170,97
473.3724186357145,2467.3631952822047,105162.3589197362,26.33697306174419,0.0900479224835573,40.53023565821717,1906322.0,,170,366
228.3060878482876,252.98459636267398,67131.9504676988,25.425905474050627,0.14830235069766254,38.03179647380652,1720222.0,,170,360
1997.6448519496087,676.4349995965929,22991.77549580758,21.489524075739475,0.3767306229243195,67.57532475917674,1619329.0,,171,256
1377.9080624547012,515.1853246542424,115904.40202311924,28.055081378259136,0.21782571640979728,42.665205044029236,1941023.0,,171,97
1171.4430545684675,1246.7442446829082,105522.71212992117,22.734283268183294,0.04771824236627481,40.81019612907144,1947119.0,,171,3
230.35814510307918,248.44205794498924,45157.01201936468,23.03677453024579,0.05772464951352192,36.57017575202506,1683484.0,,171,360
472.5066920111832,2460.7936077364643,105117.26018136612,23.858307377275224,0.058631298549393265,42.665205044029236,1889771.0,,171,366
1171.9489765430349,1247.151411874329,108840.48128370104,22.631745685109763,0.022214029785939043,41.88970657302084,1947133.0,,172,3
1999.845809169552,677.5881205312637,25708.98063866707,17.731098534564175,0.33382314106205,70.2754945797389,1623340.0,,172,256
1377.9360504296064,515.1551730592838,117778.42183354453,28.616977619247294,0.245356745244677,42.992067272310855,1941082.0,,172,97
224.36486264638285,239.57455264309948,40289.07883765172,29.103801356870203,0.1732905676549546,36.377903076570725,1681780.0,,172,360
476.0776099878491,2448.4851807861983,100701.7522408428,24.159615485223796,0.0862854007755481,41.88970657302084,1890983.0,,172,366
222.98016490139963,231.4986702984237,55904.0975639056,25.864012422882823,0.09302347801612894,42.183618446874135,1718729.0,,173,360
477.3113522169849,2442.0535180755987,99261.91246327962,24.217058568872883,0.06338380073860371,40.897532518615776,1931243.0,,173,366
1172.5847775281006,1246.4201926013975,108628.7334959709,23.170578314004842,0.06754573817531039,40.897532518615776,1953309.0,,173,3
1377.776612912031,515.3917348153162,117791.32408325473,27.768536672057486,0.22865487778903357,40.897532518615776,1971478.0,,173,97
1378.4357003229645,515.9001104878463,135325.33165619065,27.747451579962977,0.21950651073189453,45.718017451415754,1944135.0,,174,97
1170.5156520627536,1248.1844985800474,114713.98168782689,24.007970087071758,0.027742321497320047,43.41773984379736,1928192.0,,174,3
472.1083559680775,2436.4600009593532,95909.49978024741,24.786973361251082,0.031411455409923454,44.280343946654256,1857574.0,,174,366
230.46750702905342,231.60139643861294,61359.90518322089,22.063709405430284,0.125264248679744,50.606107367604864,1680909.0,,174,360
221.72869957691134,219.3197427560666,65746.33632986915,24.757647970550284,0.16108597402005342,49.044281496423125,1757241.0,,175,360
479.29395423054626,2431.8121122023176,86308.52289483164,24.27004613257101,0.010924041381801343,37.65015549220361,1915083.0,,175,366
1170.8022057664298,1247.093908611525,105266.11928033034,23.74931071120928,0.03583392522122144,38.88864744918399,1970541.0,,175,3
1377.4687409382905,515.9833296292769,117026.34350703326,27.691604065278753,0.2255896537709853,39.8794410147683,1991319.0,,175,97
1378.9794952681389,516.6196266944017,116183.67298564498,27.669310148444318,0.22181520556657938,41.69425856463162,1971194.0,,176,97
1170.3315844822473,1248.3884256170782,107783.90271529488,23.17726078709929,0.03615140311135901,38.94793015618283,1966695.0,,176,3
475.0386442094496,2423.9271803635525,80060.21676444226,25.77838857227785,0.12692254225642216,38.198931499333156,1882652.0,,176,366
223.4883569929807,212.69016683639643,73057.8283215547,22.656934028709685,0.11618250935098469,49.683577571028096,1728265.0,,176,360
1998.4977107546506,682.6656314368349,26330.715056922003,23.796884474456224,0.16399948092970568,71.65852719362118,1600262.0,,177,256
1378.3998982410533,516.7183295877527,136421.25596055895,28.430537697813097,0.2346183609370433,44.6811993089638,1947642.0,,177,97
1170.0307136207282,1247.281558278079,128586.87133455517,25.004493566636786,0.03083947522160562,43.838157812568255,1937739.0,,177,3
475.55792026018526,2408.835781281761,96772.73337124442,25.16076514266016,0.07299626116978003,45.24322697322749,1853061.0,,177,366
223.71768939225348,214.75873992995045,82078.23907523796,24.755341244145246,0.14597245486932311,54.23566960144662,1689917.0,,177,360
1379.3274046258296,517.4067824921292,123930.4643864035,27.431147478464922,0.2074274682677192,42.71178255552618,1953986.0,,178,97
1168.9914838040638,1249.032418775742,107137.9209197109,22.380715553267002,0.030422945979394943,41.925676128123854,1951382.0,,178,3
487.80477804564157,2407.452612880422,72281.17582226453,25.17072932490063,0.013880952471371206,39.04328589431534,1861322.0,,178,366
223.75845589084108,209.00204326645581,68097.25538015357,21.692777896622506,0.050032285915101074,51.883024208553266,1721361.0,,178,360
1997.4411502887663,678.5432932389596,24556.35288624808,20.683710340842943,0.4633141933373299,67.97809268740784,1632762.0,,179,256
1377.0661748614746,517.0783948563976,121815.6757728123,28.563973867820387,0.19618670066576666,43.452663168813636,1943398.0,,179,97
1169.8460681042843,1249.2264826940616,110492.92475789088,22.94293470450917,0.022573432482156548,40.786855612444704,1954837.0,,179,3
486.72043935179346,2404.1045767471505,80310.6516046818,28.464866428666532,0.08867002170292816,40.52027485680781,1842638.0,,179,366
220.79083805299462,204.23460229598538,87266.27668075963,22.516750039292326,0.07245685807353103,52.249828104831124,1732474.0,,179,360
486.13799923047327,2395.6876298576376,76646.74230847007,25.842152557168983,0.024608670985603976,41.2872024747434,1805233.0,,180,366
1998.4958974580047,680.7786782773635,20522.98362442763,22.553923287905803,0.19371412986130043,75.20169022185405,1562703.0,,180,256
1377.8482760375366,517.1430458437048,139092.45641716305,28.075144046844,0.23555019965267127,46.890465667744294,1936650.0,,180,97
1166.8342953880156,1250.9472942946827,125426.09748943387,23.342651081624453,0.028930449389523497,45.710831311323055,1906983.0,,180,3
218.99015418348773,197.68697814295362,97376.16194527142,21.077626018726676,0.08733313293703296,62.815529479431035,1679858.0,,180,360
1378.0112563959115,517.158202080177,126962.78914681153,28.208666114840543,0.20168447443057372,44.069359969777324,1942309.0,,181,97
2000.375114135397,685.8757880777425,23848.263763409614,22.100331420541597,0.03757964231134186,66.10403995466598,1637063.0,,181,256
1168.287806316846,1250.1898927822253,117771.21681476214,24.698345930716684,0.03515544550762702,39.92165550203357,1960032.0,,181,3
493.36615192204135,2386.4237349962655,74618.49953235619,26.052299293138027,0.07004842797742171,39.14396091433162,1856247.0,,181,366
222.45365212975543,193.53941662700765,97502.94047007385,19.67024977103851,0.032757978263544166,59.10478866534841,1744414.0,,181,360
1998.5149876096073,686.8503860083873,24355.956673161476,27.366680700130402,0.1326374541911673,73.99410207367728,1578741.0,,182,256
1378.7136043938838,516.9177980313225,140850.52994026314,28.2454291780261,0.21066465342852245,45.26698009213199,1945978.0,,182,97
1167.634203028415,1249.7375070296657,124351.00586963035,24.991200693469942,0.05538847388020473,44.10628829489783,1927841.0,,182,3
499.49661011232166,2388.4843752395614,94630.33170965262,25.096849723582334,0.03783215935520913,44.39646124420637,1822042.0,,182,366
226.9605925894639,183.6104690453312,109920.99527346603,19.992265050730317,0.07405151832861556,64.41839474649552,1702864.0,,182,360
1989.831058800876,680.2415216501793,21207.48175555992,24.413069083785462,0.17893655910399817,65.08180912782848,1644068.0,,183,256
1168.836235382237,1250.0469640952801,111764.35275826762,23.329509612056853,0.027540134022894198,41.85653606652498,1941623.0,,183,3
1378.5340660606505,517.5685819660898,128506.45673931582,27.823306228848807,0.21642302898578222,42.877427190098764,1962134.0,,183,97
222.57385123023232,185.42335576821688,99238.01867201734,20.918412153631742,0.02962857959270571,58.701239605492354,1742863.0,,183,360
492.73710186351224,2384.4000254694156,90186.7979704122,25.0636641302183,0.06479603728134858,41.090867723844646,1884955.0,,183,366
221.28926282989914,179.36064287136716,89435.1041459789,20.90369179066202,0.006921427041152838,52.382714717618576,1770841.0,,184,360
494.3923195965607,2385.0953925944514,87668.23517855363,22.529831165459154,0.051547694431504296,40.85851747974249,1880018.0,,184,366
1167.6847277987647,1250.370507231803,108089.37459764363,22.761754759078308,0.03016956620797976,40.5966039061544,1945482.0,,184,3
1380.2190669371196,517.8005455690005,131060.24265561374,27.928751529955697,0.17709214014200897,42.69191249485914,1969128.0,,184,97
1377.0096412833261,517.3429444439538,134597.84421698505,28.50381521688727,0.22311444084486695,46.35689681343039,1925661.0,,185,97
1167.365498665394,1250.3265166781566,134484.92357090104,24.143892078607998,0.038938607798556714,46.95121600334616,1900307.0,,185,3
496.27952989363,2393.4063944247464,97218.73308642235,24.365347490489736,0.045379721857527686,43.38530086385152,1841556.0,,185,366
226.36612953700413,175.89839444553473,112048.77983239066,21.73335874451265,0.06080585926153963,64.78079170081939,1702575.0,,185,360
1376.857189721849,519.2283416713457,118246.26109746096,28.213204748522575,0.2157658659529711,41.77495960190658,1951737.0,,186,97
1166.3392487782305,1250.061802492854,106392.61631041997,23.669165952622635,0.05369853358961919,41.028978180443964,1945034.0,,186,3
2000.500634057971,678.6732223731884,21961.69304785946,25.648717594082836,0.35216962068541285,63.408420824322484,1634812.0,,186,256
498.47761495932036,2394.3697942419203,88511.19297748721,26.450175354937024,0.041913894448135695,40.03433628516047,1882088.0,,186,366
227.24242348863626,168.32949705507602,89967.59737265606,21.10924685824343,0.11076018011337467,52.467359976204094,1754269.0,,186,360
1983.5946449520393,690.5440503300899,23951.34487955587,28.22834238946738,0.44337707613786137,70.2458186033486,1618096.0,,187,256
1376.5287746036743,518.8377010046955,126016.04004603537,29.024899743806618,0.2300608475941465,44.075807751120685,1937457.0,,187,97
1166.284897828175,1249.9385100710688,115005.62779600699,24.248497938496442,0.04025810226684117,42.14749116200915,1935111.0,,187,3
495.5095642673103,2398.992963373667,101355.62560928335,24.4075210834632,0.056810755113586145,43.524860154231675,1880358.0,,187,366
221.22122704599457,172.024496860789,87533.17682473345,21.877384282355948,0.09870009841198661,58.951392867123914,1733598.0,,187,360
1166.289853768492,1248.8498830337355,116861.61128367427,23.87015007595726,0.007987754228851701,44.54832888988965,1919441.0,,188,3
497.6000744792931,2393.607383349164,117397.02132343785,25.545131653356346,0.07342574406974738,45.65511966976269,1888174.0,,188,366
1377.508910795419,518.3249355318596,137451.5168593473,28.692761926504993,0.20511301083718317,44.54832888988965,1951250.0,,188,97
221.20268093907242,165.80790322073122,96727.70350930892,22.270823168229555,0.14518427012484766,55.33953899365175,1714752.0,,188,360
1377.4374764033366,519.7620642830473,129557.01832909732,28.146772269985714,0.21336240880017832,42.42800410851707,1958468.0,,189,97
1165.486850352245,1249.245648502474,118570.59744357086,23.6551182633198,0.022969651174407826,42.96848823728799,1935767.0,,189,3
228.41845986384286,163.73836309411453,85901.3045220771,21.14550805678124,0.11152505296040104,53.77817081270636,1724817.0,,189,360
498.8361323790997,2390.0114966119945,90851.59865748994,24.40484766164332,0.04193224615143093,42.698246172902536,1888061.0,,189,366
2007.7173704136806,688.2533952368271,24356.72920993547,29.27316165548127,0.30668605754847167,71.91031652445318,1595304.0,,190,256
1164.3252440659066,1247.854647038588,118864.93320250837,24.41260224914071,0.002024223538829475,43.14618991467191,1929997.0,,190,3
1375.9399589178197,520.0939259016079,123695.05046302146,27.731655900719776,0.2202823766244432,45.120198603578466,1935213.0,,190,97
230.79242169809663,158.23972113814955,96393.1002892374,21.56617472664933,0.05343465696345037,54.70824080683889,1729437.0,,190,360
502.50837872063147,2389.8331171545547,91748.53984548154,23.351110368875073,0.02653694061309042,43.42819115594427,1850527.0,,190,366
1167.829928085318,1246.9443137429525,115305.61225800084,23.605383833821215,0.04234578450054733,41.931491807678626,1940122.0,,191,3
1990.650214269089,685.6393844384506,20834.24646354448,20.959249007956668,0.1611271554465687,72.73830211536088,1571243.0,,191,256
1377.4480113917382,520.8044195895569,123997.69673666466,27.95443285821397,0.2047276956408421,44.78397424357513,1941877.0,,191,97
507.26690964304163,2389.585332370561,99944.42384421098,25.383285821182575,0.02928534893831216,41.36099532049932,1867419.0,,191,366
243.5994183197011,156.4754106539648,97194.63077600674,20.988838518482964,0.04789580269119542,59.331634666647304,1720517.0,,191,360
1378.3065431515745,521.0199671956958,119961.28945571209,28.184793290333158,0.21875655871284297,38.694905817754695,1993239.0,,192,97
1166.4083576612716,1248.259569057322,102831.58575674253,22.2503876862192,0.015827874314736274,38.94781369891649,1966633.0,,192,3
244.7920571539456,154.51185742123977,92536.21173040815,20.337527176540924,0.06022725430813842,53.36356292513883,1771628.0,,192,360
497.49911386407905,2387.1890774242984,86477.80343717734,24.474415559277137,0.011927146598468193,37.17745853078392,1894572.0,,192,366
1989.1330627022876,680.5268418454111,22064.40176036543,25.734519405963265,0.14253074914671074,61.48837618226802,1690076.0,,193,256
1165.7585385321277,1248.3224472823904,101299.92103829586,23.058988950902798,0.058418214382875255,38.73283539040506,1963665.0,,193,3
1375.2599563863055,519.5838910840798,118670.87147022896,28.07988145415307,0.1828760842312295,40.18531671754524,1980348.0,,193,97
497.11906628897407,2390.680603883438,98791.00162588237,23.9511322637622,0.051672087030722395,39.70115627516518,1917837.0,,193,366
247.5491754864418,151.3650835817943,85658.87586698672,22.241205907780834,0.10368915055576469,51.80516733466676,1763152.0,,193,360
1988.8857469449963,689.3635522412433,20162.647375840435,27.51405981433857,0.12221346019778774,69.9653686530674,1615440.0,,194,256
1371.8928521841467,519.2996669950435,124496.37698126813,28.408600845065003,0.23645252546869377,44.17421314958373,1937999.0,,194,97
1165.329381274624,1247.8909435987382,104809.49411226856,23.110625177314787,0.03732050114794805,40.881725212968796,1949147.0,,194,3
252.0202123387973,141.2102337143937,92931.56950693546,21.815487583099205,0.02705536591693614,55.97229492245392,1745926.0,,194,360
496.92909442178205,2388.9193636727787,100690.04295557382,23.634553069045033,0.07737046532247295,44.72296113901955,1897575.0,,194,366
1376.6271155656782,520.7834174305702,140758.8968202353,28.57094818124755,0.19921730303498267,45.54743023019708,1951647.0,,195,97
1167.2755976902856,1248.729859142058,122187.29946185817,23.281083940763796,0.04031717786629456,43.78430389870557,1928572.0,,195,3
1992.0044061903957,683.1545063859581,24342.309841348808,25.168436662070434,0.3876038835615664,74.93286908838874,1579130.0,,195,256
255.10923467220323,136.3038484781399,98224.35563616862,22.914177709907513,0.01318528927348385,58.770877716383325,1692243.0,,195,360
495.92537556965215,2384.16076499416,102653.91668965243,25.122717221742946,0.04994137382531703,43.49044951012366,1870028.0,,195,366
1373.5058069911577,519.5761629854393,128001.48500079662,28.65719306028809,0.20931235635939183,42.59458273976379,1957855.0,,196,97
1166.3712868437453,1249.6493158707476,111967.42687445579,22.90901017238969,0.041872313999303995,41.7539001856895,1938473.0,,196,3
253.15137579048888,132.297832264245,86586.37988439904,21.571665740750724,0.057850862000647194,52.402545870630455,1744403.0,,196,360
493.06784188461836,2382.0475584340033,105012.1798770812,24.396737891992043,0.014098372416589173,42.87481025778855,1901911.0,,196,366
1984.4628810226154,692.1999877089479,20773.427606896606,29.156787833958898,0.35428260331001776,65.10845673252993,1652652.0,,197,256
1371.8137997313218,517.9657621163584,123540.10505895923,28.5499551312662,0.2082355101952171,41.363019571254306,1959878.0,,197,97
1166.8031515060657,1249.4912428233783,109001.00367966335,23.872830814598945,0.025312390695341306,40.086383164734116,1952114.0,,197,3
492.11485895089044,2376.9799270205726,105308.46053744433,23.61552232770254,0.06697237921411002,44.682274228206815,1896185.0,,197,366
254.64933844534656,133.29208282320596,95098.17788537712,21.53352201562896,0.05625752717123318,55.40602004297645,1748728.0,,197,360
1372.917095202829,521.2175176542991,125013.92267222742,28.11400908826026,0.18850344055318943,42.2498523462242,1961392.0,,198,97
1167.431239396954,1250.0564838977878,108533.61144006535,21.999220117535607,0.02096408447602135,42.77145546160969,1922363.0,,198,3
254.3242987800831,134.9792521205846,98234.81872833666,19.713896230618978,0.07404488571921183,61.027564500101626,1743345.0,,198,360
491.76222238217485,2375.3538659223536,97829.53310768215,24.461637488952146,0.0935470511252975,42.77145546160969,1891418.0,,198,366
1370.6890089170845,521.0434164411516,112990.22566648258,28.041350806298965,0.2064639836303139,38.848065698737415,1986279.0,,199,97
489.96664804809416,2369.5403815660247,94678.75129218934,25.06297231789803,0.09222206869051197,37.34426960717338,1950249.0,,199,366
1166.5403810210048,1248.9688446779649,103654.91016273502,22.957600909681503,0.025236678415799067,38.848065698737415,1967840.0,,199,3
255.19967320073084,134.4555766249186,86970.04189415018,19.378205914574238,0.01835435802863071,54.387291978232376,1799104.0,,199,360
1371.334289412787,521.2388462322785,121073.65716086086,29.40353670976949,0.2022742739839997,41.06029406228491,1948322.0,,200,97
249.85076415264967,140.78052936787844,94963.60402420841,20.097472352022645,0.05598701713652806,57.69910603523696,1757207.0,,200,360
491.4505134162343,2368.039378363087,111467.96366170162,23.388711606301392,0.05816782517262987,44.8174451529515,1900655.0,,200,366
1165.921229108221,1249.1432770653992,106088.79677160725,23.015482539745037,0.04850778802131972,40.791926127237296,1940561.0,,200,3
1986.6884303610907,687.9929255711128,20029.640832278656,22.2647071309502,0.12622354234233227,68.43382343714151,1630804.0,,200,256
1167.2253433602966,1249.8691333838894,93600.17909797413,23.09618521501657,0.057849398709746265,37.70861613685447,1968869.0,,201,3
1371.944996838006,521.6755794215215,111071.59144650666,29.06992202169639,0.15128486391085505,35.98338533320753,2007219.0,,201,97
256.6472541458743,132.28063095418116,78232.80894526074,21.18690891816283,0.026030754914238074,50.03169330576116,1780716.0,,201,360
487.4850964135936,2362.917367045182,101727.74141395485,24.928001607935833,0.1186261973560334,39.18738539712327,1946673.0,,201,366
251.4445891716921,130.28201767027315,90095.7247035428,19.78091337822398,0.0314367629582117,55.43092321131857,1772278.0,,202,360
484.0591982201195,2366.813594514467,95842.06374311616,23.288017142245753,0.051397854794842254,41.44834798684182,1924493.0,,202,366
1166.7832999287482,1249.2980013635222,97420.09723273569,21.803971669025486,0.01709892886890094,39.95021492707645,1956339.0,,202,3
1372.2322957489828,519.0856148918353,110030.63226331066,28.303963153451,0.20612590446879012,38.45208186731108,1975331.0,,202,97
1369.8724804939657,517.8660791467864,104650.0354922848,28.25311690151328,0.22739594600657725,37.12535640253943,1985022.0,,203,97
1167.4244278659457,1250.2997279902415,91306.99442472402,22.139367704061236,0.022679459505549178,36.89038579239678,1977312.0,,203,3
250.33773929596708,123.91984218363807,76528.75287041189,19.20243040173127,0.02490671224775811,52.633416671954635,1806791.0,,203,360
488.46198721357166,2361.709871052121,93242.6823110792,23.621305070151077,0.03388313607686135,39.47506250396597,1954018.0,,203,366
259.31067556063357,115.61850314761297,86738.3741196651,21.081244587456982,0.047422725318592866,56.59554061059762,1759196.0,,204,360
495.09353185679754,2355.8975892911412,103902.12558157946,23.21088843608609,0.01200418680242293,42.75027960285485,1927013.0,,204,366
1168.5381400208987,1248.8422405570273,96003.7685256361,22.19579123014729,0.00917398911768551,38.863890548049866,1958108.0,,204,3
1373.2786302437194,518.6087456682651,119087.94791391402,27.586045229947747,0.21738213135814494,40.56418575952704,1976656.0,,204,97
1374.8983310017243,518.6560865840302,103558.33348960064,27.752914707488753,0.1973261101761852,34.814808842520094,2019785.0,,205,97
1166.9693010909775,1249.2640779679987,90711.21980337083,23.109847737976406,0.028262935629309007,34.365585502616604,1996237.0,,205,3
492.9922263710838,2352.042656201503,95523.74944375687,23.639681394869438,0.07573356174607458,36.836313872085775,1968475.0,,205,366
261.69224542880346,103.82488146717299,81861.07078393227,21.101592408779773,0.083127146173835,50.76223740909381,1804705.0,,205,360
1166.491239354098,1249.2622951217559,105110.17966854254,23.836434374343998,0.04058372202250153,39.79774431460327,1958254.0,,206,3
1373.2455542048604,519.0692512402668,116473.4561253442,27.806577254842402,0.22101730364889033,39.79774431460327,1981955.0,,206,97
260.695289960482,102.40340812665164,84181.41332022774,19.46799378519807,0.02262553111399193,51.02274912128624,1787409.0,,206,360
496.91517130963814,2347.9695651617035,99590.02844111058,25.22828896697294,0.09929755287623032,40.30797180581613,1928024.0,,206,366
266.907078895376,95.79741252189073,83452.35646306387,18.911263080764712,0.08657802803807453,53.57984849371847,1813527.0,,207,360
498.6136932840274,2343.812822590129,100010.05427745807,24.215986588513573,0.0835745582788211,37.89794161750819,1959012.0,,207,366
1166.1311969337912,1249.6780296340426,82626.4427009168,21.912380987728106,0.022179730174075967,33.977464898455615,2000125.0,,207,3
1378.945801466002,521.2534609282446,104058.59990266635,28.35813328264826,0.20071594656815683,33.54185637411644,2036783.0,,207,97
1165.8917197139858,1249.6800363893167,89411.15141146211,21.72912025039892,0.01326741778578676,36.83332868362293,1974450.0,0.07565436374755465,208,3
1377.0217162751767,519.0697342935589,108440.38908864289,28.32332547108146,0.21467527585430024,36.83332868362293,1998723.0,0.07023399392285669,208,97
269.27744284054154,86.9529423295017,78296.03674316668,18.237751210453517,0.04679485184142955,54.81150101729603,1777243.0,0.20283682692163402,208,360
496.86305963171617,2338.0437366600822,102001.79168714315,22.990993000465398,0.0692756401634537,39.90277274059151,1949253.0,0.0822431706226061,208,366
1985.9301679016523,687.5063280428398,23521.01669609409,23.62241431993372,0.3566291423637576,72.50183443741454,1585941.0,,209,256
1377.461575410349,517.362674311448,130814.91771496738,29.366469440553743,0.17548679426926342,44.35406342053596,1938623.0,,209,97
1166.4270501189549,1249.665850600697,115205.69924197107,23.299791471784758,0.007563978116729253,42.932458823723906,1934193.0,,209,3
493.96990628604027,2338.3196233736535,115622.79803067572,26.03839167391373,0.09036777568324103,45.775668017348,1884155.0,,209,366
272.79844370708565,86.97349854033631,111222.3631617037,19.88565081284229,0.10099220224696015,67.09973696952875,1683048.0,,209,360
272.75155705658636,86.27034820103034,79347.80042041071,18.76209690666925,0.05256472804316725,51.625419481070914,1788372.0,0.46651595707694066,210,360
496.5473305446081,2335.0239836133583,81453.64821324313,22.116923786467115,0.032905185445654066,40.12703059665058,1940385.0,0.06277540197374008,210,366
1166.5308170524047,1249.9464417060465,93157.60013159718,21.949596682003172,0.035516124303772365,36.607115632032105,1978274.0,0.051636864953496786,210,3
1384.281259218156,519.6651429420125,113758.25445352324,28.291169764926487,0.23557634782125628,36.84177662967333,2010070.0,0.044944567967237045,210,97
1380.4429306912941,517.75160186866,127625.86483602838,29.187220310771178,0.19474164928819568,41.6030266379085,1973460.0,,211,97
1166.3157320617768,1249.7637992971765,112986.79983781434,24.471758805461096,0.058280731503749746,40.30293205547385,1947259.0,,211,3
499.9389432783713,2325.214890741987,98907.03552896366,24.948488721112657,0.027066261789868668,40.822969888447716,1929122.0,,211,366
272.83511007279714,84.5151507902969,97832.37734712318,19.83575921498764,0.029209479014229826,62.40453995686275,1731647.0,,211,360
277.1255964282927,84.89979735566638,82542.25904439659,19.493721772819885,0.042421382173437786,52.42372078269045,1799989.0,,212,360
495.44112784835187,2312.575892202914,86399.84521012627,24.448621514461045,0.09893680097733933,36.65217766586409,1951454.0,,212,366
1167.9736740224546,1249.178725294579,89508.61627942183,21.714966369674762,0.0117977437608301,35.98577443557565,1977598.0,,212,3
1382.7675500546966,519.6172874692463,105997.65354085874,28.507973454862878,0.20337450469122717,35.097236795191066,2014751.0,,212,97
1167.2672308877006,1249.4303513344782,106379.31700245828,22.786124245132267,0.05258426535311154,41.60499354416102,1945636.0,,213,3
1384.3777339025626,519.8889196704534,124994.57982821717,28.094075634675317,0.2061399542133431,41.60499354416102,1977521.0,,213,97
284.7182103458495,82.71781428211371,93301.91139192527,20.663271010043218,0.06636723497620083,57.36837619132762,1743316.0,,213,360
493.20972003937754,2298.3032158339233,89775.30675281245,22.941350165146606,0.02420845457758483,41.863409653130965,1915341.0,,213,366
282.9634901206505,70.11049537977323,84312.05145836645,20.271827738981653,0.12539969798536885,50.577931793389695,1780382.0,,214,360
498.73149904335236,2297.850378090415,81912.88839778135,23.228507328133464,0.06888533086221678,36.06229217555588,1939369.0,,214,366
1166.5927462613581,1250.7764673888637,90907.36840285067,22.16645965901382,0.029124548624279233,35.83548530652723,1985813.0,,214,3
1382.648270079453,519.9208852235236,111986.11838976662,28.46847016457513,0.23060548136428854,34.92825783041262,2029348.0,,214,97
1380.5919236300633,518.94847294099,112311.76007878044,28.73582367848346,0.19104039603629902,38.409357744903225,1982451.0,,215,97
1165.8362654630646,1248.9316849821623,97609.87889374787,22.839078807972875,0.03289433448153009,38.409357744903225,1964884.0,,215,3
277.9904142580609,75.04840932445745,95794.71878204172,19.632971169630405,0.06087312454691156,59.52178617422089,1743838.0,,215,360
497.89960461907026,2299.533216518255,95665.50054539,23.205355533680244,0.043943451122760734,40.18992399797821,1927104.0,,215,366
1165.7703499316037,1249.4590078451088,116846.76513297128,22.94856477684686,0.014469788760285247,41.80368536634578,1933698.0,,216,3
1380.9793946714628,518.5663146903117,123503.66049418467,28.952812576713296,0.17484368298355388,40.98400526112332,1969446.0,,216,97
498.3152636433591,2292.11857708517,107231.09781860653,24.436796727713766,0.07409886829011365,43.71627227853154,1907710.0,,216,366
285.06426001845426,79.35159197355665,93571.40209177588,20.512982610705137,0.04628163434488462,61.7492345934258,1687194.0,,216,360
279.56222047344164,76.3569410568609,94905.23412430279,20.426090022374204,0.03626931797114295,57.05809165435362,1771394.0,-0.06179965816448143,217,360
503.5621419635214,2288.8102042160117,98630.71001110045,23.459561009049242,0.04362161101164427,39.662332003636045,1946073.0,0.11532312865871662,217,366
1166.9709903609994,1250.7771105800978,97647.73361910392,22.765064365671922,0.022169305131506747,35.95123661148297,1985795.0,0.06981889879071812,217,3
1381.7148617258097,518.3325707648855,105442.42560339744,28.751239016321495,0.20767886787988815,36.87901045952124,2003936.0,0.059158309253116756,217,97
1383.0763186318632,517.6533640864086,99476.41806059098,28.883436672968887,0.21938044496256548,36.26278066115153,2001180.0,0.043690664963590066,218,97
1165.9127322473096,1251.4725589489165,87213.5544003449,22.40081907466937,0.06266362170430073,34.91971471073851,1993137.0,0.04505163403147928,218,3
280.4492749256299,69.57822968997387,81717.9523755799,19.24752723188598,0.06463499887523848,52.37957206610776,1796901.0,0.18772420580812144,218,360
501.6978325710877,2277.5009054152583,84428.48330783844,22.047080987640104,0.08716769038226184,37.829690936633384,1953885.0,0.05312823682063823,218,366
1980.4209007412376,685.7982492904956,23085.809764478887,22.645306373049202,0.29709940161199805,70.49397657668175,1604886.0,,219,256
1381.4508296245085,515.3849695372251,127956.24313052124,28.80303334990929,0.1854797918054933,42.84927987994381,1959375.0,,219,97
1165.9738282469903,1250.7807241023859,117732.95784510058,23.246108421265923,0.0391877781394897,41.74349201207429,1943597.0,,219,3
505.87879373025805,2268.744618868824,115962.59146864148,25.273656376890365,0.1104597978838599,43.67862078084595,1919852.0,,219,366
277.5876676177846,71.43916998218329,103182.44818573953,22.225836955446816,0.06181728522827007,60.54188576585609,1697788.0,,219,360
276.92017202183575,70.36776183374118,64855.7964131162,21.062718824191535,0.08714854361692362,46.720665376298214,1756377.0,-0.5291661587363115,220,360
505.0595775608965,2268.3204816820175,89800.64051143937,23.027601959567395,0.08458703720847167,37.799131284341776,1959981.0,0.08198105783029795,220,366
1167.0423076326042,1250.8740214112374,90747.49701125149,21.92933397931716,0.023603255151021983,35.920913580771995,1984142.0,0.07209971588144992,220,3
1381.695107562871,516.8694066523533,104867.70292947612,28.590329856560217,0.24602716963809407,36.155690793718215,2004688.0,0.06539669475636735,220,97
1381.3443635416645,515.0324363922771,131784.6004835505,29.08408892046594,0.16721854621340196,42.96938757141358,1956311.0,,221,97
267.22181837665994,69.87039534198377,93733.81267907769,21.737143690444647,0.08349586193028505,58.87364141278094,1694149.0,,221,360
506.9242015732903,2263.8972399448985,123151.38086766018,24.79301656894152,0.07748314242898119,45.20156354914935,1908734.0,,221,366
1166.8503322010013,1251.315830193036,117210.72352491364,22.990588360561304,0.020514686092286325,42.96938757141358,1931628.0,,221,3
1167.3085663876927,1251.1419242947143,92462.60365448454,22.581922355884913,0.053935161174421806,35.815201449543814,1987307.0,,222,3
509.69047836394884,2262.71811189559,88593.17550303899,23.66791832117836,0.06346379713126975,34.890938186329784,1975912.0,,222,366
1381.5225649518684,518.1561197316295,98222.38124501861,28.06768840243551,0.2069263532215488,33.73560910731224,2024619.0,,222,97
269.41025796527754,65.6826817582878,83821.89747251234,21.266949512421625,0.011622921806658531,50.60341366096836,1771199.0,,222,360
269.75493961622243,56.608332884335624,95344.8766697749,20.961083426776877,0.06221141171925529,57.4872190041413,1739524.0,,223,360
509.0029816184758,2254.825923686961,95500.214474318,23.338643788777986,0.1250633268042868,39.874113607127796,1928336.0,,223,366
1166.6640317062072,1250.8973400784469,101596.55057985931,22.457613633678815,0.03176531704943096,38.895607751738154,1963435.0,,223,3
1384.6789830248545,517.0759871427417,118039.36297382679,28.688969855909143,0.19345111041002144,38.650981287890744,1997330.0,,223,97
262.8367409188099,56.220243775745644,85378.36877670864,20.25736002767159,0.05348299121793294,56.72570134111662,1717147.0,,224,360
510.05886944375976,2260.134847862405,94146.61513946323,24.013409741159574,0.06661662054528633,38.67661455076133,1931618.0,,224,366
1166.9623737962593,1250.912130104426,111679.75589171136,23.436168295580828,0.04036803448793499,40.99721142380701,1950001.0,,224,3
1381.2471791760054,517.1423178082075,120680.57762996454,28.333644665312864,0.20841197444801043,40.481523229796856,1987986.0,,224,97
1164.7150448643315,1251.090114416904,115343.05704886209,22.790328441036706,0.0339599751194675,43.95469684187958,1930829.0,,225,3
1381.177811828203,516.3014183365004,129703.02954103246,29.002760612804913,0.19550416626284808,43.95469684187958,1937912.0,,225,97
508.7930443872628,2259.522651978128,100605.02023170819,23.298248063269185,0.07978096713517684,43.95469684187958,1887251.0,,225,366
263.346345202021,51.674125788553376,83739.63001955068,21.1686256390209,0.024264096789615348,55.55010766519751,1655596.0,,225,360
265.75243621347903,49.438257376869245,78925.09432835356,22.00532639370061,0.027308275811286507,55.48855493107346,1740083.0,,226,360
505.3893925900796,2258.338187523854,82814.91226769894,24.260355117816967,0.10407583935856338,34.182822868931325,1957278.0,,226,366
1168.4047855008484,1251.9460085789651,93553.70361378985,23.07609794960851,0.0833882844330552,34.88520964021074,1994441.0,,226,3
1380.7696813429507,515.4548277250128,107602.14142614935,28.16077997524285,0.20802090336731185,37.46062780156858,1994631.0,,226,97
515.0220219239206,2252.134901578718,88529.0068703226,22.334510173995046,0.06471287399398824,40.828880713382404,1920960.0,,227,366
1166.2761290772928,1251.8900190464794,102359.02467046751,22.35764558873044,0.0437706880328221,39.80815869554784,1953994.0,,227,3
1382.1875922886204,517.105842599397,111465.14097207408,28.843804974835642,0.21766025458597807,40.06333920000648,1959473.0,,227,97
1165.6918027682707,1251.473958877914,106885.91980677428,22.97610347064504,0.0037532479586731725,40.97843697065075,1945913.0,,228,3
515.8153285816356,2244.253004664564,85507.84177043097,21.676809596000293,0.06470655417516097,40.730082807192254,1894477.0,,228,366
1382.6553691941247,516.2778901184332,120115.99444837146,28.454431725341042,0.21218554649889776,41.47514529756773,1965946.0,,228,97
521.4588751688499,2242.1407186967917,77447.37794447095,22.939465815339226,0.048145720197501865,34.64101447612735,1956431.0,,229,366
1382.7710065923777,517.7426812003574,102606.91581838574,27.757836822594104,0.2198042984707831,36.48853524818748,2004777.0,,229,97
1167.2637178748957,1251.8985933699191,98261.54696250032,22.55091261098915,0.06657775338070082,36.950415441202516,1976604.0,,229,3
1382.741300421831,516.2620468843371,116950.14513730662,28.273030356969915,0.21481403355465828,39.97202308336408,1972956.0,,230,97
1165.1690996729212,1251.8405429997786,104863.379008957,22.995155913470967,0.009390837427382889,40.74567514304209,1950846.0,,230,3
1983.6594346733668,691.2031407035176,20527.56798345665,20.559642677711494,0.17668117197296673,65.50254105273855,1651877.0,,230,256
516.686536236639,2230.3753403210676,89605.92885602699,22.868775567846992,0.08638126361780213,40.48779112314942,1899404.0,,230,366
522.126176105531,2223.754259851777,80780.78667627633,24.643069681176833,0.06738928171667743,38.8889364744593,1885957.0,,231,366
1166.1133995554321,1251.942481542492,106637.16752120305,23.454142389794207,0.0432393404535564,41.53444235707558,1939740.0,,231,3
1385.8034281287455,516.7222696548549,130449.10142004392,29.019201411864177,0.21719763521949872,41.798992945337204,1971119.0,,231,97
1992.8246090504358,686.8466708830933,22797.006862335526,23.11126452644811,0.3523171136192836,72.0914313515577,1593913.0,,232,256
1383.198056936185,516.0892953104687,126786.77625074128,28.338800150305868,0.210023265452862,44.66841628841615,1940809.0,,232,97
519.65434775922,2224.9082156808463,91912.33430080363,23.938827654500358,0.04797502286599334,40.993166846964186,1883939.0,,232,366
1166.8782629634752,1252.5742380227787,110360.95565091049,23.75430461839832,0.054871601948019426,43.53757030643093,1921303.0,,232,3
527.0264035163533,2220.189158322324,70028.7875378397,22.828872800872986,0.004889208453477039,35.66589070581269,1935881.0,0.10100147626816364,233,366
1165.863686038504,1253.2261794265298,86633.09699515914,22.349339840521576,0.05747200803017983,36.7466752726555,1970583.0,0.08381178445691954,233,3
1384.1063620808427,517.2777827159397,97272.77258498648,27.219543059466027,0.2353729428250339,34.80126305233845,2016708.0,0.06834996670697573,233,97
1383.9916327503554,517.2354351146386,117885.9655693701,28.423065938171735,0.2061483060271545,40.589681706428365,1972934.0,,234,97
530.2679726495062,2221.0395228239286,80329.32180942787,24.466342028385398,0.07064512193610721,37.72758876559047,1888659.0,,234,366
1166.7183387480725,1252.4094690561387,104273.33116221036,22.74222294554697,0.007892155347944373,39.80911090438166,1952707.0,,234,3
1979.8519644410667,690.7154285371439,26019.807305692022,23.004163193958444,0.2764321031811482,66.34851817396944,1651252.0,,234,256
1165.865412855317,1251.660297082302,110211.72428790599,23.234145171394946,0.008692091545939943,40.90826519354649,1949243.0,,235,3
1381.8553515274523,515.8612400804885,117405.6983988486,28.610028460607985,0.21420385760676608,41.93097182338516,1953481.0,,235,97
535.2634744740307,2213.639316145309,74386.31104465765,23.88323204620825,0.030711229170294566,35.539055386893516,1886435.0,,235,366
1165.0181336301985,1252.4536522591716,93179.40276273726,21.71178306397946,0.015857064329356508,38.78034012768142,1961264.0,,236,3
1383.3015946434523,516.3134509538573,117791.11960438301,27.74336888724706,0.24286229281048413,40.68366970450014,1975061.0,,236,97
528.6990082460868,2218.0084684360036,62060.67793034249,23.254103518419065,0.07154809066153187,38.066591536374396,1893337.0,,236,366
525.6783779900869,2209.7837906759573,67471.22733198665,22.441798311897312,0.12271461948671412,36.83509286136761,1895895.0,,237,366
1167.2736091122674,1253.6436990294844,98506.0047483751,22.236951961708385,0.012656282988255978,38.773781959334336,1956779.0,,237,3
1383.985913696446,516.6873733477344,117793.53791177148,28.2424076793028,0.1893948454863554,40.47013492005521,1970778.0,,237,97
1165.645271452909,1252.3830886795438,91806.44675859206,21.82395333883652,0.02965421318968512,36.8990274722266,1974905.0,,238,3
1384.747772254783,517.1659804139773,115516.33346279434,27.739024739528556,0.23890733814532839,39.7557263733022,1986548.0,,238,97
526.8134671391979,2210.9896382329202,67844.21831812811,22.84916258915521,0.01663476945530032,35.7087362634451,1907481.0,,238,366
45.40492715897277,1635.3847545640897,89074.49037619676,29.435394240170456,0.10676225611821703,28.805047252512377,2032839.0,,238,518
44.11765976250756,1632.7858514575817,77481.88731328695,28.473048672870068,0.09052391988622925,28.57514333863223,2012376.0,,239,518
522.9099609465446,2211.2861429696063,83386.64463543295,24.413094349337957,0.08808702234506897,38.87249228949069,1891082.0,,239,366
1166.0284159447308,1251.5889603209416,112681.83009945396,25.12419042899701,0.03163769158942718,41.18939580343385,1941143.0,,239,3
1384.0458054510345,514.8857628553778,119181.00188978828,28.53541001791246,0.23246563268359785,40.67452835589092,1966454.0,,239,97
1982.9258484559423,688.2259369505005,23631.023412186492,26.184362089947637,0.17939013820458063,69.25458815675668,1619847.0,,240,256
1380.8067166547737,515.2769004972548,120649.3685810566,29.385528830975403,0.2478312968161642,45.626552197392634,1908261.0,,240,97
1167.2606163110643,1253.0595955287138,108870.6568620035,21.998086063229632,0.03147915367934726,42.91068599516689,1931037.0,,240,3
533.64814226406,2203.2292063115187,77781.59327188488,26.185527638392614,0.051632543966633776,36.39260710982508,1860917.0,,240,366
1166.0652603491762,1251.0228025590602,111451.60336460457,22.199916033116043,0.011759318224023754,42.97925048970731,1928430.0,,241,3
1385.0922464380121,517.0267277972163,121691.34305581074,27.52310710250202,0.2381329675823361,42.71229862331162,1960855.0,,241,97
47.884002549394516,1628.008413001912,83769.4956749699,25.930085928856542,0.03976484044322555,34.43679076504499,1986998.0,,241,518
533.5815575037541,2195.165290168713,48354.59327145108,25.381640821583346,0.1683757836998545,37.10630942900197,1810073.0,,241,366
1166.793660726929,1251.4362920871,114007.59392677796,23.007791098280826,0.009992664526035892,43.74472019518159,1926605.0,,242,3
1383.6836877578048,516.2873136846367,123473.63891472814,27.721985872306302,0.24166624857318406,44.52587591295269,1945544.0,,242,97
48.74992607377837,1625.9853863701169,98622.47168003689,27.28933358296494,0.03860340651278633,32.80854014638619,2010381.0,,242,518
528.7971396395147,2191.1189412893814,46936.262072755046,31.539315658126426,0.13210280121216156,34.11046634267136,1821837.0,,242,366
49.0615111505603,1623.3268390103185,76678.68816545761,25.612083620979174,0.025637303670678877,30.87030922639716,2010985.0,0.06654371638010752,243,518
527.5574576532977,2190.1814923029397,37769.70180184643,27.162680931583893,0.1738078558407517,32.08567573137343,1865538.0,0.08975670626985034,243,366
1165.3888830526653,1252.855233423157,99495.00663667805,23.777900573457657,0.05876859160110929,39.620948062226276,1954872.0,0.073919004760895,243,3
1384.5861511995058,516.165624892748,113318.8283375791,27.749746729650255,0.22405830599550725,39.86402136322153,1978181.0,0.07066558524114809,243,97
1166.0552670278425,1252.6923808638703,84614.5667701937,20.586713672510175,0.026551153140827323,37.931098535192156,1958920.0,,244,3
46.54884047786367,1621.7643001399151,73065.00984060008,24.647372786061958,0.02594087524614758,30.298621390915685,2010040.0,,244,518
534.7095884078071,2199.5116080844855,32018.935481798362,24.290973674838263,0.1883647037386234,27.754462342823526,1871392.0,,244,366
529.6018095913064,2193.4783652256083,50027.84446218107,23.171574939736185,0.2052201663906595,34.03737114365261,1885230.0,,245,366
1165.985594460158,1252.6329781527359,96940.32398218616,22.35038943356142,0.030015448494347303,37.81930127072512,1966921.0,,245,3
1386.1373892589418,516.3256919255205,107522.63721900094,27.875757294711775,0.23090000625667584,41.128490131913566,1950571.0,,245,97
1388.088576137732,517.2065787338702,114910.37657591181,27.39282271967874,0.24695090871328,41.951703276943306,1959558.0,,246,97
1167.5756365389468,1251.8180896212864,98213.35334009027,22.305407261327474,0.014859560114313696,39.98905049205707,1949874.0,,246,3
45.93358473070087,1619.9414017463876,79370.90527878996,28.09270461429748,0.12806621035481658,30.666449763847446,1984457.0,,246,518
538.4086981850405,2194.126033837671,59800.06770269874,25.02695878162388,0.07365162744301096,33.6104289411768,1872679.0,,246,366
527.7043201255259,2195.4110671425615,53026.81074691414,22.76987834438117,0.0311639421053213,34.28694053054142,1902050.0,0.05920974773039461,247,366
1166.3523936102235,1252.0754837060704,89431.76988382888,21.713754007518865,0.04643074703383809,36.801316169447794,1975193.0,0.04072029453108972,247,3
1387.4890556584298,516.5554663094895,105294.96578968916,26.998784939730804,0.21506932371875698,38.62995299774333,1980494.0,0.039819122758237124,247,97
1387.373644080945,516.9042954983709,112228.3878927021,27.714671024635454,0.21899264726833256,40.546195949443536,1973019.0,,248,97
1976.8181158658394,691.0246661760067,23658.580961666103,25.30276616928423,0.3597760716648044,63.431165442380994,1669617.0,,248,256
1167.9815120262908,1252.6225424020643,99685.68336289356,22.36381286397828,0.014862700564095502,38.80494827063308,1960595.0,,248,3
526.529653852755,2191.531366512929,68118.35544407034,26.946839511678007,0.27610571961708275,37.56119992862561,1886281.0,,248,366
1166.0021616612096,1252.064322946069,104999.55297917569,22.64857500874198,0.05496382572477513,40.998470594217295,1954017.0,,249,3
1387.32505805658,518.9566616392419,109224.1243015497,28.189967708543737,0.23609831250953536,39.26961942458163,1976044.0,,249,97
51.957768069994344,1605.8689203470226,80394.54313292084,28.870104619157157,0.09467668831341405,30.131406099364515,1990048.0,,249,518
527.1245167072078,2187.758746212606,57874.527797246614,25.061614594747823,0.039771014583421575,34.57702339271338,1886908.0,,249,366
50.17889014322564,1601.5341414345269,80949.13938933048,24.998167451960484,0.08492090235266311,33.18403680795707,1964419.0,0.026551384695938797,250,518
526.381965715514,2181.923763108835,61752.174095927316,22.568299572711663,0.04235523049612076,38.0340114183508,1862601.0,0.048869727835875024,250,366
1166.2572421291482,1252.2615439160443,107996.1714823883,22.84902374236175,0.05936232218240851,41.86293874234585,1938441.0,0.030053206075982587,250,3
1387.6532506015506,519.8558194456822,114571.71600679579,27.227290574321504,0.22951749572983604,43.90503331514321,1941221.0,0.0296349425560324,250,97
1385.831105307374,518.8480054729439,102400.87736508089,28.2374858986938,0.24921704562722197,40.3896025065444,1957298.0,,251,97
1165.2036314307138,1252.8745797200518,86125.00850416685,22.27498331088631,0.06738633598223108,34.91304623447058,1985542.0,,251,3
535.3527394866346,2183.7215670786263,65287.85283814932,25.225052623026784,0.05531761020152184,31.94657825376393,1921209.0,,251,366
532.4434480536322,2179.0751314476133,60611.59998946554,23.30960642304826,0.04698084749487578,35.25121151253527,1896206.0,,252,366
1166.7254655166935,1252.8096238962385,97457.45245521989,21.78799617163546,0.03875006680635019,39.77670488238777,1949670.0,,252,3
1389.5465516664995,518.1994346103701,113996.70161886135,28.200141703433665,0.2505210491893507,40.96762419024369,1962337.0,,252,97
1385.717025631504,518.4095448396595,107358.71940317021,27.576769632959188,0.2546348242996549,41.528022898496914,1954020.0,,253,97
1166.6129984366753,1252.616180919316,93504.97096423164,21.431099292664133,0.004425269137133991,38.917690030591395,1958582.0,,253,3
538.0445120896833,2172.7064707782356,72733.60312235545,22.422798583295233,0.06975227307507212,37.019266126660106,1913274.0,,253,366
57.25430062411496,1590.3896850579536,70370.3345296664,24.724311723119612,0.08180401606884254,31.601509907708007,1984612.0,0.09621560392340309,254,518
533.2819088741294,2177.273512333787,68487.16134071365,21.203252892701226,0.060871245411468766,37.137540840445176,1899278.0,0.15124071345317008,254,366
1164.9497385848729,1252.7877140899748,95959.02284055525,21.70337214682823,0.026929807430117005,38.9828844846909,1953708.0,0.11081687597311676,254,3
1388.1176501137552,519.7599618086558,115480.91325303075,27.454580190522677,0.2323438006472089,41.75089995105948,1966253.0,0.10438637275382213,254,97
1388.48143490999,519.1975880201189,105337.88240591463,27.304750457278512,0.2583903150067518,38.79996176613733,1983715.0,0.07049521724534737,255,97
1165.924734759038,1253.3624648541336,87159.65434190727,21.636312233990733,0.03613305738358277,36.793067192026776,1971822.0,0.07488236031939137,255,3
535.2605637767128,2168.2755799962,63379.06858012729,23.746100030997663,0.026153249210170666,33.225254615830245,1895973.0,0.12416233132767907,255,366
48.237646530760315,1587.9324997771103,81263.74683590468,26.362082856917667,0.06985170893929801,30.479557522390024,1990946.0,,256,518
532.4303069276507,2169.6026888243364,78866.35475406161,25.028853998365207,0.08875359072837932,36.475536051384786,1887587.0,,256,366
1165.7996151499733,1253.1511886705553,103607.26115932623,21.825566422904537,0.02958223074252951,40.97251994813085,1939540.0,,256,3
1387.5130779233855,518.153008168748,116616.53590773519,27.35138557309479,0.2285086197873579,42.72134701908766,1955923.0,,256,97
1966.1656494083531,692.7564075581123,21517.19824670024,29.090647121797105,0.4714721880097307,64.15609130663395,1654178.0,,257,256
1385.145007009885,514.6796859749064,113415.89298941228,27.729825098043012,0.2432911141078295,44.02869011239585,1930994.0,,257,97
1167.1181262160799,1252.3739323231785,99177.01460706347,22.797828288903307,0.10615808595888707,39.75161735862025,1949918.0,,257,3
533.892582980231,2169.096485492322,87343.10907491118,23.525416589344296,0.03730096850987534,40.25480238847621,1897488.0,,257,366
50.8189930351851,1591.0062698376883,83625.5780743354,26.236621793197276,0.05995165998473617,31.449064365997035,1987345.0,,257,518
1976.0071290342719,690.9992009488732,20961.13915081335,23.690603294074865,0.3715776627573448,66.73438396226237,1616460.0,,258,256
1386.0051536838344,514.8484776759298,117199.97192839124,27.826793458824824,0.21823070245464457,44.489589308174914,1933298.0,,258,97
1166.4684627646104,1251.4745333472374,105404.21158199497,23.057536820329595,0.05649497698448047,39.77892691083875,1956333.0,,258,3
533.9827670834337,2160.430257705431,87973.97560145159,25.020187471034987,0.05735163010328043,38.470409578245366,1899554.0,,258,366
53.73538221239441,1583.2557607892304,87461.03680707498,28.156122504564156,0.13222420832362486,31.404415982241115,1991594.0,,258,518
1385.9113627013912,516.0875017840801,118214.95009017288,27.187660841163247,0.2428615205713512,43.91785290356018,1942710.0,,259,97
1167.294838892226,1252.721495266792,99968.44688778865,22.25864164896918,0.024714728307333487,39.94787749984853,1949339.0,,259,3
534.9423970783532,2157.163791375379,79218.87419336422,23.756467947703673,0.03648546623288834,37.9628897979927,1901116.0,,259,366
1383.7817325331016,516.7459556190232,106741.04749432097,27.765103905818187,0.2624387076696125,43.61952314804156,1922296.0,,260,97
1166.0918684108985,1253.1593283628533,96275.71728672547,21.92713860779429,0.03970267471736435,39.78483979436758,1947371.0,,260,3
53.00713598757136,1579.756319125063,77751.08100825526,27.297151334550364,0.14374516296699064,31.39646995820574,1984908.0,,260,518
534.5405026437667,2154.9723501030912,69395.54564830926,22.042024183001597,0.02048259645193463,35.71048873108897,1904166.0,,260,366
51.088292327991674,1578.702763204161,79112.88711721127,25.419098679383815,0.06186316874706746,34.152736928252075,1955944.0,,261,518
541.1705753305656,2152.359900287366,87506.19764262703,23.860845968879634,0.04282338493946602,42.14007056469812,1870416.0,,261,366
1167.350182415268,1251.459651539425,110372.28129198521,22.36750086957412,0.021683291096412347,42.966346458123574,1926193.0,,261,3
1385.5565875092739,515.7921464755439,129563.6406179826,27.58373313633463,0.2061582618837604,46.82230062744236,1924313.0,,261,97
1979.4920924792018,687.0577577254986,23075.406875692635,22.726793255727234,0.32964273788917814,70.23345094116354,1606785.0,,261,256
1963.5239314927821,691.5671675263512,20742.588237894848,26.4216448312518,0.12436439499153548,62.432690840089066,1673446.0,,262,256
1384.044379049935,515.7755102892073,117393.78000815069,27.442735135298562,0.24024673277845116,42.84596430202191,1960259.0,,262,97
1165.7566440307994,1253.7804578955386,98030.83182078095,22.797738399903196,0.028961794326659834,39.90795532131184,1951933.0,,262,3
538.7819237501601,2150.111974095153,74551.7330514364,24.65141340566809,0.09346819984120824,35.9906100136984,1906673.0,,262,366
48.29572628270366,1575.827898588351,70728.15919712397,25.064912300859145,0.14274303714567463,32.807766951262494,1982094.0,,262,518
1384.68927732903,515.6041870738917,103937.00485915976,26.793586483264605,0.23872515863472715,38.82820320660505,1978173.0,,263,97
543.4489692268625,2152.357854114243,58671.672498855034,22.607991684887615,0.08655048159448528,31.83009681471693,1923573.0,,263,366
1167.1701131714574,1251.814396153233,84975.07122692019,22.480223082500974,0.026766729995898388,35.66776806188138,1981757.0,,263,3
47.015767749991326,1579.8770941001005,65084.646898234314,25.20063385835269,0.20036238060446152,29.798388507394574,1995420.0,,263,518
545.5833224397434,2146.9487926145966,57064.534868225914,22.57538310149351,0.04057013078021492,34.983194160188624,1882735.0,,264,366
1166.8964949540668,1251.633760749653,103433.47258071181,22.202654555661596,0.005208147892340194,41.928387118461366,1931851.0,,264,3
1386.5831501506825,515.3905867753945,116082.46956330824,26.81524395006319,0.20347587785563556,43.72899270023578,1939384.0,,264,97
1385.2648656600588,514.6504283271576,117698.83846748421,27.249717566594352,0.2620137611710989,45.92180404736034,1924878.0,,265,97
1166.551464844542,1252.673055455698,92840.0861486664,21.465311616179193,0.040881517728399326,38.89551708929428,1949011.0,,265,3
540.4469113198261,2148.8529258916374,72913.03445795119,24.16020613711659,0.04342563510831762,35.88425125012311,1894121.0,,265,366
539.7093086331304,2154.9449396994355,71641.03602363012,23.514802412179385,0.1161015052239647,38.12838517198471,1894275.0,,266,366
1167.3609428992645,1252.3356309525975,94001.37862519546,21.643305772973104,0.02639227255576911,39.83927425021479,1954838.0,,266,3
1384.8397611571477,514.6772114562818,105238.25367828518,27.50890341681345,0.25116605087247224,42.28340150482919,1937310.0,,266,97
1385.0577956719121,514.0940781878393,101145.32785570488,26.526319892017387,0.2655669340778557,40.65517321513129,1964893.0,,267,97
1168.3240955380409,1252.0597752234178,84767.39132598924,21.98851309929829,0.0266721490934547,36.815517967035554,1976189.0,,267,3
538.512154233026,2151.477666387259,67363.36339673838,21.784996028685065,0.04135498306154648,35.23448345311378,1925276.0,,267,366
48.65465887159657,1570.383502630307,75769.61919068977,24.775926103175,0.15526908889534932,34.21872741978813,1960733.0,,268,518
540.9855809788696,2145.1999257167045,92850.11084932339,22.204484094393507,0.007407872744648531,44.11007831457064,1894655.0,,268,366
1167.0360601901775,1252.1739216743456,109082.88700289336,21.749132843251218,0.023261409421628385,43.842744506603545,1922588.0,,268,3
1383.984771073768,512.4031223215105,119457.3100886724,27.28698695384064,0.236251284752712,47.85275162610997,1900304.0,,268,97
1386.0464958762398,514.6082597122286,104472.41519805834,26.955337846886877,0.2646391107872554,42.92860254096468,1944336.0,,269,97
1167.8726364750373,1252.158581160318,89504.9569406987,20.875932531272507,0.0135081774990845,37.97530224777645,1958338.0,,269,3
543.177071789864,2139.1546422576007,85990.23657551785,22.618916274489678,0.09850791271954706,39.62640234550586,1937714.0,,269,366
541.045479421485,2135.6082616919757,101842.15872612817,23.686593717831276,0.02595323380976949,43.2896544110722,1894337.0,,270,366
1167.3342477259798,1251.647374045071,101786.42329607392,22.096382350285797,0.01690064195507922,41.93685271072619,1933246.0,,270,3
1384.5946496676227,513.2085165028849,118968.35769216855,27.276486916699692,0.260017684120368,43.8307750912106,1941619.0,,270,97
1387.659205165066,513.6019381757245,127219.4801057897,27.711686287310798,0.24927533023441475,46.8040942384284,1927056.0,,271,97
541.2001704256518,2128.7323437650325,98422.51712987896,23.49537555023823,0.047003104266588935,43.28702357311297,1892549.0,,271,366
1165.40534704244,1253.114687802903,110250.69632123208,22.216726758614772,0.013347517367854722,43.828111367776884,1916516.0,,271,3
44.20694004268805,1567.621506442734,75291.82553968871,26.812446818601227,0.13476538899130938,35.17070665315429,1937115.0,,271,518
538.288146384085,2123.5853312235613,98952.34539386767,23.2860835288547,0.03729805545146711,42.43872499550526,1911323.0,,272,366
1166.21269242689,1252.081200176052,101214.25035775854,20.843407874253153,0.01768389379405396,44.811076082210526,1912659.0,,272,3
1383.9824460122577,512.8000165582548,117802.25634513212,27.161617669728653,0.24139384265119118,45.33826521258948,1927142.0,,272,97
1384.326097898719,513.5316131745609,108616.60399353185,26.685227615493957,0.21465417889686503,42.76502540834742,1948099.0,,273,97
1165.3603776284565,1253.2765855778757,90005.07054933993,21.97242907227618,0.008401998169250009,38.39132962794825,1955512.0,,273,3
537.2112813444014,2121.890846587167,87433.33743046521,24.429505254996787,0.06325609752848874,37.662380331215054,1939140.0,,273,366
44.080606582779836,1561.0806965993042,75580.86484868238,27.349601122387238,0.1092595859699709,31.101836660616307,1994509.0,,273,518
1383.3945317671346,513.9852961305016,97676.07903928965,26.26879833718899,0.2479721656839591,39.88880972288763,1969568.0,,274,97
1166.68637848678,1252.2888070432546,79561.51853156225,20.151947631683612,0.017361229533144208,35.9437626074372,1970927.0,,274,3
41.93225349373489,1558.0891701164114,78885.60045911507,27.065203355676694,0.09517333400120037,30.683699786836637,2014440.0,,274,518
536.8871641439821,2120.8257764853865,78234.88685434994,21.471344314800316,0.03372308060157242,36.38210117582059,1966284.0,,274,366
537.7854598061019,2114.359577464451,98951.78406707413,22.74721395652671,0.06020261387966655,39.882969560426886,1953193.0,,275,366
1166.5613420584382,1251.0165289697138,88990.53762210083,21.84435787803449,0.015939820110694336,36.796787392060516,1972316.0,,275,3
1383.804955435692,513.0617066454847,106994.84959509355,26.968764934657926,0.21747613088746587,42.4943544721215,1945199.0,,275,97
537.8036553141515,2113.7555885151965,93926.9196857298,23.10795299342541,0.05874926690557188,39.938957891759486,1952778.0,,276,366
1165.8701035655597,1252.2751786601445,93310.9563530063,21.11989358630271,0.04020713147391808,38.988030322908074,1951457.0,,276,3
1383.5030846151624,512.47643354016,106934.89563194054,26.71026968542861,0.2480270675659986,43.5049362749523,1936312.0,,276,97
40.859330122258086,1554.1036334290725,78968.92113340383,28.777560751761786,0.114153649893627,30.609664928561838,1984112.0,,277,518
536.581865782728,2109.687246458142,105513.52219989551,23.785240580739693,0.017414622206249786,41.64921621427266,1933529.0,,277,366
1166.1982629697459,1252.1048882633163,94117.9453852205,21.80323872639524,0.03550772741284284,37.8857328214167,1962782.0,,277,3
1382.0889594216314,512.0806762326699,113830.31870032147,27.115518254376827,0.2632613147149777,44.9109018214145,1933261.0,,277,97
1381.0540680430097,512.7266802590657,102022.24271962389,27.363189074677194,0.24162038840931324,41.55589296267474,1941570.0,,278,97
1167.6210769344214,1252.456083786993,90294.06769082657,22.088439260366318,0.0458709936881347,38.80080613642006,1957525.0,,278,3
41.37148002725768,1554.162371418373,70752.9256039087,27.69580253423578,0.14043786508536688,29.158002244528685,2015950.0,,278,518
538.1708054354889,2112.5312512359806,81268.17365744739,22.348888999370256,0.059289575494249847,37.19367215443816,1945432.0,,278,366
545.3867979646411,2103.7180302215265,93340.36748059758,22.86576512102211,0.04893034821429414,40.840660003195595,1932209.0,,279,366
1167.1871999443686,1252.384335992768,89822.78545843999,20.73790812890496,0.01311922747314819,38.91874659128051,1951484.0,,279,3
1382.859470699838,511.48832602660434,112063.16746112138,27.015585929227637,0.2481070338297232,42.76257341511069,1950168.0,,279,97
1381.8054987234639,511.43322229216943,115267.52709896745,26.517067392122676,0.23300570239659676,45.856262747901745,1925048.0,,280,97
1166.9457134835761,1253.5330721523187,98719.46322667794,21.406566130033386,0.02984011882398625,40.817112995385074,1940081.0,,280,3
546.2121482633462,2094.5175634922866,98503.53565978259,23.659336678495702,0.05571927978810283,42.58081540876591,1917174.0,,280,366
1167.6629429842692,1252.9881870861566,107529.84050903746,21.872239035341426,0.059295645458247614,43.896604630520905,1914214.0,,281,3
1379.9704746898224,511.3139720754597,121071.52891864155,27.770430708208163,0.25504195054817674,49.14211084423095,1887478.0,,281,97
48.62811826416317,1557.615020994007,110791.9932154163,28.321560577342634,0.13977956301872194,35.338147123941354,1992989.0,,281,518
555.0092291571157,2097.4201506319996,105386.36102255089,23.08215535008538,0.08275963408736614,43.896604630520905,1908482.0,,281,366
548.4262516773169,2102.0323901994993,96732.40571413972,23.735090286399608,0.061896514037696006,40.98970127591343,1934742.0,,282,366
1166.363618783476,1253.1179297973308,99439.2441354343,21.653678506260967,0.006243223744283427,41.748769818059976,1933919.0,,282,3
1381.8881630923233,510.26052437010406,109852.14639660061,27.442399182777923,0.23972176443323534,44.27899829188179,1929805.0,,282,97
46.89421612403505,1554.925271749743,96959.02580376521,28.147435605092802,0.18921553170755198,32.3125227563741,2013501.0,,283,518
543.9192937474506,2102.8613531739516,95307.30051942961,21.81214976243032,0.039897129244248375,42.66262770177518,1919453.0,,283,366
1166.8607760880964,1252.209738413134,100132.46895665879,22.581198640637318,0.044618777484511374,40.138211861433454,1944814.0,,283,3
1383.0065919943008,509.4881036042974,104890.48793253489,26.467322173137838,0.2549458134642917,44.42971879001439,1932582.0,,283,97
1167.0098764995848,1253.3013329362204,107897.10041578714,20.831386835809468,0.02042191835803259,45.75222901427395,1896998.0,,284,3
1382.2088725001752,508.38364954663666,120530.16231765701,26.83867348486573,0.24883786919697987,49.56491476546344,1895003.0,,284,97
543.4038635377495,2097.1614628531484,90380.26040134003,21.945780188987705,0.024302505884201124,44.39055553170627,1885193.0,,284,366
1382.8913700043524,508.45199384029394,122166.21392360351,26.34928621796424,0.25307602943663254,47.77399946638966,1914120.0,,285,97
1167.744732755136,1252.5387091970244,114182.28791108483,22.451985144776728,0.03438140051594917,43.99526504531929,1924672.0,,285,3
45.94958051957001,1550.3398372898291,125341.70038531015,31.251397467375188,0.17354591048994017,38.057253812208714,1941091.0,,285,518
543.1398162407663,2087.1482681214275,103405.06743259063,24.653065464856333,0.023714881760596978,43.45544584230924,1919383.0,,285,366
548.08637869173,2095.1126886026236,88708.34674362866,21.719368071972298,0.07586954483654726,39.877056376599825,1939947.0,,286,366
1168.2522089681308,1252.112801078414,96186.88500360584,21.116824964085566,0.018486852506425268,41.83421251778264,1929739.0,,286,3
1383.404805127363,508.6431817879193,110237.30894115726,26.621736376197653,0.25879878773284526,44.76994672955686,1930597.0,,286,97
1381.2756360858825,508.66137112975724,108174.1320724233,26.94385978970893,0.24120961296689622,43.75748770304867,1950501.0,,287,97
1167.0951359084406,1253.239732915981,90905.08065451006,23.013633629156026,0.039602899592804136,37.89056197750024,1958489.0,,287,3
44.59098041762602,1550.9032320240008,116682.6411058999,28.41141869827974,0.12344241002836888,34.957099114726034,1997298.0,,287,518
552.7686777465786,2088.7566745086133,96635.6003569395,24.40262217336022,0.08505998072051286,39.84620388601638,1937646.0,,287,366
1169.8514447629739,1253.0338206749814,92829.4750872778,22.283136206187315,0.02224126319384101,36.7963027123748,1972148.0,,288,3
1381.5243722020018,508.7024120818188,98685.07252407416,26.711707410091915,0.23661682869034606,39.882444230186884,1969930.0,,288,97
551.241501644843,2088.050715345417,92008.56144353977,24.17090949668471,0.08097116533689809,37.03369821374497,1969860.0,,288,366
50.583559668546485,1558.975580488094,96146.1276369203,32.535511833629485,0.35066156699704143,33.235370191822405,1958220.0,,288,518
1170.0261596580806,1253.0888611037458,102647.64660473274,22.76347653013922,0.017598372664660696,39.95130872910679,1950262.0,,289,3
1382.1169921526468,507.9337414421198,114739.65927863559,26.707800146078714,0.23435442533409892,45.69430935891589,1922695.0,,289,97
51.417703133171685,1557.2090120287169,105036.9845624129,32.19210724890045,0.3745306895596883,38.45313465176528,1926745.0,,289,518
558.0688518295726,2086.348364967427,97547.36265410316,23.334283403368712,0.10336127286991788,40.95009144733446,1929074.0,,289,366
1382.1151207177027,508.90298089777247,122611.68764313079,27.152528404370393,0.256717940007874,45.42124463723498,1926152.0,,290,97
1171.0302202695482,1253.1886101050882,103944.29666099847,23.020349345726437,0.015605248709144174,39.74358905758061,1958113.0,,290,3
563.5336783773363,2084.4774497139174,87711.6325041762,23.004591705592812,0.0636476011671702,39.2498798767411,1924956.0,,290,366
48.07801646191301,1550.7117419080325,127909.49802594472,27.749416750579293,0.20928507061953724,38.765043828022286,1978168.0,,291,518
572.1733550671198,2084.6159487532555,94339.48351516653,22.095437814731262,0.004076916108060318,43.64276457459463,1910371.0,,291,366
1170.1523618193037,1252.2091025504214,110664.18796536593,24.569000663249874,0.07675891309228185,41.07554312903024,1941566.0,,291,3
1169.6598911400747,1253.068545390498,122798.41262564792,24.578535972078917,0.07454778461871484,43.81521262281223,1927604.0,,292,3
1383.5393141769878,508.46164386308493,125259.32055499798,26.957319372092194,0.270259637399016,49.675846158347625,1888863.0,,292,97
568.5954555548597,2081.5967196405895,98023.84020421538,22.576916989420347,0.03667179366172974,45.21060155984447,1880092.0,,292,366
42.43737713453326,1550.774425224101,140589.9729559451,29.82902458873985,0.19016004595666974,40.90508591596367,1948540.0,,293,518
567.07436464149,2078.9852691155984,98138.8362598024,23.783848586052255,0.06325132220651306,40.635973508621795,1916075.0,,293,366
1170.306490855124,1252.5083272631773,108617.53517687999,22.41461522521855,0.03212580183597173,41.98153554533113,1939358.0,,293,3
1381.6458707350623,507.24355169479736,117971.07511886123,26.528291723452124,0.25335008386586355,47.63289609951032,1911802.0,,293,97
1168.722402979224,1253.7805468443748,117326.40904955438,23.162598583660365,0.07840358230537657,45.70486828420018,1905955.0,,294,3
1382.7946410981965,507.97118398194743,128403.65939043449,26.875565567805825,0.2627604209633926,53.17862033067316,1858785.0,,294,97
566.8988682152498,2076.8529289503003,103725.90503698426,22.67067814614075,0.07839405054737719,46.567224289562446,1881516.0,,294,366
1383.7852240902625,507.8782020883477,125628.71028206291,27.144498709785086,0.2706920198439884,49.17777864624475,1896019.0,,295,97
1169.018148622078,1253.0154749643687,108048.35695572535,22.561970508762013,0.044988007699808895,44.400508720609544,1912284.0,,295,3
571.8470245899956,2076.1838104373282,95801.40397754253,23.370939851491237,0.04121983872052183,40.74730230688851,1885007.0,,295,366
1167.7401879529295,1251.5844281271834,113917.93205039787,22.431386249147742,0.06432686972128733,43.956442311595545,1924556.0,,296,3
1386.159413051305,508.00260551611905,124981.69055103892,27.33203390711231,0.27610888147952156,46.81751252122602,1921068.0,,296,97
572.9104010659111,2071.5780122107535,92530.13174695111,24.218431673127185,0.08117474546818246,42.6559558526726,1900172.0,,296,366
574.5789115174297,2067.5367484279504,86484.18229644123,23.766886527419203,0.04351292720516037,39.27355314910513,1891066.0,,297,366
1167.7164769556246,1253.0640102794398,105066.30032913553,21.243779528377345,0.026436901444302063,43.91001428476338,1912378.0,,297,3
1383.041030874741,507.2053788055971,115445.42768081848,26.883189294606716,0.29407918362186675,49.09194143638142,1891287.0,,297,97
1386.0761813155902,507.307599820864,128333.55671087572,26.404237454348184,0.24926786980371496,50.394944250631234,1891836.0,,298,97
571.2353978212236,2064.521945822391,93143.44662305432,23.823000576812998,0.05459368063341178,40.485825999102616,1886272.0,,298,366
1168.8438651490428,1253.1216982726226,112255.30455360972,23.089804031918728,0.009918942513198113,45.01570862837284,1908275.0,,298,3
1386.1303473092444,507.22977363392846,116790.22555374264,27.422119759920587,0.2788335387901806,47.530827685898274,1904265.0,,299,97
1168.434008545857,1252.8612276853232,105643.84365777504,22.893302239632224,0.0412322565580224,41.085969694590034,1939020.0,,299,3
570.2924357890512,2069.9415913002754,88304.75883940913,23.483337731216235,0.05913306318072854,41.354505444227875,1881757.0,,299,366
1169.6710734362905,1252.1907719249268,106060.36748733271,21.770874540593194,0.026703295960068357,41.99184632063221,1937473.0,,300,3
1385.8054995467915,506.484472983222,116412.16514087471,26.75499016610473,0.27469883009408336,48.721308872015584,1895748.0,,300,97
574.6537484028858,2070.982949333023,97121.48779107915,24.249188035767418,0.04715423832395464,41.72266781857688,1914554.0,,300,366
1664.342003262914,2092.7068157492754,25660.996042701634,29.993855601656886,0.2359229951327732,28.2654139487117,1780413.0,,301,637
1387.9402670198551,507.3124345162778,112745.6697992881,26.946888614506598,0.2838273645651488,44.79801456022232,1922817.0,,301,97
1171.5362842306904,1252.2872522679904,110665.76198042063,24.86954650929411,0.0810735020909538,41.33150152877654,1945369.0,,301,3
567.0622529537842,2073.9070836968344,99032.41090173718,23.541671626533986,0.06499926738792818,42.93143062021306,1907935.0,,301,366
1172.6307814992026,1253.4766642767609,106184.29685749506,21.84099118429119,0.029437567671163685,41.94981219952836,1932865.0,,302,3
1387.905584866548,506.28056974177156,113425.81845107414,26.549558070698076,0.24644189426902088,47.9056497340293,1909127.0,,302,97
568.0443224941487,2082.686598154839,91164.71039331579,21.065906572675186,0.045966532363104946,42.98561003161548,1908745.0,,302,366
1172.4981789740632,1253.8874466398581,97780.08491280241,22.33915167902896,0.04458757321518366,40.68473054931723,1943959.0,,303,3
573.6585650393212,2076.46314780228,92924.43957122978,22.475700192735292,0.022726927969737545,41.71472372778096,1918145.0,,303,366
1386.3412148589687,505.56432595554645,112888.43266799227,26.87129866694661,0.25901618611903254,47.46180589219822,1909556.0,,304,97
1172.8975528889682,1253.7180683252784,103386.31545167479,22.573761204285866,0.023511155951761543,40.60621170776959,1948192.0,,304,3
581.9333561586551,2073.1205098584483,100886.92401805175,23.49311091089034,0.031666144303556194,42.715625302978395,1917482.0,,304,366
1654.4223413976156,2086.4852384474807,24657.836144478795,30.21465247340133,0.08676846248279985,27.359447466896235,1782230.0,,305,637
1389.172715536115,505.0973506854633,118841.39289988345,27.305822634545233,0.2528402222934686,48.549607759884495,1900195.0,,305,97
1172.042712427202,1253.838590347225,103398.59418408328,21.95785541204505,0.02612161121481799,41.84386083172365,1934905.0,,305,3
586.9222898671652,2069.363119427662,104154.19774794845,22.704216965854904,0.021455955219947052,45.59907911149372,1907691.0,,305,366
1173.077964003869,1254.4031888274092,114273.45923779845,23.64040092492032,0.001064053784364391,42.04167877560422,1936406.0,,306,3
1389.7717706160447,505.3716603966078,122261.656626877,27.37310072695894,0.26536100556100517,48.72379990550158,1895674.0,,306,97
590.1055481940894,2059.510031767866,115775.82280517038,24.81866670235169,0.05476189643713689,44.82589591306145,1915807.0,,306,366
1644.7258458088768,2098.330013849502,23460.855785723557,34.64180559008923,0.17638806584316877,30.171251587522875,1794935.0,,307,637
1391.5505519303667,505.43091254710583,115987.83243841006,27.31642339538737,0.29097327099738995,45.64368829907306,1923259.0,,307,97
1174.1747961500973,1253.3342739553239,103446.90673580824,22.083709672599284,0.03357655087860462,40.74408334041551,1944967.0,,307,3
590.9370074662932,2060.934692126365,104582.32571649083,23.962167294311886,0.0471742292942333,43.838570682725546,1922105.0,,307,366
1391.5446219487567,506.23971675697044,121156.39550201058,27.31155334086263,0.2748319366711555,46.852296817301166,1913445.0,,308,97
591.9369932051956,2058.0900428898567,110937.90956615719,23.882472383369944,0.06944158851678489,44.769972514310005,1913345.0,,308,366
1173.1933788887345,1253.5810157759786,103037.31087007085,22.249409437852567,0.028268795999993525,40.865614446201576,1946781.0,,308,3
54.15465371232463,1547.8668889718617,131059.40930596081,27.336983518100325,0.24864563318542804,41.64648605982326,1955638.0,,308,697
1172.8384657583695,1252.856357802893,101438.9471331848,24.590917265269812,0.036820638189798714,38.54420299493344,1962169.0,,309,3
1390.314761058384,505.19170229459894,105311.67592910073,27.41983163763226,0.24684195697675182,44.807635981610126,1912290.0,,309,97
55.94868933650897,1547.851704523137,134928.31880660143,27.544529606332098,0.19143552846531783,39.74870933852511,1980463.0,,309,697
588.280457209565,2058.5161011344558,89972.52854472955,22.88697172577949,0.08477670298845588,39.74870933852511,1940854.0,,309,366
1393.5350549758618,506.32946445718375,113483.32202318335,27.742113266938023,0.3128269609790037,43.838490286362514,1934514.0,,310,97
1173.2639740802447,1253.350158262918,100589.79576581718,22.918221200441735,0.020442059245719253,40.83242238101194,1945835.0,,310,3
587.4689733970247,2056.5122150273273,98223.01830167117,23.1123237859549,0.028693772828808035,41.8344450161288,1935550.0,,310,366
63.86364256340023,1546.8116331689744,134073.3841408821,27.618858954109612,0.25220116309229645,40.83242238101194,1965398.0,,310,697
1173.671218843542,1252.984808048126,116559.3443962372,22.92809872001097,0.01067530007980554,43.47164807617173,1924980.0,,311,3
1391.9495980421646,504.60807971708005,123880.64741249428,27.825459078403387,0.26276856987115527,48.27046637029459,1900646.0,,311,97
1651.2582598256695,2085.6812290133444,32449.60930485874,28.493517570172983,0.12104143791678838,38.10826292391678,1766365.0,,311,637
74.56112739877548,1554.737757867079,137300.96619715245,27.046581068642336,0.24790156768474064,43.75393150523779,1940119.0,,311,697
587.8546625704963,2054.35792530469,100706.30701988781,23.477869627894368,0.05578736250269082,42.907081218039636,1910872.0,,311,366
1393.156592490654,506.0118345853639,110503.09512289542,27.410308723102283,0.2563197361945284,44.68065362383071,1929262.0,,312,97
1174.8021314169384,1252.6273086262295,106530.69759632759,22.40527467312093,0.012344178812746008,41.80645953106967,1938728.0,,312,3
1647.3287788604398,2071.603633247956,28665.905429338265,28.253076061864427,0.279535512549978,30.570973532094694,1823950.0,,312,637
592.2009446445021,2053.72690059459,78001.70832195359,21.945611295222825,0.015753851625577124,39.193555810377816,1903063.0,,312,366
85.02666082586501,1559.7958092248161,128837.84053099016,26.11739813080917,0.20655280274090498,40.76129804279293,1963607.0,,312,697
1659.1352758657583,2066.495809408324,23653.012513663973,31.602980653356056,0.36689181798782555,30.93110044941019,1740958.0,,313,637
1391.7946521416193,504.3429025336304,136288.05241654665,27.938256843044293,0.2729636532743373,51.45810347492786,1891893.0,,313,97
1174.0585492277212,1252.151130030739,118371.07188531465,22.34765542032373,0.036418237208470775,45.83426702958055,1909470.0,,313,3
596.3100498972703,2048.7587613736423,95802.05384649138,22.06939770889417,0.010023255611290749,44.428307918243725,1860303.0,,313,366
87.00072500597943,1559.1116752122698,150484.86513918138,27.206375682282392,0.23780852307823924,47.521417963184746,1913966.0,,313,697
1657.464890215306,2090.6602963120868,25314.22528706033,28.92120430427683,0.13734851831910125,32.91766664912983,1758281.0,,314,637
1391.549792971653,505.8522246699933,121987.47626288018,27.838510639884998,0.2706021143883817,48.83686609420081,1898013.0,,314,97
1173.2756780171212,1250.9675589425822,110252.05828552567,22.097196731762146,0.037161599527009516,43.71034423900846,1922798.0,,314,3
592.5582632459437,2044.1886257906317,94189.8558623888,23.99982836167122,0.09588561482620521,40.742357901791834,1912245.0,,314,366
84.73068109135433,1558.9209371173772,147646.52759893713,27.198964097179324,0.20757118887480083,46.40851363647811,1922143.0,,314,697
1660.1584834354333,2088.9797425660095,24626.76036579577,24.27990864507008,0.2157957176469308,30.773130200165387,1836189.0,,315,637
1391.9194152677176,505.8756677051975,114189.32883884784,27.354720349403138,0.2963278197933182,45.53422517422846,1918732.0,,315,97
1173.5692519585546,1252.029219105383,98999.41154638572,21.330810933296096,0.010858645122768646,40.78065221647933,1941757.0,,315,3
87.10296741377803,1559.629629485823,128870.61382483081,27.991350779476534,0.20175154776072313,40.28027611566364,1967199.0,,315,697
593.1996669274054,2049.4275251696904,79321.62100570761,22.11716177758825,0.009647036427358462,39.27952391403224,1917425.0,,315,366
1174.6361193148257,1250.5468916125221,106429.57818520452,22.284637917710253,0.02528889282915974,40.86191720046246,1949119.0,,316,3
1394.1445578850241,507.0078654355426,122351.84331895139,27.781464841933772,0.27774392740476134,46.88643063386397,1910722.0,,316,97
600.0627058460271,2049.5945464837755,111978.41699273398,24.68654098819941,0.0889203555257238,42.69546476714987,1924072.0,,316,366
1659.5538500186242,2079.3888219956516,30238.080663708886,26.591240225011894,0.19259612226821313,31.694179367025367,1791188.0,,316,637
86.6226983894066,1558.6479949774598,141018.9291600293,26.52757187367785,0.19979783168293846,42.957400133819505,1955268.0,,316,697
1392.7476221836214,506.2257508622094,100216.55484231474,27.33089392398597,0.28792804186206966,40.93296855185997,1957570.0,0.0851258250305152,317,97
89.51945991199719,1561.361623379152,118112.31071688942,26.198808281888418,0.17319578903509955,35.87383760724806,2004607.0,0.0712205637767596,317,697
599.8594972981354,2047.5221633292945,80090.18214216117,22.497055320432622,0.06048830028557975,37.02364009465986,1969330.0,0.08116391647125239,317,366
1175.1758565524597,1250.425079322757,86246.68458075888,21.54483325582564,0.01321136546874605,35.87383760724806,1979542.0,0.07801106993242746,317,3
1661.8903285129147,2076.193443673549,36004.66271198301,27.606969010414524,0.1485553994357687,31.60151788646841,1861265.0,,318,637
1174.6824184424825,1252.1455248396073,95815.5514260747,21.767043275552744,0.06257634731070763,38.87488311430638,1958413.0,,318,3
90.30828019166097,1562.4307850791809,121489.52745755269,25.474823669635384,0.15125486826227622,38.87488311430638,1977205.0,,318,697
598.348661996604,2041.741401517355,90546.62533274987,23.777470803698787,0.13085960592984652,37.370048929236454,1958412.0,,318,366
1656.4819248535284,2074.5652478561533,49265.1078291026,26.630963631881073,0.2464458550546442,34.5196437133597,1816115.0,,319,637
1392.2667669516281,504.85084626628793,118621.97597798491,27.366011730341565,0.25235413245981875,47.79642975695958,1907653.0,,319,97
1174.1779522884697,1250.9545530146595,103773.2184668228,22.49133206060678,0.02947818586037151,42.751251060391624,1928422.0,,319,3
594.1908350418352,2035.469410428326,95842.46309153884,23.873196572741673,0.12667028685730358,41.68910817690364,1930923.0,,319,366
85.32890426336166,1556.6925767260009,139090.79702140286,26.6140532050148,0.14781076347307956,42.751251060391624,1956908.0,,319,697
1646.024426053396,2074.388974654836,61421.14324130582,20.008529395177277,0.030926076065931955,35.1913604692955,1902868.0,,320,637
1174.3579074134025,1251.7502570411136,94362.94486949116,21.756039858255857,0.04114456497152016,38.857127184847116,1957939.0,,320,3
77.98587388814627,1556.059695611994,118471.71501988331,26.070966857536693,0.11277976576160958,35.92451381240583,2003625.0,,320,697
600.5659307684689,2037.2947525738957,83885.93921199693,22.77032383676614,0.013183835340220822,38.857127184847116,1947406.0,,320,366
1645.550031323828,2069.792636258652,68048.74854162111,21.95873684713199,0.0534641883793292,37.237874427434626,1898599.0,,321,637
1174.064576468799,1251.3081132458053,101322.97225241418,22.97296414624642,0.014029450976921697,38.5219390628634,1966529.0,,321,3
603.4853130244472,2033.540341338463,78502.31873864682,20.59437547626053,0.03087795061986871,38.77875198994916,1923811.0,,321,366
77.06696503496504,1553.5896677115988,133125.40107807878,28.282207245622647,0.09421984731977251,35.440183937834334,2011055.0,,321,697
1651.6184460972488,2067.890195137556,62555.60248257133,21.934175558284043,0.006997652663392721,37.02106992730549,1909843.0,,322,637
1174.3427871478375,1250.7298072594408,95571.39287152537,22.59396567639065,0.031419293827393426,38.77206647792129,1961139.0,,322,3
600.9699493795182,2030.475090434027,88650.95421876298,23.85942550143545,0.06245572640111172,37.521354656052864,1963264.0,,322,366
69.40780641971062,1552.2358695418486,105746.45197764739,25.725946228134635,0.05690133718743653,33.874876582180164,2015098.0,,323,697
604.8308594301996,2032.7803508549314,78833.65825168267,21.320717659857262,0.04326928763772185,37.73979538685844,1964573.0,,323,366
1173.6943318026952,1252.8892064620495,94020.51567241848,22.333189638173803,0.0322718108622226,36.83040272693414,1973108.0,,323,3
1653.6155119845612,2061.3710018156694,59727.31846667314,21.486656229272477,0.09768866784901281,35.46631373704769,1915514.0,,323,637
1657.9632259827638,2060.625023575555,64957.35525978134,21.89813225743621,0.02473330760452408,35.503610223472975,1901560.0,,324,637
1393.507315609764,502.5995571016033,109178.35192023747,27.772609533249653,0.2918470311095366,45.2546017637226,1914375.0,,324,97
1174.315835497053,1251.8793804637485,102361.15870648246,24.379816479460366,0.08697647390724068,38.003864464562625,1963909.0,,324,3
64.811994451439,1558.0187226976059,101478.06890852959,26.54202605897447,0.0769595808603159,32.75333055827437,2003289.0,,324,697
604.5393683901931,2034.8435090881453,92107.3660383497,22.476933084868325,0.04424431517757137,40.75414412976124,1937532.0,,324,366
1175.6180094616689,1252.0133672982988,105787.27285394967,22.837888994355353,0.04919479058623111,41.47925133558761,1936129.0,,325,3
1658.0645787821768,2057.9357960375123,71606.47200990032,22.757249898948594,0.15538954775394725,38.76818915679104,1859338.0,,325,637
1394.3913831026007,502.72994395679973,119436.65760553679,28.507503326736156,0.31467745397509866,45.81695082166213,1923975.0,,325,97
605.2030139818945,2042.134637348369,90201.37638804816,22.363963915762145,0.08159211312277669,42.8347824249859,1915214.0,,325,366
1662.9995967602067,2062.447396718582,57443.87701707324,20.51252621771706,0.046517069039354965,36.115379337974,1895571.0,,326,637
1174.5462664351278,1252.2936524116317,101404.76210516339,22.223272964142026,0.03382163702014025,38.8551667360272,1961098.0,,326,3
57.28274233093776,1559.1884658610059,91529.5720362531,29.103902332321756,0.10957753372810747,33.1265203582796,1993802.0,,326,697
597.1549586397902,2039.4403838276382,81477.79021595919,22.334907549156345,0.05618073958100159,39.6023814809508,1916388.0,,326,366
1174.9665770510758,1251.9252652016096,89782.10999043666,21.790921051173154,0.008389443829520518,36.975818392752394,1977209.0,,327,3
1673.333306703188,2070.436102868447,60369.33927154593,20.039274285405615,0.10883553613337944,33.990193305138845,1932271.0,,327,637
1393.8566550932346,503.19324229886075,103519.66000895141,27.997768446657613,0.2984863561138005,42.48774163142356,1937520.0,,327,97
587.2836150361272,2037.4226504446926,71580.59113900308,21.697147266746402,0.0206519131874512,35.82750105136257,1950566.0,,327,366
53.78977410987486,1556.9258285140334,88717.61981496828,25.560136686415202,0.0229829026097537,29.626587407857507,2026017.0,,327,697
1673.7898935563148,2064.5705122840122,67300.9453687539,21.785947575770923,0.06306188355095808,39.940909973771824,1888384.0,,328,637
1393.9123213962741,502.20257731958765,113247.84166409457,28.105498484020323,0.25312439499451905,45.31757093177957,1920284.0,,328,97
588.5430268236555,2039.7864670213933,84110.43577527963,22.299464521293267,0.033425998011330636,40.709004396344355,1898300.0,,328,366
1173.0997869336682,1252.6948150386281,98295.09150840083,21.596094366585262,0.0501263660040944,40.45297292215351,1945233.0,,328,3
1660.5574945070168,2066.942665183914,64998.52576118555,22.296024124794446,0.027232167176124658,38.51734846570714,1878812.0,,329,637
1395.3621679557734,500.40099367773587,119710.41835550354,28.59959813443195,0.286185038575124,45.77061538457407,1920802.0,,329,97
1174.965214999023,1251.9489448026904,97276.81411340526,21.982222475545186,0.0071061796030867175,38.76746111808186,1960235.0,,329,3
593.9184332341543,2039.2901914023612,88936.55760731778,22.86523568647103,0.07690209228321539,41.76881294657852,1920028.0,,329,366
593.6437972738989,2038.216932680666,70641.40487931157,21.356943580366195,0.058944046031803275,38.16565298180555,1942916.0,0.05043831301783495,330,366
1174.28708203957,1251.7837999435449,89595.01994264944,20.99065215134383,0.02864452174747312,37.935739409626,1962301.0,0.04730119722766081,330,3
1662.0153681457944,2067.1771060325896,54336.16425390995,19.193804073517416,0.09455063916062525,35.63660368783049,1911619.0,0.05648673047165296,330,637
1652.3290714275272,2067.1861335386325,56388.87002575581,20.802256437540787,0.11514267896069423,39.29078450746766,1860638.0,,331,637
1398.8303941236236,502.4324374656712,116555.42533957577,28.19373263864146,0.2801446226695061,47.80836716293268,1906673.0,,331,97
1174.4069626525825,1253.175855277189,109507.26307254388,22.699109157033874,0.056122729839348684,41.763631084860734,1933004.0,,331,3
46.7788578990228,1564.487979617743,91774.48026605818,26.675893844746266,0.08872120590630132,36.26841646843169,1979565.0,,331,697
588.1230042655008,2042.565416872843,87732.74991567462,22.278239034603022,0.05921693839694403,39.84030596911057,1911201.0,,331,366
1653.5017329354,2069.5057817998995,50496.59810102268,25.50373842606961,0.10488639400917102,33.49046438671637,1843437.0,,332,637
1396.9826041129793,501.6798372081145,116334.52973506361,28.285026141930782,0.28558064400373523,47.53485267792001,1912190.0,,332,97
1174.8604893827933,1252.3681535973287,103534.15014519235,22.250195984980966,0.07702347589365618,41.863080483395464,1936371.0,,332,3
589.0056052212,2042.0575256376055,87069.26554887783,21.82521658627129,0.02657407990456786,41.322911702964554,1913430.0,,332,366
54.2927634635937,1569.3756360066911,92999.77858922876,27.285060044822178,0.1347363872656656,35.11097072800909,1957364.0,,332,697
1649.9238912924395,2066.2883813484477,45641.09323139171,23.21762330152646,0.06043149279137491,31.889730991961873,1847728.0,,333,637
1397.6432480791495,500.59463003894325,121193.7336618519,28.28188279131467,0.2780450305614903,47.45191971603927,1905371.0,,333,97
1175.0961389067525,1252.5259987138263,99177.06338500143,21.055389821004727,0.02578568754532675,41.83932706145398,1930952.0,,333,3
590.9862586250244,2048.380984440037,91324.53602554073,23.18559880758688,0.06610984757001401,41.07397351764689,1891738.0,,333,366
1174.8691438283197,1251.7402002804522,109409.09195739767,23.39783341554088,0.05487086620403686,43.09856360273473,1927518.0,,334,3
590.4533877371782,2038.312318933392,88885.5017577457,23.20871090076256,0.08022687220051818,40.387962118286005,1904520.0,,334,366
585.6716855855772,2040.222741564862,83273.04876663635,23.129279083540737,0.12454899365483996,38.37431595268718,1915232.0,,335,366
1174.408712679951,1252.190484511762,101583.34057097262,22.417655324688134,0.014644178540252135,40.98481363654346,1945861.0,,335,3
1651.4364839239813,2067.139968817159,30974.860267796586,30.44606225783084,0.32502685604832293,31.84807174304651,1807386.0,,335,637
1174.3802923574226,1252.3224322197086,112009.46655803268,22.680797593941865,0.009438351588620447,45.74349666129257,1906292.0,,336,3
1649.7682813631588,2084.2356661260546,27179.12231626145,31.794737483748715,0.27203242025637303,31.881831006355426,1745783.0,,336,637
587.1999094736663,2037.4971489898344,97386.24099201329,23.55836547623653,0.05578977584249685,41.30776365171268,1879633.0,,336,366
1637.8314740279234,2073.506827663524,46469.65449292131,28.625581380664897,0.13975239599781633,36.15473660718732,1779258.0,,337,637
584.3911846302203,2036.7615191751354,95945.27641761658,22.060502074948975,0.06780283690495346,46.972689292802414,1838729.0,,337,366
1175.038237532971,1252.1028721141663,112570.1922316837,21.442161051320767,0.029826296688656082,45.83395743115872,1903464.0,,337,3
1649.279875101729,2063.6010175665874,50583.73673536552,28.45074788612181,0.08485303498621707,37.246020726710924,1814163.0,,338,637
1399.2886078186666,499.73089681662105,129924.48196970671,28.416717020159208,0.2799530161597653,50.408148351939595,1875632.0,,338,97
1174.9465039424274,1252.0074572102392,110670.52961614614,21.841871143300377,0.027560882178689048,44.807242979501865,1913671.0,,338,3
586.2679478749477,2030.138146664807,84327.79137795976,21.229804633536546,0.04864155891552086,41.72674502466111,1850977.0,,338,366
1174.7608187105334,1251.5240291092646,109309.46906601878,24.189606588933323,0.0812231702937176,43.07257392643618,1920358.0,,339,3
1644.926105907263,2070.8757357425857,54976.68839254813,23.373229431052202,0.09156266764322855,37.07512692402101,1819256.0,,339,637
43.281833300995096,1576.5855032292043,98349.95250278722,30.24945427869538,0.2626946337662154,35.984682014490986,1931021.0,,339,697
585.3996701806301,2032.9029098082733,88440.53438743307,22.417374816617155,0.06466684922297945,41.16429533475863,1881155.0,,339,366
1647.1251588432362,2075.2236801571103,26394.80349889037,26.30728531083913,0.10895964435319279,28.713204160485695,1819376.0,,340,637
1175.3557908534008,1251.492999847415,101582.99663421672,21.67260318267646,0.02976721359997279,40.90996344989555,1945047.0,,340,3
589.0017141923411,2027.2594288286455,82417.31400582031,22.674964299854437,0.05249395261638002,40.65586429803284,1871838.0,,340,366
1176.433451486933,1252.7893157104236,99661.96134310965,21.472478280826756,0.009568039892000493,39.99650956875774,1950867.0,,341,3
1650.3490506807427,2072.378675487449,41198.32085627885,24.073512461948255,0.22753750243804965,30.656007334137666,1864615.0,,341,637
592.9497753363462,2024.6532647654667,73769.84964868553,21.85325044674241,0.03700959812419837,36.404008709288476,1914893.0,,341,366
1652.7540642263098,2064.816499726826,43559.77859483195,22.61703973225116,0.18699325041231407,32.52505777432362,1864344.0,,342,637
1398.496900579251,499.3107976324308,117139.39222127254,28.424660725831153,0.2707119531932257,47.06878279536264,1897182.0,,342,97
1176.497227143394,1251.1386401460245,98511.26035159774,23.039302843023798,0.08335580226177916,40.45799869489036,1941554.0,,342,3
590.7861926971987,2021.8619774972922,83738.27333795434,21.461176107971077,0.03418985170715172,40.45799869489036,1898788.0,,342,366
1659.3465600832485,2057.7674148002743,54388.88054555453,21.32249826345337,0.059451633272547454,34.473003302056654,1840905.0,,343,637
1174.849625981508,1252.050982669702,110740.66418957691,22.438750490600555,0.08077029411761831,43.99166839292304,1928726.0,,343,3
587.370403796055,2014.6266344126038,82951.3073486205,22.232573089174544,0.03465181816627378,42.19083986221859,1873152.0,,343,366
1656.2092628357257,2051.0167719602614,64370.3171022221,23.47618291324578,0.14962635551204576,37.927485158185824,1892105.0,,344,637
1398.397740697488,498.6557782531404,116601.46848600236,28.305237148943647,0.27803612703576863,47.67274176133079,1901548.0,,344,97
1177.3507816798672,1251.6098188279598,104352.73447710353,22.975787893184783,0.03716426577036239,40.824723607769464,1941067.0,,344,3
577.4741707719197,2016.1886301836048,79716.46239903945,22.082059327819145,0.054410709269488294,38.71764109898136,1915367.0,,344,366
1661.3987532397537,2048.2444537795145,67858.41799669959,23.68853182245496,0.045862419416208215,38.72491297853139,1876681.0,,345,637
1176.4803606942687,1251.9099193434984,107093.74684212856,22.364310805349408,0.01580856080798719,42.758758080461746,1930841.0,,345,3
578.657689984021,2009.9945851942612,95256.29392901054,22.450198906532574,0.03308303781820283,43.0276810872571,1885126.0,,345,366
1653.696551443759,2045.43446930043,50810.143678148335,23.93025609549516,0.15283788261465484,38.215152427435754,1867741.0,,346,637
1401.5530114173796,500.44368769081933,119839.87769705542,28.239180381413192,0.2767507644435643,45.961467108672736,1917504.0,,346,97
1176.4856744130211,1252.5900776302758,103243.91491348394,22.01589233510582,0.03499664281030926,39.764415363683156,1947633.0,,346,3
579.3995046647932,2008.2403796796561,89035.36631466969,23.25664215341739,0.0013429419321559924,38.989783895559455,1909142.0,,346,366
41.78665532533813,1577.7899343544857,79533.47851617505,27.95747285476108,0.23846750767606623,34.60020557619183,1956398.0,,346,697
1177.2886269973249,1250.8097510423445,108499.84870870344,23.348629695639787,0.05179366935440978,42.88428213970396,1923815.0,,347,3
1649.701829458574,2047.7352161023562,67035.45469106408,21.00703366519958,0.008134223529511719,42.36130308921977,1839811.0,,347,637
1397.0982403259186,498.62216194734657,120411.48105205671,28.56112243120319,0.2935703926126411,48.375562169788004,1893946.0,,347,97
585.1496378720631,2007.0917509845772,87842.437704103,22.92918722381537,0.03719912877314643,41.57683451349347,1896000.0,,347,366
40.71489798321306,1576.551230425056,77729.06882583964,26.869031844257684,0.1616957597091949,33.993638281472656,1947242.0,,347,697
1398.9737761107879,498.70106950322366,129188.93291744133,28.399001576147075,0.2726203261367125,50.384239503986365,1880369.0,,348,97
1177.131817738573,1253.1747792100318,109242.53227266319,22.8062852491411,0.011657977208495185,43.76231088346244,1918795.0,,348,3
1648.7027795066663,2047.7914182526943,70312.21391260305,20.127082268900494,0.04766002260496941,46.06559040364468,1841807.0,,348,637
584.8382038833277,2012.5947868034493,83437.16434842149,21.865611141799263,0.014713568886072517,42.03485124332577,1883946.0,,348,366
1658.7304783860927,2049.87110116626,80768.32422830963,20.309745145267865,0.0287041908549674,41.7261803909797,1864189.0,,349,637
1397.3180872201572,499.98273410869973,121800.80687028929,28.26381307633644,0.29430150580421754,48.5066847045139,1895779.0,,349,97
1176.6152686495118,1252.0386691916378,105349.47788526322,22.204715165133614,0.04836736393271169,41.98696901842332,1939468.0,,349,3
575.5858302357061,2004.628655379128,97098.9080788293,23.875292560999906,0.02406253987508798,41.7261803909797,1903629.0,,349,366
35.47011271279976,1581.0729522726513,77973.19171936887,30.383576943548707,0.23688425303859276,33.38094431278376,1941080.0,,349,697
1650.5569833127352,2053.2370415516843,46582.405302951694,21.6824086451813,0.04649650181771852,34.700015801206675,1843022.0,,350,637
1177.5620150565276,1252.1737612464917,100217.32593859106,23.175228031071445,0.03990996197857357,40.746230675659355,1935682.0,,350,3
580.21447532792,2006.085096814491,84173.82620868468,21.850871613189483,0.029842695987975818,40.483351768074456,1904736.0,,350,366
35.55985135788643,1583.7982386927638,68832.19729549008,30.09954269680867,0.22783943722016203,31.78530179849409,1931443.0,,351,697
578.4649266803004,2005.019564147477,81873.18103968167,21.812590576565917,0.03443333933588333,39.54391877292966,1902397.0,,351,366
1176.7766477889495,1251.2997406565123,101908.6831253104,22.914731833303545,0.05995021509643561,40.795308607516034,1942478.0,,351,3
1649.4827372338227,2059.5744527407437,52055.564617091215,22.126320274214482,0.04870888337003038,33.28696959999775,1875880.0,,351,637
1176.456310016228,1250.7044328123284,111222.11394414789,22.500784828770122,0.019863625526837632,42.88369267585531,1928118.0,,352,3
1651.236605963578,2058.57297178307,67813.23174090157,21.69033938170392,0.025317376040451586,42.88369267585531,1821583.0,,352,637
586.963577447794,2007.6879869476934,83676.94104165088,21.27764801725791,0.006479827781762793,44.51218733443209,1872776.0,,352,366
1175.867691073622,1252.4353395332514,111900.40225987895,22.248113124219053,0.044185560655216165,45.44121817386607,1904063.0,,353,3
578.0485655927694,1998.9445903840913,99839.12485087854,23.80843869379937,0.098057154659139,44.31921278685703,1871610.0,,353,366
1656.2774183373594,2060.986610096472,72922.49611787846,21.902005838952597,0.013706081538795314,43.75821009335251,1836173.0,,353,637
585.3394503567112,1999.2163553838495,81464.2180652492,22.001481308713686,0.03583650691132776,38.85822541686947,1947416.0,,354,366
1663.2373660385401,2056.737891922697,52091.01998165645,21.285746770160333,0.17913154154352193,35.720604731035294,1870365.0,,354,637
1399.988991185197,500.6347261037882,112096.56746561093,28.41318906072299,0.296157232917426,44.650755913794114,1921484.0,,354,97
1177.6038058126658,1252.2995183970247,92412.10070443676,21.54750529490805,0.026135559649715645,38.85822541686947,1958625.0,,354,3
1659.6555573474716,2046.651465059318,56304.01523439004,21.77427563749369,0.07997002245766864,47.387742005136204,1793762.0,,355,637
1177.0792198017925,1251.7598195817961,107830.09753535203,22.56825390509829,0.005561633743248318,43.9826347951863,1922816.0,,355,3
580.2067032706691,1994.0041133943053,108994.92796008906,23.363326809016556,0.04280031438220087,46.82022413681122,1891940.0,,355,366
1176.6494114770094,1251.5542147329127,105720.15724258801,22.158406123495865,0.048116756588300884,43.79186498848309,1918057.0,,356,3
1663.5655387197237,2043.3088057317132,49045.04214219191,22.346421202133403,0.048231634249995575,40.09857517017729,1837833.0,,356,637
579.0793838175573,1991.6652975269672,113745.67601776653,22.803863353262226,0.12101227628348517,45.902316313229264,1897901.0,,356,366
579.098519467649,1987.5802880981817,107272.8583089601,21.91225540832978,0.12916084162357805,45.906660320512174,1903799.0,,357,366
1176.6455867234542,1251.4300618165796,100536.92840193103,21.493997731393506,0.02175112342032966,41.87976029239707,1931277.0,,357,3
1664.953320154993,2046.0206821266302,54595.09982117332,21.79580181256706,0.09617926653921224,38.38978026803065,1853190.0,,357,637
1659.4602261410907,2044.5062111977966,48029.81236234801,23.915594483564643,0.08464436800990702,36.897443643506165,1835630.0,,358,637
1176.2857459873223,1250.2248326528054,104689.25350691871,22.284530830393713,0.016458607764680874,42.910360385410875,1928129.0,,358,3
571.6005852831375,1991.4388438378894,119919.97161416334,24.413289823156255,0.1163866397923454,45.91681875636323,1907231.0,,358,366
31.895893463885134,1583.920448650031,74808.88370121535,32.30232159258975,0.34261197327777293,33.617670875194506,1911095.0,,358,697
1659.873937270809,2043.7756540265914,56972.16450794057,22.42508681072251,0.15184366371889135,39.68314984266444,1810762.0,,359,637
570.3816907786647,1987.5582352336344,133377.10913626064,23.95711316063435,0.09553980517425026,50.771088769291275,1869659.0,,359,366
1178.068957970679,1250.546383687351,115995.01414157414,22.821623837822134,0.04037295570727786,46.977846504918936,1896558.0,,359,3
568.0785339950877,1988.9675983958778,121659.77805394842,23.722625963681974,0.18528637398537426,48.95811007152643,1876833.0,,360,366
1177.6959609174926,1250.3164152098875,101078.80150629398,20.971669799861203,0.033397662771992395,43.893477995161625,1923440.0,,360,3
1660.9102400576307,2043.2478759243172,66398.733363386,21.518607907104954,0.10473279811481101,43.33074109778776,1837028.0,,360,637
1176.157737407949,1250.862907654017,103132.79110946943,21.86611852390743,0.02788960014169623,41.810948593375336,1933384.0,,361,3
1656.5587305550985,2038.3519520098976,46627.94034809186,23.397041191638202,0.08238608852559037,34.136787142692526,1839305.0,,361,637
564.6705342622035,1992.0612864573104,119919.88696970964,23.332637857710207,0.23196157150162056,49.74973630097825,1880357.0,,361,366
1659.8230516732192,2034.2410507703016,59275.637040089685,20.43993060079539,0.02941345356085214,38.746983449203675,1875736.0,,362,637
1396.9543113009302,499.6053819512005,114610.78948997834,28.503481105447705,0.2707020565980433,45.4371100879151,1919708.0,,362,97
1177.588883617878,1250.8440978754832,103418.76513396735,22.36029457940503,0.06416230954800274,42.928312598398314,1926758.0,,362,3
565.6824604342473,2000.3717479003374,111387.26347122587,23.183002882960427,0.26999074765606884,48.78217340727081,1876947.0,,362,366
1655.5143241707535,2026.5954615610908,71674.71696372541,23.48436364196337,0.043707650040486296,43.61480195820435,1819887.0,,363,637
1397.013632360094,500.9354380014636,131830.50477451578,28.41619381136859,0.28039655112099704,52.56883414829929,1864494.0,,363,97
1178.2049842763697,1251.0860617708595,113617.13678061849,22.67903965739454,0.010327654844283558,45.34784044660983,1904976.0,,363,3
571.881800713833,2002.1833790886915,117100.54414231348,22.105901354155428,0.22904177457676916,53.724193140569604,1831777.0,,363,366
1658.6982633206037,2026.168975167202,54943.831246239264,23.619291823267023,0.04688370842265302,37.746060139664486,1830612.0,,364,637
1177.637668286847,1250.9574722079078,107179.66022201745,21.347171610298798,0.010265941419335118,47.73766429428155,1888673.0,,364,3
569.8793436222957,2001.6011035362324,114032.23540472565,22.01023747797698,0.19490033179527033,51.34574357233772,1851628.0,,364,366
1660.3755284863714,2019.9673895231333,49743.5617514452,24.535349224245596,0.13550463564844012,38.040632791840984,1813921.0,,365,637
1397.8532197845038,500.60157502783125,135218.68988426664,28.831451807434846,0.289929229316452,51.35485426898533,1869760.0,,365,97
1176.7670751548699,1251.5311254770859,106717.2892025911,21.332054640949828,0.046860699919262436,44.83360293324116,1906654.0,,365,3
570.975441840888,1996.3200575837225,121364.29142147816,22.664851551298973,0.14131445713603483,50.2679790463613,1865405.0,,365,366
1662.6785621049098,2008.352042814254,65202.00871002827,26.547674735881976,0.1556206219574776,38.90697370206994,1797318.0,,366,637
1178.8448404836868,1250.0074969790135,110929.5572785103,22.533572844832022,0.016936780264098658,46.80995273530289,1894442.0,,366,3
573.5054303776949,1991.9398510579463,127509.0954080369,22.301844847887242,0.13241206832042376,53.80104957239359,1847317.0,,366,366
1661.1084545914055,2015.5925862971296,60423.01333570007,24.907643001000125,0.13952742282082398,37.0280455136716,1829988.0,,367,637
1397.5191645409573,500.0725489502606,122273.09295105112,29.11415279833621,0.26954600416895597,48.379709101804494,1895941.0,,367,97
1178.0827265290798,1250.6862158211636,100774.3935036498,22.870263370618535,0.02804607095468369,41.89304419429998,1935636.0,,367,3
572.4714699524221,1991.9543380847622,113273.92650270653,22.909736322009103,0.17156545316349456,48.379709101804494,1883281.0,,367,366
1178.1718130861125,1250.5942154620004,92896.47388320959,22.123114674784684,0.0059204019518372805,38.773661692233404,1955382.0,,368,3
1663.0331528419094,2009.8245955552602,37410.36980516995,29.814904528440067,0.19407336337169828,28.086049815528046,1862642.0,,368,637
572.2553219773782,1986.9422108061826,110311.06751440404,22.99210957871299,0.2102262227240027,46.97578243482124,1892234.0,,368,366
576.267367152175,1982.2633921490637,116877.10286270222,23.07000140179536,0.15153910899577158,46.772402081650235,1896248.0,,369,366
1178.5004740407564,1251.0141661016762,103480.51723476712,22.73910575850211,0.0459521157220269,44.77601906597004,1913759.0,,369,3
1672.038694251691,2006.0970893083672,48785.611754176876,22.137846985881133,0.11466726949085357,35.364499134906275,1823872.0,,369,637
1178.4244022239839,1251.1041903241703,100753.98131485326,22.43406745168318,0.08135330090208266,41.825217748490175,1933161.0,,370,3
1673.1141722038938,2011.246424422657,58072.29104291981,24.623525074253376,0.1041667999797327,35.07921488583047,1842993.0,,370,637
578.5327874590425,1978.0643238934415,119495.18678766544,23.235273891992737,0.09325699272757224,45.872819466086,1913599.0,,370,366
573.1286075079763,1982.0393652415355,130346.16239737462,24.45586688348267,0.11077250329296404,48.50415483006165,1887656.0,,371,366
1179.0284799811093,1249.7836563511437,111819.87130695758,21.828547045636256,0.023306037012535866,45.921093330235884,1898126.0,,371,3
1684.209048705503,2016.9193747302213,65161.45742193809,21.644963381475385,0.013847282507811897,41.04197716389832,1826968.0,,371,637
1399.275758618317,499.85408610289227,118011.35425080251,28.733765551728776,0.29050686041691315,48.4507268765193,1879965.0,,372,97
1677.2839933922596,2013.4115785634601,50466.710193705425,20.999452923449798,0.05368421863654817,35.45835318896105,1842080.0,,372,637
575.1481145061997,1976.0989826674786,105786.6133086175,23.87941356707853,0.019725805819656723,43.30791229186082,1924715.0,,372,366
1178.610547486396,1250.1805842774386,100129.787939945,21.69110508909741,0.0004548659806435153,43.57858674368496,1921412.0,,372,3
1178.7887995719582,1250.7072499585972,108737.05917839578,21.68660208255323,0.03467970658776659,44.881724363733944,1916103.0,,373,3
1675.565011192286,2014.244897055568,56314.0969308295,23.17999278537893,0.04518551089364576,35.462103200974965,1844306.0,,373,637
571.2009361892444,1975.6916619323333,91679.51049104557,21.715560747441728,0.05804509619944347,43.773533638703476,1913655.0,,373,366
1178.6921157101249,1250.1307584391027,114089.26108529913,23.272246277344387,0.027962950321186546,46.393542958344206,1893522.0,,374,3
1673.4758362370637,2015.4874760302337,77722.52259882707,21.962706299073815,0.0639142620580394,43.203986879958045,1808038.0,,374,637
573.9046200539568,1975.0858745503597,128974.0494241969,23.95133057913049,0.0034814745372485473,50.742937610688976,1869767.0,,374,366
1178.0362041770238,1250.9845956071604,97172.44259099172,21.143799640036807,0.03181964614973993,40.92620072623546,1941144.0,,375,3
569.5200140516112,1978.2091981087292,112695.2422925876,23.317646532273297,0.030222451770703613,43.333624298366956,1925908.0,,375,366
1663.9718240516545,2014.1575544794189,66284.39568602057,21.576658015219373,0.005631031186555882,38.78626866211857,1884314.0,,375,637
1656.9275653450254,2015.220178393331,61165.96039716223,24.60973868339059,0.031171368453456173,37.695662539415196,1825542.0,,376,637
1178.1208931065712,1251.0430103268088,108978.73590774764,21.525307917043243,0.008598438846047402,44.889491268311225,1912447.0,,376,3
562.1712495824793,1977.6398988818855,119747.60976175584,23.82721077058029,0.06218264101559041,47.76702275986963,1898219.0,,376,366
568.0400774574458,1979.838945387084,98085.23052626585,23.622201847242202,0.028040994003148596,42.50311287988012,1921116.0,,377,366
1177.691951606888,1249.808798178608,101859.5069499992,21.853896915760252,0.022556579917424196,41.971823968881615,1933086.0,,377,3
1400.6159207590376,499.4967812161202,122267.37659927364,28.71119525476386,0.29633354727380506,46.75342416786813,1911860.0,,377,97
1654.6705220202205,2019.1746677671044,69522.87302653091,21.491427200211998,0.02842709591186663,37.190223769895105,1883194.0,,377,637
1178.5852895026096,1250.5896626538108,112051.97049933378,23.832324209954578,0.09533020788775871,44.760054948705076,1911011.0,,378,3
1659.634276642218,2010.1372752740601,85317.05297291311,22.021861195494466,0.029136501565468393,45.05260432745478,1836407.0,,378,637
1401.3250489283446,499.4305477590493,134979.06531194827,28.399299189527632,0.2659838441575363,50.6110425236992,1886085.0,,378,97
576.6869944772078,1983.3501836200683,103082.11399748904,23.535211626876563,0.08271751905046261,44.760054948705076,1904740.0,,378,366
1664.142849587676,2010.7684223648473,71517.78288057577,21.333646290644666,0.0544403998910326,40.79490030925979,1879563.0,,379,637
1178.5763551391617,1250.8039175891083,98505.36550701874,21.775962914627097,0.00729821468692878,39.9844056011288,1953177.0,,379,3
576.7394189307992,1983.9032528153389,90348.00643458305,22.291226980671375,0.08220586190066899,40.79490030925979,1934215.0,,379,366
575.4690877673315,1981.820883890496,98688.6732960234,22.6963808527078,0.04949543827240576,44.9371803016928,1889933.0,,380,366
1178.0976202519153,1250.7385065199423,116748.8108357345,22.776188147770508,0.016499018914899348,45.80135684595612,1911141.0,,380,3
1659.0025238060523,2011.6789489580187,82977.36760362,22.841335853014378,0.05828452478982319,43.496886061253925,1850581.0,,380,637
1665.178733320448,2007.5670591839191,71728.31077791637,21.76971276797846,0.03672738908586806,38.45208536558699,1895128.0,,381,637
587.7333020345201,1976.7022812169212,89703.48358167424,22.352291063767673,0.03851730433712384,41.06787348569495,1930124.0,,381,366
1177.9104385292485,1249.9765430467078,98957.88037180419,21.82805607796882,0.05018964602923928,40.80629467368416,1949150.0,,381,3
1178.9856207249338,1250.0021099468559,110107.67847051889,23.138259343493743,0.031452712007398805,42.69993373572564,1931815.0,,382,3
1657.1412370615703,2005.9136369635305,89399.61521177537,22.240284219088014,0.0406255094525018,43.82361620245526,1893198.0,,382,637
1400.1679370360255,495.0720600748905,124461.03645928971,29.38882555701002,0.26677924921586765,48.037425452691345,1891698.0,,382,97
582.9765013652824,1974.4332233133737,110390.28461090139,23.782765448100342,0.05862954351354218,46.91374298596172,1894154.0,,382,366
1178.6561940281729,1249.8596023611524,110244.58101363531,22.148720386287742,0.03527408017317996,42.961769011066615,1932438.0,,383,3
1658.192600859363,2016.2895782946534,85628.31355815975,24.65686498663142,0.057869861188783435,40.75860136947345,1869403.0,,383,637
586.1786947675671,1969.2983761240318,108691.34782631214,23.95331794310844,0.009636720736842424,44.889540697460625,1913115.0,,383,366
1177.1192390854785,1249.2043354432037,97521.67270923863,23.200365947774973,0.05730466038645616,41.10055994331993,1939758.0,0.05759011288583868,384,3
1657.8925912017348,2013.5201856682263,75456.79881122017,21.175069219561543,0.0675896413663159,38.80301311419024,1918500.0,0.06524502988009277,384,637
583.5289908505388,1969.80713898754,101784.38792621724,23.46432724120342,0.0203634580576793,40.84527696230552,1944211.0,0.05620868950022836,384,366
1177.202021164539,1250.610714644429,102036.74366398256,21.484968209458653,0.03328042044102326,41.7826893813486,1933755.0,,385,3
1657.4706968953617,2007.5432433877204,88485.2247412985,21.89515729147177,0.05481864877289447,42.83382622113095,1907767.0,,385,637
585.8664266353405,1968.4489958859037,103348.29965582099,22.83196309917009,0.036420223738546184,44.673315690750066,1913142.0,,385,366
1177.5356981370953,1250.270901157533,104787.76187089755,21.831907209612165,0.041654865554372034,41.75448324684774,1934408.0,,386,3
1663.5931798582271,2007.5381251490817,96835.45766443762,22.524617065666163,0.08069188779925802,44.715794115418504,1908342.0,,386,637
588.2731274306981,1967.5231006227295,113225.42492871622,24.7144089169255,0.02480282066579068,43.827400854847276,1922246.0,,386,366
1178.2221420973876,1250.0624312679154,114422.52556138879,22.919845631944874,0.038651483148830906,47.44484465038025,1888248.0,,387,3
1664.2618331504466,1999.750166303736,103661.38648003514,21.836413954104522,0.016522198980173368,47.73953312646957,1878825.0,,387,637
582.6147177703101,1966.6589861409802,119350.89563550655,24.14367051897725,0.06016899804318363,48.32891007864821,1892781.0,,387,366
1661.194426762468,2001.3614790935294,104889.18486150174,21.460063194048157,0.10785563001425358,48.714361813638845,1866776.0,,388,637
1179.6888743239253,1249.9156778892118,105803.86864332018,22.221873044791735,0.01831290080768487,42.98326042379898,1927495.0,,388,3
580.6475113150265,1971.702466023878,92310.27697601171,23.487689277526076,0.09279315069139844,44.12948070176696,1887964.0,,388,366
1179.8561458121503,1249.4842476574843,107879.99357696003,22.50121278007747,0.06854670192935186,41.90748573364161,1937912.0,,389,3
1660.648179686979,1997.6876279246328,109656.4209587968,23.803789058735006,0.09574826326722666,45.84510184284284,1900691.0,,389,637
579.0833131573277,1970.4289986404476,105713.4609420188,23.54306985348906,0.06494702975067425,42.75126061418473,1924466.0,,389,366
1665.9798371308896,2003.8679413761342,97940.6684268889,21.032691029072577,0.10843830851747449,46.899976148692325,1887552.0,,390,637
1179.8436848299643,1251.0312170923582,106890.01152269731,23.372096197280904,0.025557175775577784,41.65821410854436,1938800.0,,390,3
574.3716554560563,1967.7150688496856,101758.32648539245,23.04309239732058,0.08109403004989639,42.761742959101824,1931190.0,,390,366
1178.7399396365101,1251.6415309186193,111039.96183252947,22.5025751899252,0.03785108025013388,44.76257495624442,1913856.0,,391,3
1663.076354586931,2000.6662669833968,115631.32309232712,21.88893132454446,0.1584199870910962,53.7732231617222,1829771.0,,391,637
574.9426595874721,1967.274549976881,109381.71189665042,24.28676326522741,0.0973543252554004,49.703898165699975,1872191.0,,391,366
1180.1493612611869,1250.965475110323,117611.48126420783,22.299805746931714,0.01697913537878895,47.89926083573441,1888448.0,,392,3
1663.5571745122718,2003.5029521323772,107672.38464079294,21.160120718499787,0.14392788347232197,51.84033925892775,1842413.0,,392,637
583.5339913536236,1971.6606946109002,119140.92285228556,23.47922647540866,0.0778039593028239,50.93085962280621,1863637.0,,392,366
1664.6311917290034,2005.9609311033962,99697.24964330705,20.647349497166456,0.22053496060627903,54.711673372222485,1813363.0,,393,637
1179.1167224450005,1250.3236449884926,116446.33609004298,22.039151155989334,0.019970809381066445,47.982430123232554,1889243.0,,393,3
582.9496871032106,1971.9847834411594,116133.86514265511,24.018953643475314,0.10131794246223311,46.81212694949517,1899474.0,,393,366
1663.661719311066,2009.4263377389157,93383.17698595251,19.007565083302975,0.22821416494550847,60.88749271155038,1764365.0,,394,637
1178.734663280531,1250.2831235418914,122424.1578695471,22.020079998583395,0.023564632745055096,47.945223729385084,1893959.0,,394,3
583.0270352246532,1967.6916376835038,116372.17640800048,23.414514844407016,0.03574426714115362,48.23936620625248,1879773.0,,394,366
1179.510435948961,1250.0709035745044,116830.70329696704,22.643189587724944,0.07311061901871248,47.70559102562725,1890384.0,,395,3
1661.9734469990415,2010.0004365866148,88077.82077383625,19.856023676204472,0.26586232535915116,59.27058278941568,1768591.0,,395,637
579.2648095606569,1961.1779780328432,107609.93536369853,23.38561992976909,0.06531236916023679,48.28384061381667,1886604.0,,395,366
1178.5412012207769,1250.1044870465298,120422.68291236955,22.80716965482197,0.02535454742022344,47.87315167089271,1886617.0,,396,3
1661.3244218999143,2007.9737774775967,85408.67606855402,18.74415668689118,0.1950788422006555,61.84854377357568,1752342.0,,396,637
577.7427657032317,1960.4618115612197,104524.03897734289,23.628446036661387,0.03543665063117946,47.27845413460833,1879197.0,,396,366
1179.4555225529082,1249.9681634843914,108261.06571165007,21.81551025146941,0.026209263140634296,44.97944982097453,1910016.0,,397,3
1660.0139304889315,2008.6705736915303,84972.88572297432,18.067914479067046,0.18488715140593392,59.78634945148167,1756668.0,,397,637
580.2433796006275,1967.0501623065652,107924.41827665457,22.758880701602802,0.07019833289702686,46.65570260933383,1895283.0,,397,366
1179.9283649263177,1249.1156725164476,105975.08431304827,21.236392773055673,0.02616922938177044,46.92265144894908,1895993.0,,398,3
1660.4094337943784,2007.6477568950802,83754.4486960033,19.401652812945372,0.24999704330226566,59.343353303082665,1757778.0,,398,637
580.2887660463426,1963.468765138059,109399.33380643452,24.17196175664487,0.0899764365081701,45.81858906191499,1901056.0,,398,366
1178.9221589354433,1249.3040618732161,110468.93487876689,23.510056580045152,0.04354647649467112,44.369154717186845,1914659.0,,399,3
1659.6623712118417,2008.7120244777182,82656.13024429831,18.65074247194654,0.20612913597856966,56.84797948139564,1778163.0,,399,637
577.070714137976,1964.4251376976092,108598.77500743746,23.854094693778595,0.07092369600257514,47.97414853795827,1885488.0,,399,366
1659.1500363432692,2009.148450455156,89012.69233992389,19.33632705851363,0.24087589402682127,57.97814153536702,1777905.0,,400,637
1179.198387431234,1250.3593052048645,114809.32418383875,22.647392189046123,0.08065725463447232,48.17507412600545,1880535.0,,400,3
579.2373022546907,1964.3203132390813,106584.55062738438,23.167326668489917,0.007124396802372536,48.17507412600545,1873381.0,,400,366
1181.4670837663793,1249.812421181307,112483.9381436078,22.428112531888996,0.061534545486171786,43.803399189917336,1918527.0,,401,3
1656.7483479457371,2009.4900100552154,82221.3009893657,19.58609835179212,0.2534888808482752,57.72765853505662,1781054.0,,401,637
580.4436604698084,1959.5773425565644,100646.2870790849,23.073028606684527,0.07555944897526755,45.54393160805975,1882189.0,,401,366
1655.4422257409037,2009.1219490966548,90736.93127843585,18.50644435436232,0.22967875476992977,63.787373481357406,1723984.0,,402,637
1179.1713196662204,1250.5150545118308,120888.3114748809,21.695841612542694,0.011511887620169699,48.903653002374014,1884586.0,,402,3
580.4929237892752,1951.5601044145715,117293.74110450764,23.89282711104692,0.04098065204727666,49.51115179743456,1870099.0,,402,366
1179.6849065662689,1250.5705162029444,124668.56212735265,22.96967964777821,0.04431668477747114,48.8924210793086,1876243.0,,403,3
1654.9067884338144,2008.1717335941419,93315.77855426488,18.57842723643995,0.22668404164585215,64.8935770689005,1720047.0,,403,637
569.4253633028053,1956.6572646115621,102564.44671624899,23.125662651621244,0.05921628949890909,48.00346796877571,1849923.0,,403,366
1180.0855126346967,1249.8680524922806,104557.90795604496,22.152309761205995,0.04524927123268317,42.827298614549896,1920673.0,,404,3
1654.9450318717531,2008.748828966936,83811.37618488127,18.79380319801527,0.20759314037359727,57.92666671583351,1772924.0,,404,637
570.0672759190418,1958.2786124879526,95709.12918076181,22.638784105093485,0.023706455858408772,42.55276464907201,1885638.0,,404,366
1181.503364603197,1250.7158606038113,111072.58418620036,22.820182301492817,0.047765081653084414,45.77264561981713,1903725.0,,405,3
1653.57457399559,2009.8640186211514,81102.0204846483,19.49992595766432,0.2792286532492032,58.850544368336315,1763586.0,,405,637
566.731971030666,1959.26554653427,99866.24646945295,22.957396732824115,0.025178651421709726,46.34124991323101,1864591.0,,405,366
1181.2035199991722,1250.9019894410371,104893.45480065561,23.617573386226336,0.04730031147811654,43.684012879000164,1918728.0,,406,3
1653.5198676982443,2009.1555539174524,84658.53164241216,18.031385313051512,0.2386499730723654,59.96376923142259,1755999.0,,406,637
574.5303808173816,1947.718937237198,91113.45503614766,23.681614861392582,0.030655974395612524,40.156732335975306,1881108.0,,406,366
1180.1303660947995,1250.8347152452593,119397.99907752761,23.0065407420349,0.029961049192910438,50.238970560724965,1868046.0,,407,3
1653.963051726338,2010.6062367914046,99025.32597879534,19.94797863950838,0.20065957710260449,65.95791226990885,1717051.0,,407,637
573.0468042243102,1943.7129578041142,97915.13719376632,24.73091601041494,0.10450490516070698,46.23218149759966,1826799.0,,407,366
1181.9490119227644,1251.4557191206575,113259.83487344446,23.39458027492601,0.049366618603222674,44.85699516122593,1907752.0,,408,3
1652.7913303616044,2010.7202669922992,88019.03671957411,18.857238428330145,0.20544663201277374,60.87735057594948,1751630.0,,408,637
577.2175732987085,1941.6890795867098,79189.19937335722,23.06211063005541,0.07573647516258578,41.652924078281224,1842081.0,,408,366
1182.5405492545901,1250.7089516147034,115313.46950013377,22.25800916917702,0.034376940353093126,45.759199803624995,1911705.0,,409,3
1651.4289195494603,2009.6466330677263,82623.38315542284,17.880362423151535,0.2291527237264669,60.916934738575776,1752910.0,,409,637
578.5873945905428,1946.6119995002812,91569.87870702907,22.86726835503889,0.05904558151395621,43.18524481467109,1829197.0,,409,366
1179.1259994242694,1249.9408268217855,108282.64567416545,22.813921326439026,0.06214528465754379,43.80763523878508,1918281.0,,410,3
1652.5865715145092,2010.030969807213,78424.65325901273,18.053175193018806,0.19638389396378447,55.882816746911736,1783165.0,,410,637
585.508569419991,1946.5426054426252,89477.93742974235,22.063926699588485,0.04870240878338832,46.33499881025345,1856314.0,,410,366
1652.6759205172123,2009.8013590355401,87190.51660780473,19.028836041415058,0.17868056293411103,61.866020714493686,1740604.0,,411,637
1181.2492845593517,1251.243537634635,122972.09649546654,22.450622273098904,0.07607898712752686,48.91731870448338,1877492.0,,411,3
579.9827410070276,1946.911278431534,111821.8253201799,23.044868931306596,0.01937685626474506,48.629569770927596,1830855.0,,411,366
1651.308699076037,2009.5860910279755,76569.61580319131,17.707826619889577,0.2007490177769333,58.933494679960106,1757282.0,,412,637
1179.1222745107625,1251.28945251861,111606.66975144019,21.665336399093615,0.028746154700132753,44.745801516266006,1907842.0,,412,3
585.5319832876984,1945.2028949432172,101937.75686038267,23.93311223165605,0.04903776932405899,41.19887822534248,1886826.0,,412,366
1179.0749327939102,1251.1968300018632,110679.5101282007,22.177859662522923,0.0838485358130877,46.839429640903646,1894816.0,,413,3
1651.7153737445285,2011.1778755067446,85674.03021493765,18.63826585124513,0.23311199062531723,61.86339763892935,1746943.0,,413,637
584.3223804349681,1947.075385560606,103566.98692537064,22.915962351690304,0.04618346774411036,45.955666817490375,1886029.0,,413,366
1180.1776148205327,1249.6312331146275,117473.26142682966,22.525610023005584,0.020166813771046694,45.905703278527604,1909197.0,,414,3
1650.3860151732188,2012.2529179266805,85459.41739229302,18.48484459085298,0.24676383205405455,59.79076167758843,1763131.0,,414,637
584.3948714254844,1941.4640554261673,106218.14643596645,24.19589299347047,0.07038075343314967,46.472440356040295,1878623.0,,414,366
1649.7987367883802,2012.887037042663,97651.97681656799,19.106968502701086,0.1860120028353186,63.78390822595057,1723225.0,,415,637
1179.9286204438934,1251.3671512559845,111972.79922532653,21.837548006577904,0.008954201579584506,46.873755812559025,1900023.0,,415,3
585.2937415959568,1937.9263950711736,102372.28269462891,22.325836018708266,0.02608218853111956,47.17042515314484,1861183.0,,415,366
1650.2525732827985,2012.2161921032023,90092.61015219918,17.783930847044363,0.19576328284417224,62.8146699163465,1729425.0,,416,637
584.6801243016408,1934.4711344897964,106624.47863463782,23.38309953693597,0.04929805467059874,46.738877615480575,1885188.0,,416,366
1180.4409428869578,1249.975452027854,118677.45276214076,23.3762749229844,0.07777710635835824,47.929677045174344,1890567.0,,416,3
1646.7630469383566,2013.6630358338634,85735.01285979415,18.512409838156202,0.1945796728749636,58.853621321293396,1765137.0,,417,637
1180.6916260245341,1250.6573926930273,110559.12413534323,22.49278060476796,0.016033964320302022,44.717212278433706,1906984.0,,417,3
580.7898908936832,1940.7598101526546,98046.67114355,21.72649730990146,0.06644754993855034,47.31369557202018,1864616.0,,417,366
1647.1027556013391,2011.7784467836104,84205.76515644332,19.127306101649733,0.22050512908939618,58.743675754681625,1759044.0,,418,637
1180.5219257783835,1250.7656725023587,104739.42486428187,22.452510715870357,0.032094983349291714,43.371498921680825,1920904.0,,418,3
585.0900801509242,1941.2995537364231,99525.51188631728,22.676817163369982,0.02063011836957341,44.74401471034161,1900106.0,,418,366
1179.3267358171042,1250.5429302128664,111734.63247904781,21.940948683047058,0.03437503731972902,44.82982763445639,1915424.0,,419,3
1645.08999660902,2011.020352338969,85161.54587651073,18.843121997724545,0.2368448370756556,58.85633812131085,1760756.0,,419,637
585.6864095577347,1934.2601463611854,114964.30527605039,23.754520298077274,0.03395130836051206,46.75503495618152,1898571.0,,419,366
1644.195144504726,2010.8242399426758,84447.3301525144,18.48034121890617,0.22444421866940834,59.93463906821918,1758479.0,,420,637
1181.0897534440962,1250.770876017676,112089.01280239515,22.390791140236107,0.027278103993453456,45.815421210802164,1908707.0,,420,3
588.5035039158181,1929.1726117902922,104932.87452711043,22.500286316064372,0.03578140189507019,46.96801042365253,1884686.0,,420,366
1643.4939304412185,2009.3363039086623,92036.97761644221,19.094759901013628,0.2569394832942109,60.301224725797645,1752808.0,,421,637
1180.8746893054276,1250.8525649894327,117035.18533332564,22.380537794678816,0.022549666078132195,46.90095256450928,1901523.0,,421,3
585.9150931549099,1928.2297653671694,111153.58254386683,23.32472588683449,0.03323353308191145,49.13433125805734,1871355.0,,421,366
1638.2499212568057,2010.382627644325,85012.41112413669,18.74447390963229,0.20387319591700329,58.74457119249139,1768424.0,,422,637
1181.7415611840834,1252.3856054880239,108813.7987573884,21.926165421385274,0.01763708530626599,44.80981244450506,1904809.0,,422,3
591.9884369771221,1934.1825399155123,102387.41589949353,23.162681776981675,0.03646398497273968,44.80981244450506,1903725.0,,422,366
1635.4652496177084,2010.9030326838977,89615.35874678365,18.659022594635637,0.21225652646926912,63.71773594302028,1724503.0,,423,637
1179.138300002931,1250.965252200588,119124.81704824865,21.953657797519952,0.037488255203388436,47.715564815777746,1884872.0,,423,3
594.4428091517573,1930.8594457027968,114322.42001868018,23.644943879906084,0.01742324490899529,48.00651338172761,1880762.0,,423,366
1631.5825870999788,2010.6889590576882,82085.66377526445,18.36877492999643,0.2666562281416223,59.70184160196271,1757134.0,,424,637
1181.0927819083024,1252.390810126307,107169.7565599486,22.05419677482062,0.04372831805769035,44.84918832537687,1909745.0,,424,3
604.1518886237716,1930.4314110082096,115219.3121788669,25.172870086689414,0.06665511224485424,46.59655929909285,1904041.0,,424,366
1630.1077855332644,2009.2368719117667,81557.0192808476,18.197266606732626,0.25774373837179665,59.755288014949,1757818.0,,425,637
1179.999946632376,1250.7909310617363,113591.91578752844,23.433395698926564,0.03658820625345815,44.16695201104926,1913470.0,,425,3
602.1948694421586,1929.4597670179119,118922.54935508424,24.7380951565755,0.054922108432909095,47.053680900660325,1895892.0,,425,366
1631.4892728074644,2008.8715437925882,83039.4707890161,19.11664227519296,0.26772325655609386,59.90586854011849,1760750.0,,426,637
1182.2454876650277,1252.0540284015115,109181.1425980206,22.007804705113887,0.020170641393885472,44.85842288786124,1908864.0,,426,3
598.0588020818838,1923.5779008600296,102007.48581885864,22.29052545007986,0.006396632795242256,47.69756357696638,1888221.0,,426,366
1629.5523198964345,2009.9833840602664,77844.22937199201,19.807409962339957,0.19714150942744324,53.8716244913663,1797031.0,,427,637
1183.019312673657,1250.618375687022,105721.32094709645,21.58371702959612,0.0739680435042699,43.68693926414282,1920167.0,,427,3
591.5617658693932,1917.4840874972106,105691.30292747937,22.98173325262895,0.033969314043405065,44.759011393324236,1912364.0,,427,366
1631.295383608976,2010.0898468626149,84484.88051142934,18.873020097807895,0.23927383603110433,61.734530226975146,1732660.0,,428,637
1182.188524208084,1251.555273571029,113518.63007717574,22.765210497316616,0.06894284983445657,46.44788464696225,1904131.0,,428,3
590.40573798527,1921.3333265771985,116032.40135322747,23.00979702601525,0.03070808767061979,49.6815981350419,1875015.0,,428,366
1180.0966785008611,1251.3433157933664,113084.43415575725,21.931597535686837,0.03873275712511643,45.70407758220766,1902763.0,,429,3
1629.2733294077887,2010.870213129205,85735.17387445645,19.06373430721972,0.23605898901278718,59.445172803002116,1762833.0,,429,637
586.92710405066,1918.665639460642,120006.66023296313,23.796191323442457,0.058274508168843955,48.98999165674547,1880223.0,,429,366
1628.9569761248886,2011.3916872709574,85441.98155925689,18.299164829934863,0.23130616783361282,61.77973885039579,1735058.0,,430,637
1181.1578275059,1250.5288489748443,116073.88290418191,21.967465808113875,0.01504332197944549,47.916968181526485,1895897.0,,430,3
588.8640506347441,1918.105313704246,124891.2077787423,22.3179142416776,0.14624707827780717,53.944259776687055,1840870.0,,430,366
1625.1744671842387,2012.1228114280423,90375.96464754922,19.357662445726547,0.21715741350522336,61.88312184567012,1738671.0,,431,637
1182.141660922883,1251.491914716983,116674.19876600288,22.451702472854212,0.02739458923519429,47.832364711629076,1887593.0,,431,3
587.0118444808525,1922.9630718605397,128823.9183550361,22.51043357001318,0.22544151584568142,57.99674221285025,1801474.0,,431,366
1626.8448697705978,2012.8700837748258,80352.00100658034,19.43099529557836,0.2566294438131726,53.998591380312746,1799807.0,,432,637
1179.9539134906245,1252.5274841207954,108579.37145701227,22.821250484729177,0.029790538375970448,44.56194434297654,1914179.0,,432,3
591.7633405370977,1926.2692052440811,107829.15801754403,22.555297542964727,0.2113906289686331,48.756009692903746,1880839.0,,432,366
1626.553807077059,2013.8374919127639,80365.08946494746,17.397539028034828,0.24777831900633718,57.77168419091343,1760146.0,,433,637
591.9481464275759,1922.8638506921861,118437.45465653358,22.60880158345927,0.16479167792868726,50.61899948156225,1865791.0,,433,366
1179.7321643615662,1251.2873955406342,105541.16412557338,22.10108122645633,0.04506355405914872,43.74141803026303,1923756.0,,433,3
1180.3731596710657,1253.246695505888,109040.69275722314,21.38296175376574,0.05370923349674834,46.99882528484431,1899297.0,,434,3
1625.168825705425,2015.4376833966096,81928.3522365406,18.324054261523244,0.24860852949716622,58.9621626300774,1764595.0,,434,637
604.9152586073949,1921.395648590816,118206.88789459459,21.822476296697786,0.15369159125128032,52.69565259209816,1843598.0,,434,366
1625.5451822465025,2014.3455637935022,77726.51132482936,19.154944650283905,0.2615367327129049,56.72894007838887,1772124.0,,435,637
1180.5420372615743,1251.4781893326033,107702.13942951744,21.28717399005104,0.03472563035367602,44.93381392347633,1903203.0,,435,3
598.9975722249844,1916.9266140207974,106190.95910000353,22.437963252963534,0.12902639313589845,46.89966828262842,1884907.0,,435,366
1623.1177191927181,2015.2209424048972,83288.62843227979,19.146222134244084,0.22803794338267996,56.741590798001255,1777271.0,,436,637
1179.7074868582017,1251.0818297682847,108151.68636697275,22.852853233695384,0.01692589337972792,43.73254315163023,1917440.0,,436,3
591.4669229740101,1906.6873003466721,117925.90976136211,22.71583430154373,0.05549492552948744,47.88436686855715,1887980.0,,436,366
1621.8093730165062,2014.080796484425,82580.8314239025,18.598942542894697,0.2769294229834585,59.86256019449295,1759937.0,,437,637
1179.9786734693878,1251.5352015928322,115085.05591458023,22.29678882566471,0.06399334428669552,48.69203460796077,1876022.0,,437,3
599.9178761368396,1908.5968656335767,122414.92566547624,23.488839310067696,0.12042122345816297,48.97845834094878,1881150.0,,437,366
1623.1033667595843,2014.159044998733,74505.10614533466,18.980632118355594,0.2608773754079313,52.86536873071568,1808248.0,,438,637
1180.4577085610795,1251.2902940712581,99185.68114704592,21.70510745026811,0.0017155052932993212,42.885681776447925,1925774.0,,438,3
603.6637462746223,1907.4685512405406,100546.96439186185,22.476594272663718,0.12402038062427151,42.885681776447925,1923356.0,,438,366
1622.37216128116,2014.4384544114266,84673.57428567435,18.638157885235238,0.20007923820510523,59.840588863247596,1747820.0,,439,637
1180.700492889528,1252.2248798465025,107291.88528294693,21.778155542588685,0.018671719641797084,43.806746871181254,1924329.0,,439,3
608.0952499111069,1906.9618718967356,111927.38353029611,22.234973196183002,0.006767982827673792,46.95625154819429,1892296.0,,439,366
607.543106206014,1905.5061255398273,106862.31020509299,23.45522895251997,0.10151574718904176,43.79953133406122,1917428.0,,440,366
1620.456771434709,2014.6499724765715,79567.7242152085,18.230553252250452,0.2566548281299645,57.954257923727354,1769597.0,,440,637
1182.401756607269,1253.888038277512,100192.76327823011,22.007396002301025,0.021467816659203522,41.93003914297324,1930242.0,,440,3
1619.8528453867075,2016.0107329660366,80033.17426835869,17.751267182234482,0.19096249960969822,57.76855803595178,1769056.0,,441,637
1181.6745947020838,1252.048996828786,106659.17709490018,21.7679095022679,0.06651088103549796,43.81480005625328,1917308.0,,441,3
605.7531547535231,1904.9935496799212,103057.99123549959,23.698425115464584,0.08110331352127162,46.60555165219298,1892491.0,,441,366
1621.2094085132192,2015.4401448735975,79048.95884265073,19.260771117879937,0.25737970409993643,59.93015102618738,1744020.0,,442,637
1181.62989602161,1250.5243758317279,109720.12049874385,21.97232742074327,0.015266193887070617,45.764842601815815,1902883.0,,442,3
603.7844760559622,1904.7874940766742,118422.52324730104,24.33384227658394,0.0945735864878618,48.761350153125186,1885530.0,,442,366
1620.9666247177065,2014.9359249745721,77992.73603813833,19.11658230075441,0.26906231729465985,56.739591097788846,1778964.0,,443,637
1179.7761169395187,1251.5720968856704,104270.69614082565,22.3307183646167,0.03685116667515179,43.832006393078586,1917748.0,,443,3
602.8788529798605,1904.5635346323602,112653.36568249091,23.023742108363468,0.06507445043420888,47.59671859861908,1890856.0,,443,366
1624.4736075374603,2014.3714545179355,71782.61872711784,17.409310189592034,0.24290749682181345,55.952850982996345,1778719.0,,444,637
1181.838183697645,1250.688022354181,107994.16309703089,23.475950445006518,0.018429864643772033,43.73014081680782,1917361.0,,444,3
600.8485296269203,1912.4752816386247,111389.63198119806,23.520144727404407,0.03275502524769424,44.816603942691245,1910817.0,,444,366
599.5086291168661,1921.5568984840045,110461.12217320282,23.502083087217038,0.1684145504520676,45.71319701687017,1904276.0,,445,366
1181.0349130159045,1250.7978089209994,99354.54498663914,21.659947214943564,0.07410239353432643,41.75962322081653,1929134.0,,445,3
1624.1486617241997,2015.8821629530735,73292.58652305357,18.432322332042396,0.2189657447542802,54.8558364202442,1791782.0,,445,637
1625.3400047209486,2014.8554425556956,86211.40015643588,17.71631602030815,0.20211765590898584,60.763320333539696,1747590.0,,446,637
1182.1351855553335,1251.5502903386173,111848.64880678552,21.817384999274392,0.018571705878066464,45.859109685690335,1901640.0,,446,3
597.6807825987552,1920.2021535086333,117841.57458439864,23.59061321345831,0.1529094097969327,47.86544573443929,1885961.0,,446,366
1625.5387531333388,2014.3631891323685,84210.93903712019,18.750334052710066,0.23310800420471997,57.74308749371547,1772284.0,,447,637
1181.259280214637,1250.867995025174,104463.50985637825,22.214799592764212,0.029720293121974634,44.12443478293352,1907653.0,,447,3
596.5364982087532,1926.5819775454827,120353.75383931863,23.188214866189846,0.18592653015418956,48.75477670459939,1872055.0,,447,366
1180.1894122256408,1251.980933567497,103391.9575881766,21.147617624331737,0.014495591170690702,44.75756478705243,1915266.0,,448,3
1623.4064043181736,2014.0244866698274,77671.37144912597,17.94918995083946,0.21752721991644536,55.80531812056537,1787799.0,,448,637
599.5432295762014,1926.300569784146,122849.0341385784,23.30501644342058,0.2040297142468612,49.8565278640584,1876075.0,,448,366
1623.5740092172653,2014.207384802503,74475.50394379925,16.846244683501492,0.21637312718630292,58.9330130926952,1758011.0,,449,637
594.198258467155,1927.844816103012,110605.80637799864,21.096652895969296,0.22488308759275172,53.74909064472664,1820827.0,,449,366
1180.7596326820901,1250.117707505334,104346.3564410884,21.66745699264532,0.005175408939160663,45.56394993740786,1901396.0,,449,3
1624.378410147677,2013.951318677231,74113.4509761793,19.371046819858417,0.23689055802985146,54.03502730845197,1802413.0,,450,637
1179.704951375565,1250.9533463437665,100439.81252090383,21.940270173736156,0.04882431825011748,44.11022637424651,1907509.0,,450,3
595.7497420588695,1927.0721851134044,107682.16031372541,21.654393805743165,0.21911708856411488,54.31071622329102,1816793.0,,450,366
1623.8672102917722,2013.61243738537,72646.83445839857,17.509742597857066,0.20907610536638557,55.901175897822284,1780778.0,,451,637
583.0781565896563,1927.997032809426,109929.11967320443,20.767134138698225,0.2102406051791914,53.730256445479675,1832173.0,,451,366
1180.9967769050647,1252.864741906784,99432.99548605944,21.751891035737735,0.09150794806121168,43.68975397839509,1916107.0,,451,3
1625.1203816094232,2014.1941458067552,86709.20903903557,20.392504421854742,0.2173409771466525,59.8738918206799,1759968.0,,452,637
1182.2789302773613,1250.8865654077995,108147.82120987705,21.521848541589467,0.0037642893754732502,44.838295668401535,1911692.0,,452,3
585.4516688572811,1930.1126496987702,109900.00514719434,21.008886453360923,0.25617979629194265,55.84649999417677,1806083.0,,452,366
1181.0104506696737,1250.9160756325796,112201.20712083031,22.582954275898647,0.0672852138631454,45.78214131139583,1896737.0,,453,3
1625.4815431728362,2013.7013042548642,80458.36754321634,18.757534851356375,0.19777832993146746,57.99071232776806,1761941.0,,453,637
582.6730516344223,1933.9211362669937,112885.16456527026,21.691876810721748,0.24703551236065488,54.938569573675004,1817920.0,,453,366
1623.8522760100698,2014.225757638287,80133.19441583518,17.634487486568066,0.23254812545009862,60.90488756104293,1741881.0,,454,637
1181.140877212812,1251.3085826699607,102404.54094686742,21.536814719703038,0.03417758366861586,44.92079942285067,1909995.0,,454,3
581.105973943837,1936.1286444621242,109807.10286893608,21.506371485823518,0.20541549522055466,54.8419575775907,1814875.0,,454,366
1181.309978617444,1252.1251030113538,109334.85184567618,21.335587992124935,0.04361425865890339,48.79269557330498,1879028.0,,455,3
1623.5323276230604,2016.6079713540153,87526.61231624329,19.280915645875854,0.2065993303805864,63.759780104993624,1723125.0,,455,637
581.4752217921791,1936.2985864772916,127845.54331108743,22.00801571052371,0.22605553361085975,60.46702150802212,1781333.0,,455,366
1623.4143030245593,2014.751018791801,86381.71829861298,18.2328281564505,0.22993630070048035,60.81407694792823,1746141.0,,456,637
1182.1046122347343,1251.3240461500152,116240.55295393591,21.76124306971875,0.038699247223309724,48.82668678030776,1879520.0,,456,3
582.254124358828,1932.8227300587046,125457.39411598635,21.76090289765558,0.21117015122926658,60.81407694792823,1775170.0,,456,366
1626.1094944064616,2013.952735736964,85184.66678835764,19.44366797476496,0.16612441272895453,59.73330225327481,1758557.0,,457,637
1180.3520476926983,1251.210929751147,105670.70057363702,20.762091204940997,0.04110118594152014,47.84195041581732,1879166.0,,457,3
580.4539392472177,1932.226544167172,115373.49058687035,22.202136995976954,0.2538309105363996,56.13824239543882,1806923.0,,457,366
1180.6759561917406,1252.5790535134195,114293.11627688917,21.946291374268508,0.035660397375029636,47.88886216644312,1883432.0,,458,3
1625.6849209881661,2013.8544252402971,84908.39505671107,18.274488640395266,0.19461265312877865,59.7168341473116,1749276.0,,458,637
582.1327256596298,1932.3618235072495,118685.04421437068,21.33879174770458,0.20411528958588684,58.85137278285781,1789757.0,,458,366
1181.4112483606998,1251.9527853232005,99642.43262463852,21.177284489897502,0.017085788129557244,43.74651832990783,1913578.0,,459,3
1624.243873072319,2014.0466773536432,80636.4049417074,18.899689594004865,0.2561499103534941,57.85829843632971,1767848.0,,459,637
582.2173721851235,1932.5385314191822,107184.05014911249,21.23174898107428,0.20117148945646338,52.77805759801783,1828613.0,,459,366
1625.3248798352026,2014.006098913675,79371.53524487399,18.382884909463783,0.20372302245960489,56.73687573184999,1783975.0,,460,637
1180.0814615464237,1251.3920837441913,102606.54357106063,21.90313968459213,0.04055003600486357,42.76227579789679,1921518.0,,460,3
583.7096796725841,1930.831725918529,108035.39615340276,21.539217735748295,0.23642752882042609,51.42652775694778,1845324.0,,460,366
582.3197166434827,1932.3968228823753,106170.14638977,21.951901719427127,0.24756064981566941,51.24371567818231,1848235.0,,461,366
1180.7774381643346,1251.8035445783726,95949.52160068516,20.81874301553735,0.017799767102326097,41.78333739913327,1931189.0,,461,3
1626.7952163610105,2011.5600764113124,79512.6399174085,18.933491352197517,0.2248314769634754,53.871598533473716,1798757.0,,461,637
1624.6155476285387,2011.0454633727527,84393.87421787258,18.86515750026768,0.20231922404817532,58.944108447941915,1760329.0,,462,637
1180.1001587640826,1251.4723943862648,113010.52003875755,21.659255116781903,0.011399441301585728,47.73035123101638,1891764.0,,462,3
580.1058220056425,1930.8623871810844,117714.25989290331,22.040277274744312,0.2591994108205665,56.64385055729052,1802228.0,,462,366
1626.4802067257654,2009.96408139827,80093.4576921,18.233886056597363,0.23111535951011103,58.928180120161144,1761554.0,,463,637
1181.391714487451,1252.0141600872971,111956.35586487688,21.46054186593471,0.043917509513966176,46.855089558957395,1890410.0,,463,3
579.9985245451335,1932.5258113039724,109880.93410649852,21.013599143616982,0.22011295285492247,58.640725582989624,1778568.0,,463,366
1626.8042877752935,2010.262521110678,83094.84734066512,19.4766209153898,0.25513803159038834,56.81582418183909,1779806.0,,464,637
1183.5892150118107,1251.6418193714128,118099.07661909619,22.84175112494748,0.016975670865864573,44.88450110365288,1921280.0,,464,3
579.3877546826978,1931.7727999906067,96776.9500410147,20.06023771274947,0.25889079327820663,56.81582418183909,1792446.0,,464,366
579.4815194420005,1931.728640405378,87078.12124045992,18.836080718371143,0.2664595113615409,54.76064984449321,1808153.0,,465,366
1181.1412715316694,1251.8150370148267,101852.7025319172,22.857352595863755,0.09855926433556335,42.65012151349952,1926614.0,,465,3
1625.2821958906381,2011.0672873740616,73010.16294988061,17.286325867604837,0.23370190942681768,53.970832779428406,1801618.0,,465,637
1179.5169134628447,1251.67172837829,110250.84194217343,21.863915200304508,0.01613198811718419,44.93309683827201,1908529.0,,466,3
1626.0311288768335,2010.8838181234162,77714.84199453972,18.538580235180603,0.2356373555868956,55.75032385489305,1790913.0,,466,637
580.7345499757052,1932.4734958698946,97041.62093090265,20.208142416404463,0.25359226818246483,56.85978303608495,1787362.0,,466,366
1627.8668201691808,2011.4022520262004,86978.15126144512,19.174574614563507,0.20134170616865976,57.91297163835517,1774064.0,,467,637
1180.9633727533183,1251.6436263494998,105251.26288400633,22.62307074965633,0.02143134280100506,43.64869290969626,1915082.0,,467,3
578.4747546157131,1935.670092102175,100885.25245073841,21.049133971824947,0.27552022172783713,58.7688283620747,1775215.0,,467,366
1626.6675412372947,2010.7046249076777,79662.03319768804,18.234469791583493,0.2267637104551629,54.91421414112776,1801851.0,,468,637
1182.068176746262,1251.1242971679885,102947.90139002175,22.469389588188005,0.07242746023623776,43.70723166334658,1918558.0,,468,3
579.7795422282669,1935.2383883054233,94143.97613003882,19.792976863144492,0.23401848333101913,55.47456326501681,1801361.0,,468,366
1625.039309249481,2011.471665714644,84775.1696672414,18.342618090333957,0.24450754698545452,60.826187188973236,1748659.0,,469,637
1180.115642436603,1251.276882030759,115098.79561746462,21.469545190463226,0.016672042819113983,47.8341860418139,1889227.0,,469,3
576.8406921848133,1934.096384929235,116081.16806784188,20.936307359310845,0.25101572117581283,62.893096462384946,1754328.0,,469,366
1625.2890439188823,2011.1338571309986,77501.27580698152,18.751655874584156,0.2416510573973892,54.82281247647197,1793314.0,,470,637
1181.340734742368,1251.6102976640757,110186.58066380871,22.042361220181494,0.03892253024997492,45.59244098808638,1907286.0,,470,3
578.5484157571121,1934.1728781147951,95075.62341264075,19.666704105919962,0.25856042241956967,56.7807700649174,1779704.0,,470,366
1625.1170141350515,2011.747335169489,86623.15588596155,19.533477763011845,0.2517925376810232,56.79191290651907,1782504.0,,471,637
1182.037320526994,1251.336997317147,115768.27647263388,22.95636206334856,0.033008914218568365,45.92264727847715,1907455.0,,471,3
578.273395308117,1935.372281264327,104907.70625709438,19.604303459914963,0.22294209922800395,59.78096095423061,1772234.0,,471,366
1626.1455338088028,2010.5008846651954,78668.55187466167,17.71583204357273,0.25793132831085996,56.82422804729041,1779890.0,,472,637
1179.8739598666994,1251.5808595027804,112298.45019188155,21.387718610936556,0.05463685965915745,47.92750547422979,1887754.0,,472,3
573.2253934942288,1940.4393348490148,98460.8896892141,18.662371542156013,0.20150512832910497,59.69413855472932,1773470.0,,472,366
1624.509468355127,2012.74934825525,83508.98613249986,18.736380214456485,0.22354310197374022,58.8783185919647,1777900.0,,473,637
1180.9514328059408,1252.0482205996084,111041.34954003316,21.426776437540518,0.061371115871029974,45.953809632752936,1899605.0,,473,3
571.7823557897897,1943.6303732799415,101418.0473803143,19.48262437097219,0.21982060341478524,59.73995252257881,1762633.0,,473,366
1626.4640771785155,2012.090671176565,86353.91281821748,20.087702886988207,0.2002766321110683,54.89928660656733,1803229.0,,474,637
1180.5386260023583,1252.2277628538454,106449.45022874276,21.65684023694191,0.02400986369470286,44.772233737394714,1913538.0,,474,3
570.9200189609618,1945.727884955206,95013.60902692523,19.287604296636975,0.2580510941694344,56.76479634562544,1790459.0,,474,366
1625.4194163496481,2011.244497744887,86545.29361477453,18.10921090885244,0.22855597113722223,58.91906940198154,1769892.0,,475,637
1181.7220730019903,1252.1307958494579,110593.54822874443,22.16724234811947,0.027218817345830516,45.55316939875424,1903433.0,,475,3
570.2870422349608,1947.1907491599131,103497.0736474391,20.218630607788786,0.24084378648576887,58.91906940198154,1776928.0,,475,366
568.8208933975095,1949.845522865027,89010.71633032004,19.360636966960087,0.24020116028807015,54.73301795050772,1806364.0,,476,366
1181.6704229173156,1251.6684761311456,107333.87478794839,22.36780684589718,0.02175571300729847,43.94818682725497,1925799.0,,476,3
1625.8319510216897,2011.1543616635581,72136.23031332261,17.377002728063992,0.22418916934301883,52.845672503938495,1817587.0,,476,637
1180.0167665276197,1252.1581519403362,106278.2593573224,21.956100176866904,0.02168939294043436,43.79561692641525,1923304.0,,477,3
1626.792778246799,2011.676192486281,76381.70539779955,17.830114911258942,0.21454458599916623,53.73695328394509,1801497.0,,477,637
568.3694514715339,1952.4518907985575,94845.45386139666,20.763883790894827,0.2537207934068291,55.886431415302894,1802389.0,,477,366
1624.2480619323464,2011.8532968604734,78087.05901853362,17.758955625227674,0.2023541830030741,56.96116727376407,1776335.0,,478,637
1182.269078602874,1251.822343540911,115179.94777008222,22.642050306038275,0.017352414707075027,43.83776108814195,1927697.0,,478,3
568.5975133468468,1952.5583435635367,97802.88265186931,19.711300272629824,0.23368386494460908,60.032602764016055,1758451.0,,478,366
1182.0648643392005,1251.4668515167111,118369.3777803861,23.84359230181391,0.09227575208734318,46.606207051525,1901959.0,,479,3
1625.399110996348,2011.920546067112,91333.56628624996,20.008626654651014,0.25447758698722184,58.95965952301355,1770533.0,,479,637
564.2123548462182,1948.9163862491487,97702.61331615264,20.695667905197297,0.30912721465382853,62.89030349121445,1736948.0,,479,366
1181.7692666069372,1251.562055548445,106200.79291836254,22.78449183027022,0.024915158449976816,41.86592118117965,1935185.0,,480,3
1627.450371486955,2011.2196142513246,83682.09259887777,19.425584252877055,0.23065865938653077,55.73060936455733,1789754.0,,480,637
564.3814723091098,1950.2196814535296,92648.1961474264,19.336109140587055,0.19868553560864513,59.80845883025665,1768122.0,,480,366
1624.7320858703683,2012.8717913968294,86762.9832645266,19.531710972056743,0.24532932888500508,54.87270366413112,1801731.0,,481,637
1181.1592166825014,1251.7919527366687,109323.5034281508,23.008240112400788,0.013565044330871094,45.353969355047155,1902717.0,,481,3
564.4893685485168,1950.5683430290817,99184.93153788117,19.762586764130543,0.23084670482120798,61.87177300904581,1754341.0,,481,366
1626.2482271215072,2010.9215865409478,82371.60769568205,18.850523705716974,0.250889891294056,57.93118083849875,1771597.0,,482,637
1180.817367794424,1252.0291199523763,103039.1244125698,21.19447281538733,0.010337357195118404,43.73236200553337,1917959.0,,482,3
562.4355064980032,1948.0163688788332,95139.46956666118,20.02472443924584,0.22100907493782898,59.9190154751139,1767215.0,,482,366
1625.423997737206,2011.125224764124,82714.70532037868,18.85886616862459,0.2280732246775086,55.704264504696425,1792058.0,,483,637
1181.0606376771464,1252.000430194725,112652.96227842777,23.66579169371277,0.10138642333003657,44.84193292628063,1909299.0,,483,3
562.2792581938262,1947.7720906349382,98176.25949762473,19.785536461509547,0.2540600653181487,59.88208434254866,1768906.0,,483,366
1182.1616477242353,1252.2682830993595,105206.8843396553,21.540626592997878,0.0023392649126390765,43.86947887015317,1920243.0,,484,3
1623.7084356026353,2013.1931798740995,80544.64442020937,18.415229111493257,0.22954926468508727,55.9617070202595,1783476.0,,484,637
559.4086309854542,1945.9367312562508,96162.46011259205,19.799536809829895,0.24753528318074672,58.77385310167958,1779442.0,,484,366
1625.2750766994202,2011.4598658210357,84410.48644203895,18.167153770631508,0.24575800091137365,58.86924791071204,1761660.0,,485,637
1181.6359109119237,1252.0550325759261,109276.8014832346,21.508802826583327,0.011884864763888945,44.773794185611976,1913079.0,,485,3
560.8871476026693,1946.2849663403592,94016.67634641744,18.98952154340759,0.22550500964947007,60.80391802984342,1765166.0,,485,366
1625.56529054613,2011.8659726232656,85559.24165033763,18.69955603403668,0.22030214262150202,55.820698012831684,1784026.0,,486,637
1182.7807692307692,1253.2537316849816,104996.329200021,21.897096549579064,0.03355389524987628,42.73354871795727,1924083.0,,486,3
560.0066960044157,1946.0635366364945,88549.52172187669,20.353924501642428,0.22646836121079522,56.88903673078062,1787877.0,,486,366
1626.2168176636255,2012.026920194763,76876.69477395498,18.717171543118432,0.2415065538640315,53.786083432961014,1808829.0,,487,637
1181.9905956430962,1252.8975414722752,107621.03848487888,22.23509701565521,0.032022566328762075,43.957154480744784,1920422.0,,487,3
560.6468718357829,1945.92238041177,88981.83985602195,18.728479759386694,0.22630492650367862,58.973573713297355,1771867.0,,487,366
1626.7063599993915,2011.7595430414215,85855.080997585,19.483148192176248,0.247710844402796,54.85196613727878,1801167.0,,488,637
1180.2294346978558,1252.09892154629,103176.54830422139,22.174562053128454,0.033102843275414344,42.83677355482724,1932348.0,,488,3
560.987735625838,1945.5923938432418,86105.57164294523,18.894207779772273,0.27172985948954187,57.98636420226614,1784284.0,,488,366
1181.9884942245103,1252.9141494181965,112837.88507915828,21.255809138490406,0.04439086351314751,47.70688519109682,1891762.0,,489,3
1623.7946626893724,2011.8305829251624,84290.56505009088,18.644681718052144,0.266625594677259,58.80848740537722,1771721.0,,489,637
559.8886662153013,1945.0269224403821,99711.8906989387,19.978154020834673,0.24907531392025314,62.70905034552979,1744280.0,,489,366
1183.0832891299283,1252.8755000768397,112752.48528421464,22.34580565595242,0.046130414266056546,44.996133558957155,1910158.0,,490,3
1623.9769818072311,2012.3437175603622,78884.37066884131,19.119030934939204,0.27483688479671836,56.73425535694597,1782378.0,,490,637
560.3978780073245,1944.6909618181498,95697.55326991773,19.53950698603734,0.19672360360189534,61.76487898465547,1743950.0,,490,366
