y,x,mass,size,ecc,signal,raw_mass,ep,frame,particle
145.13008612021372,1800.6192428401666,149169.89261368505,19.890066264403167,0.205158296087711,81.81458735567355,1586551.0,,0,0
1171.836791994841,1846.2071211715008,114053.66682367538,17.51486077637324,0.04908110362134288,76.85612751593575,1618322.0,,0,1
1255.483485344904,1392.7558934160832,107325.45002613784,17.354658548736726,0.02777480835003904,80.98817738238391,1580984.0,,0,3
1247.3017443622252,600.4409512125981,169085.13335500524,20.263726477779652,0.12055738627595178,81.81458735567355,1592660.0,,0,4
1271.8437085959094,236.48064054019517,122876.41969851548,18.534003378703783,0.3035815090165909,91.73150703514912,1492494.0,,0,5
1303.8759738537883,1130.6721579884422,196344.26632396373,30.696870273352598,0.1901284774130259,54.956263223760516,1849792.0,,0,7
1159.9431143401005,187.13433084839338,108971.24548794414,17.55758412440197,0.31845082536635255,91.73150703514912,1483074.0,,0,9
1542.1503737841076,1078.5214054403168,136911.75347987993,20.117462024005995,0.0967136569055357,66.11279786317054,1734582.0,,0,11
1538.3894589922725,178.14688115834585,109241.89475419649,18.120375355966324,0.2978573624477882,94.62394194166284,1452157.0,,0,12
1703.1644520985199,517.9214582993106,83496.74485630459,17.116587200525505,0.23995912079938464,102.47483668791435,1377067.0,,0,16
2052.959048405381,2094.4485868931306,126115.94679381084,20.58963644376989,0.31369631832123673,79.74856242244947,1607243.0,,0,17
1463.511672981736,1434.0885640854428,184408.01387475495,28.023245565473786,0.15016492837611883,55.36946821040533,1849394.0,,0,19
1316.1784178836692,741.2861707655677,159832.23408906788,19.85929452002446,0.1172968957539129,79.33535743580465,1617298.0,,0,21
994.1550809241227,979.6862794221516,136893.9856654542,17.369876400633775,0.042318643184955304,88.83907212863542,1516920.0,,0,22
1106.2503013560167,784.195828481473,121004.18790402781,17.335000485018174,0.10959165058169158,86.77304719541134,1530575.0,,0,23
350.3241914572237,1932.3188831067605,162219.73250190163,20.475698342410585,0.17501662925303665,82.64099732896318,1592147.0,,0,26
456.4349497267947,192.03676196022678,120616.60162655498,18.833637757207974,0.3401028976572094,98.34278682146618,1428303.0,,0,27
474.9519132806766,2469.009133683161,150874.36318359492,22.999248800193023,0.3345782930375576,85.12022724883208,1561053.0,,0,29
521.2648781792335,758.1336580010416,146784.87343077117,19.594639880081097,0.14011873250432919,86.35984220876652,1547436.0,,0,30
540.1881431720954,1517.400482400669,119575.73826519669,18.01171448513229,0.016449384296173725,89.66548210192505,1508473.0,,0,31
543.4690838847462,2333.3404672061815,137756.7576775686,18.967867875914315,0.29914131563810625,89.66548210192505,1514622.0,,0,32
565.885962590151,1256.1271444159634,127993.55025312488,18.135073946103713,0.05476388043112565,81.40138236902872,1578008.0,,0,34
778.1126080518931,1901.0950207995488,146512.1581395856,19.006334623868163,0.061956109108517655,80.98817738238391,1591277.0,,0,37
801.0935804661356,999.091629573981,139154.630147388,18.276388351972685,0.06549341413137645,85.94663722212171,1545462.0,,0,38
896.425390360234,1778.6310326625082,132288.81608929773,17.735369222951633,0.059987213958096065,85.94663722212171,1542574.0,,0,40
965.8647841373761,1500.9161128194953,112469.0256998925,16.511216887745814,0.03071816710350764,89.66548210192505,1493121.0,,0,41
993.3693805777597,979.009976036824,146571.38816463953,17.77332421770397,0.037819086125100744,90.96645685065867,1508597.0,,1,22
1281.7421313443026,252.4113457114912,155439.35428456694,19.742101895531537,0.2654797977400925,89.70303383884398,1519367.0,,1,5
1249.552587929083,610.4965913299291,161479.77970405304,20.039579454215755,0.20149677713502073,86.75504681127633,1547262.0,,1,4
1117.415458937198,776.3275347930403,117077.62023583316,17.430789983579533,0.10701047521347172,91.80873885853515,1484791.0,,1,23
1176.9556811083983,1848.568660922151,118667.4275257,17.1517718264684,0.08116798962194259,83.80705978370868,1563246.0,,1,1
1118.4899340221712,158.2979665890903,166661.91975751304,30.78161060916769,0.2806562401056685,90.54531584672044,1524196.0,,1,9
1318.327438476308,738.4724439811293,158363.3362749101,20.044017059199483,0.18919796408108303,82.54363677189399,1590620.0,,1,21
1228.0420060450017,1383.635047576402,94051.31470450625,21.20077726060059,0.11130178207902784,61.065445571044016,1774912.0,,1,3
1315.718250395139,1098.0408292464876,196907.42437834915,30.54593601928924,0.19993300272249057,58.117458543476374,1838831.0,,1,7
1538.5479357572174,176.4354088369016,119676.481371136,18.90077927201332,0.32604978679687685,98.96813592548513,1422114.0,,1,12
1484.8582887930293,1452.0712487325347,196039.45276923245,30.223719421453236,0.14706198894812483,56.85403553166167,1855067.0,,1,19
1540.6264664101398,1083.5337222612989,152678.3538627479,19.481977371815066,0.10397839473792046,76.6476627167587,1642493.0,,1,11
1705.4840709094585,522.163233275519,79156.8208182227,20.712995867060556,0.324973605430024,86.75504681127633,1508563.0,,1,16
2052.0377118630186,2094.461762267823,128536.02467098465,18.773242220978023,0.3172739042392531,87.59732881915279,1519785.0,,1,17
966.3631242904763,1500.177234502556,116485.07484329207,16.97438276352148,0.008544738896355927,90.96645685065867,1490961.0,,1,41
468.38002128153744,2462.6640244791693,155937.5640922259,22.923901285908844,0.34459006764819494,83.80705978370868,1562858.0,,1,29
899.18741674889,1788.3513597681304,136584.45039724826,17.423856300397787,0.08147477274197472,87.59732881915279,1526466.0,,1,40
361.09255490951887,1922.3997656640856,162463.9862302567,21.474467848798803,0.18387589851744007,81.28021376007928,1604519.0,,1,26
469.17513436359513,194.44685492790535,124511.60123735087,19.80208070497226,0.3637634266716595,100.65269994123807,1389360.0,,1,27
494.1218998482027,753.1320263650998,146763.84960343933,19.29568687629665,0.1582953609872526,89.70303383884398,1514831.0,,1,30
141.52428279705234,1781.7584045792357,161274.26289413119,20.84236383153855,0.2163727706388769,81.70135476401751,1594424.0,,1,0
847.6672234522575,1008.8325943779603,150267.32161520148,18.417790301217142,0.024931255154652165,84.64934179158516,1566287.0,,1,38
570.6001685758108,2344.459405010294,152391.97798006987,20.617092447145573,0.27604509908813984,86.75504681127633,1551373.0,,1,32
630.1265220198164,1320.395741993432,150039.90547307485,18.725751097758515,0.06711147821246778,82.96477777583222,1592021.0,,1,45
740.1343989335613,2510.0070959669,133951.47684062642,20.291944300847163,0.33035815857731177,88.8607518309675,1509980.0,,1,47
754.2039406220301,1888.8201849278862,145794.3830123735,18.542209404592846,0.09753793067345835,82.96477777583222,1585985.0,,1,37
538.7735510317035,1514.9068232526765,121745.54712348455,17.370072187145254,0.06146345554238324,90.96645685065867,1490024.0,,1,31
1316.0885624137943,729.4125413699553,116885.83884641719,16.97940696157311,0.11716580853590036,85.32741307502843,1540796.0,,2,21
1247.674239629475,594.8110834354342,152344.3017144612,18.94727983053113,0.06268340698011957,82.86604539017183,1580550.0,,2,4
1105.8339923336043,138.06838192589152,176582.61999108648,20.662212888948535,0.20832762695629098,84.91718512755233,1578471.0,,2,9
1189.0555852859186,1855.6337359174265,117285.40086725891,16.917360028534112,0.08701528333115145,78.76376591541086,1595773.0,,2,1
1124.5084662473323,780.2811025777828,116872.30132415048,17.904879841658282,0.1500991773467296,86.96832486493282,1532210.0,,2,23
1313.0792388568486,1085.2823011471617,137069.0538622412,24.32336074700913,0.1154664782969658,53.73986111936887,1864795.0,,2,7
1208.1644643026905,1379.5578353042322,99249.31892852478,15.738436132290998,0.021351456022687065,79.99444975783915,1576906.0,,2,3
1546.7167479155012,170.70325718395725,107796.82844213676,18.38098324446126,0.3518980982544506,92.7115161295982,1459971.0,,2,12
1507.11728891547,1456.0347318177548,179023.88650651675,28.874823565535387,0.20671085221666338,58.25236854160595,1825521.0,,2,19
1540.3615146456648,1081.5394170269228,143762.33305326125,19.91751391719032,0.10925732599335654,71.78989080831718,1686066.0,,2,11
1700.5145050481206,517.8529135500115,83416.98152363225,17.515904136094807,0.33668363000152607,97.63425149931138,1407785.0,,2,16
2053.0759938638494,2094.693419164912,132104.065013938,19.16959684339062,0.31513176713819385,87.78878075988501,1524769.0,,2,17
992.0957907620726,976.6164260685133,141773.54796389712,17.929393605532507,0.03822189869610153,86.96832486493282,1535213.0,,2,22
1265.4240002418492,245.19026941458736,149266.77165249552,20.9173055301053,0.2893667727922729,84.09672923260014,1567865.0,,2,5
899.1352472099012,1790.4034189541271,134936.68899126045,17.15246827919186,0.043223324188357504,86.96832486493282,1536362.0,,2,40
149.30227713031425,1751.5100435694424,148859.00507270428,20.093665583352973,0.23987001654554063,80.81490565279135,1602639.0,,2,0
355.5812430084029,1921.593899425063,157687.5207303374,20.21267300878322,0.17781575779609296,79.99444975783915,1618735.0,,2,26
462.75055759077685,2462.2234026505766,152293.0232210267,21.354058301588363,0.3174458519011182,86.96832486493282,1549377.0,,2,29
500.61725227115494,749.5739330392079,144680.83342766023,18.846088503660617,0.15841967253531555,86.96832486493282,1543106.0,,2,30
539.7653474555929,1515.1853021483437,109376.61626786721,16.746323112673032,0.0579997909942529,86.96832486493282,1520134.0,,2,31
137.4633940361211,2452.702797290382,114637.78969424817,20.42784589241398,0.37797878556105946,92.7115161295982,1474581.0,,2,50
596.0512776717685,2353.9328458387263,153714.46305903138,19.44411044761707,0.24577896503732055,89.83992049726551,1528561.0,,2,32
629.1107931543487,1320.681367376467,140345.13425078534,18.5927669814323,0.01806794536514396,79.99444975783915,1610551.0,,2,45
967.5354583066255,1501.5587164695141,105598.82709955983,15.294062838199336,0.04897287813117341,92.7115161295982,1465906.0,,2,41
719.2711454684497,2497.9804090610955,143227.3958097524,20.08175760186475,0.30333420140159323,92.3012881821221,1494085.0,,2,47
723.8071429386656,1914.1424193658838,143773.4092078431,19.124813574494535,0.13663598959223477,84.91718512755233,1557367.0,,2,37
822.134057960927,2213.5073182004217,147342.80257883263,20.427684038086188,0.19133292467984853,78.76376591541086,1632353.0,,2,52
842.4025692180429,969.4804121453944,168611.8909716259,20.831588631468076,0.07271864568233122,77.94331002045867,1637300.0,,2,38
558.1482945662232,1238.8334896780575,128569.54101848394,18.13393978658256,0.05145529496168046,79.99444975783915,1605300.0,,2,34
1306.3218100629374,1075.8701874055062,174985.4662144507,24.11477552073486,0.09112074209968346,63.9868094873699,1772067.0,,3,7
1263.5069840242822,270.4345961349991,172431.32606907986,21.792016827106313,0.250377067766341,80.80385557058891,1615420.0,,3,5
1207.3525348695673,1377.8258272403646,98397.76714848151,16.701491902193254,0.0734094722158327,82.85471484903026,1553288.0,,3,3
1205.2236891085533,1863.874496448882,111289.05840090809,17.54371455654952,0.05642723061140201,75.88179330232968,1628311.0,,3,1
1303.7933994715588,712.9439387141267,123414.55879876469,22.73259186727954,0.1523381069964035,61.525778353240284,1768656.0,,3,21
1235.2783394050223,596.2767171032455,143103.62821551296,20.318303968798713,0.23819128059664962,79.98351185921237,1601161.0,,3,4
1509.6786991558758,1456.198264974166,192907.9254487496,27.92889709865166,0.18333364923501613,62.75629392030509,1803177.0,,3,19
1543.539725162808,1083.0910921766074,142973.60373725978,18.79706415967762,0.07821746445198152,77.52248072508276,1631771.0,,3,11
1557.5874633266872,176.57585638381858,111704.972662576,18.192855613492327,0.3127057334340261,99.67176093224927,1408953.0,,3,12
1701.5587462424082,517.9762325923805,80231.25566004809,17.04318647167483,0.3060589062524378,99.67176093224927,1389078.0,,3,16
1109.284416338178,134.05371333220478,169610.16404565595,22.250616235411407,0.3404240474802581,84.9055741274716,1579776.0,,3,9
1122.6376039311672,780.9654752340202,109764.03944145911,16.306548209487005,0.09293434584831557,84.49540227178333,1542742.0,,3,23
2052.6143699515865,2096.5239349965786,128269.76305454673,19.085512662065046,0.31671472980509685,86.95643340591295,1529991.0,,3,17
971.2048441192419,1495.0679923950809,122540.482574293,17.306029230209067,0.049879641201132294,87.36660526160121,1527447.0,,3,41
136.99646174413965,2451.4982886180856,117200.04501323173,19.518587915268867,0.37310738277267796,98.85141722087273,1424599.0,,3,50
154.50595852079448,1722.712482168331,149515.84483548766,20.691719917065935,0.20959247663418526,78.75299629214757,1615173.0,,3,0
355.1566976797758,1919.0917237231088,160252.0931581281,19.8655397050152,0.16152268903758812,79.98351185921237,1614029.0,,3,26
456.1538732096749,2456.139984131442,150435.86030779645,20.603920727337336,0.29049230800954046,88.59712082866601,1528063.0,,3,29
469.686651519988,193.80302683215353,109222.6125919506,16.923066941786512,0.29993978194645443,95.15987051967831,1443363.0,,3,27
538.7079591153735,725.6497292463337,149523.22792889006,18.566173815093862,0.11772433071384962,89.82763639573082,1525418.0,,3,30
539.5659989692492,1514.3216492011682,119380.51859807057,17.30168938548553,0.03205454537715174,89.82763639573082,1511738.0,,3,31
992.9091354504061,975.6310613528611,139806.25666763497,18.22912390101005,0.04639050229542298,84.9055741274716,1556176.0,,3,22
593.1070555810019,2370.7995795616107,154922.32006531474,20.22248399722725,0.2708481413953065,86.95643340591295,1541792.0,,3,32
629.3874527519627,1320.4866843992634,152355.87476427323,19.756008322831,0.03340702389089369,82.03437113765372,1581500.0,,3,45
711.4534347421172,2494.3321987671293,147983.4427826363,21.06454810638599,0.3093323938817877,89.82763639573082,1507275.0,,3,47
720.3562199020402,1939.625988173474,149480.98022775416,19.66616455185424,0.12005399282203359,84.9055741274716,1564385.0,,3,37
831.1701544901405,2205.666886378975,156193.85281794835,20.065023722443073,0.20784505532675795,80.80385557058891,1617991.0,,3,52
860.7966483846344,966.5641487445704,150992.87368782112,18.692843963821762,0.05741405909266037,84.9055741274716,1558270.0,,3,38
899.5532828251362,1788.5430835752825,131666.80636335697,17.257249390911213,0.07630723719327981,86.95643340591295,1532306.0,,3,40
548.4418280705179,1231.7988359403419,138690.17904830718,18.37342852232704,0.07745406067232564,84.9055741274716,1552767.0,,3,34
1293.541755740072,699.1262435858888,126000.41810930225,17.33946184725606,0.163936450930075,88.67610450674991,1512801.0,,4,21
1262.8317582520563,282.5182702219531,173259.36965478686,21.54703735188176,0.22477173421854144,80.76602945685202,1612337.0,,4,5
1122.4944196215645,782.9882172932589,109108.66100011505,16.29524900600354,0.10855801478547042,87.42714528834497,1520435.0,,4,23
1204.0944465521352,1864.2951945771542,124001.25072037542,18.12209885687791,0.10900272718054574,79.93338997791541,1595040.0,,4,1
1206.6169857240027,1378.1167242660501,105888.01149558822,16.991448023557556,0.056887122327475656,80.76602945685202,1574267.0,,4,3
1276.479620616125,1073.4563225660331,194846.79710543712,26.714344299937796,0.0683315915312069,57.86844378609501,1843259.0,,4,7
1234.7362627005223,599.9000115795908,154597.42101338043,19.979189198076607,0.23616309045479372,86.59450580940836,1555419.0,,4,4
1535.2151046081099,165.1153700316724,111991.6751959331,18.374212225816162,0.35178277212490994,95.75354007771116,1443592.0,,4,12
1518.8931592536287,1456.2536222960175,196074.9403368686,28.154537633384876,0.07031432296073468,57.86844378609501,1856780.0,,4,19
1543.811225753658,1082.5271166579919,149575.77231591367,19.576499238232277,0.07275103203739573,73.68859388589077,1665326.0,,4,11
1704.683109532503,521.7565165535892,79586.5956349383,16.462008360817695,0.26742294375975506,105.74521382495058,1330051.0,,4,16
1118.363333127908,131.4988316437104,162129.89405958055,20.77863794629953,0.27712137902999395,86.59450580940836,1550830.0,,4,9
2054.8812660114877,2096.773928757101,132931.72545171014,20.153577019146418,0.3081212960478045,85.76186633047173,1538503.0,,4,17
996.0461954190615,975.2204111978497,145591.17608946247,17.73460158375364,0.036911623533303184,89.92506372515483,1511673.0,,4,22
902.7479494909452,1783.0180266558496,135473.35746116415,17.050287351010375,0.03395133657492593,89.92506372515483,1508909.0,,4,40
967.8426488695607,1493.9509215110947,127130.7262019587,17.561278226993164,0.008735284476747426,87.84346502781328,1526112.0,,4,41
137.52919205818753,2453.410319068891,122833.47385116681,18.979048716373555,0.318986884187617,98.66777825398933,1418885.0,,4,50
163.47881298980585,1699.77739552532,161069.1113634153,20.051413543367882,0.2008117957280758,83.68026763313019,1583173.0,,4,0
355.43620084861294,1920.3298587176855,163071.60931025786,20.40325819752895,0.1611395795347838,83.26394789366188,1580741.0,,4,26
467.66292434614707,192.36036861506057,118588.67778754793,17.984090740074556,0.31476199297638396,105.32889408548228,1361006.0,,4,27
525.7677573214356,1205.9118652544776,136514.15680983494,17.48026361324908,0.10176867146377346,90.75770320409146,1497054.0,,4,34
443.2225704427832,2444.1729703591404,159275.6059257858,21.73489129265136,0.32683251691990817,90.34138346462314,1528489.0,,4,29
553.5111841390094,722.0530818051827,149361.78396982697,19.13221930253008,0.12173430966002302,92.839301901433,1497849.0,,4,30
579.4509129470055,2372.753847387697,140156.95453018264,19.534146769280003,0.3194221341216223,94.92090059877454,1460715.0,,4,32
629.9629038344315,1320.5732304907365,157768.94478865,19.80005214676481,0.046577747038293364,81.59866893578864,1598974.0,,4,45
697.4612722938442,2457.656341935947,156653.20788687494,21.858830851880043,0.2944891600833251,87.01082554887667,1543032.0,,4,47
719.6701756898008,1938.2977734503645,145376.7714236363,18.29154100203107,0.12854386110719376,85.76186633047173,1548439.0,,4,37
831.4312911694886,2206.4165526890847,158890.09384703817,20.396587602897554,0.1888148296226754,80.34970971738372,1633740.0,,4,52
541.5558982944733,1515.8731811291157,118364.28144797451,16.735866777268416,0.07597062841046058,95.75354007771116,1449109.0,,4,31
869.7517948751527,967.3802057927079,127166.11337981351,16.50181555910145,0.06950081386266647,93.67194138036962,1469533.0,,4,38
1272.1872601955297,1058.869523184673,182383.0592854938,31.885823074107574,0.09988794676424079,49.048049865691596,1880154.0,,5,7
1288.0910702510694,709.6420578616186,127604.84414583794,17.411147589972803,0.12333814740714501,87.94822734537804,1524808.0,,5,21
1262.6581314278208,289.0013958223857,180239.74407196627,23.516436655209617,0.28308681035526334,81.6058071041248,1604132.0,,5,5
1136.0744074044549,790.4764404957928,153816.79851888926,21.27640234915548,0.098198375597386,74.84055884678804,1652339.0,,5,23
1204.8059406854993,1866.7567466685136,109879.8937116156,16.574021895312093,0.08052878601248616,78.64601099153998,1585525.0,,5,1
1206.8082805227232,1379.0852840464463,93475.85799963826,17.358308390078182,0.020618436314694382,79.91449503979062,1580680.0,,5,3
1229.3928032544773,597.4084225062247,158608.7084251641,20.067495489055716,0.11784968383321291,83.71994718454255,1578128.0,,5,4
2055.5538551013624,2094.800967098704,127228.95003953968,19.236257757054666,0.34245534751184764,85.83408726496029,1538640.0,,5,17
1532.682379324891,1455.674958462108,196461.11808099554,28.903403008366716,0.0755436806672526,51.585017962192886,1902020.0,,5,19
1525.9321083398286,156.41130943102104,108497.66892703848,18.879880068347035,0.38076796551065073,94.71347560271481,1442274.0,,5,12
1542.7608510860514,1083.2545221924693,145744.16603582216,19.47401552230711,0.11701080975692447,72.7264187663703,1672770.0,,5,11
1702.8304525036544,521.0920851872006,79257.42030279679,16.408575812007513,0.3194266871211968,104.86134798871997,1342986.0,,5,16
1111.650526925304,118.63287492762015,146044.79675525756,23.26684962036146,0.43111346241732396,89.63953940971223,1527975.0,,5,9
996.3432591550805,973.5265058227353,134086.79763239872,17.33300688360702,0.07969902723913314,90.48519544187933,1500694.0,,5,22
889.6948811396524,1776.6720796245452,129825.53688630874,16.957210334392744,0.04796967171601769,88.79388337754513,1517610.0,,5,40
174.39877705141282,1690.2271901518188,157106.40048401928,20.518363229501222,0.20825943247789314,81.6058071041248,1592749.0,,5,0
357.35615031903285,1921.5689562492273,157318.23732007714,20.105709357913238,0.15225898437226176,82.87429115237546,1585289.0,,5,26
436.37327158064005,2432.5770666353997,151458.26384517524,20.728330360491466,0.2578690257160576,87.10257131321094,1539128.0,,5,29
454.63361990607484,189.2534994697773,111643.50936670008,18.733594954309613,0.3296826034783239,90.90802345796287,1490466.0,,5,27
499.1245192482681,1178.9511422782475,139403.0142786172,18.06421830016633,0.09296825762416652,88.79388337754513,1535873.0,,5,34
540.7298361894796,1517.4262925333217,116360.57871412815,18.683483982632076,0.04626560219949617,90.90802345796287,1485913.0,,5,31
962.5001092998004,1487.888335023598,117989.73506009806,16.757929211706962,0.04185421045105664,89.63953940971223,1500322.0,,5,41
138.8319923695288,2452.904235474652,120135.58724172207,20.115050747481337,0.36140551274307486,96.82761568313255,1446726.0,,5,50
572.6891862710023,2363.0831165817385,131187.88875412993,18.76855297095478,0.2426162195842996,93.86781957054771,1481214.0,,5,32
629.232171730306,1319.9164329892244,149581.33028178036,19.451883827055223,0.031149809705895596,82.87429115237546,1580934.0,,5,45
686.4729739844527,2435.654037595834,158173.19556859805,21.744233535040728,0.28267644860634394,83.71994718454255,1574803.0,,5,47
720.9941915642532,1939.939485950433,140786.50754724257,19.15814054282819,0.12541984092357328,83.71994718454255,1581398.0,,5,37
741.053146704559,2212.4484535397937,127357.48975642907,18.667031587425615,0.19896493654369174,81.6058071041248,1583942.0,,5,59
871.1938938719187,2278.8088408706017,134822.94120840018,21.636417607694714,0.2208433564033249,77.80035495937288,1611473.0,,5,60
883.3099927800052,958.2311197136581,137624.1768149537,17.496859766666546,0.0398681339400701,90.90802345796287,1491850.0,,5,38
559.9307011652837,713.6644533675772,150475.61153579707,19.356680785842133,0.1819054216642488,93.86781957054771,1485678.0,,5,30
1282.7129380363044,1048.690936388944,193702.60784313726,30.567515538959338,0.09616318739769578,50.490196078431374,1920936.0,,6,7
1282.6809392751984,707.5470614809379,126069.17254901963,17.638903155019243,0.12130066912907558,83.20784313725491,1563053.0,,6,21
1262.2075454090984,312.32868077542634,181795.00000000003,22.455883168675104,0.21173563672976228,75.53333333333335,1668440.0,,6,5
1141.649129342976,787.1964673194343,142031.34509803922,22.549744642583303,0.018917393802728978,66.64705882352942,1709445.0,,6,23
1206.2732062470982,1867.8067161015524,120055.99215686276,18.239931949434503,0.10398230588479061,77.95686274509805,1603941.0,,6,1
1211.1518248346665,1381.5291531091298,103158.74117647059,16.23465698757926,0.023644891737269136,79.9764705882353,1583274.0,,6,3
1228.2375368486837,598.1631442918149,166753.768627451,20.516937902683818,0.10479481460797631,79.9764705882353,1620459.0,,6,4
1537.106191635067,1081.616676099383,142737.80392156864,19.122906224617694,0.09483369842457846,72.70588235294119,1670706.0,,6,11
1527.3533978304672,158.88853542742004,117069.39607843138,19.092781969428586,0.34367895464386233,96.13333333333334,1444830.0,,6,12
1545.959406658609,1452.7119986814637,183804.5098039216,31.208189100230143,0.269091399763552,62.20392156862746,1789933.0,,6,19
1701.4898472492284,522.0280929854601,83507.55294117647,17.0681210820743,0.24210646567685215,100.98039215686275,1383399.0,,6,16
2054.412615140218,2095.659396338573,126115.62352941178,18.986866728466453,0.30265228244444004,85.63137254901962,1533621.0,,6,17
1128.7309117361126,122.66400848442822,178242.10588235295,22.845895553740686,0.2860576407886029,77.5529411764706,1651811.0,,6,9
997.3798850002864,971.6724226827437,133961.80000000002,17.953606897086186,0.028572242828118724,83.61176470588236,1566552.0,,6,22
968.3419078502577,1501.8837420195862,99773.0705882353,16.328296054438965,0.05104446480145675,87.65098039215687,1516612.0,,6,41
889.4775216623948,958.0262964178337,136630.10588235295,17.323260118808943,0.046968685511127636,87.65098039215687,1524075.0,,6,38
139.40431043154612,2453.3280390015375,112430.76078431374,18.933991679706228,0.3574424160163604,96.94117647058825,1442428.0,,6,50
191.87219698767586,1706.055345523183,146372.29019607845,20.414427241768713,0.18310884080791837,80.38039215686275,1600237.0,,6,0
355.4239234281788,1921.2621737309705,161079.47843137255,20.99391349134667,0.1937880768081961,81.5921568627451,1597745.0,,6,26
427.2094470052283,2421.1723456869854,150109.77647058826,20.941199808909527,0.3231447931637887,86.03529411764707,1551042.0,,6,29
486.7972076023825,1162.804994209655,136376.44313725492,18.746397027490428,0.0868716754646888,89.67058823529412,1514519.0,,6,34
545.0810596970151,1504.7730313484326,107717.80392156863,17.589053343205386,0.047108157977359844,89.67058823529412,1497983.0,,6,31
453.9294285038456,182.78991620732415,112703.00392156864,18.234269820350043,0.3699213454245451,102.59607843137256,1380974.0,,6,27
555.2503721117225,2356.602820990477,131615.01568627454,18.60874875288381,0.25996426802700484,86.84313725490196,1537634.0,,6,32
833.5536402170654,2233.662411085243,144176.97647058824,24.751991781470135,0.1285860295101105,76.34117647058824,1659818.0,,6,52
721.5052757526526,2202.924027988762,137734.83137254903,19.10012550731563,0.21149320078739897,81.99607843137255,1589894.0,,6,59
699.2282069592676,1947.1393415642451,144800.2274509804,19.034483525265212,0.09972627043751053,80.78431372549021,1592850.0,,6,37
872.9063236255536,1773.588896495578,130982.0705882353,17.39585218000603,0.05050717067987632,85.63137254901962,1540855.0,,6,40
630.4753348605309,1318.8923729955532,149875.0980392157,19.06184150008802,0.07182784041218297,80.38039215686275,1610638.0,,6,45
557.665343042346,714.5195599725051,147495.59607843138,18.76806824622605,0.1610442593046831,90.88235294117648,1500811.0,,6,30
691.527510763198,2431.714202801463,139885.7137254902,21.036285155763057,0.2793955707966269,79.57254901960785,1622571.0,,6,47
1312.5141042819175,996.4863003400593,187927.04282352419,32.29746676199863,0.004458310841661634,42.798138762836224,1974161.0,,7,7
1157.033747553417,99.94342276953188,163041.79495453136,22.631456672168152,0.38059655102722983,85.59627752567245,1565101.0,,7,9
1204.4358601703502,1868.5788934927368,118934.78107419092,17.82438429285601,0.05996172520477144,79.77905478120928,1588372.0,,7,1
1214.289967093295,1383.6651884252485,102784.50867191986,16.061796381740667,0.016221099050724084,80.61008660184687,1571180.0,,7,3
1229.8936042161808,597.5968619380176,176054.50671798518,21.484168110974863,0.15210304861004476,77.70147522961528,1642826.0,,7,4
1266.8774777593894,321.50717627433136,188555.71839583653,23.73259145179396,0.193901780696045,73.9618320367461,1683267.0,,7,5
1301.92364610985,717.3758479847138,129606.0606829983,18.347363707382172,0.10962278129456175,86.42730934631005,1531432.0,,7,21
2054.8340921442727,2095.8932338363506,127679.31340685002,19.174391056331515,0.31217218712008193,84.76524570503486,1543631.0,,7,17
1552.4307490324923,1449.479226259531,187678.56430915356,29.37110427612355,0.24472480552770365,61.49635472718215,1811162.0,,7,19
1527.754180468096,162.32948349288392,114154.68604188345,18.883645146440102,0.3535151031217813,94.73762755268602,1453938.0,,7,12
1541.4586567304345,1076.5470249308091,150434.21120363838,20.00688385903633,0.11254634122906512,72.71528430578971,1665102.0,,7,11
1703.0554633436327,521.6728020224202,81360.0928199723,16.484554676637643,0.279790158709581,100.97036620746799,1380535.0,,7,16
1135.0492631997186,732.3437631715299,154775.10591873887,21.881617970020386,0.06758539882141536,73.9618320367461,1657056.0,,7,23
997.1969417055019,969.429666320208,134723.97015039495,17.84009791235045,0.09898317439462559,88.92040480822284,1518857.0,,7,22
138.4021920004841,2452.5675639900765,109869.05494285538,18.619382367952173,0.38181808536880446,96.81520710428,1436353.0,,7,50
887.6529546596718,957.9148351985095,135596.13804615408,17.21122056344072,0.0578911595583948,90.99798435981683,1502087.0,,7,38
962.7130279344495,1499.3069680685703,112274.06103178058,16.18581831639083,0.049213344897288694,94.73762755268602,1447775.0,,7,41
191.50596710002654,1715.1285486866543,156607.94659915508,20.319230944910885,0.20087377574524737,80.61008660184687,1608651.0,,7,0
362.47177894211575,1922.967871756487,166538.77685577437,20.77181367894903,0.1707477487512562,83.93421388439725,1580712.0,,7,26
426.33040183934037,2407.1001282755096,152892.4033290844,21.558104282767093,0.3382504570865265,86.84282525662884,1556131.0,,7,29
508.9845095158108,1175.9390866989013,130364.3772193301,16.868821284230577,0.07101849204846873,89.33592071854164,1521293.0,,7,34
544.8758284916032,2356.9448577944763,151400.2856951296,20.602511576171665,0.2400436498802971,83.93421388439725,1580610.0,,7,32
460.472921587832,184.93331580918363,115393.75448645411,16.97453253288335,0.35518783453612457,103.87897757969958,1374319.0,,7,27
562.0883262258278,1488.1847858900112,119748.77674250545,16.826381244750365,0.06981284081484032,93.90659573204842,1469061.0,,7,31
557.1688813387017,713.5511817975093,155317.7696976152,19.958815794205023,0.17607435012829392,95.98417528364241,1475838.0,,7,30
850.6587224945187,1764.219041719051,136828.55823615965,18.153110583065907,0.025836201575464256,86.84282525662884,1534709.0,,7,40
829.7924535144573,2225.331214348995,160403.268924007,21.629543910655453,0.20286440908010062,80.61008660184687,1620389.0,,7,52
706.544593071158,2437.0893892041145,178024.05213289626,23.570016215463202,0.2947103869927586,76.45492749865889,1650482.0,,7,47
871.3341664925916,2329.508925848826,173056.97494094537,22.599567856255465,0.27926226418666106,83.93421388439725,1592787.0,,7,60
687.559286659337,1931.0535983824982,178382.6423635014,21.91650242756695,0.08937027423359843,73.9618320367461,1680348.0,,7,37
626.1106472053142,1312.1852014681106,146495.12037381617,18.77711320354626,0.04764565039479861,85.59627752567245,1549364.0,,7,45
689.7717100582361,2189.9070462989803,126147.30624550462,19.823091151936737,0.14984001100207764,74.7928638573837,1662589.0,,7,59
1303.211884011444,724.1511011233126,130365.97027071989,17.997619347312924,0.19592807886781685,86.16633384904107,1535145.0,,8,21
1156.0869948605568,93.32768516344473,157278.17822702826,21.24644067964876,0.3163212627918195,85.75601797356944,1561169.0,,8,9
1205.34662091591,1869.1725705005845,125319.90563416986,17.433454045773026,0.08374893371982604,80.83222746790996,1586764.0,,8,1
1214.4394673965994,1383.4340276972325,106129.84245423747,16.170825113003353,0.019121287169221273,83.70443859621132,1544605.0,,8,3
1229.8295757017684,598.8254271997852,171109.10575742574,21.23248875131095,0.17455884974174327,79.60127984149509,1621417.0,,8,4
1281.1752862737162,339.90918896110463,190592.95510419583,23.238455745856907,0.15551394532981447,76.72906871319371,1659407.0,,8,5
1310.2439148664228,956.557474664168,190049.28656919592,25.384965509643518,0.14641729299216105,66.47117182640311,1756937.0,,8,7
2055.4504511195646,2099.2748793892933,127064.15842079974,19.29346969406877,0.3156467904817851,83.70443859621132,1555992.0,,8,17
1528.0817123780364,162.41680284781526,111230.47910222523,17.38712829886564,0.3475237801798416,96.8345466113033,1432531.0,,8,12
1554.5806633318834,1449.0577337973032,188663.2395418528,28.513590961302683,0.18952469692043658,64.00927657357336,1791848.0,,8,19
1546.1835583884351,1081.0316868673956,141235.64812783868,18.669818700647266,0.10819049707771763,76.72906871319371,1650190.0,,8,11
1704.888227326028,522.9290162144677,81180.1753303099,16.036302058288317,0.3058618639729726,101.75833711696278,1368196.0,,8,16
997.082496793607,968.1990522642068,133086.77484097224,17.302379050638017,0.043397877676966616,88.62822910187082,1509395.0,,8,22
1126.291324568395,698.4696851277209,159071.6689187147,20.872727975414357,0.08760121085543389,77.96001633960859,1621293.0,,8,23
876.628428449336,2345.3934897559457,192519.79845541058,26.65941917410067,0.2330542946113977,75.08780521130721,1665928.0,,8,60
135.66403256627552,2461.5916152833865,126901.2630182375,27.38540087941247,0.22397674532098946,93.5520196075303,1492340.0,,8,50
192.09362483894654,1715.7184610956745,152543.54333996118,20.78005270422385,0.20717042226885882,78.78064809055184,1624942.0,,8,0
355.06593503559833,1926.8792581835785,162750.97137406876,21.05190283074725,0.17636215755444118,80.42191159243833,1613069.0,,8,26
428.12868218711094,2393.0046940705633,153582.05282077985,20.877206691570038,0.3203422466634687,88.62822910187082,1538895.0,,8,29
463.27564366524524,189.98561916792875,117580.93790689955,18.27614328392717,0.376329100666548,102.98928474337765,1381272.0,,8,27
514.4929341728538,1187.3783053050415,133852.42426460228,17.5740077194231,0.05722247303679976,88.62822910187082,1516586.0,,8,34
541.8383323615802,2352.9739139283397,149192.49358498442,19.501705993880737,0.25234485705149634,88.62822910187082,1526882.0,,8,32
963.2332037491072,1499.013425956604,111457.38378136103,16.30091984001506,0.027670026155819073,91.9107561056438,1481218.0,,8,41
572.958950920047,1481.1340742577281,114191.31845962847,17.16271376996936,0.07587602477310129,89.85917672828569,1493446.0,,8,31
632.8926550543963,1312.9649443380954,155613.93703611533,20.619662894240985,0.025101905838488505,77.54970046413696,1630573.0,,8,45
663.7089870605075,2184.297419159935,145328.54898566814,19.698909044308376,0.16113764498636626,81.65285921885321,1591295.0,,8,59
689.0553547032978,1955.4896330711072,152875.07856734225,24.648990926564792,0.14886889922940208,57.854538441499,1852373.0,,8,37
729.8594182426594,2462.0839337877314,149595.0134588221,20.650044087195187,0.2468815221054575,82.47349096979644,1587242.0,,8,47
805.3600360170335,2197.3697541489237,164960.11204760798,20.438954550450323,0.19134299236074556,82.88380684526807,1595833.0,,8,52
838.107983598355,1759.7919041284795,134490.0551350852,18.10328313608706,0.06474049504514925,83.70443859621132,1557301.0,,8,40
885.9341294616563,957.668830250913,139326.8586751447,17.855088320628617,0.030165521990337,89.85917672828569,1510225.0,,8,38
558.0996147941381,713.8151151430566,146995.66238770934,18.83216591720896,0.1531489224846448,90.67980847922894,1503200.0,,8,30
1292.8659418641678,347.7016444525315,189415.84341956023,22.02248900181481,0.19493184744278766,83.5797516794675,1592818.0,,9,5
1231.069088738683,599.9398486915541,166739.01965976408,20.320780887247988,0.16299669658565055,83.5797516794675,1584540.0,,9,4
1213.932990272154,1383.0897443377403,110763.41967802092,17.14897718137693,0.01446185746517338,84.87222206626339,1541976.0,,9,3
1007.1946981820658,963.4084517069638,139181.3968959644,17.3651895983622,0.047099441875563225,93.91951477383462,1474769.0,,9,22
1158.8325837260131,78.58699377670997,180753.2760637919,22.301506123460452,0.31533599241202054,84.87222206626339,1581674.0,,9,9
1122.1395419105943,667.4477405778725,159693.33275787742,21.78788103020422,0.07010615598989463,78.40987013228396,1616863.0,,9,23
1294.3484331709335,710.2036602989147,133261.88252443922,17.0260880003863,0.10187414563620392,90.90375053797754,1491637.0,,9,21
1204.9924623653612,1868.7884679900355,120714.14918596247,16.89655145188261,0.08146500042462348,82.71810475493692,1561810.0,,9,1
1325.764637933092,953.3995469519458,191329.99206240493,22.862005434135487,0.09844220532162133,67.63928357565153,1743478.0,,9,7
1542.5461989275173,1077.8992335727762,150479.31137040953,18.925787468367865,0.08331050340610134,79.70234051907984,1615225.0,,9,11
1527.0357471886016,164.2029018481565,115505.9243506373,18.37529049556305,0.3838228750380933,102.96680748140585,1372970.0,,9,12
1562.0665129039087,1450.1566082698537,191274.41583577273,24.56575751557826,0.12307917732872513,66.77763665112094,1754108.0,,9,19
1717.3299451505145,529.04181618036,90407.01108598566,16.252817275580725,0.2535224679738596,105.55174825499762,1344121.0,,9,16
963.700169559764,1499.7496980442559,111288.5934785223,16.199227045588497,0.013715607281291068,93.91951477383462,1458038.0,,9,41
887.1617363965994,958.2955214624097,140323.07907096745,16.968908111888783,0.06174022862333252,95.64280862289581,1463658.0,,9,38
2053.6482697139154,2097.7486830375233,138214.1982231788,20.03818071592229,0.3131167897856357,86.59551591532458,1539658.0,,9,17
817.5839377051683,1750.2940173550144,135440.55677311483,18.028648107432293,0.08485180077799245,86.59551591532458,1549772.0,,9,40
130.29111169740452,2468.1957378360667,151863.9779781302,31.226976261652126,0.1450047353159428,94.35033823609992,1494640.0,,9,50
177.31626121038994,1707.4904112137115,162129.63943698767,20.27410485591811,0.22288504716473928,86.59551591532458,1557013.0,,9,0
352.6907618152979,1922.0218699149432,167858.29901472933,21.692118274534845,0.1609846168725833,83.5797516794675,1578046.0,,9,26
431.8443689328351,2383.660285237055,157595.6533201077,21.635315777054362,0.35646999420722997,88.74963322665107,1524967.0,,9,29
463.3525794438661,190.30513313085567,120431.09817125417,18.321489084203787,0.2621778486045878,105.98257171726293,1352437.0,,9,27
512.5302233427024,1186.9892409770996,130900.53912776314,16.569719827545175,0.052551407737875026,92.62704438703874,1480986.0,,9,34
874.7367479055598,2353.5219704662773,203641.6341435603,23.660141313176158,0.21778456595040133,75.82492935869217,1677202.0,,9,60
544.4619034571069,2353.5439130989166,158802.82066137507,19.512370952559458,0.236822627628745,89.61128015118166,1523454.0,,9,32
558.5958747625964,713.5447491900346,154252.03242946672,19.332805556484544,0.16027355150932784,95.64280862289581,1469017.0,,9,30
581.0776041377009,1477.1788851194779,116199.55012488442,17.263329624623896,0.12163345854326023,94.35033823609992,1456938.0,,9,31
648.8029638785637,2166.9384148185036,193791.28650232658,23.726867069334915,0.15013509939724615,72.8091651228351,1699445.0,,9,59
657.4391600594012,1270.147380131443,167684.24633597414,19.555612873846947,0.07951921207299266,84.87222206626339,1566687.0,,9,45
726.5536415329578,1973.6301581878206,190399.4133839119,23.440281996277925,0.07746664466905008,68.93175396244743,1724554.0,,9,37
756.822609334134,2490.9710880336506,151381.45570039307,21.662447345078526,0.311692984491619,85.3030455285287,1568488.0,,9,47
801.0819262489713,2190.345679043042,173273.31911194185,20.240009532663997,0.16081659411800014,86.59551591532458,1568370.0,,9,52
1296.202989868198,709.7471676544436,123477.44383131892,17.537292741597167,0.1291298091030303,84.85960294062595,1551457.0,,10,21
1233.7430538459337,602.8539031860992,146752.50047152903,19.065699838034526,0.1147520912918928,81.49882658654175,1592561.0,,10,4
1203.4666514416656,1869.5171223199804,108530.81109357372,17.46886311612487,0.11020362808216601,76.87775909967598,1620104.0,,10,1
964.0414521906208,1498.3619327751026,106260.18656934559,16.583786104397397,0.020856922783917396,90.74096156027329,1486062.0,,10,41
1159.356040321502,80.21308138474447,172741.80411470638,22.253365507578103,0.3111417382589608,85.69979702914699,1567271.0,,10,9
1011.7318946623056,964.3116768385204,124588.18041634375,17.28281382298467,0.050613087196646145,89.90076747175225,1509282.0,,10,22
1192.4621139724375,1373.4038326124132,100228.43320785297,15.578222690590628,0.016946615486293986,80.65863249802071,1564647.0,,10,3
1543.8820596618336,1076.3736141491518,145769.05329091512,19.040698110221207,0.0858833144572041,75.61746796689441,1650513.0,,10,11
1342.1456561075056,946.1652006079761,174126.0238755448,23.556641292490905,0.1116444393469834,64.69494481612077,1763700.0,,10,7
1527.248608710517,164.9728579840073,110588.44641636177,18.863443408784484,0.38205693724989337,98.72280540122325,1416022.0,,10,12
1570.2089811639814,1446.134219977026,196755.81145577072,28.205536950789615,0.24807139371583364,62.59445959481815,1797382.0,,10,19
1715.2064289743762,542.1698124925603,81170.73079497428,15.481781013410128,0.282789779089192,103.76396993234955,1351097.0,,10,16
887.8723159805361,958.9335689091424,130535.91436898426,16.8704202038916,0.013877024368220317,91.58115564879434,1491059.0,,10,38
1302.0446329659364,351.6247343566969,171783.14265970385,21.797531348775188,0.2263980790047153,80.65863249802071,1608926.0,,10,5
2055.2598399039166,2096.562700040248,131516.4208702883,19.533277737946715,0.2775621456598772,86.96008816192857,1538884.0,,10,17
872.8240567855767,2351.844938118282,196193.72161055016,24.84299299372907,0.23662871394801774,74.35717683411283,1677855.0,,10,60
796.4920765902641,1750.5328408101714,129818.80871443154,18.10903673271796,0.06555366250039524,83.17921476358384,1560250.0,,10,40
800.080665440527,2189.643336242817,161715.51699400038,21.24930389763691,0.19345410274988067,84.85960294062595,1580018.0,,10,52
112.4385197013103,2465.1534260085473,178902.52726878697,30.051976999210492,0.31938682404744323,86.53999111766805,1586394.0,,10,50
170.84597177171912,1680.8742877180678,153345.50348415368,19.985550798749,0.17970521059774938,80.65863249802071,1603694.0,,10,0
383.1821269241198,1920.0123186582318,215357.2884785825,26.359255771721966,0.15156207276816502,64.69494481612077,1781426.0,,10,26
464.0475225331766,191.17809669707478,115449.80941254456,19.680854979363023,0.3997239421485221,101.66348471104692,1391760.0,,10,27
520.9425934571277,1192.4336582220994,132278.89700562117,17.90617181988989,0.06940476134097383,84.85960294062595,1557063.0,,10,34
556.5972433465532,718.1890801398127,146389.53662528793,17.735881332202595,0.13182030938249356,93.68164087009696,1484753.0,,10,30
444.70798756504774,2385.237771873403,148782.82948644014,20.0053312975748,0.3128568629970502,85.69979702914699,1546416.0,,10,29
561.7989444777696,2323.21331124698,152672.50801924834,20.716377052950133,0.06050741586630309,80.65863249802071,1598948.0,,10,32
756.7519709846858,1940.3763673391202,166676.02289262865,23.677282671929042,0.0956635472060996,64.69494481612077,1746777.0,,10,37
652.2892287744501,1263.0630930344312,147742.6692048511,18.772770150344922,0.009079268721135054,84.85960294062595,1565941.0,,10,45
768.1761075530283,2492.5859540289307,131646.23085696483,20.242836419173944,0.34106179843313167,80.65863249802071,1586209.0,,10,47
627.8654194444309,2138.1123398284058,173038.81272499857,23.371401327013892,0.03762813164364192,69.31601230298654,1706876.0,,10,59
579.9478223045937,1470.0016188512964,111067.35704681877,16.079878076671065,0.017283327872821174,87.80028225044961,1511787.0,,10,31
1013.5380485647581,946.1288032280514,123986.73924913493,17.033442470124864,0.050677266345185504,93.93804230495356,1462469.0,,11,22
1160.071563261631,80.82969400406361,180332.98733052384,22.763367345550908,0.31549357025076236,86.71203905072636,1571426.0,,11,9
1184.8985620779881,1371.6960560535085,106891.29072667824,16.012991471861337,0.025054698078397688,83.73662594604457,1542660.0,,11,3
1204.2673090688838,1869.3362810417927,115792.45155884128,17.64196022879406,0.08619531480034369,84.58674397595365,1548204.0,,11,1
1234.058248557398,602.9821234580766,163161.02818537533,19.491044926979853,0.10379919973665652,86.71203905072636,1553628.0,,11,4
1300.6459342709095,713.6547185756565,126245.50285460336,17.77011579468576,0.14568563214861285,91.81274723018085,1489827.0,,11,21
963.5255455279645,1498.8956263672503,108421.50318051458,16.06201863308617,0.0672075326247062,93.93804230495356,1461081.0,,11,41
1528.007079376558,165.42891506651188,111677.88029408133,18.367849157085065,0.3476616050030117,97.76357343954443,1422516.0,,11,12
1539.878206568266,1077.9479298850645,140015.2896440557,18.568815822852496,0.06442090304822776,76.93568170677192,1636441.0,,11,11
1575.14257765646,1441.8660514860526,182502.91360186678,28.294046893395578,0.23224055728922902,64.1839112581357,1792978.0,,11,19
1723.0357071537524,568.7890456706563,100041.46470068581,16.40180323834955,0.2569667031076709,100.73898654422621,1392360.0,,11,16
2054.3887344875784,2097.3468399016633,129847.45294732813,18.57032074840556,0.3174369565088651,88.83733412549907,1516692.0,,11,17
1354.1382141302636,940.759059464165,183593.18997522516,22.343171470918218,0.09848609286699893,69.70967845254472,1720864.0,,11,7
887.9030496159895,959.4100953459891,134321.62413873963,16.67054541209553,0.04496484047859155,92.66286526008993,1473284.0,,11,38
1303.7359483836292,352.1538653492239,177150.57048555918,21.034059143686704,0.2531484071889217,88.83733412549907,1539899.0,,11,5
805.2499895634386,2192.1187184946302,162911.51854359702,21.04988181552678,0.18845600243274327,85.86192102081728,1564301.0,,11,52
176.56310929938144,1666.4513604731812,164856.16353701404,20.58963966792146,0.22526882026166956,80.76121284136279,1610131.0,,11,0
411.99464490847606,1896.7519952761822,197960.6097397036,23.498607197724933,0.1567075061122631,73.5352095871356,1701322.0,,11,26
464.0872944138229,2397.5140070312414,153308.58527774402,21.10127133947357,0.3008632660097781,87.98721609558999,1538673.0,,11,29
521.989965997939,1211.4029984757697,137760.7766287368,18.54570867766298,0.0712133889089646,87.56215708063544,1526420.0,,11,34
525.88970486876,2306.932548767336,157259.50882174648,22.630954085440187,0.08960425558866696,75.66050466190829,1605129.0,,11,32
554.4212705295865,720.8708101432945,149384.4404516837,19.11387310906391,0.15876498100505482,96.4883963946808,1464735.0,,11,30
105.54671986699917,2472.920600720421,191754.7481213673,28.020014578111944,0.4133854320858882,87.98721609558999,1550079.0,,11,50
868.7586810375498,2345.5274060638217,206689.62167081004,24.749400123150306,0.24993350535328207,77.36074072172646,1677613.0,,11,60
621.2100171807431,2128.194793984234,152648.4686275196,24.04323354793919,0.08538465568221147,62.90873421327207,1701616.0,,11,59
650.5284353030039,1265.565426180931,146313.8141276521,18.320834764337196,0.03839438871384943,82.88650791613549,1590369.0,,11,45
753.4410688224814,1927.6373664317184,184654.9873945816,24.768903575367236,0.0737582164905205,68.4345014076811,1721591.0,,11,37
766.9275823040814,2488.1417306276944,137453.03390190974,19.41207358678745,0.2916114208719889,87.98721609558999,1519250.0,,11,47
803.3708339546674,1764.5671413659409,136821.39620568728,18.3039009751648,0.07215463075959756,85.43686200586274,1553748.0,,11,40
603.921439279135,1482.3171185007577,104061.67286412587,15.54251132065936,0.06585088371154771,88.83733412549907,1496072.0,,11,31
1308.2960096118838,723.7317240709726,159934.22532660983,20.649973566244796,0.11462800744299305,76.4752600532589,1635614.0,,12,21
1233.5045632555764,602.3544963635037,159592.60995175265,19.508421935883227,0.11784813574543422,83.85104655585748,1578584.0,,12,4
1174.1615230288164,1371.7570787062798,99069.2351071664,16.616288793929932,0.02485614049613711,77.63985792209026,1596036.0,,12,3
1159.35347221627,79.26607753559215,181163.29167824698,22.191870061953644,0.30001453353074603,85.79204300390974,1570188.0,,12,9
1303.6687663116315,352.1696997484188,165105.03986422103,21.284265484335695,0.2537379971191051,83.85104655585748,1570081.0,,12,5
1204.293544445541,1870.290338280992,114056.44508115709,16.568370672626163,0.06723190631373145,82.68644868702613,1559529.0,,12,1
1541.2502029709124,1079.111667058945,146790.96197826878,19.626609521463593,0.08026377280202755,72.98146644676484,1667786.0,,12,11
1362.0826261590394,937.7346216297055,181700.55949506784,23.183686056140463,0.055069285264233686,62.88828491689311,1785973.0,,12,7
1526.4141348459232,164.58459799321736,116414.36756625096,19.39766743122373,0.3580509816123665,96.66162311300238,1433639.0,,12,12
1725.2984058074621,575.8415458403467,119465.22578329951,18.298877087193674,0.14339851043732738,94.72062666495012,1445628.0,,12,16
2055.155472851852,2097.753159776882,127985.81199095931,19.418799758752826,0.30910406966270393,84.62744513507839,1558065.0,,12,17
1017.9640189940379,933.0427521439863,124753.27650637308,18.762355475725144,0.04987362919054855,89.67403590001425,1505053.0,,12,22
961.8265436701288,1500.3011045412773,111939.2061556217,17.41070511092649,0.016471259687469812,90.83863376884561,1487598.0,,12,41
885.5476486618685,959.5105527216826,138888.00084037922,17.81598954911018,0.07924924517963254,91.6150323480665,1492198.0,,12,38
865.3569868950995,2325.8000511111563,189879.91852716004,22.216803354145185,0.20195507394157436,84.62744513507839,1606523.0,,12,60
116.4274697676124,2472.451969357181,190585.27663638224,28.09455811662796,0.44083396620011694,86.95664087274109,1568046.0,,12,50
175.24265020881586,1664.6881736688133,169452.4837085685,21.224150793482536,0.2171132135766658,81.91005010780523,1600490.0,,12,0
399.56423882742354,1897.6958791533773,173928.421517777,21.588344025226554,0.1730224107144543,76.86345934286936,1649737.0,,12,26
499.8796838308441,207.9236939637768,172091.46247934035,28.265673048192852,0.2805098858275955,94.72062666495012,1503994.0,,12,27
531.0686978273701,1232.7848983951208,138117.42525050248,18.082745670873617,0.10333179783036518,86.56844158313064,1542781.0,,12,34
555.3996432216168,720.0881199295105,143407.4169700241,19.2786655524798,0.15988524733537623,94.33242737533966,1475973.0,,12,30
462.88255936624586,2381.7113950689036,140933.03469804706,21.618367725174,0.3065472054550794,85.79204300390974,1549294.0,,12,29
638.8763040002533,2131.225191487052,171660.56126787275,25.26134153829081,0.07443018618697848,65.21748065455581,1747478.0,,12,59
650.0207110041028,1272.894479522394,126407.0054801136,19.52654332338767,0.09092726017893103,70.65227070910214,1692938.0,,12,45
756.4964678640904,1920.818695816864,181398.1522484613,22.761684554077597,0.07962428662106745,71.0404699987126,1708566.0,,12,37
766.9761270461868,2489.4808163764,146154.31514330764,20.045591910954364,0.2809265506976421,86.95664087274109,1542623.0,,12,47
803.8007923325829,2191.261511583558,157762.25030123937,21.638322104004892,0.21786164596971153,81.91005010780523,1589366.0,,12,52
830.0128901339242,1773.0528291705655,135250.9616960189,17.66921045945885,0.06426335375318515,86.95664087274109,1545545.0,,12,40
625.2043705987019,1502.643098800305,108432.21377328088,16.334467969710172,0.05716413361209903,86.95664087274109,1523113.0,,12,31
1306.799343905232,723.0214098296769,147114.14283044776,19.6098141815158,0.12454232417428152,75.78729921785501,1643926.0,,13,21
1179.3003695708683,88.51365151840508,173723.73114235827,22.713765553612735,0.2888528680443075,81.67750382027897,1599610.0,,13,9
1171.9864655807812,1367.5270323902707,96962.97744387599,16.617582837278547,0.04165735070671306,78.92874167248112,1597616.0,,13,3
1204.3526937794181,1870.9631675188784,115962.42140945472,17.546996739572798,0.03192020490755404,77.75070075199633,1605782.0,,13,1
1232.0885093824575,602.4625634849341,157805.25686415407,19.961684963081307,0.1277767393790696,78.92874167248112,1624230.0,,13,4
1303.4731870927026,351.9423603773314,164260.52842810392,21.00172332020904,0.23192570642787655,80.10678259296591,1615598.0,,13,5
2056.3402295882365,2098.277448645922,130774.71526332368,18.71794860477969,0.32682899501837975,86.78234780904641,1525003.0,,13,17
1374.772580945842,957.6966253052094,172725.145122094,25.622475066270876,0.11609743712615157,62.43616878569402,1785455.0,,13,7
1523.5525235770078,164.80071100935294,100847.37103902118,17.925451284909084,0.35963167384302075,92.67255241147038,1464111.0,,13,12
1541.3270397028875,1078.6730724997055,139989.74402366256,18.758950873070617,0.09428368309792216,72.64585676322889,1663634.0,,13,11
1742.0658992134852,566.4970967571658,89268.79951188297,15.664032827152585,0.2270328582400134,98.9554373207226,1413679.0,,13,16
1018.9068508977361,930.1924996096799,125755.86826175163,18.61823814352708,0.031710226840081214,85.99698719538988,1537657.0,,13,22
962.4504867644231,1498.8498401190739,110277.98128780877,15.956459777916043,0.050367516303883225,90.70915087732905,1487809.0,,13,41
48.02189056582654,1150.6742980803313,210488.4248691545,27.747591738131277,0.22286106562685565,70.68245522908757,1724398.0,,13,80
870.6794559103225,2326.7104561808733,194489.0584477437,26.55387521527138,0.2835423264057626,73.03853707005716,1694342.0,,13,60
886.7995318671673,959.3206405129955,128843.12083403545,17.159002622392418,0.03503946731495992,89.92379026367252,1521574.0,,13,38
93.74056077205225,2460.011854307516,162513.8864233318,29.424863776024658,0.5105476611138373,79.32142197930939,1610475.0,,13,50
176.86161237016051,1666.2590580736544,166339.37797245276,21.657688413634922,0.18778782859586207,78.92874167248112,1638110.0,,13,0
400.54391047450935,1898.4218706839051,174853.07970479634,22.58881578970982,0.16694887868233305,77.75070075199633,1653065.0,,13,26
477.0322202193929,203.12356823433578,165346.28947648406,29.638026815205894,0.4525191579746563,93.4579130251269,1507980.0,,13,27
555.4506218990009,722.9471329209996,138660.12850474205,18.78720441736575,0.1279349474899348,89.92379026367252,1527333.0,,13,30
636.0637465412443,1288.0000683914614,137799.76595248134,18.400594330165475,0.057349561517159746,80.89214320662245,1601144.0,,13,45
637.6363866032738,1504.313296724504,111911.92404452118,16.866339401203078,0.07472920389429723,86.78234780904641,1524973.0,,13,31
676.560155560459,2497.9592293187834,156607.18924802105,22.09779258918073,0.2911215672487671,77.75070075199633,1623214.0,,13,82
752.6830756622389,1905.8535878529658,159075.97033705036,25.65854868275202,0.04600442141056449,58.902046024239645,1781595.0,,13,37
807.4412689471652,2200.9895889226914,161732.84529305037,21.39589367978201,0.22248896214260686,81.67750382027897,1611521.0,,13,52
636.9887848964579,2127.678361907059,175837.92191432163,26.19066592084649,0.051233114862293636,60.4727672515527,1769964.0,,13,59
850.9024317961046,1747.6389186163294,143101.34277496973,18.02681323658716,0.022910568001544493,82.85554474076376,1575103.0,,13,40
1306.1124938718558,724.7359995474601,148456.50470935347,19.859792854393994,0.15390176577757986,75.98019570942941,1640898.0,,14,21
1305.1460959794927,352.6368749896732,169417.0413309837,21.239317941861447,0.2527521747598736,83.9781110472641,1576669.0,,14,5
1199.3243020379314,1867.3800952493143,118815.03078003747,17.365235462139218,0.09545047537594639,79.97915337834675,1600806.0,,14,1
1187.3706278818959,73.06071310763991,170936.64524517226,22.47353358570848,0.32235205933220296,83.9781110472641,1581953.0,,14,9
1233.7072036050586,602.7528164519869,153521.98438857106,20.05179530596327,0.09328624635252698,77.97967454388808,1630673.0,,14,4
1373.7692572084854,960.5251034274625,190808.6655893232,24.835034987556973,0.10787026714937459,63.9833227026774,1783397.0,,14,7
2056.0405593817427,2098.551278277213,123618.57873194099,19.272373297212063,0.3081484845155512,85.57769411483102,1531028.0,,14,17
1518.3246204889622,161.68572964356545,107873.88259787964,18.83847123226538,0.37754670471904395,94.7752967533409,1456273.0,,14,12
1543.1798430842282,1069.0947752393831,127168.8533504058,17.91898772878951,0.076240154678946,76.77998724321289,1632895.0,,14,11
1737.6762015086001,568.0622326210876,104599.53605857013,17.53693894823097,0.20730297046420582,99.97394172293345,1410446.0,,14,16
1038.540487848107,917.4951306973373,126350.66661134531,17.123972245556676,0.03228504103757891,86.77738141550623,1525924.0,,14,22
964.2144953411818,1500.9667577972439,107509.97745000817,15.91896113640376,0.030600278954197327,92.77581791888223,1469020.0,,14,41
1164.4625013812372,1365.7782680073876,101331.98774729777,15.862503437232604,0.05732476879477036,81.97863221280542,1569053.0,,14,3
869.7162757130385,2324.524640344092,192828.53910789333,25.28514785040602,0.2614210157102252,74.78050840875422,1685477.0,,14,60
887.1949249744678,958.8252839971718,127256.83041912198,17.11345503720832,0.048773173714470354,84.77790258104756,1554588.0,,14,38
117.20634609871553,2470.1069243516504,171575.67868066527,27.563635106713495,0.42827292010852896,85.17779834793929,1590323.0,,14,50
173.4232264733301,1665.9071467557999,165581.64103072506,22.20480970651244,0.23358373032272667,80.77894491213021,1608840.0,,14,0
397.97772996679663,1895.8952956752898,154642.89222316857,20.773902833702504,0.139005802383844,79.57925761145502,1620154.0,,14,26
494.8200217718975,2380.808761793111,143266.65744663254,20.480604917917574,0.2997128322212947,89.57665178374836,1520348.0,,14,29
555.6056732814487,723.8239362597284,144950.61852101362,18.356136884926208,0.1409767991746607,91.1762348513153,1499849.0,,14,30
75.98146655922643,1149.1915035367813,214885.1900265738,28.447711479505788,0.2252500908462295,68.38217613848647,1760265.0,,14,80
632.0474902450771,1492.7673651586963,114578.93492135334,17.04045588692303,0.062417013071226074,91.57613061820703,1484071.0,,14,31
634.1619324378693,2126.9222827061694,164996.19362799556,25.964640154535633,0.05491152595710949,58.78467773308486,1780702.0,,14,59
676.6121066060296,2498.34586108976,149836.14510512995,21.130647842083565,0.3154379367664477,82.37852797969715,1592568.0,,14,82
755.8050294874989,1872.409332170446,96286.90275219166,28.194418649093986,0.060360088588537426,51.186658162141924,1647533.0,,14,37
809.0984460923402,2199.8615270775995,150240.0398296906,20.262479708558875,0.20359936752255645,79.57925761145502,1617043.0,,14,52
830.8660201797899,1708.3937552118705,139548.82650184009,18.774392399446434,0.08213906049831061,81.17884067902196,1584643.0,,14,40
602.6252152151872,1281.1498543698865,142378.488948366,24.502419315682182,0.025478673183019065,80.37904914523848,1632115.0,,14,45
1299.8742014573174,357.8841876891285,165644.51330774726,21.14720570486946,0.2341946686223216,80.89917353621992,1606578.0,,15,5
1232.0323344869878,602.6295423555372,160099.46442817923,20.21746477707792,0.1030711274368632,77.64694545436183,1639049.0,,15,4
1160.7940442007825,1366.8652055084228,99956.41703888784,15.937945365497539,0.02165252114124881,82.11875906691671,1557721.0,,15,3
1182.4568132326367,68.93255339850808,175482.09672685774,22.469603245469273,0.33137894512471405,85.77751565900705,1562732.0,,15,9
1312.1513753564143,727.7974038028647,146282.77995091537,19.459023720678257,0.14574195716684793,78.86653098505862,1618187.0,,15,21
1201.2257416801497,1863.3900213105837,118845.76426682985,17.244324876273282,0.08480300577352179,77.64694545436183,1609849.0,,15,1
1483.479379059949,155.45280794973053,107265.7996528639,18.921262792437215,0.34176761035845715,93.50155735342001,1463362.0,,15,12
1548.1404559068005,1065.909921535904,125692.92396467182,17.37698674368732,0.0976694252971933,79.67958800552314,1600649.0,,15,11
1739.1421314846616,568.3086349085204,95877.71649572757,17.81567817323514,0.237919731941052,98.7864279864394,1413383.0,,15,16
2054.945248662186,2099.738976882843,121094.27345692448,19.261320283926896,0.3417581727969723,84.96445863854252,1539145.0,,15,17
1060.6619512625414,909.302274828563,124433.90516848251,17.111605984964964,0.08554232237007602,88.62321523063288,1512920.0,,15,22
1364.9630187719345,967.2313897439877,188582.0714405821,26.005854128581642,0.1433416889058032,64.63803312692949,1773047.0,,15,7
963.3391270991073,1501.110861169355,109155.75069693368,17.018785712791452,0.05743950931853112,90.65585778179418,1488664.0,,15,41
870.9678548614313,2325.1121642602407,192191.23155442413,23.391534174540677,0.1918970581398633,73.98818886227149,1692847.0,,15,60
91.55322700099576,1159.424607632257,229442.25200402667,29.16008868748397,0.1278996284635398,62.60539057576818,1828114.0,,15,80
123.769526762248,2472.96562849184,154987.36841200854,25.249148069531945,0.3521974129724183,87.40362969993609,1543002.0,,15,50
177.81318030112183,1663.9256353752735,158468.4720451274,20.622952577727528,0.2108293946856219,77.64694545436183,1633937.0,,15,0
393.41068228266,1893.5931902740658,155155.67121524469,21.086569430925614,0.1716562983754074,78.86653098505862,1621379.0,,15,26
454.4754797657748,195.3331822348814,120175.11249528934,17.87908790058903,0.3429361654294933,102.85171308876201,1378875.0,,15,27
513.183396932581,2377.2341767514217,144246.8851716722,19.953829455183673,0.2764703523020138,87.81015821016835,1534151.0,,15,29
888.9240275196453,959.3945351984088,137146.05168344532,17.623384321904172,0.03296995817320245,88.62321523063288,1515891.0,,15,38
569.4512240287397,1273.4566250632693,197580.173486063,29.467287338499276,0.26733020416347364,73.17513184180696,1692625.0,,15,45
640.0657695208394,2124.491724124974,151468.05109892786,28.591445902468653,0.08650349392006208,50.81606377903261,1885036.0,,15,59
631.4068014937442,1488.7378714551003,100043.82066858778,15.025801245172003,0.051573228012554206,89.84280076132966,1488365.0,,15,31
678.7575739946955,2495.9912525881286,153736.48018602387,21.66877580956372,0.29435706632360203,80.89917353621992,1607274.0,,15,82
808.3106364880595,1683.1913685260747,127127.9696057917,17.495695062849887,0.050369047957064116,82.52528757714896,1575133.0,,15,40
809.3764631802396,2197.4085438452253,147845.06901573794,22.17641196980594,0.23451580074226652,79.67958800552314,1613124.0,,15,52
556.4583525562465,723.7222022524065,143630.99447867033,18.99386947755472,0.12696314452117266,89.84280076132966,1530922.0,,15,30
1310.2828275290642,358.8016838984926,165412.50644855367,20.931783544434918,0.25456104092737464,84.70207240779519,1575416.0,,16,5
1288.0884332550302,755.8086712286794,166697.08360697943,20.30366182452892,0.09021487660595676,77.89185553078653,1636960.0,,16,21
1148.355757971126,1360.6855148158204,105046.31841219412,16.44870294348576,0.051384937201186885,83.8507952981691,1548127.0,,16,3
1198.4151048635063,1863.310562602154,120571.9103375546,17.485439456784082,0.10075802907514653,80.87132541447782,1589259.0,,16,1
1216.3453039686322,607.8890444257149,174228.7578343962,21.64569858795218,0.08182449722334469,79.5944097500387,1622930.0,,16,4
1366.0608582774998,965.8922287970129,199033.27025468097,25.217081680541853,0.20738399601101232,67.67653021527354,1761161.0,,16,7
1452.7771813077682,152.22576281259285,108863.01933320265,18.36273590050792,0.38913416097172526,95.76867483293425,1447950.0,,16,12
1548.2272112292264,1066.983783526877,134333.65609176984,18.08158390271665,0.09092345441398372,79.5944097500387,1603076.0,,16,11
1690.323958729138,1094.710776605384,72811.85937909289,23.747328589065777,0.04811113018010245,52.7791807968171,1568064.0,,16,93
1737.924061669503,568.7928504958878,101541.18491330872,15.582708407113612,0.23909701432929464,101.72761460031683,1382057.0,,16,16
1110.7690550974185,906.0786355161238,136056.21532309824,18.371254128089205,0.08399234784922648,80.87132541447782,1594826.0,,16,22
2056.3489518867364,2099.5999298389606,128611.79699941813,19.154818100927944,0.3246745702491403,87.68154229148648,1518786.0,,16,17
967.7052780569858,1499.69763072063,103747.26954290472,15.340106053090908,0.04393295739230614,93.214843504056,1459453.0,,16,41
869.9770688070915,2324.590693295858,188993.73366230578,24.70920520578351,0.258952897016579,77.89185553078653,1647585.0,,16,60
893.7147748295856,964.1886508399657,137122.0142643501,17.12806441620085,0.05360125007382292,89.80973506555168,1513494.0,,16,38
110.7046062233639,1157.1844124000233,218722.88416177745,28.35937011902388,0.22723439345339996,65.54833744120833,1780218.0,,16,80
127.91170887732416,2478.669867017833,154498.70826459248,25.883938806135436,0.3999307296662064,86.8302651818604,1573469.0,,16,50
174.9526525113518,1670.01922292474,158604.8434028739,21.64551942107876,0.15075272984780166,79.5944097500387,1608939.0,,16,0
508.55937154177195,2376.499211694788,155773.07009770273,21.083280326791407,0.29697066470154315,89.80973506555168,1523394.0,,16,29
393.1781514041253,1899.8186760951537,159388.0183437299,21.698054632666405,0.1679504687977803,78.74313264041261,1621090.0,,16,26
575.2196185690902,1271.7744761227646,160444.02759822106,27.369285965112837,0.20088843156672911,81.29696396929086,1617027.0,,16,45
633.4253034791195,2124.1175175698436,146564.37996432258,25.20565841940907,0.04724764267482187,57.886843454573594,1779395.0,,16,59
634.4546654398455,1477.8970111318934,112872.5345195415,16.797083177989055,0.07670951663677153,91.93792783961689,1477509.0,,16,31
678.4688316903082,2490.6615750642595,155823.29544717068,21.593661055259233,0.30167350933443293,83.8507952981691,1579852.0,,16,82
803.0297745745702,2191.881593748966,154375.69872225152,19.903017758898297,0.17336831390413698,82.99951818854302,1584880.0,,16,52
555.386352763512,724.2941098488124,147690.6195803579,18.475893010571507,0.1387821264904279,90.66101217517776,1507442.0,,16,30
826.6793313643365,1658.4405956387063,124081.72586054294,18.038480941746915,0.021865997097407955,79.5944097500387,1601146.0,,16,40
1321.9655276477438,354.11549319202527,159823.5515436432,20.34383518106397,0.238152877560067,86.9700194936062,1557158.0,,17,5
1283.1715153727566,755.7810524854962,125883.59638169952,17.887250048313355,0.11578937703839046,83.93176553749768,1556707.0,,17,21
2057.920850423762,2099.823324735262,125738.89953703986,19.51115002564774,0.2935128015472769,84.69132902652481,1550689.0,,17,17
1187.9114105264919,638.0757845546806,181721.0073688063,22.242376439478715,0.16742810626415372,73.67765843563146,1678232.0,,17,4
1218.975695339668,1904.2881469976041,60394.03235778052,36.46886632045314,0.733230976777392,87.72958298263333,1495852.0,,17,1
1364.2175083855973,967.4337640824467,184329.34839012547,24.382623718464693,0.1533620407100678,64.94267831181948,1763501.0,,17,7
1425.1415764928001,148.69388790261223,107818.51814042282,17.96868067947217,0.3314919254289361,94.94543612839105,1461363.0,,17,12
1548.090167375242,1069.4921236108612,120327.38945946608,17.44145168649646,0.10653144440525267,76.71591239173996,1630179.0,,17,11
1700.6141017377458,1049.8413106300877,88971.08950544817,23.31075223968136,0.03947675601156926,60.385297377656705,1636670.0,,17,93
1739.7475194228189,568.3758265242996,94540.58878873958,16.773622004232738,0.2060149126051396,95.70499961741818,1443568.0,,17,16
1139.223838126624,903.2475653961085,138405.00049831174,18.995526771997795,0.11226016295643074,79.75416634784848,1605949.0,,17,22
967.0949435027177,1499.8812172613516,100126.03890530058,15.206506205893213,0.08842740733708747,93.80609089485036,1456763.0,,17,41
1146.7868959982716,1359.307907773508,98434.87079698168,15.924577623193679,0.03151412146691403,81.6530750704163,1566590.0,,17,3
872.3411039914381,2324.864456148673,193752.1132532515,24.264065765209683,0.26030592463773683,76.71591239173996,1655827.0,,17,60
132.58179713468712,1169.9796532303717,209314.42979818382,26.027285333189838,0.21126779080830904,69.87984099049581,1741606.0,,17,80
129.7054960521101,2478.9214232727345,149492.72852938523,24.4752898185167,0.37587293861205395,87.72958298263333,1567152.0,,17,50
174.06242693106515,1670.947060484584,143908.0379763133,20.351577598715508,0.17649833046876057,74.81700366917214,1641131.0,,17,0
395.71797074889673,1902.2796881840009,139676.50977894315,20.433136275244042,0.17187922639513362,74.81700366917214,1642472.0,,17,26
437.79557484852256,2227.5163992878406,158704.71452430627,21.32557495408196,0.17751414680799435,77.85525762528066,1638051.0,,17,97
499.8938516732278,2373.427603559671,141428.44296638423,19.79641423634111,0.28369864207996465,84.69132902652481,1553083.0,,17,29
554.9898624246665,723.8386142021985,134603.76501747547,18.062516365061008,0.15981498567889607,87.72958298263333,1541730.0,,17,30
894.5657135697978,965.9708558382983,136410.00699438198,16.775855089770655,0.038266700582513406,92.66674566130966,1485347.0,,17,38
585.3902814006115,1279.0339183610013,131911.1124488743,19.65751188910489,0.07034582657661981,78.99460285882135,1621586.0,,17,45
626.9712544282964,2112.4459561865974,163377.54910880115,24.500531418276573,0.017838403619919344,61.904424355710965,1755559.0,,17,59
634.0622957130613,1437.9796330461816,104572.14378832087,16.204941799757563,0.07445146348957025,89.62849170520114,1500074.0,,17,31
682.4270564024202,2495.587935772468,154094.5439276561,22.478596895483246,0.32529229245907215,80.89351158138918,1598310.0,,17,82
797.116596505304,2194.259649514795,149578.5592036453,20.98874081642035,0.23453092263989955,85.07111077103838,1565805.0,,17,52
847.5575145933487,1657.4473367727269,120947.95283000125,18.407078963702318,0.07489827858392266,77.47547588076709,1630720.0,,17,40
1285.0252171388174,776.4565911730546,130465.94284945696,17.75166429136622,0.12418479188139413,82.76414720225739,1574252.0,,18,21
1204.1305093264828,1888.6701273316207,73730.09053749357,36.819037272049464,0.6774132371516207,90.1758618770864,1494647.0,,18,1
1195.554229821157,123.50306812817958,94212.77580330995,23.747779080180575,0.09100266472535953,66.70543207346118,1469462.0,,18,9
967.8547704532191,1499.6903446969843,106542.98668874078,17.618069709132886,0.08160835809237812,93.88171921450092,1454613.0,,18,41
1160.012592341289,904.9561621477889,134721.50235858795,18.449500023777087,0.10525640701528492,80.70533757036044,1593208.0,,18,22
1139.8900817057888,1355.4936153933238,105478.17034712368,16.429955400239034,0.02067115738556145,83.58767105501617,1545292.0,,18,3
1171.133088863704,621.652868608799,177301.3914035543,21.63433396954335,0.11346494331854036,75.76419445380776,1656307.0,,18,4
1332.2389239692477,374.94799870503556,136091.84604957857,17.694241398682223,0.2351917454901088,93.88171921450092,1478276.0,,18,5
1366.2386288290677,967.5141758387482,186305.8012096188,24.62727707108511,0.14526890711129709,65.8819082207024,1760842.0,,18,7
1406.7540532284404,147.9163709321577,109182.38063683268,17.815982853017857,0.3363219770598616,98.8228623310536,1420738.0,,18,12
1548.0858967728425,1071.817802512303,129774.59457506597,17.880454514617686,0.08439296970891766,79.88181371760166,1604959.0,,18,11
1712.4263985091188,1022.3253439045146,114672.81416317546,22.014619551179806,0.0675238472690572,69.58776555811691,1620525.0,,18,93
1737.4393963690993,569.3494889562215,97573.57664641853,15.97492863552887,0.2297282103553605,101.70519581570933,1377247.0,,18,16
904.0787743312524,970.1855483418977,138706.5342820877,16.93046549494056,0.02911822101453075,93.88171921450092,1482806.0,,18,38
874.718352953272,2323.1960211792525,200250.11884645684,25.004052804688307,0.2543706806672883,75.35243252742838,1674277.0,,18,60
2057.474009458466,2101.9838828283646,122068.47012287569,18.268306822392432,0.29520542536512656,89.76409995070702,1503365.0,,18,17
790.0336349503727,2197.445184092691,154948.07170619635,20.32831616102589,0.16188552716019566,83.99943298139556,1569650.0,,18,52
128.37030381129426,2481.4920031960314,153056.43741640943,24.16005354452929,0.3918882252744784,90.5876238034658,1532728.0,,18,50
159.94321165907144,1175.561626133646,228146.98935866053,29.417651971727224,0.1578476080606168,64.23486051518483,1809130.0,,18,80
173.33299045490924,1667.5693375373987,153314.61214424932,21.07279585782943,0.20312900655540517,79.88181371760166,1613731.0,,18,0
243.38952534133256,2505.4073164073166,125187.56671519956,18.89162330819489,0.34482135646883383,95.52876692001848,1457020.0,,18,100
394.6523695938247,1902.56953308918,158642.39970967223,21.65529312778936,0.1617979438104503,78.64652793846349,1608793.0,,18,26
418.5716431183702,2194.451496831039,160665.79781590056,22.24113182086851,0.2121420868800423,83.17590912863677,1589269.0,,18,97
465.20260198553314,230.68459527923392,112483.47600061624,17.03137925465518,0.24900904377302355,104.99929122674445,1363009.0,,18,27
850.5354949973021,1656.407731346126,116753.8589390969,17.69773689286741,0.036684650592123134,81.11709949673983,1577894.0,,18,40
550.4714601825896,718.6178720748128,146447.65849802023,18.739949887789976,0.15249427673161253,92.64643343536275,1500940.0,,18,30
591.9147154624055,1283.5032856403873,144871.8456057663,18.54007260795665,0.06768015849229049,83.99943298139556,1576420.0,,18,45
626.8422702124841,2111.0474331504383,180258.66555881107,24.736791152511167,0.031181945525992585,67.94071785259935,1723483.0,,18,59
625.8541665113436,1435.8297981793646,110458.4308466824,16.077562363154694,0.03638194195630172,92.64643343536275,1468076.0,,18,31
481.64280652019846,2346.763858559918,157449.93717087753,21.41993792580844,0.28401485123308307,87.70529031881007,1537334.0,,18,29
1282.9520079746148,805.9477139512908,182579.3497848529,21.530872870887162,0.09016939538763794,78.6470574639257,1639525.0,,19,21
1203.7060254037767,72.72989836551596,127498.40956058897,21.165264193303386,0.13003735379687814,82.7647044515658,1437285.0,,19,9
1193.9077577075318,1862.6428973629927,147716.46803460058,32.608350998337784,0.6474380174955975,86.47058674044189,1558636.0,,19,1
967.7627197382855,1499.2838415502993,105476.40994129224,15.692148560062002,0.02779861540562743,95.94117481201408,1441937.0,,19,41
1169.398588316973,901.4582873011893,149458.6444750711,18.609268169944695,0.06386155806691145,85.23529264414985,1554910.0,,19,22
1137.0499632372448,1355.398398356667,108645.76282767882,15.996515212464152,0.011504349610022922,88.94117493302593,1501828.0,,19,3
1172.206081464206,612.261361451189,167022.4677008499,19.57007570767255,0.11247303902697951,88.94117493302593,1542203.0,,19,4
1320.5667476856156,380.3338011674164,177203.7616424888,20.600170907025724,0.2532293832333473,91.823527824374,1511386.0,,19,5
1404.8317936860826,157.30160604713205,115757.35094003202,18.842293514855232,0.32793085252919046,99.64705710089017,1416407.0,,19,12
1368.2931685257051,966.2213646417973,209237.40814753363,25.20794462202726,0.13866459100417378,66.70588119976945,1761973.0,,19,7
1549.7068480315343,1071.8254923183792,127443.2330909546,18.39296895353153,0.10967463143557149,78.2352927651617,1620797.0,,19,11
1715.6918580360066,999.0394695734982,109394.76281473055,22.215613578171702,0.04226398762651496,67.52941059729747,1656968.0,,19,93
1739.3554999685357,567.6793979296457,104693.64524894186,17.455745508440124,0.24243424331176705,104.99999818482229,1365039.0,,19,16
906.4080388349514,965.6693233756534,137838.232911252,17.10260884413775,0.060797349623863114,96.7647042095421,1444989.0,,19,38
2058.4710358887264,2102.2642405935107,127044.64486255104,18.607933474585746,0.31810269188339024,90.99999842684598,1493219.0,,19,17
872.6818421728483,2325.275622190361,203618.8788328987,23.707046813348594,0.19456180068117512,76.58823397010566,1670222.0,,19,60
774.4964157887799,2193.2706028775083,162444.46777999165,20.5845807896863,0.1913953018497382,85.64705734291387,1567448.0,,19,52
848.3416922111016,1656.9364866861174,133792.23298119684,17.545977620230477,0.059124597586622606,86.88235143920589,1540510.0,,19,40
85.14831742687159,2458.033840480912,132884.70358512097,27.909387298102377,0.48923268658397007,90.58823372808197,1499116.0,,19,50
195.70620266312415,1184.0238517673176,184736.58504167755,31.985905120262466,0.03883997895035981,46.117646261569,1922494.0,,19,80
175.8422788605697,1665.8314144651813,159295.2913638445,21.09337609096648,0.20846712813459498,79.88235156021774,1620527.0,,19,0
396.2327399771187,1903.6221678209845,167359.70298913762,20.545612156676984,0.17935041153092518,85.64705734291387,1566908.0,,19,26
398.4021419839279,2174.0472893503365,142138.70342514332,19.851175526909493,0.26147274859377373,97.17646890830612,1452898.0,,19,97
462.27315083837993,227.33337067245424,117628.82149591444,18.508016161454098,0.32525841497511154,104.58823348605827,1363191.0,,19,27
235.13779567018577,2489.572631297608,123249.40963404316,18.460067658472042,0.32740211837784433,97.58823360707012,1445411.0,,19,100
485.1114591173351,1247.640850662858,138961.52700948023,17.474293137423484,0.09745894775168344,91.823527824374,1488050.0,,19,103
476.0909651820156,2337.2892335629117,164171.4089266079,20.486104268968425,0.2609717750834962,92.64705722190202,1492596.0,,19,29
683.7737242446888,2497.520035763852,154279.99733289887,22.56262508700388,0.35050391439165085,88.11764553549791,1561378.0,,19,82
626.4755604565717,2111.1219109610756,176620.70282903896,24.380945813729856,0.07284953363473208,70.82352818740954,1692016.0,,19,59
592.327583679583,1286.1531964681205,154498.64438794256,18.665889627381265,0.08648241594601626,87.70588083673391,1533168.0,,19,45
549.8798934829374,707.0496005610152,173802.58523069808,19.89022961741003,0.16133360812179254,94.70588071572206,1491229.0,,19,30
627.519585005531,1435.7689630046325,109064.52752632182,15.61878695785986,0.016612789570337988,96.7647042095421,1434965.0,,19,31
1268.886573254292,823.8908127389843,157277.6456040738,19.761287316445515,0.07767509809743363,76.6873320111223,1640881.0,,20,21
872.2967201868395,2323.776362402672,215332.3776417148,25.65381663510913,0.23745580825323606,76.6873320111223,1669837.0,,20,60
884.8468867623521,945.8340540442388,155594.15685766123,18.858932293784537,0.04720321999043934,91.6211808764461,1512415.0,,20,38
966.5501553988933,1498.1463023726758,111813.76263004841,15.74819969448174,0.03175607768008308,93.63926856094932,1458421.0,,20,41
1136.625619434546,1355.0025269146674,106697.91034983275,16.60535667883456,0.0158176326513319,83.95244767533387,1550465.0,,20,3
1187.6710279624801,1858.695163455566,141008.22630914577,32.079917098699305,0.661892197571976,79.5126547694268,1605538.0,,20,1
1169.999888802121,900.7443510213778,159707.82679375258,20.608986324989004,0.07825294578891857,75.880096937321,1657771.0,,20,22
1174.808847522735,613.7217376538323,175889.66108317318,20.89304044682859,0.10405423911750841,81.93435999083066,1604512.0,,20,4
1315.255693313885,350.8255452171458,137249.33618799006,19.003012261620313,0.28657346000491946,94.44650363475061,1468921.0,,20,5
2058.019182133356,2099.0047767763635,129109.58132131479,19.20789854303158,0.28950469447532373,88.7958581181416,1522766.0,,20,17
1407.4148168908157,166.30075457373857,113772.11491909032,18.772552454792173,0.31396966873833265,97.67544392995576,1425266.0,,20,12
1550.37410689933,1071.8651704062727,128743.09659780901,18.997346232541915,0.08492428439741609,74.26562678971843,1660397.0,,20,11
1719.571471775366,999.2977321810067,104098.2097946557,23.99087406414725,0.08373940616159448,52.06666226018303,1830324.0,,20,93
1737.3646955198783,568.3221323617728,100811.55219167376,17.340323984545904,0.24594210961757026,100.90438422516091,1396341.0,,20,16
1369.705120076639,967.9464539479306,203074.91666357915,27.03315531371586,0.1546768339721563,60.94624807199719,1812919.0,,20,7
840.7317958988916,1667.5854823072457,132803.48901902948,16.89251441362447,0.014747361699775903,88.7958581181416,1516109.0,,20,40
77.49492915403448,2449.6098049040374,127273.52514595375,26.639819238284915,0.4521077091488268,91.6211808764461,1500687.0,,20,50
176.43993129688448,1663.6086412022541,160499.72440115164,20.243229375741702,0.18954528093585998,83.14521260153259,1595431.0,,20,0
189.19374117310545,1195.0105475803136,225771.54161611304,28.561102452247987,0.11622722599377161,62.560718219599764,1808187.0,,20,80
232.52994392547063,2463.3062639274995,127330.43521865676,20.752467476109373,0.3614775432601733,94.85012117165125,1458885.0,,20,100
370.4135731780594,2159.400855228236,149794.17285239897,19.781311680782974,0.19141772885643388,92.83203348714804,1492734.0,,20,97
395.0804896823131,1903.0664354023081,158353.68995745093,20.491143680439336,0.1680395782400647,81.53074245393002,1601185.0,,20,26
460.81690743560574,225.0197096508464,113182.8333152154,17.734725507783537,0.3004159792522291,102.92247190966413,1383627.0,,20,27
766.1063304519063,2187.123828967754,167250.2277058149,22.235066990122487,0.21407567379667494,84.75968274913517,1572103.0,,20,52
475.34974162521996,1228.6409134040546,137390.1987083684,17.540447298383324,0.07807220367411927,86.77777043363838,1530682.0,,20,103
489.4980261241382,2488.8555822682665,241081.56202582826,31.273015070782236,0.15643688703760633,58.928160387493975,1833728.0,,20,108
562.1041526913956,682.735039903712,146209.24188964747,18.62595818287958,0.180647921132779,96.86820885615447,1460654.0,,20,30
587.0390127920878,1283.314680545489,150913.80789976136,20.012494191804837,0.026728493118577137,82.74159506463195,1576743.0,,20,45
625.1427923997662,2113.1023558014044,190586.58645433633,25.151305805471004,0.0350886502720271,67.40412866240749,1741809.0,,20,59
632.0501642530294,1436.2526160830184,111315.29497197611,16.13018422063146,0.051441328921888615,91.6211808764461,1481646.0,,20,31
682.9536685998705,2496.4579485724125,166398.99832049146,23.73373234266705,0.3151146176804178,83.54883013843323,1590132.0,,20,82
726.8482005262662,1842.0002384971012,154002.69290966197,27.66059557622139,0.0747158822073687,56.102837629189466,1765673.0,,20,109
456.60828821582925,2328.1748697363946,162592.0777124446,20.359216038953107,0.2748606168578104,90.81394580264482,1506761.0,,20,29
1311.5641704806549,347.80646293912196,132419.31471121736,18.313996327546644,0.2741343898252617,97.88234497351922,1435561.0,,21,5
1252.4734628607057,862.1692852132699,141292.75712617094,19.4702306886035,0.09840553919258004,73.81960183419575,1669702.0,,21,21
1181.7247846546595,620.0436363724523,168225.90003184287,20.686988730853418,0.10453181514210536,82.38430701937868,1600687.0,,21,4
879.3483212072477,967.238418424588,169400.89601462916,19.590150949491797,0.06245207239523106,85.64705185182932,1566699.0,,21,38
1165.2937569901358,1855.727276391226,80954.4090965572,36.43358786373395,0.7295428006475831,89.72548289239262,1508915.0,,21,1
967.611988809784,1498.074670995625,115316.41414261518,16.585467548562683,0.04776839097453952,95.84312945323758,1446983.0,,21,41
1370.498411860293,966.6423677198325,199281.11319021214,24.30817367823193,0.09878918705359195,63.21568112873117,1796121.0,,21,7
1134.493161118466,1354.310724482797,102275.63089041402,15.904586767401826,0.012657723049827879,84.83136564371667,1535438.0,,21,3
1549.8338683243305,1072.1373876276461,126166.67208292977,17.310098772398742,0.1040187497215903,80.75293460315336,1584506.0,,21,11
1409.0580094077243,167.2562724277359,111154.37526572031,17.476048477912848,0.38210629559551296,100.73724670191353,1399472.0,,21,12
1719.0763281321288,999.7205000456246,111738.81443383305,21.329374005248955,0.08285475625619555,68.51764148146346,1646100.0,,21,93
1738.0454736072877,567.9291447125306,98226.15671023872,16.59950148248676,0.2025898680973985,97.4745018694629,1428443.0,,21,16
2058.0521211701093,2099.5914945237764,117670.89238233237,18.470392335853177,0.34371559532533413,87.68626737211098,1517796.0,,21,17
2098.4128239751344,1315.760953930231,115076.60239743005,17.716238939104475,0.2325223073607517,85.64705185182932,1527373.0,,21,110
873.6906909613924,2323.5012790387877,203596.50107423216,24.256792963121487,0.20622836621232987,74.22744493825208,1698326.0,,21,60
840.9811409560407,1667.8517292292615,126511.29950585737,16.54684772228285,0.03605386770057403,87.68626737211098,1534468.0,,21,40
80.1855996245013,2452.391369788,130336.4599788017,27.64516257304444,0.507121037763571,90.94901220456161,1510880.0,,21,50
179.42833250530023,1664.5984613341334,165823.29630584703,20.71606875390429,0.1652020425321387,83.60783633154767,1589175.0,,21,0
225.30492657871446,2438.2874615818855,117040.36694346128,18.594246365348603,0.36832224105988143,96.65881566135023,1432408.0,,21,100
233.2155412529309,1181.8690024706123,207337.64586774088,33.761533745863126,0.01734260306886963,53.42744663137925,1868621.0,,21,80
397.2504092296651,1905.3213989018388,165935.86100256658,21.21681036497716,0.17578997358521847,81.97646391532236,1597000.0,,21,26
433.73437700962563,2306.2860883746534,158550.63807431457,20.09117912881348,0.26653705247611736,89.72548289239262,1526231.0,,21,29
459.59516883960606,228.6059547890797,110487.95963369228,19.7952271907727,0.36422031670858185,98.69803118163189,1410743.0,,21,27
357.733078249465,2166.306756404664,139313.90238528964,18.318950432253388,0.24042449567116927,95.84312945323758,1457276.0,,21,97
487.6816825444387,2451.992655392127,231391.82430187918,30.27180201379281,0.1285455445229702,60.768622504393186,1832111.0,,21,108
468.81205062143295,1212.1545326156552,133129.36955537944,17.850143622459626,0.11376932954146661,88.90979668427997,1520266.0,,21,103
728.108122422622,1782.831428150632,143997.98043537658,25.474662854859687,0.02693346242109198,54.65097594354823,1760157.0,,21,109
690.7455618134426,2489.303262893316,175242.02495092392,27.74095118837129,0.3630455949057592,79.9372483950407,1623914.0,,21,82
636.7681667351629,1438.0439061144345,107176.27362875488,15.719644261318106,0.09168803307227104,92.98822772484327,1473134.0,,21,31
758.312169298742,2182.1260706155836,160710.16731029283,21.426128738390986,0.21505185835448243,84.42352253966034,1581505.0,,21,52
583.8887104020039,1284.039021468342,149794.6544733292,19.485637645849145,0.06426832209552734,85.64705185182932,1544776.0,,21,45
563.2523734939427,651.6423834861527,148162.46637089577,18.01169774355361,0.14602798691610844,98.69803118163189,1441200.0,,21,30
621.3072230773616,2111.2151696976607,171695.42131805007,24.987681580222944,0.041486387415701265,67.29411216929446,1715244.0,,21,59
1312.6749469584315,347.4390161955663,129736.67624780347,18.430377559095557,0.2761165401198096,93.63597272789335,1461139.0,,22,5
887.0354568856278,966.346957859251,151927.99818098347,18.575518634558144,0.03419630432166578,87.58192276703818,1548312.0,,22,38
966.8895963726286,1499.160283725089,107883.57390576991,15.75536117623042,0.04869393463315833,93.63597272789335,1463362.0,,22,41
1123.7713117514397,1343.4290923563087,118651.71076947765,17.358289389332388,0.02800502988538367,82.73868279835403,1569243.0,,22,3
1182.1270116958358,620.2353656914089,166847.59890451495,20.356259780613748,0.11946477805299054,81.93147613690668,1600064.0,,22,4
1193.9381819387788,1854.00481212483,121698.5123131107,16.831726911090794,0.06526238527865007,81.93147613690668,1564427.0,,22,1
1233.4275999241788,860.4797165536708,155434.5039183108,25.473019220452812,0.07705924870950683,59.3296896163807,1806514.0,,22,21
2090.992965891075,1310.389530039969,114813.44309429546,17.769401416581278,0.22258421476386475,86.77471610559081,1524435.0,,22,110
1406.0248929421941,167.93471520665804,113381.45847688786,18.495046190505157,0.3590756202378478,99.69002268874853,1412455.0,,22,12
1550.7302573644954,1070.3302766567197,129707.21320466064,18.618007306503255,0.1314805206933733,77.8954428296699,1631603.0,,22,11
1703.6102338395376,996.5852405590647,120128.49535659558,20.54232317417594,0.04862953067521568,73.05220286098576,1633777.0,,22,93
1740.237118115082,568.2557870675635,91815.72170632955,21.240702237342628,0.21942986259817415,67.40175623085426,1694007.0,,22,16
2058.97049139004,2101.059540276968,128089.57105512013,19.469592668514228,0.3367017053192439,90.8107494128276,1501722.0,,22,17
875.3004988829658,2322.351827436402,205408.66832851662,24.75209018405111,0.21306348514725215,73.05220286098576,1702386.0,,22,60
1372.1778330587958,967.1689601917346,204101.80074363336,27.93622346411167,0.10567292670952172,63.76932625434116,1792110.0,,22,7
840.110121188991,1668.0377112361027,129018.26231911533,17.576881408708662,0.046283678900480275,85.96750944414346,1545591.0,,22,40
77.56247677589606,2452.322498567191,128167.4664979498,27.439960160321576,0.4933318152446423,92.828766066446,1498799.0,,22,50
179.70349749215674,1664.241649681274,161580.17183524024,20.42103337249512,0.20989429941085855,81.93147613690668,1602707.0,,22,0
211.8105975840526,2410.5856818189022,127331.60400002108,18.423640294506665,0.3283252683331168,94.84678272006438,1460348.0,,22,100
238.60961669876374,1192.8407973091703,227388.09851306668,30.29342051814371,0.13684409059232164,55.697259639867596,1879788.0,,22,80
394.22058227315415,1905.3491432178469,157289.86842964753,21.78189892009734,0.14671645838591518,81.12426947545933,1600357.0,,22,26
436.1419484660903,2272.2514985249227,189341.6233357377,22.62433473220812,0.20590289262732545,77.8954428296699,1649180.0,,22,29
460.67504825724643,228.6732788248772,102872.031348174,16.24319738271159,0.30644783261423475,102.91884933453795,1373937.0,,22,27
354.99451030242113,2172.5648239571938,136526.89868389865,18.627991713153637,0.23809768172520962,91.61795607427496,1491528.0,,22,97
495.8319112834132,2422.822310355658,217168.0549724817,29.857634010505997,0.2814630440667277,67.40175623085426,1752106.0,,22,108
564.8334104357182,646.149128563744,150059.71836306356,18.831615485578098,0.1517056801444505,96.86479937368277,1448839.0,,22,30
585.4125098928507,1285.0702905367054,151460.62552400545,18.560304063288346,0.08250873488453613,85.96750944414346,1550359.0,,22,45
621.816266167044,2110.8292519722545,177934.9860028251,25.48099592749584,0.02948752000080921,64.57653291578852,1744084.0,,22,59
635.4903113099024,1439.5732903677558,112974.22271618767,16.40786502946017,0.062150367150907326,90.8107494128276,1487392.0,,22,31
708.706977956055,2473.523585193092,192080.0719346979,31.06673557968581,0.27392852842741316,76.68463283749887,1675421.0,,22,82
737.7030718223305,1772.9378560741052,183694.80913558273,26.47119125823067,0.0160725579697444,56.10086297059127,1832144.0,,22,109
468.02702872947793,1194.8191308431017,140961.69208189042,18.710540082160204,0.05521472214267161,89.59993942065657,1512234.0,,22,103
760.93189159475,2182.8564009885094,165931.01574044148,20.610369698276617,0.19090937117372672,83.94949279052507,1582491.0,,22,52
1310.3604344577152,349.63917067160503,156621.52928782575,19.56560984772635,0.3017398964362848,92.76787462409736,1487631.0,,23,5
1227.9136882778741,837.7469439007275,169578.10911032467,27.676708884287223,0.1564917305598021,57.53956780481988,1829900.0,,23,21
1194.944441027029,1855.2683156379562,127264.99836405917,17.712989323459166,0.10058651274995097,81.80795694698881,1583965.0,,23,1
890.418156548586,960.2401627435352,155181.47439017994,18.560989375486283,0.021713706332153065,86.11363889156718,1549599.0,,23,38
1113.1597760794157,1351.5015299359825,111036.49168931201,17.509389414652166,0.031078650752170252,80.6336800530129,1584136.0,,23,3
965.5515602752313,1499.497951897651,111611.8873673602,17.04545175386276,0.02756965704023292,90.81074646747084,1498783.0,,23,41
1187.4326576910944,624.3297989310965,168742.02396181383,20.988028753031433,0.16446588463378134,80.6336800530129,1614401.0,,23,4
1370.8779323388549,966.3314972850127,205301.17792759734,27.484591423244655,0.11632452801032277,62.62810101204885,1790220.0,,23,7
2088.3268476462094,1311.4085243477343,111168.79355269996,18.107140673257863,0.2740581672117835,85.72221326024187,1539632.0,,23,110
1411.5918204641064,154.20277513909622,115376.61908944699,18.186088473070082,0.2957889668739243,97.85640783132634,1428564.0,,23,12
1551.2057648771276,1070.724906934082,123968.80312266877,17.851300292706245,0.11504713759221538,76.71942373975985,1624677.0,,23,11
1697.8830583141864,995.6158213546513,123681.88813490732,20.69292220881409,0.07185607085375857,67.71663421927782,1689550.0,,23,93
1738.3659065641095,567.4639529870896,86256.50924700091,16.282476714037863,0.2730542818668163,87.6793414168684,1516933.0,,23,16
2058.380739118786,2099.7006347305787,118340.88539547354,19.589461980086693,0.30896778258607305,88.85361831084431,1512561.0,,23,17
873.7708273706626,2321.772993012704,205143.82482380458,24.607968093858958,0.22276905871751626,76.71942373975985,1668575.0,,23,60
857.2984629182434,1662.6037189318902,129186.5067882351,17.36585429769415,0.04311736142534238,85.72221326024187,1548668.0,,23,40
253.44062946081883,1214.6783957324224,227320.8268178024,28.04426021921716,0.13162484998030818,64.97665480000069,1791880.0,,23,80
775.8517159828533,2182.8292020194517,163357.96440293425,20.77781890333627,0.19784365286839203,81.80795694698881,1599873.0,,23,52
71.80267199946223,2450.7752898867343,116460.86808821809,27.001380155456232,0.43287781806935854,86.11363889156718,1529229.0,,23,50
179.41581563970922,1665.177982230557,168646.51610777044,21.55590046928954,0.178335740689144,80.6336800530129,1616760.0,,23,0
190.4835937546933,2397.4951760472422,130314.2040320833,19.42287832123796,0.3646820211996478,96.68213093735042,1451934.0,,23,100
394.56708845733823,1908.8231066900908,164876.3044268451,21.746838823446772,0.16779253681394343,80.6336800530129,1603317.0,,23,26
438.5898789424491,2271.861171388777,191384.0396058261,24.791328757701123,0.25868464799847013,77.11084937108515,1636082.0,,23,29
460.7426925377642,1189.4981647859595,134796.8103620207,17.548226352037798,0.07681175161869155,89.63646957349492,1505349.0,,23,103
355.36259669172273,2167.263170832969,143305.62073577018,18.645851749196652,0.23508878445669187,88.85361831084431,1523210.0,,23,97
539.46940994653,276.24849843100486,182865.4435912935,21.928496127549487,0.28821297744992236,87.6793414168684,1551969.0,,23,113
568.4869193090439,640.1869820087451,142961.55760583523,19.239958277037392,0.18340729807700334,94.72500278072388,1467114.0,,23,30
591.4090236807048,1288.5915690166119,143970.26145776056,18.722496861981508,0.05570061179230137,83.76508510361533,1566604.0,,23,45
622.8911321158055,2113.290315827054,177613.68589580187,26.101160187582913,0.06406202017963832,64.97665480000069,1737469.0,,23,59
635.1238647561951,1436.295055229933,113997.62659028795,16.76724630828484,0.026013316938721078,89.63646957349492,1496635.0,,23,31
694.6359596268605,2495.4331575672763,189366.6319019755,29.12830925544817,0.41047015770767786,78.67655189638637,1643866.0,,23,82
740.5763311809798,1774.4228344235166,195620.04778802858,25.48302659264414,0.08273176066301254,63.802377906024766,1775640.0,,23,109
497.56045689601154,2420.6080299584605,212394.59321847453,29.392223664141788,0.2973115598202777,72.41374179518148,1710322.0,,23,108
1313.2698368966278,347.29619163071885,155432.14059465143,20.58364332101798,0.298327334965777,93.80383601700785,1490589.0,,24,5
1194.649162280768,1855.2540000904828,135222.30804616972,18.45720109421685,0.08478457272329998,79.93718199710234,1593932.0,,24,1
1195.0382577332548,628.9491210342594,168711.50103253743,20.560486972568413,0.11859956989955799,81.97639582355905,1604242.0,,24,4
881.5251639899244,959.0683957180831,187333.19385297465,21.393811979348456,0.03270502345247644,81.5685530582677,1619850.0,,24,38
1110.439948203302,1353.2274234739757,113384.36717864501,16.83768522125123,0.03961292541671766,84.8312951805984,1545311.0,,24,3
965.329420494023,1498.9408526410812,119276.06376604369,16.797849107358534,0.032548675271386975,93.80383601700785,1462603.0,,24,41
1184.4307182772188,816.8488225471934,177570.25373743058,28.507573698087768,0.2723759611906207,65.25484244661416,1781515.0,,24,21
1371.6048425928504,966.4619783438325,204974.4326656515,26.471424962449642,0.15823615220995313,64.43915691603148,1789405.0,,24,7
2081.865214283003,1299.2191861421468,128928.8863349591,19.50459048514069,0.28406741131340174,87.68619453763777,1528276.0,,24,110
1549.8125858247608,1068.0387807463442,135433.16275582535,17.746366146542922,0.10317349469771045,81.97639582355905,1580180.0,,24,11
1706.5950693233644,996.7924486641642,107132.95327225939,21.241372957296583,0.0594586341661504,68.51758456894487,1621500.0,,24,93
1737.9453294103316,567.7116078372579,87050.77550931387,14.534356996019175,0.27029037626898866,102.7763768534173,1367916.0,,24,16
2060.788427581983,2099.201694716472,125188.96817723752,19.19737756996252,0.33489275598945,91.76462219055117,1484285.0,,24,17
876.7813451985425,2321.689716335526,215679.08172625327,24.47048828719565,0.20588179739640136,77.49012540535432,1670465.0,,24,60
1403.7834405567646,126.80661516753163,119371.90681588715,17.881619107778583,0.32673209000448766,102.36853408812597,1385245.0,,24,12
856.0756674082313,1667.4569274502533,131994.2325588888,17.04974682046475,0.05597310549330117,89.72540836409448,1519290.0,,24,40
773.9032107748694,2175.638030611239,182049.59082862534,23.117001575267913,0.21176158889394378,86.05482347647242,1565390.0,,24,52
174.82561201018004,2377.400448122311,129964.3991160338,18.338513566375553,0.36979783198149263,99.92147749637793,1414863.0,,24,100
180.40913510228884,1663.0860998582134,161081.57857946705,20.516203820442623,0.18584583679769945,82.79208135414171,1598482.0,,24,0
277.67487193982726,1216.2737574888486,236628.74105097345,29.820699512846797,0.1776483868995818,63.21562862015747,1819951.0,,24,80
355.31417679747784,1660.2622428450507,132984.47479301615,17.656982117721903,0.17275589167600877,89.72540836409448,1513844.0,,24,117
393.52055920056034,1910.8266289212752,168271.43868878807,21.951422733959276,0.1571166074661488,83.6077668847244,1585426.0,,24,26
432.58633619824764,2268.396992676075,195125.02988386567,24.578651502709814,0.15733995358386188,70.55679839540156,1709652.0,,24,29
439.94397405435404,216.65360134584367,117579.03001966643,18.37427350147534,0.34348413915745857,103.99990514929132,1370172.0,,24,27
368.0067842673318,2164.738028317597,162373.21661714473,20.22542800833268,0.19476550509377283,87.68619453763777,1552546.0,,24,97
498.6848086906777,2418.787953867871,208889.31536968306,29.323844396558645,0.2823097456992126,70.55679839540156,1720202.0,,24,108
457.1236650715116,1186.5006804192465,135763.92323847665,16.88237488328809,0.0881713804137493,92.98815048642518,1492085.0,,24,103
746.0201158203013,1780.5279820737003,190927.10430072193,24.030996590461385,0.10970221178584802,73.41169775244093,1688465.0,,24,109
678.0567539736012,2489.510272792699,213076.63704092923,25.112388938856387,0.224809552708921,77.89796817064565,1665343.0,,24,82
639.4391149522432,1436.196030934944,115332.63206844174,16.935193306033742,0.0991625099536995,91.76462219055117,1486082.0,,24,31
620.2440198730122,2110.729083942376,170090.00957922215,25.382396335192436,0.053613811120735065,65.6626852119055,1735946.0,,24,59
554.6156360112511,636.9295030029738,146881.71702031852,18.597031163286026,0.18877215960149824,97.88226366992124,1459692.0,,24,30
537.4325858410687,275.8764679791736,204132.64519809018,24.485872007886627,0.2509414319896163,82.38423858885038,1607156.0,,24,113
623.4760096614735,1295.3326433555947,152305.61795592803,19.15190660171162,0.027227807962492388,81.97639582355905,1586164.0,,24,45
880.7303594759043,966.1853372652954,160698.5559212046,19.04218750559715,0.020780220972484095,85.98103580588796,1556084.0,,25,38
964.3545424684995,1500.0259859877485,118099.15175322878,17.35892716884197,0.014324642289077701,92.3796245170238,1477940.0,,25,41
1106.8034128300346,1350.4800855285278,105859.4513724148,16.611286445854883,0.03302349426687453,83.98147683365801,1539466.0,,25,3
1182.3219524987683,807.3016958670855,150969.1018741281,26.462065391430077,0.28120689176278285,71.98412300027829,1712224.0,,25,21
1193.1740497833007,630.4464939784451,166830.40346544495,20.487761877303072,0.1759681007049225,80.78218247809008,1607122.0,,25,4
1194.2633446548489,1854.6526590052574,128929.5629704151,17.839142284342802,0.07843746005624708,79.18253530030611,1597488.0,,25,1
1312.1763985005766,346.0622410184117,149784.56313897905,19.378287314536724,0.2935286449876471,95.57891887259173,1461496.0,,25,5
875.1796834658194,2322.1116538703636,212201.99619252037,24.77322180331024,0.19177045240305754,73.98368197250824,1700982.0,,25,60
1400.452787425885,112.18212118022664,113986.85877094067,18.76738002103878,0.3401591633031957,100.7777722003896,1409912.0,,25,12
1550.2097954942615,1068.343078448968,135477.31878087932,18.116212506357314,0.11298062912956995,83.58156503921201,1563888.0,,25,11
1695.2193099273609,989.0686003497444,118917.77119645973,20.687435134013057,0.05360199811866915,71.98412300027829,1609413.0,,25,93
1739.515188393451,566.0350708675791,92010.50593075015,15.4670335759601,0.22191953838960354,100.7777722003896,1390068.0,,25,16
2060.058316705073,1281.8130808248493,121653.56778226476,19.019542551608755,0.3112823395458205,87.9805947781179,1531303.0,,25,110
1373.2212153518124,966.7679548368984,210815.90191297056,25.64473022565306,0.12352142567577051,65.58553428914244,1780578.0,,25,7
853.3485800088646,1669.1839128979639,132633.54601057386,18.019330803479402,0.03675398985469937,88.78041836700989,1518834.0,,25,40
2058.3023063930577,2099.564092359264,123594.33972071114,19.607955465294577,0.35432016423834756,92.7795363114698,1482009.0,,25,17
157.73431227225,2350.261231548391,129499.43727750063,19.665220973611124,0.3418933305514801,97.97838963926768,1428061.0,,25,100
179.65339835148774,1664.0993954480796,164184.5870333903,20.656207137199246,0.1965403720443565,82.78174145032003,1592444.0,,25,0
292.817999876677,1200.791832492094,226995.9332044609,27.067588425509005,0.13416748576648582,63.58597531691249,1818086.0,,25,80
349.68108680661254,1659.1041020830357,128745.20363317551,18.047322850525717,0.1155431911360207,88.78041836700989,1514575.0,,25,117
361.00581999647454,2170.010302761383,131586.17702091983,18.524819511515364,0.2617303034278723,91.97971272257782,1498797.0,,25,97
394.4980616528086,1911.6348980271393,164536.90932429722,20.368097095492338,0.16352030463207096,83.98147683365801,1586984.0,,25,26
437.30631217983995,205.66077642775497,141694.74744913113,19.667144737794647,0.36322929086787376,100.7777722003896,1407056.0,,25,27
435.87714596996767,2267.361933226275,204454.50499871818,25.421474519603294,0.22897268685718108,73.58377017806225,1688723.0,,25,29
454.72075239591385,1188.3926029363279,144338.96423400802,17.81449571659512,0.05173299746051806,92.7795363114698,1486000.0,,25,103
496.51703689899364,2418.0630115542303,214592.6688997185,30.27275079876849,0.2955958148128271,69.98456402804834,1730856.0,,25,108
540.377324120603,276.1263211217377,197364.46879498524,23.026244083634758,0.2509525606926552,83.18165324476603,1597358.0,,25,113
552.2774366534261,600.3835567297798,152729.1136814849,19.940857732557745,0.18991200830156446,96.7786542559297,1452973.0,,25,30
618.1743786478712,2110.647059503658,172939.45603740192,25.56459793490096,0.03414315698891381,61.986328139128524,1748028.0,,25,59
640.175689187259,1435.8330494910983,109191.5164437388,15.866453653527106,0.05817014678632559,90.77997733923984,1481288.0,,25,31
645.3915286914644,1289.5254035258008,149969.72229980756,19.288583957267054,0.08665117140735874,80.78218247809008,1593614.0,,25,45
660.8758153590061,2481.0584271421726,209493.39360873768,27.08000051764327,0.3516992675757849,78.38271171141413,1653298.0,,25,82
740.4245052316169,1778.8272503201797,165495.49789558424,20.479345115207558,0.08695047854460217,82.78174145032003,1582575.0,,25,109
744.8184239293915,2167.2360902218866,163525.13248434884,21.545661122709266,0.18799545884685406,84.78130042254999,1571156.0,,25,52
1194.4169842543376,1854.187105104804,122441.03102751628,17.481748294089808,0.07282608041721854,78.666919568752,1609613.0,,26,1
1193.564977231976,619.9393738470866,148739.95785095668,19.494183520612125,0.10274428704970896,80.96936599515449,1604405.0,,26,4
1187.013586058218,810.6983647650782,189214.66358068617,29.693346490054385,0.3279764468832799,64.08475886820284,1780814.0,,26,21
875.8483215354377,2320.581610008815,187622.1381357578,22.684966380545013,0.19714177179548617,74.82950885808117,1686070.0,,26,60
964.8424421806168,1500.4934319209367,105924.81532878903,15.536507467330038,0.04571776615227429,89.7954106296974,1498191.0,,26,41
879.3157147742436,973.5591642508946,171688.44138291036,20.046015966974714,0.045480266058736424,82.88807135048991,1593834.0,,26,38
1108.1773853472598,1350.9072198211177,102283.88004650455,16.426033329828545,0.009087454682899251,80.20188385302033,1578833.0,,26,3
1310.8586394334682,345.5965306373482,131026.8537515712,19.567810133745,0.28328903805481326,91.33037491396574,1495437.0,,26,5
1372.804841082161,966.8311042540664,197487.35359075034,27.054360115183663,0.1522676635423587,61.01483029966619,1810595.0,,26,7
1389.8628136066975,86.55593020258077,113125.33278629178,19.879139970656276,0.3313496260422719,94.78404455356949,1456487.0,,26,12
1550.1465200449722,1062.3263626422709,124579.62001657313,17.621781027959692,0.10550389467793181,78.666919568752,1601695.0,,26,11
1702.2274285815022,996.2990189597272,130607.42476089488,20.49686770046382,0.04735990705643687,75.98073207128242,1622639.0,,26,93
1738.5947159793438,565.1408511528111,84416.89577762118,19.076449018538124,0.2177004770881693,84.80677670582533,1526714.0,,26,16
2052.4818411721762,1260.9599150067786,117750.18017479226,19.15850270328248,0.27619121147440956,84.80677670582533,1552180.0,,26,110
850.9478880476656,1667.42935852845,129197.56006579442,17.194185360680727,0.028968224121401202,84.80677670582533,1555424.0,,26,40
2057.7507949861465,2098.9947932061573,118141.21232620961,18.29753268801352,0.3023772480441113,87.87670527436198,1516132.0,,26,17
756.4557028834586,1769.9164327387036,148321.68008349356,19.646084933689405,0.0864809770331925,78.666919568752,1614952.0,,26,109
152.86538312167463,2337.1610321436433,118571.38606687581,18.58700695591048,0.34590513206706897,90.94663384289865,1492128.0,,26,100
179.22230280040165,1665.8439741158095,171973.56099871322,21.8690075453513,0.19025795747486943,78.666919568752,1630564.0,,26,0
308.9861713524019,1217.2082863712972,219944.2648106671,28.268263769285376,0.14491544666558234,60.247348157532016,1834030.0,,26,80
341.6505450408159,1655.5735227448881,131201.45593890673,18.098771079241306,0.17011238845123136,86.72548206116073,1528881.0,,26,117
352.6729312448786,2168.6381675519215,130188.76325236069,17.81866888316252,0.23413785471676724,91.71411598503282,1499102.0,,26,97
381.17912404870276,1922.5474259285625,167103.1193247298,21.321354528105015,0.18384962518446393,80.96936599515449,1604484.0,,26,26
423.0071414715669,206.0862228986675,128585.87679851348,19.564874963402833,0.3420803312605106,96.70274990890489,1441354.0,,26,27
438.9690283334605,2250.1630389516945,176000.92353956224,21.838242806870806,0.2284768929099567,80.58562492408741,1621216.0,,26,29
461.94726736113125,1190.676879324669,132101.328750559,17.065584536150535,0.08176413360854597,90.94663384289865,1497037.0,,26,103
489.6097212574053,2416.731969821975,206048.61688625696,29.67123192897302,0.27108565046754823,66.00346422353826,1750693.0,,26,108
541.1687818462577,287.1699295446009,202286.0356844442,24.44636821497842,0.23100788674017594,75.59699100021534,1668550.0,,26,113
553.8175881526298,580.6902857786503,143087.83561520962,18.837651268434424,0.1399563990860815,95.93526776677074,1468835.0,,26,30
619.7497076950041,2110.9713240996166,159834.6796976482,25.134109139980673,0.05710304066165797,61.78231244180035,1760066.0,,26,59
638.2456474907668,2457.90787576185,193986.1000583343,27.739704539544753,0.38294651987812756,74.44576778701409,1674485.0,,26,82
639.8255956928226,1435.3458692567935,105486.58302563042,15.771696640805903,0.030224662609715028,85.95799991902658,1529350.0,,26,31
653.648728205694,1273.8085742661665,139098.4634403962,18.38525791397094,0.03595699503269533,79.81814278195324,1606462.0,,26,45
737.6113991485415,2154.4326718521897,150619.52161704324,21.377722613742883,0.17544593871748593,80.58562492408741,1616720.0,,26,52
1204.7220038251724,612.8263558419669,158514.64418438377,20.29604092437463,0.11044837109875444,81.1927492529557,1590190.0,,27,4
1193.741361505322,1853.7028351495185,126260.72455257662,18.030043175721968,0.08110443942197347,76.79314215057877,1611157.0,,27,1
874.3628966738951,2321.492548588416,196428.4583712578,23.9389075971888,0.22534243157013198,73.59342789430467,1689638.0,,27,60
1105.5637916689777,1350.6540499565515,108164.34061193632,19.137590543923537,0.0586681541894344,81.1927492529557,1572602.0,,27,3
963.8852901796021,1501.5170560352124,103953.9166149616,16.083328798049145,0.021376598675067963,88.79207061160672,1506977.0,,27,41
884.7903724306669,977.2804113241082,173278.52572711458,21.43663322314906,0.04567801983032252,74.79332074040745,1668080.0,,27,38
1310.2252897637406,347.0499950573349,129473.23766587583,18.293988586730546,0.26662861616208505,92.79171343194936,1475381.0,,27,5
1172.5301908617698,787.165352294764,117561.50141833136,23.002406022319413,0.10096713051345277,77.59307071464731,1630882.0,,27,21
1370.1192884534694,966.9706365082308,204943.6979357673,25.38916549887889,0.11659480528398289,61.99446371531099,1809140.0,,27,7
1378.2241380977086,67.66007907685665,124121.31560797532,20.8016965652713,0.4032838166050951,101.99089191873745,1400569.0,,27,12
1554.5490018782107,1069.1895445263358,131815.8284657505,17.64432124398423,0.09501186361536547,79.9928564068529,1606817.0,,27,11
1704.5744044360672,999.6744615439243,135170.72886345393,18.75689974157047,0.10056052773534062,81.99267781702422,1578159.0,,27,93
1736.0874460364012,566.5394719469306,99965.87275879797,17.673950573351593,0.2832450487220195,93.19167771398362,1460855.0,,27,16
2027.28583420411,1238.63710553814,114829.74537203733,17.523969353879526,0.20644038858319366,80.79278497092143,1583670.0,,27,110
848.8363638061037,1662.9838896893389,128527.3221388648,17.241506687379964,0.07180514605206499,85.99232063736686,1544317.0,,27,40
2059.151820073544,2098.943997463014,112249.17582435226,18.928300165685283,0.35387786473569877,87.99214204753818,1518672.0,,27,17
743.0489253514506,2165.9174992648,159126.18957161417,20.30280635031187,0.16052932095931421,80.79278497092143,1620098.0,,27,52
783.9620187462901,1783.7113347413758,144869.06277422077,18.489751488864304,0.06285553349004921,80.79278497092143,1594234.0,,27,109
147.743334686136,2354.9312058441074,144871.46255991296,20.531803312288496,0.2481191738918072,84.79242779126407,1542628.0,,27,100
179.71044907748734,1666.2533433501628,171429.49085127018,21.93516850433479,0.2320926033360041,81.99267781702422,1601057.0,,27,0
334.0003459740157,1651.5288921253018,121385.55991886096,17.56658411049297,0.19375130106796531,84.79242779126407,1548124.0,,27,117
360.797937456787,1218.114323447017,212301.44086806962,32.810174286687385,0.09170696082757143,51.195428100385854,1864129.0,,27,80
388.58364909044116,1923.0259043988553,156963.18273437285,20.050953966411203,0.17295425317581178,81.99267781702422,1594274.0,,27,26
411.07953671944136,213.97161340748923,123836.1410748849,19.800926688849984,0.36911636773362105,96.791356252292,1432908.0,,27,27
335.7773671786739,2155.508136291688,130637.53369087756,17.99246833607318,0.2304615991626475,87.99214204753818,1523766.0,,27,97
441.7427019715044,2234.2308757634196,198693.45610041785,23.756017784278388,0.17881022415914402,73.59342789430467,1689174.0,,27,29
644.4497335934554,1433.822424053642,121983.10655622015,17.075709686705686,0.06144314844150589,87.99214204753818,1515260.0,,27,31
621.2251524198438,2439.4957524526344,209796.46456968904,27.436502966915295,0.3222190925918259,71.19364220209908,1731084.0,,27,82
618.3563372479238,2109.8580675176922,166779.90607262184,25.96722772517671,0.059237521169382884,61.99446371531099,1751354.0,,27,59
651.9182951699219,1274.2268371131763,146112.95169134732,18.624598637768496,0.02720100763389093,82.79260638109275,1583549.0,,27,45
544.9237814312968,288.566366602815,204204.96390685,23.77145862811272,0.23727927956819025,79.9928564068529,1625856.0,,27,113
497.16128683832267,1197.3993757460444,144415.5032783939,18.02373283829534,0.06328311061187054,88.79207061160672,1533002.0,,27,103
492.04934650503947,2415.612101680516,227862.05126061267,28.440579168596685,0.28661318416298237,65.59414225361938,1797209.0,,27,108
545.4947751022263,577.9087742486198,145253.02848497365,18.19556934590613,0.2056604984285175,97.9912490983948,1450067.0,,27,30
1311.4693365329995,347.5052632189105,132602.0705882353,18.321556128210865,0.26195548858452167,92.61960784313726,1480990.0,,28,5
881.2927345408823,974.5186458370403,161994.0,20.188951860074436,0.048375589574509145,76.86274509803921,1653865.0,,28,38
876.3304839025277,2320.830220041941,194443.1450980392,25.199919020505224,0.2201229466288842,71.48235294117647,1712367.0,,28,60
965.2708000272762,1502.7171719085034,101445.7568627451,16.532684823015664,0.028764461194909042,87.62352941176471,1513764.0,,28,41
1105.4390540337015,1349.2205059770863,109724.25882352941,16.678888540661262,0.008531197342924202,81.85882352941177,1569564.0,,28,3
1194.029264094104,1854.3465390050574,125915.39607843138,18.04762096120986,0.06598874683581957,76.86274509803921,1615848.0,,28,1
1216.1229319590766,618.8670035750961,161676.17254901963,20.83673686368159,0.14161616133851676,76.86274509803921,1638338.0,,28,4
1371.0131292845113,967.337795418785,194421.23921568628,25.38604113329175,0.1223170091062196,59.568627450980394,1820143.0,,28,7
848.3522048659321,1662.3505448464634,125942.29803921569,17.86643060300297,0.05454498943555325,83.39607843137256,1565642.0,,28,40
1552.273953486991,1065.7429700512753,129440.32156862746,17.985662560218593,0.09284922167379418,78.7843137254902,1600112.0,,28,11
1696.0827352835731,994.9506066457428,122203.30980392157,18.352321993329422,0.13231405207284563,80.70588235294117,1577662.0,,28,93
1740.944185773893,565.0606754415207,104908.80784313726,16.695471078920967,0.2184121323342642,96.46274509803922,1438325.0,,28,16
2000.7753651112391,1220.1745145107634,108706.59607843138,18.363125577671603,0.18811376375080904,80.70588235294117,1576842.0,,28,110
2058.493568755438,2098.278557975547,109983.28627450981,18.261633595005804,0.3378773638983287,86.85490196078432,1525264.0,,28,17
1363.9786001733532,50.857568722139675,124148.70588235295,19.100960387286587,0.3891272449934484,98.0,1426982.0,,28,12
808.9475455408166,1807.248566212118,149030.7137254902,18.887578349536714,0.043488922802121924,80.70588235294117,1593436.0,,28,109
716.5168674609799,2176.497878794594,156084.02352941176,22.144371115634534,0.19022634275718786,79.93725490196078,1621910.0,,28,52
138.72123827789096,2355.724900377332,141673.7960784314,20.496481022487526,0.17836308048971047,80.32156862745099,1582269.0,,28,100
180.83545417882476,1664.2541954309302,161999.76470588235,21.10498040393989,0.21618851957615706,75.70980392156864,1643938.0,,28,0
321.0540526170937,2153.060595351281,122882.00784313725,17.826002618239357,0.29286773975802055,88.7764705882353,1507821.0,,28,97
334.88106308781573,1650.4513088126512,123649.86666666667,16.900014287968236,0.13973841733951634,87.62352941176471,1525535.0,,28,117
392.26607330757804,1258.4297351916641,202338.8705882353,32.735129273764144,0.06873847662127686,51.498039215686276,1900407.0,,28,80
406.9990424718956,222.02787266103812,125224.40000000001,18.90676965268756,0.33233715042008977,97.61568627450981,1431974.0,,28,27
405.7191871566068,1914.8688189221837,157802.29019607845,21.230464223663187,0.18149156273024214,79.5529411764706,1611196.0,,28,26
648.844806566543,1276.8358732093873,146268.26666666666,18.362225233224454,0.045644822624949566,80.70588235294117,1603480.0,,28,45
615.5272780750693,2111.09471659266,162020.51764705882,24.81078424206781,0.04351920398223284,62.643137254901966,1758268.0,,28,59
592.0114415616134,2427.537346334254,184102.80000000002,26.28761658390215,0.29910443054651126,74.17254901960784,1688601.0,,28,82
544.6280452025894,292.54211015045377,202382.2980392157,24.066340797043626,0.20511300810349636,77.24705882352941,1649542.0,,28,113
645.4296274948263,1440.6725162849484,110680.81568627451,16.301703215175483,0.04095664982065609,87.62352941176471,1508061.0,,28,31
514.650057220362,1215.3621074047387,136006.70588235295,18.16027961798152,0.08735095593381466,84.93333333333334,1545783.0,,28,103
433.27843185685276,2223.3868253706883,196050.7294117647,25.99149353224911,0.09261537930496404,66.48627450980392,1750864.0,,28,29
484.13190512395647,2413.0753901017915,205726.59607843138,28.898356466638322,0.26605637563013873,61.10588235294118,1811796.0,,28,108
531.0264147242473,575.2090566325585,141069.2705882353,19.09707900307257,0.18269742618165974,94.92549019607844,1471643.0,,28,30
883.7601715376245,975.5799415927161,159450.63294453584,20.393880823172935,0.04626904725294361,77.93534907062327,1628241.0,,29,38
962.7728570041019,1503.3435181518646,104835.18518250684,16.442954124640472,0.04209250386078547,88.90112682930395,1507240.0,,29,41
1101.4633935636557,1347.8572476025233,107894.63717717875,17.97412398389032,0.06814034388826491,79.89352367038768,1592918.0,,29,3
1175.6825579323538,1839.7982276549037,116495.33165426397,17.140978501716738,0.04080789677620779,76.76044431076464,1614522.0,,29,1
1205.2683928909603,757.3107107434834,122012.68440656015,17.557177314355386,0.11516526291105514,80.67679351029345,1579107.0,,29,21
1240.5848721995758,626.128742871475,154584.96069904126,20.15281859958638,0.17243428576734732,77.93534907062327,1632127.0,,29,4
1312.495545829361,342.44647256924236,126524.71031933729,18.54364536609626,0.2964921662248302,89.6843966692097,1505536.0,,29,5
1372.5894090909092,967.7651640316205,198167.26949615768,26.297769183556625,0.13678801563955328,59.52850783283788,1830560.0,,29,7
873.2798357128887,2321.741498141991,200242.93457190794,25.233487415543674,0.2619363519272505,73.23573003118871,1689409.0,,29,60
1550.9170299761079,1065.366810143107,127199.88892133605,17.792018835968687,0.09442528257070568,79.89352367038768,1600811.0,,29,11
1686.713067095096,990.2892854410527,102381.2007740821,16.441344893158828,0.1456257391970432,87.7262220694453,1507350.0,,29,93
1984.8166607345993,1198.6929561934273,112233.95209025667,18.352748226360212,0.26552562529345664,82.63496811005786,1565387.0,,29,110
2058.5665537759905,2099.515031101156,116100.95528987142,18.976322944988965,0.35152601121093147,87.7262220694453,1513143.0,,29,17
845.8729373135403,1662.697864830633,130485.70589974073,17.795686630586776,0.003240793099798447,82.63496811005786,1573718.0,,29,40
1736.670714842992,567.7302899083174,94873.16772366542,15.314229746113584,0.2238696130914514,98.69199982812596,1402475.0,,29,16
138.08164206642067,2354.796025188513,156227.86918824358,21.91796409908266,0.2280723891830908,82.63496811005786,1566527.0,,29,100
179.08836393965697,1664.3815203107347,161526.68965520605,22.02090804737096,0.23625402239308121,76.76044431076464,1637200.0,,29,0
322.923447662861,2143.2114655840296,130419.91123318864,18.741584901774875,0.26401926211973253,85.7680474696809,1542095.0,,29,97
334.19739252165266,1650.1351198419552,119736.89388671397,17.276062347818215,0.15153605221117586,83.80987286991649,1554766.0,,29,117
373.49123258934196,1283.9231188335323,211330.90242561392,31.681817520985593,0.10364195022186455,49.737634834015864,1918592.0,,29,80
400.44566297274764,229.0321878883327,122596.22043728994,18.793504312124433,0.3207039243270671,96.73382522836155,1441673.0,,29,27
404.0703864222121,1907.480304045212,176570.1702004361,22.919748210331466,0.1854504066655309,70.10265067156567,1710969.0,,29,26
430.3187416029882,2217.2918521830647,185684.68969249952,25.823679459522705,0.07216586573677926,63.44485703236669,1766526.0,,29,29
693.9399862435754,2153.6203199722704,144623.72651003973,22.602758993559075,0.18759940893525814,72.84409511123583,1688992.0,,29,52
650.2395528938567,1280.8431267430362,140990.1377227169,19.436423417972737,0.03287952761753296,78.71861891052905,1612648.0,,29,45
646.7866512634555,1442.0583574899897,109838.3212849049,16.568188350090505,0.06783912185512231,85.7680474696809,1524425.0,,29,31
829.9833366798732,1827.7991733230162,159936.65188019737,20.307269408422105,0.045783190016118254,81.85169827015208,1599465.0,,29,109
522.3383952269188,295.69763539450304,178542.44365731883,21.904816737260447,0.2820210685934273,83.80987286991649,1583565.0,,29,113
513.8096081533453,1214.1467046131977,136646.12319059955,18.748416649491602,0.08135471756747514,79.89352367038768,1595353.0,,29,103
480.7047035501091,2411.4775334586784,176219.26531215833,29.20750680885034,0.23726622826061788,59.92014275279076,1795186.0,,29,108
532.2047660587934,575.1905149614367,141417.4114203855,18.839950063947946,0.18796330580638862,92.81747602883274,1483061.0,,29,30
884.8335076844979,977.8914705512581,165315.41690294704,20.995576651181896,0.05132392289658329,75.68471488785491,1652576.0,,30,38
963.4583493053566,1502.4408836653654,105369.98552151154,16.36943912441714,0.04438548923220586,87.84132712372798,1513796.0,,30,41
1089.6412226800821,1345.647978944916,107726.4075513619,17.204800969656475,0.04871013623285595,83.52769052390205,1558386.0,,30,3
1174.5417786520782,1839.0931530265198,111035.75112099199,17.165966663208188,0.0812122244959484,80.78264905128556,1581552.0,,30,1
1212.4382455520438,752.1383855833219,119858.70656276323,17.038272005764657,0.09915472580254986,85.8805832147162,1535041.0,,30,21
1241.3047401574804,637.8558792650919,149408.68586669804,19.129249703679488,0.11110282603895079,83.52769052390205,1578446.0,,30,4
1314.8198576668651,338.9332883970279,125083.69693149783,18.361052623440806,0.28161976408158135,95.68430275977512,1451483.0,,30,5
1370.9027918883244,968.6354185832566,196082.23387681457,25.85234508221933,0.1324104893849035,61.95950752477241,1807625.0,,30,7
1685.6922674876787,991.1629148104744,96037.62881217904,15.637848603084679,0.11451049205970079,86.6648807783209,1518695.0,,30,93
1737.8308343336882,566.0080066136668,103882.5651921352,17.22912400615053,0.21615677002775835,97.6450466687869,1427182.0,,30,16
1967.8147533268,1189.5135006189396,121647.68930534557,19.51044552683144,0.26366550807063416,77.64545879686669,1605622.0,,30,110
873.7888754989223,2320.862651294266,193943.45442086452,23.61140219624828,0.17563892757732036,74.50826854244784,1688542.0,,30,60
2059.7098528845095,2099.014611774744,113980.3963235459,18.372128157372977,0.3374118863359504,88.62562468733269,1512720.0,,30,17
1549.9921567285376,1065.3360753153177,126045.24574447722,17.750019642018245,0.10384977735488385,79.99835148768084,1589292.0,,30,11
846.2719848792633,1660.5587168723684,124900.56345039613,17.40912162498108,0.03579232671374761,84.70413686930912,1554357.0,,30,40
665.3029720544919,2127.4916149890983,173204.66609524685,28.91264692307607,0.26621113274902847,70.19463194262191,1729095.0,,30,52
860.1056863344543,1829.491529094059,153926.2398330612,19.31485443524446,0.05591515768980255,82.74339296029734,1595626.0,,30,109
138.13319774667895,2353.60007317375,145768.76087400856,20.319720761340495,0.19181865481664942,85.8805832147162,1552663.0,,30,100
183.63789676161772,1672.9450737655804,152493.72033313717,21.492709564628736,0.24206915310514268,79.60620270587849,1612913.0,,30,0
333.9297744389672,2145.476082367721,122984.91665129161,19.33523409915203,0.27094888961548025,86.6648807783209,1529296.0,,30,97
335.64965454539595,1649.2245438806335,121633.17980041889,17.660510001776935,0.12865962751385293,83.91983930570441,1552083.0,,30,117
349.1381051652851,1308.5606496827177,214254.016276754,30.443515193483396,0.060605830950846255,49.41074650709699,1939395.0,,30,80
388.06683418918794,1901.4245099738228,171976.06396186008,21.87863568037887,0.17339293428191246,75.29256610605256,1661146.0,,30,26
430.0504147176788,2218.471644625845,194080.31434571353,25.5806653030727,0.11421445005186362,67.05744168820306,1753774.0,,30,29
399.8612628124075,227.55064095665978,116612.49894700332,18.57425682132257,0.359640941904191,99.99793935960105,1401356.0,,30,27
648.2751178070814,1439.6110518703083,111429.46849792155,16.60165178855999,0.07221250219586775,89.80207103273976,1496402.0,,30,31
538.7730067341017,2388.570985852527,180697.8450179263,30.031236364993354,0.22543142039790984,63.9202514337842,1793750.0,,30,108
528.8278999425598,563.1613221425923,161801.76381799794,20.51461613487695,0.24102284446757458,93.72355885076334,1487369.0,,30,30
658.479038134169,1276.423934964815,144666.82279714395,18.459747913712974,0.08057380467537148,82.74339296029734,1583945.0,,30,45
519.1516665561998,323.4972103849318,201162.1291962823,23.872038898879413,0.2093881763293726,80.3905002694832,1625190.0,,30,113
514.6343048385567,1214.9198650461362,144708.7827167968,18.796105921738864,0.11026047308409691,85.8805832147162,1542812.0,,30,103
1073.868742824737,1354.190329474252,115649.67354456426,17.186984817815485,0.011456873297662,82.78172823120185,1563292.0,,31,3
1175.0524538955522,1838.5189852755138,107796.60689105648,16.28924155138775,0.044132479881904774,81.98190477003082,1571904.0,,31,1
1208.5576643308104,754.3686703147622,114080.0200020161,16.819972493266686,0.11485923032899639,87.98058072881356,1511832.0,,31,21
1238.9899539532146,634.0788305963001,138611.00546786227,17.5335811092629,0.09777332085035849,85.18119861471494,1547852.0,,31,4
970.068866922131,1495.0903903522494,129095.90566204107,17.839829776994687,0.05260356169358339,88.7804041899846,1519022.0,,31,41
1314.9363550788362,335.61721082031784,129150.69356913128,19.06311075570066,0.30192081015844946,94.77908014876733,1470140.0,,31,5
1372.4421940471682,963.6654803486011,199565.15153197604,25.797542611694308,0.1145757522827463,66.7852590077812,1768171.0,,31,7
1550.4303403199947,1064.8326358934742,130448.40713488129,17.897846269143784,0.10080706199958273,81.98190477003082,1580362.0,,31,11
1680.2443844873255,995.6423539638672,97529.67303173452,15.523796984788776,0.1435855879504475,88.7804041899846,1506168.0,,31,93
1737.2013505293112,567.5864922573192,97954.77920134692,16.17671688948064,0.23416541124212642,98.7781974546225,1416329.0,,31,16
1949.290823165015,1165.4006757272923,115168.97964440046,17.801060389813433,0.21937576471262757,84.78128688412943,1546748.0,,31,110
2058.7345403089294,2100.84971434617,120958.90167981757,19.435273740609055,0.28977465492326054,89.58022765115562,1501625.0,,31,17
883.7954944931305,1831.454248602968,159946.69620633012,20.996275322124582,0.08995368664152524,84.78128688412943,1565230.0,,31,109
881.4213266174702,976.8683043617937,170543.55724338515,20.946927093713064,0.04532936742091172,77.18296400300463,1645890.0,,31,38
845.2376276687136,1659.2606605364472,125688.25780572188,17.075235498042993,0.05665101208950195,85.98102207588599,1544235.0,,31,40
138.27332324096625,2353.29205818469,151896.4730696437,21.655343325763823,0.18283423765230028,81.1820813088598,1574602.0,,31,100
176.73163027492905,1669.574382789941,163700.66762133638,21.4676383531159,0.19449283378115573,76.78305227241911,1640324.0,,31,0
327.583494281384,1304.9134967155937,225074.72100256494,30.25595280407901,0.07871773709073021,55.58773055138675,1895304.0,,31,80
334.6932280197862,1646.2761736077869,125312.3407789715,17.319012999168233,0.08549549509856452,87.58066899822805,1530151.0,,31,117
378.91375657073434,1894.3054608243133,167219.8908504889,20.56708415092842,0.1743697957948459,78.78261092534669,1626122.0,,31,26
394.2172584244963,228.23107713257227,130981.88938348237,20.458163044714546,0.3678272412178806,101.57757956872112,1400004.0,,31,27
871.5473470629609,2323.1813788634336,202417.72190624254,23.74890691678701,0.2070728305723863,75.58331708066257,1686839.0,,31,60
511.58637315698434,1215.9644340632833,135942.7944013957,17.93611890740378,0.09192685164499555,84.78128688412943,1546417.0,,31,103
515.3553144302706,344.76161683767907,211516.91351225477,24.45601676018854,0.17714584177978712,77.98278746417566,1645479.0,,31,113
511.93604752355367,541.4504672897197,158539.00691466912,19.977175670486947,0.22557293560708952,95.57890360993837,1467047.0,,31,30
509.8074230530034,2370.461947172645,170404.3879611414,30.59656790770753,0.17207526316407867,63.58596516309707,1795515.0,,31,108
644.5942994146942,1269.6101764203815,144781.24355906618,18.45029101592098,0.0659666783652689,84.38137515354391,1571060.0,,31,45
660.5458517844087,1440.2142394018404,115956.80575365393,16.150044224648763,0.06376709385879117,90.77996284291217,1492227.0,,31,31
648.3682443312618,2104.9611030929063,201164.39854258753,30.535413002169207,0.14372254317627162,68.38490593012327,1767279.0,,31,52
426.1899000955048,2215.732419062336,186336.87130766833,25.110140196165954,0.14268228983024883,67.18517073836672,1737100.0,,31,29
1255.7846198817372,646.2123554227761,161470.79712648827,19.557032821466567,0.14762136931523137,81.59999854785782,1595983.0,,32,4
1208.4065219195707,754.0875088190131,115659.19794174508,16.41217254476063,0.153428846367924,85.59999847667439,1529540.0,,32,21
1072.72170567955,1355.8265723099255,110219.99803854032,16.673117604764617,0.03795428898277484,83.59999851226611,1563419.0,,32,3
1315.0404499533845,336.7134512219352,130857.99767126936,18.14623915599537,0.2454335483943923,95.19999830583413,1462699.0,,32,5
1174.5447065218925,1840.1823771938496,113316.7979834301,17.885275261439013,0.06171970776107777,78.79999859768624,1597594.0,,32,1
1549.9688277178836,1065.7313705102245,131565.597658677,18.506547213834217,0.1039169215221904,79.99999857633121,1612137.0,,32,11
1675.8931946631099,998.0809355175019,94766.7983135433,16.12433369746747,0.16495018899325894,87.99999843396432,1506295.0,,32,93
1733.679641618069,565.6850906037921,97192.39827037766,16.098561154139002,0.21101824924378396,101.99999818482229,1378542.0,,32,16
1926.1159075051626,1144.0255234725737,113511.19797997059,17.244329794149866,0.21198347611615748,82.7999985265028,1558749.0,,32,110
2059.0983547303176,2101.678345760987,119518.3978730673,19.01073171800836,0.3141394150615669,87.59999844108268,1520149.0,,32,17
962.8012754561394,1491.5214573338728,103805.99815268297,15.909404686122391,0.021784989698961508,86.79999845531935,1531107.0,,32,41
1375.7058828354582,963.3621469980867,195055.59652881787,24.270064287075357,0.09911941397274016,62.79999888242,1800859.0,,32,7
897.9387326284243,1840.4066540106019,142013.59747274587,18.395028199992606,0.06909317265567698,79.19999859056789,1603031.0,,32,109
884.5420128788314,978.1146612909122,153181.5972740017,21.663683830907043,0.05698954748835778,66.3999988183549,1743656.0,,32,38
871.4853612774535,2321.8365044748525,189101.19663478152,23.968754581431636,0.22469642205043577,70.79999874005311,1719941.0,,32,60
140.02027535692184,2356.511663420502,149304.39734299982,22.064434033341477,0.20178406310389693,76.79999863327795,1631641.0,,32,100
181.52449748891064,1669.8830003588946,170523.5969653859,22.180243681809543,0.23884091292204718,76.79999863327795,1648490.0,,32,0
307.103830552106,1307.050150919538,229658.79591302417,29.634438795551965,0.026427010939356416,56.79999898919515,1864957.0,,32,80
382.2727172266913,1885.8847920596131,159266.79716571033,21.727124437398015,0.20902910394928104,78.39999860480458,1623060.0,,32,26
390.10882452103266,221.71471779143113,122200.39782533879,18.48490146103791,0.34876358176455335,97.59999826312406,1428577.0,,32,27
419.5229310625373,2212.5926539024786,184369.99671897732,24.119196420060298,0.12200894636525596,68.79999877564484,1739011.0,,32,29
330.5443021411452,1639.9642493545289,125334.79776955946,17.791397578482478,0.1651415982323504,86.79999845531935,1532703.0,,32,117
487.3920367823023,515.7603120465809,148593.19735565622,19.276542481239673,0.196173862637744,92.7999983485442,1489052.0,,32,30
668.0692057999252,1457.031594979408,110042.79804169375,16.27576565900545,0.02938647215405607,87.99999843396432,1515991.0,,32,31
644.1061502337956,2075.479338822154,158771.19717452995,28.007143646423085,0.13771866206022002,67.19999880411821,1756033.0,,32,52
633.9299684046305,1284.2532191879598,152553.9972851704,19.95745760506515,0.030125440641585958,78.79999859768624,1620914.0,,32,45
839.2375961457188,1653.1139191765512,127774.79772613755,17.32934084403999,0.012424657448758576,84.79999849091108,1557175.0,,32,40
510.43951223919396,1215.5497276455108,137247.59755756095,18.525726883106014,0.08950498421465679,83.59999851226611,1563191.0,,32,103
503.23559582225965,336.0818081481435,190993.19660111176,25.8308586899582,0.07948183776139059,67.59999879699987,1686960.0,,32,113
490.1100283967055,2349.475151115248,169737.99697936632,27.968534020190337,0.24088576806157788,62.39999888953834,1818527.0,,32,108
608.6068253299983,2487.4145323063967,161515.99712568388,22.51033570059487,0.31661320989768704,80.79999856209452,1609713.0,,32,123
1079.3065693682383,1363.5108995161518,114844.04886367582,17.64901463447354,0.020209138818992903,84.75663250241105,1537942.0,,33,3
1173.6562882057724,1839.7486338797814,117270.70254284532,18.35207955579152,0.04470004552525084,79.60786510740478,1593373.0,,33,1
1208.6321596439416,752.6847676885321,114259.86179385781,16.180804635108426,0.11208481846908953,89.90539989741734,1498835.0,,33,21
1275.4235943328758,651.7425367725226,163927.2484402707,20.305756940018917,0.11561966218008657,83.96451444164086,1569035.0,,33,4
1311.8080584886409,337.64881157215393,131205.64346791463,18.69828263556633,0.2699655073611969,92.67781311011302,1487284.0,,33,5
1376.997764602974,962.6776065329013,191527.41409071704,26.833897444874875,0.09226102562970813,63.765503892000844,1773685.0,,33,7
960.8386158453012,1497.9838209880222,106340.26542227737,16.636261359832503,0.033681810387901086,88.71722280626204,1501238.0,,33,41
1548.4813566482376,1064.8177910842533,129375.85074753547,18.270314830193588,0.133328730387381,80.79604219856007,1587740.0,,33,11
1664.7582746247497,993.4499022297978,99450.02647066783,15.806943594142234,0.15077844827846132,89.90539989741734,1498034.0,,33,93
1734.8699537470216,566.6638344135797,104552.85101814943,17.04347095268182,0.22687566315407304,99.8068756570448,1403780.0,,33,16
1921.9615955944837,1142.9825759958246,118381.25206404514,18.595114831747043,0.23698047245678946,84.75663250241105,1538513.0,,33,110
2060.0269331656004,2100.444447418431,118377.2914737413,19.16902502220494,0.34581613463201094,89.11328183664713,1503629.0,,33,17
917.2206139429294,1850.4949018605448,182836.29472794643,22.861920926404466,0.0816976866266035,69.70638934777732,1714432.0,,33,109
871.1713992597438,2323.2344545234387,207698.5043013406,24.835287668134022,0.20277543162853945,73.6669796516283,1697718.0,,33,60
881.6847968609101,977.4725987667861,162506.98075730974,21.609927845825663,0.046931895009431394,71.6866844997028,1696428.0,,33,38
140.51017456385335,2352.743087660613,150606.19901229828,22.709720291582126,0.13641871174678807,71.29062546931772,1656602.0,,33,100
175.17452379762352,1672.324951399868,150559.06798768247,20.316016762979526,0.1895410521316004,77.62756995547929,1636104.0,,33,0
318.60884155834356,2165.869395791202,125928.15688803319,19.162678676274016,0.23521486646381207,86.73692765433655,1531286.0,,33,97
308.29360550252153,1298.0643411075805,233956.42589781186,30.59120217512641,0.07877423797820474,52.67585104121809,1918623.0,,33,80
353.3028262638155,1881.8955325233096,179639.30623467793,22.756626673791658,0.16444115877221752,77.62756995547929,1642612.0,,33,26
380.99110538391426,213.81153157117265,126014.10169762676,18.657028503356006,0.3821294202326936,100.9950527482001,1405906.0,,33,27
420.36122037295036,2209.8529623753498,180236.16719346825,22.539480425129895,0.19598428428196862,75.6472748035538,1666539.0,,33,29
318.2419776873494,1636.472273295021,130323.62000724701,19.573147079312545,0.1768281175274831,85.94480959356635,1543734.0,,33,117
451.41229941609936,329.3487831471027,159468.01981716487,27.08406169451009,0.09110746932938264,62.973385831230644,1654941.0,,33,113
652.372695360451,1305.4561756563064,165515.8412111453,19.955246321401546,0.039782946829535384,78.81574704663458,1633545.0,,33,45
648.9901412752173,1445.1310904991815,115418.33445773422,16.97582519103636,0.07009328716112623,90.69751795818753,1491672.0,,33,31
631.0571171711118,2035.5081592066908,145381.38828345807,19.793184779842505,0.1670787395582494,78.81574704663458,1630052.0,,33,52
837.8537615184914,1648.4917726193532,124945.13837461738,17.51128064797108,0.019272587803408375,85.94480959356635,1533202.0,,33,40
512.8912093799015,1215.3712748801556,143427.233027538,19.028939238189757,0.0901204391390877,85.94480959356635,1541725.0,,33,103
477.8509884781402,2350.702790397317,174794.7121750074,31.17664424836845,0.1845979839740085,64.16156292238594,1798396.0,,33,108
476.04072425877507,494.694854536352,142399.06378465827,19.15391164520272,0.24085532349390157,96.63840341396401,1451442.0,,33,30
593.9926311024412,2456.4039663242784,169734.265943777,24.689248723187433,0.33847407505006777,80.79604219856007,1610626.0,,33,123
1312.6996057984231,338.27793911175644,131169.49736994022,19.02063306354256,0.2777297719696599,93.6553957437203,1468869.0,,34,5
1085.4543338927404,1382.928715724688,112785.1005894744,18.10050157127537,0.004427049944329616,84.21115415611825,1552856.0,,34,3
1174.3999303383418,1838.9377631710538,114107.29441173868,17.29097207118745,0.04754193526355416,81.85009375921774,1572167.0,,34,1
1209.8611482431252,752.1265515877346,115396.03987838021,17.301451597606775,0.10980334134210612,86.96572461916885,1529308.0,,34,21
1280.964275564363,666.6695496104442,153694.40706643727,18.574240821159492,0.07646669617679472,83.81764408996817,1572664.0,,34,4
954.4039168335103,1860.2792068323845,178267.53665724548,21.50237577658036,0.07273247034588629,72.79936223776578,1688505.0,,34,109
1373.989020873568,963.1228237621264,193365.73087529195,25.72065580576958,0.13298767052357993,62.96161058401365,1789726.0,,34,7
1548.3714811891607,1064.563606856859,133120.1267678462,17.748836937439112,0.10306765491686391,81.85009375921774,1585347.0,,34,11
1667.564731913338,988.2808826161632,103329.05369988785,17.31010977800807,0.14173838724312812,86.96572461916885,1523250.0,,34,93
1735.0261067742233,562.7796945531447,98246.47768549334,16.741110975954275,0.2510745477614944,100.34506686827174,1391682.0,,34,16
1908.277968687739,1128.8424850914269,115543.6061531865,17.29017417833199,0.21587726473750776,85.7851944207186,1532781.0,,34,110
2060.428052594521,2101.5382096248627,120160.2662492593,18.58200863333772,0.3261664466952405,89.72029508221945,1501683.0,,34,17
950.725375278581,1498.214919050338,106824.2101074329,16.513526614596593,0.06465290768611485,87.75274475146902,1510251.0,,34,41
419.4846443959819,2203.5815901971196,186035.42536304818,22.53579815065525,0.255480888235265,80.2760534946174,1635346.0,,34,29
871.7062739983769,2322.6689061787115,194923.63722718015,23.50530355987716,0.21099062898586415,75.55393270081638,1686690.0,,34,60
882.2176310823528,978.8230601567186,161402.87575225128,21.178276597774545,0.0378146163613692,71.61883203931552,1697389.0,,34,38
144.2065096613687,2353.8305554481353,152636.65200862582,22.420141741605427,0.15132973451374981,76.73446289926663,1597769.0,,34,100
173.73697322403407,1670.7913925569926,156060.97660426388,20.64876258859415,0.21372112506047403,81.45658369306766,1593412.0,,34,0
307.1279166450138,2152.1761133918826,151446.28405852182,20.12047685412797,0.2412090342576307,86.96572461916885,1552551.0,,34,97
308.7712492850397,1296.8025828356324,236669.5461047781,31.92551262115278,0.03906533214747294,51.156308599511085,1927607.0,,34,80
322.34524621017897,1628.7216766300905,130466.68839179618,17.54515103743067,0.17032666702220267,89.72029508221945,1507772.0,,34,117
347.88665121339704,1909.2850806566062,207960.23220866633,27.13103318755326,0.1261007491873251,61.38757031941331,1797882.0,,34,26
365.88572507824586,204.48406003045892,131260.79170528706,19.170817379408103,0.3309679645556618,99.95155680212166,1403314.0,,34,27
447.803878600145,2338.9318402754893,191063.3034782478,27.152008142447485,0.2073138615642196,66.8967112455145,1801990.0,,34,108
485.0399150731376,494.68332716720874,142526.984899164,18.19343271464934,0.23519856782262383,98.7710266036714,1425190.0,,34,30
512.5729305916874,1214.8560192144485,141884.77647120706,18.174771880648688,0.0752151766405853,84.99817428841843,1552347.0,,34,103
575.5451425353484,2423.6807603914585,155128.7512575543,22.35616320096089,0.2990027324488872,81.06307362691757,1600746.0,,34,123
640.9409682711188,1437.1308425976115,109623.6407180246,16.724101771660248,0.1524714405187674,91.68784541296988,1484372.0,,34,31
665.4470289659582,1303.716770080833,157534.67180199595,20.263710225419164,0.01346187159107184,80.2760534946174,1611213.0,,34,45
835.4229271113314,1648.1343779586598,123858.86736100394,17.193024575149543,0.060321664381226506,83.81764408996817,1563069.0,,34,40
435.7499711405564,298.0941629045392,126127.45289235919,29.738302255030412,0.07910776296538437,55.484919327162025,1571643.0,,34,113
1290.5502416434244,688.253415285224,160484.39807724126,19.183197398985325,0.11894668676088278,83.99999899359855,1585518.0,,35,4
1173.0646622273828,1838.7055838451101,114372.79862970296,16.9614572320319,0.056562240338680875,82.79999900797571,1559355.0,,35,1
957.9975474701465,1862.9217229073702,194248.3976727158,22.568657957717235,0.0892651679407057,74.79999910382347,1684760.0,,35,109
1097.2550531879126,1400.5052986188625,118974.39857457133,18.335788660232435,0.04602613334533596,84.79999898401377,1551964.0,,35,3
1309.8202340138055,336.8260184870294,130556.39843580773,18.550767251544837,0.2833727927005322,95.99999884982691,1451483.0,,35,5
1549.0339826131237,1064.0021976090013,131961.59841897208,17.94349557404525,0.12249070213162593,82.79999900797571,1567199.0,,35,11
1376.7697104791591,961.8965652282266,202237.59757699745,25.68979592567263,0.1109110111677693,67.59999919008645,1752736.0,,35,7
1669.9635881307656,988.8985744324331,110524.39867581052,16.535233162744177,0.13917306328525755,89.99999892171273,1490545.0,,35,93
1899.8901525002168,1114.3401781725313,119973.59856259993,17.520465918834926,0.20876232227824598,84.79999898401377,1547992.0,,35,110
2060.266158199686,2101.0218481222682,121987.59853847027,19.25156568520787,0.31937655157110806,90.79999891212795,1498602.0,,35,17
950.5069281579744,1506.6198139117557,109668.39868606623,16.70947081671338,0.018946648363452417,92.79999888816602,1465910.0,,35,41
881.089694169476,978.8692732327777,178687.19785915408,20.892200063131188,0.04199562673547837,78.79999905589959,1638719.0,,35,38
1734.2556593662819,564.3848450883982,97784.79882844328,16.055694329984526,0.2516892956165339,101.99999877794109,1378896.0,,35,16
824.0595241354763,1629.3958327629166,131482.79842470857,18.321203379143927,0.06751520482419253,86.79999896005184,1522184.0,,35,40
42.65529419781874,792.72352604804,135004.39838251637,20.690790923634886,0.1473760867830646,97.59999883065736,1429643.0,,35,126
174.1008497393902,1670.788370504448,150493.19819694554,21.10494619287523,0.1986896742439911,79.59999904631482,1615268.0,,35,0
312.2234839466938,2148.0467785424407,144493.59826882655,19.28521980735476,0.2467614521468645,87.59999895046705,1534862.0,,35,97
296.7808989959156,1282.3386888047426,225638.39729663316,31.86336706597631,0.025269442829102366,52.399999372197186,1906590.0,,35,80
321.36535005824993,1633.9593942005395,125321.99849852092,17.4140273645369,0.17251909068419422,89.99999892171273,1499146.0,,35,117
349.82859231324045,193.13017940947213,123672.39851828472,19.74112549962292,0.40853468865712006,97.59999883065736,1426318.0,,35,27
391.0207587425341,1935.4062922200055,196293.19764821712,23.328561693088695,0.16879505483687496,72.79999912778541,1695801.0,,35,26
142.7318042772959,2356.0941005098325,151029.99819051416,21.592932918805154,0.13893050565123222,80.79999903193765,1575161.0,,35,100
420.659401856308,2313.9152482443646,203629.99756031515,28.00676081726903,0.2592860346564567,65.999999209256,1772021.0,,35,108
416.8166546995137,2202.6355171470987,156539.5981245038,20.772475147794584,0.24290192241428593,83.59999899839093,1581702.0,,35,29
802.5499463420873,866.8145437965336,143874.39827624516,23.33620563553003,0.029421636632862826,66.39999920446361,1685816.0,,35,127
687.2932193156962,1324.8224016944287,161659.19806316603,20.577755237391045,0.019497746401147042,78.79999905589959,1624302.0,,35,45
880.5418369492096,2329.9131937436932,190271.99772035694,21.84981460642207,0.19016166353303646,81.99999901756048,1621620.0,,35,60
508.9867043023399,1212.7316414082015,142843.19828859996,18.381993385203014,0.11692869570554942,88.79999893608989,1522498.0,,35,103
484.67390101554554,492.58774665160644,156881.1981204111,20.055996270757745,0.22998171665025588,97.59999883065736,1454231.0,,35,30
642.8411143747587,1435.463828672293,116025.5986099008,16.922531927870565,0.05638412990078742,89.59999892650512,1501053.0,,35,31
954.2347996341334,1856.1957406827435,192746.58549107384,23.81515678497271,0.05893221777325682,68.36076873245827,1741255.0,,36,109
1117.9167029126213,1416.3080970873787,102940.9236760702,16.666973563517473,0.03312256012300726,82.75250951823895,1571042.0,,36,3
1174.9945333503074,1836.6995289694992,106768.3271839331,17.394779362549926,0.059179979978623905,77.9552625896454,1602592.0,,36,1
1208.6811629695674,752.4440269237098,104472.44475802369,16.127919161824668,0.10787272250123693,82.75250951823895,1556131.0,,36,21
1313.820406864808,335.484990274082,120639.166907384,17.770757768323534,0.22122945287641468,92.74677395280888,1476857.0,,36,5
1313.3131099870616,717.4462560559398,153562.67257832162,20.515189185559514,0.12867142402018558,75.55663912534861,1653084.0,,36,4
1377.016183620148,961.8788124662382,181313.9465190806,24.35851294462522,0.12334964985182086,63.963292381247506,1769377.0,,36,7
1548.3270109208393,1064.6311892108354,117798.79695507923,17.38927530611065,0.12840495534834234,78.75480374441099,1602641.0,,36,11
1735.3058104969055,565.3595945484966,98441.10605704944,16.29352995127,0.22177826067614972,101.9414972326132,1388326.0,,36,16
1898.4537327228875,1114.7937506318692,110718.8600296299,17.244556980303386,0.20541739778841273,83.95182125038735,1543346.0,,36,110
940.5082699273627,1496.5540640512104,104294.14708051097,15.72206518408949,0.04602030843770476,91.94723279804329,1481203.0,,36,41
2059.945347550398,2098.865593407908,106927.43587373145,18.288147305775105,0.3028121461546598,89.94837991112931,1483337.0,,36,17
1672.420148238528,991.1015791540447,114020.9649988118,16.889601818422957,0.13663789285426128,86.75021529206693,1521319.0,,36,93
879.122499321532,2338.954239266416,181186.81947547288,22.474385064166416,0.23015107842959842,79.95411547655938,1641426.0,,36,60
811.9045715713215,1603.1697156619714,124821.9664585402,17.197559092504253,0.06468863529583094,84.75136240515295,1543293.0,,36,40
880.8726519582821,978.0001100553086,170725.22323594248,21.016435185066683,0.04348110356372893,78.3550331670282,1633740.0,,36,38
174.20411866918928,1669.8383506164166,150234.18275103247,20.309693488360182,0.17338902720981395,79.95411547655938,1604361.0,,36,0
255.29679100690652,1270.7307714140727,232400.62860282822,30.66849994514023,0.07419152480809944,55.16833967882597,1884582.0,,36,80
298.8088586210228,2119.955458024319,136538.8423110526,18.458336724005857,0.20133886166742185,86.75021529206693,1541927.0,,36,97
401.7649942092227,1966.4452652262742,184325.41827850524,22.704957929476812,0.199495936143354,75.9564097027314,1673236.0,,36,26
411.34635621826465,2219.4823144468915,139039.407272582,24.901458936668085,0.09997716724672044,83.55205067300454,1607050.0,,36,29
299.73555739743057,1650.681057732156,125404.03241920956,17.494691634653886,0.14447394196320748,86.75021529206693,1533070.0,,36,117
484.5824562188026,491.58655066209803,143038.7121287195,18.565004439270396,0.25139011718530796,99.94264434569922,1416605.0,,36,30
510.22136138627616,1213.0803420133004,143911.8110697235,18.805519141531484,0.10248217167544266,87.14998586944972,1541968.0,,36,103
536.5633386419574,2375.5377906471695,138060.7688991489,20.108117278441743,0.29215750225961096,83.95182125038735,1566107.0,,36,123
635.4989082651606,1436.3000487641561,109853.75650017352,16.247914316689794,0.09478582084194773,89.94837991112931,1496257.0,,36,31
636.4495424875415,2032.9154777281253,161564.0806846383,26.15808637923068,0.18152083409022168,69.56008046460666,1739142.0,,36,52
804.8772706825926,842.0123128900119,167078.5160290566,24.21370032188022,0.025281214116445273,68.76053930984106,1704596.0,,36,127
1313.614495580031,335.34915037485814,125113.95522755457,18.295898567908072,0.24668941146497558,95.59996578923395,1453870.0,,37,5
1209.4429198727314,752.4929507158859,98563.16472884335,15.765039679253544,0.14438403871180766,84.79996965404852,1535669.0,,37,21
960.3937515384124,1861.6245840588563,175505.5371947592,20.6865393254477,0.0338231389683625,77.9999720874503,1649668.0,,37,109
1129.6589707775313,1426.2080315817068,102236.36341437697,16.01569549049562,0.06420517983124233,83.59997008347237,1544661.0,,37,3
937.64094956614,1498.6919707476034,105563.96222358466,16.238873124112565,0.002391158233825832,94.79996607551652,1455909.0,,37,41
1331.4980087428073,750.034620748924,166628.34037149363,20.8447919641532,0.12961114284276132,77.9999720874503,1633835.0,,37,4
1170.301438856226,1834.9009656685046,118177.15770991067,17.969507965598055,0.015916147609502742,81.99997065603749,1568298.0,,37,1
1899.682407541036,1111.878046835241,105322.362310042,16.444405124259543,0.16477730956046818,85.99996922462469,1534794.0,,37,110
1375.023371204827,960.6899073539166,186947.93310005972,25.45095922558281,0.12089273438324584,67.59997580912359,1737589.0,,37,7
1547.4114229872962,1062.8741005788168,133029.95239478862,18.129083287038664,0.08143169578121533,82.79997036975493,1574825.0,,37,11
1679.1238870759425,988.7609458230479,104679.16254021318,17.130265133332788,0.15987892427683237,88.79996822263573,1508209.0,,37,93
1735.9506924981076,570.1228166363209,97761.96501555534,15.778540398414437,0.2375237703771441,101.99996349897347,1380624.0,,37,16
2059.72888750605,2099.7399778745767,115703.95859495319,18.021921358454584,0.3231534307803756,90.79996750692932,1493979.0,,37,17
880.3146121206954,2335.8931268840897,182979.53452016436,21.860421994863888,0.2207687444750714,81.99997065603749,1613356.0,,37,60
798.0195843300114,1579.7077813472354,126754.35464053218,17.218050152362586,0.048264446582039544,87.99996850891829,1513777.0,,37,40
881.6846264705948,978.7177623424623,178465.13613565685,21.359856963168692,0.04469264811894346,80.79997108546134,1615840.0,,37,38
715.4883790454684,1358.5928156879797,161897.1420645687,20.795999360779202,0.03623804707425611,80.39997122860261,1627286.0,,37,45
801.0002457453716,817.6892355766868,154631.54466458692,23.945746434551992,0.07885545546823627,68.79997537969975,1667032.0,,37,127
57.31654713835152,2397.3853994656383,99557.96437285098,17.444470879739846,0.36618041524394646,96.79996535981012,1429793.0,,37,129
173.46777393151416,1670.1701658248735,151026.74595457612,21.260550618809937,0.21475624997410805,80.79997108546134,1604330.0,,37,0
234.76136529286742,1246.22481333043,222264.32046197294,31.96669973416897,0.05057757201267095,55.99997996022073,1847651.0,,37,80
282.0465111383045,2112.9156331004356,151997.9456070291,20.460895517343555,0.23447405123138707,85.19996951090725,1560394.0,,37,97
288.49748445076125,1675.3636981089358,127208.75447792369,18.091664592451266,0.11923994509332206,88.399968365777,1519206.0,,37,117
326.6478089153086,176.82293056735008,118699.15752311128,19.403740336350946,0.38672061887792786,101.59996364211474,1396870.0,,37,27
44.391397648492145,792.2454857902333,115568.35864347809,19.010762506180967,0.18773120653949601,95.59996578923395,1444516.0,,37,126
419.9689019639161,1999.13970805661,185323.53368135646,23.4856881440128,0.19043698290001973,75.59997294629798,1669693.0,,37,26
482.2824598439149,492.4715065436508,146279.14765352,18.60388448511666,0.25812070769848516,99.99996421467986,1421271.0,,37,30
509.6558881605366,1212.5178418617018,144435.54831325816,18.640430885305815,0.11699035465040482,89.19996807949444,1519414.0,,37,103
510.90897658099425,2347.8893832431518,151398.34582159788,20.121699186538248,0.2762072600061995,86.79996893834213,1563486.0,,37,123
635.6464433546106,2036.9266189557427,188244.7326359957,30.699314147576633,0.18437378431443371,65.59997652483,1760915.0,,37,52
390.6714641216364,2202.038153576898,146271.94765609654,24.704551900379737,0.1850617546199511,81.59997079917878,1620521.0,,37,29
651.5417676186171,1452.3923599093023,113255.15947126411,17.265866958517144,0.08931784961787248,90.39996765007061,1486600.0,,37,31
1313.568681246897,334.25015677667164,123667.81640101194,17.852293170800046,0.2955120674656412,94.92153606594354,1458329.0,,38,5
1208.539506989649,752.5397204140434,94628.69302914436,16.964552924176672,0.1356903186171522,80.78428601356897,1568445.0,,38,21
962.5434989525559,1865.016525599,181629.73377288753,21.316276521701877,0.062129883891469846,78.76467886322975,1646000.0,,38,109
1136.1631808490804,1432.456909620046,99653.07169775828,17.414793336536817,0.049966778304871264,81.9960503037725,1560568.0,,38,3
1346.4625118674487,778.568079489147,155289.6133967333,20.438604828818047,0.08717018185488537,74.72546456255131,1651154.0,,38,4
940.6358325846725,1502.1144584865906,100261.78129287052,15.860368818031851,0.025716374697104524,89.67055747506157,1500523.0,,38,41
1165.706373062501,1834.8587162787874,106426.83407999604,17.462284530742945,0.09356433466095462,79.57252172336544,1588912.0,,38,1
1546.994648797029,1063.4079024705313,125074.27082050817,17.29517283495384,0.12533022485106277,81.9960503037725,1578164.0,,38,11
1679.4492364893872,999.4958663689034,102552.82364421534,17.099920520508,0.16642742460730708,87.65095032472234,1520752.0,,38,93
1735.5447758762534,567.7154202676616,99176.44441027823,16.023657312018923,0.25734789569181177,102.99996466730045,1374681.0,,38,16
879.2327839414544,2338.1607411150567,179049.48367761413,22.645309651762084,0.26039402968303704,80.38036458350113,1622590.0,,38,60
2059.2594093724324,2101.2089084368463,116999.07359059181,19.18837995375788,0.335919209368143,86.84310746458665,1519297.0,,38,17
1375.2216240855118,959.2816692116598,177228.6058708683,24.60644626151085,0.10944469422933033,66.6470359611944,1741601.0,,38,7
879.6765427553472,979.030828309849,173343.2856350457,21.342078328698648,0.046811055490236154,78.76467886322975,1634332.0,,38,38
1904.9324324324325,1117.2687134299247,115973.92100107962,17.95962052745293,0.1907469362087552,84.82350031424743,1549183.0,,38,110
774.0779975771685,1558.249893408951,119367.66885650966,16.61217336298942,0.05345893864021179,85.63134317438312,1532369.0,,38,40
54.46688002218703,2394.7853551019216,110688.20516721181,17.936350641635006,0.3715753706363794,97.74898607641846,1423375.0,,38,129
173.78007524294432,1669.3842574744426,151920.90866996747,19.859351373882927,0.2058707570333108,81.9960503037725,1591268.0,,38,0
194.82409655024625,1219.9069560366072,218648.32499574538,29.838306802620867,0.23896731688143621,59.78037165004104,1830994.0,,38,80
275.3496304227687,2114.268047112462,163720.66540653943,21.53241143105155,0.1436877118492046,76.74507171289052,1636569.0,,38,97
321.46094120801285,173.458778219393,111485.14214873566,18.77979596156827,0.3844489001576993,95.72937892607924,1447115.0,,38,27
369.53761482402126,2222.4562860855317,178745.33084077307,30.744771452988786,0.2344330128198436,75.12938599261915,1707285.0,,38,29
801.5764665405127,808.158688858306,169055.65965487552,23.041326671238455,0.013799075547481653,71.89801455207639,1676571.0,,38,127
474.7361869474779,2430.0844485341913,198845.6729652392,27.283679345399786,0.2717178171445266,76.34115028282268,1665804.0,,38,132
490.6292774823921,498.0210104955655,146011.94206950496,20.05192796181752,0.25148764744170893,98.960750366622,1433264.0,,38,30
494.5541146084021,2319.327304404417,178748.5622122136,23.261518269928764,0.2808714193173,83.61173602404389,1577372.0,,38,123
509.9544142563234,1212.7866876437129,133504.11106602408,17.333494374471055,0.05685913621055926,87.65095032472234,1517984.0,,38,103
639.3916549762595,2034.6579438243818,209612.6026051277,30.092554032692536,0.13461551300851046,60.18429308010889,1825362.0,,38,52
651.0391703817446,1453.2708065491604,111533.61272034381,16.959424616322767,0.10078499012590639,90.8823217652651,1486570.0,,38,31
727.7794355720849,1345.0702715185105,166169.2371156107,19.902580072722518,0.040841393534895624,78.76467886322975,1632190.0,,38,45
387.8298494809928,2019.6388465277425,175341.48494959134,22.46076088890867,0.20371625769204874,76.74507171289052,1647550.0,,38,26
1313.5430513476601,333.4149223741425,124586.39865263664,19.113799164311487,0.30340965497024974,92.70199670557079,1477109.0,,39,5
1203.692802886784,756.4217627424448,108396.79678072281,25.141868355979614,0.17871034634158786,75.49149942689942,1656106.0,,39,21
933.7538054795721,1509.0972403056328,98237.12731899077,15.740833562265827,0.02869265950482689,88.7905200513273,1500100.0,,39,41
1148.2391881576496,1435.8502138445638,107095.05735019057,17.465638094414906,0.05056653011522941,79.79412374656727,1573718.0,,39,3
968.2868554562583,1855.2824670273635,181026.26873971228,22.72387099263703,0.11045137052817292,70.79772744180723,1704965.0,,39,109
1164.148996382855,1836.6013643945498,104352.32992023505,17.048107538683695,0.07022028176406692,78.62068075029421,1591870.0,,39,1
1369.3695338975488,800.8317043504426,153395.2065064708,19.863115639397282,0.08878579087003585,74.70920409605073,1658758.0,,39,4
1547.638906081508,1063.0177608616586,122602.1065459389,17.840188918739777,0.09442314882160702,78.62068075029421,1606870.0,,39,11
1676.6362160288722,1009.2055936047257,103828.58319623183,16.416461355334967,0.16767800883048198,87.61707705505425,1517222.0,,39,93
1731.706869890871,562.9516490154231,97133.69975482867,16.3602383670954,0.2363031276680335,99.74265468320908,1414715.0,,39,16
1907.2970780959092,1117.8909406810983,113238.42258334541,17.60229539098245,0.18150960945814354,82.53215740453771,1564279.0,,39,110
879.5329877895748,2339.4313237235797,179229.72751241823,21.724304891068897,0.18135203653614154,78.62068075029421,1633963.0,,39,60
1372.878608520738,957.3086663412334,185898.40406023798,25.67243090373936,0.13284122204143467,67.66854611841244,1737218.0,,39,7
2059.064842121146,2099.094528420937,114064.91760038707,18.674794033997383,0.3422324845567329,85.6613387279325,1531003.0,,39,17
802.1355862670933,776.1215798661624,134437.45260634887,23.573297251820016,0.060489614623214345,64.14821712959329,1643393.0,,39,127
753.433549892365,1544.679685989404,121376.24976249899,17.22637864501695,0.04053505919648502,86.83478172420556,1534152.0,,39,40
882.3898305900703,979.9778958314278,162499.16841922255,20.41391618630196,0.03345158696051962,77.83838541944552,1636114.0,,39,38
45.1253699382847,792.1379385809857,116174.37696002057,18.998011120444406,0.1981445194753257,93.87543970184385,1452399.0,,39,126
199.16434965213347,1186.7627807048586,217743.69124076137,30.07811966934492,0.17670348643335218,57.49870681737936,1840312.0,,39,80
266.72299096584686,2095.67574785906,149676.1745036161,20.51851359173251,0.18980859723771126,79.79412374656727,1611598.0,,39,97
370.89263433473207,2006.1999145902187,168531.44771539685,21.498134872599593,0.20336654004264573,77.83838541944552,1632857.0,,39,26
367.08571234661747,2212.7834536866108,144083.15403571332,28.067643672896388,0.135392948912379,75.88264709232378,1676778.0,,39,29
169.9210721680655,1668.747345630853,144891.65626014545,19.9168610534125,0.20584280411280195,78.62068075029421,1620278.0,,39,0
651.5688147047983,1448.643973536034,107187.36819923072,16.629786601037964,0.07986350850922877,89.572815382176,1495531.0,,39,31
638.6487768347479,2032.962805791313,209969.6313904524,29.51239920007624,0.201153724718816,59.4544451445011,1832785.0,,39,52
508.6766073513426,2299.7998450018117,194314.33722950827,23.47596367362607,0.2392362797221976,74.70920409605073,1675995.0,,39,123
724.8437774665572,1363.0194813348144,161989.89415884003,20.83335779525616,0.015643101218581545,76.27379475774812,1639056.0,,39,45
489.9214104912474,1207.5422602004826,131967.74624685952,17.43829389605205,0.08454093010373308,88.7905200513273,1522984.0,,39,103
471.6364344861179,2444.5310940087675,200756.5392790473,26.714635877970476,0.22077847096354764,74.31805643062637,1690199.0,,39,132
505.92872719548745,505.47045384815084,165733.17731695107,19.712372833510862,0.19760341378253587,91.9197013747221,1505425.0,,39,30
958.7554486954873,1840.0797960268942,190259.60661244157,26.75541871723327,0.046858423577394184,57.64705845063899,1826755.0,,40,109
978.284702486819,1695.9447760343812,61958.038814910244,20.49475762633514,0.09802298178066281,86.27450924585426,1431359.0,,40,133
1160.434115217917,1441.8037054260683,105409.80323972454,17.381226352609254,0.029977302998126447,80.78431320293627,1590197.0,,40,3
1164.0276598397274,1837.1452358029908,113238.43064006539,17.27735859872834,0.0690583689696594,78.03921518147727,1599839.0,,40,1
1204.0957377262334,752.9964134922039,108576.8620427678,23.112589107044332,0.21416710045458862,78.03921518147727,1625695.0,,40,21
1309.8966697751657,330.6200278215825,126576.86192633468,18.27010682252211,0.28261799646259517,93.7254895898144,1479869.0,,40,5
1374.2187345273437,957.5168290272778,187712.54780538785,24.956227433938796,0.1549698502869577,67.05882309564127,1743432.0,,40,7
944.5033847681781,1512.8285525460612,107401.56793272315,16.261089680622042,0.03985134504953133,90.98039156835542,1500664.0,,40,41
1547.371183438731,1062.888426438581,133512.54815598094,18.09065446065857,0.10640572145430408,81.96078378356155,1587200.0,,40,11
2059.3176150617646,2099.974347889726,115206.6659214515,18.362692882826654,0.3159640438667146,89.80392098773012,1493632.0,,40,17
1669.847216536283,1008.0727928424155,105370.19539684348,16.736563655358573,0.12753594816831343,85.88235238564585,1529279.0,,40,93
1728.688961957713,556.2914409836392,98394.11701059574,16.47003471164774,0.2405101603518782,99.99999935314926,1392131.0,,40,16
1908.1414688820923,1119.250251888418,131555.29326668067,19.138273720807778,0.18437569451863056,81.96078378356155,1584303.0,,40,110
1393.0826554848688,827.7296027051498,163290.58717904775,21.277623264024772,0.09986786867283193,73.72548971918455,1675657.0,,40,4
882.3791947623823,979.4814274352502,170111.76360551314,21.098142748097832,0.019543088333678335,75.6862740202267,1654467.0,,40,38
212.22297790095544,1173.0184788590448,236581.95925398156,31.307810134340823,0.10001311739859887,54.50980356897156,1890086.0,,40,80
801.8164312711359,730.7104369736755,118282.3521760662,23.77261043364371,0.038852247825476874,62.74509763334856,1606055.0,,40,127
45.45744108433218,794.103887658327,118797.25413351986,19.324360117738713,0.1726302085884754,91.76470528877226,1467855.0,,40,126
67.8204174453919,2389.8278202020792,107432.1561678194,18.992773579804208,0.35568497785536174,95.68627389085655,1443552.0,,40,129
246.62513947691832,1666.7453489358893,124765.88154589215,18.119415650399933,0.25129187020193733,84.70588180502055,1556011.0,,40,117
254.98152175839533,2090.1756825530256,154882.74409617903,21.138282538191618,0.22668749178296885,78.82352890189412,1618960.0,,40,97
342.89170333648974,1994.9157800924636,168969.410671726,21.69676133144136,0.21400898691397446,80.78431320293627,1596814.0,,40,26
375.49782193440177,2209.2018234019756,134676.07756021933,20.95320660336473,0.23507804773787166,84.70588180502055,1589486.0,,40,29
879.6196237977176,2340.6505402577764,178418.8223753083,22.1546229876201,0.19847821693480522,78.82352890189412,1645049.0,,40,60
463.0963923320716,1222.8672404927972,134995.6854012892,18.277542820214368,0.143313592126707,87.84313668668798,1525722.0,,40,103
465.74292352673064,2452.337980945605,176378.43023164384,27.3089565727126,0.34025514506406673,74.11764657939298,1662271.0,,40,132
508.64302286559473,2295.0084435734793,189307.44975585552,25.20385389501167,0.2989133191265289,76.07843088043512,1662953.0,,40,123
531.5576767385477,521.4372734360815,183582.35175367267,20.892605497289672,0.1886119678749171,86.66666610606269,1567687.0,,40,30
649.9116115935408,1449.8871261886252,106441.96009579313,16.266910306315896,0.081369567302357,87.84313668668798,1513426.0,,40,31
641.4007750709264,2030.2889864059825,220194.90053645198,29.154019924788212,0.11183172790576393,54.90196042917999,1884025.0,,40,52
762.3578200490422,1543.6096955497826,129220.39132099968,17.54171784114306,0.05030491772109843,87.45097982647955,1533237.0,,40,40
1309.74166350737,329.0162598464744,119723.08350947546,18.058924882539706,0.23887466209745944,96.98480257594095,1440761.0,,41,5
946.3045582677844,1814.3572017676674,157575.0881372343,25.4344720314235,0.03842313570269872,60.13057759708339,1767476.0,,41,109
1171.0640663211504,1453.8657497775087,103745.03125469435,16.809593680483353,0.02346048092721421,83.79486942561299,1539602.0,,41,3
1165.0361040809871,1836.9083467544792,107912.27425177737,16.612304452649465,0.054282488712886545,81.85517337409416,1564974.0,,41,1
1206.4564212980088,752.088930144262,111168.63598306716,21.257188594576025,0.1853641137682994,85.7345654771318,1559742.0,,41,21
1408.4788452628695,841.3335022743038,151555.8233501611,20.070276089973216,0.07282473341876808,74.87226758862641,1650577.0,,41,4
1545.7340653026408,1061.6083470565238,130979.13969643916,17.08385438040709,0.09397005426388604,83.79486942561299,1563973.0,,41,11
1667.4204527095544,1010.1290239417012,112857.33536551945,16.505175046858255,0.11983187481065356,85.7345654771318,1527151.0,,41,93
1733.776671578465,561.0322366689118,113469.5034393788,16.38543614098612,0.16649263104450665,97.76068099654847,1425461.0,,41,16
2060.184979021725,2099.978918334812,116317.36518221871,17.84102520988911,0.2911906825711713,90.77777521108074,1492274.0,,41,17
950.7625603473292,1524.327087235574,102935.40212279039,15.559438367723807,0.02515517657631579,93.88128889351084,1461972.0,,41,41
1367.3596354057784,959.2468035288707,185566.84185670238,23.21462970816791,0.1404387123734178,69.82905785467749,1725411.0,,41,7
880.9524840817694,2340.6399882707774,185217.696567429,22.40691115242709,0.21307292876942502,81.4672341637904,1620866.0,,41,60
1906.2049531763166,1122.7484163325346,114458.74842565338,17.654372857652216,0.18162548147440383,82.63105179470169,1565698.0,,41,110
801.4500062023699,691.7352451014762,71928.97280005176,28.914763623694547,0.09000926855057,46.164766026147895,1483070.0,,41,127
881.1790282312272,979.2200838238118,171699.95478439433,20.57412153390678,0.038990738726296284,78.75165969166406,1633787.0,,41,38
220.5002918425583,1660.338466617928,131598.29067608397,26.46372389748773,0.053509169187459966,84.57074784622051,1580245.0,,41,117
238.582523627459,1163.6020299266593,222107.9998928448,29.82350145765829,0.25987006801467477,66.72554417224737,1767143.0,,41,80
249.77535897782772,2088.575479902487,140515.073424916,19.896715367197004,0.21002598262965622,79.13959890196782,1610014.0,,41,97
353.182369344119,2002.9116466915434,162910.80403575226,21.363982685882483,0.19182249774513385,83.01899100500546,1583580.0,,41,26
375.33939973225944,2208.282405698577,140836.67503025781,19.048043039410775,0.2577468399871474,88.83807915956191,1525527.0,,41,29
637.7652423211101,2029.7710063733186,218398.91310313053,27.421521001911035,0.08484332384246727,58.19088154556457,1865175.0,,41,52
647.7517184259148,1449.7373905410475,109602.91333028117,15.70190605686977,0.05207390133390696,92.71747126259955,1472731.0,,41,31
754.2651641194698,1541.9509806347066,125444.79892224567,17.46989622929346,0.04841503015639911,88.83807915956191,1519126.0,,41,40
506.5718806491498,2290.4026234498633,190135.9898756601,24.494089943887083,0.27693853793173445,78.75165969166406,1636845.0,,41,123
464.75941690302,2452.606771396631,191901.50122175255,28.40603972353712,0.3430421623888209,77.97578127105652,1640181.0,,41,132
453.15052568866224,1207.042475298533,134789.09068083242,17.447549044782058,0.08507946366753379,90.77777521108074,1496324.0,,41,103
539.9802214907293,524.5146285020331,206360.77146819443,22.885325252953393,0.17719896904878488,84.57074784622051,1607654.0,,41,30
955.8190681609514,1527.9213314484748,107139.10603556897,16.37182318588714,0.033229987408352535,90.95199333360381,1484882.0,,42,41
1310.8116118288417,326.01183736489963,119077.23827643423,17.837598054218617,0.2824489267616774,92.90375284720047,1480811.0,,42,5
981.5485010474608,1686.1078523441452,54036.41389343681,19.64498627653122,0.05949668919033552,79.63178815474325,1453010.0,,42,133
1164.9439114872405,1837.0190234324054,107748.05500381113,16.745768794842565,0.04945700689512474,80.80284386290124,1580556.0,,42,1
1189.7356466618955,1462.5890686023924,95450.79901244408,15.366187484872876,0.02623628014465611,79.63178815474325,1586214.0,,42,3
1207.2649030954349,752.2108643336089,106244.02912263355,20.786915888151512,0.20464353625269255,80.41249196018191,1598041.0,,42,21
1547.3144653124273,1061.830659793309,127365.58022687376,17.99686510264213,0.08082803051509707,80.80284386290124,1591859.0,,42,11
1417.1129058981635,860.6972782764434,148426.23643428975,21.338497051895445,0.1666249419456609,69.87299058676001,1700327.0,,42,4
1669.7640307382312,1010.8761818217736,98800.01833777594,15.837123356390432,0.1802602292482443,88.60988191728784,1510204.0,,42,93
1732.052618574073,557.1346573716637,96366.56457622364,15.741401628603992,0.20406241916253334,98.7590313879904,1413106.0,,42,16
1908.5099354206661,1123.8538951099074,108378.47332670285,16.907394088380443,0.1755683715465797,81.97389957105923,1569228.0,,42,110
2059.6145041294617,2100.1865518807854,104832.12629049773,17.804045417944074,0.3364081517970418,85.87741859825253,1525757.0,,42,17
1367.1339010193158,959.181106222954,173555.1401718466,23.739671719528193,0.14508615267708383,64.79841585140872,1766528.0,,42,7
947.8312657667025,1799.0002260459144,172686.99754019882,26.162997645850798,0.0187096615191278,57.772081602460794,1813165.0,,42,109
813.9174153092571,645.744998785985,73953.72937778788,27.490622702426872,0.10840699228983865,51.136099256232185,1485627.0,,42,127
880.7458394237713,979.3609464980716,177322.81673689358,21.12704542969712,0.06122437758888331,77.28967673842727,1645499.0,,42,38
878.647381191002,2341.888796053728,189682.52903269572,23.112880896634774,0.2229929889392892,78.46073244658527,1644007.0,,42,60
207.97961278283182,1658.7646208098354,142242.28159141014,29.408866768140385,0.15356870181614632,77.6800286411466,1649920.0,,42,117
243.54231266043706,2082.5536094028867,118763.3953466479,20.714616109847313,0.1838406688343009,68.70193487860202,1708269.0,,42,97
254.50121760957046,1149.6649318848672,203413.54756275084,26.916029634403237,0.29394315428843265,71.43439819763734,1717361.0,,42,80
356.9445596761842,1998.2656252051197,178410.33713786962,22.295989053759236,0.20552071223709237,78.8510843493046,1641169.0,,42,26
46.17397913840685,794.452466706314,116834.66659531169,19.061152843599867,0.18689328309213282,90.56164143088448,1483842.0,,42,126
450.2806078319417,1203.7475959771837,138099.4768478499,18.080248235260772,0.07591333867431536,88.60988191728784,1518437.0,,42,103
465.53365831839034,2454.353252027693,197226.8602565522,27.312998574742032,0.3384353722411493,72.60545390579531,1701404.0,,42,132
530.1226073687335,2298.7114914797594,205158.03021600354,26.110162130261337,0.25661090951825344,69.87299058676001,1733416.0,,42,123
561.0412687599434,507.08835710042825,187945.85341749742,22.090744692838257,0.23392546259920724,87.82917811184917,1552073.0,,42,30
637.1847831173961,2028.4328348150352,208519.35045031967,29.438197492319606,0.11321956765131029,53.8685625752675,1890498.0,,42,52
646.8297169241912,1450.7843470847417,103477.60518806166,15.983207964487903,0.06368074795092642,86.26777050097186,1522928.0,,42,31
738.4138982688678,1534.9055534151578,120569.16324862752,16.37597349150473,0.05041322696140528,88.60988191728784,1516367.0,,42,40
373.6045294828154,2209.5522867025365,142197.39112259742,18.792695761047106,0.22413993021598413,87.43882620912984,1536927.0,,42,29
1165.8744477993782,1838.1858406092429,106506.42889030492,17.025756740502114,0.04553177248602405,77.62512852144012,1601935.0,,43,1
1210.7544707214938,1477.3048614448182,138461.0506741002,19.770861147847047,0.05993259445493259,71.68442991010542,1676762.0,,43,3
1306.24043693491,319.47381506109974,125847.36333594026,18.456222583176476,0.26084232609013686,93.86303805908831,1469932.0,,43,5
2059.3224665159037,2100.9457288260064,115410.74401554746,17.95084804887836,0.33502823836782425,89.90257231819851,1499626.0,,43,17
1367.0539674548488,959.7367827962858,168347.9132945769,22.49134374148136,0.17452702601882283,66.1397778728597,1756602.0,,43,7
1659.6370204055818,1026.0801676604015,137763.21661055542,19.869049531113696,0.059016704922005496,75.64489565099522,1630604.0,,43,93
1547.786203905638,1060.3750729304143,126937.28350783314,17.94709376132055,0.08431737826403195,79.60536139188503,1597335.0,,43,11
1734.334622303541,541.8994526361106,103033.89252869274,18.93640656665492,0.08627055862354625,84.35792028095278,1433017.0,,43,16
1907.310983821549,1134.4410818567287,134688.31100932858,18.642530233901063,0.22017059995217725,80.79350111415197,1580422.0,,43,110
963.1725193129828,1532.5804545113629,105609.77944656747,15.949504292208557,0.012230101069207421,89.90257231819851,1495942.0,,43,41
880.841291057152,2344.0595117282573,192008.1316772267,23.288563502362006,0.19995691737789148,74.85280250281726,1676996.0,,43,60
823.0523450763366,601.031332129026,65552.44080348573,33.08216035180862,0.15155950061838766,45.545356020232724,1452512.0,,43,127
76.36035889168645,2399.4121639164114,131187.25929438198,26.631227961310966,0.49510533144202623,92.67489833682137,1477414.0,,43,129
222.71871621154258,1655.4481027496752,108788.8452967797,16.243914515848566,0.16475902637157666,84.75396685504177,1568473.0,,43,117
262.8056666256862,1175.1818538401644,202949.71037958292,24.711900810724924,0.08425697366608184,71.68442991010542,1724680.0,,43,80
362.3855522332492,2002.449758583379,170202.9954476097,21.226151796201584,0.20954135548337777,80.79350111415197,1618194.0,,43,26
881.2594192948263,979.299366583983,178822.94913265636,21.572296419319308,0.05019544123512873,76.0409422250842,1653990.0,,43,38
451.72322068367293,1201.8607530671866,136516.06594874922,17.55937286088412,0.09064748930906817,90.69466546637646,1499229.0,,43,103
468.0574419947556,2456.8652195726877,209185.85973518802,28.70994194677977,0.30471108963980637,72.87256963237236,1698873.0,,43,132
552.3123288354368,2315.6968241830855,190602.1663392108,24.075945345575853,0.2912301464010717,72.87256963237236,1683458.0,,43,123
587.7053627031593,496.2275836924547,174889.0185122305,20.84611553276869,0.22673188195458552,91.8828051886434,1509091.0,,43,30
635.0984614372433,2028.1242654044943,204669.34460427728,29.685850288021584,0.10677126646271379,55.05047379836825,1870049.0,,43,52
724.0771371876488,1516.9695976583193,132326.68528803598,17.611387667658576,0.024067875350157503,85.9421065773087,1543081.0,,43,40
374.59949771093613,2211.517994252705,148707.96368550436,19.160932754854336,0.2458508511198478,88.71443259593157,1528337.0,,43,29
962.7068950080758,1533.3854657971358,106792.20638727439,15.965714740867002,0.045045629589236025,92.93562015717337,1464445.0,,44,41
969.30700193802,1713.5523418251626,125114.29179826083,32.95721113744452,0.47108539717998016,58.51502009896101,1723406.0,,44,133
1167.0768321513003,1839.280638993186,110008.23778604671,17.17810565818058,0.0582974425771899,79.93228235740426,1592851.0,,44,1
1211.0440117098124,752.3147728143182,114835.15326754336,18.15751676273382,0.11884961639625352,83.75679347498341,1555496.0,,44,21
1234.5915024552678,1484.5500558494384,90734.61400900657,16.438951301623614,0.018168507537247847,79.16738013388843,1583182.0,,44,3
1307.2455099612089,321.24657588173125,126297.21308692807,19.108632564281063,0.2685048134154219,92.93562015717337,1487225.0,,44,5
1546.9476095275083,1059.4329146000598,120136.3081276198,17.736329135772678,0.08896673142462826,75.7253201280672,1622119.0,,44,11
1733.8400866103977,534.855802820546,100502.79785441548,18.3378497834793,0.09274355251951123,84.52169569849924,1437542.0,,44,16
1918.1243424840106,1143.3857979175045,145487.84497271673,19.642883154146343,0.16817106156746095,76.49022235158303,1635499.0,,44,110
881.2546347511158,2344.7342211166456,191875.34031783426,22.906939052234545,0.19427968325532485,77.25512457509885,1659809.0,,44,60
1367.8654846408028,960.9780014686085,150000.38564034837,23.470465947538365,0.19200582111810768,62.72198232829808,1770465.0,,44,7
879.4127294075879,979.7684440385574,178819.98916686606,20.631984371756324,0.061651460144667,80.6971845809201,1618378.0,,44,38
2059.1849483417213,2100.7874225480496,107831.70850903241,17.789689133045496,0.3287861227097813,87.96375570432048,1501638.0,,44,17
703.3614283868467,1499.1879320369533,118399.21517801537,17.50834258890909,0.06726099284254035,80.6971845809201,1582924.0,,44,40
46.33311959356561,795.715196897485,124060.25653425603,19.762933716611695,0.2113063559573659,91.78826682189963,1481648.0,,44,126
84.16144708162368,2406.743172251139,158268.21377433097,29.68392490028736,0.5399911212853884,85.66904903377299,1544879.0,,44,129
221.55645354447097,1658.2557876944343,111774.39702014475,18.53428920335774,0.20129741560522174,77.63757568685676,1632270.0,,44,117
231.34307498911355,2071.6944538017656,139645.52178950282,29.4739156721658,0.2865319159711082,67.31139566939306,1747314.0,,44,97
272.91396340174737,1198.76696228123,191819.88490662936,24.101638927490708,0.017027697412483094,74.57796679279345,1676546.0,,44,80
364.2220137268824,2006.5564501132637,180988.1045194217,22.543397869527205,0.20144636455077475,74.96041790455136,1667837.0,,44,26
842.7593025556835,552.1127447028385,52182.012139361694,29.97492740799194,0.060254860114993807,47.42393785798147,1398804.0,,44,127
452.4407505885142,1198.2599369993395,135495.5447758177,17.683577006319254,0.05509569435825962,88.72865792783631,1522383.0,,44,103
468.64243031232166,2461.757543203936,205061.8722001354,28.720181548654146,0.29798708708586585,73.4306134575197,1702099.0,,44,132
587.3299889629127,2314.459679170933,172564.23633184185,23.095165855736987,0.24689501772965874,70.7534556752143,1713789.0,,44,123
612.5307184574308,489.73572653620937,200249.1074097738,22.33020812399436,0.18329686363449998,81.84453791619383,1623779.0,,44,30
636.5009445002115,2024.9713374724927,216027.1280253466,29.798058069528533,0.08133057551035923,55.07296009313978,1873203.0,,44,52
374.59299864443864,2210.7492607830545,144735.18118477715,20.17415750198076,0.2603740960170878,86.0515001455309,1546910.0,,44,29
957.910468327306,1720.5480091262052,198702.9538211328,29.0824773549187,0.09720821808200708,57.36733892464216,1835302.0,,45,133
964.418858851097,1534.2034573880157,109533.24828172082,17.15321129686122,0.05026279060201011,92.75628176776557,1473223.0,,45,41
1167.03170189099,1839.6108320765404,109174.5161558479,16.583372916876833,0.07372652283737612,79.71825019398327,1586030.0,,45,1
1239.2385646016294,1483.4618693929751,98451.6664743815,17.735343313446386,0.026728690969175153,78.6007046305162,1603508.0,,45,3
1306.8762972547356,320.80861738717283,124661.83508956217,18.315148373061767,0.25635994572241877,91.63873620429852,1494717.0,,45,5
1546.9595805655408,1058.8929912038034,112438.12171635953,17.006019948722006,0.113461243451568,75.99309831575975,1633270.0,,45,11
1750.9541232819658,518.3769679300292,71552.71727691732,23.815595532911942,0.043504802342975664,58.85739967593157,1441701.0,,45,16
1911.5301077928177,1127.0488054977393,134052.19794418802,19.387337021570197,0.21778255025487547,79.71825019398327,1598445.0,,45,110
881.4091684536953,2344.167961432068,186914.71070249449,22.450752015319303,0.20638112662705857,77.8556742548715,1652327.0,,45,60
1365.4078968920671,958.6050688181806,159197.34563738457,22.006910779819982,0.18981102295303845,66.68021862020096,1744757.0,,45,7
2059.1367699378347,2102.6857931453605,117689.46831909122,19.849151628698614,0.3377565614378477,86.79603876260795,1529450.0,,45,17
827.46575,516.873475609756,61092.49080286568,32.136765568730034,0.1471875263756208,40.97667066045869,1457456.0,,45,127
713.4916087061836,1490.8552576528284,118418.48054165956,16.644729955331258,0.03477333253138181,86.79603876260795,1537027.0,,45,40
877.3968186229635,979.537537082797,162360.37209718415,19.188511892290173,0.03886517251878466,82.69837169656208,1587445.0,,45,38
82.80441709030534,2403.5840027191125,152342.6936662655,29.084311744995595,0.5816582814864117,84.56094763567384,1558954.0,,45,129
226.13116295865132,2055.066191846678,138235.91601862086,29.248705602405778,0.231988507043129,65.5626730567339,1757219.0,,45,97
359.36639227984165,2018.458534967264,158344.6583724592,20.67289692337817,0.1877230226875224,81.58082613309502,1596536.0,,45,26
373.5016574949414,2210.1938673953396,147096.18976097548,19.51077275440165,0.2560861932538769,85.67849319914089,1550939.0,,45,29
280.44782104445443,1208.07792195951,204280.62372839687,23.9870730455684,0.2234595932675489,75.99309831575975,1689860.0,,45,80
456.36746045263897,1196.3608869680002,139973.3268546243,18.275487475942743,0.06799209598242849,88.28609951389735,1527004.0,,45,103
468.80987811131854,2458.4141696732786,204123.04980394803,27.581525320074867,0.3140596881132875,71.52291606189152,1711389.0,,45,132
623.2810452156546,2318.817666761428,204416.96428713985,26.968846437225224,0.23054828415449616,62.58255155415509,1790866.0,,45,123
624.3771671669829,474.4707563675206,202272.02183565876,22.604442334962524,0.2110751664589316,82.69837169656208,1605141.0,,45,30
634.1247892159508,2024.601228618066,220910.4467431623,28.65395789820748,0.034548835058223454,54.38721742206335,1894805.0,,45,52
634.1130421930892,1367.91577778137,161311.36932827643,20.37459218525425,0.05606104987714987,74.87555275229269,1661159.0,,45,138
1308.0420679059764,322.23373790136736,119940.50797329936,17.562680845709377,0.27068549108387646,92.87143342839587,1473897.0,,46,5
968.6416007938952,1539.4485371111796,107697.69440785765,15.975990287964674,0.022954963532219343,89.92313395447854,1493440.0,,46,41
957.459229640528,1712.5113192771798,186364.22097091982,30.50173217004854,0.20364513080354837,58.59745204410692,1790311.0,,46,133
1222.4797656627704,1483.579710917726,103671.05440135505,16.71436364568845,0.07408421198976096,77.3928611903299,1600973.0,,46,3
883.6546084205047,2343.2023194618428,181229.0203622243,24.57880255128324,0.23624896681539095,73.70748684793324,1679832.0,,46,60
1551.7504530404387,1058.8159427234027,119987.68076488204,17.819226836336433,0.10943923271997091,75.91871145337123,1641502.0,,46,11
1908.2152340074897,1125.3945229149629,119865.32633671447,17.809853456269828,0.21064577848092633,83.65799757240423,1559213.0,,46,110
2061.541981012658,2101.0161107594936,116457.82921973451,19.631381410281584,0.3420108343958228,87.34337191480088,1524059.0,,46,17
1366.1990103812532,958.1210122410247,173986.89124198066,23.413546545589522,0.18845620100518357,66.70527559737958,1735668.0,,46,7
878.4643018916074,983.0602592320861,173299.20038968942,21.511923696467274,0.07836773698152609,74.81309915065223,1670872.0,,46,38
1168.1855869779351,1841.0184698145058,111121.03863450991,16.576307523878704,0.02928554508734956,80.7096980984869,1579051.0,,46,1
721.3509140819476,1502.5287607921746,123916.65835131113,17.48011297827832,0.02609535682037572,82.92092270392489,1565467.0,,46,40
100.29887756813723,2418.7265856142985,151593.81966271004,27.488530103564134,0.43861236732342757,88.81752165175955,1545136.0,,46,129
222.64908835730046,1656.5553940804684,118426.92473087706,18.51992051202053,0.19976082453729216,81.81531040120589,1582878.0,,46,117
353.98823919831455,2198.0576676505048,146590.1869180381,19.6347828017599,0.2204804569813065,86.97483448056121,1553177.0,,46,29
357.7258575106102,2016.7673937243442,169503.63335445512,23.00012903460397,0.20316656372788042,76.65578632185057,1643679.0,,46,26
275.15629525421247,1211.957697935234,196212.64682610644,24.86038028649519,0.029869606276267103,74.81309915065223,1680240.0,,46,80
467.02355743779776,2457.009971839892,200496.15742427408,28.027081980623095,0.3092916260390737,75.55017401913157,1676547.0,,46,132
847.8482413288843,458.40417517441836,81401.44286255474,30.48692841283478,0.1562801782354063,50.85816592507393,1492529.0,,46,127
610.101379256401,1354.1756531261408,141348.84752828156,18.948295495228056,0.04206431417607967,78.49847349304889,1617591.0,,46,138
631.9927084396841,467.5918898098217,198532.95851207938,22.934978426941235,0.2099029085353361,82.92092270392489,1606996.0,,46,30
633.1825840188983,2024.2243977558337,214668.63299539467,28.803760778524595,0.048134728984776706,52.70085309627226,1902772.0,,46,52
649.1953988396783,2339.660081339553,176340.7398344694,23.255474464987028,0.2550217162352322,73.70748684793324,1682760.0,,46,123
463.2698720388516,1197.3040500868908,124908.7611242843,17.029126132572443,0.06959448016794469,88.81752165175955,1517305.0,,46,103
1309.837951916068,320.8623178473749,122112.05314478907,17.73457389152274,0.252851214825818,92.81401576006795,1483876.0,,47,5
955.7485285159208,1701.6448598900195,184830.74390934448,21.964673840462776,0.03248484768714969,75.69667678792426,1675438.0,,47,133
970.6842033680789,1549.0654295887373,109075.86816891494,16.49172712981501,0.06700675684747709,93.9551716915442,1462654.0,,47,41
1168.402333493711,1840.5963330813115,110684.51764698594,16.731582469945497,0.050235960687002826,80.64168582432133,1574919.0,,47,1
1208.4585966917102,758.8593746118385,107183.83163452732,18.59175527445307,0.15887483436508476,83.68476830825799,1578174.0,,47,21
1224.9725683854147,1479.6981858549052,103140.33578399649,16.011391285860096,0.021717262001129355,79.50052989284508,1589222.0,,47,3
2059.549406830594,2101.837982440095,116455.72357777182,18.437666048929163,0.3385434007416512,89.77093327613129,1506890.0,,47,17
1402.5033870672444,1534.5868707915943,130891.7264962568,29.78004259691503,0.13012466497954087,41.46199884363691,1975369.0,,47,140
1480.1214906125454,923.9512230109187,159104.14420483352,20.82776012568631,0.07071138132277928,70.37128244103512,1699461.0,,47,141
1569.55226720045,1062.993981703585,114969.55816967925,18.391700961641263,0.0898695731646895,73.79475023546385,1652634.0,,47,11
1910.1978367807446,1126.688800300865,126430.56757480567,19.0438170947271,0.20879124133541818,82.92399768727383,1563513.0,,47,110
883.117445526391,2343.5374405452526,187858.23059555097,22.380407085076886,0.18702885933010321,79.88091520333717,1635588.0,,47,60
1367.385466542846,957.8042219742022,178589.3817347904,24.06494188824449,0.1353125737167403,65.80665871513014,1757818.0,,47,7
879.8448546815157,985.9441246334342,178873.529561728,21.45715679211409,0.03250848803625961,77.97898865087676,1641535.0,,47,38
842.8715011633318,433.7114639367147,102181.00403093545,24.39738667359064,0.05469895085424889,66.94781464660639,1507429.0,,47,127
724.9227143233975,1521.3303086256924,144204.0712075482,18.84899908622102,0.03826051813725103,86.72785079219463,1546954.0,,47,40
89.4883918507784,2411.8570856532683,179540.3450110206,28.571799589113013,0.4189175702987448,85.5866948607184,1568824.0,,47,129
223.04351997653944,1655.284315850541,119333.7188369549,18.114971719099763,0.20997598766539344,83.3043829977659,1559755.0,,47,117
206.82076102663424,2036.8632303596762,201902.05625891863,31.815026786252236,0.11712324723834859,62.3831909207014,1808752.0,,47,97
271.8245774436762,1213.830403944666,204277.94290825215,24.343665972548653,0.1631262141870299,74.9359061669401,1696866.0,,47,80
326.9539859128548,2187.8993840685453,174650.8722299554,21.72167887677853,0.2375752078916241,85.5866948607184,1580161.0,,47,29
47.0710338044331,795.6741215179794,129944.18668782103,19.063717953250716,0.18179388729089554,96.61786886498876,1443802.0,,47,126
464.01088201913205,1196.7113738312705,140765.38800069978,18.582561376467076,0.11988205305989784,91.6728598285917,1493156.0,,47,103
467.0689377351873,2459.9915583738543,200655.15321112558,28.7212539973579,0.30936877391384776,75.31629147743219,1667811.0,,47,132
609.9718446835078,1354.0735808279703,158407.6587013225,19.786403052340965,0.019771946700132385,83.68476830825799,1576648.0,,47,138
631.5740652237446,2021.3105245061802,221266.33126013904,30.032712342057575,0.08967938244999643,54.01471408987561,1887394.0,,47,52
637.1756562110824,472.2601955632193,222361.08018373523,24.941789774055895,0.07332079141668833,73.79475023546385,1689339.0,,47,30
677.8309791968796,2358.817273927228,198556.94783845125,24.12490196592725,0.25985920482087826,76.83783271940051,1665279.0,,47,123
363.38722583301217,2017.5312532847483,173705.2343480721,22.82319744078628,0.20361484169351368,79.120144582353,1621792.0,,47,26
1168.2401328324895,1841.3699391237794,117560.26861310747,17.814619782540873,0.09572588912681101,82.82259143404535,1570599.0,,48,1
1198.5891811721524,741.9953549249888,105846.51892006055,20.62438570506373,0.1829599478898093,87.71665365514804,1536166.0,,48,21
1213.7378553508902,1470.0560579025746,112245.69350731466,17.579932463167122,0.05847325831825945,80.94025981054432,1580178.0,,48,3
1311.474025154093,322.5571458355969,128202.2186797329,18.63872388200557,0.27799939099637444,95.99891279855257,1455674.0,,48,5
1361.7316972562985,953.1388161065407,178882.11531087465,23.601693675575543,0.15448960949161986,68.51687109543752,1731556.0,,48,7
1571.1216790109142,1063.9468902642298,129867.70570020661,18.89264503936443,0.12977344840801916,77.92852921294268,1622318.0,,48,11
1765.0102861084686,422.6695093932364,67672.45712913496,24.28883697265528,0.13915388505755988,63.24634254963463,1410660.0,,48,142
1908.0348005763844,1131.7769500557354,166161.6946655794,22.055893950868555,0.18066818777292085,71.90506801773937,1690966.0,,48,110
2059.8007040755406,2102.33380797815,109719.60446857628,18.765490457126663,0.3340808352185022,85.834322031647,1531833.0,,48,17
951.8932427203854,1701.3148550317644,180977.1504078313,25.10591866670321,0.22257580594969353,75.29326494004123,1663758.0,,48,133
1490.5449593676647,925.7833039816513,154126.4427312385,19.536930564931517,0.05872138186982582,76.79913023884205,1633536.0,,48,141
966.1214623241551,1557.5788066799869,110978.88432469846,15.971797978992134,0.026879444848933298,91.8577832268503,1480540.0,,48,41
883.6608829397912,2344.271929539285,196790.61837686345,23.587889612256575,0.23089949944870197,77.55206288824246,1665177.0,,48,60
880.5168033732615,985.8608089114518,179457.73232134126,22.761118657040488,0.0901377286858524,74.91679861534102,1672691.0,,48,38
47.97394590690254,795.6918581669999,132385.5124798016,19.653045684406194,0.22922149104967454,92.98718220095091,1476128.0,,48,126
92.26509946810549,2410.5328257149235,166966.20320146374,28.56279426915982,0.42097248359387063,85.08138938224658,1561897.0,,48,129
195.7016234049858,2018.5047852965138,185310.65427145537,30.7217470609617,0.21979623996138353,66.63453947193649,1761552.0,,48,97
272.7566554603221,1214.1658194177626,203803.8095397036,24.78742373512939,0.1088371893976245,77.55206288824246,1667326.0,,48,80
321.4284083226248,2164.800204170267,168162.23671503627,21.52351766204614,0.2871881621288795,86.96372100574762,1555275.0,,48,29
366.66020893833365,2018.9513163697484,180973.3857445843,22.606500605897565,0.1870975116090664,80.56379348584412,1614703.0,,48,26
223.11026825482833,1654.462685242158,122979.12489084224,18.291592872516826,0.1943260109832894,85.834322031647,1548160.0,,48,117
463.2066082432725,1195.2354943232842,133729.49725898134,17.981064917850656,0.038246005197339804,88.84605262924865,1512370.0,,48,103
467.82892559746364,2461.875441986053,222522.46813644725,27.85919393837938,0.31443286284399946,73.4109333165402,1709760.0,,48,132
611.6688049839627,1351.1051017117372,150587.65927905656,18.569420395496902,0.0226724877633729,83.57552408344576,1571308.0,,48,138
645.8329644616337,460.74532389916016,202076.58204197904,26.43112643679196,0.033376200404004776,68.1404047707373,1698799.0,,48,30
632.7157427669705,2023.9369306956098,205408.30901557588,30.963255381434006,0.11154384972938114,53.458218107429275,1862696.0,,48,52
704.3885168185706,2380.3137138174015,189715.31027044778,22.679676158322245,0.27404603569108,79.81086083644371,1631223.0,,48,123
846.3204342161446,398.5017845998883,137541.2187965709,25.750674105740444,0.22274782006726898,66.63453947193649,1555156.0,,48,127
1360.499297241212,953.5422599643347,171197.44071216063,23.670801048534315,0.08240712412008624,65.92931740857199,1754622.0,,49,7
964.6801589382601,1556.3072954274996,104099.03273247104,15.594543986085903,0.019384453357710125,94.90462251170236,1447347.0,,49,41
1168.1744235711442,1843.2641835885186,116014.60204118588,17.282269465437427,0.07217517733883115,84.4063235612928,1550015.0,,49,1
1195.4940760702652,712.2689926940362,97080.28998618523,15.769016445318954,0.1238187337137983,89.025575099473,1494535.0,,49,21
1205.7462349091913,1467.934704597673,103446.8784016716,16.107018980441538,0.030395066522419543,82.72659572922727,1551735.0,,49,3
1313.4351369199894,321.88285662992814,130991.05539188212,19.311414887710356,0.25383430771575405,92.80496272162044,1492360.0,,49,5
1406.6337207503266,1536.6809905745035,135707.73114432214,28.96615146978385,0.074088745030496,46.19251538180203,1933298.0,,49,140
883.7400269975782,2345.2122927208,190386.23153371923,22.516813557074,0.2154154824401206,79.36714006509621,1640983.0,,49,60
1569.1925737896022,1064.529998689411,121757.59149901792,17.824980187212322,0.146387862989624,76.84754831699792,1619689.0,,49,11
1634.472542364892,938.7716479294822,71269.1721867083,26.851697600028828,0.06807011381985467,46.61244733981841,1595369.0,,49,143
1766.9320016619831,417.08071340174865,93992.95023084879,22.546380075750335,0.058126810564759754,68.44890915667028,1414129.0,,49,142
1904.3958457285771,1128.7478846913255,159511.15425252274,20.98569311505541,0.1523305991029816,75.58775244294877,1651350.0,,49,110
947.0737117242251,1704.1571765894312,166282.5570755369,22.609634404430647,0.22932561524513775,80.62693593914535,1602870.0,,49,133
1507.9796377240261,922.3727624775427,153332.27542226968,20.31487555334964,0.04721779163128173,72.22829677881772,1684550.0,,49,141
2060.4112222620483,2101.9339394136878,115985.62673608275,19.062537958998455,0.36192169457294493,89.86543901550577,1496060.0,,49,17
642.667658252861,434.0154064572666,195513.60074109925,27.337355068922367,0.06427871268845954,66.76918132460476,1706865.0,,49,30
843.7287090921484,376.83102943515274,129381.45619680533,23.000065337036197,0.007896767674117351,74.32795656889962,1535954.0,,49,127
83.6260007404031,2393.5150082728715,166747.001821103,30.25330436575117,0.49710142945325014,87.76577922542386,1551350.0,,49,129
189.43878674742484,2008.825291091981,187611.32115514696,30.144733122419794,0.25655777139183145,66.76918132460476,1756503.0,,49,97
887.2225170546964,971.0350610570271,172974.17282652794,22.65280091798208,0.03965157817244557,74.74788852691601,1663429.0,,49,38
272.5929129035585,1211.9078690091073,199516.8120968694,23.698791662335786,0.12336932037053529,78.94720810707983,1651426.0,,49,80
351.14951972909535,2182.272053428996,160839.39903572857,19.859596515766288,0.2562342372355583,88.18571118344023,1538542.0,,49,29
221.9085171576935,1654.7879014873165,123891.68570965718,18.260934506651765,0.17158957263659236,87.76577922542386,1528429.0,,49,117
462.79947641471784,1195.0522180541145,131533.1875496813,18.5313299781058,0.07822588843750054,87.76577922542386,1528380.0,,49,103
466.2190660797208,2461.5587539678227,208625.97613016077,27.45349334790522,0.28333760453667933,77.26748027501431,1655949.0,,49,132
612.7399988396043,1351.1564329436337,144754.74524782706,18.138553308535915,0.042366559423751914,82.72659572922727,1586646.0,,49,138
627.5791106389437,2022.9415874943088,207519.8753527456,29.73444131055079,0.1508942758634351,61.729997828408166,1807173.0,,49,52
731.1432216837501,2390.7475725865247,195831.06930135962,25.249436547674478,0.29069203756654116,77.68741223303068,1652227.0,,49,123
361.1025957312607,2014.0047382396028,165110.52698071318,21.394319006055987,0.2045813450357094,79.7870720231126,1617490.0,,49,26
1355.3919474982636,950.7589327201744,178422.59769979995,22.815567355858807,0.04100935370253238,67.94853544649995,1729972.0,,50,7
961.0498040870457,1554.5458797998674,106339.45797377241,15.74294725294645,0.015491633569635035,93.58949221876408,1463341.0,,50,41
1167.3902490305097,1844.2653405285864,109758.67955935383,17.023260899137767,0.020450474767170716,80.76901383263201,1583968.0,,50,1
1173.183874143146,690.9156909419577,119386.43147805947,17.11733018028367,0.17103272035355732,90.59804726199992,1500865.0,,50,21
1199.9534871267208,1467.4720215122038,111723.2041973888,17.325450004678533,0.04111311261600379,79.91431527355654,1587077.0,,50,3
1311.1429729068032,321.63147803957946,123930.86371666375,18.523329569039028,0.27578830948538485,95.72623861645275,1459205.0,,50,5
1403.8742197525273,1544.9352053466187,147197.04054253668,29.162490777726813,0.07461553040390967,45.29902363099996,1970897.0,,50,140
943.2506111927266,1702.8996452033152,154174.79957882882,21.847735381828727,0.22042114614991148,80.76901383263201,1606437.0,,50,133
1570.342868329533,1069.8176144084387,129885.54857774256,18.252286156253255,0.14176293947636406,79.91431527355654,1604753.0,,50,11
1643.5760834660841,912.3017837916118,67871.18522690362,22.87659955215554,0.13950593522285243,52.56396138314147,1544894.0,,50,143
1785.597098791709,389.6452732571466,65254.09823901452,27.91160763542185,0.16309329419678859,57.69215273759429,1389592.0,,50,142
1896.2976482481167,1133.8389591329872,166560.23639839148,22.45828337127855,0.15633186263347792,72.64937752141503,1685542.0,,50,110
2060.985940737208,2100.380684443517,114685.16205386484,17.68554258789257,0.34009773318286346,92.7347936596886,1467149.0,,50,17
1513.6641695462838,915.0418716379054,163492.72326986963,22.08645111322256,0.06838871960573924,64.95709048973579,1750394.0,,50,141
883.9882426022136,2349.681472780664,189187.5260513555,24.534455748223387,0.24741015153106172,79.4869659940188,1623429.0,,50,60
222.1651610960554,1654.5988529652739,122053.51833165449,18.582799330115133,0.18089823862527446,84.18780806893389,1559112.0,,50,117
854.1644187006042,355.83391811369154,133612.0342953116,23.355869224914276,0.07323494336134213,71.36732968280182,1571864.0,,50,127
103.2851003504719,2384.8855387684916,162783.7508151165,29.084858692430178,0.28582214109778475,88.88865014384898,1548692.0,,50,129
269.83726256201635,1208.5889731917046,198544.3385268342,24.174122003637184,0.2149963176251589,76.92287031679238,1661995.0,,50,80
350.16899261912425,2187.7786067393477,155344.45455692362,20.12453832260357,0.24501421994384526,86.75190374616031,1553068.0,,50,29
367.1207994882942,1996.7569319493703,164356.82351309492,21.88603536336844,0.19661914587635176,80.34166455309428,1609726.0,,50,26
883.4671113781434,957.9188529935861,166438.01450444368,20.25714549067156,0.06667455570116838,82.05106167124521,1605145.0,,50,38
465.19828818299317,1196.4912309260026,131264.1773535313,17.490646945518204,0.08545232133215278,89.74334870292445,1515226.0,,50,103
467.88467764465327,2462.2116970836546,215686.17282765187,27.138022735179916,0.29128054499469874,74.78612391910372,1699872.0,,50,132
612.823764585414,1350.8016762954628,135218.44023709395,18.72522141848483,0.004753336057337213,80.76901383263201,1595662.0,,50,138
626.3525055192425,2027.0514596598732,187184.53997816212,29.293395653381236,0.2820867933308166,68.80323400557542,1735497.0,,50,52
648.7158826574714,409.2586656421957,182429.85189402528,28.45021737301451,0.10209926976301677,60.68359769435844,1730199.0,,50,30
713.9824165762344,1505.6717240911557,126016.75555008744,17.212743054701452,0.0515631653795834,89.31599942338671,1527034.0,,50,40
756.1296522462758,2409.4122270537628,182305.06590440028,23.273789876880468,0.28545105430991896,76.92287031679238,1654543.0,,50,123
1071.0380410686969,61.05965785405874,105031.44409994771,17.15443439608298,0.34060444525298916,106.97759733140012,1359550.0,,51,145
1165.3715431262356,1842.677761981978,113318.22245323064,16.971733741172173,0.08011005299576832,80.96735798023617,1574530.0,,51,1
1173.1979666879936,690.3289543067264,119337.49526307742,16.638495489962395,0.1563765521547101,89.77727776046912,1509311.0,,51,21
1204.1725080285996,1466.8278317483166,114826.3968156086,16.857959254275382,0.016196453524133805,78.86975803256166,1595001.0,,51,3
1312.3822388701815,322.51428931867366,129693.34620474649,18.567287115808334,0.2794999521650516,95.65055761395776,1462252.0,,51,5
1355.994136328092,944.844051861123,184015.31156966285,22.70612294686337,0.11981364356404262,67.96223830465419,1739074.0,,51,7
2059.084981467979,2101.40831206708,110471.3598042468,18.577792246298475,0.3185694855670392,87.67967781279461,1517347.0,,51,17
1515.3211126908575,904.9055152376832,169664.37176765292,22.351829845884115,0.09552473225234519,65.86463835697968,1753717.0,,51,141
1569.2212787448234,1072.1913538264705,124601.63209176138,17.859310490976142,0.13257444306134195,77.61119806395695,1618225.0,,51,11
1644.565231961642,885.6838980210866,97644.95564420668,22.12901272048993,0.06986764794055945,62.08895845116556,1609977.0,,51,143
1784.804180037922,367.96682920929993,97131.04365702643,20.368948975898792,0.0704912888066664,74.67455813721263,1423218.0,,51,142
1891.9402027360534,1127.5027173489482,161487.50765162814,21.65387555735463,0.18695773875698568,73.83551815814283,1662219.0,,51,110
944.0588792793864,1702.4332538591768,155369.64764424064,23.51813629888727,0.22347968279544786,78.03071805349185,1627646.0,,51,133
1407.06063510981,1550.762318890645,145729.91732470767,29.739374266299357,0.07360888050201586,46.98623882790908,1957590.0,,51,140
951.5716939747887,1551.0076467451001,118777.43607704832,17.418150561269517,0.032345426732661914,87.67967781279461,1514535.0,,51,41
884.1671670498234,2343.7043462781694,193250.6246192842,22.474871014373697,0.1718333239191013,78.45023804302676,1651984.0,,51,60
44.966913759948305,795.3056689242816,133731.64562400946,20.326174719720214,0.1765911911856571,95.65055761395776,1454292.0,,51,126
887.9634279150257,956.2183857461113,168727.5836310215,20.074878602002787,0.03331158137737864,82.22591794884087,1605182.0,,51,38
97.06913632990803,2383.044636071324,186573.12494585715,28.816714907067606,0.23315641159871586,85.5820778651201,1586149.0,,51,129
164.83374940938359,1520.8838654170281,118976.7080720774,17.132056779108126,0.17353287989689112,87.2601578232597,1512786.0,,51,147
268.04978958488476,1206.980724936356,193794.74204571097,24.189762963902652,0.23361822654703368,75.93311810581734,1680862.0,,51,80
350.4309818569352,2181.9140545378355,162183.91083425606,19.613519120328224,0.25113839577798597,92.29439769767853,1504724.0,,51,29
366.31312867206003,1979.0197381238015,163658.10407748172,20.505084452851975,0.2094400185852333,85.1625578755852,1558984.0,,51,26
220.50548663735708,1653.5359506769607,129488.62044985345,19.024419976989595,0.20184362680470952,85.1625578755852,1554665.0,,51,117
465.033046874257,1195.263287696419,132342.19541866987,16.904540671933624,0.07582912948224675,90.61631773953893,1494501.0,,51,103
761.1543545076283,2442.388340638003,189046.1952841654,23.11698260764385,0.2663532119321162,77.61119806395695,1649020.0,,51,123
723.9947728738656,1510.6919763454182,131382.75320260355,17.163043625202803,0.040251517408465616,87.67967781279461,1535246.0,,51,40
657.0180949261915,376.181529056439,172932.4324861298,26.789641426130004,0.07422281639992274,63.76703840930517,1698154.0,,51,30
856.4086670656709,324.4594533642128,145095.6031005309,26.326969413197503,0.022812335515240825,64.18655839884008,1586225.0,,51,127
613.1246429815395,1350.000214791594,144533.0267945646,19.176017436451527,0.029292864539527633,82.64543793837578,1579597.0,,51,138
464.1564797315776,2460.49792846151,205553.8873523743,27.309918084090516,0.3007010507024293,75.93311810581734,1671128.0,,51,132
619.7463991449911,2033.179918475897,202545.08998742996,27.983874136606005,0.24970250593102958,72.57695818953812,1711597.0,,51,52
1354.4433979138319,936.9676750341317,180014.99880987985,23.16183311224511,0.141208249932434,70.10326644787486,1706112.0,,52,7
1070.8603445269728,75.54248352338111,116880.89371661088,18.915951829126687,0.33034913376976727,103.52459114976868,1381633.0,,52,145
1165.7310444482555,1841.1980996099237,111696.10503938171,16.821555376550467,0.05246056294149322,83.96088888524547,1551311.0,,52,1
1203.3460049943787,1466.5692795956743,122900.40035712636,17.780449543435555,0.024793024080213576,79.88511758013647,1601494.0,,52,3
1312.4318836159,321.96318176300497,130946.78806767256,18.88887145051885,0.2808899423393054,96.59577993108337,1455531.0,,52,5
945.9380176078034,1701.8949562937976,156106.93191124094,22.226627453322397,0.15840464782135655,81.92300323269096,1598175.0,,52,133
1509.7715476256442,885.3072488502244,183888.61185825543,24.94763072573237,0.2077124035122872,63.17445522918955,1773004.0,,52,141
1570.029418607176,1072.0164991113,131395.12291123456,18.05986340752809,0.13282556359625003,79.47754044962556,1612657.0,,52,11
1648.893135337598,872.8239915144685,86073.36115268346,23.522422830688715,0.08444443207165689,62.359300968167744,1569197.0,,52,143
1794.9395805836632,361.38506553816717,58364.637512030415,23.343316652425834,0.07046595264132786,62.766878098678646,1363606.0,,52,142
1883.0340745005144,1126.0889377023188,172745.86068721794,23.118632334442054,0.1811455942777509,71.73357496991845,1685778.0,,52,110
2061.089739267056,2101.1740942476076,117255.4570995504,18.015452190506107,0.30482189128573245,90.88970010393076,1496013.0,,52,17
1410.7106186074557,1551.4212233857183,147361.14184473804,30.159126667296242,0.0673024956781723,48.501678530797136,1939721.0,,52,140
950.404756833015,1549.3107376199073,116716.64013301498,16.735979505801637,0.02097108702439675,92.11243149546347,1475609.0,,52,41
47.22265455417253,795.3250707894072,125803.57225775551,18.274391178508886,0.2022746546357728,96.59577993108337,1431146.0,,52,126
880.302329708466,946.7058706089974,165360.56308236043,19.700625728463827,0.05459788602111097,82.73815749371276,1602951.0,,52,38
884.0873001020376,2342.3057475259216,182942.62533833965,22.254797000197005,0.1884760366448121,79.06996331911466,1643099.0,,52,60
98.64359352681356,2381.620329777646,173201.12434199863,28.84151146976877,0.29399993418352516,85.18362027677816,1579190.0,,52,129
201.9348366214964,1998.3515894653433,151738.92780355562,21.391674210781872,0.2507558168959257,80.70027184115825,1602188.0,,52,97
266.32277602801577,1207.2476972887255,185052.24456586406,23.96610081976128,0.24087381498878435,76.62450053604925,1676996.0,,52,80
348.2510500361521,2173.244978647234,150507.22971515168,19.92785486369985,0.23724635707029956,88.85181445137627,1529997.0,,52,29
360.4589848520459,1990.8465595664377,176882.7685619036,21.527843843183994,0.19542479859129705,77.84723192758196,1642823.0,,52,26
221.79801993140623,1646.414624161928,118481.44910812718,18.06234775482697,0.20941849011513525,83.96088888524547,1572392.0,,52,117
463.86490321151587,1194.9503620401163,136162.96018395107,18.276583080130624,0.10059498858001985,89.66696871239807,1510420.0,,52,103
468.9215206370204,2460.846572207491,207659.32526391218,27.45976094718548,0.30142502324243503,74.99419201400566,1697660.0,,52,132
613.4542569081405,1349.1609410007468,137527.93599403207,18.26389955050401,0.01412773468576601,79.88511758013647,1597586.0,,52,138
620.9226848703847,2037.3559832123701,198403.24863000962,28.44448644048639,0.23349571164420002,70.10326644787486,1733954.0,,52,52
672.8537088590674,343.07544126792243,140256.25730567204,26.942760908675353,0.1359100638474949,61.54414670714595,1654623.0,,52,30
781.7621727609094,2466.8391165057305,198719.9360604166,24.726121995606093,0.27024272083998946,75.40176914451655,1684364.0,,52,123
853.6644815956745,293.3621506523567,90155.24611475013,28.0328660026991,0.07802480212614994,46.87137000875354,1500242.0,,52,127
1313.0432896194052,322.1832777342589,122904.26418427263,18.11585622538596,0.263811728462737,94.20081835252252,1476327.0,,53,5
947.1533172079193,1693.9079499793036,147373.652969103,19.87094838423505,0.09898683112604204,80.92140783586736,1611606.0,,53,133
1068.9815694620042,74.47490635527669,105689.9983389011,18.23452385202576,0.37570075848044515,105.4053209759503,1366308.0,,53,145
1165.0455391961798,1840.0965618782332,104284.87071360752,15.86925565268123,0.09220422730366622,81.7513709931583,1566116.0,,53,1
1202.8615266105978,1466.8143882168956,124982.90691170782,17.803134645619924,0.02448488942453403,76.77159204941262,1621228.0,,53,3
1350.2819658279027,936.5114414450563,175818.98025893563,23.822023854948668,0.13174128024267562,67.64199731921221,1738616.0,,53,7
2062.305597290027,2104.740121550264,104129.25262161547,17.487271905270166,0.31928041795674084,86.73114993690399,1518447.0,,53,17
1410.1117299805173,1554.3717360651997,141858.132807326,29.28464331575464,0.05872039500210956,49.38280785881136,1923949.0,,53,140
1500.6233757974803,878.0142450595399,182713.4842065515,23.959492293319997,0.1425802571506586,64.73712626869388,1762159.0,,53,141
1570.8512945804434,1071.9404691740453,121104.90405926586,18.140582821018018,0.12149371731174581,77.1865736280581,1607902.0,,53,11
1644.608621813321,859.3421181574704,87233.69262864366,23.515709481414515,0.053330462362278536,54.77756838120252,1594849.0,,53,143
1801.4409580610738,330.75271528600035,56776.94962711641,25.17169621851753,0.13780223358383092,48.96782628016589,1387455.0,,53,142
1862.3152618668548,1110.2171091185362,160039.3057309415,22.331999363797305,0.1362894452139017,68.88694205514862,1719349.0,,53,110
950.2190172837314,1548.4740485069105,112174.50048681528,17.15903617393875,0.042164771019996744,88.80605783013137,1504612.0,,53,41
884.1714323914788,2342.4828326945362,186227.13323294275,21.759357340567266,0.17236207076429308,81.7513709931583,1620501.0,,53,60
867.9065269365196,260.40437080022747,75157.72869006038,28.215367773488943,0.15068377796728905,57.68243943172084,1457973.0,,53,127
46.016011711262614,785.8813392123684,118209.16260347774,19.360858783377115,0.19286890407898907,97.10568940304083,1418057.0,,53,126
99.4240317478625,2381.536695650688,194289.81032444566,27.998127258054254,0.3086995868159183,82.58133415044925,1618616.0,,53,129
164.66405081377957,1517.9589314817708,111524.63933465646,17.84943085888075,0.21566698685688765,84.65624204367663,1540911.0,,53,147
201.408969128897,1995.4425168125954,160623.1848120957,22.08465000388329,0.25315608043356763,81.7513709931583,1605357.0,,53,97
217.09372027041817,1656.6923698633598,147873.29078979214,23.776905044899628,0.2635758917125318,77.60155520670357,1655493.0,,53,117
269.03669692284086,1207.3668417511597,175788.27162211586,23.595234686609825,0.25534645730589983,76.77159204941262,1677940.0,,53,80
348.30033144075855,2171.757270080987,143986.15834261998,19.205442872782356,0.2637537350765356,90.88096572335873,1514437.0,,53,29
878.3047389964779,927.6241586429628,178733.81086734144,21.71592857508503,0.03630883788879182,80.50642625722189,1626011.0,,53,38
459.805235739347,1198.9246158395138,136135.95181938357,17.839165556363497,0.08840910286656953,89.6360209874223,1506488.0,,53,103
467.34526209056685,2459.922195903924,202178.19515291747,27.926530281427684,0.3041374564869631,73.45173942024883,1694505.0,,53,132
613.4355486481912,1349.5616877221598,134842.03925716697,18.279349824403592,0.03920933415177446,80.92140783586736,1591104.0,,53,138
623.1499650974441,2033.8500726350487,153971.86006956603,27.057299177343854,0.2547114606461187,76.77159204941262,1650617.0,,53,52
675.3017528014597,302.9575146855846,113949.37669868195,27.802683753454822,0.07574332502872204,55.60753153849347,1580315.0,,53,30
359.7187579700576,1989.9783500461222,174100.95652334337,22.355143270489496,0.19558037568357517,80.92140783586736,1614365.0,,53,26
778.5464444022643,2490.4586000915556,185834.9756411228,25.771756019470217,0.3287297884943696,76.77159204941262,1653126.0,,53,123
1071.4357589479735,73.91491539205653,111888.11833220719,20.094004167683114,0.35286900345839134,99.99954497719312,1415637.0,,54,145
1166.1429666051615,1845.0144004288175,114130.06891508802,16.827343026287036,0.06721421581214213,81.96041137346417,1572285.0,,54,1
1194.2798432475884,687.983869239014,117081.82018976776,16.962696486093066,0.13937081335611518,92.94075356703831,1477953.0,,54,21
1205.3453563581222,1466.1644353665706,126717.07046462907,18.17910383305671,0.017527011115350953,77.64670551170289,1611157.0,,54,3
1313.5361553700204,322.5747069322855,119961.02277495424,18.16993129036036,0.2694180875075161,93.72506372372219,1468151.0,,54,5
1413.5398114021982,1553.6422065057386,141726.41393308825,30.100403276852248,0.052414869245071403,47.05860940103206,1943222.0,,54,140
1500.9240599857699,863.715243190484,171961.57047325134,21.82070540919241,0.14855821602086364,72.94084457159968,1690286.0,,54,141
950.4813808661788,1689.5640545513854,157490.65592735563,19.873007441695968,0.061352606611407526,77.64670551170289,1630805.0,,54,133
1570.8511290198787,1071.1320132013202,127734.7128929264,17.94457256098196,0.12028440427677686,79.9996359817545,1594664.0,,54,11
1647.9280797912006,853.075149142431,105175.99201130665,22.508391177027203,0.08629392622432834,65.88205316144489,1592599.0,,54,143
1810.1334583151918,311.1232174792287,108982.6413567718,20.152760351366325,0.15155668173715672,86.66627231356738,1419255.0,,54,142
2064.9898613310775,2106.237934098652,119595.9263970179,20.362274748505463,0.30505507964327433,85.8819621568835,1530116.0,,54,17
1350.3039448980248,936.2047205741935,182761.91348586653,23.382182530534063,0.12131244113147059,65.88205316144489,1765264.0,,54,7
948.8050856365547,1547.8572435540716,126846.48164048191,18.549460871108693,0.04083561297701823,87.45058247025125,1526434.0,,54,41
1861.7846599082952,1102.9239322366616,163011.80727533172,21.595013813604943,0.17307651362262147,74.90161996330936,1655478.0,,54,110
879.5249485978102,921.925799362148,177187.0368921576,23.069963576126447,0.04609556976845603,72.15653441491582,1691116.0,,54,38
53.570242408557625,786.1152919501134,127284.1267079115,18.33816736705002,0.25393177216055707,97.64661450714152,1430159.0,,54,126
98.08382238236791,2378.518486937626,199599.4839295558,26.687280915975585,0.21816256098012132,82.74472153014804,1617274.0,,54,129
164.58858283301444,1518.5825427195355,118877.89044857382,17.818661588298685,0.19273769284989586,86.66627231356738,1519120.0,,54,147
202.70791438975135,1997.9056628274916,147975.01295138863,20.12954062251367,0.23678013091857172,81.96041137346417,1597145.0,,54,97
268.5885371435858,1207.7621289104152,178368.9922982802,25.524582039533644,0.26328083342745484,70.98006917989002,1724314.0,,54,80
358.97972629685046,1985.081481688644,168265.11670480028,21.84809681810297,0.235993951657469,82.74472153014804,1597086.0,,54,26
350.68345286592876,2172.7752642263717,144297.7747817763,19.77068284899443,0.22582231698398605,90.19566801864478,1517322.0,,54,29
460.5007791143113,1200.1511180365717,130111.9569778352,17.891440040543813,0.06982803546439709,88.62704770527704,1515655.0,,54,103
861.1289802008487,230.81436840601486,74116.5254964688,30.597507369420953,0.22655401663320954,49.41153987108366,1471364.0,,54,127
680.8460787368858,275.41247978156673,132134.6928719229,27.966109029328805,0.09170747898467492,57.25464143792234,1626650.0,,54,30
884.4130967230313,2342.5245421578265,189892.46927535793,25.09424025302297,0.2667190829526259,76.86239535501903,1654603.0,,54,60
626.2184264145901,2032.0098592647025,140884.0648248098,22.41573213635182,0.11384074307964442,77.64670551170289,1631258.0,,54,52
612.081010085516,1349.2592459693544,143167.19169091652,18.371246502444155,0.022296804285331772,81.1761012167803,1583626.0,,54,138
474.59078802687844,2464.9740350547436,208636.30555486734,29.007170120935378,0.31397051799028297,71.37222425823195,1706851.0,,54,132
1164.5356527532103,1846.4748378550153,111300.09723503183,17.063354630891375,0.06948337632112486,79.6869594195361,1593031.0,,55,1
1200.7543401057783,690.1862092091025,111832.76407607151,16.510161427210306,0.17094685796592826,91.61869665882492,1483161.0,,55,21
1204.786332842839,1467.11592690798,118444.22490705602,17.343919255078852,0.029869687146523095,75.8517581640504,1625139.0,,55,3
1313.3283221774682,322.77334483220466,130446.70030283491,18.375967707021598,0.2478416186126748,94.60163096864713,1470923.0,,55,5
1424.1917618998593,1543.7193194687532,149005.2391781302,29.967029290985923,0.07066400889262316,40.9088133918474,1988806.0,,55,140
1499.1477019954814,862.9469258226909,171074.26560261336,21.9728690796493,0.1253791511819859,71.16428996290122,1702692.0,,55,141
1654.942555424791,838.1431131185258,120574.89227121475,19.40881993345891,0.1486873979737652,81.8176267836948,1576074.0,,55,143
1804.4733425619222,304.44579522420526,86194.01754967682,18.8585445521441,0.32927667697683216,102.69816695245026,1365414.0,,55,142
1859.4868886040788,1105.149896234965,158929.8877603815,21.45924955240461,0.1256930442825649,70.73815649006947,1692157.0,,55,110
1063.7732039643274,61.77361624797861,106460.0732506089,17.85445327287148,0.33833607063491544,108.23790209926293,1348570.0,,55,145
2064.9714306765645,2106.2493028053564,115671.8005328127,19.83984207514396,0.31883860139837633,85.6528280391805,1539885.0,,55,17
1351.3481905107722,936.4690939053684,183077.1671318651,23.584585056190516,0.1312683142026334,67.32908870741552,1742188.0,,55,7
1571.2640032892948,1071.707422660795,125405.96745270822,17.99223202764447,0.11874658021887607,78.83469247387261,1608235.0,,55,11
945.3172120782965,1545.5238177128117,126376.2733703461,18.367923986252492,0.029283271071332686,83.94829414785353,1573618.0,,55,41
883.4722086469958,2342.933078368163,190087.0627599473,22.451764137805597,0.18680171511869445,78.83469247387261,1649463.0,,55,60
952.9420560973547,1677.345234383497,176310.59371676986,21.835033732768892,0.044796092147180604,76.27789163688215,1660325.0,,55,133
51.05908730827272,786.095584940694,118881.43785018139,17.64922413309757,0.23571657690468453,96.73229833280584,1439656.0,,55,126
95.46253862497252,2374.0483560953116,197759.16980481,26.536354012704063,0.13665642603158418,80.96535983803132,1636661.0,,55,129
198.43482942169425,1996.5620451222233,154749.09225842927,21.287846262722034,0.19974101977685507,79.26082594670434,1613353.0,,55,97
267.7288774026813,1208.9465719054542,197864.42477259945,25.367433402592905,0.18869653437179387,69.88588954440598,1747949.0,,55,80
359.02129319266595,1985.0004247825887,165524.72938592557,22.168153336516045,0.22771343486677723,81.39149331086307,1604053.0,,55,26
166.8831981677014,1517.9575056539088,118330.44726980994,17.26864096367584,0.19177375365262062,87.78349540333923,1527963.0,,55,147
457.033347852657,1197.4938368721475,131093.99704806635,17.94846560927825,0.08235413589890785,89.91416276749794,1510922.0,,55,103
476.6045302988953,2460.191098006178,215479.50413904525,26.75714851877171,0.2766740373845581,72.44269038139645,1714704.0,,55,132
613.756971851151,1349.148796110703,136913.27575305663,18.588739427934975,0.031670072594144595,79.6869594195361,1602338.0,,55,138
658.6725687143735,262.26267801074954,196386.59388881896,25.84669148359832,0.07440018506489357,68.18135565307901,1709057.0,,55,30
883.7626693844195,920.2331969705608,179374.9195199029,22.449557650228154,0.027449078926981632,76.70402510971388,1652742.0,,55,38
350.1382404841339,2173.933040071367,152379.79014948476,20.246946576003694,0.28583360672134234,88.63576234900272,1535927.0,,55,29
1167.7515454308457,1845.9744874454948,115301.8609725783,17.44917200261663,0.04443056926574405,80.705826214026,1580471.0,,56,1
1203.6624253548787,1465.4343730156802,118669.2703949166,17.65611423655994,0.03600114531811551,77.41171085835147,1616107.0,,56,3
1203.4948641264348,690.7887236968237,114689.15551642285,16.40673203264121,0.14961700813268186,92.64699437834618,1477143.0,,56,21
1312.1495971445133,322.45395332477904,126435.55911033876,18.156093158393332,0.2617236252712342,93.88228763672413,1483868.0,,56,5
1413.6711396449348,1535.902941797028,136611.08144401739,28.95298548471578,0.08444810227267119,38.705855429175735,1976353.0,,56,140
1494.4569326533929,863.7032340823833,169807.117176408,22.808636958736038,0.13881915302584938,68.76465804970583,1714787.0,,56,141
1570.960210757028,1071.731191238281,123241.9142730123,18.02930975709659,0.11719172215681195,76.99994643889217,1617315.0,,56,11
1677.0128650061447,828.078843058176,95155.46322169233,17.253938222716236,0.20807080971394984,92.64699437834618,1451040.0,,56,143
1805.28566620138,307.26990585370197,83187.11860568785,17.25808034671356,0.35953691979579694,104.99992696212567,1348089.0,,56,142
1862.8533096349863,1101.3808326216435,148500.3672914857,19.77304879351546,0.1695677269541643,76.99994643889217,1628917.0,,56,110
2065.741152893937,2107.0682169748875,112597.39226556952,18.905349658337016,0.3262695466498557,85.6469992475378,1533745.0,,56,17
1349.8984354461438,934.9295242974338,183254.51958711038,23.81781367396035,0.0929362000528802,62.588191757816084,1783354.0,,56,7
1066.5225678225922,54.2777763845088,131350.37922100516,20.041146145497308,0.3852933093335845,104.58816254266635,1381460.0,,56,145
953.3779845476448,1667.333311871729,198256.33268127166,25.211383444715555,0.06469299792618632,70.82348014700241,1718485.0,,56,133
883.3910303896344,2344.0494615077782,187877.39872438012,25.21389394016261,0.2713761092429032,77.82347527781079,1646056.0,,56,60
50.5008091092344,796.6947996484024,132571.26072470204,18.854040002985226,0.20103041409964315,97.9999318313173,1436309.0,,56,126
89.31994253876846,2369.0291617853363,195773.80499635142,28.258713783743353,0.08843197918878905,84.82347040861917,1600005.0,,56,129
167.5918255651443,1518.004222089739,126393.97090397337,18.05878882762926,0.1862489111869402,90.99993670050891,1494665.0,,56,147
201.34195459469018,1986.5928185629757,167642.88338772985,22.16194642378847,0.20540707962823343,79.88229737510737,1611027.0,,56,97
267.55027589707043,1208.262250153876,190661.33796434454,25.091446774606016,0.16134687303268003,70.4117157275431,1726181.0,,56,80
349.01699138781,2175.3022478071734,144917.6050777702,19.95329259337056,0.2507578161203486,88.11758576429371,1535318.0,,56,29
359.89477922887863,1983.369360410728,167702.177464132,21.002857752824017,0.1886346316037032,82.76464831132259,1609572.0,,56,26
942.8975977104724,1547.7556364451655,124885.6778354939,18.0906990327826,0.025495687443005753,83.58817715024122,1570656.0,,56,41
459.02140057556267,1191.5339787333455,138360.66846230003,18.64885099444524,0.007619302148406887,89.76464344213096,1508875.0,,56,103
484.02081488727447,2457.5630381577266,212995.0283113984,26.697243334983238,0.3098203612151035,73.70583108321763,1698161.0,,56,132
613.5369940317224,1347.055279138896,141847.901330701,19.02244150499464,0.022687619633982442,80.29406179456669,1599021.0,,56,138
655.635920152638,267.77092280319954,191857.1018384544,27.142614373860656,0.019617957185495156,64.64701385511268,1711526.0,,56,30
632.3297585191102,2031.668909301933,153618.18726094553,20.06007514420639,0.1649195719328909,77.82347527781079,1635173.0,,56,52
887.9724998785534,915.4290069837539,178001.2291236484,23.02912219325367,0.045017278318390606,72.47053782483968,1686625.0,,56,38
450.0059231415138,40.69067213523991,199585.91999170577,24.231246403985345,0.08832289194755406,93.88228763672413,1495915.0,,56,151
1169.5663621062756,1847.7350461992924,120989.7167401528,17.718723190824722,0.07131656014901944,79.79262052728794,1597613.0,,57,1
1203.6915664693333,1464.2805855009397,117655.88131374706,17.538972607869407,0.038172307473229805,76.8835145705639,1623039.0,,57,3
1207.6289944529601,688.662506959576,120921.5605434524,16.60487792643874,0.10400423047739359,91.84463091943039,1491193.0,,57,21
1314.857193793455,321.32251264359905,132874.245746501,19.732198954963046,0.2821734764497624,92.67580404992297,1498103.0,,57,5
1366.112355906202,929.3116699539777,189632.14972188274,23.48747027961665,0.08451139236409479,66.90943700465291,1758070.0,,57,7
1572.3578501072877,1072.285595641271,128602.43144233437,18.27758734607504,0.12552000723218956,78.96144739679536,1613796.0,,57,11
1487.689354892595,864.4080636609912,171663.43340032885,22.015136660840888,0.13519872634207747,70.64971609186954,1711927.0,,57,141
1673.5510744930352,818.8228498961479,102243.85354158834,17.009087108847087,0.16081169291985084,89.76669809319894,1494905.0,,57,143
1802.5602169964063,304.2695869367768,84191.1887338547,17.005959445904523,0.3425379347317499,104.72781444206542,1359117.0,,57,142
1866.286336076635,1102.1110915010142,153056.7917011219,19.954342031310038,0.16063817468017777,78.96144739679536,1616698.0,,57,110
1411.4054277226992,1519.1218164166582,157529.7499028677,31.11880161506715,0.04654477780373529,37.818377437412515,1988567.0,,57,140
1060.995587876638,67.14829760030744,112465.20511382088,18.442076278057694,0.38431544953932617,105.9745741378043,1365000.0,,57,145
2065.717027415893,2106.578041340053,105716.0792942211,18.97988303100795,0.33213064363012423,85.61083244073602,1531503.0,,57,17
943.7270909664269,1547.1090030136834,127833.18071006348,17.77633991324579,0.029660750497872163,87.68876526696748,1531929.0,,57,41
54.4499390231712,796.6186082621937,124723.34644232548,17.904209009817546,0.2420557935384374,97.66284283287847,1422685.0,,57,126
80.64296087114829,2365.2378849589745,196318.1063835651,27.203952294644463,0.2974949397974147,81.8705533535194,1622081.0,,57,129
168.18012790366123,1518.7295359696645,112227.90518506525,16.65343654485059,0.19742291519622812,87.68876526696748,1514288.0,,57,147
200.62108178251222,1982.0242227551591,162372.58014768275,22.44563385213087,0.10005164129632742,75.63675487482503,1644091.0,,57,97
268.24808072132134,1207.7056546170054,195474.88124268036,24.632750371728804,0.1804111782871323,73.14323548334728,1704847.0,,57,80
349.53544263026185,2173.699145765026,150961.40423915008,20.47999479996782,0.24608000354107978,90.59787122369151,1519536.0,,57,29
361.98702769274615,1983.074589494416,163321.7798627053,20.693319589342554,0.18521501186254444,81.8705533535194,1610381.0,,57,26
947.6771122055841,1671.2210643293565,192219.59167710616,22.18949487430374,0.03765806217129402,71.89647578760841,1708632.0,,57,133
461.66990433699107,50.647948068652276,206787.56313524966,24.21961835330586,0.1872202317646137,91.01345778893781,1537207.0,,57,151
480.8375538235572,2453.1673186776534,206833.693243992,26.3895818747775,0.2740015341299312,73.14323548334728,1704739.0,,57,132
618.1999624152876,1351.4951521593591,141533.82300653798,18.610744056623627,0.02957996710452757,80.20820709253424,1602027.0,,57,138
629.1939779453028,2035.8663200059711,150333.0373524977,22.44326401832543,0.12232343173961313,72.3120623528547,1711445.0,,57,52
654.929823968914,259.89293710280765,209196.7184539824,26.173049941095865,0.08727992872643478,68.98736983088436,1712916.0,,57,30
887.6889103006775,914.9594733944269,178133.70063464835,22.466195616993897,0.029197668099846138,75.63675487482503,1652036.0,,57,38
882.4797984474424,2343.507294436848,192996.32296755147,23.10479529882629,0.22689233347217952,81.8705533535194,1615493.0,,57,60
460.3277184737467,1196.0953971136146,132290.34662232996,17.763397607357767,0.09134184707304416,87.68876526696748,1527699.0,,57,103
1072.752213662433,87.89703393840738,108759.83421873183,18.549412154049865,0.31268177387510887,104.16701579504137,1366417.0,,58,145
1168.076888034882,1877.0792719475812,120206.67759080195,18.734245142879768,0.11934169552788029,79.87510302070366,1597410.0,,58,1
1203.499106546754,1465.2545327206797,125805.75762161921,18.278692558750112,0.01921682972419053,77.81646634491233,1616283.0,,58,3
1207.2809050293706,696.7118383371686,137589.80568118396,17.911800765766458,0.16892733057221276,90.99174106997685,1493482.0,,58,21
1316.2377513010217,321.88989885825305,135842.43487077227,19.51580572076297,0.3276193180194568,95.52074175671778,1469279.0,,58,5
1368.952066484275,932.8607213612466,192027.98220847477,25.480454875221607,0.10483315942812658,64.6411916198478,1774148.0,,58,7
1409.7532102831906,1518.5577850974298,144123.91849014565,31.080583551900116,0.10886111192632125,38.290642169718765,1990016.0,,58,140
1482.9180500504917,868.7428884665036,190404.54132594573,24.02504195903227,0.0946642762013639,64.6411916198478,1773260.0,,58,141
1571.8325160419186,1072.1656062473817,136605.7773501557,18.563698715814787,0.11626038881706469,81.933739696495,1580085.0,,58,11
1654.5984630163305,828.2270885299365,102008.74110414174,16.53624065447418,0.18506941727362874,91.81519574029338,1466647.0,,58,143
1804.680579743295,303.75531942545524,79200.28191837926,16.412140234174007,0.31039265202487787,104.9904704653579,1352749.0,,58,142
1864.433753643074,1106.8006650174768,164438.95693418966,21.08569367868186,0.12510454421795325,75.34610233396273,1653671.0,,58,110
950.941132273697,1665.6210756104965,191246.93545367953,23.307668494532987,0.04687593283557422,67.93501030111393,1747524.0,,58,133
2066.8573965826536,2106.1773689072124,115445.46268703176,19.453680320969568,0.3084785000409151,84.40410370744459,1547597.0,,58,17
936.0969056049216,1539.2073939869827,114308.27178732463,17.48653638659515,0.06254967896600093,89.75655906450204,1508735.0,,58,41
885.250492037134,2344.38521325324,184719.41028208038,22.034525485884437,0.18240973123712564,80.28683035586192,1625358.0,,58,60
888.2671991389171,919.0207682191979,182844.8157251048,22.01661804309995,0.06877382941255487,77.81646634491233,1646770.0,,58,38
43.14748360426647,1879.5345659111738,126689.32448286885,25.66671378310462,0.3187257220539599,75.757829669121,1647301.0,,58,154
53.47282302050028,795.4947473064833,122592.6374980441,18.809201566512122,0.22797994137092714,95.93246909187604,1456934.0,,58,126
75.8345055219972,2364.0731901689487,204074.30058053532,26.292184518963907,0.3328475244984468,77.81646634491233,1654652.0,,58,129
190.7997100081104,1977.6643291720889,157880.55221245362,22.919389503544505,0.0781158701068106,72.0522836526966,1657575.0,,58,97
268.92078509500425,1208.2065978991113,182690.41797442044,23.500803917775695,0.18121368969085885,70.8171016472218,1730209.0,,58,80
351.21948287049406,2174.4680938074234,151019.11617204113,20.161694921403363,0.2815667257134264,88.93310439418552,1539771.0,,58,29
169.9671376044487,1520.371901157727,112984.98013212596,16.89480266830312,0.19940219281156413,88.93310439418552,1509426.0,,58,147
470.16965459919726,62.9989997247444,228857.40406571684,22.302494875903996,0.11883330540331444,89.75655906450204,1557695.0,,58,151
459.7198268311604,1194.4020826555893,131624.28832207582,17.32888245929627,0.11195534703703933,92.63865041060991,1489560.0,,58,103
479.6344722203553,2451.6857735325398,208282.1539458528,24.7399406693615,0.2756355683343312,75.757829669121,1680105.0,,58,132
620.655161571137,1362.6620151337377,141416.39953414488,18.70713722801739,0.05833602726249152,78.63992101522886,1617863.0,,58,138
631.2087467109974,2036.2520337759856,146620.63305054535,21.98689516385859,0.14205205527926432,73.2874656581714,1696647.0,,58,52
646.6363916630077,250.74198360129918,132215.11704802795,27.954492903905628,0.07242627074229668,55.583190246365945,1638347.0,,58,30
355.74022184729506,1976.2777925632568,168627.4591147547,21.727254510169733,0.19393511753772572,79.87510302070366,1617756.0,,58,26
1173.1926490186079,1887.7215511426268,123944.79192102586,17.196797373844916,0.038429897235611445,82.79163804467926,1562359.0,,59,1
1204.4361862007133,1465.3736269406659,126460.76046830481,17.718938556101303,0.003652134708547181,78.71323222967042,1605802.0,,59,3
1211.66901354164,712.3781573605365,126975.45528215892,18.20024242753937,0.1404262564968749,89.72492793019427,1503345.0,,59,21
1302.4779669126272,315.9761053704852,175598.6172492757,21.549238808165633,0.2610784339530744,86.87004385968808,1559536.0,,59,5
1373.4101193436102,940.903144313419,183717.49970521376,23.523563593767676,0.03353741986142447,64.43881187713951,1763844.0,,59,7
2066.7981119518677,2105.6599166766046,106018.56700173605,19.0537646443112,0.36756184316986884,84.42300037068279,1535967.0,,59,17
1429.6246573064075,1526.9709406921786,147126.45057353604,32.19815629016745,0.08464436783383819,38.74485524258389,1966215.0,,59,140
1475.3827072600843,873.7337533349984,174723.39136137482,23.685646800525106,0.06513939389828462,60.76824664363157,1788855.0,,59,141
1572.8862493926972,1071.8586262412,128435.93240451359,18.65814452467388,0.1192824620266144,74.63482641466159,1640614.0,,59,11
1665.6592595854383,849.9500492382089,101881.02430240958,16.59077360838504,0.1714300040800952,88.9092467671925,1506049.0,,59,143
1806.6775536040032,305.1019099073954,81828.31859117417,16.542022041052622,0.3307072668921602,103.99934828272518,1365962.0,,59,142
1864.131357392803,1108.747425184102,156178.47227994815,21.565641589436808,0.16827002815822495,70.96426118115365,1681910.0,,59,110
1071.0685554401957,94.05923944603798,115881.7836247534,20.11286427144607,0.37231906656247243,102.36798595672164,1378711.0,,59,145
956.5698220369686,1525.46604869373,111446.10946034979,16.120868605790285,0.01660260961333137,91.76413083769869,1481016.0,,59,41
884.0644787431313,2343.3473401269116,191786.21776962726,22.79072672225118,0.22078894820396233,79.93675397417307,1629386.0,,59,60
68.17586018793091,2365.8827113402485,198873.6713949496,25.164804861292673,0.3252163502259567,81.56811630017661,1610926.0,,59,129
67.73709615585683,1882.0230509183425,117021.69805004838,18.968117598757726,0.293823112219415,82.79163804467926,1578349.0,,59,154
169.728318917712,1520.5296725097824,111421.63902545975,17.215125627425632,0.1841788049942534,85.64652211518543,1530901.0,,59,147
182.17916554459325,1980.1216429603153,133272.51386053255,23.870565926855868,0.01353601422764043,62.3996089696351,1655854.0,,59,97
950.3696642469021,1665.9942584411895,189445.21283181218,22.270024231331263,0.018276853432639576,70.96426118115365,1717770.0,,59,133
266.9045505572345,1208.3096998994042,195820.1689612525,26.179340624467173,0.19947315266039814,69.740739436651,1736954.0,,59,80
354.3764563130263,1975.4994972396523,168730.17401621933,21.752760269766984,0.20220545677656795,79.93675397417307,1621597.0,,59,26
349.7658914857312,2173.789216052302,147472.2993866488,19.845620430666184,0.2650654201000285,89.72492793019427,1521777.0,,59,29
54.49718538704126,796.4543233094731,127512.98916857709,19.166793170864235,0.29242867218219526,100.73662363071811,1415834.0,,59,126
481.56274452259663,2463.428519230433,209843.35951557884,26.690420577778998,0.3093424507041533,77.89755106666865,1652786.0,,59,132
480.8467347722389,75.14186794361538,220930.50572368034,24.824752866988863,0.2862921579789917,90.94844967469692,1545306.0,,59,151
624.0738339277676,1363.103578725025,141336.33783796802,18.597765068481635,0.008907570829863157,78.71323222967042,1617525.0,,59,138
630.3218375319951,2034.9098612420853,151370.03182405274,22.579619362641335,0.16319732475289722,72.1877829256563,1717926.0,,59,52
652.3031125943766,266.0082468922294,114139.48866058163,29.5244214731318,0.16806246292604035,54.24279733961745,1595117.0,,59,30
888.7645471470508,914.6985652160776,175468.92394435842,24.168555370639634,0.008526215588670867,71.77994234415542,1681822.0,,59,38
442.38799885769157,1178.5650033108113,129959.62481700088,17.09162978352462,0.09598688282276335,91.76413083769869,1493107.0,,59,103
1179.9324605270551,1902.019013035905,119483.60131973079,17.897203825157412,0.1040702517139314,82.66234990443252,1574384.0,,60,1
1204.3849222234423,1465.2481162521299,118447.59450798438,18.556395910265532,0.018427824535314073,79.72510904488415,1592105.0,,60,3
1218.6850653353058,735.5026230002192,122538.33181366109,17.342895012766583,0.15230240551214408,90.63486080892093,1489475.0,,60,21
1292.357551879757,317.2892197533943,174984.86539008253,22.287763825959004,0.2729915778098856,85.59959076398087,1570203.0,,60,5
1370.4949996034293,948.55219231518,174584.14181567272,22.126052850417153,0.07005634280930569,65.87811642129901,1756957.0,,60,7
1573.9556814428222,1072.0849243575344,127031.47111709593,18.38809583512026,0.08055409603688293,78.88589737072748,1605133.0,,60,11
1469.3455972629995,878.5183582850071,172932.15363509528,22.66229271982965,0.06170981491623921,63.780087235907324,1754393.0,,60,141
1668.1413394686883,847.8647958862948,100125.08602612169,16.483087834103905,0.18476520082026482,90.63486080892093,1480283.0,,60,143
1807.2625796528237,306.9655249761957,91662.0558980887,18.366142039228393,0.2758846378393853,106.9994884549761,1338305.0,,60,142
2066.061876844913,2106.7364238707914,112156.02458683179,19.733338305259878,0.3514156944059606,86.8584082752159,1529745.0,,60,17
1072.4238675184806,101.23562177915886,108700.99012432876,17.601103539407546,0.2949121895967539,103.6426417583494,1378973.0,,60,145
1434.6620867190238,1535.0312364288966,160392.65279984626,31.64704630672897,0.15117727376740908,40.28216035952041,1989037.0,,60,140
957.6436834752528,1528.5445316657797,126150.29885923142,18.258242377492802,0.019431373740724386,84.7603790898242,1553258.0,,60,41
1862.6253195664337,1115.647343215019,156745.01925812426,21.483156387216066,0.10521574569064288,71.75259814039573,1683783.0,,60,110
883.8296841438874,2344.185868999977,185587.46568137794,22.445449483955475,0.23619358567933418,80.98392655611916,1627303.0,,60,60
951.9539218002813,1665.5252905766527,186462.34385168628,22.540079783010363,0.013830297856825085,69.65456895500405,1725934.0,,60,133
66.80985772918852,2366.4324673771007,182387.55156781856,25.068245154666265,0.37654334860584954,81.82313823027584,1604733.0,,60,129
83.37924173637754,1870.5160802160394,114515.88781456035,17.53438239879431,0.2941162466225761,89.79564913476425,1510173.0,,60,154
169.92357822093823,1521.569236225534,113579.74719203859,16.49929463974911,0.22555551915338962,91.89367832015594,1489750.0,,60,147
183.8058388193279,1972.490999203993,156032.94815260233,22.2263268035842,0.039069882853736394,73.01141565163074,1627487.0,,60,97
267.35057280030423,1209.384794079169,203026.70387619073,25.525924528574816,0.22303271171499817,71.75259814039573,1721195.0,,60,80
354.38724877642403,1975.82881533233,177296.89355238416,21.42685902097766,0.2014679227417999,82.66234990443252,1608900.0,,60,26
350.7963064280211,2174.835785107357,150321.273498292,20.66854659224049,0.22056082257954848,90.63486080892093,1510329.0,,60,29
55.859113724682054,796.5808150317946,114025.36859101578,16.730164285527067,0.2335029903195556,97.76816003925266,1412985.0,,60,126
428.07519318175173,1177.1759372459096,143465.7533321061,17.931207127084694,0.12946483703916317,89.37604329768591,1518200.0,,60,103
652.873616212577,280.984668615403,147710.90558582766,27.915498285510512,0.10739040346623399,62.10166388759397,1647167.0,,60,30
887.852680862467,916.7441646463395,165980.54373221847,22.86670666031016,0.04900779689813031,72.5918098145524,1668748.0,,60,38
629.3902633878417,1376.9434589938835,134458.49443338253,18.963862314897504,0.015716642893637646,79.30550320780581,1615544.0,,60,138
490.33322190067196,84.95069797067276,212126.27605907156,26.968643975719946,0.4254505127868229,92.31328415723428,1548425.0,,60,151
483.85930200216865,2462.7238986460065,208192.47133646216,27.793370337780384,0.3538642946463631,77.62707985949247,1661706.0,,60,132
631.2439242968201,2034.9348329419968,154044.85569652516,21.10858765078768,0.14313450270118017,75.94865651117911,1676450.0,,60,52
1073.8607237594606,118.27039984424813,115054.68242434207,18.760109204045126,0.329996577254771,97.59990026157784,1435229.0,,61,145
1371.0067311890555,953.5970018920099,186891.00901400202,22.948830384043905,0.056848151650956996,65.59993296269987,1772970.0,,61,7
1180.452514132404,1915.9057938731532,121210.67613346373,17.307847934432555,0.07224501134273696,81.99991620337482,1567625.0,,61,1
1200.900692917694,1462.1871344834144,119898.67747420973,17.91033475986013,0.03662699139578149,76.79992151730715,1626029.0,,61,3
1214.4895799935878,747.2944163138053,144721.45210754062,19.105534994455176,0.1480897919891845,80.7999174296669,1589936.0,,61,21
1288.968830086702,315.50070937957435,177619.8184883346,21.88012066274297,0.2557760479819891,83.9999141595547,1581623.0,,61,5
1441.8618061245315,1534.9612314135877,135233.06180383207,32.16628179729876,0.1910477210392552,41.1999578973054,1930485.0,,61,140
1470.4333843896966,876.7812745394141,185415.81052152373,24.9381223704113,0.010105231358810814,59.59993909416024,1811662.0,,61,141
1575.3211765736855,1072.3181396501343,132370.66472894742,18.02459042595725,0.11917107319966601,79.99991824719496,1597823.0,,61,11
1670.750212646414,843.9311259725159,102517.49523623292,17.611603888896774,0.16640590022632104,92.79990516674614,1466659.0,,61,143
1800.7711807530138,305.0932019734719,78075.52021375867,18.08338666983761,0.3753475189775525,101.99989576517356,1372307.0,,61,142
1863.3621254323407,1114.8385341740382,156820.63974324637,20.97438992923986,0.15728424691570156,73.59992478741935,1675402.0,,61,110
2069.2092371371687,2105.4559250610023,106881.4907766174,18.079486271323432,0.29584608372555093,82.79991538584677,1554605.0,,61,17
952.0032674232358,1665.1961904233788,187548.20834240274,24.51554093565167,0.06327504857167325,66.39993214517182,1763255.0,,61,133
897.8016631725118,918.9095477500582,176866.61925803724,22.472908210642156,0.03179330588190715,74.3999239698913,1676799.0,,61,38
884.3875824880915,2343.364473074782,188269.40760540118,22.70429812184971,0.21897622009926193,78.39991988225106,1642827.0,,61,60
956.8610973268031,1529.9566641906283,129777.06737937336,19.116508095291625,0.004034701470838315,80.39991783843092,1594476.0,,61,41
61.41897242676301,2358.130901507343,183554.61242350275,26.827728280408472,0.4114480391618227,76.79992151730715,1641110.0,,61,129
97.70711114979545,1845.0605941915455,137867.85911130343,19.09582894933474,0.26390084542847053,84.79991334202666,1556772.0,,61,154
169.91195604817568,1521.86731747661,108336.68928953388,16.34961558491682,0.17807415795255946,86.79991129820652,1535183.0,,61,147
197.2284871415516,1658.7051442724164,134370.6626851273,27.095035308311218,0.30723398672098434,73.99992437865534,1683423.0,,61,156
266.63340174343347,1209.0172356584574,195292.60042832245,26.408147706412837,0.24648538270247244,68.79992969258765,1752116.0,,61,80
354.07617794180584,1975.8825670595056,173845.42234543193,22.425633059452878,0.22241437759223864,80.39991783843092,1623452.0,,61,26
188.88808015048227,1976.1467789058017,149917.84679728717,22.912073931563,0.04121140991897713,70.39992805753155,1665194.0,,61,97
397.56772722497885,1179.1672186760427,129466.267696983,17.802894408389623,0.08059800644570313,89.59990843685834,1519341.0,,61,103
478.6307219273099,2464.226250915635,221157.77399641427,27.01138088259869,0.2962296903318449,72.7999256049474,1711866.0,,61,132
502.4460682369538,99.95256877372883,219458.57573284386,26.09020979080411,0.30428526760946206,83.59991456831872,1620255.0,,61,151
617.8471493592046,1380.1640376092946,133583.86348916613,18.359299113413908,0.033612741119070234,78.79991947348702,1613734.0,,61,138
632.8374923887433,2032.0365181478835,151091.84559756474,20.606234002889874,0.18226566890669946,75.9999223348352,1654654.0,,61,52
666.326983473864,297.55410292429997,124433.07284046074,29.788386573567248,0.054868047218376854,53.599945225620615,1635418.0,,61,30
351.51574924804464,2173.9842663438667,141098.65580971638,19.96443646991017,0.23557872277664432,88.79990925438639,1518652.0,,61,29
1179.9793450371371,1919.797653612424,121963.87904481217,17.52201036982929,0.07627148308915001,81.52885905088728,1579365.0,,62,1
1197.326227059401,1462.2517118268786,116601.50363360155,17.47605034747859,0.017794651555702524,79.88181139329359,1595752.0,,62,3
1224.6007822083677,751.0558629547849,142656.9740529048,19.575461930415592,0.1175517707137031,80.70533522209044,1582776.0,,62,21
1291.4712717492312,322.00940861230526,163503.65625506805,20.423295817654264,0.2175502978169565,88.117049681262,1539459.0,,62,5
1090.1243091475603,123.640822205875,106911.09874014911,17.05589166514881,0.2598082617943186,99.64638328441778,1408352.0,,62,145
1381.1587438563065,962.2741950987156,192771.69313050777,23.355013580084222,0.06355808304977686,65.8819063037473,1763928.0,,62,7
1469.0500602473169,874.2125821528823,183507.05005654332,23.726210149652356,0.09013214785140983,62.99957290295835,1783751.0,,62,141
1575.0182435716986,1072.2924626915465,129598.3566996733,17.697999328026977,0.11460244445026933,80.70533522209044,1590521.0,,62,11
1668.9695297079438,842.8328979871642,104513.82087452151,17.9226815817144,0.20182027322155133,90.58762116765253,1493241.0,,62,143
1798.7713486925284,305.98391244400125,86306.53254365215,16.43772445695356,0.29309432834856075,104.99928817159724,1355108.0,,62,142
1860.7642028161645,1116.3142704785669,163700.89021206487,21.56206538425423,0.155346859788715,72.88185884852044,1677059.0,,62,110
951.975033012281,1664.627195369421,195202.32371120166,23.62453965145815,0.03872996876071876,67.9407158757394,1750479.0,,62,133
2066.6362459268416,2105.9916756963976,105261.58051106904,18.738178389628903,0.33693023756993945,84.82295436607464,1550917.0,,62,17
884.9285390209534,2343.352966325369,188770.60260829833,21.9584719789933,0.18124161609047065,79.88181139329359,1628747.0,,62,60
61.90000398893735,2359.154859412119,185806.7403484585,27.418969861292037,0.41191415448681823,81.9406209652857,1589166.0,,62,129
104.31248566134298,1816.5757022265361,139994.933276319,18.65350468035183,0.2781523185292579,89.76409733885569,1507193.0,,62,154
167.6059657719865,1522.0866911682815,110916.30688150255,16.2760761392329,0.2100215050823969,89.76409733885569,1496685.0,,62,147
192.7923546730748,1964.4491621515408,127826.54518201688,23.385015451788227,0.055714211066705946,64.23485864615361,1633349.0,,62,97
197.29149561232026,1661.2970698118945,151653.56012059588,28.859641398814837,0.36053917045913647,75.35243033491096,1678156.0,,62,156
266.33556915210323,1207.6116419076236,192944.6331345551,26.153294069340966,0.24606570496370284,70.41128736212993,1742028.0,,62,80
351.5415600422112,2174.8891096712523,153345.489826859,19.837644256608638,0.24046675076858623,91.82290691084779,1503670.0,,62,29
354.2599732320702,1977.2989125831052,170132.19955305383,21.088962335473425,0.20479393704818968,79.88181139329359,1620558.0,,62,26
956.7436187235297,1529.6004035614142,134070.09109004014,18.883255099835658,0.009191662047883966,85.64647819487148,1548890.0,,62,41
480.597665071036,2463.4891052636626,214616.4862131728,28.766686410800887,0.3166908855537084,76.58771607810623,1670935.0,,62,132
501.20307448883557,112.18147434386029,211312.50861203985,27.421355994354784,0.4046743326957507,89.35233542445727,1545992.0,,62,151
616.5042153038146,1380.1058334218794,135632.31579326774,18.54358314300008,0.027667532242855536,79.88181139329359,1609375.0,,62,138
631.7276055131084,2032.814618421696,143191.44101779396,20.898685372050082,0.18092300335956596,72.88185884852044,1706886.0,,62,52
683.0455158059178,328.75585088731214,182396.93993532518,27.200999704221054,0.1016958780820315,62.17604907416151,1714446.0,,62,30
882.9312291773648,911.4107420610409,165984.11002740412,23.15103940787856,0.019947705369555566,73.29362076291886,1664863.0,,62,38
1179.0919969038705,1919.5023204361157,124988.21503483465,16.95885281641865,0.07213499928327362,84.70371125970038,1551884.0,,63,1
1191.107401236963,1461.3735406023102,127354.10595031393,18.163924389239618,0.011357543196194636,77.64506865472535,1621928.0,,63,3
1300.970037602259,313.29283637163957,177338.84552176742,21.434583285236755,0.26310780700832576,85.94935407234304,1569015.0,,63,5
1385.2036639855094,971.6323236147653,193011.93860470815,24.811825121573353,0.14226606504724484,64.77342625741794,1777475.0,,63,7
1435.6366766286221,1538.9046357233274,158106.12049456485,30.89469155145136,0.17792172927698288,40.690998546326654,1991826.0,,63,140
1573.6392441152834,1072.2248246839642,124517.36205165573,17.400010528866904,0.11498257658418434,80.96678282177243,1588577.0,,63,11
1670.0637304791778,843.3452098905499,99545.1301580667,15.654425176163528,0.18950469090329103,91.76235386467542,1467154.0,,63,143
1789.4839255334662,304.9755407573033,85422.03194832431,19.22022860363396,0.343312328755396,105.87963907462547,1340596.0,,63,142
1858.9005925254,1115.2947710785515,171194.0895270012,22.492536949547056,0.13773087219132438,71.83206886239297,1685925.0,,63,110
2067.6485010839497,2105.567234067402,113767.87979282052,19.0806673229232,0.34740454982772184,87.61021115586657,1530355.0,,63,17
1465.2174684976276,878.5279469925166,184987.0923913933,23.730620086118925,0.05339712996289585,64.77342625741794,1767021.0,,63,141
1090.2507614461565,131.16615224030303,101834.20643343302,16.903260270789207,0.234771683894451,103.80356772022105,1376485.0,,63,145
1227.8051824368565,761.4361619809131,125563.28680000467,17.230740783299034,0.13823544753195624,88.85585396850922,1504610.0,,63,21
956.8481799416795,1531.016087284165,126727.54761555468,18.69864330618902,0.019553091263840854,83.87328271793861,1559505.0,,63,41
950.7223605387262,1666.8753770658961,195457.96587446745,23.988796890604092,0.048126278754611715,67.26471188270324,1750079.0,,63,133
46.27266206607429,794.2561385811092,126774.46682816421,19.272962509896125,0.21454546029281535,96.74492511524602,1445201.0,,63,126
59.293618757246534,2358.1748593635934,193381.894520063,26.245775854487068,0.3271633844392161,81.79721136353419,1606477.0,,63,129
98.16640947072561,1785.3927397863636,131034.56524740209,19.18561645151494,0.24801795673093793,84.70371125970038,1554333.0,,63,154
168.01481809288674,1950.5475473983324,89134.04752999941,26.922955020898872,0.24784318406212652,55.2234980271576,1565222.0,,63,97
199.52701347583005,1662.6517324431868,181358.11966389438,29.156838866847348,0.30316830400293737,71.41685459151209,1713351.0,,63,156
345.2600847491452,1170.4172664741961,124835.0009688796,17.063704380479226,0.08346417342131965,94.6688537608416,1476983.0,,63,103
350.8521537250787,2173.4741421825815,158279.68005979306,20.197233273378448,0.2685576185337382,93.83842521907984,1498400.0,,63,29
165.88901051116343,1522.9925477200823,110764.2197572682,16.730831537486814,0.23547564274128036,89.686282510271,1498111.0,,63,147
355.3364402699725,1977.0941015266962,179390.83444846075,21.267770511084407,0.20813482432710353,85.11892553058127,1578616.0,,63,26
889.965788208536,915.53412515771,170142.76699313082,23.94313118256996,0.04339897030251351,71.83206886239297,1683754.0,,63,38
687.6419464931163,329.0842957750029,164729.61854365672,26.95501950789535,0.1310762261631528,65.60385479917971,1649995.0,,63,30
629.4700151564667,2036.2510106455522,161357.66344983305,24.696273127542177,0.11504627550713302,73.49292594591651,1712026.0,,63,52
886.2091743957402,2344.658799832948,190888.94803769418,23.22780554360479,0.23083704426743298,78.890711467368,1658570.0,,63,60
504.91536958663517,130.0199678273438,223786.78993385754,26.4988580022315,0.38087680650564665,87.61021115586657,1567797.0,,63,151
475.1660240278111,2462.8641121074647,223230.40281087713,26.630155839507523,0.2938300138131441,74.73856875855915,1700698.0,,63,132
614.5100630577996,1376.0828586969974,144269.93534600115,18.171133150705256,0.03553088043385213,83.87328271793861,1572993.0,,63,138
1177.2606300489208,1921.57158717627,114602.19310540664,16.79217768468074,0.09404887593348364,82.80388541895772,1564198.0,,64,1
1191.8732949986627,1462.5854580844552,108738.87017495985,17.10594739997249,0.016773496957911298,79.97643567294453,1580896.0,,64,3
1227.599980084357,765.424238760109,113577.0406117807,17.407938145710272,0.15418616071416757,89.6705490878469,1508196.0,,64,21
1306.9994950615915,317.3946426589724,145589.42663614205,19.344691884209347,0.27199742423977724,90.8823132647097,1504722.0,,64,5
1092.0024804069608,132.30669579331683,92821.53986908245,16.565231789339183,0.33268111061517247,101.78819085647486,1378965.0,,64,145
1462.3079783755607,879.4505083791212,173564.61834458885,22.770389773388743,0.08052638219430164,64.62742276601578,1758259.0,,64,141
1574.309451970737,1073.2536984106293,127044.18375204153,17.989945767349973,0.12083206976756561,79.97643567294453,1600493.0,,64,11
1670.1312385464992,843.4775139918443,97863.69060900854,16.659320677792063,0.18194572973554543,88.8627063032717,1506183.0,,64,143
1785.2095733763379,304.0570035813768,77144.13887022389,16.277231131043163,0.33771542756250383,102.59603364105006,1366239.0,,64,142
1865.7488539238539,1109.3199762043512,166350.9861997246,21.83871771851467,0.16350022544863482,73.91761478863054,1670728.0,,64,110
1393.392680972424,990.2048349783088,187517.27499837935,24.249978809256458,0.06837990159509559,60.588208843139796,1817577.0,,64,7
2066.218439567599,2106.916137149105,107874.0744740721,18.56254766394193,0.3051213352762243,83.61172820353292,1550374.0,,64,17
957.1917073994082,1530.0698467484422,117261.2076308359,17.08579710531364,0.04487874500915204,86.8430993418337,1522007.0,,64,41
885.5527731278479,2345.1889987552495,178799.43958863613,21.44137841821541,0.2035284567531643,79.97643567294453,1632003.0,,64,60
48.34759815190371,798.8426764509587,125279.04726774473,18.092026628741376,0.20773510543052842,94.92152718758568,1458829.0,,64,126
58.34566955551603,2360.8897460669073,199850.6107904889,24.726651520628003,0.3026967146149589,77.55290731921893,1651716.0,,64,129
89.79215747945769,1759.3196646696445,133560.24365242507,18.79956558202617,0.2402556466727214,85.6313351649709,1537379.0,,64,154
165.59460980203022,1520.3315381317655,105525.27157791972,16.43094175861064,0.23436007639657552,89.6705490878469,1508948.0,,64,147
197.27420230806646,1662.25014886178,185189.47601462592,27.900498824687062,0.30083222596543396,72.70585061176776,1711067.0,,64,156
174.58620956936738,1951.8449545449512,72955.47403220148,30.412001476273584,0.29306523001122764,49.68233125137463,1540449.0,,64,97
330.0854822552948,1165.1433206926158,112904.10757222956,18.968201349134127,0.16476763780600687,84.8234923803957,1561988.0,,64,103
353.56898433861204,1976.6658176137246,166506.09201436306,21.749062926507502,0.24151458166011555,77.95682871150653,1637110.0,,64,26
951.5526941545596,1666.110168207637,183965.5941959945,22.867205839045674,0.024658306647338164,67.85879390431657,1744995.0,,64,133
476.4302979191217,2463.7712841055836,214570.31416823357,26.315522315876738,0.27360562526868926,73.91761478863054,1702630.0,,64,132
510.73513180640015,143.3282992192404,203988.78545447535,27.892593966014495,0.41005607167724195,84.4195709881081,1599747.0,,64,151
611.9045760119513,1374.2135235114179,136270.15227328258,17.991993689578972,0.04566486357679273,81.99604263438252,1590091.0,,64,138
630.0455146171743,2037.8986729264968,154346.0384995449,24.03479998154464,0.07295312844362302,73.51369339634294,1716277.0,,64,52
694.1879489341902,334.67236972628547,125006.80424934288,27.80522435647328,0.025244117420460108,58.5686018817018,1595548.0,,64,30
893.1096632379879,912.1380893335212,143331.50605325436,23.579135760869896,0.044855305972845184,69.07055808117937,1679989.0,,64,38
352.1898668679228,2173.3935100613776,141292.91478637885,20.895864219428066,0.29357018464611623,87.2470207341213,1536970.0,,64,29
1178.2895196552047,1922.2100792181677,117433.77529069643,17.516766676689123,0.11454261757324218,80.75282440919047,1590953.0,,65,1
1186.798645677601,1465.3746372350718,139127.32823589465,19.65251815470194,0.00277195886480072,71.78028836372485,1678947.0,,65,3
1227.532767038994,765.6464952177112,121953.07855977844,17.1920719121635,0.1547703953361036,87.27830516952909,1527694.0,,65,21
1326.5321048877124,337.9026582898593,189814.81572691997,22.784139446221097,0.15889469347108806,79.52929676662697,1631102.0,,65,5
1385.3438746761763,983.9577226763303,190650.48510679082,24.938477376491033,0.07012121329243282,60.76853958065343,1807467.0,,65,7
1574.2918425013054,1073.5849043275284,132789.45504741577,18.261443418703593,0.10928644943839523,79.93713931414814,1602142.0,,65,11
1462.3492260189096,880.3228287337199,178712.1180557513,23.248471355528654,0.05766680566608623,62.80775231825925,1781488.0,,65,141
1669.6904078953764,843.451849429194,92278.04695959104,16.413744449545202,0.20381414276982016,91.76457319226189,1468176.0,,65,143
1784.65628113762,301.57304348265905,80634.95791295684,17.589431250316668,0.32776583635894496,103.99984961789681,1357580.0,,65,142
1866.096226355312,1110.3326183970967,167334.94235010093,22.26955050452959,0.13209198147175547,70.96460326868252,1698009.0,,65,110
1090.273896629178,130.42682554836767,102952.10211331493,17.64977081659541,0.25368549451194494,100.7371092377275,1399504.0,,65,145
1433.9067034871127,1538.6583975370525,158172.75952003797,30.736248929512517,0.07993395657987035,38.745042014510574,2011746.0,,65,140
2067.5987125472884,2108.0613791064434,121391.07152929428,20.26565219956299,0.30177257850509065,82.79203714679629,1569808.0,,65,17
951.3165609793921,1667.544116229458,194620.0166218143,23.077554903436525,0.019169523601905526,66.88617779347089,1758245.0,,65,133
885.4198096954598,2345.511469956797,184649.89770511194,22.607347465708376,0.20940070365276686,77.89792657654232,1642739.0,,65,60
956.1473839420428,1530.9125372520168,130830.99513421915,18.52276141669067,0.03535851172185438,84.8312498844021,1557836.0,,65,41
53.245083065421014,794.1692822772598,134850.28344004022,20.759467545730683,0.2633489918154779,94.61947102491004,1458392.0,,65,126
78.24223361171633,1727.0173556827117,131218.85339691176,18.820375332370368,0.26835178261162085,87.68614771705025,1529616.0,,65,154
165.1942096182877,1520.2087628495435,113469.95357133824,16.97337970397258,0.20879535228969656,88.90967535961374,1515429.0,,65,147
196.91190684289302,1664.5378973377012,183385.99365034385,30.07126903832046,0.3465897755916087,72.59597345876719,1705998.0,,65,156
190.3542855921151,1955.8397651066498,57228.05842562221,30.611424813296782,0.19636924658132546,44.04699513228571,1523734.0,,65,97
319.57477322619394,1167.4410733269822,118158.51149764154,22.84747862550099,0.1451809811719785,86.87046262200792,1551635.0,,65,103
355.6529988903172,2175.9386625575444,148482.42059093513,19.529013144430333,0.2582162758200853,90.94888809721957,1515808.0,,65,29
48.89237168493761,2347.4788811930907,215220.55153965583,26.381842946966454,0.1787692569440062,77.89792657654232,1653477.0,,65,129
476.4906956982931,2463.865468294658,214544.34859586574,27.896407265295213,0.28394568883960125,73.41165855380952,1704370.0,,65,132
518.207251652548,157.6854737177917,214774.37179266766,26.27715308868929,0.35765190456310814,83.60772224183862,1600600.0,,65,151
608.2231423754737,1372.3325430060297,143459.839618212,18.181004118071808,0.04242151824659145,82.79203714679629,1577692.0,,65,138
633.1812674403589,2036.1591066044568,145279.22522270388,22.08382060924081,0.10705640668149607,72.59597345876719,1711030.0,,65,52
712.7745218121644,356.2202038734964,163158.2268209367,27.00951532683686,0.03366395834806267,64.84696505586507,1663528.0,,65,30
889.0856709734727,907.3332576770148,145549.62483171042,24.231941325205476,0.04559839516849692,68.51754798355554,1671474.0,,65,38
355.38918231875465,1979.562015503876,181615.54915155447,22.615681619749832,0.22997691870083536,81.5685095042328,1618969.0,,65,26
1178.6725849086554,1924.6163840404165,119321.88971808314,17.288362586836946,0.05475450792143152,81.9411007374459,1578293.0,,66,1
1186.8975647014938,1464.2110023624705,115905.48111095456,17.18712486005995,0.04122947567483842,78.6469861349355,1605216.0,,66,3
1347.082255668098,350.10411590707224,151593.9187145521,19.632653986995418,0.2604372274694661,87.70580129183907,1544201.0,,66,5
1389.0589800757496,973.7654663078687,180253.12752071777,23.65955923348769,0.05501314967958712,61.76464879706977,1803552.0,,66,7
1573.9653112825408,1072.9718129982714,127676.58787870011,17.88957502728125,0.12591027072940827,79.8822791108769,1600037.0,,66,11
1460.0750534850647,878.9256735679389,167638.72741472957,21.853850847950795,0.1004769190324594,67.94111367677674,1727327.0,,66,141
1672.7197367278811,841.2858980530806,104351.78590697468,18.837982566541513,0.23656683968725764,92.64697319560464,1477191.0,,66,143
1786.6402123302228,301.02026700670416,85250.03885566758,18.73712686882286,0.3356683025881063,104.9999029550186,1351430.0,,66,142
1867.0563972263249,1113.9235887551006,164487.49503310307,22.569850022148565,0.13936234476502082,70.82346395397333,1699908.0,,66,110
2067.1955383103527,2106.8450261886187,121932.0637762473,20.179986485276586,0.26384160203858503,86.05874399058388,1539251.0,,66,17
1087.9979601294262,131.23040193311874,99516.02567048944,17.73401649331763,0.3258060886176179,101.29402402719441,1386200.0,,66,145
356.10471089497145,2176.4654240462655,150374.68454729795,19.986546327112293,0.25223524670771774,88.94109426778046,1535105.0,,66,29
956.5288091229457,1531.2761490590087,120817.41774762285,18.045860956764233,0.00954304413044997,83.17639371338728,1564453.0,,66,41
47.94045007148794,791.1545349462965,129310.05695721995,19.557778865050903,0.24985912879776379,97.99990942468403,1432254.0,,66,126
66.3401263983237,1696.2469652419973,134020.6408388098,18.633330246373216,0.2265737256849003,86.88227264121147,1525340.0,,66,154
159.9707027848289,1523.0307646699152,111116.66200755507,16.62043082457554,0.19611279000880802,87.70580129183907,1529331.0,,66,147
193.81675749478333,1662.1563992252873,175822.131616016,29.60121424085753,0.3779457181450752,75.35287153242511,1685526.0,,66,156
298.2852162333759,1173.1914720275988,146570.80571004906,27.997996230835234,0.3235563060995624,79.0587504602493,1626181.0,,66,103
355.6632241255592,1978.102276941155,171003.2537168686,20.818724353047724,0.21318468206049038,81.9411007374459,1605505.0,,66,26
952.0417967295107,1670.2298321302521,185732.06363334318,22.905972761231265,0.03494733045672186,67.52934935146294,1744172.0,,66,133
524.6147676737918,180.1912416343853,206851.4558786879,23.668409336681474,0.2644241055928821,83.58815803870108,1603658.0,,66,151
633.7445940691026,2033.699868938401,142950.16199756484,21.115938591873178,0.16254831612557372,75.76463585773891,1695787.0,,66,52
687.5432098338069,367.3680546661082,118950.8900609754,29.62812153380233,0.08456196801300761,56.411712567990385,1593459.0,,66,30
883.9077108834118,2345.518867903628,185860.12233851576,22.589408879379747,0.1925261244676536,77.41169315899411,1651192.0,,66,60
889.6251525289148,909.7101979810718,141053.16375084416,22.965074600721294,0.052214257393023544,69.58817097803194,1668804.0,,66,38
474.81867558049123,2462.8001288286505,216064.27089325883,27.879594515291803,0.2965535885857584,74.52934288179752,1690661.0,,66,132
1181.673836005881,1925.6692555278207,117143.08765982195,16.96253249123341,0.07523781640511229,83.78637689475646,1553787.0,,67,1
1214.0895683609106,1473.822042501563,136721.5942244164,18.96936044725344,0.015014971610053794,77.86208761936963,1628833.0,,67,3
1332.5956532611297,347.0168427392575,157379.16776417056,20.134898344364043,0.2752419685600199,90.98015672915474,1514641.0,,67,5
1399.1183407388485,981.2346582666532,185519.96498577762,24.775714953895744,0.10627332653777487,60.93554683255015,1819596.0,,67,7
1433.1779806203144,1538.0623466688596,154376.39942858877,29.908359180640428,0.06151733542962825,39.77737084902579,1996256.0,,67,140
1458.8631725291896,881.304703551963,171971.53857648763,22.55629489303739,0.08217523080402643,64.74401850958454,1751962.0,,67,141
1674.8415716040522,843.816841382286,96113.55338627742,16.349864854339284,0.19548600715810754,93.09597432750718,1456709.0,,67,143
1574.5555224060715,1072.9731723832765,126234.75587994237,18.59129906206809,0.11282283369459963,78.70841465871061,1605535.0,,67,11
1786.9539223386419,300.1429900347031,75967.58454180487,16.015180267748583,0.27151703304319547,107.90669751597423,1327798.0,,67,142
1868.112129419405,1113.6453476371948,168115.2494217305,21.90956623680152,0.11769811251514095,73.20728890299428,1676789.0,,67,110
2066.2015064809457,2107.92060566982,115504.17534813816,19.650637826526385,0.33026157503662407,87.59484857179085,1517744.0,,67,17
1087.84989998302,129.43023453257075,102176.64029611617,17.805109753390912,0.30054663942757404,103.67506231926936,1371460.0,,67,145
950.4006144740687,1667.56164532029,179602.44632670554,22.473390197858734,0.07380304680394098,72.7841253833238,1691598.0,,67,133
959.7493153584834,1530.9753764268264,125933.88661745665,17.989672437845734,0.02041348060014684,86.74852153244987,1534718.0,,67,41
158.4261188872265,1522.6300931868066,111436.72759706543,17.005302163177166,0.1638813083400231,87.59484857179085,1534599.0,,67,147
193.8102422824698,1662.5651739401524,191389.2430036073,29.358657025219646,0.3603666427540129,78.70841465871061,1673456.0,,67,156
290.3966029157892,1179.8330380787968,187273.55461129211,29.874501789269395,0.31415729426323713,74.47677946200574,1681666.0,,67,103
356.03797641182734,1978.831471914882,170462.53746534267,21.40109602616408,0.2028853160879806,82.94004985541548,1590391.0,,67,26
356.39104364940283,2177.839831765118,156955.5810809804,20.1104134552562,0.23287056277797047,90.98015672915474,1511777.0,,67,29
476.5139479246054,2462.538716735938,215435.93317240238,28.30286733381736,0.30583546292962066,72.7841253833238,1703419.0,,67,132
59.13185017167182,1667.2517470132211,136188.83135315124,21.114222614906154,0.25997994679595776,86.74852153244987,1531910.0,,67,154
614.3724407002037,1391.3677701644417,134816.9352223795,19.54558173217363,0.036821816567086836,83.78637689475646,1577817.0,,67,138
633.4595688359863,2032.9148823777996,144193.81565475784,19.135950320306016,0.14411293837670808,79.97790521772207,1626561.0,,67,52
711.0169232405414,379.9659507856744,127324.82510661354,28.216666877501545,0.17083569531040876,58.39656571452723,1572354.0,,67,30
893.4958124884195,913.5612006670373,159866.94609631336,23.66582672243206,0.053842993723808,71.93779834398282,1669908.0,,67,38
884.9597426681014,2344.83554339614,184833.59375687208,21.54941701221276,0.1861476732988851,81.24739577673354,1617594.0,,67,60
531.420018448374,196.63292053461032,215614.50817770333,25.97076599029195,0.2944984060493773,85.05586745376792,1586161.0,,67,151
1171.7219504920965,1938.258541273155,124235.80876065682,17.81438049165397,0.0579388113476687,78.6328643446514,1600159.0,,68,1
1215.418714927229,1494.0953302880557,127799.40076990971,20.44934009760721,0.043758012254737154,65.87046227824202,1724722.0,,68,3
1309.3518400215187,340.9167549271781,146931.4765386251,19.41397494335661,0.2701712771899833,88.92512407562671,1526667.0,,68,5
1391.2969212867256,991.6548414183478,193174.18781950796,25.661779591735083,0.050961533742469006,60.93017760737386,1807742.0,,68,7
1431.9690672814695,1538.0583195513839,150354.27043475825,30.257001134484774,0.07247971062520751,39.11058697770619,1993135.0,,68,140
1459.749427941837,882.1742090546284,175058.5756218237,22.931193812935184,0.08450186303679365,62.98862955356892,1768495.0,,68,141
1673.3229498048252,842.5066118686912,95764.12482166519,16.612491583702163,0.164590303191176,88.5134336863877,1503892.0,,68,143
1573.7495219701248,1073.6144416354396,128322.24756424325,17.955637202439206,0.1265510571678364,79.86793551236843,1602372.0,,68,11
1788.4796502360603,297.0790308624171,81357.84303102443,16.63510525007699,0.30566758897451113,104.5693588667092,1357597.0,,68,142
1889.4190429604637,1112.6357045526013,164961.8688257369,23.300689851889775,0.10505278014598902,65.87046227824202,1732450.0,,68,110
2066.6068809765443,2106.5773573848287,115209.08528620223,18.437055883719115,0.3555650915895206,87.69005290790967,1515379.0,,68,17
950.8632799433418,1667.0663126301972,178458.31485615944,23.026235013532762,0.05412007047795302,68.34060461367608,1732646.0,,68,133
1088.4117929387526,139.1526151901105,105504.71943106022,18.228610028604802,0.21395428651812842,97.98231263888499,1425947.0,,68,145
958.3754947883415,1531.1094549095772,122519.88321830862,17.53489062693175,0.022157664284997967,86.86667212943165,1531135.0,,68,41
50.454983037601465,801.9623422911375,139071.48362727388,21.109506649047386,0.25447590957535066,94.68878952497289,1468584.0,,68,126
58.8893572150206,1643.9836115308374,139771.76897936943,20.84413979817656,0.1732637717712947,82.74976823704152,1571484.0,,68,154
158.53049820753512,1519.121650871431,109556.57624195059,16.81898205841781,0.17190042602174943,85.63160096171461,1543428.0,,68,147
195.66556834221217,1661.9215763785057,177047.0402018481,29.479247557696006,0.3655500074727078,73.28088928454423,1698662.0,,68,156
357.9698058038037,2177.335882512697,162199.01462355387,20.300315865363597,0.23988286506224904,89.74850485410474,1534936.0,,68,29
356.6691836490697,1979.665275723271,175614.35764729636,21.968681534917074,0.20154624237976781,81.9263874585635,1611386.0,,68,26
277.02879573058345,1227.2451632542886,173107.16317683077,24.89481949235959,0.1477565138911065,68.75229500291509,1752027.0,,68,103
539.8197694611487,212.60339243793288,226400.48406382094,23.88114939216653,0.15776108692327478,85.63160096171461,1607495.0,,68,151
614.8857753629643,1393.5191562008254,138661.43999959182,19.839094803200418,0.03855788322877777,81.51469706932448,1599378.0,,68,138
633.1176227093576,2033.3546635650725,162113.7947129814,19.71228504685124,0.1464199891003387,79.86793551236843,1626672.0,,68,52
898.3487659667366,918.4981194666641,173495.79890427238,23.073126230159705,0.03321217714491012,72.86919889530522,1685265.0,,68,38
885.5638309089392,2346.010957002333,187415.46265483263,22.207794564881546,0.19498603007334456,80.69131629084646,1617472.0,,68,60
478.80430915784683,2464.72873343143,208999.97807224482,28.99338309254283,0.3145545103194991,72.04581811682719,1699085.0,,68,132
1387.6126077846548,982.6264534181407,183906.56461757765,25.352676776757118,0.08329633245054807,58.97211640998875,1826265.0,,69,7
1155.1509003506553,1948.8766957921362,112425.08899377142,17.220789919608134,0.06377840704077696,83.61115134840871,1551891.0,,69,1
1203.8568312692603,1512.0335470385578,97779.80819381682,16.457220710591773,0.02340101180146549,80.78372110957363,1569043.0,,69,3
1314.3408154239776,341.9726835409381,148871.8765281722,19.860581460275643,0.2610290574390772,85.63074437614804,1546688.0,,69,5
1459.7933872199883,882.8857333022273,176598.86920600562,23.46420582059017,0.06048403083067171,63.81913967656317,1776542.0,,69,141
1097.359655183495,137.14094736165563,100553.11333950849,17.311316745059557,0.3604034319364169,99.36397696477556,1414666.0,,69,145
1573.4348899206611,1073.6560339549478,126665.64335096706,18.420979511425585,0.13869218001045355,78.76412808183429,1609909.0,,69,11
1673.409936728555,844.1739570583965,97354.48190217491,15.745002154102542,0.21037880054068595,89.66993043162672,1489964.0,,69,143
1791.7060206199733,295.48592375222665,82311.74519436121,17.995095149889746,0.32366933210504095,102.59532580915851,1369997.0,,69,142
1897.1102906903618,1120.289146524022,163782.12793336622,22.273343743307503,0.15591902573889369,72.70534899861626,1689633.0,,69,110
1435.8635657434952,1540.6383246106614,152349.2118033338,30.08027075163895,0.13755614834476906,39.58402334369108,2008400.0,,69,140
2067.2633475898047,2106.773788137313,107473.85472696566,17.382215867181916,0.34016246187058624,90.88168624827033,1482550.0,,69,17
728.2674011705878,411.16040961693886,90956.81510890223,25.609504096356154,0.10477799997479835,57.76036059334515,1569002.0,,69,30
957.9578568691593,1529.9791849414626,127549.82117851135,18.218407488809223,0.08543797561366372,84.82290716505231,1556234.0,,69,41
56.7325481911456,1625.1725042284481,122748.44071436384,18.27431516131939,0.1655259335804818,82.80331413731297,1567823.0,,69,154
59.20192032283319,793.0205971650256,126918.49639804004,17.978441273093893,0.26028594872196675,95.72870951484475,1460068.0,,69,126
152.03408658952924,1521.371261399202,113698.64435706385,24.520115539347938,0.0348481149551642,84.41898855950444,1561619.0,,69,147
186.40499443824044,1655.1786646969224,184828.71079404344,27.63499781998936,0.20195363281381082,68.66616294313758,1749437.0,,69,156
949.3994302288513,1668.5540811149376,179922.31149245347,22.90703490130123,0.029049652869529166,68.66616294313758,1736707.0,,69,133
351.99159241347496,2179.7633953794557,155848.76260180052,20.64157556854338,0.2470664860470598,88.862093220531,1543464.0,,69,29
355.4528694370483,1979.0109024343858,169904.32223765526,21.786750942747485,0.17485537816732225,79.97588389847789,1630336.0,,69,26
277.8862140500449,1229.864415928968,166862.41121927425,23.557007426718464,0.10672312566422158,72.70534899861626,1698181.0,,69,103
476.05741411072984,2464.2278437741943,218597.1140550563,27.815542685562317,0.2866017379048914,72.70534899861626,1710533.0,,69,132
544.0873799501566,228.64961591648176,212642.14205346408,24.66594059332243,0.25874373861528066,82.80331413731297,1619321.0,,69,151
633.5064649265217,2033.5051498028633,153259.6443402387,21.41858811263488,0.19444793476138128,76.74453505409495,1656501.0,,69,52
705.6976573192169,1520.0374958679474,130744.00951118389,18.515689823998734,0.030111257517260154,79.57196529293002,1601141.0,,69,159
884.6380253004141,2345.9943243793705,178487.59260554746,22.208642564703215,0.21940029621028914,77.95629087073856,1636736.0,,69,60
903.7024028489806,923.6272746839901,123855.98553077609,24.12682429542789,0.05728415588072514,62.607383859919565,1668922.0,,69,38
1392.247373376415,976.7353968287933,186268.5067630916,24.694094715647065,0.07468632633210122,58.989876534649085,1837513.0,,70,7
1203.6969589788018,1511.474319029035,100293.15319532169,15.72314986759335,0.016593212357384136,81.7089506054261,1569307.0,,70,3
1317.3208301856785,343.4229917962175,150370.37683002965,20.07441466073703,0.25183196989242845,86.89049381455068,1551453.0,,70,5
1148.0624180738685,1946.3396876467662,113722.11887238518,17.51393944004667,0.04753148037291253,80.91179011171462,1578914.0,,70,1
1573.5763396079383,1074.3626155330007,124801.05541398725,17.99132818981583,0.12397806039254429,75.73024690259004,1630872.0,,70,11
1673.8561202926699,847.4761706996308,97891.70720801588,16.67205514661574,0.21015840068320774,87.68765430826215,1500185.0,,70,143
1805.5436094882414,294.87240700340186,86233.63356773242,18.927967217369314,0.3494145892530274,101.63796294821296,1382054.0,,70,142
2067.097198475233,2107.422230061228,110730.77411973289,17.635937181438987,0.3195292555788302,88.88339504882937,1500502.0,,70,17
1901.2192517151143,1134.0199302003996,163430.25719850473,21.993066504751727,0.1527356584732479,71.74444443403267,1683067.0,,70,110
1459.8785431153376,882.2466485673228,165310.36022292325,23.044063201682835,0.07322034833974796,61.381358015783505,1786927.0,,70,141
1090.4824792053687,135.0242136625999,100197.89251632318,17.37611051719333,0.28897990233089726,97.65216047965558,1432172.0,,70,145
55.41729607886016,787.7497872054098,118471.99967416501,17.536681827368522,0.2473378107850122,95.6592592453769,1456483.0,,70,126
957.4496967749709,1530.8956059403065,129015.24436399297,18.705383542083716,0.015410356485792209,82.90469134599331,1563813.0,,70,41
950.1481433082404,1668.2178394080522,186056.46207176434,23.105451404028226,0.037757247034208456,68.55580245918678,1745327.0,,70,133
39.5505845463335,2341.0131168116945,179738.96515910092,33.028771062931874,0.2672003548841277,77.32456789001299,1663097.0,,70,161
139.9382359163999,1524.301493450344,173315.44590077386,30.701317351983775,0.2904573987919242,72.54160492774415,1701931.0,,70,147
180.76886690706263,1642.1616877103918,182934.38299814335,27.08113165788921,0.0647673365580466,67.7586419654753,1762566.0,,70,156
279.4408611681396,1230.352097222788,166380.54818573088,23.248744723143517,0.20789108952703259,73.73734566831136,1695602.0,,70,103
354.680430743922,1977.3098170094686,168632.12800021895,22.598172714909882,0.18764164918926046,80.5132098648589,1623501.0,,70,26
351.3595842368717,2180.590739725884,152006.9473236193,21.33393340766529,0.2601083709330169,86.0933333208392,1555073.0,,70,29
553.312207395946,245.64992896161036,220503.36132602458,24.528322826117353,0.2807232116607599,78.91888887743593,1662252.0,,70,151
615.3206404993285,1394.8328577683612,135635.66226426675,20.04665888590409,0.06820183877280996,78.91888887743593,1615290.0,,70,138
633.6194443470903,2033.3828112091885,159216.068248499,21.005635035220443,0.18295433602935746,74.93308640887857,1664691.0,,70,52
696.1434904359814,456.6994528692056,92518.44690015369,30.63909784462859,0.13097302686692347,45.03956789469829,1558510.0,,70,30
711.6670254873561,1507.054739305682,131815.66917840138,18.012902505316898,0.023401005756681467,81.31037035857037,1580317.0,,70,159
885.8264335019893,2345.852855041514,179923.90639364198,22.823354433720763,0.23186980216800301,74.93308640887857,1676027.0,,70,60
908.5192065889863,949.1442680589051,135356.65609146774,23.77699371292366,0.08086108640693189,62.178518509494985,1712947.0,,70,38
475.5679247951506,2463.776397693441,222639.35286892447,26.479350051854432,0.29297331232202983,72.94018517459989,1715702.0,,70,132
1399.739276672857,981.7632324440508,184003.75283228664,25.12524576257992,0.11229034382402948,58.74511082424199,1827691.0,,71,7
1147.4301818322201,1932.1606763695324,117876.20184847707,17.566450466946932,0.05049073325280816,82.32589474664898,1571575.0,,71,1
1308.0886083124935,331.75261795800367,189746.2942643381,22.89774749092012,0.1941179793771998,79.84370696534299,1625873.0,,71,5
2066.3294213308036,2109.0414351538147,122107.09092171314,18.575158931756654,0.2504748966163475,89.77245809056699,1495805.0,,71,17
1571.9578527266185,1078.3419706238346,126463.33047790517,17.830115711022234,0.11931462340341178,77.775217147588,1629841.0,,71,11
1673.949473476047,849.998780507902,100414.42450495291,17.14137825852122,0.19869518538892855,88.94506216346498,1500302.0,,71,143
1807.2329939723093,300.29847170086117,88056.02523979389,18.693730952003957,0.26489829748606064,105.07928274195399,1341509.0,,71,142
1898.7728576998052,1158.5480467836258,159170.29147624722,22.321339655777606,0.16119000417476784,69.50125787656799,1712538.0,,71,110
1092.9728131854615,137.11676677394888,100903.00179990665,18.102432396514672,0.30073652643683724,100.11490717934198,1403226.0,,71,145
1460.917928731034,883.0318916209544,176626.6907462452,24.148973695263752,0.07162392416948149,63.70948638685399,1771852.0,,71,141
958.7974906957469,1530.9993661731485,127276.24697628288,17.511109130258863,0.03641017937133761,85.63547845505698,1542613.0,,71,41
907.0881315242618,984.5612261535953,119248.85169153928,23.24305256768954,0.031567201151846504,61.22729860554799,1637758.0,,71,38
47.19427189064826,787.5628975504128,122272.57010713355,18.669655758735402,0.21351517611533644,94.32313568962799,1454197.0,,71,126
142.41828018223234,1521.5276715856196,167084.33351897786,29.239159979043226,0.26742266039237045,69.50125787656799,1733645.0,,71,147
176.91420356550242,1634.0151852638978,202445.58065146313,28.577227615500934,0.18335015663046572,71.56974769432298,1725900.0,,71,156
280.2884703565841,1231.1025224326122,184049.25960827727,24.887169546462726,0.25184673097765126,77.361519184037,1663597.0,,71,103
354.4143010800656,1978.8124185241911,166924.64610504717,20.867588852796008,0.2156031704230526,80.67110289244499,1616016.0,,71,26
351.66100209049836,2181.359803088543,153368.17753744446,19.88173116716073,0.24647242018126725,87.70396827281199,1541633.0,,71,29
950.5817752800493,1667.4908429388884,186020.53040459778,23.364083094997085,0.028731077424758902,67.432768058813,1757163.0,,71,133
564.038684751639,242.74709131312758,224329.7892253475,24.42137327293418,0.05611495792042818,76.94782122048599,1688635.0,,71,151
616.0327495819105,1398.2485111749456,135808.3537765587,20.964201930288407,0.08656192845247912,78.18891511113898,1622371.0,,71,138
632.9649709859659,2033.0236406861115,161834.50636151567,20.012623320162387,0.15176739365983324,77.775217147588,1639814.0,,71,52
717.2409949794614,1505.6329955880115,135961.83572103613,18.110038839553056,0.02554910456286267,85.63547845505698,1541846.0,,71,159
886.4215881202005,2345.6549836573586,182893.80119607932,22.0928168649812,0.21898788429585353,78.60261307468998,1650500.0,,71,60
476.34931971105334,2462.7628184868,217281.61702032908,27.112461740058095,0.30248262111482255,69.91495584011899,1744398.0,,71,132
1094.1193008156895,133.5688427333842,107372.06424012508,17.658104438684624,0.31638058500859223,102.94106887161527,1379634.0,,72,145
1150.5847068274225,1939.0775827443574,116869.4072542203,16.61575735986689,0.08503752979755112,86.47049785215683,1535312.0,,72,1
1308.3444311036042,325.9542296116911,182103.16259816292,23.994423097459517,0.1521128539422439,73.70580531207654,1658044.0,,72,5
1396.9725351515717,990.919322551127,189444.09610153554,25.306506719431695,0.07086613130546958,59.70581994553686,1811426.0,,72,7
1678.9738445189814,856.2112817104049,94158.54863976454,15.406730914438084,0.1993359582586517,91.82343343348083,1470181.0,,72,143
1460.697323382654,886.2144345580382,180805.28160182957,23.524435824161525,0.06216421928845212,62.99993414942855,1780911.0,,72,141
1573.150631596884,1081.8473622109266,128073.9249544824,17.741529096979175,0.11711756021010955,78.64697661791408,1612142.0,,72,11
1813.813298517648,307.7719841149486,86888.85035605107,19.6070785892073,0.34832266638790466,104.99989024904758,1353717.0,,72,142
1890.6068030346967,1162.0852585217626,166133.296937696,22.227366547761036,0.15753636128000797,70.41169110818485,1698763.0,,72,110
957.9014502338325,1530.5903380729683,130749.56921659343,17.71397575626513,0.034878541433273305,87.70579067861621,1529356.0,,72,41
1435.4808128396337,1538.6803257735473,149804.3728290049,31.319643446860585,0.1035743059760985,41.17642754864611,1971663.0,,72,140
2066.1072293706093,2109.0445539263883,115588.82035745741,17.822708164501528,0.3096026877333309,91.82343343348083,1482824.0,,72,17
950.970615047383,1669.4034106683353,198742.96873484628,23.21713501008827,0.01780160365550564,70.41169110818485,1729228.0,,72,133
884.8298294313292,1014.1369109445516,113774.99872393956,22.082460373574705,0.011323067661920004,65.88228407783377,1597670.0,,72,38
885.1185068781602,2346.0171428699164,184206.04275307228,21.749831558304397,0.22349799757460467,79.88226944437345,1626381.0,,72,60
55.326636471903335,789.0305409776646,135187.5645777865,19.632750275718312,0.230149977967632,95.94107618834543,1446522.0,,72,126
146.60790125937837,1515.4079821237176,172110.87892493297,27.19592342498844,0.144087459985912,65.47051980234731,1760550.0,,72,147
177.32671737272406,1634.434359109392,190780.2711754891,28.95755060034733,0.15582708827585762,69.99992683269839,1722646.0,,72,156
353.36755302891373,1979.0931915153737,168401.29456707544,20.925570977947107,0.16204991499136082,79.88226944437345,1615172.0,,72,26
351.49943504374295,2180.567432740038,150141.60777062832,21.269828142874967,0.2324440345513954,87.29402640312975,1543468.0,,72,29
282.79863970185767,1230.56459274349,173024.17208796192,22.448465236250637,0.1951018343885009,73.70580531207654,1704680.0,,72,103
573.4405108006763,238.4310995249025,217973.5956928905,25.42184975130995,0.242932401308012,83.5881479237516,1628019.0,,72,151
632.576813408783,2032.3306710749623,168381.11811757658,21.445940833630583,0.1562312735709612,76.99991951596823,1637727.0,,72,52
717.3230140403657,1506.6142567226207,144260.37862385518,18.611431837749404,0.02783753233574404,86.47049785215683,1542765.0,,72,159
476.4068886311898,2464.627236227112,221213.35701241795,26.58184653319264,0.27091580499744305,73.29404103659007,1717895.0,,72,132
1094.2416758349457,137.79280110946715,98588.11500947834,16.519897921228036,0.28671723407626115,99.73885201459674,1397385.0,,73,145
1149.7550314822065,1940.9438442316768,113589.66950957381,17.3648160531462,0.05639651247939355,82.70013146210314,1562534.0,,73,1
1298.3184787243115,347.63966670321236,170572.13797971318,22.910078945356382,0.06603546937505385,73.97298191082592,1659636.0,,73,5
2066.485173561718,2107.320601563302,113351.54300038896,18.280755046609322,0.3224869248313849,88.93380971301544,1513564.0,,73,17
1878.8466889181836,1172.7269437991959,162982.8424985025,22.331970927728577,0.14240146388253294,71.89508916052182,1691986.0,,73,110
1430.6246304426052,1539.1722000719683,144361.59882737728,29.88075160200673,0.10570873546810029,39.8955408058387,2006505.0,,73,140
1462.8734233010728,887.0675997007429,174420.81093182642,23.333916744636817,0.0703345099806584,63.58351815930543,1781039.0,,73,141
1572.937289422635,1081.3006055694523,130252.29147426238,18.44459122698725,0.07920154240489422,78.95992451155576,1619918.0,,73,11
1679.9278685894578,858.7693898286957,93254.16431944772,17.14859565316673,0.17765975437764725,90.59612391325871,1475393.0,,73,143
1815.0384427134318,309.17599400162453,79812.69169628056,16.720223466941288,0.3693906413715499,105.97253026550905,1352559.0,,73,142
959.6967632083581,1530.3809693843814,125695.88825139555,17.28251764799877,0.007986057570224418,88.51823116295462,1517643.0,,73,41
1391.595203666059,993.1171629957178,178471.45505926924,23.760175231426707,0.05332635940261181,62.75236105918379,1785952.0,,73,7
951.831913685406,1668.4704645088018,182958.4566642759,22.762545323832622,0.024615891313193965,68.98603931009609,1733871.0,,73,133
576.8378469797269,240.52046511350272,208864.37673941723,26.707664428378635,0.33819931718207574,85.19360276246806,1588879.0,,73,151
885.132033444243,2346.096551612358,179481.31093591702,22.771136059926445,0.2136429214413632,76.46645321119084,1655959.0,,73,60
889.8341074157729,1034.8544030728863,153633.15627923416,22.68140514343719,0.06289383617710051,69.81719641021772,1695994.0,,73,38
48.71770004567617,801.7898152770844,117368.9408438269,18.385201070870753,0.2672593440985422,97.66095926429264,1427339.0,,73,126
45.160258855280155,2329.3601376971624,129655.93625492511,30.779239797181404,0.1359877260961007,85.60918131252888,1543635.0,,73,161
101.52761776753712,1517.0268002606713,142845.98385530547,30.057046192384014,0.10371872534527092,65.66141090960953,1763510.0,,73,147
283.94948133243906,1232.649483568075,185888.28544220468,22.94896470425395,0.2135388379132695,75.6352961110692,1683872.0,,73,103
353.14195892407133,2181.7165352568854,148583.04573889507,19.56879977441526,0.2401666885838071,90.59612391325871,1523960.0,,73,29
351.69116286440743,1978.382022759953,178319.35330994698,22.433152475707583,0.22788203175479266,81.8689743619815,1619538.0,,73,26
189.92257063126434,1629.928231039778,125839.26285116654,24.799709422173677,0.2894318374914705,68.98603931009609,1705517.0,,73,156
473.87634608525394,2463.674712190087,219044.80448025712,26.700756580764942,0.3088808740721558,72.72624626064346,1717175.0,,73,132
617.4459887498539,1414.4719786971384,145764.5920123826,25.33364926999061,0.18391924802258228,77.7131888613733,1620729.0,,73,138
632.0208714961166,2030.4721861590097,163571.30172538862,20.492676286334028,0.1458031571527434,76.88203176125167,1639024.0,,73,52
720.8661986079027,1506.0072262233698,137620.91474539076,18.055822138024556,0.03217376693644721,82.70013146210314,1580044.0,,73,159
1091.247800048164,136.22780802286607,105214.80703046094,18.170419060736055,0.2595440166366995,96.36691221537593,1439663.0,,74,145
1148.2885736399905,1939.658611367656,111089.03492938269,17.299643324784373,0.1052062845165614,79.75192735065595,1582578.0,,74,1
1289.2881926582613,353.181273237493,134845.97103820255,25.836417942874544,0.07388754474840842,58.15244702651996,1678809.0,,74,5
1391.9259332678566,993.3941778322416,184394.7635271489,24.564086753699367,0.0833276258048648,61.890818621081955,1797935.0,,74,7
2065.8505630878963,2108.1300729238746,109249.34073023657,17.546297561445183,0.300053032226446,89.72091826948794,1500901.0,,74,17
1462.6071914888648,887.7618774013476,177840.56737263847,24.985148983240013,0.09857505631664996,60.644694756227956,1789757.0,,74,141
1572.1909259398574,1082.7159397889468,121471.3235967246,17.54650285806146,0.1114208020442234,74.76743189123995,1640639.0,,74,11
1678.9339122936683,858.4805702427653,87672.29063566796,16.506603328842623,0.18577000527380505,87.64404516139794,1505298.0,,74,143
1825.1458978777787,320.08718340949576,85806.42783535991,16.704840473942156,0.33853735412483443,105.92052851258993,1345785.0,,74,142
1875.1949266207132,1176.9355683943725,160111.54777273902,21.53944404967311,0.17054560824515932,72.69055878314994,1676110.0,,74,110
959.0774069933505,1529.7113805114154,128555.9531430412,17.739217624674048,0.035103458294712724,86.81329591816194,1534410.0,,74,41
1432.334390653882,1540.2030446364251,148761.43623702717,30.54349545792286,0.10333875352694619,39.045214432091974,1992711.0,,74,140
950.235145015842,1668.1963738091958,195992.43833734505,23.125711064166083,0.025293929711904833,69.78293643182394,1735975.0,,74,133
893.9605241485332,1049.0971954602378,158875.39289880384,21.523432517508134,0.039214010897872804,73.93668264800395,1663334.0,,74,38
885.9823926903736,2346.6947984015806,185024.47145352178,22.20869242474563,0.20987743406789824,80.58267659389195,1613595.0,,74,60
55.263921609657366,804.1120511442147,115132.2914962123,17.404748638953983,0.2331078618420666,95.95153759375793,1443268.0,,74,126
138.78652677350112,1505.345597385938,195256.39450783798,32.7904321635421,0.031958685914250655,61.475443999463955,1831173.0,,74,147
186.88781547944643,1630.3989907010393,141243.1555857414,24.879970003618165,0.12776440408017098,60.644694756227956,1813023.0,,74,156
287.21378226531476,1233.2853434829904,176032.0262701137,21.95870769130943,0.04007438221594412,71.85980953991394,1701193.0,,74,103
354.1921488707582,1980.183892473968,178749.40704473865,22.036305488109093,0.2108987114465697,79.75192735065595,1647627.0,,74,26
353.41996555272345,2182.9303843284306,149763.7351989914,19.94227318084137,0.24422844148910663,87.22867053977994,1555053.0,,74,29
46.72632590140032,2322.728235776556,109396.38334628934,27.147423842331225,0.15803225988225553,86.39792129654394,1520435.0,,74,161
576.4979558872326,237.51018508663742,199039.6265615347,24.712595448903492,0.3641756642604587,84.73642281007194,1588131.0,,74,151
631.9363483237547,2034.115451247541,155606.3946266702,21.19130030762264,0.15063464402318283,69.78293643182394,1694259.0,,74,52
719.6464254177027,1506.2867653893525,142998.52873669905,18.587678271235944,0.027830231575334773,83.90567356683594,1560110.0,,74,159
476.52391091060804,2465.722605195353,226501.70429518714,27.650432576393253,0.31731719266774583,72.27518416153194,1728136.0,,74,132
1148.9991438324569,1939.8108792324015,113694.22608192533,16.992397968134025,0.09233330994203628,85.59321753192275,1538248.0,,75,1
1196.4484953902047,1503.1672935874149,97935.42384034941,16.349503751504233,0.05168210378776252,82.6561953617097,1562438.0,,75,168
1282.4226763979011,364.7498255394782,108825.4824729036,25.913719831445626,0.08665924063571828,59.99916719149487,1580165.0,,75,5
1393.2802276023258,995.5921008865492,189212.19884623014,23.543736000159313,0.06450725940349032,63.775338553197344,1790191.0,,75,7
1390.574393791696,1628.5206956164134,110187.00203609522,23.22666977175468,0.09375275381962997,52.86639906383464,1845984.0,,75,169
1682.871471409793,858.186637364443,102141.23958809448,15.637298052136247,0.18553327109617454,93.98470944681713,1447134.0,,75,143
1574.1688856585947,1084.366863788034,127001.0343859691,17.79280967462643,0.1073213168654594,77.62130021277308,1610235.0,,75,11
1828.5204049607212,318.57782511935784,88233.18088834852,19.236527524795612,0.31445911128904563,106.99152191490343,1331453.0,,75,142
1874.7829348397615,1171.396243265595,158795.1385277167,21.03308615160524,0.19309450806705009,77.62130021277308,1629739.0,,75,110
2066.010383633762,2108.958527358982,115241.61719103185,18.581329982995566,0.34176554157163885,90.62811268085937,1488654.0,,75,17
1461.2386333090128,887.1629713720671,174818.2727646118,24.5775190081033,0.09085382102283926,61.25789097872902,1787413.0,,75,141
1093.4183064738265,133.75132159338318,111196.07893886126,18.49189644499421,0.3310030161550815,103.63492514894568,1378886.0,,75,145
959.6902016969929,1529.6639349220752,131782.08690448018,17.485217296822263,0.01760674417382198,90.62811268085937,1502121.0,,75,41
53.65872280537149,2327.6561269766808,107325.08371852049,28.22518728801042,0.06994757983175867,88.11066510639107,1509265.0,,75,161
56.82094184368795,803.6591977257468,117482.5651069044,17.99062259206118,0.2552873128427617,98.60003000000904,1413730.0,,75,126
134.0613031050783,1492.4141463476788,197580.19458376282,31.12301605167733,0.24261690512620637,65.45363693617622,1791480.0,,75,147
189.6234310361334,1631.0150711230028,166536.7093938025,25.924377964335317,0.06957646012362237,58.74044340426071,1838462.0,,75,156
354.5701507865852,2182.4572799249836,150342.38872184357,19.988454363210028,0.26518435672605745,90.62811268085937,1525451.0,,75,29
361.57296001347214,2009.472488488861,189354.85420878333,22.930527520304455,0.19903982277978316,80.1387477872414,1634917.0,,75,26
950.3226241820817,1668.1278994124082,198650.94895210332,23.446028345072975,0.026909299495315626,70.06895748936813,1734332.0,,75,133
579.2847560829629,236.84802967065414,210305.89207270014,26.845509078499624,0.38246375197607574,89.78896348936995,1542427.0,,75,151
632.6224279091857,2034.5140258318966,162554.94648018514,23.188295834590416,0.17903877522409284,71.74725587234701,1696515.0,,75,52
722.3397641680302,1506.72261326305,134359.53364614,17.85070843337888,0.02308274043314251,86.85194131915691,1537771.0,,75,159
889.8352150988852,1055.048924258731,169976.38192971773,22.161507817304777,0.04511212742044371,73.84512885107061,1670309.0,,75,38
885.5516935781203,2347.7339807959625,183219.4148952083,21.803105162814752,0.2228753029479458,80.97789697873084,1616834.0,,75,60
473.45278257301885,2464.0529014003823,216800.9068148284,27.736795407460136,0.2990621772630378,75.10385263830476,1690233.0,,75,132
1150.509487590072,1941.2257988208748,112067.0236564707,17.854698170029334,0.05129473474435034,81.97638749163188,1567073.0,,76,1
1185.9090623662053,1477.3385960977798,100021.38880788688,16.697134349954126,0.015298757267074704,81.97638749163188,1564636.0,,76,168
1278.4547754236787,406.73661190989367,103505.99704036699,27.415725072522566,0.06749681741575733,53.019554099065395,1612404.0,,76,5
1391.1577296733649,1629.550145467426,102474.15494905441,22.529201562583896,0.09017754691017568,49.34896958451472,1867656.0,,76,169
1681.471881814808,859.1424568543158,97811.69693012736,16.810800883603353,0.17563828249453475,85.64697200618257,1531000.0,,76,143
1461.8766560586462,887.7780660247658,170574.91729023703,23.734021117277187,0.08188863918952023,59.54503768048883,1804224.0,,76,141
1574.2559899615655,1084.7673671834089,123834.50976739635,17.916853099839688,0.11469713103088588,74.63521846253052,1640858.0,,76,11
1825.9216010637463,319.21323610245884,77907.34063589053,16.28305913500378,0.31224787656060216,103.59205185509701,1357559.0,,76,142
1882.0644941896026,1169.4049272171253,166705.71336917678,22.20834953324595,0.16672519042797784,71.78031939565777,1686502.0,,76,110
2066.101285575738,2109.526590198123,111860.65523820817,18.983691592017568,0.29212245366338296,85.2391292823436,1531457.0,,76,17
1093.5474886190561,139.1743577445115,96935.24291659743,16.582659775264986,0.2970746519244943,97.47441099751254,1429718.0,,76,145
1393.7805755476159,994.8812259079205,182298.76422971193,23.822644455276762,0.046574337858607436,60.76856585200573,1808410.0,,76,7
961.6754501624187,1530.1050186211432,123418.5101890806,18.015029889702753,0.08931501522670957,85.64697200618257,1533996.0,,76,41
886.3940744394145,2347.732427207553,185229.11420049486,23.473371976113228,0.25777738752926516,77.89796025324225,1644050.0,,76,60
57.86116260116374,803.5622637933322,107590.94976233806,18.11903531855073,0.25234940884552676,95.43519737831772,1449501.0,,76,126
56.75402208857602,2345.4797613768637,117726.24929246017,30.49974278651853,0.1307589772784657,85.64697200618257,1555895.0,,76,161
127.10010146896741,1482.7627958782605,139874.55625325898,29.559405118560775,0.20419698851094198,70.14894850030191,1716573.0,,76,147
190.5869986932342,1628.3472578178023,161044.04067684428,27.265453518694542,0.07202359387338794,54.24308227058229,1865098.0,,76,156
950.342427789041,1664.1572790821124,191309.64137021,23.434497581865312,0.03785577202797974,65.66267853807331,1764812.0,,76,133
353.7893125567822,2182.903931393332,148140.71258002712,20.452387089379766,0.25613574501814396,85.64697200618257,1562342.0,,76,29
358.5985044013723,2007.4394565778475,178560.8856657278,22.297265050320956,0.2004760322150334,75.85874663404742,1678225.0,,76,26
278.27018486001595,1237.0200672556973,175130.11267279444,23.546002279984304,0.03552280085065334,73.41169029101363,1687824.0,,76,103
478.11658987432565,2465.3654146006797,209252.68200550525,28.471444883349267,0.3279468809364541,69.33326305262398,1732037.0,,76,132
556.1802352152586,243.60801773254929,214172.89662589852,24.598650728308897,0.10868010673000024,81.97638749163188,1644537.0,,76,151
633.0736904982928,2034.8433306695297,151574.34047202737,23.084221227770282,0.15373963663406828,68.10973488110709,1724213.0,,76,52
725.3626086775656,1507.713420552713,117649.57486037845,16.546726800507738,0.011808560999234228,82.79207293930982,1558012.0,,76,159
880.2606562674422,1076.6144600139048,166600.48994642633,22.190288947036503,0.029952245183157106,71.78031939565777,1693091.0,,76,38
1148.2589472984428,1940.947168807858,116794.80089294771,17.958553981909997,0.08577755196628171,81.91494952022458,1574223.0,,77,1
1165.5801034943893,1448.3364497935927,100155.58413258361,16.907316069289664,0.030873939665356096,78.80916944362839,1592102.0,,77,168
1275.0046983238412,419.52104114207907,143693.57391383775,26.004836234252124,0.07189997465466776,59.00982145532767,1685792.0,,77,5
1390.0197903377891,1631.0147724961637,104988.95437678642,22.684268445482747,0.08391173420534073,52.02181628298623,1845204.0,,77,169
1096.2534473166068,135.207628572666,116529.25669639873,20.195174996353753,0.31214772688248743,97.83207241278008,1426117.0,,77,145
1462.121540366361,885.842204514429,183429.312436319,24.054847536866774,0.06517105394829809,62.11560153192386,1796856.0,,77,141
1573.9413310009265,1085.3619532274984,126943.71373824491,17.80838734828973,0.11131310433784294,79.19739195320292,1600083.0,,77,11
1677.267002855541,870.1646923448033,119095.79570719591,18.083391886058195,0.12028637029458174,82.69139453937363,1568569.0,,77,143
1819.6025773964434,309.3742951637389,114566.01546548036,18.879348442959195,0.3068570934103081,98.99673994150365,1403086.0,,77,142
1878.0867454869679,1171.8377164911938,158926.64874452294,21.674193969375132,0.16026564859149703,72.98583180001053,1673301.0,,77,110
2065.489828073905,2108.525625918971,114326.48217707287,18.489918732769485,0.31929557089366123,91.62051225958768,1485234.0,,77,17
1393.6317275066658,994.9102527264968,183752.7017867946,23.93384078230677,0.05927183952675753,62.50382404149838,1788866.0,,77,7
960.2698402822282,1530.3010651999427,124791.01992265417,17.88828721523255,0.008940451086605346,87.73828716384244,1523033.0,,77,41
886.4442532366008,2348.1567922972154,184989.19047978945,23.02699812727575,0.24804225024810136,78.80916944362839,1626671.0,,77,60
948.9165139243144,1664.4064946691312,201216.503157495,23.1973775422491,0.046249317899451164,69.88005172341434,1735256.0,,77,133
57.09176376911092,801.2330646754004,123840.26299670617,19.542014959850917,0.2468060235164587,95.89095986490746,1458745.0,,77,126
182.322828956222,1625.8667342988167,187513.41323704302,29.85916484014728,0.2163316782762158,61.72737902234933,1842051.0,,77,156
270.1712496091939,1232.3876322002652,180051.77660302067,23.310646711198995,0.11812495360661586,76.47983438618125,1672648.0,,77,103
355.2703350074789,2184.1341176590504,152353.65343491666,20.184867394863428,0.2589540537912559,87.73828716384244,1554694.0,,77,29
358.13673371801553,2003.7318825196899,181051.0613426655,22.418396567133748,0.20298946850404437,77.64450191490482,1666764.0,,77,26
49.316348307051854,2344.159542310548,132797.72096011916,30.33396134650043,0.13938083734783474,90.84406724043865,1520861.0,,77,161
570.387325008823,252.8802686419172,184803.23189770326,30.672627381765768,0.34749354936703875,85.02072959682079,1590617.0,,77,151
632.0358788575172,2035.1015471614799,163528.25015050976,21.638854902656213,0.14917434441813737,74.92694434788315,1676653.0,,77,52
667.472762103715,745.1789591027572,165769.84692079306,28.08275417026364,0.08356787970297219,54.351151340433375,1796553.0,,77,174
728.4467220464376,1515.4197099704863,127725.593872528,17.296136122059526,0.03023565664005575,84.63250708724625,1546380.0,,77,159
875.3167486935824,1108.1552770649114,171093.15397207896,21.678031173276207,0.06495255138419424,73.76227681915958,1673875.0,,77,38
477.9946270052784,2465.9631405421906,217485.74386623458,27.605494528277223,0.3158473756632943,71.04471925213791,1730731.0,,77,132
1096.1157967988865,135.1366924335609,104750.5161554827,18.124423421710922,0.34929420215931595,97.71907693039068,1427244.0,,78,145
1148.1384642258245,1939.5853828954723,112786.7281473993,16.80002645130873,0.07955266147787754,84.71613524207257,1548860.0,,78,1
1154.530616923121,1432.6319486231698,110009.61502560336,17.038616547494282,0.04927821263570409,82.74599256202437,1555953.0,,78,168
1267.266000109158,427.6910825625125,151607.60160067704,24.159781796145,0.04363332887125442,63.83262283356165,1700231.0,,78,5
1574.8180447439893,1089.47858628614,130139.35084472783,18.270900907961686,0.11767866947077493,79.98779280995689,1600882.0,,78,11
1393.972728247681,995.6687730129725,187379.08821377618,24.169739652182077,0.0772596250927022,63.83262283356165,1784634.0,,78,7
1463.8406032839239,889.5144293970143,171749.55230441783,22.46942469603658,0.06235947459904164,63.83262283356165,1769557.0,,78,141
1675.7047341167417,869.5266620709556,122891.58995336652,18.09762541666671,0.1671530968808991,89.83850621019788,1504718.0,,78,143
1818.7045483528937,310.1946868475611,108141.52573638166,17.858307321608137,0.24868853680311037,100.47727668245815,1398360.0,,78,142
960.3510737511108,1531.1737752894371,125483.50966323793,17.75193436767188,0.03241060767973341,84.71613524207257,1550861.0,,78,41
2065.1189680559946,2109.0789657699574,117206.94026435545,18.411066970505793,0.322293491200791,89.83850621019788,1505503.0,,78,17
1393.0691486637745,1628.3543356914502,107720.30923138736,25.499328051961204,0.08784476952318426,47.67745285716642,1903615.0,,78,169
951.1248118076395,1665.642455791259,194457.41683465336,23.334452377420664,0.030809338161643864,67.37887965764841,1754910.0,,78,133
1879.6975833363892,1172.2577872309216,161171.46222670304,22.405970434087042,0.18355385248616718,72.89527916178336,1679683.0,,78,110
865.9554620236738,1135.504995429977,174596.01444855146,22.164520897532782,0.023628939981209553,73.68333623380265,1672189.0,,78,38
48.21869578559427,2345.725369379552,129687.79414246079,31.036213636057976,0.15817936729982837,89.44447767418825,1523084.0,,78,161
58.889834787996435,801.5917046598165,110019.4657390036,17.016411102568593,0.24145198912212096,96.9310198583714,1436624.0,,78,126
124.72249891072812,1439.0391230151047,130224.85503704193,18.661861572155754,0.1837490240830464,85.89822085010148,1554856.0,,78,147
186.8704566369661,1622.5739410412075,165701.21427666984,27.897201694412907,0.4119160172288441,67.37887965764841,1742439.0,,78,156
271.3670868576703,1231.5000755025171,185265.5191466205,22.058404491924776,0.13523737930780017,78.80570720192797,1659139.0,,78,103
357.86332145262924,2002.411822011136,184841.93847041012,22.50358112199489,0.19189542262212947,79.98779280995689,1638653.0,,78,26
354.80455301887775,2183.2725622757293,151535.4943785873,19.046570347688974,0.24149037781481567,91.80864889024608,1512639.0,,78,29
888.8209152790203,2356.3547160300977,173543.5642288697,22.9003361120126,0.2704573420443358,82.74599256202437,1593320.0,,78,60
596.4143411933346,256.68125737491164,139915.198823127,29.11508087871557,0.25570481424518937,92.20267742625572,1497673.0,,78,151
650.3823213931362,773.2534471754882,146938.75747749882,25.69107530625722,0.06593562366232912,56.740109185388135,1731841.0,,78,174
632.4382737803206,2035.0789633100005,171067.88293712115,20.89186521869087,0.1357819215188608,80.77584988197617,1622380.0,,78,52
727.0981448017217,1516.0897844531419,130174.8134129687,18.13684924560661,0.025066441395816937,85.50419231409184,1539075.0,,78,159
479.60233562749715,2466.543273086286,221102.80852523324,27.271424458209225,0.3013584175749,71.31916501774481,1729782.0,,78,132
951.1076398812315,1664.928660408272,183231.2783702151,22.375043685295605,0.028394041387766425,70.75477347285947,1716725.0,,79,133
1097.1192468007007,136.90365938802557,95616.08209770438,16.44812850696915,0.3173391510690008,98.73688727568525,1421603.0,,79,145
1137.4377489922906,1415.9150549837593,102146.70771480103,16.50994655426924,0.006676866048175274,80.74838554529725,1574664.0,,79,168
1146.7598982054894,1933.6679081519344,109798.21686194229,17.2564418743365,0.053481770574810315,82.74710795978481,1555586.0,,79,1
1263.0907872391786,432.35715435207027,188782.5300042128,23.628500594459126,0.08172398626417134,73.15324037024455,1688832.0,,79,5
1463.854835539914,887.5423602467636,176963.2848783821,23.88627264246905,0.07637933612090994,61.56065036621671,1788749.0,,79,141
1389.4670963679132,1631.5994813950474,107913.02188059762,21.272223746058355,0.0702364694668352,56.76371657144658,1791459.0,,79,169
1394.3226971610577,995.9006425498501,180726.47944037928,23.620927304445306,0.06689082670909474,62.75988381490925,1791633.0,,79,7
1575.9441950922946,1092.368788210589,128874.02358581152,18.105462368759436,0.09989595502526143,78.7496631308097,1603171.0,,79,11
1674.8925223693418,870.1911543493031,118256.01063108782,17.234211937585876,0.13930679758412853,85.14557485716988,1540302.0,,79,143
1820.5774625907522,308.4858289974428,112707.55720847037,17.653286673379384,0.23375214866106472,101.93484313886535,1388157.0,,79,142
1878.783938056672,1171.1712605780301,158340.38865363575,21.009204078920494,0.16293708327735254,75.15196278473209,1650129.0,,79,110
959.9601334307063,1530.1053094833387,125348.27724665546,17.690186330409045,0.06007280779248917,88.74327520324748,1512065.0,,79,41
2065.8768615004847,2110.121689147492,113357.54173766173,18.262955328637307,0.2661483939187979,89.94250865194,1495806.0,,79,17
852.6824362558483,1164.3958410086373,166011.08553595608,22.99641780784203,0.017160001478080177,69.55554002416694,1708713.0,,79,38
724.1776034691665,1516.3255723487023,125367.86472631745,16.57916216438053,0.025164801240562827,85.9450638229649,1544294.0,,79,159
882.6157354243906,2350.6680892518684,158389.55722503216,20.281831692741306,0.19991387727267682,84.34608589137486,1570446.0,,79,60
46.44193619349985,2347.7229357399506,147188.71681424387,32.608666355234476,0.1677953892675947,89.5427641690425,1533407.0,,79,161
58.4787257601248,802.0871660458306,120942.2935561591,19.180185618031945,0.2589357449240749,97.93739830989023,1431431.0,,79,126
144.37842625946797,1428.2180031888806,128614.98916089392,18.320831725683913,0.20179232656796153,84.74583037427236,1554093.0,,79,147
272.09198012300027,1230.7494747509998,167242.29854328043,22.680336669808366,0.09849682363993635,75.55170726762961,1674735.0,,79,103
354.4526577844361,2183.6789426143278,145156.01611871005,20.258262983692365,0.2708215007471544,87.14429727165744,1549223.0,,79,29
472.5210694807748,2464.2640363474725,187051.63639326658,27.2802222494311,0.3016712223155292,63.15962829780676,1769255.0,,79,132
590.6873179093951,254.57500349983755,151338.86403568584,28.144246919524168,0.4769463819395841,96.7381648611977,1461907.0,,79,151
632.7349927118393,2034.633331188669,180177.2305208781,21.949875391763698,0.14289351522462976,80.74838554529725,1616583.0,,79,52
655.1316252089199,827.8920693237769,212385.84274137925,26.252266401189292,0.032799559886052626,64.3588617464993,1780820.0,,79,174
361.54221907639817,2006.288775306491,176205.76908329132,23.39823609067013,0.19616241067508294,75.55170726762961,1656605.0,,79,26
1115.347865198862,1392.869543053978,108809.69347835927,16.77032854308954,0.01374922800728947,84.83137205061125,1547080.0,,80,168
1145.9406043977806,1930.6056039837108,113270.68168744382,17.498601391452137,0.09986604643809847,85.64705832032867,1526648.0,,80,1
1264.510747371766,432.3426892761829,183536.34401971116,22.92904705097506,0.031817495928515696,76.6745093534371,1643763.0,,80,5
1395.348432124122,997.0521709553774,187055.62243040698,24.972875968312458,0.0867356383870932,63.21568590309973,1777492.0,,80,7
1097.4538679790871,134.6209531867987,105077.11310813237,16.791339905883092,0.3152216319680041,103.99999938897052,1371302.0,,80,145
1461.9025390287957,888.5270710859036,177254.74405661735,23.899184752471612,0.1059239526913379,62.807842768241024,1782081.0,,80,141
1578.188132949132,1097.9923707671778,126534.96396245358,18.60858309086454,0.11963189218756129,78.30588189287192,1620846.0,,80,11
1677.1324681359533,866.9755609399894,122874.97967023154,17.769973820925813,0.14795129129003037,84.83137205061125,1550020.0,,80,143
1820.8866703191138,311.1041285161058,108685.30132222736,17.84816834484391,0.2766571120674928,97.8823523660899,1406159.0,,80,142
1876.953888821832,1170.507425959861,148671.87363631453,20.054644550932778,0.14669895977357192,76.6745093534371,1638904.0,,80,110
2065.932022031535,2110.542287228508,117586.88558365352,18.17671459631686,0.2967879534362952,89.72548966891576,1495600.0,,80,17
1393.0685984063512,1626.1974146989287,111784.90914715355,25.88748737738865,0.1260739174042199,52.611764396773324,1850800.0,,80,169
952.148529926729,1664.7472152162445,184019.63813451875,22.370229153093476,0.07019954121970609,70.96470546541518,1711036.0,,80,133
839.2141772551496,1177.904124378502,129194.50904486721,17.85933382277081,0.007220699935718612,80.75294070202418,1602625.0,,80,38
889.8542855495994,2348.3537331642556,169816.09311992937,21.78552288203001,0.223644992282836,86.05490145518738,1556594.0,,80,60
48.96979857445053,2345.9593271753897,131489.44236471716,30.413693228167364,0.1865717740742649,93.39607788264412,1508106.0,,80,161
58.52239437478262,802.1423945899235,113742.14835134048,17.96134668250771,0.26831193215918825,99.92156804038345,1409536.0,,80,126
161.11732266838897,1414.1050389378113,131346.6972675166,17.730848130310026,0.1756641468005839,85.64705832032867,1540662.0,,80,147
354.42462067895417,2184.4072034978444,147193.85011558657,19.85696871241842,0.2637988204647329,87.68627399462221,1537677.0,,80,29
360.45392345225093,1999.8467501531968,177037.36366573768,22.70543069289295,0.21368948946557412,75.85882308371968,1661277.0,,80,26
272.4006198092749,1231.0978673636562,172268.04604669992,22.13434211202195,0.15420213906056887,75.85882308371968,1670676.0,,80,103
589.4107992214339,255.61280681759732,150656.03048740214,28.43679647971351,0.5070945208237416,96.65882296151379,1465331.0,,80,151
650.4049254231073,864.3518586427085,204641.00271924475,27.925891214933085,0.05312205908415712,61.992156498523606,1799664.0,,80,174
634.3557110255865,2034.4968452047112,168706.75979311368,20.492622035117314,0.14351830766788715,81.9764701066003,1607710.0,,80,52
723.8469889246658,1517.0411943948773,122735.90516124471,17.10921690594056,0.038302785079781965,87.68627399462221,1524785.0,,80,159
960.2892303102625,1530.324828634068,117569.75617198946,16.600269330125748,0.009308615649388249,89.72548966891576,1500223.0,,80,41
475.59607037760696,2463.9977799012127,171580.42252132815,28.158810983316112,0.3095693495126795,61.992156498523606,1790892.0,,80,132
1145.5642905807624,1933.034344053018,116140.25268078604,17.305075619112724,0.016934781206148358,82.7238240746365,1565265.0,,81,1
1264.655376602126,434.1608940516042,197337.08288204484,23.616558281891265,0.07349187591274664,72.73302406562243,1694195.0,,81,5
1401.7021239724024,1619.8316824980775,147587.29478915874,30.39127090662469,0.25917144673531056,49.15473604434922,1911023.0,,81,169
2067.529015968609,2110.3018213674245,119975.121356246,18.446622954688795,0.2782274983703153,88.71830408004494,1518075.0,,81,17
1465.1349674428923,900.0267324653012,169330.8722967766,23.6028313431014,0.1143126835370209,61.54332805552667,1793642.0,,81,141
1582.8578608771925,1103.3393607052371,126660.56509027786,17.746894897006797,0.08914533329460247,79.92640007211256,1593774.0,,81,11
1677.625911672459,867.1948224124777,117861.46770633898,17.703300995927613,0.1714899459677023,86.72014407824213,1530432.0,,81,143
1819.7344708887279,312.10246727567375,105298.63614300433,17.572955534296277,0.2972785004042308,99.9080000901407,1397740.0,,81,142
1877.9658514332057,1170.36190283093,157682.79838226727,21.17573599945789,0.19720035046308854,75.93008006850694,1644695.0,,81,110
1103.6796408936718,1370.3352585097673,109326.52707463845,16.789478044030822,0.03504654182136117,84.72198407643931,1549097.0,,81,168
1394.1589789055995,996.8663386997373,184807.82040674047,23.4039076367242,0.06161373366843559,63.94112005769005,1781390.0,,81,7
962.2532833263281,1528.9236541756927,123602.18139151846,17.75602899532135,0.032112637404322956,89.91720008112662,1502086.0,,81,41
1097.7791088070787,135.22482948089856,109388.47003469433,18.318099832175566,0.3152252233767479,101.90616009194352,1403613.0,,81,145
353.2347083587069,2181.4671608991503,150937.01021618096,19.810551873364968,0.27990217311080273,91.91536008292944,1501167.0,,81,29
953.5892549731243,1666.8767301125663,197319.89870602931,23.199321647258632,0.028524699987948397,69.93560006309849,1733117.0,,81,133
62.48696733259024,800.5303523964675,121183.60852533634,17.380202025495986,0.24279324221146728,97.90984008833789,1434445.0,,81,126
54.79567097567975,2338.882300940418,121153.6361253093,27.82335114951436,0.08339129088276201,93.91352008473226,1475218.0,,81,161
162.20493047690195,1414.4324559606719,132668.23295169818,19.9096406425374,0.17749149018690913,84.72198407643931,1567190.0,,81,147
272.48152283105026,1231.5659657534247,175038.8161579265,22.82667639519914,0.13903849510490482,77.52860806994919,1657560.0,,81,103
356.48200722865334,1968.4678631487516,179895.54385830843,21.877622385276158,0.20599891397985437,81.92456007391537,1603960.0,,81,26
471.9931516876127,2463.312625961822,199281.69219579932,27.39169760769861,0.28063036628579024,67.93744006129567,1749335.0,,81,132
632.8005491656596,893.4968214162502,198081.9969307169,22.728193709787607,0.11812036341261901,73.93192006670412,1680453.0,,81,174
636.7143066167359,2036.9942707690338,174801.43474971232,21.786026101031055,0.17786503986705704,79.92640007211256,1614014.0,,81,52
713.6975384347816,1522.880586049831,133272.076904243,18.111212345345162,0.023009845552627046,85.920880077521,1551089.0,,81,159
842.1766812335014,1197.115136092687,126106.67513777812,18.204207694313624,0.02970906467619867,87.91904007932382,1546039.0,,81,38
891.3368362669745,2356.795918229309,177249.9800159215,21.719385968273016,0.23204659482581622,87.51940807896325,1548114.0,,81,60
579.5689857103829,264.99603026595554,168219.0960717735,28.788040116626874,0.4569357248130979,94.71278408545338,1487596.0,,81,151
1264.700591522293,439.2255819044765,190036.15889325534,22.510760206717332,0.1994163517783488,81.99553277460903,1610352.0,,82,5
1145.3216445494118,1931.2634442196827,114415.27389327133,16.736804440634227,0.07201165776979175,82.80337053593523,1561411.0,,82,1
1095.5268021816921,139.38901193309897,102493.60813049997,17.03858786291796,0.26957427877325807,98.96012576245917,1408524.0,,82,145
1119.681225806272,1389.619885400694,145143.80665859723,20.330044021241868,0.017276321090939368,72.70539851935776,1672763.0,,82,168
2066.8095915232884,2111.2099746319914,117029.4368889229,18.743066043763108,0.31145715446244404,89.66999150720791,1495963.0,,82,17
1395.2274401975044,996.655429903134,192731.50958392018,24.167587311434694,0.09815388588334359,62.60742650278029,1794126.0,,82,7
1479.223293161356,897.4072728213523,171734.998329291,23.128705456168507,0.20195826738797626,66.64661530941129,1737370.0,,82,141
1581.937563952356,1103.2572654513529,130660.89127354114,17.96861774111825,0.11836366689939382,80.78377613261974,1602703.0,,82,11
1676.9605246394538,866.647527773531,126817.60312403177,17.763162156602725,0.17358376806406042,88.86215374588171,1516344.0,,82,143
1817.6551956406875,317.45702196999946,100143.20416392139,18.7308395594104,0.3851607062877642,102.99931456909016,1372842.0,,82,142
1874.5863654180112,1166.9458676516779,155606.1135055328,21.050982044115845,0.1548500286730734,73.91715516134705,1668427.0,,82,110
1398.8495666920305,1624.424763868582,155533.40810701344,30.361536022132583,0.22277105624662707,48.47026567957184,1916963.0,,82,169
960.9101775160653,1527.633477530043,112700.2343259758,17.32686379020974,0.021136076641557627,87.65039710389242,1515869.0,,82,41
61.37457473233405,797.7097079229122,117893.82329354192,19.252733079987646,0.20983726348805345,90.88174814919721,1491939.0,,82,126
893.6044725011183,2354.890800516544,159833.5285105528,21.506934730498426,0.2589636987508648,86.84255934256622,1550500.0,,82,60
955.6898257657883,1665.468520950322,190398.07021032946,23.18045054283262,0.015945793196850865,66.64661530941129,1758050.0,,82,133
163.83690015573075,1412.2515227896672,125794.47659931214,18.567075215262737,0.1412017520588892,83.20728941659833,1576829.0,,82,147
271.0416614315971,1231.918433876584,180031.49213811103,22.940517888366568,0.1245355323765974,76.74458732598875,1665148.0,,82,103
354.97222394258614,1937.362811612644,215221.30894036085,25.510530822601712,0.18116259358987286,67.85837195140057,1766178.0,,82,26
363.1119680380307,2161.269729688725,159737.79973583564,20.56527088077067,0.22591433961861165,87.65039710389242,1549187.0,,82,29
58.64566022147726,2330.245042976756,101692.23307126437,20.72609674816416,0.29821105087797034,93.7091803138389,1452780.0,,82,161
475.0445265594296,2463.1194261703004,208016.60786597317,26.0911014843121,0.2843645283398821,72.30147963869466,1717204.0,,82,132
570.9205508739467,262.1070970134947,193837.43947917575,28.762378191655657,0.453949172782375,88.86215374588171,1553875.0,,82,151
624.5348468267647,937.1313606834765,179751.5763538115,21.016453044549852,0.11710723579605323,78.76418172930424,1639688.0,,82,174
635.4524450029625,2037.0694224116512,169067.5180413919,20.65676622984173,0.12154948811880571,77.95634396797804,1637131.0,,82,52
696.2574919080422,1532.0837546684372,121670.4648277419,17.558732336121427,0.039511416367274406,82.80337053593523,1568199.0,,82,159
844.4808952391963,1199.3162205998865,118788.09969533002,17.29969860518663,0.03093699638912554,88.86215374588171,1523130.0,,82,38
1118.8678615589993,1389.1177492879247,127140.19688616846,19.755958355244736,0.010835662958225425,68.43778476890454,1695769.0,,83,168
1142.3106004474273,1928.976508277405,109256.03497035832,17.31964639449735,0.09494055391144189,78.99675727610695,1597507.0,,83,1
1261.3034522967523,438.65960181981535,163665.63815386072,21.024737540097313,0.1925559738638318,80.16997644357389,1617885.0,,83,5
1582.281280693476,1103.2662227581748,111884.04590548425,17.465410286005852,0.0928083457654009,73.9128075504169,1650562.0,,83,11
1442.6225340756687,1600.4619878110154,148421.2193648512,31.564853003644174,0.11573009530351716,41.062670861342724,1971830.0,,83,169
1474.7466402182,890.2125437363969,141947.78707182445,21.387077224572423,0.09580021307591907,62.96276198739218,1764891.0,,83,141
1677.886794038842,868.0484072640667,111657.22353310732,18.825053848529866,0.17093340179178004,76.65031894117308,1613367.0,,83,143
1827.0371313999601,314.52647716950617,88259.3226032584,18.772211117203504,0.33716727986460016,99.72362923468947,1407432.0,,83,142
1869.9358855833214,1163.0767917049568,141285.30931526146,20.5700529255308,0.17471614627517112,71.95744227130534,1681658.0,,83,110
1096.5406356628855,139.88278984459555,94670.18320735356,17.592688046238777,0.3472208313901759,94.63967950899942,1453737.0,,83,145
1395.015632530799,996.7539875228035,173640.3475156646,24.188068142806905,0.06918290322088944,56.70559309423519,1836706.0,,83,7
960.2805520499253,1529.1287576175093,101329.7662749517,16.78782228771422,0.048346766902786845,79.77890338775158,1585792.0,,83,41
2066.312472811593,2111.8951955484777,103383.68196413049,18.055936126030975,0.32598603311122865,82.90748783433007,1553041.0,,83,17
897.4712300574431,2355.1672514871275,145555.04493872946,19.973780281683766,0.1969114311822097,80.95212255521851,1607926.0,,83,60
56.41074931218644,2336.102120084156,120822.02059630319,29.15389067204179,0.09218866201619508,87.99143756002012,1533744.0,,83,161
62.961256469775165,800.1840571218233,104118.50823602061,18.849268529321648,0.2907926371342456,87.99143756002012,1505239.0,,83,126
164.0057501451359,1411.7595547784258,113170.28518608384,17.61728502103698,0.14539735812984456,77.4324650528177,1611051.0,,83,147
264.7640142478384,1230.2543386185669,164906.90403304074,22.46192651684923,0.09289392692129939,67.65563865725991,1747043.0,,83,103
362.9822618452263,2148.742177917967,139976.3877974242,20.065906247302454,0.24133786913560692,81.73426866686313,1578685.0,,83,29
364.4575264647563,1905.4713425067162,195649.15695123267,27.93899900684828,0.1638947917772709,56.70559309423519,1833362.0,,83,26
955.6276618885984,1664.9481036522086,172589.14314161421,23.7962661920106,0.03835924266453009,58.66095837334675,1817077.0,,83,133
477.22066079466305,2464.3462336110233,211387.10993668993,26.84802677129099,0.317299414969701,69.61100393637147,1749494.0,,83,132
562.7093081997741,267.7910855439111,157921.5571099426,27.846654315489268,0.4674714141654357,85.25392616926393,1557809.0,,83,151
637.5533963774316,957.1252317736233,155864.90390937307,20.10818361056211,0.08213984773023608,76.65031894117308,1642780.0,,83,174
636.1678016372605,2036.7011566633971,167057.41476700763,23.22221922914135,0.19403202372124911,72.73958838294996,1687840.0,,83,52
665.8012549671018,1537.7465606510284,102647.6824730729,17.127539406847347,0.012642133353265892,70.78422310383841,1670309.0,,83,159
857.0572983872355,1208.158661340105,113653.26041002439,16.10095328178189,0.017228607030127387,81.73426866686313,1567960.0,,83,38
1142.258883409763,1928.6200533656677,107918.39607843137,17.018202652155086,0.08690558074034457,78.74117647058823,1586193.0,,84,1
1260.0749498945834,436.16819802701787,146142.86274509804,19.124330216949012,0.2295053275173036,83.68627450980392,1572011.0,,84,5
1395.1669905235149,996.0956210077474,181275.12156862745,23.8698515563913,0.09511798375993527,60.86274509803921,1802214.0,,84,7
1678.0368089837082,867.7965199380617,114968.20392156862,18.290805362081574,0.1850586176000782,79.88235294117646,1588038.0,,84,143
1478.3102056168505,892.9016323971916,151700.39215686274,21.009201964891595,0.12874422095137006,67.70980392156862,1719490.0,,84,141
1582.4849185089558,1103.621746006132,117864.50980392157,18.609102767876784,0.09670074285104933,73.79607843137255,1639033.0,,84,11
1115.6510189766943,1386.1480023234533,138833.24705882353,20.630124379788935,0.034688040460238725,67.70980392156862,1706595.0,,84,168
1830.7306608079775,314.6579789528596,75835.74117647059,18.78034711036777,0.2778312768857411,84.82745098039216,1534495.0,,84,142
1872.9621296754224,1164.1760863398213,151522.74901960784,21.891226404529917,0.18398554847576934,68.85098039215686,1711056.0,,84,110
2066.1709753352457,2112.2892927241032,110856.92549019608,18.444661268902916,0.2911990445158448,85.96862745098039,1533165.0,,84,17
1445.5701133961647,1606.348046929662,154946.27843137254,30.541703355558866,0.13596524118670783,44.12549019607843,1949890.0,,84,169
1095.9703471643115,138.53662842675442,101265.71764705883,17.22807895212598,0.2722841618735099,97.0,1440808.0,,84,145
957.7794398122722,1528.4199710419891,114283.11764705883,17.67396639567666,0.051067027183023035,85.96862745098039,1537312.0,,84,41
54.958190300414216,2336.0533555372526,126546.58039215686,28.79977342803452,0.06114415040888654,91.67450980392157,1490747.0,,84,161
59.72265250287625,799.1016665278664,123325.8,20.12114780692432,0.2207061302236317,95.85882352941177,1441017.0,,84,126
162.78028590726873,1413.306231889567,130093.73725490196,18.755418925769387,0.1374741011821271,83.68627450980392,1561743.0,,84,147
260.5171539871577,1226.4904950110006,174108.15294117646,24.646968803497348,0.26956821317736307,72.65490196078431,1706811.0,,84,103
360.3546629028078,1905.712038692668,204015.34509803922,26.621413808218087,0.1270921110435864,60.101960784313725,1807792.0,,84,26
366.5665101966307,2147.6375814948105,145865.17647058822,20.800061221319016,0.20732317816415788,84.06666666666666,1553873.0,,84,29
956.0306519418325,1664.6094601631312,189203.63529411764,24.360355119997838,0.04859875854159605,64.66666666666667,1781848.0,,84,133
477.1425104652154,2466.425592225522,205185.8117647059,27.157418196223627,0.2935785508091818,69.9921568627451,1731189.0,,84,132
598.750922606341,237.4730674979384,130081.18431372549,25.61548726344691,0.3702748355964844,93.95686274509804,1462863.0,,84,151
635.2480404878725,2037.0755829676411,167385.10196078432,20.90665738278684,0.18960468502165603,76.83921568627451,1637179.0,,84,52
655.2621076882751,967.3959275456289,137867.431372549,18.055788239693122,0.023210533945927227,86.72941176470589,1541486.0,,84,174
861.5747178343729,1208.2865560897285,121296.78823529412,17.078755695206986,0.02303086196528644,86.72941176470589,1537911.0,,84,38
901.0680502739284,2355.023200773445,147544.60784313726,20.1853788304915,0.23933260090213176,84.82745098039216,1559903.0,,84,60
1115.5243879483119,1384.5205069149938,134581.04454831965,20.5873997172398,0.004763617806605791,67.05879687606586,1720198.0,,85,168
1142.1313182788165,1928.5742232980504,105272.252275892,17.360209358935375,0.06760055678572695,76.74506753594204,1603395.0,,85,1
1249.1928322787703,443.82062417251836,142663.49231624324,18.829499351542875,0.18216348785074693,82.70584948048123,1574278.0,,85,5
1583.055134343794,1104.124693604819,110951.75982242324,18.15160202216588,0.07384910547519694,72.64702994907135,1665505.0,,85,11
1443.5885575343557,1601.5351395813884,154444.2327318819,31.059847147080703,0.11194052781127786,43.58821796944281,1955559.0,,85,169
1475.3475913723444,891.3078461864011,151409.07707549684,21.275258384080185,0.17755443378106928,65.94115026146477,1730822.0,,85,141
1681.6743865554013,871.2950232060451,112457.97491003398,17.933336916639433,0.1346021892724995,76.74506753594204,1615340.0,,85,143
1830.8481867911175,316.066508234034,77911.89060158559,18.238112075887944,0.30950764072900394,94.9999622410933,1426634.0,,85,142
1871.4360497054176,1171.4359716013673,143097.13920270847,20.88615365476334,0.1955016928303366,68.92154123373436,1712506.0,,85,110
1095.3167802004257,138.12680759370835,97512.05928184504,16.884154026835688,0.29339179273821686,93.8823156264922,1455355.0,,85,145
1405.0361945652057,994.1914454309108,172674.53921151193,22.651947845962262,0.11368497299015931,63.70585703226257,1767188.0,,85,7
2066.4258436881732,2111.8953983232987,104696.66426937243,18.73895421684798,0.33794069145225086,82.70584948048123,1561866.0,,85,17
953.2369469361687,1664.2036945298523,181992.3590374413,22.87762601603842,0.02491201852900637,64.82350364686367,1776351.0,,85,133
914.2384505441606,2360.8368733964257,150139.43052131,21.392254124982784,0.27391845939169795,80.84310512281273,1603284.0,,85,60
55.17695519099301,2339.008507490863,120380.59921206963,30.559174002922095,0.14617459350014936,81.96075173741383,1566237.0,,85,161
62.44755316035735,798.7023546084366,113302.17065292934,19.180067596668877,0.2398738868481925,89.78427803962151,1489986.0,,85,126
257.5593453946689,1225.3435210263067,162449.56288339803,25.351586389585144,0.31977406384833523,72.64702994907135,1697911.0,,85,103
362.52827973426173,1916.7868572325326,192289.98239550425,27.107167936043336,0.11107495878808063,56.99997734465598,1829623.0,,85,26
369.3026954199731,2147.5640185868688,137980.55300106466,20.11291085492046,0.2106371513633033,81.58820286588013,1590644.0,,85,29
962.4716302261019,1524.821528708167,107891.64339164543,16.730343292345857,0.04585684507876757,84.94114270968342,1535047.0,,85,41
477.9298430114055,2466.819582375645,206174.5062886937,27.50605967559988,0.31480969140539633,69.29409010526805,1733122.0,,85,132
554.7960870763295,279.1607146137595,121678.1869316215,18.370363081209483,0.3109104242974298,93.8823156264922,1471517.0,,85,151
606.9846070300158,1524.7390699052132,113195.24912679917,17.170946490225717,0.08365676198958334,79.72545850821163,1590216.0,,85,159
631.8959346760408,2037.1517868495034,158226.72142456353,20.594842197941368,0.14388450141547307,74.88232317827355,1660666.0,,85,52
670.523018322164,984.9711083269568,132918.35893466475,18.456810148873803,0.03971603817113037,80.84310512281273,1593579.0,,85,174
861.831395405063,1213.090764028355,115568.75798734037,17.534678809317747,0.011462208580851984,81.96075173741383,1571626.0,,85,38
1117.020636978382,1384.0521801172795,132967.39313832743,20.099409656948442,0.027917867851960904,72.84700994675066,1660688.0,,86,168
1143.6184089831986,1928.0778729877238,110813.85506109087,17.010534179541107,0.0662276267318891,82.58817988149057,1550446.0,,86,1
1252.1241201356963,443.7180897743199,161675.89152338874,19.557975456865197,0.17776727787785485,85.97641290226969,1552952.0,,86,5
1682.969603187728,873.8663524612756,107565.3866524189,18.834987826931542,0.13881434344441299,72.84700994675066,1647615.0,,86,143
1404.8400808990145,995.7286268699567,165225.48914178245,21.985080146288926,0.14246528833800357,68.1881895431794,1734296.0,,86,7
1583.3205011846367,1103.95704374488,124595.06934398226,19.06004241928063,0.0787333667151264,75.38818471233499,1644827.0,,86,11
1834.4475922738145,328.40748027095304,75779.52562623497,15.871268300054854,0.33380843738487204,107.99992753733383,1318278.0,,86,142
1876.8014410299932,1171.5521724322755,151714.9099714258,21.041445907982748,0.18167467612796476,73.27053907434805,1671198.0,,86,110
1094.203995812638,137.05130409604206,95075.93620869955,17.040361442151365,0.26531083463258254,99.95287411298347,1402914.0,,86,145
1401.1547528232743,1621.0830478897115,169890.23895314007,31.29940707274225,0.19719775129800177,47.43526229090741,1951978.0,,86,169
2067.4678184449094,2112.0213594224147,111516.48988377495,18.183423803361986,0.30444643979968505,91.9058206886331,1479848.0,,86,17
957.5095997423552,1519.7540979545324,102576.21352932169,16.38443284172992,0.015216051925241095,93.59993719902266,1461817.0,,86,41
914.6315700346746,2364.783157272263,157565.5413400561,22.449873140425115,0.3110524304444304,87.24700028506184,1542410.0,,86,60
952.1755901852798,1664.318874886702,184105.5705918188,22.42435599264682,0.03582499103567339,70.72936430876372,1722177.0,,86,133
61.44922481597711,800.1296789372611,117549.23877727213,19.376476492554684,0.23818139886909231,98.68228673019131,1420605.0,,86,126
164.06870299542288,1413.4064627477899,128341.60800670876,17.62850740665175,0.15814615466898005,86.39994202986706,1552128.0,,86,147
360.6663680786547,1915.7385701881105,216075.6667885076,26.89262741740209,0.11509788508215514,61.83525262921859,1811118.0,,86,26
369.56927760501645,2145.09215979443,148998.39414701614,20.88724980036457,0.24504519002695535,90.63523330584094,1508187.0,,86,29
254.19241192411926,1224.5481887635415,181443.69002486923,24.97924181787271,0.24231390114233148,77.08230122272454,1665251.0,,86,103
478.06794625341337,2466.7990141858654,214811.855871757,26.091410107630978,0.291120281715555,72.84700994675066,1713464.0,,86,132
558.100669120955,277.9632933930642,133681.88677658423,19.22370309491749,0.3245855288917268,99.95287411298347,1427776.0,,86,151
578.6208829234533,1514.6129809957338,130350.83018803077,18.278114113340155,0.04325634487498927,85.97641290226969,1543554.0,,86,159
633.1316944101932,2038.9140130497328,164871.41879111103,20.632385897457894,0.17305633602089046,78.77641773311409,1631198.0,,86,52
654.8615029313299,1014.0724308929546,185589.19312579246,22.676491458746035,0.10594542184923064,73.69406820194544,1679524.0,,86,174
863.2498585605556,1212.1944463223965,119028.2024908422,16.612840457617953,0.012279885509442666,89.78817505064617,1506230.0,,86,38
1249.9054395429414,444.5895715554789,170323.33171902088,20.611890821086398,0.19493250447816066,85.23772727643414,1569780.0,,87,5
1114.0564540791304,1380.4507728969643,141363.30408183276,20.945506822223,0.03720081653791687,70.55563071207229,1697431.0,,87,168
1141.3762560707046,1929.0897552758615,111856.36834762219,17.239796470669546,0.11285083045210477,81.9750391510204,1568934.0,,87,1
2067.584691888882,2111.9368967704017,105469.65634212478,19.458745089841923,0.3348689993500553,86.86907133914102,1530636.0,,87,17
1881.5182687588479,1170.374283306902,143756.89365783942,22.76610294977827,0.1503802875224425,60.76756633583104,1774345.0,,87,110
1406.0023543868397,992.945065985783,161964.32474171085,22.891775366140692,0.17185711262434678,66.4772705553051,1742358.0,,87,7
1436.919310277457,1598.6246126948424,162821.5960466633,31.642285697515327,0.09089339876642977,44.454125708762305,1951272.0,,87,169
1583.192286600038,1104.4746188253816,109321.66751019139,18.301055224349483,0.05752623103960968,66.88510657098182,1716647.0,,87,11
1681.094161779629,872.0497660683134,107306.14192071705,16.632076471308462,0.12045874199506443,79.9358590726368,1584944.0,,87,143
1834.2296163194085,322.8372369596377,78531.27183464619,15.12728750539989,0.30131101616508105,103.99818399756319,1358010.0,,87,142
1088.5918228694864,128.2945221587346,93645.67457562537,16.969128273672066,0.323224920674204,98.69631579376585,1410075.0,,87,145
953.3423106435936,1666.0355896975154,189744.4827855462,23.412628962947696,0.03561427672462104,68.51645063368869,1748467.0,,87,133
636.3970186632596,2039.8810392175328,160243.2567555551,22.651739847309923,0.16643962905475662,70.55563071207229,1700533.0,,87,52
915.8663902528107,2371.33644470394,158562.15669893567,21.548673120812055,0.27205614851124427,86.4612353234643,1553499.0,,87,60
61.38800417700039,2333.033720576078,131226.13207617225,23.431670800950982,0.2134305912425759,77.48884297857649,1640012.0,,87,161
63.53077468319416,794.4453607178051,117952.29327394211,18.192929035043388,0.2674192893874479,94.61795563699866,1445671.0,,87,126
163.63468413215875,1412.470715564797,124351.64819592549,17.662869717905284,0.15305799562099667,84.82989126075742,1552383.0,,87,147
252.60134343567384,1223.7020086835762,176499.60034042908,24.7208636782372,0.24057381647520842,77.48884297857649,1663884.0,,87,103
362.44120269129314,1926.5601188322346,155539.6839867555,28.035104561445596,0.0942967391989721,53.01868203797339,1799164.0,,87,26
368.9183361823362,2142.734675213675,143150.44150252815,20.293311951761595,0.22010431320954055,87.27690735481774,1535264.0,,87,29
948.4064100634253,1515.819227749277,100246.50048935306,16.38909846217834,0.032677892481449776,92.98661157429179,1464416.0,,87,41
482.18092464654586,2469.088171623757,200829.05785562372,29.92285145825379,0.3231952594867952,72.59481079045587,1669393.0,,87,132
559.2460313216556,278.1834918078678,129662.08095605204,18.12201775504532,0.34576881602267023,102.77467595053304,1395170.0,,87,151
605.6529159820241,173.1489135870508,119882.9889721557,17.28368514402398,0.34793919333602175,103.18251196620974,1375524.0,,87,188
664.5713236187245,1041.8875212074431,208173.36882593008,27.575314951015372,0.06776165564406447,61.58323836718448,1792694.0,,87,174
862.6034546572317,1228.8455472749172,130024.64717398865,17.300927754003606,0.05446140170317631,86.4612353234643,1535027.0,,87,38
1116.4342020810448,1383.5518008566103,133439.4912833786,20.16058489986579,0.016992449537284626,68.76456498118982,1696136.0,,88,168
1141.018386135419,1926.9565763747842,108460.66011299584,16.352134442620056,0.09183793647793227,81.94100857039984,1568707.0,,88,1
1251.2901093739515,444.2695843376914,159549.4377831226,19.88027973850661,0.18096668728685492,84.82335560553955,1557943.0,,88,5
1678.9737072910311,869.059956528371,107980.95521357616,17.64467933014991,0.19933245420051113,82.76453629472547,1563766.0,,88,143
1404.5796068006728,992.0201166621522,130734.2027089689,22.360974935882158,0.15523247412101274,62.588107048747624,1754615.0,,88,7
1583.149045679518,1104.7353367957533,114642.47097564615,18.136978295245843,0.08672489487458412,70.8233842920039,1676614.0,,88,11
1816.988198857533,300.1415183366965,82030.77309235134,18.493306337782734,0.3783944682595825,104.99978485151739,1348748.0,,88,142
1888.6999572256939,1175.4474825169516,162686.66664894106,23.951689388783194,0.1628575038794408,64.64692635956169,1751704.0,,88,110
2066.786452774226,2112.4538944135043,116891.93695464161,18.61171769780615,0.32715001729850834,89.76452195149331,1498537.0,,88,17
1081.4639570743386,111.87549563179026,99071.2087640972,17.63990044086685,0.30211520396282243,98.8233269190752,1419102.0,,88,145
1401.8620801742281,1621.5200923149434,152011.27675850794,30.99539872221122,0.201976012106218,42.41167780276977,1979415.0,,88,169
955.1322115857995,1665.761168426235,188186.37910495975,23.26778899945468,0.04673625665512335,68.352801119027,1740559.0,,88,133
944.1537088580736,1506.7003915009757,98970.32661786732,15.707488541156017,0.0597387875783363,90.99981353798174,1480240.0,,88,41
915.8904299318688,2373.1980915592612,150729.45585559512,20.449072584082824,0.2705521245468246,85.64688332986518,1541623.0,,88,60
62.307026580768984,793.413734220535,116709.52556370349,18.45972423204003,0.24912681469294023,95.9409798839355,1440224.0,,88,126
63.75553675924807,2326.020533047936,95415.56919581575,17.438882640433196,0.37865868370387984,91.82334126230737,1453537.0,,88,161
163.8364743525583,1413.7958342885001,127531.09162520438,18.087392883741405,0.197578336870862,84.82335560553955,1556223.0,,88,147
350.5886521872514,1984.4635423437103,79190.01420729009,30.195835587659666,0.2060749387317183,42.82344166493259,1656164.0,,88,26
370.9847380978466,2134.925081254793,135303.9580512518,19.006188403483197,0.2431985381776402,84.82335560553955,1549550.0,,88,29
247.58339284586498,1231.8291213035432,169514.12324746264,21.914262359199704,0.12176869544254125,72.88220360281795,1696445.0,,88,103
557.5497091202876,279.8747805829275,126906.85761016555,18.963636446441487,0.31196499368117414,93.88216057312144,1470872.0,,88,151
603.7745651996117,148.946892301784,115796.64508128852,18.961332576880153,0.37191042478380554,96.76450760826113,1431663.0,,88,188
636.4796030245747,2039.5407912503376,152476.15815888977,21.44610702076733,0.1547557107201106,72.88220360281795,1676243.0,,88,52
659.4626726245473,1046.108965029476,201439.82253639423,24.179872765257993,0.0744051592846832,66.29398180821295,1770169.0,,88,174
868.025996045672,1235.7866099241241,146198.4063163555,18.494224377302444,0.022820720693177293,82.76453629472547,1595022.0,,88,38
478.3795140103624,2467.187123404937,210681.86242263857,27.134457186944474,0.3101080824731439,71.23514815416671,1720560.0,,88,132
1069.5994892824797,111.28677753178357,92449.29215679583,16.654597706620848,0.30495758649517307,93.81071040029096,1448476.0,,89,145
1116.1432438722638,1384.2517271580289,126585.53661071988,20.436648122289288,0.03566913018976752,64.7371431274735,1731538.0,,89,168
1142.0874935079244,1925.7728914524937,98522.95418386921,16.97538311158846,0.10540196879221186,75.97892247296292,1613932.0,,89,1
1255.1016487523636,438.4209794920347,146171.42976350788,19.907998341105735,0.22716877814170738,80.63069323661371,1593179.0,,89,5
2068.6769937189297,2111.2494455690176,104177.95684221401,18.605563359225346,0.3652318121284987,82.95657861843911,1549439.0,,89,17
1426.828437757154,1582.599894277353,142265.88055985942,30.10721766547286,0.1530739799480751,43.02887956376982,1959010.0,,89,169
1582.5204764219081,1104.1712702334185,114856.87192530168,18.153142301137382,0.08594835803926762,72.87774196386239,1668803.0,,89,11
1679.4107806239292,880.5148475971044,111548.29996965505,17.105592420679262,0.16914107621338845,82.95657861843911,1555687.0,,89,143
1800.8223228594666,283.94366827568615,80548.12430555891,18.74159525661519,0.37157456942335537,97.68718603666662,1411595.0,,89,142
1886.9532570716458,1179.0601277221137,147444.46436249366,21.418212913530652,0.12425075397666804,66.67538094566133,1729668.0,,89,110
952.8585312218504,1666.4665337449155,179453.29898717476,23.448096937278695,0.030241454150081313,61.63596261837298,1796243.0,,89,133
1402.5566787488647,987.059983585346,132721.60989553892,23.786127523184142,0.07100263961550247,58.92242967291002,1820788.0,,89,7
941.434356692266,1498.657085657613,105142.03633298064,16.983684821117254,0.02250040503047927,84.89481643662694,1537579.0,,89,41
64.02826981964162,796.9446104933116,105832.43664381915,18.05097259245493,0.2749184325827009,92.64776770937826,1477163.0,,89,126
869.0613656232466,1244.0165424914208,148544.60814809706,19.41616345420264,0.03329207048260231,76.75421760023805,1636542.0,,89,38
917.9129302077783,2375.20389451252,145522.89538954225,22.014050097718233,0.3062309626392539,81.01834080025128,1593942.0,,89,60
63.61944702139647,2326.459204378418,91510.79740522927,17.229369384031653,0.3703010191064394,90.70952989119043,1470702.0,,89,161
164.98531569277944,1414.3691431290395,117316.1080690184,18.025586648216056,0.16540822291277912,79.85539810933858,1602797.0,,89,147
348.63301027237105,2000.828756188418,120192.0653436455,30.359743758095714,0.09702122372158499,47.68065032742061,1743105.0,,89,26
363.5280661131801,2134.1187178832515,132090.51966193694,19.66156893443253,0.22678934989743404,78.69245541842588,1601689.0,,89,29
558.1335632501864,279.20350046905446,128925.37730483622,18.57187648063153,0.2984173871548124,92.64776770937826,1488691.0,,89,151
600.9003058062458,127.22566192966795,114212.98932209969,19.123896661939984,0.3899811915978127,98.8501287275793,1417958.0,,89,188
639.0212420382961,2040.3489631356556,155135.39202506296,21.565587999554058,0.15455837326194843,74.81597978205022,1657225.0,,89,52
673.6336369121154,1043.0862431886305,202392.73121299135,25.944204326903495,0.04251806556132419,62.79890530928568,1783335.0,,89,174
478.87546681021433,2467.5284329008214,207396.8736119887,26.585717435853812,0.2988037062297847,69.77656145476186,1746497.0,,89,132
1241.2678028224911,438.6342714400775,173017.7843137255,21.012865247286424,0.18746622890934264,80.78431372549021,1605945.0,,90,5
1054.4193279024,107.17211720152736,103033.12156862747,17.718396310320163,0.34245979503385043,100.98039215686275,1392690.0,,90,145
1116.81875660169,1384.8053101594007,134606.0549019608,19.98923071937128,0.024222229171210412,70.68627450980392,1689115.0,,90,168
1142.9999736421967,1925.9747078049222,107271.87450980394,17.494052884195487,0.07573238704490148,78.76470588235294,1591799.0,,90,1
953.8609865470852,1666.5969459501055,191588.48235294118,23.567734342630768,0.012919726664556642,65.43529411764706,1776416.0,,90,133
1393.107153634633,989.5009800465346,143220.49019607843,23.12574365813875,0.12810246555605795,65.43529411764706,1748667.0,,90,7
1430.2250967009102,1585.260957351521,161441.7960784314,30.191302415963012,0.1392542108851118,47.25882352941177,1940037.0,,90,169
1582.3578314473907,1103.8631717615267,119580.98039215687,17.688420970978335,0.08434441165122172,76.34117647058824,1628918.0,,90,11
1692.2150592223345,871.9869203186773,101044.61568627451,17.277495144572683,0.1988426111807581,90.07450980392157,1490655.0,,90,143
1783.5683738223156,270.07166355212956,83001.03529411765,16.608673045200046,0.3190951772087264,98.9607843137255,1399691.0,,90,142
1886.6085779427983,1188.9191362178954,157849.72156862746,22.219866721405904,0.14571614745313508,67.85882352941177,1717153.0,,90,110
2068.0943392249237,2112.2462312440493,114973.44705882354,18.622791128241172,0.32281842223731705,89.67058823529412,1490191.0,,90,17
938.6920317782543,1497.4836606045806,105854.10980392157,16.37687389989749,0.052210981104861776,89.67058823529412,1500649.0,,90,41
882.1378909883807,1264.7838224576496,136340.49411764706,18.13253183474992,0.044617265982710756,86.84313725490196,1538433.0,,90,38
61.89586277646654,795.344073949194,112607.67843137257,19.43486020591287,0.2204634854555799,95.72941176470589,1442259.0,,90,126
164.9620012037913,1414.2575319633042,122136.99607843139,17.913611011497874,0.19203053231068698,84.82352941176471,1557195.0,,90,147
914.9284484610876,2387.1833882865985,152273.18039215688,20.124435369952135,0.2668243910391164,84.82352941176471,1562454.0,,90,60
348.9223795393192,2007.1761617472416,135709.9725490196,26.764005452851542,0.08940732166932337,54.93333333333334,1731660.0,,90,26
361.71403028261244,2134.7964338738234,138479.2588235294,19.106859219507207,0.21954996563835197,85.63137254901962,1552249.0,,90,29
57.11269383108716,2325.409359318175,94738.59215686275,16.995254897982488,0.38749041308379495,94.921568627451,1433715.0,,90,161
559.642534101796,278.86395170242855,132807.39215686277,18.668543058213228,0.32486894097093866,99.7686274509804,1417372.0,,90,151
600.1960898829416,114.21214710346345,112040.97647058824,17.830221360018882,0.3417900266816754,102.59607843137256,1371788.0,,90,188
639.904239043708,2042.153738229962,165540.38823529414,21.379421796577642,0.12439398146719484,78.76470588235294,1632565.0,,90,52
669.2364482384498,1044.5103573383255,208856.93725490198,26.1462942370469,0.04530316403920177,61.800000000000004,1803257.0,,90,174
480.4076526502934,2467.868789969676,217651.52156862748,26.881405244625,0.3122864702706485,73.51372549019608,1707998.0,,90,132
1048.9258661979213,97.35172836420226,103028.34350971595,18.795984151695038,0.3659996682775901,105.92017188889432,1357545.0,,91,145
1115.3080159257968,1385.301655568023,141780.588358243,20.23428842709347,0.038217787256992465,71.85956759521065,1678373.0,,91,168
1143.9091384123333,1925.4232153127498,118442.84381872328,17.93678414160769,0.06379225645560765,81.82852494945953,1573287.0,,91,1
1232.7199425322806,434.59138549634014,161616.73662708278,19.49550310231236,0.21315971121564958,90.966735857521,1520183.0,,91,5
1703.2399938999874,866.1091301474631,89883.85786491571,15.832956687134102,0.21438217959955416,93.87434841917693,1446269.0,,91,143
1434.5146024755916,1585.2712021449092,156008.7827420947,30.85905006401888,0.1507504302979067,48.59866710196327,1886545.0,,91,169
1584.3827576865772,1104.7610998239197,122668.02024403242,17.589784769591486,0.06978133654667393,80.58240528017842,1588809.0,,91,11
1766.5865763099132,260.8942981772862,79988.42157115442,17.71741245373229,0.317659433993762,103.8433057734258,1362648.0,,91,142
1886.7802168482456,1197.1745667612709,158795.10632260726,22.064989099642787,0.16447610903333232,68.95195503355473,1710656.0,,91,110
2068.621052743536,2111.853082467392,117161.4174254792,18.966499967643173,0.31315580162385914,89.72061618823989,1489496.0,,91,17
952.5497308112791,1667.7217496235482,201368.78482359636,24.532932152500134,0.009652624140715008,66.0443424718988,1766914.0,,91,133
1390.9314181785319,993.2611525948352,147078.6738188032,23.224121454503813,0.15579676181199906,63.136729910242885,1770478.0,,91,7
938.7146018827722,1496.9694903016439,105852.46605353004,15.304305833898239,0.012179140857049317,92.62822874989581,1478392.0,,91,41
891.3397001297175,2372.21531578094,163949.47264797703,20.794350186913142,0.2547182271173621,84.73613751111544,1564369.0,,91,60
51.78543069600123,2303.004335841248,113618.69920571301,18.92171507581773,0.35600083777055413,98.85882709630135,1421844.0,,91,161
879.2011808315,1261.820319509879,158785.9681116992,19.106197168461243,0.043554544567320025,83.90539106492804,1570948.0,,91,38
61.734323409256255,797.0714960266383,118756.86597538211,18.99687769807052,0.24385799139853123,98.85882709630135,1419641.0,,91,126
165.08252558343747,1414.2066128541996,122987.85762581458,18.12344752516957,0.19631876191107736,86.81300362658396,1533473.0,,91,147
366.0862467118422,2015.2379898900513,137061.53317067542,27.423719587860486,0.12367478757511724,53.58314577908771,1749604.0,,91,26
361.7023072059745,2135.143190432798,139939.6542334917,20.209594068366528,0.21896061803586866,84.73613751111544,1554104.0,,91,29
246.75089708474002,1233.3424870185174,176065.49419239725,23.11717130403059,0.12101788834574848,76.42867304924138,1661078.0,,91,103
559.5936001839807,277.47635081346596,140880.47458379893,19.497270300647457,0.30604711510121124,100.93569321176987,1418492.0,,91,151
604.9032782701894,108.53316207618107,122080.26713335484,19.144753952966695,0.34790971666719583,103.01255932723839,1372329.0,,91,188
638.0690279611565,2041.1719353649935,170197.9320429756,20.49280847477687,0.15978965934999073,81.82852494945953,1608680.0,,91,52
679.1315135607368,1043.739249377854,213479.82188933948,25.8710969019472,0.05927504062449171,68.53658181046103,1747574.0,,91,174
479.2574891010006,2468.1144980698687,216280.6835326603,27.620846617607484,0.3135109201876808,71.44419437211695,1714601.0,,91,132
1224.1559199335954,428.9440569336908,152741.70563225093,20.101813541221656,0.25767685110079064,86.46266726042862,1537652.0,,92,5
1046.1703604871382,68.59535328875064,102501.07635133783,17.838133194805675,0.32534856207137497,105.99990457408315,1347283.0,,92,145
1114.6334351304245,1384.3541615147408,139518.7371440094,19.90793527094102,0.026956990859118516,71.91366075026033,1674600.0,,92,168
2069.3855632794694,2112.9373981225926,108891.83138240431,17.8426298698247,0.3062163509786787,84.79992365926653,1532394.0,,92,17
1143.291782464968,1926.7045497762047,113675.12903704736,17.474085421643096,0.12486401277941783,81.89012235723287,1578137.0,,92,1
953.1206870969582,1667.3849158249159,182101.6007697705,24.18020303467593,0.026921416380998927,63.59994274444989,1785834.0,,92,133
1391.7754878700064,993.3689018073151,142440.1776512512,22.848297718858753,0.10721997565994873,59.02739784125415,1826390.0,,92,7
1400.8331018498793,1624.9044129551205,146353.44471658618,30.96460446667874,0.14161112595788117,43.64701953050483,1958852.0,,92,169
1584.4889592013337,1104.4972318651248,124414.37427105299,18.74002509487203,0.10984304988013834,74.82346205229399,1637932.0,,92,11
1710.0725542478854,878.5388378080177,90419.99703119438,15.721401000863043,0.20892255539887822,90.61952626333384,1481729.0,,92,143
1756.3493650640303,238.02540280595542,77449.7655703295,17.630271069702143,0.3485906289905674,99.76461606972532,1396482.0,,92,142
1877.2738924499095,1200.9439902326292,152530.12150900305,21.10246851447086,0.14138560144802628,69.00385944822668,1698172.0,,92,110
937.9329594719927,1498.0820438711903,96362.2269758474,16.14901810500821,0.020777146078903182,88.54109676188122,1506693.0,,92,41
882.6861416390059,1256.2974143492183,141763.85669147852,17.935704097201416,0.0253444846007126,83.96855185868547,1568426.0,,92,38
63.608466133399475,796.2883900704823,100556.49770977876,17.047504319582313,0.23208903145370952,88.1254108615907,1504093.0,,92,126
63.168455908974416,2294.7598577826957,102184.32369531645,18.229039340657383,0.3910061907719524,89.78815446275279,1492991.0,,92,161
165.44057065614496,1414.8481185152712,113781.54462752173,17.853660289622677,0.1811304363596585,79.81169285578025,1588854.0,,92,147
248.21586354785438,1232.3632791895689,168647.92660686775,22.199627032643022,0.11787741705643459,72.74503255084137,1704721.0,,92,103
350.94632260471576,2120.562787660857,129242.15031702712,19.2536369905989,0.24538523173475155,79.81169285578025,1597297.0,,92,29
379.10165564354713,2011.9696746366722,152852.6937676285,28.091150232215437,0.059038182253110374,52.37642343660579,1807587.0,,92,26
879.4698399979321,2375.878504407165,160816.4042453943,21.427865285801076,0.282260615656519,83.96855185868547,1580574.0,,92,60
477.4582559061552,2466.3074550014426,206025.15570329063,27.768071220482863,0.307048641958464,68.58817354793615,1734084.0,,92,132
559.56147418681,277.9908625588728,128152.63757236565,19.95943291160258,0.3478077675321256,95.6077570668201,1453639.0,,92,151
612.6913325205046,104.32593586853883,114895.99852620062,18.14410436268519,0.3605079757387258,101.84304557117792,1388366.0,,92,188
638.096640630885,2041.3256195728122,160032.00495154609,20.624640564428702,0.16550797581704277,77.73326335432765,1634401.0,,92,52
665.7226128335028,1047.798547096899,145971.84506011946,18.63648883301857,0.053941818345623685,81.89012235723287,1588214.0,,92,174
953.6849421229931,1668.9268630841457,187336.25222872332,23.712011893667764,0.03851985853704945,69.23398441473297,1728234.0,,93,133
1115.0217758069125,1383.9798437034237,136540.7464633031,20.343227888731487,0.0710870746811589,72.59078365908367,1668398.0,,93,168
1142.8438906609788,1926.723674821709,108788.40871063378,16.98677012507469,0.06513891547639859,83.91998110876725,1547788.0,,93,1
1221.74563650638,426.88268484234374,154459.3408296471,19.595942133094656,0.25122681513001294,88.95517997529328,1529343.0,,93,5
1584.9521385308383,1105.7153156023442,123798.3365317479,18.55513904471661,0.1326126595726607,75.94758290343435,1626589.0,,93,11
1421.367150715021,1605.5282151762628,182241.8897755156,32.36937347660965,0.014866633917845273,42.7991903654713,1970014.0,,93,169
1699.4628411884428,886.5892906664661,89269.46030454562,16.241492580753643,0.20758759326193488,90.63357959746862,1471673.0,,93,143
1745.987947569042,207.60923596814467,72762.4000204511,17.477360025970338,0.30887396050986166,100.7039773305207,1382390.0,,93,142
1873.9662160893392,1199.6665039258976,156418.8723885368,22.70559580458152,0.16879289718506896,66.71638498146996,1725998.0,,93,110
938.7004532361389,1497.1946408832969,102114.25261305353,16.042379033604583,0.06361575229564452,90.63357959746862,1494356.0,,93,41
1392.0090256398273,992.904599863301,143653.38446217668,23.661342089370244,0.07301500451733617,62.10078602048776,1786502.0,,93,7
2068.5656039592564,2113.527032859527,116662.20093816388,18.105866699259277,0.2989706882020673,91.05317950301246,1486608.0,,93,17
877.4498467001941,2365.836479287983,152183.8505418829,20.7787446322898,0.27643550109152865,84.75918091985491,1571014.0,,93,60
873.3641033873816,1255.093447097,159434.9565095859,19.91691592523797,0.01489243740535377,78.04558243115353,1626063.0,,93,38
63.13823622149979,797.9023300316397,115775.58633774974,19.01638218672022,0.21206526616321533,93.99037884181932,1460180.0,,93,126
71.99997041620178,2314.3665474862223,99284.05125016035,17.54313291073647,0.3699504662795773,94.82957865290699,1442000.0,,93,161
166.047607681922,1415.7989426848253,117786.30908511582,17.958874888781153,0.1642815092054254,80.9827817699604,1579822.0,,93,147
384.12619201228154,2013.301858715052,178204.91908427834,26.915415351053724,0.03679718128870182,57.904786965049404,1788707.0,,93,26
477.8860908757916,2467.316131951477,214214.5633781448,26.892854851060168,0.29026433483626685,69.65358432027682,1728578.0,,93,132
557.9043106384094,278.2800670631074,128139.09755459889,20.96002425501975,0.3687097048368407,95.24917855845082,1455283.0,,93,151
613.1701084992239,106.10835394417003,118416.9677431482,18.848158087150622,0.37380754703010555,100.7039773305207,1403099.0,,93,188
639.9986941388815,2042.1728598099908,162266.83627210127,20.275602452709226,0.1434546899785102,79.72398205332888,1616263.0,,93,52
665.9571567560055,1046.2946645741156,144909.66657937493,19.293782357089885,0.08109853621730413,86.43758054203026,1542326.0,,93,174
1113.2861713670973,1386.208831430594,136312.31199603225,20.13432883481095,0.04481830728004826,73.74360348615728,1660752.0,,94,168
1143.637299891549,1925.499182570129,104132.71039477282,16.71350969919185,0.12231578129496216,82.59283590449616,1554824.0,,94,1
1221.1475505568767,420.8417639247241,150092.67383148547,19.711905207882122,0.2358941222402387,89.75650024315144,1518714.0,,94,5
1391.2419203697993,993.1740859052928,140752.94110195868,22.287035279198978,0.10328079819387538,62.78741096821392,1782462.0,,94,7
960.1480807150856,1671.8464549166717,183999.5613224007,25.05182910014458,0.06146317271281286,64.47297904789751,1769657.0,,94,133
1699.5391704618276,885.8749137834044,86143.90645636957,15.814710534538355,0.15698644584451615,87.64954014354694,1500080.0,,94,143
1745.5643001786777,208.59104824300178,70751.7201447189,16.163172759792385,0.3311178001328823,101.9768688208575,1367390.0,,94,142
1868.8592702544686,1200.9854232535433,148474.1070829693,22.676862137496894,0.11937288518901037,63.630195008055715,1739153.0,,94,110
2068.214166584134,2114.104700406061,106369.88062853288,18.403475844130334,0.30775163308831777,83.85701196425886,1549204.0,,94,17
938.5789342262539,1497.257450100699,102942.6993305162,16.57276556717956,0.058353125026809456,88.91371620330965,1501357.0,,94,41
862.5346559882431,2359.966797332172,142221.07089936308,19.50593061237666,0.2061752876084169,84.69979600410065,1563201.0,,94,60
868.106835799859,1268.9065257223397,149488.81906693883,19.047794639279243,0.014803260156513289,79.64309176504987,1611027.0,,94,38
60.09255323260038,798.1941738363657,119947.97429442407,21.124496485740423,0.23952443781457247,91.86346034275593,1476653.0,,94,126
74.42750560491572,2329.6655276924353,101496.48191814768,20.29683566033882,0.4220462850751663,93.54902842243953,1453905.0,,94,161
166.35550202314857,1414.2126319751576,111953.32489248479,17.911326810626296,0.168267429400405,81.32865984473347,1579139.0,,94,147
248.34160489931878,1232.1800106551907,162937.96677473423,21.554480816488027,0.12508709884742242,71.63664338655279,1697096.0,,94,103
383.2545011924916,2012.4560582281922,170501.53214029447,27.70964923054269,0.050709351088617,55.62374662955864,1818317.0,,94,26
559.3172822211316,278.24300289602587,129646.73302492348,17.943393253525883,0.2774069225914112,96.92016458180672,1445331.0,,94,151
610.830946397392,104.84460525563259,125255.8281773477,24.149910943485228,0.4159229207830879,87.64954014354694,1527042.0,,94,188
644.3165345870459,2039.9001734153926,151386.34733264265,20.60741770788742,0.15760532876414204,78.80030772520807,1627161.0,,94,52
669.1299670003395,1045.4604976360401,145190.19907172574,19.193581694719875,0.06559840604791323,82.59283590449616,1574921.0,,94,174
480.2646081808996,2468.0269527302817,211847.2529588733,25.974173258370424,0.2907913173635403,72.90081944631548,1713865.0,,94,132
1111.3362546531946,1385.0568776114867,140981.13568171454,20.69817275486193,0.006860803892194071,74.97287470728571,1659464.0,,95,168
1142.893617903197,1924.990827057073,103356.74823861028,16.806698467789296,0.10277570731648096,82.68437039146367,1550825.0,,95,1
1219.4169889864042,416.9271483190214,153961.72500032053,19.723569234743685,0.2537806765755799,89.96744964874286,1515363.0,,95,5
1392.2721389053204,986.7142084402253,135434.856619083,25.008233257354632,0.10529812375556506,64.26246403481632,1754566.0,,95,7
2067.646425626775,2114.20846947812,112234.8218532336,17.722254724418594,0.3065030070349916,88.68220036804652,1505243.0,,95,17
1698.2858558273106,887.675996197776,85182.46657671043,15.953303533698465,0.18323921776330607,89.96744964874286,1487141.0,,95,143
1744.8623339211895,207.5738005182963,75549.95163431836,18.590683473079594,0.2800067704954705,102.81994245570611,1360114.0,,95,142
1867.3427439379873,1211.6069705050418,158729.9998317039,22.809160148733273,0.12913604677695675,65.97612974241143,1730219.0,,95,110
1412.2261639849366,1605.6173132060937,160179.76102032937,28.598701365407205,0.15343936049827875,51.409971227853056,1905109.0,,95,169
938.9969921941287,1497.4503818089258,100986.32014857935,15.83944251166261,0.010172929703171841,91.25269892943918,1489682.0,,95,41
964.0912667549043,1663.190704581531,188384.12806878335,23.618646651753277,0.03812006274209445,67.26137902310775,1743439.0,,95,133
871.4425883498482,1272.0450111690245,149594.44794451442,18.952561051798035,0.020998569220771094,81.82753753766612,1590333.0,,95,38
56.86006727859763,2353.120114272191,126719.1528302543,29.294017525519937,0.05455634247199082,93.82319749083183,1474720.0,,95,161
62.77087510487323,798.3880238328854,120510.11355521035,18.88063434990395,0.24725568147937435,96.82211247912326,1435818.0,,95,126
166.28906535043336,1414.673089499735,124466.11084119364,18.109356691036492,0.1551463765063138,82.68437039146367,1575433.0,,95,147
343.68157836428384,2103.9654411693873,133413.58791697456,19.383733967320104,0.24056982915630507,83.11278681836244,1561114.0,,95,29
480.5967621158865,2467.939658153094,216835.69139555792,25.99286004780317,0.30547770217709375,75.82970756108325,1696006.0,,95,132
609.4810620024601,115.60024162964964,117374.53372673821,19.21883996427662,0.3759826839458028,97.25052890602204,1432064.0,,95,188
642.1313171667133,2041.4672392899472,160855.37372554874,20.702428996723423,0.13615029228674363,82.68437039146367,1584547.0,,95,52
672.2646728371943,1046.1464144015274,152143.09726813523,19.855115202678984,0.08331155148039446,84.82645252595755,1570207.0,,95,174
851.4624762243452,2348.5870714320354,159018.75250343367,20.902086026641022,0.23319282248070844,84.82645252595755,1565921.0,,95,60
558.2509142196847,278.21787656334965,126057.2494506957,18.115786270756278,0.2717742754767378,98.96419461361714,1425972.0,,95,151
1223.4493991269744,414.57471942609834,180063.42720777137,22.293655358219592,0.21992459006935697,77.80521041740633,1645920.0,,96,5
1144.322362732382,1929.7963374714348,108365.08919296566,17.607760457728016,0.04525889840322608,80.7333634976313,1570255.0,,96,1
1109.2977237614584,1384.6806291658697,142147.19127952115,20.392369392881577,0.04367867576158917,69.85736634250999,1691522.0,,96,168
2066.7610250080193,2114.1803915040136,103021.2098215551,18.729254476947265,0.34688909142294827,84.91643932652411,1530143.0,,96,17
1413.6454811056594,1607.0888259330711,165225.63893510567,29.856648428333376,0.16981332793469653,48.941987198045915,1914248.0,,96,169
1698.3408934740473,884.7251479724574,88270.84783371325,16.162313078363763,0.13913664564905798,87.84459240674909,1496937.0,,96,143
1744.914335436154,208.97439090711333,76918.39834168105,15.729463651268608,0.3083014196961746,99.97551231053824,1383460.0,,96,142
1861.3131155028457,1211.6430635170711,163023.6678187765,25.013068979230162,0.06860318606175225,61.491214684724355,1779770.0,,96,110
1397.4898354995073,984.5233063661947,147309.94346754064,28.82223774226455,0.001515584429077927,58.56306160449939,1836450.0,,96,7
959.9322431221455,1666.4257516396458,193253.92021901908,24.723377848472893,0.04198802076665308,62.7461374333922,1804156.0,,96,133
58.716335628851034,2349.6735773831097,115411.06211915272,27.304867816043586,0.07345167522592783,90.77274548697405,1490935.0,,96,161
881.0285449014262,1278.302688836587,148228.9652271484,19.421026784023876,0.013885554962528773,76.96859525162776,1636581.0,,96,38
937.191752919643,1496.4288878630318,103300.22097934225,16.431565826422087,0.02712131482470802,91.60936065275261,1483585.0,,96,41
63.88690162128015,797.925963812826,116543.42074603401,18.59812202201811,0.21767807194003352,94.95582131586687,1444607.0,,96,126
168.10281072827817,1413.6732571973323,107943.01684183038,19.26753483251976,0.15310114268630456,67.76582842806357,1697645.0,,96,147
342.07431298337997,2100.893769952279,127102.75906090814,19.727056419491102,0.25356686326852007,78.6418255831849,1608036.0,,96,29
478.0269165335567,2467.3886584315082,209242.8909597961,28.782717080118218,0.23356710839654732,71.11228909117783,1707967.0,,96,132
248.2624749586671,1232.8686018904737,160156.16933807047,22.554665407508715,0.1286385216741274,68.18413601095286,1740229.0,,96,103
610.5858832674305,120.42240359593092,123773.03070110946,20.450061500575888,0.39286122702569143,98.7205895618704,1428479.0,,96,188
641.3575323238754,2041.5690828263432,160340.64298212464,20.25861749607885,0.13854809824338457,78.6418255831849,1629070.0,,96,52
670.8715404332803,1049.9274312058342,136919.1831085709,19.84735403716654,0.0711870469651115,76.96859525162776,1632517.0,,96,174
836.8037961429892,2328.065572534643,149818.1157345448,21.169498810840203,0.22066952552533403,81.98828624629914,1606358.0,,96,60
562.2562535649868,274.7108576009373,135671.78989639506,21.650107376130933,0.2755409331001133,82.82490141207771,1590621.0,,96,151
1143.9464076032564,1931.6620696177094,104036.94560077203,16.534530154484784,0.04969592918873476,80.75811228102452,1565661.0,,97,1
1219.4341446002245,412.0953978994432,157336.06988727947,19.583329222273637,0.21930931282237162,88.95690540600164,1528596.0,,97,5
1395.854590579108,983.9090250917665,145519.14935624995,27.151685493427895,0.0663380985938034,59.8511898123329,1828868.0,,97,7
1112.2307723845083,1386.4432125338606,139984.14411757793,20.63198422280811,0.010459900652081829,73.37919846854513,1665774.0,,97,168
2066.8822365145734,2113.045449945965,101280.92129181097,18.657542293515903,0.33016346882752107,85.67738815601079,1526529.0,,97,17
1744.9584031388147,208.71363719884565,75854.41411297572,16.82486482160899,0.3403966427039898,102.07497440596501,1366936.0,,97,142
1881.7126403325271,1247.849133182267,150697.5070939855,23.054789397725653,0.10768377703211635,63.130707062323744,1753440.0,,97,110
1412.8260114205982,1609.9038241563096,180981.38925971347,30.236307515091017,0.15915107015235802,50.83251737485808,1916743.0,,97,169
1697.6874462899568,886.8837702924175,87296.23985853752,17.595113756932886,0.17330594518078699,88.95690540600164,1496087.0,,97,143
935.969403107561,1495.7723811868548,89914.52444299895,15.343917862463481,0.03279236552144808,90.59666403099706,1476337.0,,97,41
48.097356449817084,2360.4861937331,128864.53094182772,31.102929272350227,0.1422213312054879,91.41654334349477,1504307.0,,97,161
64.89191264608931,797.7018542103685,109437.49063219446,17.255249621392146,0.27350888210700014,97.97557784347646,1420735.0,,97,126
159.52278293977784,1417.659508457228,102930.51846855637,18.16833968504196,0.15232674984652064,73.37919846854513,1659710.0,,97,147
338.1913120814732,2097.3087820870537,117537.89823967183,18.973802262422964,0.20030094870711593,78.2984743435314,1609289.0,,97,29
963.3463085304309,1667.0486781564377,183982.96742276757,23.476821883773226,0.050752272250525136,65.59034499981688,1764619.0,,97,133
574.9173285938889,259.15289835258733,119940.14462529014,19.037908888438537,0.3410242033983697,89.77678471849934,1494310.0,,97,151
613.8078327877697,110.03953939358593,112460.38565737351,17.717485414311593,0.36234008471770507,102.89485371846273,1386000.0,,97,188
641.7170799639189,2040.9114298977174,155426.98090812855,20.39674912035944,0.17064575828372053,78.70841399978025,1623195.0,,97,52
671.5873554136585,1049.4976042157664,120888.33505019374,19.2956605738372,0.04294327751569079,69.68974156230543,1699119.0,,97,174
826.4056822911393,2305.1101221611043,145772.902003468,20.475967494318816,0.22126342621869563,82.39787090601995,1582614.0,,97,60
883.4392288373123,1291.4086917505288,140700.30869704467,19.356994434415196,0.011989385992048851,79.1183536560291,1613065.0,,97,38
480.62228555166445,2467.32357172784,207427.82630329588,26.550221843796,0.315577567939471,72.96925881229627,1708937.0,,97,132
1146.4590919466943,1936.5724175659827,99538.10345223751,16.64266074454703,0.0510509643704809,75.60887416771688,1625209.0,,98,1
1218.657177704032,411.30169228428724,151930.35218056888,20.541146530456274,0.26443052525739064,81.87696736296802,1577908.0,,98,5
1395.5322476552874,986.5264700376886,140222.33760348914,27.38752458957259,0.14590772359006618,54.84581545844748,1862224.0,,98,7
1413.7114252637414,1610.1098175414568,168181.9508125563,30.249990858234465,0.171485107126924,47.40245478908675,1926838.0,,98,169
1697.159858902919,884.3773784571341,76631.35687019222,15.584357207176076,0.20550724235807732,86.96979308410957,1506289.0,,98,143
1746.769710335681,209.76860010650162,77982.13095376885,16.43979659716798,0.3198356644485224,98.72246782520546,1399271.0,,98,142
1893.806105418768,1257.5884301060664,149992.72787158686,21.682400249564946,0.18374926376971915,69.73253679716893,1699360.0,,98,110
2068.334136283989,2114.443543939036,104409.58713242176,18.184936371484948,0.280458583772266,83.835746486484,1548707.0,,98,17
1112.3781392859873,1387.9587554468312,128113.94857356277,20.110368431018678,0.055535977655714025,64.63971107602738,1733420.0,,98,168
965.8362239004887,1665.7453909373612,176368.47228137896,23.754804185708988,0.06090203508381039,59.938641179589034,1810924.0,,98,133
47.79253863000365,2365.1804842438255,128793.64492942281,31.674614810362574,0.16355355964677418,84.61925813589039,1582232.0,,98,161
64.65001277929969,797.1951777042618,108827.025811775,17.736345303602683,0.27839245771770843,91.67086298054792,1480959.0,,98,126
165.16757068113088,1416.296371511175,106098.83824854194,18.402495966969816,0.17157445986071174,75.60887416771688,1648275.0,,98,147
336.92900549162925,2097.402452862703,120488.02968989035,19.25828120872767,0.19956081357505415,74.04185086890409,1651069.0,,98,29
483.57339902640973,2469.429784621681,199098.92874230782,28.651149912238576,0.34372734734693405,71.29956009598172,1703726.0,,98,132
612.4439286931789,108.07256367787278,113768.63378458112,19.349659482516575,0.3788730637704689,96.76368870168947,1429842.0,,98,188
643.211946070539,2040.9927323075453,147696.25522717673,20.01956512425489,0.17147322090194675,77.95940911593605,1632595.0,,98,52
670.8490932526219,1050.036815631025,109113.00756380834,18.522628015162642,0.05809693058448553,65.81497855013697,1720288.0,,98,174
833.2218359189757,2299.5629943770746,144567.693211097,19.304749206205823,0.19679164914489702,81.87696736296802,1592462.0,,98,60
879.8789908784964,1297.235972554268,110936.23917197701,16.94725031170602,0.02524571861412686,80.70169988885843,1586763.0,,98,38
935.602406462585,1497.3055357142857,92140.96997019177,16.149857047449714,0.018263052890481184,85.79452560999998,1526779.0,,98,41
575.9978959491484,249.01724688901052,123817.1706882181,18.506343624073562,0.2923128890748807,92.84613045465751,1479026.0,,98,151
1218.4024025950225,409.56112780852544,181458.6980085549,24.11556257063993,0.10997613798786735,71.91372547804494,1687454.0,,99,5
2067.154855266634,2115.5478959882253,110144.39213825183,18.776806754676887,0.3517416037006099,87.70980390674845,1513892.0,,99,17
1149.4736438127977,1946.4329061416795,101815.28625730624,16.37558956290868,0.09193301692792787,83.96862743679236,1549813.0,,99,1
1108.9849983869233,1388.0378440439515,131425.86664445986,19.2147167946296,0.03720837706353576,73.99215685024276,1647217.0,,99,168
1896.8405413415558,1259.126526762153,145866.80781849037,20.29637741777904,0.2062282798029261,75.65490194800103,1636225.0,,99,110
1390.1869763727807,990.251244469917,129101.3489977938,22.375353175035556,0.20684632455914365,61.521568617055785,1787500.0,,99,7
1412.6795228486064,1610.0594159856444,186015.035262687,29.78637503039642,0.17903653968159375,52.79215685382489,1893327.0,,99,169
1698.307988833619,887.671842359179,88748.18822029849,18.294907266344353,0.17783805173674253,90.6196078278254,1473299.0,,99,143
1747.8718871188755,209.2232280319343,78570.10979064571,17.94330526012277,0.29848472014178135,101.42745096325413,1379266.0,,99,142
964.6227063662833,1664.4460286392175,188167.04310546062,23.417375331429856,0.02177556489817527,66.92549018477014,1759012.0,,99,133
643.5855007453766,2041.5184168468554,154757.92154247826,20.43604714695382,0.16531691308562063,79.8117646923967,1615390.0,,99,52
879.0800383127189,1297.7086746496357,120216.05488164807,17.903407316507657,0.014828137452584397,84.79999998567149,1555789.0,,99,38
932.2521517474318,1509.2803904612279,91811.38037664365,16.40710083326289,0.013226118086878841,89.78823527894627,1487965.0,,99,41
39.39675478917177,2371.495311859469,142976.54115231207,32.42067751556745,0.15403899376774266,87.29411763230888,1527310.0,,99,161
64.46960392488882,797.7940875262035,112434.4078241394,17.400133857371042,0.26073278890885604,98.93333331661674,1415287.0,,99,126
158.7130145338299,1412.5991753543742,113518.5176278778,19.607623552479584,0.18837047557588965,76.90196077131974,1639939.0,,99,147
335.6786677489461,2096.4836905291822,127003.79605697175,19.568908722886032,0.26404675534622196,80.64313724127582,1580216.0,,99,29
481.12560635278055,2468.9387538776637,208236.37643540287,26.581659239441993,0.2957157040410062,71.91372547804494,1716645.0,,99,132
571.1974913710513,238.29671443757627,126696.18821388647,18.972281322006605,0.29302437671562453,96.02352939553977,1452289.0,,99,151
617.2281188974906,107.38483774881752,113457.82743180961,19.61069811473008,0.3656449101814077,99.76470586549587,1404280.0,,99,188
667.287223102626,1047.8900099709624,132990.09409517594,18.51538686033286,0.09080432480327454,80.64313724127582,1591471.0,,99,174
849.9746066520613,2287.020445557231,146101.2548772743,19.751801834387074,0.21972548517948254,83.96862743679236,1568272.0,,99,60
1111.6566326335999,1386.8811269056187,129516.48846198546,20.025070190963984,0.04529463533056634,71.63431509741214,1675269.0,,100,168
1151.923114233411,1950.7599275577738,105249.74668553798,16.558314431777678,0.09825714317908993,80.69152735110794,1581026.0,,100,1
1214.8498124686564,404.6717365661398,174857.30469545265,22.299340935883304,0.18214609048013775,76.16292122426003,1653444.0,,100,5
1747.5972399403536,207.9815844828857,72611.25894641306,17.152685805938795,0.2956856442383217,100.8644091888849,1381612.0,,100,142
1414.076930474084,1608.0099728163354,175528.36178515828,30.164357991353324,0.16681937244765252,49.402975929249756,1907553.0,,100,169
1702.3661234691087,880.8387868960984,85819.96794403013,15.599842166737064,0.1497286824696685,89.74873960480372,1490898.0,,100,143
1897.1937282877363,1260.195189378797,146238.57243110435,20.17010189669933,0.1891599588828821,73.69277242779755,1655143.0,,100,110
1390.9691418308357,991.1437868328002,146702.13702190714,20.606574472459688,0.11543592647869676,65.870634572333,1741877.0,,100,7
965.1493930403152,1665.038030010473,183577.7533298974,23.558284336667267,0.05461550008959287,64.63556017410176,1776648.0,,100,133
627.6377800574908,105.38171148870316,117583.61131774126,18.204763921972397,0.34650357037597446,101.68779212103908,1394003.0,,100,188
880.6646998598987,1297.8603095699968,122242.72363933559,17.941075223961107,0.03543950291711842,85.6318249440329,1541863.0,,100,38
2064.9320662394057,2116.415219563343,108368.30954107187,18.963487696067244,0.3024114816635639,90.98381400303496,1487224.0,,100,17
38.4198760696035,2371.0304280688983,144770.89235453957,32.59344188127864,0.1049232410482444,84.39675054580167,1554084.0,,100,161
63.59974096961567,798.0494690947495,115387.23734622003,19.402737961951587,0.2505132362308502,95.10072866380577,1449045.0,,100,126
137.27086480990528,1387.1225107772616,129975.52444666141,18.725308057137962,0.15409661415284245,79.86814441895376,1605532.0,,100,147
929.4546215369393,1512.8670102242745,99859.88201165684,17.207819423372268,0.07075131270761391,87.69028227441831,1511916.0,,100,41
337.2038702932565,2097.9461415387223,116562.61648187009,19.50680740694427,0.2462222297549287,74.9278468260288,1641501.0,,100,29
481.98786047435914,2467.860186018602,211313.81909097644,26.197638384983684,0.30103915333415043,72.86938949564339,1720328.0,,100,132
557.3668252573117,219.7675022928768,129277.70741166075,18.97535494951554,0.3078713013478785,99.62933479065367,1425326.0,,100,151
644.141285251245,2040.6337244155177,158641.60122960858,20.52949908148361,0.18616595551112286,80.69152735110794,1608735.0,,100,52
666.0666332622783,1046.663179022044,145428.77531733073,18.882386647402015,0.0754216805082352,83.98505907972458,1577322.0,,100,174
856.5075090152566,2261.8694063800276,148414.7735207878,20.277163832571024,0.24379532756441505,81.92660174933917,1583929.0,,100,60
