y,x,mass,size,ecc,signal,raw_mass,ep,frame,particle
139.00552843908756,2448.979181193346,78.73725490196078,3.570787442631419,0.015566792262476443,1.0,81.0,0.0010328731843885675,0,0
1172.9918241188493,1842.9910264719078,78.66274509803921,3.6428494973361563,0.012792717046667266,1.0,81.0,0.0010328731843885675,0,5
1254.7451931305984,1389.7451931305984,68.73333333333333,3.758560340286443,0.10015286127247607,1.0,81.0,0.0010328731843885675,0,8
893.6488979118329,1775.0196055684455,67.6078431372549,3.511936886684566,0.1634749559721252,1.0,81.0,0.0010328731843885675,0,11
1543.278231438702,183.0475985817127,72.99607843137255,3.597891948724484,0.09929768015727658,1.0,81.0,0.0010328731843885675,0,15
1689.9553729324873,1422.1088629980236,75.39607843137254,3.5811250278653173,0.04192347659271843,1.0,81.0,0.0010328731843885675,0,17
153.09289747399703,1806.3745616641902,65.98039215686275,3.471274607360072,0.16064760499703237,1.0,79.0,0.001059022229369253,0,28
154.95166436243753,1528.9097628416462,73.74901960784314,3.489931736353464,0.029930759320736515,0.996078431372549,81.0,0.0010328731843885675,0,29
462.07154920927377,192.99319310097752,76.62352941176471,3.664418723843279,0.03673661590735052,1.0,81.0,0.0010328731843885675,0,33
543.0028100966279,1516.0027114967463,79.54509803921569,3.6199479105606684,0.0010228275416927126,1.0,81.0,0.0010328731843885675,0,36
795.7535014005603,2217.9873949579833,67.2,3.4718757997122323,0.15954217307951965,1.0,80.0,0.0010457842731458218,0,39
577.3025496416402,1255.984490659147,66.75294117647059,3.50039022951731,0.17695673241614363,1.0,80.0,0.0010457842731458218,0,40
1177.9523419922275,1844.978574350583,76.69019607843137,3.679442928746558,0.03003921723580239,1.0,81.0,0.0012385184898039388,1,5
1229.0082271610581,1393.4022167628407,68.63921568627451,3.527983317106188,0.1237663372052541,1.0,81.0,0.0012385184898039388,1,8
1542.1524156900264,1091.438352068883,65.58431372549019,3.497769816000064,0.1602812090900912,1.0,81.0,0.0012385184898039388,1,52
1544.2231782451668,182.06208837901,73.83529411764705,3.5898805558024947,0.09145428874673625,1.0,81.0,0.0012385184898039388,1,15
1693.0569260997709,1409.7847396572427,71.85098039215686,3.5800222523867538,0.08282101666489364,1.0,81.0,0.0012385184898039388,1,17
896.670400186676,1785.9843658849609,67.2235294117647,3.506731363854795,0.16923501274001804,1.0,81.0,0.0012385184898039388,1,11
477.03258069404455,196.00555639743396,77.63529411764706,3.658442240381279,0.02542346468738567,1.0,81.0,0.0012385184898039388,1,33
139.02515974440894,2448.9815794728434,78.55686274509804,3.5681898539547774,0.02029927205941816,1.0,81.0,0.0012385184898039388,1,0
156.20101822959435,1528.946022882794,71.63529411764706,3.4678449261173667,0.06969673576291235,0.996078431372549,77.0,0.0013028584076091524,1,29
541.9987668327332,1512.996103191437,79.50196078431372,3.619403798331176,0.026500495152262882,1.0,81.0,0.0012385184898039388,1,36
150.11289940828402,1788.2810650887575,66.27450980392157,3.4688981590513466,0.15215301129170705,1.0,79.0,0.0012698740033900333,1,28
573.1574085182964,1247.0324535092982,65.37254901960785,3.4442774845418445,0.1735710849358326,1.0,77.0,0.0013028584076091524,1,40
796.4949494949495,2215.850481559784,66.7764705882353,3.5083544037773766,0.1719215989827654,1.0,81.0,0.0012385184898039388,1,39
1192.2318623369415,1850.8253122398003,70.6470588235294,3.7305588199458497,0.0962192762617062,1.0,81.0,0.0009042423539183886,2,5
1211.1584142394822,1379.1044228694714,72.70588235294117,3.7280171928063535,0.07114236116895384,1.0,81.0,0.0009042423539183886,2,8
1542.7342451059264,172.9451863770448,73.11764705882354,3.6096248084406004,0.09718811037070507,1.0,81.0,0.0009042423539183886,2,15
1540.0,1090.28813459268,66.43137254901961,3.493618740049699,0.1474232116900286,1.0,80.0,0.0009155455000620058,2,52
1697.28813459268,1407.0,66.43137254901961,3.493618740049699,0.1778678958545709,1.0,80.0,0.0009155455000620058,2,17
897.6488979118329,1786.9803944315545,67.6078431372549,3.511936886684566,0.1634749559721252,1.0,81.0,0.0009042423539183886,2,11
154.0123449462876,1758.1928304350406,66.07450980392157,3.4524916362573865,0.13537036446035697,1.0,78.0,0.0009390212743382657,2,28
155.99384262158213,1530.0324045084533,75.15294117647059,3.5112976263290108,0.02646079550358177,0.996078431372549,81.0,0.0009042423539183886,2,29
472.9672677678436,195.9941910390463,77.63529411764706,3.658387011317205,0.025379423595762046,1.0,81.0,0.0009042423539183886,2,33
543.0049758596906,1513.0080303478176,79.6,3.620985788783175,0.0009690683962715326,1.0,81.0,0.0009042423539183886,2,36
140.0289985500725,2449.9513024348785,78.43529411764706,3.5660291882977364,0.022360980145184707,0.996078431372549,81.0,0.0009042423539183886,2,0
561.9646913434943,1244.2198552345083,66.63921568627451,3.4622834342641076,0.13285157376746376,1.0,79.0,0.0009271348047965585,2,40
816.5351769253642,2211.1226880761224,65.94117647058823,3.495402868512083,0.18482053105634033,1.0,80.0,0.0009155455000620058,2,39
1206.9519170984456,1858.9390673575128,75.68627450980392,3.6946958199657707,0.026457331309587634,1.0,81.0,0.0010941627850790021,3,5
1210.1581076707305,1377.1046499082966,72.69803921568628,3.7280012487976433,0.07109603561207618,1.0,81.0,0.0010941627850790021,3,8
1549.1975707076633,1087.0511090247624,66.8313725490196,3.5003981532885073,0.16926756526507145,1.0,79.0,0.001121863532874188,3,52
1553.8335128149904,177.9356019814775,72.8313725490196,3.576944142574135,0.09658260468288177,1.0,81.0,0.0010941627850790021,3,15
1699.1378619153675,1405.3349665924277,70.43137254901961,3.574143098200498,0.10909734838746588,1.0,81.0,0.0010941627850790021,3,17
897.5906640669801,1783.8172382153916,68.3843137254902,3.5768799841369896,0.1596663903613081,1.0,81.0,0.0010941627850790021,3,11
140.04058613223225,2449.922352585729,77.87843137254902,3.558662919766987,0.021457974023666403,0.996078431372549,81.0,0.0010941627850790021,3,0
153.99913406682967,1529.9779441727792,76.98823529411764,3.542385108586969,0.031641296850375165,1.0,81.0,0.0010941627850790021,3,29
162.03204018011778,1730.28362775661,67.92941176470588,3.4840590681484627,0.12323583761478277,1.0,80.0,0.0011078400266852056,3,28
471.96662964458807,196.00252423263328,77.67843137254901,3.6574538823413696,0.02248736575770552,1.0,81.0,0.0010941627850790021,3,33
544.0036492750764,1513.008975244107,79.52156862745097,3.61798992123047,0.018902638328842564,1.0,81.0,0.0010941627850790021,3,36
559.2881345926801,1231.0,66.43137254901961,3.493618740049699,0.1778678958545709,1.0,80.0,0.0011078400266852056,3,40
824.7390521547218,2201.9721221977,67.52156862745097,3.4787157953217083,0.15882007010547056,1.0,80.0,0.0011078400266852056,3,39
908.4657134686875,1780.0633114097798,68.56862745098039,3.5737581356180095,0.15978777373103575,1.0,81.0,0.0009740607016236666,4,11
825.7118654073199,2204.0,66.43137254901961,3.493618740049699,0.17786789585457097,1.0,80.0,0.0009862366062913343,4,39
1206.7295737122558,1378.0262544404973,70.65098039215687,3.74190215066495,0.09956726027667477,1.0,81.0,0.0009740607016236666,4,8
1208.046905370844,1861.020306905371,76.66666666666667,3.6790552551344593,0.029804708841674857,1.0,81.0,0.0009740607016236666,4,5
1538.1861302105715,169.03792436613665,73.00392156862745,3.5758930595285365,0.09767910736698301,1.0,81.0,0.0009740607016236666,4,15
1538.616462955454,1081.8045530904246,67.69803921568628,3.5612416679382073,0.1623396327222463,1.0,81.0,0.0009740607016236666,4,52
1698.9966922852418,1400.0019457145636,80.61960784313726,3.6003534541277036,0.012357349911071005,1.0,81.0,0.0009740607016236666,4,17
140.01584524642607,2449.0047485754276,78.45490196078431,3.5664385813796895,0.020434203265168503,1.0,81.0,0.0009740607016236666,4,0
152.0584244633455,1529.0008100445525,77.45882352941176,3.55026681978933,0.026891544937866517,1.0,81.0,0.0009740607016236666,4,29
167.85222576455308,1705.4852402881095,66.4235294117647,3.502171112788057,0.153895495984843,1.0,81.0,0.0009740607016236666,4,28
471.01451986021556,193.99158340306147,79.67450980392157,3.6200129521435502,0.016720899909707907,1.0,81.0,0.0009740607016236666,4,33
565.2754286991008,723.9646986538569,70.2078431372549,3.531578087986066,0.13254274556198012,1.0,81.0,0.0009740607016236666,4,68
544.006329422075,1512.9964457860656,80.54509803921569,3.5996318468402304,0.013136467065659262,1.0,81.0,0.0009740607016236666,4,36
529.0041563239623,1210.3648906078624,67.93333333333334,3.518376888276333,0.13270992599762488,1.0,81.0,0.0009740607016236666,4,40
1207.0078386339808,1864.0020969594088,78.54509803921569,3.641129790611629,0.011871323582714245,1.0,81.0,0.0009277366659115981,5,5
894.2548941270476,1771.746589806518,68.70980392156862,3.7582320276014354,0.10013727652735117,1.0,81.0,0.0009277366659115981,5,11
1206.9138655462184,1376.9379201680672,74.66666666666667,3.709911774982157,0.045438579691371585,1.0,81.0,0.0009277366659115981,5,8
1529.2093172347472,160.0375574313495,73.40392156862745,3.5824437462137166,0.09238486347626923,1.0,81.0,0.0009277366659115981,5,15
1548.219868173258,1085.9643950094162,66.63529411764706,3.462172839724796,0.16307099820648702,1.0,79.0,0.0009512239286469283,5,52
1698.0197510544183,1400.012961629462,76.24313725490197,3.5307225096545114,0.028436109809957345,0.996078431372549,81.0,0.0009277366659115981,5,17
831.6344530769661,2210.020289531049,70.16078431372549,3.5513197393215474,0.1381691722330624,1.0,81.0,0.0009277366659115981,5,39
141.00294058000406,2449.0530318393835,77.34901960784313,3.548716495432736,0.02082593114472796,0.996078431372549,81.0,0.0009277366659115981,5,0
152.99149922720247,1529.9405461102524,76.11764705882354,3.528123558990145,0.028732740316347673,0.996078431372549,81.0,0.0009277366659115981,5,29
181.01260504201682,1696.2464985994397,67.2,3.4718757997122323,0.12945736657781254,1.0,80.0,0.0009393335002915042,5,28
457.96620308060415,190.01610089227856,78.67058823529412,3.6359083486749375,0.03434091817255538,1.0,81.0,0.0009277366659115981,5,33
544.0012174929385,1515.9937664361546,80.52549019607844,3.599380107446904,0.01242368291476958,1.0,81.0,0.0009277366659115981,5,36
501.9958436760376,1173.6351093921376,67.93333333333334,3.518376888276333,0.13270992599762488,1.0,81.0,0.0009277366659115981,5,40
570.3511020881671,714.9803944315545,67.6078431372549,3.511936886684566,0.16347495597212522,1.0,81.0,0.0009277366659115981,5,68
1210.9126325737689,1381.0624278063635,74.69019607843137,3.710353442925225,0.045274932476088305,1.0,81.0,0.0005793581066525888,6,8
876.0,1765.6847998124158,66.89803921568627,3.499918349645946,0.1398669378912733,1.0,81.0,0.0005793581066525888,6,11
1205.951976376729,1863.9520281821478,75.69803921568628,3.696518508063204,0.019752454220047167,1.0,81.0,0.0005793581066525888,6,5
1542.2189084050453,1086.0765648944948,66.53333333333333,3.44253613652479,0.16252713716168168,1.0,79.0,0.0005940254634550432,6,52
1699.5005292249793,1404.8465247559684,66.69019607843137,3.5061646622196943,0.17170027379810954,1.0,81.0,0.0005793581066525888,6,17
1532.1994799405647,163.02096157928253,73.89803921568627,3.6186414452903923,0.0877468742750049,1.0,81.0,0.0005793581066525888,6,15
826.6344476744187,2223.965004472272,70.14901960784314,3.5510823137860994,0.13755951856122445,1.0,81.0,0.0005793581066525888,6,39
152.90446221305132,1529.982409079185,76.01960784313725,3.5322238919559314,0.042897369913488984,1.0,81.0,0.0005793581066525888,6,29
194.9876550537124,1694.8071695649594,66.07450980392157,3.4524916362573865,0.13537036446035688,1.0,78.0,0.0006016412076365223,6,28
460.0332436204147,182.98430023923444,78.68235294117648,3.6360683193480434,0.03425701744534775,1.0,81.0,0.0005793581066525888,6,33
489.8456447862636,1157.5484409467597,65.7764705882353,3.4919143301210567,0.159050096114405,1.0,81.0,0.0005793581066525888,6,40
141.03435478208536,2449.980139425247,78.1921568627451,3.5625777857419982,0.023705457355872362,0.996078431372549,81.0,0.0005793581066525888,6,0
570.2453966212662,714.902028409423,67.08627450980393,3.4522860639073025,0.1566848609238886,1.0,80.0,0.0005866001136851984,6,68
549.0024153398729,1503.0024646325232,79.55686274509804,3.619973019662541,0.0010862862966259995,1.0,81.0,0.0005793581066525888,6,36
848.524954225976,1761.041462406237,66.39607843137254,3.539169683458783,0.1788064463203157,1.0,81.0,0.0005917450646031734,7,11
1206.9969552207465,1866.0879311249935,74.70196078431373,3.715858103977459,0.012999913544180104,1.0,81.0,0.0005917450646031734,7,5
1532.1310494546224,166.03039288361748,74.06274509803922,3.5901352717862323,0.08493893967969547,1.0,81.0,0.0005917450646031734,7,15
1544.3254879773692,1080.0520509193777,69.31372549019608,3.5372577460645065,0.14301017517913542,1.0,81.0,0.0005917450646031734,7,52
1689.9112211221122,1421.3372387238724,71.29411764705883,3.6357910965414075,0.10433615267212457,1.0,81.0,0.0005917450646031734,7,17
823.5817458060848,2220.0,68.96078431372548,3.532448391781936,0.1497947481982426,1.0,81.0,0.0005917450646031734,7,39
1217.158558947255,1383.1041958796247,72.71372549019608,3.728141630525605,0.07108599938369346,1.0,81.0,0.0005917450646031734,7,8
140.97338079005414,2450.054341287347,78.22745098039216,3.5627450365846896,0.021386644087931533,0.996078431372549,81.0,0.0005917450646031734,7,0
153.08100399315458,1529.0301820256184,75.61960784313726,3.5234745925544733,0.03802704643117764,0.996078431372549,81.0,0.0005917450646031734,7,29
197.14777423544692,1704.5147597118905,66.4235294117647,3.502171112788057,0.153895495984843,1.0,81.0,0.0005917450646031734,7,28
518.1928418803419,1175.0126424501425,66.07058823529412,3.4523791980684075,0.1659261139890763,1.0,78.0,0.0006145045933947009,7,40
565.0,1488.0003946914007,79.48627450980392,3.619147527020629,0.00069774687127293,1.0,81.0,0.0005917450646031734,7,36
569.5062617041199,714.9581577715355,67.01176470588236,3.5479592699569436,0.1715885149179071,1.0,81.0,0.0005917450646031734,7,68
466.03373055948293,184.99515249444556,77.66274509803921,3.657181257823467,0.022246875700695157,1.0,81.0,0.0005917450646031734,7,33
800.6956348528826,2191.944909225428,68.90588235294118,3.5318175394194955,0.1484276571896696,1.0,81.0,0.0008012111493156916,8,39
1208.128372984193,1866.0627494810794,73.68235294117648,3.7187357648758734,0.05540405230413468,1.0,81.0,0.0008012111493156916,8,5
836.5091391509434,1758.1408018867924,66.50980392156863,3.504166993845287,0.17691575092121303,1.0,81.0,0.0008012111493156916,8,11
1217.1041958796247,1380.841441052745,72.71372549019608,3.728141630525605,0.06048727016415369,1.0,81.0,0.0008012111493156916,8,8
570.1575314656923,714.9374166231657,67.61176470588235,3.4787630329514063,0.15107725170343306,1.0,79.0,0.0008214951424082239,8,68
1523.8210872630425,163.93467021776593,75.09411764705882,3.5998836590017316,0.07526145105799763,1.0,81.0,0.0008012111493156916,8,15
1552.1305339493538,1084.0163167436692,67.05490196078432,3.46940712182154,0.154884980655432,1.0,78.0,0.0008320272189882686,8,52
1695.9945814010252,1424.9983890651697,80.33333333333333,3.595742336221952,0.015953116879756434,1.0,81.0,0.0008012111493156916,8,17
469.0335045121404,189.98279902278506,78.65490196078431,3.6355852598285705,0.0340732963120185,1.0,81.0,0.0008012111493156916,8,33
141.96020900321543,2451.0218046623795,78.05490196078432,3.5603010503511965,0.0240801827570987,0.996078431372549,81.0,0.0008012111493156916,8,0
152.98866213151928,1527.0334593096497,77.82352941176471,3.555491779473375,0.02649352378555715,1.0,81.0,0.0008012111493156916,8,29
193.8418869266327,1705.5267275097783,66.17254901960784,3.4973533398875722,0.1530288574722075,1.0,81.0,0.0008012111493156916,8,28
518.0,1193.28813459268,66.43137254901961,3.493618740049699,0.1474232116900286,1.0,80.0,0.0008112263698773338,8,40
575.0018520323619,1479.006579588654,80.46274509803922,3.598075158807244,0.013166654591849526,1.0,81.0,0.0008012111493156916,8,36
825.2881345926801,1748.0,66.43137254901961,3.493618740049699,0.1778678958545709,1.0,80.0,0.000985923143694447,9,11
1207.0893075735803,1867.0882963436054,73.68235294117648,3.7277985439317476,0.03926369790507926,1.0,81.0,0.0009737511090727365,9,5
1213.8416396979503,1380.9497842502697,72.70588235294117,3.7353020121401963,0.05655202864965114,1.0,81.0,0.0009737511090727365,9,8
1522.8130395153075,165.9393598198488,73.14117647058823,3.5781073759703625,0.09725797879743962,1.0,81.0,0.0009737511090727365,9,15
1546.3278431372548,1081.030756302521,70.0,3.5723102553143518,0.13521531359519093,1.0,81.0,0.0009737511090727365,9,52
1696.999457245769,1422.9842107860068,79.47843137254903,3.6171237401527274,0.018371834118610937,1.0,81.0,0.0009737511090727365,9,17
795.8158076392085,2183.9848711458812,68.17254901960784,3.487973222664539,0.1487345862220818,1.0,80.0,0.000985923143694447,9,39
583.0088633485926,1475.9969806175125,80.52549019607844,3.5991027311630432,0.013462799893620812,1.0,81.0,0.0009737511090727365,9,36
141.95062351693846,2451.077952239107,77.67450980392157,3.5549761326456917,0.02125403810921128,0.996078431372549,81.0,0.0009737511090727365,9,0
152.89880860281602,1527.992057352107,76.03529411764706,3.5302016936916334,0.036431001569726805,0.996078431372549,81.0,0.0009737511090727365,9,29
178.8538270729979,1697.514351523742,66.4,3.5015267838609936,0.15371120295273982,1.0,81.0,0.0009737511090727365,9,28
466.97763326436103,192.0091141984432,79.6,3.6137198739282983,0.020933476540258632,1.0,81.0,0.0009737511090727365,9,33
515.9934466160181,1193.1576871774053,67.61960784313726,3.4788696960032857,0.12329011121890339,1.0,79.0,0.0009984033348282297,9,40
569.4852854272544,713.8540952606074,66.36078431372549,3.5007470457410914,0.17604039502201618,1.0,81.0,0.0009737511090727365,9,68
794.5596954666051,2182.930672511247,67.99215686274509,3.5628431982510214,0.16236694909046348,1.0,81.0,0.0002700456933037386,10,39
1195.087614245194,1374.060825716987,74.65882352941176,3.7099367425159557,0.045139226434784546,1.0,81.0,0.0002700456933037386,10,8
1206.008883122068,1867.0042918454935,78.58039215686274,3.6417580146502306,0.011882436695954617,1.0,81.0,0.0002700456933037386,10,5
1696.9887843175502,1421.995123616326,80.41960784313726,3.597393442025753,0.014860972142805573,1.0,81.0,0.0002700456933037386,10,17
1331.4971073882125,937.8193925515246,65.07450980392157,3.514360422498154,0.19160071557125186,1.0,81.0,0.0002700456933037386,10,89
1522.8149338673131,166.92406597460084,74.41960784313726,3.6422818396611953,0.08429112037768513,1.0,81.0,0.0002700456933037386,10,15
1537.8044977019042,1075.87004815058,71.67058823529412,3.561454352116639,0.10973827911572624,1.0,81.0,0.0002700456933037386,10,52
793.6821450818279,1746.9832946372953,69.25098039215686,3.5384517847359556,0.14884057231938472,1.0,81.0,0.0002700456933037386,10,11
583.9996041759438,1468.996041759438,79.25882352941177,3.6153565561440866,0.0005754939570023418,1.0,81.0,0.0002700456933037386,10,36
153.8713766178201,1528.9216493742647,73.32549019607843,3.4881643624286935,0.04578775775418781,0.996078431372549,80.0,0.00027342126757889495,10,29
172.8788021692997,1672.781301579816,66.52549019607844,3.4426620102148107,0.12871493977164747,1.0,79.0,0.00027688229951033916,10,28
120.077954650151,2444.9451297538003,76.6156862745098,3.5389091215209807,0.029291373701231176,0.996078431372549,81.0,0.0002700456933037386,10,0
469.0016533748298,192.00243143357324,80.64313725490196,3.6005575655884363,0.011970501707002259,1.0,81.0,0.0002700456933037386,10,33
529.3438407059097,1193.0,67.55294117647058,3.5133637162049265,0.16831649197761148,1.0,81.0,0.0002700456933037386,10,40
566.5105475369602,717.8913106994682,67.10980392156863,3.5394694982260813,0.17335845167485522,1.0,81.0,0.0002700456933037386,10,68
1185.9649186444192,1372.0732200228003,75.67843137254901,3.6946488461534535,0.0262828974039393,1.0,81.0,0.00048312867625557166,11,8
1207.039862403885,1867.0072339133953,77.52156862745097,3.655095454881836,0.04238620987618026,1.0,81.0,0.00048312867625557166,11,5
799.8156925908881,2185.960020708698,68.17254901960784,3.4880391906207175,0.14822695977581563,1.0,80.0,0.0004891678025111354,11,39
1355.0553702077846,947.129470295581,67.0,3.4619043852322795,0.12343583335388146,1.0,78.0,0.0005017106046002984,11,89
1521.842955633914,166.9538445344982,74.51372549019608,3.5901774668476865,0.07749056667578559,1.0,81.0,0.00048312867625557166,11,15
1535.9691193936994,1073.594762739664,69.33725490196079,3.5700191939842543,0.11932098219522147,1.0,81.0,0.00048312867625557166,11,52
1696.9887843175502,1421.995123616326,80.41960784313726,3.597393442025753,0.014860972142805573,1.0,81.0,0.00048312867625557166,11,17
800.644899103139,1760.9714125560538,69.96078431372548,3.5476338985339098,0.13940550380888747,1.0,81.0,0.00048312867625557166,11,11
88.03146444365373,2456.9728053677627,77.14901960784314,3.546612155956889,0.029312518116872494,0.996078431372549,81.0,0.00048312867625557166,11,0
153.03784144588212,1528.016225097556,76.37647058823529,3.532431963987597,0.022767852930841662,1.0,81.0,0.00048312867625557166,11,29
183.12599462218077,1668.313011030017,71.46274509803922,3.5592676361115507,0.08786537369738319,1.0,81.0,0.00048312867625557166,11,28
470.0327582768249,192.9845931392102,78.65098039215687,3.635861031553029,0.03441810515877141,1.0,81.0,0.00048312867625557166,11,33
525.9581577715355,1206.4937382958801,67.01176470588236,3.5479592699569436,0.14173176181019004,1.0,81.0,0.00048312867625557166,11,40
606.997903768342,1481.9892263442696,80.44313725490196,3.5979378440821645,0.011703791302845611,1.0,81.0,0.00048312867625557166,11,36
565.4908608490566,724.1408018867925,66.50980392156863,3.504166993845287,0.1769157509212131,1.0,81.0,0.00048312867625557166,11,68
1175.8955094991366,1372.1553864421417,72.65882352941176,3.727168550773119,0.06068723268232127,1.0,81.0,0.00046777400838425007,12,8
1204.992417528311,1867.0032003938945,79.6470588235294,3.6215953297744377,0.025311221234820786,1.0,81.0,0.00046777400838425007,12,5
1303.9917939502845,353.90302485774185,65.47058823529412,3.354684538938818,0.04916507597481825,0.996078431372549,74.0,0.0005120230332634116,12,99
1696.991965720407,1421.9980036032528,80.53725490196078,3.599015733825718,0.0141840628768213,1.0,81.0,0.00046777400838425007,12,17
1355.8559803290204,939.0712487559276,66.9843137254902,3.4357024441958837,0.15084680192858502,1.0,78.0,0.0004857653673919238,12,89
1529.1456066945607,169.02897489539748,74.98039215686275,3.6257447655071515,0.07372072683960797,1.0,81.0,0.00046777400838425007,12,15
1543.3562283047856,1082.1105104421556,68.91372549019607,3.571751942502405,0.1486359624353065,1.0,81.0,0.00046777400838425007,12,52
827.6272202998847,1769.0153979238755,68.0,3.517127314216248,0.15748732602568957,1.0,81.0,0.00046777400838425007,12,11
799.671844770684,2183.8991123250257,68.91764705882353,3.488344082892478,0.14261107253066804,1.0,81.0,0.00046777400838425007,12,39
83.98107999598514,2452.0339255244403,78.14117647058823,3.5615703979689703,0.024632027401742904,0.996078431372549,81.0,0.00046777400838425007,12,0
153.15342480323335,1528.9427781323122,73.74117647058823,3.4960016058705277,0.05089003482719912,0.996078431372549,79.0,0.0004796164214834146,12,29
183.11742899198603,1666.3046938886769,71.93333333333334,3.5890779698728377,0.0948476279830187,1.0,81.0,0.00046777400838425007,12,28
469.039280195404,195.9669009520961,78.67058823529412,3.6290537891049697,0.02743261728301591,1.0,81.0,0.00046777400838425007,12,33
627.9960097323601,1500.9943552311436,80.58823529411765,3.6002027517925432,0.012396375691440087,1.0,81.0,0.00046777400838425007,12,36
536.0,1225.71186540732,66.43137254901961,3.493618740049699,0.14742321169002856,1.0,80.0,0.00047362119964742557,12,40
565.3888059701493,722.0235361653272,68.31372549019608,3.5217301483302017,0.15417907888961158,1.0,81.0,0.00046777400838425007,12,68
1174.0203300107,1371.3390212310637,69.63529411764706,3.543223001614954,0.1140925346710841,1.0,81.0,0.0002958561647192496,13,8
1207.088067728023,1868.0862041424843,73.65098039215687,3.7272926794496715,0.03958739762391385,1.0,81.0,0.0002958561647192496,13,5
1303.8253380364492,352.1848324514991,66.70588235294117,3.3833895878069757,0.05199225685142944,0.996078431372549,76.0,0.0003153204087316189,13,99
1373.9968412897074,951.6611240240777,65.8,3.5168703612856245,0.15928870866392683,1.0,80.0,0.00029955437086643153,13,89
1527.180911606537,169.06495066047094,75.10980392156863,3.600058882083998,0.0745816101455344,1.0,81.0,0.0002958561647192496,13,15
1541.1232208214722,1085.4128856097136,67.50196078431372,3.5402426246186236,0.14014602062047116,1.0,81.0,0.0002958561647192496,13,52
1696.9943489063185,1421.9980513470064,80.49803921568628,3.5982544497988393,0.014677919524356554,1.0,81.0,0.0002958561647192496,13,17
849.7356441048034,1744.9743995633187,71.84313725490196,3.6395450553066366,0.11413989250846407,1.0,81.0,0.0002958561647192496,13,11
78.98740971107544,2453.039275682183,78.18039215686275,3.56207845074271,0.016873479051279075,1.0,81.0,0.0002958561647192496,13,0
153.16662276773957,1528.9432650266028,74.44313725490196,3.5089608426165992,0.0507218210581982,0.996078431372549,79.0,0.00030334620259050277,13,29
180.91682010180872,1658.7717968157694,72.41568627450981,3.5981089416864394,0.0825924920587512,1.0,81.0,0.0002958561647192496,13,28
465.96740778170795,198.9957049014654,77.6078431372549,3.6578806644049764,0.025075102820144544,1.0,81.0,0.0002958561647192496,13,33
803.5817458060848,2196.0,68.96078431372548,3.532448391781936,0.1497947481982426,1.0,81.0,0.0002958561647192496,13,39
566.3888059701493,724.9764638346728,68.31372549019608,3.5217301483302017,0.15417907888961155,1.0,81.0,0.0002958561647192496,13,68
547.9876550537124,1264.1928304350406,66.07450980392157,3.4524916362573865,0.13537036446035694,1.0,78.0,0.0003072352608792726,13,40
640.0028591146604,1502.0027605244998,79.55294117647058,3.6201099018495273,0.026274371727996952,1.0,81.0,0.0002958561647192496,13,36
1163.720794195399,1366.1230102930424,69.72156862745098,3.756322828268116,0.09438496863443979,1.0,81.0,0.00027006863884391125,14,8
1201.0202750530893,1865.0146627565982,77.56078431372549,3.6609035198784783,0.018685150667129332,1.0,81.0,0.00027006863884391125,14,5
1304.9330562731664,354.0524542289116,69.82745098039216,3.4365446861614175,0.0682406354182317,0.996078431372549,76.0,0.00028783632968005385,14,99
1371.8209431989778,956.4858287838309,67.52156862745097,3.5538111516989517,0.14470103119247726,1.0,81.0,0.00027006863884391125,14,89
1522.2358495627448,166.06448843822093,73.09411764705882,3.629924332901334,0.0947940955160275,1.0,81.0,0.00027006863884391125,14,15
1537.875574487165,1065.6827709897993,69.96862745098039,3.565911795942533,0.11175084079085539,1.0,81.0,0.00027006863884391125,14,52
1696.99303526203,1421.9978570037015,80.51764705882353,3.5986893408227685,0.01435939177920012,1.0,81.0,0.00027006863884391125,14,17
181.2037247331365,1669.41380876675,69.06666666666666,3.6127879969714027,0.13357316095731167,1.0,81.0,0.00027006863884391125,14,28
75.95620327338857,2453.9992422711657,77.6313725490196,3.5532635640986014,0.021319052687529472,0.996078431372549,81.0,0.00027006863884391125,14,0
154.1102062400846,1528.03516657853,74.15686274509804,3.5020504683418436,0.047672103554850125,0.996078431372549,80.0,0.00027344449993911226,14,29
460.996258605208,198.00513818218099,78.61176470588235,3.6400446662237758,0.027037216892401447,1.0,81.0,0.00027006863884391125,14,33
836.3300960097674,1707.0704256618014,70.66274509803921,3.6081669822281017,0.13126130992465962,1.0,81.0,0.00027006863884391125,14,11
546.6617726373823,1275.969916701624,65.43921568627451,3.491997031386768,0.18720337233198456,1.0,80.0,0.00027344449993911226,14,40
567.3730126611551,723.881771405446,67.8313725490196,3.4916049104318945,0.1531009043840079,1.0,81.0,0.00027006863884391125,14,68
634.9971408853396,1490.9972394755002,79.55294117647058,3.6201099018495273,0.026274371727997015,1.0,81.0,0.00027006863884391125,14,36
805.4681950087057,2196.034648868253,67.56862745098039,3.558759720561946,0.1685202392679623,1.0,81.0,0.00027006863884391125,14,39
1165.437013548573,1365.897203805131,68.01960784313725,3.66264793703095,0.14897508117761818,1.0,81.0,0.0,15,8
1203.0033075538693,1859.0045722068194,80.62352941176471,3.6005495956761493,0.01231042135271156,1.0,81.0,0.0,15,5
1697.0017561832285,1422.0025367091077,80.38823529411765,3.5966443428971555,0.015210494397288585,1.0,81.0,0.0,15,17
1490.196631624115,160.03867195880713,73.11372549019607,3.5778421891895227,0.0944372746964261,1.0,81.0,0.0,15,15
1550.3025496416403,1067.015509340853,66.75294117647059,3.50039022951731,0.17695673241614365,1.0,80.0,0.0,15,52
1301.0186989859017,359.9865941132822,79.27450980392157,3.579194834957189,0.018163406343514488,1.0,81.0,0.0,15,99
810.024318049913,1675.8289030760302,67.56862745098039,3.4566967145580545,0.11954684645227691,1.0,79.0,0.0,15,11
1358.6523755656108,965.7863687782806,69.33333333333333,3.5780802633592117,0.14123061230147838,1.0,81.0,0.0,15,89
804.6974503583598,2193.015509340853,66.75294117647059,3.50039022951731,0.1769567324161437,1.0,80.0,0.0,15,39
71.07434003202975,2452.9789740145684,75.90980392156862,3.5271476834116497,0.036030138447819715,0.996078431372549,80.0,0.0,15,0
154.10690515806988,1528.9849209650583,75.41960784313726,3.5210030619691324,0.041906526443411245,0.996078431372549,80.0,0.0,15,29
185.04085355741057,1666.294211952015,70.93725490196078,3.555868903613107,0.09725150787840606,1.0,81.0,0.0,15,28
457.92845079072623,196.00680689902248,76.62352941176471,3.664418723843279,0.03673661590735048,1.0,81.0,0.0,15,33
567.367494226328,725.9725173210162,67.92156862745098,3.5164493035429913,0.16001673172379868,1.0,81.0,0.0,15,68
632.996355577444,1486.9922186653534,79.62745098039215,3.621544876674871,0.0008629645453140911,1.0,81.0,0.0,15,36
552.0,1279.71186540732,66.43137254901961,3.493618740049699,0.14742321169002856,1.0,80.0,0.0,15,40
1151.1127795527157,1358.9105431309904,73.6470588235294,3.7201635197150313,0.05769873509457731,1.0,81.0,0.00017078403219664332,16,8
1199.0019496027685,1860.009455573427,80.45882352941176,3.5979935162103094,0.011526638281183065,1.0,81.0,0.00017078403219664332,16,5
1311.029447418931,360.9573694312557,77.63921568627451,3.5531907010454358,0.019849111675752387,0.996078431372549,81.0,0.00017078403219664332,16,99
1446.7342451059264,152.9451863770448,73.11764705882354,3.6096248084406004,0.09718811037070507,1.0,81.0,0.00017078403219664332,16,15
1359.8752163565557,961.7654154045867,72.50196078431372,3.574378147766131,0.08627887671089536,1.0,81.0,0.00017078403219664332,16,89
1541.6607343996395,1067.9636179319666,69.6313725490196,3.543124090007088,0.14254709467182528,1.0,81.0,0.00017078403219664332,16,52
1697.0122876584912,1423.004650707397,80.10588235294118,3.5923636528454375,0.016658564730417956,1.0,81.0,0.00017078403219664332,16,17
831.4054468085106,1657.0662127659575,69.11764705882354,3.6557154319160206,0.149986611530488,1.0,81.0,0.00017078403219664332,16,11
566.5705446267001,725.9922946704804,67.18039215686275,3.611140572251495,0.18115143380946305,1.0,81.0,0.00017078403219664332,16,68
799.5480407944176,2188.152740502177,65.75294117647059,3.491258071926615,0.18240119606561733,1.0,81.0,0.00017078403219664332,16,39
72.94349430784426,2452.0124239746324,75.43921568627451,3.5198513959189826,0.03134603388216345,0.996078431372549,81.0,0.00017078403219664332,16,0
154.13393846640983,1529.0117156578183,74.30980392156863,3.505038102481478,0.04637359026802945,0.996078431372549,80.0,0.00017291883338547897,16,29
468.08748474989835,211.95862139080927,77.14509803921568,3.606249094772881,0.0496915100373884,1.0,81.0,0.00017078403219664332,16,33
176.7951159404055,1663.6371121317352,70.0156862745098,3.603912030005439,0.123942628607543,1.0,81.0,0.00017078403219664332,16,28
538.976658330356,1278.7387757532451,65.85882352941177,3.4841463706165436,0.15081999205706423,1.0,79.0,0.00017510768019419226,16,40
636.9961076241912,1477.0052060526443,80.6,3.600446784581886,0.0124112716375689,1.0,81.0,0.00017078403219664332,16,36
1198.9983915777161,1860.9902032460886,80.45882352941176,3.5979935162103094,0.011765465380924005,1.0,81.0,0.00029578507264736253,17,5
1145.8419462725212,1360.1046499082966,72.69803921568628,3.728022953361726,0.07107249826319496,1.0,81.0,0.00029578507264736253,17,8
851.0207565274482,1653.9792434725518,77.65098039215687,3.662536143366311,0.019066000951249683,1.0,81.0,0.00029578507264736253,17,11
1323.9846709192504,355.9913464866736,79.30588235294118,3.5794954141979365,0.010719913378300867,1.0,81.0,0.00029578507264736253,17,99
1359.811364772538,963.7254901960785,70.6,3.606683421896406,0.10582915268922652,1.0,81.0,0.00029578507264736253,17,89
1421.7898439566252,149.94604601957155,74.13725490196079,3.615411193175939,0.08169634449473552,1.0,81.0,0.00029578507264736253,17,15
1542.6959860574043,1069.957082947552,72.00392156862745,3.613601016057453,0.11081582588916516,1.0,81.0,0.00029578507264736253,17,52
1697.010565447075,1423.003130502837,80.17254901960784,3.5936066841260823,0.01721988563883868,1.0,81.0,0.00029578507264736253,17,17
473.0334978316136,230.9840984995763,78.67058823529412,3.6359906071837753,0.03431426735077144,1.0,81.0,0.00029578507264736253,17,33
72.94999485013905,2452.026624781131,76.14901960784314,3.5297683493192302,0.0243123799137381,0.996078431372549,81.0,0.00029578507264736253,17,0
154.02992662473795,1529.0519392033543,74.82352941176471,3.508764109557654,0.03830942046161852,0.996078431372549,81.0,0.00029578507264736253,17,29
176.86586626838235,1663.6417738970588,68.26666666666667,3.530273810931251,0.13045746817693285,1.0,81.0,0.00029578507264736253,17,28
792.4937382958801,2188.9581577715358,67.01176470588236,3.5479592699569436,0.17158851491790708,1.0,81.0,0.00029578507264736253,17,39
518.984490659147,1283.3025496416403,66.75294117647059,3.50039022951731,0.14667311581724685,1.0,80.0,0.0002994823901406995,17,40
565.506048150323,723.8533176746918,66.7843137254902,3.5083659766605133,0.1719785520317276,1.0,81.0,0.00029578507264736253,17,68
635.9840981595092,1437.0140858895707,79.90196078431373,3.589028954237598,0.014657791211639907,1.0,81.0,0.00029578507264736253,17,36
1142.0610425950877,1356.060783500881,75.67843137254901,3.6928882419061964,0.03818900236925764,1.0,81.0,0.0,18,8
1193.992416408135,1849.0033485990052,79.63529411764706,3.6215704999622575,0.025401605970011724,1.0,81.0,0.0,18,5
1360.811364772538,963.7254901960785,70.6,3.606683421896406,0.10582915268922652,1.0,81.0,0.0,18,89
1411.2073060813318,152.05704893695986,73.96470588235294,3.612624771297168,0.08830049582746494,1.0,81.0,0.0,18,15
1543.5886262924669,1072.7946256107261,69.02745098039216,3.6120057606918334,0.1503073461969295,1.0,81.0,0.0,18,52
851.8249694681914,1655.1738647718441,70.64313725490196,3.7529826042614984,0.07176017653428923,1.0,81.0,0.0,18,11
2151.0268837979575,1338.3172508970467,71.03921568627452,3.5440370667268675,0.09732299730295936,1.0,81.0,0.0,18,118
1337.367411257326,379.11854473073095,70.92549019607843,3.5828220658505674,0.12823719849803605,1.0,81.0,0.0,18,99
1697.0043962485345,1423.002491207503,80.28235294117647,3.595206254297766,0.015899407965932824,1.0,81.0,0.0,18,17
73.03478531748092,2451.952027412907,75.53333333333333,3.5203576994932626,0.03083814592731372,0.996078431372549,81.0,0.0,18,0
154.01434977578475,1529.9606436296492,74.33333333333333,3.5005670867416163,0.03894152627874403,0.996078431372549,81.0,0.0,18,29
182.2085603996367,1671.4123524069028,69.08235294117647,3.612896342525578,0.13317835299099526,1.0,81.0,0.0,18,28
472.09968395419924,231.98342054815814,75.69019607843137,3.6805781629655376,0.04836448992683984,1.0,81.0,0.0,18,33
628.00419389447,1434.0078025943626,80.41568627450981,3.597535378799849,0.013265752482132053,1.0,81.0,0.0,18,36
786.5095485087822,2190.857597548037,66.53333333333333,3.504808841733456,0.17710831001864433,1.0,81.0,0.0,18,39
512.1928304350406,1265.9876550537124,66.07450980392157,3.4524916362573865,0.16597636550214703,1.0,78.0,0.0,18,40
561.3727797001153,719.9846020761246,68.0,3.517127314216248,0.15748732602568957,1.0,81.0,0.0,18,68
852.07611838301,1656.1088682121642,74.6,3.69627667134662,0.051480600505856434,1.0,81.0,0.0,19,11
1137.965681260229,1352.95294599018,76.67450980392157,3.6776086858828765,0.02533983559816431,1.0,81.0,0.0,19,8
1197.0069981765314,1849.993396086935,79.57254901960785,3.620712079242257,0.024959918795120384,1.0,81.0,0.0,19,5
1320.954198863927,382.01883219896627,76.6313725490196,3.678713193626832,0.029649790031825676,1.0,81.0,0.0,19,99
1408.2511705505624,162.06528173941123,72.86666666666666,3.61119655258659,0.10135377066043447,1.0,81.0,0.0,19,15
1544.5353523721787,1072.8701635191155,68.10980392156863,3.5341412403540233,0.15903022358308883,1.0,81.0,0.0,19,52
1697.99589482944,1421.9992669338285,80.24313725490197,3.594698199588461,0.015717152325901894,1.0,81.0,0.0,19,17
2131.036471304444,1322.6932868448725,70.85882352941177,3.540855996460388,0.09830977963449876,1.0,81.0,0.0,19,118
1364.99378758511,964.9754485363551,78.90588235294118,3.5800847904767052,0.02061132600358274,1.0,81.0,0.0,19,89
1534.641713348045,1559.9566004639846,69.30588235294118,3.5044329340928595,0.13532091143581898,1.0,81.0,0.0,19,121
769.7118654073199,2188.0,66.43137254901961,3.493618740049699,0.17786789585457097,1.0,80.0,0.0,19,39
72.94503713000732,2451.994979604644,74.98823529411764,3.5113856973766113,0.03160410173636282,0.996078431372549,81.0,0.0,19,0
153.012453236304,1529.956541792651,76.52156862745097,3.5346822167476524,0.03175504052635099,0.996078431372549,81.0,0.0,19,29
183.1303001824313,1666.3627066172812,70.93725490196078,3.582733267490737,0.10526146612062572,1.0,81.0,0.0,19,28
468.0978516624041,228.9709462915601,76.66666666666667,3.65807798260975,0.06039778245785342,1.0,81.0,0.0,19,33
495.2612242467548,1247.023341669644,65.85882352941177,3.4841463706165436,0.1814987545832577,1.0,79.0,0.0,19,40
559.2953550023052,706.9829990779161,68.04705882352941,3.483677277916437,0.14627174386475061,1.0,81.0,0.0,19,68
628.9832413152881,1435.000488591391,80.26274509803922,3.595128977149412,0.014336120560161723,1.0,81.0,0.0,19,36
847.4400299850075,1666.0703494406644,68.00784313725491,3.563184877626832,0.16251333309237845,1.0,81.0,0.00020916994957467563,20,11
1135.768526736188,1352.906700687819,70.69803921568628,3.7539344052567687,0.08042926595531429,1.0,81.0,0.00020916994957467563,20,8
1195.9786244883521,1848.9834756683006,77.60392156862746,3.6614250852722483,0.01862240684678769,1.0,81.0,0.00020916994957467563,20,5
1698.0005368472425,1422.001561737433,80.3529411764706,3.596111179784953,0.01522937362788877,1.0,81.0,0.00020916994957467563,20,17
1366.9833018586621,967.9933406222045,78.90980392156862,3.5762944120274627,0.02424006718533334,1.0,81.0,0.00020916994957467563,20,89
1411.2131444397103,172.05293992330635,73.6313725490196,3.590556543648934,0.08990892886882254,1.0,81.0,0.00020916994957467563,20,15
1497.5716067581359,1557.9921192879012,69.1686274509804,3.536447838981439,0.1483066973187017,1.0,81.0,0.00020916994957467563,20,121
1544.47886339816,1073.9689064865495,67.34901960784313,3.554529551253232,0.16792588525968946,1.0,81.0,0.00020916994957467563,20,52
2116.0334810162076,1335.439010711682,69.92549019607843,3.580217519895267,0.11435662987106297,1.0,81.0,0.00020916994957467563,20,118
1321.3655523255813,355.0349955277281,70.14901960784314,3.5510823137860994,0.1375595185612245,1.0,81.0,0.00020916994957467563,20,99
71.01258598726115,2443.024866242038,76.96078431372548,3.542290453372077,0.02934354768427982,0.996078431372549,81.0,0.00020916994957467563,20,0
155.06110384514778,1531.035992675909,74.96078431372548,3.510903758308483,0.03660265997448154,0.996078431372549,81.0,0.00020916994957467563,20,29
184.1214369386958,1666.3291125118537,70.30196078431372,3.5716806961823555,0.11267328894073474,1.0,81.0,0.00020916994957467563,20,28
759.8137436242363,2181.0292584496383,69.96470588235294,3.4937708306203588,0.12285554812176527,1.0,81.0,0.00020916994957467563,20,39
464.96640414714386,227.01600039876382,78.67450980392157,3.635954823813064,0.03429949766589061,1.0,81.0,0.00020916994957467563,20,33
479.00029517681094,1233.28815160281,66.42745098039215,3.493510636211464,0.14737211329097202,1.0,80.0,0.0002117845753890908,20,40
558.6611240240777,687.0031587102926,65.8,3.5168703612856245,0.18987372937254793,1.0,80.0,0.0002117845753890908,20,68
633.9869117647058,1435.982450980392,80.0,3.5906400652852093,0.014481389870706619,1.0,81.0,0.00020916994957467563,20,36
1137.060774053158,1354.060774053158,75.69019607843137,3.693015124082101,0.038155079276627334,1.0,81.0,0.0,21,8
1197.008961102905,1849.996356474643,79.6470588235294,3.621670103386647,0.024989283539572613,1.0,81.0,0.0,21,5
1309.5673699015472,349.87414908579467,69.70588235294117,3.554225313745882,0.14378970540284225,1.0,81.0,0.0,21,99
1374.0336176871435,969.0037857755792,77.69019607843137,3.657549585690309,0.022593526093656648,1.0,81.0,0.0,21,89
1404.8130229564472,168.9411606951298,73.11372549019607,3.5775273577262805,0.0969377249511365,1.0,81.0,0.0,21,15
1479.5756925826631,1568.37199880846,65.82352941176471,3.5396389348487802,0.18573788355913493,1.0,81.0,0.0,21,121
1544.6956348528827,1072.9449092254283,68.90588235294118,3.5318175394194955,0.1484276571896696,1.0,81.0,0.0,21,52
1697.9921913128355,1422.9952171791117,80.3529411764706,3.59632153046866,0.015414389811111706,1.0,81.0,0.0,21,17
2096.0093891587967,1308.7529887002565,71.83921568627451,3.5550692519724865,0.08657984627879745,1.0,81.0,0.0,21,118
841.8882605745307,1661.6234449219633,69.34901960784313,3.5782445380680703,0.11924972240235474,1.0,81.0,0.0,21,11
752.7549231578332,2175.900426576287,67.10980392156863,3.4529502831183567,0.15691181943452523,1.0,80.0,0.0,21,39
70.00690543674311,2444.984900798763,76.09803921568627,3.5286949017098745,0.02954652427104567,0.996078431372549,81.0,0.0,21,0
153.936128966432,1532.0448423630241,76.87058823529412,3.5410704138075695,0.029228790648980634,0.996078431372549,81.0,0.0,21,29
187.00783246305966,1667.2783024108433,70.59607843137255,3.557212489190982,0.10261742977591712,1.0,81.0,0.0,21,28
461.93351050237646,231.0472223641846,76.73333333333333,3.599777680057114,0.05230293499836731,1.0,81.0,0.0,21,33
473.015509340853,1206.6974503583597,66.75294117647059,3.50039022951731,0.14667311581724682,1.0,80.0,0.0,21,40
559.8424685343077,656.0625833768343,67.61176470588235,3.4787630329514063,0.15107725170343303,1.0,79.0,0.0,21,68
638.9879014410072,1435.9796390104757,79.73725490196078,3.586177609523359,0.01398207860913427,1.0,81.0,0.0,21,36
1123.9120688750065,1344.0622079899208,74.70196078431373,3.7104503581728614,0.04528286051900543,1.0,81.0,0.0,22,8
1197.0722250639387,1849.9966240409208,76.66666666666667,3.6723338363534705,0.04761616104680489,1.0,81.0,0.0,22,5
1319.4054621848738,352.0395842547545,70.93333333333334,3.5653530809407297,0.13051946800455577,1.0,81.0,0.0,22,99
1377.2244886887647,972.1677968860197,72.28627450980392,3.5609334987348444,0.10287614399161377,1.0,81.0,0.0,22,89
1474.3652825127144,1567.9792656346058,70.1686274509804,3.5515146882401853,0.13819970986223817,1.0,81.0,0.0,22,121
1545.4680715197956,1071.89289446186,67.55294117647058,3.5479989798068647,0.1701184026400088,1.0,81.0,0.0,22,52
1697.9972649572649,1423.0000976800977,80.29411764705883,3.5953028643220986,0.015909080513486308,1.0,81.0,0.0,22,17
2088.034995527728,1315.3655523255813,70.14901960784314,3.5510823137860994,0.10871201834247808,1.0,81.0,0.0,22,118
1413.216862975004,173.04375632894528,73.58039215686274,3.5852951050432043,0.09138512412718545,1.0,81.0,0.0,22,15
846.4385353095031,1667.2108689334495,67.47058823529412,3.5963347934427867,0.17137503764941384,1.0,81.0,0.0,22,11
70.95164129646888,2446.0218494356427,75.74117647058823,3.5243204490697466,0.03378868605475107,0.996078431372549,81.0,0.0,22,0
153.11088147153043,1530.9938514002274,75.89803921568627,3.527999578681642,0.03714518170680154,0.996078431372549,81.0,0.0,22,29
182.81751048951048,1657.7154125874126,70.09803921568627,3.570798425926812,0.1262292077763012,1.0,81.0,0.0,22,28
467.1241685144124,229.9620997267055,76.05098039215686,3.6118813086733765,0.06362232948291859,1.0,81.0,0.0,22,33
562.7646990539207,651.0707528005107,67.56470588235294,3.5122316386648036,0.16232878741368842,1.0,79.0,0.0,22,68
638.0136027792729,1438.0022508195918,80.14509803921568,3.592846812955322,0.011991617157380906,1.0,81.0,0.0,22,36
754.5081803201507,2175.8682909604518,66.63529411764706,3.5149247968745527,0.17913943818987363,1.0,81.0,0.0,22,39
472.96563932903825,1198.5318358581462,67.56470588235294,3.558659128286971,0.13893770204945302,1.0,81.0,0.0,22,40
1306.828881206788,350.93945107898594,74.87058823529412,3.596190980233182,0.07593809907508564,1.0,81.0,0.0,23,99
1117.115928921047,1353.0893275164929,73.70980392156862,3.7209969442615893,0.05742570126659084,1.0,81.0,0.0,23,8
1194.992170573173,1852.0033484341147,79.63921568627451,3.6216512926403546,0.02535050602480366,1.0,81.0,0.0,23,5
1376.1041816500565,972.0932394945032,76.33725490196079,3.6147934570855176,0.054087237832987696,1.0,81.0,0.0,23,89
1407.8224929415455,156.96402802467844,75.00392156862745,3.605602029333653,0.07768826765556205,1.0,81.0,0.0,23,15
1464.600465477114,1569.973013410174,70.76862745098039,3.561954629164766,0.1301534668205837,1.0,81.0,0.0,23,121
1545.644631342865,1072.9726941407346,69.94117647058823,3.54719867597998,0.1392136821500386,1.0,81.0,0.0,23,52
1698.0258815440527,1423.9986248895,79.85098039215686,3.5886967997530665,0.019689357241989357,1.0,81.0,0.0,23,17
2084.9726941407343,1303.644631342865,69.94117647058823,3.54719867597998,0.11032965472558104,1.0,81.0,0.0,23,118
855.6258421833961,1659.9669407331278,68.68235294117648,3.5595233798627346,0.15590313883207976,1.0,81.0,0.0,23,11
70.99691786099552,2446.9559767812193,76.34117647058824,3.5321869405710538,0.02958325494121164,0.996078431372549,81.0,0.0,23,0
155.85738477006933,1529.960575752765,74.10588235294118,3.4988488343427813,0.03638940322131693,0.996078431372549,80.0,0.0,23,29
189.09197971757266,1667.2400632462789,71.92549019607843,3.5547391365290935,0.08629621981008369,1.0,81.0,0.0,23,28
769.5003821955665,2174.8438290115832,66.69411764705882,3.506489208964967,0.17169701620860933,1.0,81.0,0.0,23,39
465.0828875643181,227.9552193183555,76.97647058823529,3.59816098074053,0.04722540957394909,1.0,81.0,0.0,23,33
565.7545316337271,645.0965968892527,67.06666666666666,3.451808323764694,0.15645214248315056,1.0,80.0,0.0,23,68
638.9779130264062,1435.978452930205,79.89803921568627,3.5891170318098964,0.013707992317595168,1.0,81.0,0.0,23,36
465.15277777777777,1186.5616573686657,67.48235294117647,3.6130703121345022,0.14181416174026207,1.0,81.0,0.0,23,40
855.6351093921376,1665.9958436760376,67.93333333333334,3.518376888276333,0.1625881299206819,1.0,81.0,0.000482939774302263,24,11
1115.0875544590835,1350.9109233111124,74.70980392156862,3.703352281350471,0.05130750935810702,1.0,81.0,0.000482939774302263,24,8
1193.9344774590163,1852.0240266393444,76.54901960784314,3.670286650707361,0.053998881203680106,1.0,81.0,0.000482939774302263,24,5
1317.2982059156295,351.048488766769,72.78823529411764,3.5653708043591914,0.10384111452669359,1.0,81.0,0.000482939774302263,24,99
1369.731650997856,966.8784430150091,71.32941176470588,3.578636804239321,0.12275956474945236,1.0,81.0,0.000482939774302263,24,89
1544.644631342865,1068.9726941407346,69.94117647058823,3.54719867597998,0.1392136821500386,1.0,81.0,0.000482939774302263,24,52
1463.6955562906605,1569.0076634689601,71.12941176470588,3.5652557590152676,0.12660489879947914,1.0,81.0,0.000482939774302263,24,121
1697.9994631527575,1422.999121522694,80.3529411764706,3.596328315769741,0.01523161161046523,1.0,81.0,0.000482939774302263,24,17
2078.9997173863894,1303.438955460095,69.38039215686274,3.540446507732124,0.1173493821387417,1.0,81.0,0.000482939774302263,24,118
1409.2786627654964,132.07591027308192,72.37647058823529,3.562814864905998,0.09868801024062848,1.0,81.0,0.000482939774302263,24,15
767.6753353247818,2167.9546652609383,66.95294117647059,3.483332135269199,0.1739341670264193,1.0,79.0,0.0004951661341713393,24,39
641.9966193042626,1435.0018128368447,80.03921568627452,3.591049901136808,0.013404351568789212,1.0,81.0,0.000482939774302263,24,36
70.96621518016867,2446.9973933043702,76.72549019607843,3.5381459653277796,0.025244419544986418,0.996078431372549,81.0,0.000482939774302263,24,0
156.94380054602587,1531.0259619842373,76.12941176470588,3.528142955751806,0.030611592421421634,0.996078431372549,81.0,0.000482939774302263,24,29
189.1218114704424,1666.3764530879841,71.18039215686275,3.587129829431934,0.10459887562082155,1.0,81.0,0.000482939774302263,24,28
356.79527329879505,1654.5628383491471,67.3686274509804,3.5946208785802853,0.15152052066158556,1.0,81.0,0.000482939774302263,24,145
439.8158907576317,220.07391785733117,74.38039215686274,3.641685858184801,0.08428395530895934,1.0,81.0,0.000482939774302263,24,33
465.4398094352777,1184.7905531024867,67.49803921568628,3.596976614082845,0.17155058091225214,1.0,81.0,0.000482939774302263,24,40
565.5432135609407,638.0043571684374,65.70196078431373,3.542676261150809,0.18265044118582582,1.0,81.0,0.000482939774302263,24,68
1309.6900409276943,347.92163710777623,71.86274509803921,3.6053620821659202,0.11317195493148331,1.0,81.0,0.00012076730353432653,25,99
1111.1759387653226,1351.1773808863497,70.70196078431373,3.753837683526364,0.07138153588197443,1.0,81.0,0.00012076730353432653,25,8
1175.9989139020538,806.0019253554502,79.43529411764706,3.618228545035184,0.0013246426801357247,1.0,81.0,0.00012076730353432653,25,149
1194.9559719449137,1850.98069932934,76.6,3.6782000744442147,0.030469192159107348,1.0,81.0,0.00012076730353432653,25,5
1378.137980235692,971.1137768852719,74.2078431372549,3.5609162747745318,0.07900139437385562,1.0,81.0,0.00012076730353432653,25,89
1464.5615389079092,1567.8704230255905,67.58039215686274,3.5255613421453518,0.16389142723865258,1.0,81.0,0.00012076730353432653,25,121
1543.5894822666123,1069.045658377497,67.33725490196079,3.552258843621266,0.1685900153630397,1.0,81.0,0.00012076730353432653,25,52
1698.0153710593304,1423.9967691403956,80.10980392156863,3.5925210043413847,0.016998854622780373,1.0,81.0,0.00012076730353432653,25,17
2058.0047643069333,1274.5304074883695,69.96470588235294,3.551008748999989,0.11087429334874346,1.0,81.0,0.00012076730353432653,25,118
1395.8135438483432,112.9462971913431,73.02352941176471,3.5760812674047533,0.09626745487785708,1.0,81.0,0.00012076730353432653,25,15
856.9917728389419,1671.4022167628407,68.63921568627451,3.527983317106188,0.1237663372052541,1.0,81.0,0.00012076730353432653,25,11
71.04765273636869,2446.939158118146,77.60392156862746,3.552419978731515,0.020504155473321906,0.996078431372549,81.0,0.00012076730353432653,25,0
156.81898180640286,1530.9806726772122,72.63921568627451,3.476073344049841,0.04221346065351266,0.996078431372549,79.0,0.00012382470419408984,25,29
355.0062072166145,1662.5180995475114,67.6,3.575840346030474,0.1394732277879904,1.0,81.0,0.00012076730353432653,25,145
187.02713917236738,1667.355612874285,69.93725490196078,3.5471005301702103,0.11034607015945193,1.0,81.0,0.00012076730353432653,25,28
463.52107591988823,1188.02643223102,67.35686274509804,3.5547320809979235,0.17073537957327467,1.0,81.0,0.00012076730353432653,25,40
564.1921545319465,599.9002080237741,65.98039215686275,3.43273291633482,0.16294088084078867,1.0,78.0,0.00012541220070161306,25,68
642.0088245331773,1434.003607820194,80.43529411764706,3.5977406113703805,0.01283861640826558,1.0,81.0,0.00012076730353432653,25,36
738.8485325864987,2158.9645253515373,67.21176470588236,3.449755210998585,0.15521439373300258,1.0,78.0,0.00012541220070161306,25,39
440.00282307130686,207.00097347286444,80.56862745098039,3.5994239824723997,0.011706168399086716,1.0,81.0,0.00012076730353432653,25,33
1107.7684327323163,1350.0935367545076,70.68627450980392,3.7537517062799246,0.08050865088009296,1.0,81.0,0.00017080070195848177,26,8
1174.0086135173494,805.9987764890129,80.12941176470588,3.5927557797447007,0.011920933239327747,1.0,81.0,0.00017080070195848177,26,149
1197.04612942863,1851.0169977472865,76.59607843137255,3.6780854412043653,0.029549610219623962,1.0,81.0,0.00017080070195848177,26,5
1369.879358845072,967.931319993631,73.88627450980393,3.581357826128941,0.0832647702182667,1.0,81.0,0.00017080070195848177,26,89
1397.2782048505846,91.98976829796449,72.43921568627451,3.5654342444131966,0.10950426488573793,1.0,81.0,0.00017080070195848177,26,15
1466.0471698113208,1560.7120640365924,68.58823529411765,3.527357752743209,0.12252358580578376,1.0,81.0,0.00017080070195848177,26,121
1553.4621613748907,1064.1859598019225,67.31372549019608,3.5764954278716687,0.1642308250329836,1.0,81.0,0.00017080070195848177,26,52
1699.0049958368027,1422.007493755204,80.06666666666666,3.5917776830730546,0.017008058555356458,1.0,81.0,0.00017080070195848177,26,17
849.4832876392696,1665.0331913900718,67.22745098039216,3.552154724244632,0.17044928596462489,1.0,81.0,0.00017080070195848177,26,11
1317.2574710140982,348.9980403897447,72.04313725490196,3.558725278947135,0.11361472334602359,1.0,81.0,0.00017080070195848177,26,99
749.485648476258,2152.146172927002,66.4,3.5015267838609936,0.17642151098597772,1.0,81.0,0.00017080070195848177,26,39
2049.9879463270413,1267.3095292244711,68.97254901960784,3.5322678379682464,0.1178489988789661,1.0,81.0,0.00017080070195848177,26,118
70.98299215806091,2447.066300030553,77.01176470588236,3.543884884322179,0.02608031258687076,0.996078431372549,81.0,0.00017080070195848177,26,0
156.9629304558831,1531.0631421343385,75.95686274509804,3.525081062835457,0.0268769770895702,0.996078431372549,81.0,0.00017080070195848177,26,29
187.119019138756,1668.312853414528,72.12549019607843,3.5922639924651345,0.09375385900007721,1.0,81.0,0.00017080070195848177,26,28
346.0078807120989,1658.4283932418641,69.1686274509804,3.536447838981439,0.1189738341507963,1.0,81.0,0.00017080070195848177,26,145
467.05346592570925,1185.6050307107341,67.03921568627452,3.5480242618421665,0.14226807736893737,1.0,81.0,0.00017080070195848177,26,40
564.5212809315866,583.0266666666666,67.3529411764706,3.554630823464065,0.17073948490573784,1.0,81.0,0.00017080070195848177,26,68
642.0025960031348,1433.0168985109717,80.06274509803922,3.5916542717142907,0.012792480760968625,1.0,81.0,0.00017080070195848177,26,36
429.0709993435338,206.97182245114377,77.65882352941176,3.641610089206675,0.04718765766746071,1.0,81.0,0.00017080070195848177,26,33
1106.8390307936334,1350.1318711371218,71.69803921568628,3.7462154324306685,0.06542691058759188,1.0,81.0,0.0,27,8
1169.6554537885095,783.8738828753816,70.6470588235294,3.578290541213158,0.134152748941257,1.0,81.0,0.0,27,149
1194.99157401406,1849.9911751508203,78.65490196078431,3.6429079430993854,0.012826823185654014,1.0,81.0,0.0,27,5
1305.695505927764,348.9534601599118,71.11764705882354,3.559057070999167,0.12339022695859463,1.0,81.0,0.0,27,99
1385.2698787423544,73.0461959437708,73.09019607843138,3.6090391580263894,0.10299500042252505,1.0,81.0,0.0,27,15
1459.6282508924019,1558.1342285681908,69.21176470588236,3.5757190743925125,0.14197591562220155,1.0,81.0,0.0,27,121
1555.0277527583878,1075.4208511596487,69.66274509803921,3.57627505947995,0.11730309525201311,1.0,81.0,0.0,27,52
1698.999755429466,1423.000880453923,80.17254901960784,3.5938040443649233,0.016391442103313378,1.0,81.0,0.0,27,17
2024.0002826136106,1232.561044539905,69.38039215686274,3.540446507732124,0.11734938213874165,1.0,81.0,0.0,27,118
853.2534101934821,1663.2548941270475,68.70980392156862,3.7582320276014354,0.10021583236148111,1.0,81.0,0.0,27,11
1377.0701476523782,972.0581413171205,76.75686274509803,3.594950675911102,0.0486564616154742,1.0,81.0,0.0,27,89
755.4267404777664,2164.1299115470247,65.17254901960784,3.4814198270641112,0.19010750250230535,1.0,80.0,0.0,27,39
70.99381200777334,2447.9847601513757,76.68235294117648,3.5375294711321583,0.029403835507357763,0.996078431372549,81.0,0.0,27,0
156.94715826591994,1531.9505289359054,75.62352941176471,3.518663016158537,0.02610826335963303,0.996078431372549,81.0,0.0,27,29
187.04039194338594,1669.257321720196,72.03921568627452,3.5527213610321957,0.08598051478334533,1.0,81.0,0.0,27,28
338.18845403420175,1654.4155285206014,68.33725490196079,3.5718510677937365,0.13742091099370585,1.0,81.0,0.0,27,145
413.97718439250923,216.0041391146333,77.69019607843137,3.655789563803419,0.03995981316883263,1.0,81.0,0.0,27,33
501.0335763848054,1192.509820063507,66.69019607843137,3.543458458599228,0.1458799736130218,1.0,81.0,0.0,27,40
556.4234082179024,579.0121056920033,67.38039215686274,3.539893534335656,0.16868310757926366,1.0,81.0,0.0,27,68
647.017310907839,1432.0206550604898,79.74117647058823,3.5863911163317965,0.012793860338962045,1.0,81.0,0.0,27,36
1305.7524849808847,347.95363189513927,71.80392156862744,3.5483782959060965,0.11321064063975819,1.0,81.0,0.0,28,99
1106.9382612347754,1346.912379252415,74.69803921568628,3.7103142954952717,0.03629506405530069,1.0,81.0,0.0,28,8
1185.1584596300092,776.9499487622027,72.70980392156862,3.7354684015323807,0.05641001548786564,1.0,81.0,0.0,28,149
1196.020707070707,1851.020101010101,77.6470588235294,3.662352834289493,0.019033626607210183,1.0,81.0,0.0,28,5
1371.181267130508,54.012017710309934,74.4,3.5664455765059997,0.0805486656803894,1.0,81.0,0.0,28,15
1472.277806429431,1557.0002292132256,68.43529411764706,3.525637334985584,0.15713849159678098,1.0,80.0,0.0,28,121
1551.0266666666666,1062.4787190684133,67.3529411764706,3.554630823464065,0.1412043367245493,1.0,81.0,0.0,28,52
1699.0149869785268,1423.0113999312073,79.8078431372549,3.587927661332259,0.01861696630254338,1.0,81.0,0.0,28,17
1999.025514822358,1214.5944783887758,69.31764705882352,3.569589123170871,0.12232104218673726,1.0,81.0,0.0,28,118
1377.078904417015,972.0465673773334,76.88627450980393,3.5967983087822653,0.048028694616076034,1.0,81.0,0.0,28,89
855.4100884752385,1658.804779960933,68.25882352941177,3.5701952861500232,0.15813043084593334,1.0,81.0,0.0,28,11
71.99799568300956,2447.9578579504573,76.30588235294118,3.531476015664511,0.029183139036673335,0.996078431372549,81.0,0.0,28,0
157.01856544448466,1531.925272793091,75.8313725490196,3.5231927581451146,0.027631515383716044,0.996078431372549,81.0,0.0,28,29
190.07246297909407,1668.312663327526,72.03137254901961,3.608087122413597,0.0919733950224731,1.0,81.0,0.0,28,28
339.0628610650346,1653.4659955385232,68.56078431372549,3.5735624156275567,0.1312712577319494,1.0,81.0,0.0,28,145
409.99790376834204,223.99619753327158,80.44313725490196,3.5976194212182695,0.01116756603313615,1.0,81.0,0.0,28,33
729.2881345926801,2173.0,66.43137254901961,3.493618740049699,0.1778678958545709,1.0,80.0,0.0,28,39
515.8486703988804,1210.5811756473058,67.24705882352941,3.5085868872548067,0.14700248126764073,1.0,81.0,0.0,28,40
542.5212809315866,577.0266666666666,67.3529411764706,3.554630823464065,0.17073948490573784,1.0,81.0,0.0,28,68
646.9833954760129,1438.9445687298037,78.88235294117646,3.5730020325676817,0.010068765784004468,1.0,81.0,0.0,28,36
1176.939277757629,1834.937775244806,75.69019607843137,3.692980050415126,0.03809734547759619,1.0,81.0,0.0001707797762084027,29,5
1205.9998537084898,759.9926854244892,80.41960784313726,3.5974408853498994,0.011614522937265639,1.0,81.0,0.0001707797762084027,29,149
1319.3047435190292,346.00562603419746,71.09803921568627,3.5645570961595743,0.12629285561546305,1.0,81.0,0.0001707797762084027,29,99
1351.774092048424,27.96138872593462,73.53333333333333,3.575048486595716,0.09472925697568965,1.0,81.0,0.0001707797762084027,29,15
1544.4897768430892,1066.0355181680102,67.12941176470588,3.5504311565441604,0.17187370851442818,1.0,81.0,0.0001707797762084027,29,52
1473.3025496416403,1559.015509340853,66.75294117647059,3.50039022951731,0.17695673241614365,1.0,80.0,0.00017291452419732653,29,121
1699.0076148366495,1422.9995578481946,79.82352941176471,3.588198128159459,0.01917181794963056,1.0,81.0,0.0001707797762084027,29,17
1982.0002843494085,1192.581722020018,68.95686274509804,3.532347594283805,0.12031525109960327,1.0,81.0,0.0001707797762084027,29,118
1106.0619487610247,1348.0879357412853,74.69803921568628,3.710370892910403,0.03632036015794822,1.0,81.0,0.0001707797762084027,29,8
1379.239196139774,972.1214274351769,73.95686274509804,3.565399530334933,0.08687025799138647,1.0,81.0,0.0001707797762084027,29,89
852.2329101291789,1658.906414592227,70.73333333333333,3.7543860989938467,0.08027335839713097,1.0,81.0,0.0001707797762084027,29,11
74.03165995248425,2446.0531453362255,75.92941176470588,3.525432558379974,0.029501824784443288,0.996078431372549,81.0,0.0001707797762084027,29,0
157.06523765144453,1531.9860722791757,75.74117647058823,3.522564432955379,0.032024376562100144,0.996078431372549,81.0,0.0001707797762084027,29,29
182.87671462027433,1656.6709601873536,70.32941176470588,3.572287172358586,0.11291650706996306,1.0,81.0,0.0001707797762084027,29,28
405.0333466254611,229.98424882863125,78.67450980392157,3.636023368406705,0.03429949766589063,1.0,81.0,0.0001707797762084027,29,33
337.96680860992825,1653.5167123607303,67.22745098039216,3.552154724244632,0.14079676819107043,1.0,81.0,0.0001707797762084027,29,145
542.2870912423866,575.8880610253681,66.31764705882352,3.4740222996466836,0.17326557812068824,1.0,80.0,0.00017291452419732653,29,68
649.0085388994307,1439.951113552382,78.53333333333333,3.566897869503008,0.010160115051261435,1.0,81.0,0.0001707797762084027,29,36
706.2881345926801,2151.0,66.43137254901961,3.493618740049699,0.1778678958545709,1.0,80.0,0.00017291452419732653,29,39
516.9731915615632,1218.405237260336,69.33725490196079,3.5700191939842543,0.12252253326529963,1.0,81.0,0.0001707797762084027,29,40
1341.1648120932186,10.024721813982783,74.71372549019608,3.600547290845861,0.07898688414544672,1.0,81.0,0.0,30,15
1092.998029399233,1342.8482104814657,73.6313725490196,3.7162126516242355,0.04495512062432301,1.0,81.0,0.0,30,8
1178.0066013104095,1835.9966993447954,79.60392156862746,3.621066659140428,0.025754462512458977,1.0,81.0,0.0,30,5
1214.009571247192,752.988280105479,80.30588235294118,3.595596377771963,0.011409055824440888,1.0,81.0,0.0,30,149
1311.707746288799,339.95341430499326,72.6470588235294,3.5629295441493367,0.10487352701160105,1.0,81.0,0.0,30,99
1371.9922602908553,970.9922109933449,79.54901960784314,3.619688445392185,0.02411879472808147,1.0,81.0,0.0,30,89
1465.5461555780705,1561.019644264325,69.67058823529412,3.546097264437111,0.1436586705963937,1.0,81.0,0.0,30,121
1547.8920424865053,1061.46810610018,67.56470588235294,3.548246279091939,0.14212796150857815,1.0,81.0,0.0,30,52
1699.0284360189573,1423.995359399684,79.43529411764706,3.5821988358004515,0.022706997530261785,1.0,81.0,0.0,30,17
1967.0338335456006,1194.3071044908356,70.81960784313725,3.539881394302655,0.09787482119375822,1.0,81.0,0.0,30,118
850.1043431346102,1659.15700026976,72.68627450980392,3.7277602370883725,0.06051436622556266,1.0,81.0,0.0,30,11
73.9919144363134,2445.9586510414,76.6313725490196,3.5377152369565277,0.03122685192198565,0.996078431372549,81.0,0.0,30,0
191.14080188679245,1677.4908608490566,66.50980392156863,3.504166993845287,0.15441050727739872,1.0,81.0,0.0,30,28
337.8854987615402,1644.6077460031524,69.66274509803921,3.5842546412096756,0.11673879909813244,1.0,81.0,0.0,30,145
402.0334064619067,229.9828978859194,78.65098039215687,3.635621037331059,0.0340880883025001,1.0,81.0,0.0,30,33
684.3996910048066,2127.031471732662,68.53333333333333,3.5258665531737945,0.15261559435861902,1.0,81.0,0.0,30,39
156.1222691292876,1532.9034828496042,74.31372549019608,3.502761820248865,0.039455768292416864,0.996078431372549,79.0,0.0,30,29
539.4651911468812,564.0040816326531,68.2156862745098,3.552739834751364,0.16033749162013683,1.0,81.0,0.0,30,68
651.9733340004002,1438.0573844306584,78.3843137254902,3.564424648361122,0.006848770405417808,1.0,81.0,0.0,30,36
517.9726941407345,1210.644631342865,69.94117647058823,3.54719867597998,0.11032965472558104,1.0,81.0,0.0,30,40
1176.0,1833.9977807367954,79.51764705882353,3.619625888366299,0.00030965937467242367,1.0,81.0,0.0,31,5
1208.9933494260802,755.998571358195,79.60392156862746,3.621019042391906,0.025152530901367258,1.0,81.0,0.0,31,149
1321.2580592463516,338.97925288608144,72.0156862745098,3.558011015620871,0.11269514269997313,1.0,81.0,0.0,31,99
1371.9653368885242,961.9092400779407,76.47843137254903,3.5664142832702224,0.031148656866034182,1.0,81.0,0.0,31,89
1544.4789240801117,1066.02643223102,67.35686274509804,3.5547320809979235,0.17073537957327461,1.0,81.0,0.0,31,52
1700.8824081313526,1425.0088089653375,75.23529411764706,3.5234868530841976,0.05535106997915048,0.996078431372549,80.0,0.0,31,17
1946.0,1160.6134641873277,68.32941176470588,3.5234766228085608,0.12694389471604892,1.0,81.0,0.0,31,118
1467.433385084239,1561.9705019837847,68.2,3.570374011568703,0.16030626329702388,1.0,81.0,0.0,31,121
1077.0670216578771,1353.022528288362,76.5921568627451,3.6708084774183516,0.05419714155723402,1.0,81.0,0.0,31,8
339.02842087560964,1648.355345030551,69.95686274509804,3.547535816667178,0.1105468638204595,1.0,81.0,0.0,31,145
845.8225573915937,1654.822779194854,70.72156862745098,3.7542035883067615,0.07126489416508078,1.0,81.0,0.0,31,11
56.00503479934844,2426.9995557529987,79.44705882352942,3.581692429213536,0.015793831016862568,1.0,81.0,0.0,31,0
156.90343292083054,1532.0068347745041,75.73725490196078,3.5225527358191733,0.02952708121964485,0.996078431372549,81.0,0.0,31,29
184.10475386779183,1672.397805907173,69.70588235294117,3.5847857913943533,0.11607816453540803,1.0,81.0,0.0,31,28
398.0341190127694,228.99570988744765,77.69803921568628,3.6575995712669114,0.022502828218919222,1.0,81.0,0.0,31,33
515.0552502169511,1219.4284061324847,67.7843137254902,3.560819152164697,0.13837276805472729,1.0,81.0,0.0,31,40
523.2246334652083,540.9721317198046,67.40392156862745,3.5095534366419185,0.16634213634744932,1.0,80.0,0.0,31,68
663.0401094799702,1438.9598905200298,78.80392156862744,3.5714998037896866,0.01647870701261103,1.0,81.0,0.0,31,36
1310.7045307443366,337.9522653721683,72.70588235294117,3.563955658432787,0.10411897436318729,1.0,81.0,0.0003415840649035047,32,99
1074.9305087649175,1356.293895962999,68.67843137254901,3.7847799010118837,0.05541776819588953,1.0,81.0,0.0003415840649035047,32,8
1178.0577830800353,1834.9413351314902,75.60392156862746,3.691744104332539,0.038748884068800914,1.0,81.0,0.0003415840649035047,32,5
1207.9291306350099,755.9768715140971,76.63921568627451,3.67178621659341,0.053306592163429846,1.0,81.0,0.0003415840649035047,32,149
1375.859059281937,960.6330642916782,70.45098039215686,3.5470673256731873,0.10857657186435675,1.0,81.0,0.0003415840649035047,32,89
1466.6483146067417,1563.0038764044943,69.80392156862744,3.544999643428771,0.13919062479169655,1.0,81.0,0.0003415840649035047,32,121
1553.3025496416403,1067.015509340853,66.75294117647059,3.50039022951731,0.17695673241614365,1.0,80.0,0.0003458538720067035,32,52
1702.9420921182552,1428.018876691642,67.51764705882353,3.4208242694849633,0.12176214157431117,0.996078431372549,72.0,0.0003842821429265093,32,17
1927.1765515659058,1150.4168865435356,68.3686274509804,3.576576698930336,0.1407603060632887,1.0,81.0,0.0003415840649035047,32,118
189.05713961149607,1672.4940929228671,69.04313725490196,3.5822320815878084,0.12524088642749664,1.0,81.0,0.0003415840649035047,32,28
839.5296939241663,1651.0585312928279,68.67450980392157,3.5760436474004753,0.15959916168628224,1.0,81.0,0.0003415840649035047,32,11
47.00912768896783,2404.0024669429645,79.48235294117647,3.5823022323081233,0.015437678220666533,1.0,81.0,0.0003415840649035047,32,0
156.92464035222443,1533.0029693339477,76.6,3.5366595661308073,0.031154102533972026,0.996078431372549,81.0,0.0003415840649035047,32,29
332.9714125560538,1632.644899103139,69.96078431372548,3.5476338985339098,0.11053045824348341,1.0,81.0,0.0003415840649035047,32,145
389.9313850712717,224.047718796301,76.75686274509803,3.6003045449843767,0.05194114464632449,1.0,81.0,0.0003415840649035047,32,33
514.0,1210.5817458060847,68.96078431372548,3.532448391781936,0.12036601190449937,1.0,81.0,0.0003415840649035047,32,40
498.5273932767244,515.8862393858323,67.42745098039215,3.545513247074516,0.16960104784045438,1.0,81.0,0.0003415840649035047,32,68
641.746293639407,2060.9079387852703,65.6,3.4592317173912264,0.1790680850429015,1.0,79.0,0.00035023177565356704,32,180
671.9914280148062,1455.002824858757,80.51764705882353,3.599075037568284,0.01351114410614798,1.0,81.0,0.0003415840649035047,32,36
1318.1843536316157,342.02525170947075,72.83529411764705,3.57137196038541,0.09714601495129367,1.0,81.0,0.0001707797762084029,33,99
1176.0088279301747,1833.9812967581047,78.62745098039215,3.640585850746876,0.01372285109325926,1.0,81.0,0.0001707797762084029,33,5
1207.9279758555424,754.9966750217402,76.66274509803921,3.6721979246537204,0.047471578376886356,1.0,81.0,0.0001707797762084029,33,149
1465.4476190476191,1561.9709090909091,67.94117647058823,3.565863485242024,0.1639073436499128,1.0,81.0,0.0001707797762084029,33,121
1552.5212809315867,1065.9733333333334,67.3529411764706,3.554630823464065,0.17073948490573782,1.0,81.0,0.0001707797762084029,33,52
1703.6882678872562,1427.9781980245723,65.11372549019607,3.38848219881112,0.12800449889465398,0.996078431372549,69.0,0.0002004806195375029,33,17
1918.9919373284538,1137.712202653248,68.58039215686274,3.527259549112732,0.12366318346163732,1.0,81.0,0.0001707797762084029,33,118
1377.9267881045218,959.5073619274865,67.3843137254902,3.586259642069164,0.13961174638796137,1.0,81.0,0.0001707797762084029,33,89
845.5164226124497,1644.950177935943,67.21960784313725,3.552008842388362,0.16956324373770193,1.0,81.0,0.0001707797762084029,33,11
1081.1041958796247,1360.841441052745,72.71372549019608,3.728141630525605,0.06048727016415369,1.0,81.0,0.0001707797762084029,33,8
652.0816647447322,1442.0157249187546,74.8156862745098,3.505346133384525,0.004936572755118794,0.996078431372549,81.0,0.0001707797762084029,33,36
47.03238114363171,2395.947286510367,78.11372549019607,3.5611530907713638,0.024235128267425146,0.996078431372549,81.0,0.0001707797762084029,33,0
158.96186967992435,1534.9888496191945,78.78039215686275,3.5708902120850614,0.02015678711609216,1.0,81.0,0.0001707797762084029,33,29
182.01550934085301,1677.3025496416403,66.75294117647059,3.50039022951731,0.14667311581724685,1.0,80.0,0.00017291452419732672,33,28
323.07148916916464,1638.4173406481534,69.33725490196079,3.6594080753924683,0.11885426254238715,1.0,81.0,0.0001707797762084029,33,145
382.98597302884144,216.00812087803916,79.67843137254901,3.62011420985729,0.016686647502338517,1.0,81.0,0.0001707797762084029,33,33
486.4160399563695,493.81330730811186,68.30980392156863,3.5712668396043785,0.1581414359769424,1.0,81.0,0.0001707797762084029,33,68
514.94446356856,1210.5448651749857,68.3529411764706,3.5697540537955534,0.1337112393041049,1.0,81.0,0.0001707797762084029,33,40
421.0495761347784,2205.0679257431057,73.09019607843138,3.4839629216212504,0.032298016624307514,0.996078431372549,80.0,0.00017291452419732672,33,186
629.7824801532987,2032.8971803996715,71.62745098039215,3.5496170218653496,0.1090584004312107,1.0,81.0,0.0001707797762084029,33,180
1209.953924128398,755.0168432908412,76.6,3.678060885763531,0.029568459951441535,1.0,81.0,0.0,34,149
1176.022528288362,1832.9329783421229,76.5921568627451,3.6708084774183516,0.03282922457227397,1.0,81.0,0.0,34,5
1089.2548068694016,1384.2548068694016,68.73333333333333,3.758560340286443,0.10015286127247608,1.0,81.0,0.0,34,8
1317.3140306955481,342.0747795798411,72.05490196078432,3.608372881125715,0.115000382775567,1.0,81.0,0.0,34,99
1374.7900294270382,959.5272632854422,67.96470588235294,3.6048870847467835,0.1435323248953315,1.0,81.0,0.0,34,89
1464.62813925293,1563.0958951561688,67.92549019607843,3.4990080823266263,0.1554824094226919,1.0,81.0,0.0,34,121
1547.0335763848054,1060.509820063507,66.69019607843137,3.543458458599228,0.1458799736130218,1.0,81.0,0.0,34,52
1704.1582904161487,1427.0927603149235,66.24705882352941,3.402888240166961,0.12853242003759136,0.996078431372549,71.0,0.0,34,17
1903.795273298795,1124.5628383491471,67.3686274509804,3.5946208785802853,0.15152052066158556,1.0,81.0,0.0,34,118
834.5977832371593,1646.0082271610581,68.63921568627451,3.527983317106188,0.1533271516985461,1.0,81.0,0.0,34,11
635.505605254218,2020.0553164986977,69.26274509803922,3.5862553581772496,0.15091114104783057,1.0,81.0,0.0,34,180
51.0199949251459,2393.0021314387213,77.27450980392157,3.5475241624729077,0.0330967575016458,0.996078431372549,81.0,0.0,34,0
157.0040038518068,1532.0357305762507,77.37647058823529,3.5479155327087946,0.026291737732272183,1.0,81.0,0.0,34,29
176.88003432494278,1664.533924485126,68.54901960784314,3.5569572783618773,0.13097716180329153,1.0,81.0,0.0,34,28
327.2148498299418,1630.469360696374,68.02745098039216,3.6060788527781846,0.14525763728017632,1.0,81.0,0.0,34,145
642.0131778027234,1434.9988774464346,80.34901960784313,3.5963482218729754,0.01359008271975776,1.0,81.0,0.0,34,36
417.5649201424796,2199.8722279673675,68.25882352941177,3.6747193076639677,0.15620154124804425,1.0,81.0,0.0,34,186
495.4447004608295,494.8802995391705,68.07843137254902,3.547992227715031,0.16057067227208324,1.0,81.0,0.0,34,68
514.9997156505915,1209.581722020018,68.95686274509804,3.532347594283805,0.12031525109960327,1.0,81.0,0.0,34,40
370.00311223497374,207.0019451468586,80.64313725490196,3.6006385999116466,0.012351060164301342,1.0,81.0,0.0,34,33
1212.0446712820253,755.0207691141543,77.60392156862746,3.6547321457880004,0.041248842646534285,1.0,81.0,0.00020916327202330043,35,149
1173.9402768417233,1835.0597231582767,75.64313725490196,3.692240561633932,0.03830418068744636,1.0,81.0,0.00020916327202330043,35,5
1102.400329770298,1401.1132021833068,68.97254901960784,3.6452448299622016,0.14492653929630575,1.0,81.0,0.00020916327202330043,35,8
1316.271763241898,341.04420278093386,72.48235294117647,3.581937530202052,0.1009008347079411,1.0,81.0,0.00020916327202330043,35,99
1542.5058112232919,1065.0272364404789,66.8078431372549,3.5459533169570885,0.17609214392966466,1.0,81.0,0.00020916327202330043,35,52
1464.7390369983157,1562.0281698321426,67.51764705882353,3.478608113912228,0.15877054625385412,1.0,80.0,0.00021177781436818507,35,121
1704.1,1426.0318687430479,70.50980392156863,3.451160917668727,0.0877026921481523,0.996078431372549,75.0,0.00022589634364692237,35,17
1898.0605450781968,1118.4510694572218,68.20392156862745,3.566815261988694,0.1329433449545165,1.0,81.0,0.00020916327202330043,35,118
822.7046620180948,1626.9832881922434,68.05098039215686,3.483783674252392,0.14632164129899775,1.0,81.0,0.00020916327202330043,35,11
1378.9983520854641,958.4948289578361,69.01176470588236,3.5676773116635854,0.12383768449097655,1.0,81.0,0.00020916327202330043,35,89
641.2748820306991,2021.0553777729565,72.30196078431372,3.557072316494553,0.10724770413243906,1.0,81.0,0.00020916327202330043,35,180
645.0033193400371,1433.987650102509,80.33725490196079,3.596204351340536,0.012466612513730027,1.0,81.0,0.00020916327202330043,35,36
50.998719337996256,2392.99300561521,79.6156862745098,3.584410031149036,0.01582193626155218,1.0,81.0,0.00020916327202330043,35,0
157.02046694966646,1533.0384071154235,77.6,3.551371529600547,0.020652744660938846,1.0,81.0,0.00020916327202330043,35,29
323.8809335889052,1627.6125831548088,69.56078431372549,3.582115030097275,0.1164538451553178,1.0,81.0,0.00020916327202330043,35,145
355.0334446493545,193.98414992772766,78.67843137254901,3.635987585509029,0.03428479885434798,1.0,81.0,0.00020916327202330043,35,33
176.86654394845834,1663.5492982052463,68.17254901960784,3.54965273153531,0.13008954722483784,1.0,81.0,0.00020916327202330043,35,28
413.5518058364635,2196.8271019936433,67.86274509803921,3.5193443217962805,0.15857933495103455,1.0,81.0,0.00020916327202330043,35,186
511.97356776898,1207.4789240801117,67.35686274509804,3.5547320809979235,0.1411996965447281,1.0,81.0,0.00020916327202330043,35,40
496.5323498664189,492.894993611337,67.52156862745097,3.547251688363408,0.16982067620645855,1.0,81.0,0.00020916327202330043,35,68
1307.7883172561628,336.9760986066452,73.17647058823529,3.5768998055088876,0.08942096558273166,1.0,81.0,0.0002699796408468059,36,99
814.0082271610581,1605.4022167628407,68.63921568627451,3.527983317106188,0.1237663372052541,1.0,81.0,0.0002699796408468059,36,11
1118.8228409784238,1417.1761606300959,70.70196078431373,3.753837683526364,0.07127742680647595,1.0,81.0,0.0002699796408468059,36,8
1174.997288636924,1831.9974365294552,79.54901960784314,3.620028911104092,0.02626037627392822,1.0,81.0,0.0002699796408468059,36,5
1210.008327930983,753.9925198224704,78.63921568627451,3.6425115087337976,0.012651993532180737,1.0,81.0,0.0002699796408468059,36,149
1465.4941003815673,1564.1480481361903,66.80392156862744,3.5088215383801957,0.1721600663580478,1.0,81.0,0.0002699796408468059,36,121
1551.39528991766,1067.188000230322,68.10588235294118,3.5718650047149936,0.16029339961733485,1.0,81.0,0.0002699796408468059,36,52
1704.7964637447446,1425.9201174912168,68.09019607843138,3.4202896976835415,0.10222508415251026,0.996078431372549,73.0,0.0002995664806500314,36,17
1897.0207343653942,1119.3652825127144,70.1686274509804,3.5515146882401853,0.1094794687325127,1.0,81.0,0.0002699796408468059,36,118
1378.983121163901,957.6096840190952,69.00392156862745,3.563800023423891,0.12059508719273261,1.0,81.0,0.0002699796408468059,36,89
643.1809643080776,2022.0676789814236,75.15294117647059,3.6009243577770498,0.07505195537778621,1.0,81.0,0.0002699796408468059,36,180
56.96144216324487,2395.0401602403604,78.31372549019608,3.5642749731363588,0.023902568861627272,0.996078431372549,81.0,0.0002699796408468059,36,0
157.92923574605743,1533.9650727860899,77.58431372549019,3.551474352551312,0.01744343816332902,1.0,81.0,0.0002699796408468059,36,29
177.9970166379805,1663.5448651749857,68.3529411764706,3.5697540537955534,0.12817241968009296,1.0,81.0,0.0002699796408468059,36,28
304.06898071625346,1652.3606611570249,71.17647058823529,3.6163083317678018,0.0983150120982922,1.0,81.0,0.0002699796408468059,36,145
343.99688746230913,187.99800603054177,80.63529411764706,3.6006043543770634,0.012357461341335188,1.0,81.0,0.0002699796408468059,36,33
636.994371298517,1434.0099358817483,80.12156862745098,3.592488860472372,0.013522155382238277,1.0,81.0,0.0002699796408468059,36,36
409.4998234878795,2208.846787479407,66.65098039215687,3.505392074188959,0.17131755151412684,1.0,81.0,0.0002699796408468059,36,186
495.41029984753516,491.9643119317861,69.44705882352942,3.572344695065487,0.14813815600579539,1.0,81.0,0.0002699796408468059,36,68
514.0436958166056,1208.5075929481584,67.4,3.5866129427683564,0.1413140418664389,1.0,81.0,0.0002699796408468059,36,40
1132.1040138109624,1427.1574233923177,72.69019607843137,3.727818876756549,0.06054287765382332,1.0,81.0,0.0006274487294495723,37,8
1169.9918246737257,1831.003644422556,79.62745098039215,3.6216536660792626,0.025357158551917686,1.0,81.0,0.0006274487294495723,37,5
1208.9918249339514,755.0085738497582,78.67058823529412,3.642900532667989,0.01289195115758226,1.0,81.0,0.0006274487294495723,37,149
1308.7689812845597,336.9674606550404,73.75686274509803,3.5883528328111094,0.08846443560622862,1.0,81.0,0.0006274487294495723,37,99
1465.4949494949494,1564.149518440216,66.7764705882353,3.5083544037773766,0.1719215989827654,1.0,81.0,0.0006274487294495723,37,121
1550.3235260835124,1065.0275545999773,69.30980392156863,3.5385252616730063,0.14585353542299934,1.0,81.0,0.0006274487294495723,37,52
1704.8090953705218,1425.9197339004309,71.91764705882353,3.4732272751565243,0.0717580616927219,0.996078431372549,77.0,0.0006600436370187305,37,17
1375.9666611286482,956.6928061139724,70.81176470588235,3.5397488935807644,0.09777688430497473,1.0,81.0,0.0006274487294495723,37,89
801.2078113921059,1582.5190853226188,66.3686274509804,3.5692163185790737,0.1634943824209337,1.0,81.0,0.0006274487294495723,37,11
1894.8250028725727,1108.5902562334827,68.25882352941177,3.5746660528510845,0.14247669682612504,1.0,81.0,0.0006274487294495723,37,118
639.007444658088,2023.0097125671746,79.54117647058824,3.6197511288726885,0.024230300154863587,1.0,81.0,0.0006274487294495723,37,180
58.98552624943265,2395.0198698875383,77.7607843137255,3.5555787573278765,0.02970599708790196,0.996078431372549,81.0,0.0006274487294495723,37,0
158.00614385614386,1533.9693806193807,78.50980392156863,3.566017879439686,0.01102723500527722,1.0,81.0,0.0006274487294495723,37,29
179.98865524551653,1673.4611241620353,68.44313725490196,3.57137405725721,0.12594734431630736,1.0,81.0,0.0006274487294495723,37,28
293.03698832812756,1677.278755000274,71.56470588235294,3.6061363547823175,0.08791041992577658,1.0,81.0,0.0006274487294495723,37,145
388.71186540732,2194.0,66.43137254901961,3.493618740049699,0.17786789585457097,1.0,80.0,0.0006352918775640544,37,186
493.46631175224684,491.8829927299788,68.50588235294117,3.5560009595656537,0.15735387361715863,1.0,81.0,0.0006274487294495723,37,68
512.9797631367138,1208.5349545820397,68.21176470588236,3.552696320271783,0.13022510583292002,1.0,81.0,0.0006274487294495723,37,40
329.997033506784,176.99790886543792,80.63921568627451,3.600604595116218,0.012344523357536928,1.0,81.0,0.0006274487294495723,37,33
1137.8955827625264,1429.841324631897,72.70980392156862,3.7280974993806995,0.06052760553730966,1.0,81.0,0.0006830725750473274,38,8
1166.0086787370942,1831.0068332585167,78.62352941176471,3.6425462316254347,0.01260230355561786,1.0,81.0,0.0006830725750473274,38,5
1208.9925645065985,753.9967008075636,79.63921568627451,3.6215493176693325,0.025361605793585734,1.0,81.0,0.0006830725750473274,38,149
1310.7863699434304,335.95639876187425,73.48235294117647,3.5879537785785858,0.08852450296712257,1.0,81.0,0.0006830725750473274,38,99
1550.4182541939153,1065.0,68.96078431372548,3.532448391781936,0.14979474819824257,1.0,81.0,0.0006830725750473274,38,52
1464.6974503583597,1562.984490659147,66.75294117647059,3.50039022951731,0.1769567324161437,1.0,80.0,0.0006916110325495431,38,121
1704.8352195068612,1425.9627139030124,71.72941176470589,3.4706923715942977,0.07645809257529357,0.996078431372549,77.0,0.0007185570819045464,38,17
1902.0273058592654,1120.355368657135,69.94117647058823,3.54719867597998,0.11032965472558103,1.0,81.0,0.0006830725750473274,38,118
1375.9266177839852,954.5076233705773,67.38823529411765,3.586358127439246,0.139595829093016,1.0,81.0,0.0006830725750473274,38,89
782.2881345926801,1557.0,66.43137254901961,3.493618740049699,0.1778678958545709,1.0,80.0,0.0006916110325495431,38,11
640.0335133498209,2023.003734921516,77.69803921568628,3.657716862503489,0.022487377087457433,1.0,81.0,0.0006830725750473274,38,180
57.03907518333986,2393.0813973016852,70.05098039215686,3.435802096538263,0.06097950978964547,0.996078431372549,76.0,0.0007280118389965063,38,0
157.00710817440057,1534.005456274716,78.34117647058824,3.562772424594626,0.015429777425141357,1.0,81.0,0.0006830725750473274,38,29
278.1333485167682,1677.3893981666001,68.87450980392157,3.538878026926161,0.12462865439660514,1.0,81.0,0.0006830725750473274,38,145
175.8774314765694,1662.7434239610964,70.96470588235294,3.572392979552175,0.09920520150418842,1.0,81.0,0.0006830725750473274,38,28
372.6301677297425,2199.6715095676823,66.4,3.5256308987347107,0.1742360535099892,1.0,81.0,0.0006830725750473274,38,186
502.29684768510685,497.87678339818416,69.54117647058824,3.5594934747623688,0.1395938871790418,1.0,81.0,0.0006830725750473274,38,68
517.3811192829235,1213.0123534819581,68.25098039215686,3.522932717197587,0.15910785458898097,1.0,81.0,0.0006830725750473274,38,40
326.99664364237765,172.99922171417452,80.61960784313726,3.600346698831266,0.01216483329558668,1.0,81.0,0.0006830725750473274,38,33
1373.9650044722719,952.6344476744187,70.14901960784314,3.5510823137860994,0.10871201834247808,1.0,81.0,0.0,39,89
1153.1539956803456,1434.8950323974082,72.62745098039215,3.7268652830512883,0.07164407724324814,1.0,81.0,0.0,39,8
1165.0034033737793,1831.9984709480123,79.50588235294117,3.6193690468815034,0.0016470467166266073,1.0,81.0,0.0,39,5
1210.9980059335635,752.0038908613394,80.6313725490196,3.6007864625217003,0.012205435816546777,1.0,81.0,0.0,39,149
1309.8068635694765,335.98885852428003,74.61960784313726,3.571258742471042,0.07861990251424761,1.0,81.0,0.0,39,99
1469.0,1569.28813459268,66.43137254901961,3.493618740049699,0.1474232116900286,1.0,80.0,0.0,39,121
1549.482917982918,1065.1752076752077,67.03529411764706,3.5405521512201363,0.17650667979114376,1.0,81.0,0.0,39,52
1704.942652329749,1425.0276963180188,72.21176470588236,3.476558061851362,0.07723935487426518,0.996078431372549,77.0,0.0,39,17
1904.9728608276325,1111.644387125715,69.93725490196078,3.5471005301702103,0.11034607015945194,1.0,81.0,0.0,39,118
756.9764638346728,1547.3888059701492,68.31372549019608,3.5217301483302017,0.12463130647861329,1.0,81.0,0.0,39,11
66.04828973843058,2393.9513925659217,74.06274509803922,3.4993229402162576,0.05259767348349265,0.996078431372549,79.0,0.0,39,0
158.01452796760313,1533.0319919007845,77.47058823529412,3.549505261029547,0.02175881050213094,1.0,81.0,0.0,39,29
176.10693759071117,1672.532191582003,67.54901960784314,3.5478974333240694,0.14197559127817946,1.0,81.0,0.0,39,203
272.199873751865,1677.3730058533226,68.33725490196079,3.600255356489217,0.14060276155651633,1.0,81.0,0.0,39,145
172.95729336864048,1660.6584596315286,69.60392156862746,3.541166672248327,0.11063235369368866,1.0,81.0,0.0,39,28
371.48348891481913,2201.876487747958,67.2156862745098,3.5414201872728692,0.17058079324787662,1.0,81.0,0.0,39,186
498.24651298511816,1208.0128975780567,67.19607843137256,3.4717669902273753,0.15949239612410707,1.0,80.0,0.0,39,40
515.3086201991465,504.9487908961593,68.92156862745098,3.5252553552979533,0.1449112028181865,1.0,81.0,0.0,39,68
633.8915900472703,2022.9729884161861,75.49411764705883,3.603173328241221,0.06205495940864707,1.0,81.0,0.0,39,180
326.0031131433019,173.00102150014592,80.61960784313726,3.6002791451697567,0.012164833295586642,1.0,81.0,0.0,39,33
1306.7389558232933,332.9635840659937,72.25882352941177,3.5782108307610776,0.10366227122261491,1.0,81.0,0.0004182891869917306,40,99
1207.862255623292,752.0085663233131,74.61960784313726,3.694944816328328,0.07229845744448687,1.0,81.0,0.0004182891869917306,40,149
1166.022522977477,1831.954449045551,77.65490196078431,3.6555152355322447,0.025215830344030073,1.0,81.0,0.0004182891869917306,40,5
765.0,1536.71186540732,66.43137254901961,3.493618740049699,0.14742321169002856,1.0,80.0,0.0004235178133827787,40,11
1157.609103760249,1440.9741023466215,69.3529411764706,3.5843800865745967,0.14851352848315244,1.0,81.0,0.0004182891869917306,40,8
1372.9767495263793,951.6111717090533,68.30980392156863,3.5216274700612016,0.1245804203202494,1.0,81.0,0.0004182891869917306,40,89
1473.3833735493508,1569.1211076640238,68.25882352941177,3.5000123110041033,0.15511555396076837,1.0,81.0,0.0004182891869917306,40,121
1542.8735182481753,1058.5634452554746,67.15686274509804,3.488073527651986,0.14048655953731132,1.0,81.0,0.0004182891869917306,40,52
1705.01819386403,1423.9875140148813,76.94901960784314,3.5431725840050254,0.0387199731541232,0.996078431372549,81.0,0.0004182891869917306,40,17
1907.0278071886319,1122.3763165227083,70.37254901960785,3.5552558230989537,0.10764554471236738,1.0,81.0,0.0004182891869917306,40,118
645.3346639689397,2026.0976650079292,71.71372549019608,3.562148886050278,0.11399373569818054,1.0,81.0,0.0004182891869917306,40,180
534.0,527.2881345926801,66.43137254901961,3.493618740049699,0.1474232116900286,1.0,80.0,0.0004235178133827787,40,68
70.06891503003989,2387.966375523805,77.67450980392157,3.554898021668706,0.0276605032339112,0.996078431372549,81.0,0.0004182891869917306,40,0
158.06087520582804,1533.009031485455,78.5921568627451,3.5677242402794964,0.019906317190818444,1.0,81.0,0.0004182891869917306,40,29
170.78350095924657,1663.5561885936863,67.45490196078431,3.595726393862229,0.14684138943867797,1.0,81.0,0.0004182891869917306,40,28
174.97692217119982,1675.5709996467679,66.61176470588235,3.575554125893518,0.14834580054566243,1.0,81.0,0.0004182891869917306,40,203
246.89204248650532,1659.46810610018,67.56470588235294,3.548246279091939,0.14212796150857815,1.0,81.0,0.0004182891869917306,40,145
371.5251314157463,2201.88376351072,66.39607843137254,3.528514757792586,0.18005972915972443,1.0,81.0,0.0004182891869917306,40,186
456.4790562190504,2441.883716865715,67.31372549019608,3.5434467890885086,0.17092968258284696,1.0,81.0,0.0004182891869917306,40,209
465.8558868955685,1217.5368302245456,66.0156862745098,3.4967610057289993,0.1599401740917216,1.0,81.0,0.0004182891869917306,40,40
325.0016042000875,161.00126391522045,80.67058823529412,3.600977781106184,0.012148599932756188,1.0,81.0,0.0004182891869917306,40,33
1164.9977319790949,1834.0030568977418,79.53725490196078,3.620031048272182,0.0011243624965819388,1.0,81.0,0.0002414619407519761,41,5
1170.8955714979234,1454.1579912616646,72.70196078431373,3.72804539341521,0.0604214700944892,1.0,81.0,0.0002414619407519761,41,8
1208.9916716537005,752.0076301615799,78.63529411764706,3.6425407248754027,0.012602339422672462,1.0,81.0,0.0002414619407519761,41,149
1307.7432388924663,331.9275059025542,73.08235294117647,3.6146181944977247,0.10139104749823552,1.0,81.0,0.0002414619407519761,41,99
1363.880658436214,953.6126049946446,69.56470588235294,3.5822107783524637,0.11649630857462953,1.0,81.0,0.0002414619407519761,41,89
1466.8524857375712,1563.5763767609733,67.36470588235294,3.5114452852945304,0.14788299639867858,1.0,81.0,0.0002414619407519761,41,121
1548.3888059701492,1062.0235361653272,68.31372549019608,3.5217301483302017,0.15417907888961158,1.0,81.0,0.0002414619407519761,41,52
1705.9583072753805,1423.0227746508235,75.24705882352941,3.517496989906969,0.0459006397741132,0.996078431372549,81.0,0.0002414619407519761,41,17
1904.993002721164,1126.2778363969567,70.6156862745098,3.5576396857019543,0.1027417462289344,1.0,81.0,0.0002414619407519761,41,118
762.3025496416402,1541.015509340853,66.75294117647059,3.50039022951731,0.17695673241614365,1.0,80.0,0.00024448021723384326,41,11
462.2464985994398,1207.9873949579833,67.2,3.4718757997122323,0.15954217307951973,1.0,80.0,0.00024448021723384326,41,40
540.9679527245867,522.9381214841752,69.0156862745098,3.4403755425946967,0.11207931947968497,0.996078431372549,72.0,0.0002716447080400576,41,68
69.8704675294392,2391.106797248455,67.27058823529411,3.4041275551599117,0.10224791339451961,0.996078431372549,72.0,0.0002716447080400576,41,0
642.3001472914734,2026.0731002127543,71.88627450980393,3.605740396914266,0.11934699825514225,1.0,81.0,0.0002414619407519761,41,180
177.20388914764789,1677.4372380065208,67.35686274509804,3.594327415085811,0.1514408465429626,1.0,81.0,0.0002414619407519761,41,203
233.05503179127385,1658.3193926770446,71.54509803921569,3.668912462595557,0.09360332429470553,1.0,81.0,0.0002414619407519761,41,145
158.0299226830003,1533.047896375138,78.10980392156863,3.560177938602719,0.014081195181620964,1.0,81.0,0.0002414619407519761,41,29
371.56153890790927,2201.8704230255903,67.58039215686274,3.5255613421453518,0.16389142723865258,1.0,81.0,0.0002414619407519761,41,186
456.59447838877577,2444.025514822358,69.31764705882352,3.569589123170871,0.1509587635956532,1.0,81.0,0.0002414619407519761,41,209
322.9966439688716,146.99927042801556,80.62745098039215,3.6003134320970616,0.012196133453340264,1.0,81.0,0.0002414619407519761,41,33
1315.3902627085972,330.00181748086135,71.20392156862745,3.599405444958316,0.12871901568386723,1.0,81.0,0.0,42,99
1192.0893275164929,1463.0891147052564,73.70980392156862,3.7281961711778626,0.03930543966338111,1.0,81.0,0.0,42,8
736.6134641873278,1533.0,68.32941176470588,3.5234766228085608,0.15664859504631243,1.0,81.0,0.0,42,11
1163.952743824477,1832.9783153480284,76.67843137254901,3.679426352661811,0.03001316291299074,1.0,81.0,0.0,42,5
1364.90281284867,953.4192847495449,66.78039215686275,3.5680345944712957,0.14625781601135596,1.0,81.0,0.0,42,89
1463.0124493341054,1560.7608569774175,67.72549019607843,3.516122186261496,0.1361558644471537,1.0,80.0,0.0,42,121
1548.3865358126723,1062.0,68.32941176470588,3.5234766228085608,0.1566485950463124,1.0,81.0,0.0,42,52
1705.9974750077295,1424.004431619087,76.10196078431373,3.530093239695524,0.04381024588562376,0.996078431372549,81.0,0.0,42,17
1907.1159913744184,1128.4971058903643,69.10588235294118,3.567196286002057,0.12484255045739971,1.0,81.0,0.0,42,118
641.3866345777132,2026.9227626350255,70.06666666666666,3.6301875433091637,0.13069772412057654,1.0,81.0,0.0,42,180
1207.8604370206954,752.0094547746612,74.65882352941176,3.6955878384342524,0.0720154021573792,1.0,81.0,0.0,42,149
569.4590673575129,508.0063327576281,68.11764705882354,3.55104240049445,0.161857201790236,1.0,81.0,0.0,42,68
72.9817603498832,2390.0201282242433,78.90588235294118,3.5737280576463073,0.020509196739192413,1.0,81.0,0.0,42,0
158.07433628318583,1533.942756005057,77.54901960784314,3.55090843240464,0.01778353786844766,0.996078431372549,81.0,0.0,42,29
171.98449065914699,1658.6974503583597,66.75294117647059,3.50039022951731,0.1466731158172468,1.0,80.0,0.0,42,217
224.13063538829286,1657.3397075990883,70.54509803921569,3.576168641963331,0.11001754910545432,1.0,81.0,0.0,42,145
174.0270781206561,1671.3857659160412,70.52941176470588,3.557830740412707,0.10498953375037108,1.0,81.0,0.0,42,203
319.98577195746356,140.00694170933437,79.65490196078431,3.6196152846649206,0.016381970499207525,1.0,81.0,0.0,42,33
370.5536920568367,2203.8392150011646,67.34117647058824,3.491470756142313,0.15726543539436294,1.0,81.0,0.0,42,186
454.96535113174696,1200.4681950087058,67.56862745098039,3.558759720561946,0.13898720978627577,1.0,81.0,0.0,42,40
459.6002216680521,2445.973178165697,70.76470588235294,3.5618588488887424,0.13017174237255766,1.0,81.0,0.0,42,209
1312.425758172509,324.03319642153826,69.69803921568628,3.576282078780281,0.1462557213227408,1.0,81.0,0.00034153277801256184,43,99
1211.99157401406,753.0088248491799,78.65490196078431,3.6429079430993854,0.012826823185654012,1.0,81.0,0.00034153277801256184,43,149
1164.9782430633766,1833.9574075970104,76.60392156862746,3.678189433116132,0.01429781034974086,1.0,81.0,0.00034153277801256184,43,5
632.8372493144793,2026.985214258831,72.93725490196078,3.593669123131203,0.09868117467302222,1.0,81.0,0.00034153277801256184,43,180
728.0783002588438,1515.1309318377912,72.72156862745098,3.7429110447444134,0.036936262205825736,1.0,81.0,0.00034153277801256184,43,11
1363.8767146202742,953.6709601873537,70.32941176470588,3.572287172358586,0.11291650706996306,1.0,81.0,0.00034153277801256184,43,89
1450.0,1556.71186540732,66.43137254901961,3.493618740049699,0.14742321169002856,1.0,80.0,0.0003458019440267902,43,121
1538.877310332688,1059.9714252185647,66.83529411764705,3.4650838825982944,0.15399758645576922,1.0,78.0,0.0003546686739371366,43,52
1705.967786445895,1424.9321233349253,73.89411764705882,3.49838667603105,0.05822383410810148,0.996078431372549,79.0,0.0003501791903545101,43,17
583.7240888888889,499.0385777777778,66.17647058823529,3.490932168835053,0.18071142223208742,1.0,79.0,0.0003501791903545101,43,68
1908.046636867898,1138.1750767408046,72.81960784313725,3.572585766073849,0.07189870206987128,1.0,81.0,0.00034153277801256184,43,118
464.8939103394662,2447.987457890645,75.66666666666667,3.605939357851245,0.06794885793623867,1.0,81.0,0.00034153277801256184,43,209
72.9611874435864,2389.051248621001,78.20392156862745,3.562584289497914,0.023355194372242708,0.996078431372549,81.0,0.00034153277801256184,43,0
149.93078429114362,1637.802430035702,68.10196078431373,3.4551218642220984,0.11655397233076698,1.0,80.0,0.0003458019440267902,43,217
153.0128975780566,1654.2465129851182,67.19607843137256,3.4717669902273753,0.12940581277272065,1.0,80.0,0.0003458019440267902,43,203
158.06087520582804,1534.009031485455,78.5921568627451,3.5677242402794964,0.019906317190818444,1.0,81.0,0.00034153277801256184,43,29
226.05333906871707,1658.1766856651252,72.93333333333334,3.5744881123151417,0.07267260355782783,1.0,81.0,0.00034153277801256184,43,145
319.99824953807257,112.99975688028785,80.65098039215687,3.600672838460008,0.01199158608036579,1.0,81.0,0.00034153277801256184,43,33
370.6555562030185,2204.9118932463143,67.29803921568627,3.4869456950584556,0.16161235467614268,1.0,81.0,0.00034153277801256184,43,186
455.9764638346728,1197.6111940298508,68.31372549019608,3.5217301483302017,0.1246313064786133,1.0,81.0,0.00034153277801256184,43,40
1312.376379444878,325.0269758109464,70.36078431372549,3.5549651590914717,0.13620108535823472,1.0,81.0,0.00012074341811826534,44,99
1211.9926633512237,752.9967994485204,79.64313725490196,3.6215145410487617,0.025362307913295405,1.0,81.0,0.00012074341811826534,44,149
710.4182541939152,1496.0,68.96078431372548,3.532448391781936,0.14979474819824257,1.0,81.0,0.00012074341811826534,44,11
1165.9812493682402,1834.98195693925,77.5921568627451,3.6615370175157076,0.019339598776181157,1.0,81.0,0.00012074341811826534,44,5
1364.681124685801,953.5009060618461,67.08627450980393,3.58830840515397,0.1583816844473662,1.0,81.0,0.00012074341811826534,44,89
1430.8711134577027,1558.895166021354,66.84705882352941,3.44153836523307,0.14953269510616987,1.0,78.0,0.0001253873966151828,44,121
1550.5758786881393,1060.0406136123192,66.72156862745098,3.578002815751257,0.17778202656431483,1.0,81.0,0.00012074341811826534,44,52
1706.8872611464967,1424.0426220806794,73.88235294117646,3.4990368708195354,0.052736099909992215,0.996078431372549,80.0,0.00012225271112263804,44,17
1917.0032990299867,1144.0076813235512,79.64313725490196,3.621630107884802,0.0009853093000016337,1.0,81.0,0.00012074341811826534,44,118
633.9590513748582,2031.2947976878613,72.5921568627451,3.5621844138205443,0.07640134627125107,1.0,81.0,0.00012074341811826534,44,180
467.9279574293901,2453.0213364715514,76.64313725490196,3.671859500298236,0.05312418246215499,1.0,81.0,0.00012074341811826534,44,209
72.0419573450269,2388.966414191748,78.69803921568628,3.570469987247974,0.022462442826918134,0.996078431372549,81.0,0.00012074341811826534,44,0
149.96498352165725,1635.780131826742,66.63529411764706,3.462172839724796,0.1327999576644898,1.0,79.0,0.00012380021408361284,44,217
166.05425626796156,1528.983103755822,79.14509803921568,3.5774899368607738,0.02260829006235138,1.0,81.0,0.00012074341811826534,44,29
227.19035033458923,1659.3483101838835,69.73725490196078,3.5995104230137906,0.13027071362757447,1.0,81.0,0.00012074341811826534,44,145
154.14963910568628,1652.5054867672086,66.82745098039216,3.509458076686377,0.1498814549839038,1.0,81.0,0.00012074341811826534,44,203
370.76544655929723,2205.949399707174,66.96078431372548,3.4692457650941537,0.16258593659864484,1.0,79.0,0.00012380021408361284,44,186
457.0,1203.3168079508916,67.07843137254902,3.5069813864489148,0.14572931776730907,1.0,80.0,0.00012225271112263804,44,40
1212.979520631068,754.0148665048544,77.55294117647058,3.6609505127709565,0.018734411414455775,1.0,81.0,0.0,45,149
721.3168079508915,1488.0,67.07843137254902,3.5069813864489148,0.17599638008005275,1.0,80.0,0.0,45,11
1167.9825856993164,1835.9920163664488,78.5921568627451,3.640121770307901,0.02968600853548964,1.0,81.0,0.0,45,5
1362.7891310665505,952.5614646904969,67.47058823529412,3.5963347934427867,0.15139908675715638,1.0,81.0,0.0,45,89
1412.6108581834737,1546.9218074208968,68.90980392156862,3.556141390452778,0.1507241524649122,1.0,81.0,0.0,45,121
1551.4475964871735,1060.173445805408,67.87450980392157,3.519572859454869,0.1586643591745138,1.0,81.0,0.0,45,52
1707.8155677556124,1424.9741262162308,72.14509803921568,3.471805384073896,0.059444199342468,0.996078431372549,78.0,0.0,45,17
1908.921329338055,1122.6922909289021,71.98039215686275,3.607114855537676,0.09234701494721567,1.0,81.0,0.0,45,118
1312.3172508970467,326.0268837979575,71.03921568627452,3.5440370667268675,0.1252422438831069,1.0,81.0,0.0,45,99
631.9586348958914,2032.3672196860039,70.43921568627451,3.566388828059761,0.10894147314785842,1.0,81.0,0.0,45,180
71.98322031381478,2390.0066326783153,79.22745098039216,3.5786397383467814,0.0186747059424233,1.0,81.0,0.0,45,0
135.0033754292033,1644.358319269045,67.3843137254902,3.488852059390333,0.12577111920386938,1.0,81.0,0.0,45,203
165.05369727047147,1528.9912158808934,79.01960784313725,3.5752596254787097,0.021842249777876122,1.0,81.0,0.0,45,29
223.91180701560253,1650.7482018368928,70.87843137254902,3.588408236933489,0.09838294609684814,1.0,81.0,0.0,45,145
134.14777423544692,1627.5147597118905,66.4235294117647,3.502171112788057,0.153895495984843,1.0,81.0,0.0,45,217
371.509217127523,2203.804398553261,67.2235294117647,3.543667292353212,0.17193193389258718,1.0,81.0,0.0,45,186
461.0278390765575,1192.676455610253,69.30588235294118,3.5384254875934666,0.11664179818398772,1.0,81.0,0.0,45,40
472.9983904009365,2451.989415666764,80.4,3.5968287227492595,0.010710342348207362,1.0,81.0,0.0,45,209
1215.0024646325232,754.0024153398729,79.55686274509804,3.619973019662541,0.02622010785568602,1.0,81.0,0.0,46,149
1170.0149314167131,1838.0158424862075,77.47843137254903,3.659703564039887,0.019520526803710015,1.0,81.0,0.0,46,5
722.7454763399737,1498.746446714995,68.70196078431373,3.7581959448768827,0.10009997438256574,1.0,81.0,0.0,46,11
1313.3764705882354,326.0250906049624,70.33333333333333,3.5543492207505305,0.13586935450055235,1.0,81.0,0.0,46,99
1905.9631715283253,1119.6609978601193,69.63921568627451,3.5433218993222257,0.11350287816949757,1.0,81.0,0.0,46,118
1418.0289621435322,1535.7091555950858,70.54509803921569,3.5366068441977503,0.10207610873636401,1.0,81.0,0.0,46,121
1554.1878639645936,1063.4620312136035,67.34117647058824,3.577126000243294,0.14087535354382263,1.0,81.0,0.0,46,52
1363.9250469924812,951.7125822368421,66.7607843137255,3.5154482516137877,0.14500631847278683,1.0,80.0,0.0,46,89
1708.076774297534,1425.08058883576,72.99215686274509,3.482146249449035,0.055301108175857566,0.996078431372549,78.0,0.0,46,17
119.02486047691526,1612.8359546761374,69.56470588235294,3.4884183403967692,0.10014950420995895,1.0,81.0,0.0,46,217
121.0553702077846,1629.1294702955809,67.0,3.4619043852322795,0.12343583335388146,1.0,78.0,0.0,46,203
165.98058684054536,1528.008002371073,79.38823529411765,3.5809919380285193,0.01865440783402344,1.0,81.0,0.0,46,29
227.04337133914598,1657.3385870780237,70.16470588235295,3.5751020678351693,0.10928015414637485,1.0,81.0,0.0,46,145
473.108683060397,2451.02127323469,74.47450980392156,3.5359992975952905,0.07149034677320765,1.0,81.0,0.0,46,209
469.1375379503924,1194.5837199977086,68.45882352941176,3.5902907009612033,0.1299008851467444,1.0,81.0,0.0,46,40
633.0287313217561,2030.4684705475106,67.97254901960784,3.53152960894747,0.12874035029834202,1.0,81.0,0.0,46,180
351.5605080696848,2192.87455573035,67.30588235294118,3.5096524162281537,0.16051782713720256,1.0,81.0,0.0,46,186
1169.0035946425055,1836.9924167815639,79.63921568627451,3.6216512926403546,0.0009454944396875761,1.0,81.0,0.00012074806230977204,47,5
1208.8878524046434,760.9965796019901,75.67058823529412,3.6803650722009382,0.06136246940326971,1.0,81.0,0.00012074806230977204,47,149
1305.613990213523,322.9730871886121,70.52549019607844,3.557734294408246,0.1336382516416561,1.0,81.0,0.00012074806230977204,47,99
1417.459255928965,1542.0070248398335,69.78039215686275,3.5477680905307114,0.14246606780595505,1.0,81.0,0.00012074806230977204,47,121
1573.2079268632588,1065.024806287976,70.34901960784313,3.498775398356281,0.11777569648846029,1.0,81.0,0.00012074806230977204,47,52
1709.0222056552532,1424.994355396986,73.64313725490196,3.4900679141638964,0.04063515404329344,0.996078431372549,81.0,0.00012074806230977204,47,17
1908.9775734469613,1122.5612805561784,69.94509803921568,3.5806396133048346,0.1117802942945181,1.0,81.0,0.00012074806230977204,47,118
726.8666338582677,1521.1608158355205,71.71764705882353,3.7465790753905064,0.06040783575675765,1.0,81.0,0.00012074806230977204,47,11
1365.0356049905838,950.780131826742,66.63529411764706,3.462172839724796,0.13279995766448974,1.0,79.0,0.00012380497584965383,47,89
641.3162721006893,2024.1545100389571,65.43137254901961,3.480766107344267,0.18878713249824927,1.0,79.0,0.00012380497584965383,47,180
114.0217352361617,1604.560458589598,65.67450980392157,3.527515129717566,0.15677838213292225,1.0,81.0,0.00012074806230977204,47,217
170.0104973756561,1531.9888527868034,78.45098039215686,3.6377110611700405,0.030160807236490363,1.0,81.0,0.00012074806230977204,47,29
117.14492753623189,1619.4245969384785,67.37647058823529,3.511486800416934,0.14805266953263035,1.0,81.0,0.00012074806230977204,47,203
323.59743970739515,2182.9206194993712,68.61960784313726,3.517188335081377,0.15013110441766125,1.0,81.0,0.00012074806230977204,47,186
462.61468041691944,2452.998180113605,71.10980392156863,3.5978111816251297,0.1297050876207546,1.0,81.0,0.00012074806230977204,47,209
468.9309072034143,1192.5598938808466,67.99607843137255,3.5629427996237353,0.1335166154518904,1.0,81.0,0.00012074806230977204,47,40
227.06006345109427,1656.2568156154218,72.92941176470588,3.606192507588195,0.0799041596256878,1.0,81.0,0.00012074806230977204,47,145
1170.006109578242,1837.995516357903,79.5921568627451,3.62074917606557,0.025430718044627345,1.0,81.0,0.0,48,5
1199.7891101397659,743.050563919918,72.67058823529412,3.712853178101886,0.09154497633192074,1.0,81.0,0.0,48,149
1316.2685627442465,326.04727529309594,72.25098039215686,3.556374045651496,0.11052001469889994,1.0,81.0,0.0,48,99
1358.8828184092629,946.5520451504044,67.4,3.4928298497885772,0.14104523910465708,1.0,81.0,0.0,48,89
1418.4786034740596,1542.0366386747958,68.18039215686275,3.5355908449366638,0.15668877338701953,1.0,81.0,0.0,48,121
1575.4751565517645,1067.1844091999767,67.00784313725491,3.544432410408817,0.1724892308098165,1.0,81.0,0.0,48,52
1709.9884775953242,1425.1075424436403,70.45098039215686,3.443738898478022,0.06384656758168505,0.996078431372549,78.0,0.0,48,17
711.1044172374737,1522.1586214335796,72.70980392156862,3.7281191998726504,0.06050708113985797,1.0,81.0,0.0,48,11
640.3491479363641,2025.250467078073,69.26666666666667,3.5442464097989275,0.14254581103838895,1.0,81.0,0.0,48,180
109.96440937730601,1595.652608276097,69.08627450980393,3.500249344421416,0.10758332595810571,1.0,81.0,0.0,48,217
111.98449065914699,1611.3025496416403,66.75294117647059,3.50039022951731,0.14667311581724685,1.0,80.0,0.0,48,203
170.9986204178163,1531.0069471817108,79.5921568627451,3.620858037628083,0.0008162557679161833,1.0,81.0,0.0,48,29
227.12484848484848,1656.3747658402203,71.17647058823529,3.5870904129745593,0.10475060210602212,1.0,81.0,0.0,48,145
329.43853530950304,2164.2108689334495,67.47058823529412,3.5963347934427867,0.17137503764941384,1.0,81.0,0.0,48,186
468.9959183673469,1191.5348088531186,68.2156862745098,3.552739834751364,0.13074621717527327,1.0,81.0,0.0,48,40
470.00322597163193,2451.9584720159764,76.58431372549019,3.6779433303375764,0.011998704816263825,1.0,81.0,0.0,48,209
1057.968354746788,16.99555066739989,78.44313725490196,3.6341737599023007,0.03642457828926959,1.0,81.0,0.0,49,244
1168.006978333008,1840.0052703494046,80.36078431372549,3.596492044527799,0.011223487748306206,1.0,81.0,0.0,49,5
1192.7199496194075,713.892503148787,71.61176470588235,3.690767159481605,0.1171362258965542,1.0,81.0,0.0,49,149
1309.6891958022945,324.95818606927304,72.12156862745098,3.6154908708775255,0.10918853331864256,1.0,81.0,0.0,49,99
1361.1214256830917,947.5460112067472,67.88627450980393,3.5298556628451396,0.1344855345249314,1.0,81.0,0.0,49,89
1419.185849638392,1539.9794247911645,69.94901960784314,3.493689198373881,0.12356739363736342,1.0,81.0,0.0,49,121
1574.418577007981,1066.0697345333108,69.28235294117647,3.5527623530644608,0.14657614925828388,1.0,81.0,0.0,49,52
1710.1048080060916,1425.9835744588274,72.10196078431373,3.4695847096183496,0.05610074890390185,0.996078431372549,79.0,0.0,49,17
109.97212219770009,1595.7390521547218,67.52156862745097,3.4787157953217083,0.12891512771489036,1.0,80.0,0.0,49,217
112.0,1611.28813459268,66.43137254901961,3.493618740049699,0.1474232116900286,1.0,80.0,0.0,49,203
168.01617711744294,1527.991056155613,80.2392156862745,3.5946704762812733,0.015265329934282593,1.0,81.0,0.0,49,29
227.06998585572842,1656.417538896747,69.31372549019608,3.6589623744592714,0.11863780642369112,1.0,81.0,0.0,49,145
353.0339188370684,2179.0037351100345,77.69411764705882,3.6575745798254977,0.022411371711080475,1.0,81.0,0.0,49,186
466.9542949593003,2454.012892461702,77.56470588235294,3.6556420907975826,0.040296801190129225,1.0,81.0,0.0,49,209
467.87699662542184,1194.7632733408325,69.72549019607843,3.7734344633296426,0.0544307043386138,1.0,81.0,0.0,49,40
639.3553686571348,2022.0273058592654,69.94117647058823,3.54719867597998,0.1392136821500386,1.0,81.0,0.0,49,180
709.1041160921401,1503.8426929923935,72.69411764705882,3.727776210712467,0.060593302213057386,1.0,81.0,0.0,49,11
1172.9540106404747,694.0215878862288,76.65882352941176,3.6790696526853655,0.030226259787269404,1.0,81.0,0.0,50,149
1065.996992851861,45.00207049543998,79.54901960784314,3.6198518729303153,0.0016718857040825931,1.0,81.0,0.0,50,244
1167.998963372495,1840.001036627505,79.44313725490196,3.618466039009691,0.0010704179763141126,1.0,81.0,0.0,50,5
1710.8367895545314,1426.0104235242484,71.48235294117647,3.4568010266317306,0.044042054589329846,0.996078431372549,79.0,0.0,50,17
1358.2923787251905,945.541704143431,65.4,3.5280848378084504,0.16679155788411276,1.0,81.0,0.0,50,89
1418.4908984830804,1539.8049008168027,67.2156862745098,3.54352829330611,0.17184681180029743,1.0,81.0,0.0,50,121
1574.3025674167204,1070.015216497268,66.74901960784314,3.500283252069927,0.1769076652126462,1.0,80.0,0.0,50,52
1318.1862313392762,326.0538073246697,73.02745098039216,3.576135413509632,0.09624120691501871,1.0,81.0,0.0,50,99
110.0,1595.71186540732,66.43137254901961,3.493618740049699,0.14742321169002856,1.0,80.0,0.0,50,217
714.9133585381222,1503.0616467128755,74.68235294117648,3.710031701170827,0.04545182205857498,1.0,81.0,0.0,50,11
111.98756731981207,1611.317405752263,68.44705882352942,3.488978209583181,0.1108970083339639,1.0,81.0,0.0,50,203
168.00573332679963,1526.990738472093,80.02745098039216,3.5912183337134853,0.015927032887416027,1.0,81.0,0.0,50,29
227.07797940166748,1656.3042341016837,71.96470588235294,3.6069339068797737,0.09402674316018135,1.0,81.0,0.0,50,145
467.92640804895757,2453.9684680012447,75.6156862745098,3.6936057970281357,0.04215540720014315,1.0,81.0,0.0,50,209
470.02463446549467,1192.6984126984128,68.92941176470588,3.533952548896614,0.12261372734902833,1.0,81.0,0.0,50,40
624.9362441456414,2019.038374376794,77.87058823529412,3.5637066428099065,0.00872240078092094,1.0,81.0,0.0,50,180
358.2097370136927,2187.1662138665506,72.17254901960784,3.5588555972891074,0.10738002719607784,1.0,81.0,0.0,50,186
1069.9255550944179,63.02946669433492,75.5921568627451,3.693309823979531,0.041693012139842674,1.0,81.0,0.0,51,244
1167.0023148148148,1838.9934988179668,79.62352941176471,3.6212464602572862,0.0007689286829669101,1.0,81.0,0.0,51,5
1170.6605601648198,690.8764407817807,70.42745098039215,3.574063444609961,0.13317052881409472,1.0,81.0,0.0,51,149
1319.3657963884386,326.0348297646335,70.14509803921568,3.550984782820771,0.13757968301528392,1.0,81.0,0.0,51,99
1416.0997919762258,1537.8078454680535,65.98039215686275,3.43273291633482,0.13438820712779873,1.0,78.0,0.0,51,121
1363.4650454179603,945.9797631367138,68.21176470588236,3.552696320271783,0.15991598191183035,1.0,81.0,0.0,51,89
1566.984490659147,1066.6974503583597,66.75294117647059,3.50039022951731,0.1466731158172468,1.0,80.0,0.0,51,52
1710.8952818724574,1426.0041739314206,74.2235294117647,3.4988770851484343,0.03128583806321323,0.996078431372549,81.0,0.0,51,17
111.0217352361617,1587.560458589598,65.67450980392157,3.527515129717566,0.15677838213292225,1.0,81.0,0.0,51,217
115.14492753623189,1602.4245969384785,67.37647058823529,3.511486800416934,0.14805266953263035,1.0,81.0,0.0,51,203
169.00141553180066,1519.998535656758,80.34117647058824,3.5962930318655975,0.014721751334662475,1.0,81.0,0.0,51,29
227.07508892841264,1656.32542240996,70.55686274509804,3.6060137015094025,0.10472648588239529,1.0,81.0,0.0,51,145
469.9970166379805,1200.4551348250143,68.3529411764706,3.5697540537955534,0.12817241968009294,1.0,81.0,0.0,51,40
470.5128811019538,2455.0633392888017,68.04313725490196,3.606662039288493,0.17170746748243704,1.0,81.0,0.0,51,209
633.2609781598513,2025.9721189591078,67.51372549019608,3.4785004166592945,0.15872101661129837,1.0,80.0,0.0,51,180
728.1045645840078,1506.8429373044135,72.68235294117648,3.72773777508867,0.060533923795086035,1.0,81.0,0.0,51,11
355.1916565581984,2182.143874268235,74.35686274509804,3.6080151502164957,0.08250144952956026,1.0,81.0,0.0,51,186
1070.9666051015824,79.00469225777468,78.56078431372549,3.635978058908768,0.03712745374828575,1.0,81.0,0.0,52,244
1164.0031617429108,1837.0041991898033,79.38039215686274,3.6173223858207857,0.025939115309233315,1.0,81.0,0.0,52,5
1175.036899013227,690.9374343900903,74.71372549019608,3.717895677382353,0.013360001672484308,1.0,81.0,0.0,52,149
1363.1440360529089,939.0015802411331,67.00392156862745,3.4469780239169303,0.1513060814118437,1.0,78.0,0.0,52,89
1416.0278682801954,1538.7753665347918,67.40392156862745,3.5095534366419185,0.13643964468727826,1.0,80.0,0.0,52,121
1568.0,1066.71186540732,66.43137254901961,3.493618740049699,0.14742321169002856,1.0,80.0,0.0,52,52
1710.140211210398,1426.0382344976983,72.41176470588235,3.4714338485803022,0.0459415795717443,0.996078431372549,78.0,0.0,52,17
1309.6987116497435,323.91898678895075,71.83529411764705,3.6044836874548443,0.11616173617902258,1.0,81.0,0.0,52,99
632.454314867124,2026.989565919179,68.02745098039216,3.5507991106356074,0.1642259459332345,1.0,81.0,0.0,52,180
114.97213171980451,1591.7753665347918,67.40392156862745,3.5095534366419185,0.1364396446872783,1.0,80.0,0.0,52,217
118.04184222846442,1607.5062617041199,67.01176470588236,3.5479592699569436,0.14173176181019,1.0,81.0,0.0,52,203
167.9904334533261,1515.9925045613688,79.52549019607844,3.619781170277602,0.0018986485308853612,1.0,81.0,0.0,52,29
224.92491107158736,1640.67457759004,70.55686274509804,3.6060137015094025,0.10472648588239533,1.0,81.0,0.0,52,145
725.0482568244556,1523.9775585318475,76.71372549019608,3.6797955940439686,0.02972608957074733,1.0,81.0,0.0,52,11
345.6716326302868,2165.862180560205,70.28235294117647,3.5714290496914884,0.13365514182435193,1.0,81.0,0.0,52,186
467.7451931305985,1196.2548068694016,68.73333333333333,3.758560340286443,0.10015286127247607,1.0,81.0,0.0,52,40
470.99122504313533,2453.0039930983485,79.54901960784314,3.618557869506404,0.01793733631577978,1.0,81.0,0.0,52,209
1068.9661245260427,76.99670724406306,78.60392156862746,3.6365719788468183,0.037467615988949064,1.0,81.0,0.0003194338511690284,53,244
1165.010400390625,1837.99189453125,80.31372549019608,3.5956177211815774,0.012419582227722084,1.0,81.0,0.0003194338511690284,53,5
1177.0150368142695,692.083013584984,75.6313725490196,3.6920572779816303,0.02458565790189289,1.0,81.0,0.0003194338511690284,53,149
1352.0773845230954,943.2634073185363,65.37254901960785,3.428286652269027,0.1514387221403054,1.0,78.0,0.00033171978476011926,53,89
1416.1095842755262,1539.5474575288456,67.63529411764706,3.516141575645799,0.13173790076825434,1.0,81.0,0.0003194338511690284,53,121
1568.9643950094162,1066.780131826742,66.63529411764706,3.462172839724796,0.1327999576644898,1.0,79.0,0.0003275207946633084,53,52
1710.8725332475333,1425.9055662805663,73.12941176470588,3.4834905102075613,0.04295603929142906,0.996078431372549,79.0,0.0003275207946633084,53,17
1318.31065475542,327.1150452118967,71.99215686274509,3.5901461174702924,0.11450127053896668,1.0,81.0,0.0003194338511690284,53,99
630.1966222414072,2027.0111692656342,72.67843137254901,3.723928235659705,0.08470645666737542,1.0,81.0,0.0003194338511690284,53,180
108.97269414073452,1599.644631342865,69.94117647058823,3.54719867597998,0.11032965472558104,1.0,81.0,0.0003194338511690284,53,217
110.9877169713396,1614.4548757280434,68.00392156862745,3.548708739496477,0.13193172179461463,1.0,81.0,0.0003194338511690284,53,203
168.00986241925145,1516.0075940628235,79.52549019607844,3.619753924275966,0.0018728822299402049,1.0,81.0,0.0003194338511690284,53,29
220.95943956822765,1646.7143869596032,71.93333333333334,3.6259211448570667,0.08753897762946156,1.0,81.0,0.0003194338511690284,53,145
717.9784165302782,1527.0473097381341,76.67450980392157,3.6794717941743196,0.014296827073717296,1.0,81.0,0.0003194338511690284,53,11
346.72654920687194,2166.9104231845877,71.44705882352942,3.5986104617771946,0.11350080681212638,1.0,81.0,0.0003194338511690284,53,186
463.74516405135523,1201.2548359486448,68.72549019607843,3.7586533540170124,0.10004991863564291,1.0,81.0,0.0003194338511690284,53,40
467.9660579695483,2453.0092063331476,77.52549019607844,3.6566495653543227,0.02404768571298044,1.0,81.0,0.0003194338511690284,53,209
1073.1530970207864,77.00937221844076,74.89803921568627,3.62451034479712,0.07570721164472459,1.0,81.0,0.0004354269623629191,54,244
1164.930513595166,1841.9800809053204,76.58431372549019,3.6710034140342045,0.05382760852514196,1.0,81.0,0.0004354269623629191,54,5
1199.366402714932,691.1427036199095,69.33333333333333,3.582361578573275,0.14690380447676532,1.0,81.0,0.0004354269623629191,54,149
1413.9449092254283,1550.3043651471173,68.90588235294118,3.5318175394194955,0.11909684953038102,1.0,81.0,0.0004354269623629191,54,121
1568.9643950094162,1066.780131826742,66.63529411764706,3.462172839724796,0.1327999576644898,1.0,79.0,0.0004464504564940286,54,52
711.9120209973753,1527.0616272965879,74.70588235294117,3.710352969746273,0.04529930907338632,1.0,81.0,0.0004354269623629191,54,11
1309.6615300546448,324.9596174863388,71.76470588235294,3.5702856875480404,0.11674618095878056,1.0,81.0,0.0004354269623629191,54,99
1710.9762743963386,1425.9737492766585,74.54509803921569,3.5033182830077534,0.03437753683788628,0.996078431372549,81.0,0.0004354269623629191,54,17
632.4884845038385,2023.9371623542793,68.96078431372548,3.5805289637059836,0.1536164743554578,1.0,81.0,0.0004354269623629191,54,180
41.92757234271476,1878.4443060195933,69.25098039215686,3.5202809297467814,0.12055224631113402,1.0,81.0,0.0004354269623629191,54,260
98.85963168664134,1594.5799473838058,67.07843137254902,3.5052722640521097,0.14592659043889653,1.0,81.0,0.0004354269623629191,54,217
102.99971565059144,1610.418277979982,68.95686274509804,3.532347594283805,0.12031525109960324,1.0,81.0,0.0004354269623629191,54,203
169.0029663321303,1516.9985662728036,79.32156862745099,3.616203379224264,0.0016970905478082268,1.0,81.0,0.0004354269623629191,54,29
185.9514397511789,1650.0408849202367,78.17254901960784,3.5619825202076827,0.025438231295515246,0.996078431372549,81.0,0.0004354269623629191,54,145
348.8233428310306,2165.9458631256384,72.94509803921568,3.5747638546218616,0.09929342316414351,1.0,81.0,0.0004354269623629191,54,186
471.0134546699936,2454.003963011889,80.15294117647059,3.592997849110885,0.014443047857487078,1.0,81.0,0.0004354269623629191,54,209
464.9293663149397,1196.5599953871879,68.01176470588236,3.563284426779495,0.1337266860521071,1.0,81.0,0.0004354269623629191,54,40
1310.6250620210596,324.8779976845471,71.13333333333334,3.586195362407445,0.12730721322450714,1.0,81.0,0.00024149867197567374,55,99
1062.9269849507007,64.02859366891542,75.56862745098039,3.6929082515595955,0.042023988470475906,1.0,81.0,0.00024149867197567374,55,244
1164.9450538341,1842.9872617904261,77.58039215686274,3.6507337962627804,0.047847396135490876,1.0,81.0,0.00024149867197567374,55,5
1206.355384874138,693.0284240623423,69.94901960784314,3.5473396118029936,0.13932726639795479,1.0,81.0,0.00024149867197567374,55,149
1418.2988801791714,1542.0601903695408,70.03921568627452,3.5984552490160735,0.13789007562240915,1.0,81.0,0.00024149867197567374,55,121
1566.8540952606074,1067.5147145727456,66.36078431372549,3.5007470457410914,0.15333301786285009,1.0,81.0,0.00024149867197567374,55,52
1710.8102141680395,1425.9636463481604,71.41176470588235,3.457865946331734,0.05163797867558134,0.996078431372549,78.0,0.0002507870894531819,55,17
708.0217835958274,1519.9530067498465,76.69019607843137,3.6794985184824887,0.014345430584870164,1.0,81.0,0.00024149867197567374,55,11
19.851119116518042,1862.4847339514558,66.40392156862745,3.5018534546250843,0.15368183405977984,1.0,81.0,0.00024149867197567374,55,260
632.9967321855338,2026.0019509340098,80.40392156862745,3.597086781299308,0.0107687156583672,1.0,81.0,0.00024149867197567374,55,180
99.97513952308474,1594.8359546761374,69.56470588235294,3.4884183403967692,0.10014950420995895,1.0,81.0,0.00024149867197567374,55,217
101.974485177642,1610.4055216112242,69.31764705882352,3.569589123170871,0.12232104218673728,1.0,81.0,0.00024149867197567374,55,203
171.00345229991248,1516.9973256831663,80.65098039215687,3.6008416360879276,0.013038418105421716,1.0,81.0,0.00024149867197567374,55,29
188.00597649918961,1654.999290923825,77.42745098039215,3.550058780073551,0.0325188394516539,0.996078431372549,81.0,0.00024149867197567374,55,145
462.2548068694015,1196.7451931305984,68.73333333333333,3.758560340286443,0.10015286127247605,1.0,81.0,0.00024149867197567374,55,40
477.0069111911932,2451.0040973490645,79.43921568627451,3.6184121042104542,0.02321918080327952,1.0,81.0,0.00024149867197567374,55,209
347.73160268397316,2166.880266197338,71.30196078431372,3.5780423385044284,0.12250561162633317,1.0,81.0,0.00024149867197567374,55,186
1166.9538383838383,1842.9919696969696,77.6470588235294,3.657005177558116,0.04113429767969833,1.0,81.0,0.0,56,5
631.0081336450419,2027.9959088252483,80.51764705882353,3.5990276735276496,0.013217601383648945,1.0,81.0,0.0,56,180
709.0489840348331,1521.0981754094962,75.65490196078431,3.6818378453073493,0.04357591229063561,1.0,81.0,0.0,56,11
1207.4108549090704,694.0721205597416,69.21960784313725,3.657625212763421,0.14891531055595428,1.0,81.0,0.0,56,149
1065.9912751341324,55.03835932407361,78.2078431372549,3.56264275597612,0.0035711898427633745,1.0,81.0,0.0,56,244
1310.679800526085,324.8959338009645,71.56078431372549,3.5596162771193733,0.11756972482286245,1.0,81.0,0.0,56,99
1409.0558259660277,1537.0184265421674,78.95686274509804,3.5743740425932424,0.021539038903088333,1.0,81.0,0.0,56,121
1575.204887218045,1075.077890037594,66.7607843137255,3.473652170050456,0.16770976837329812,1.0,79.0,0.0,56,52
1710.86471791559,1426.0750968992247,72.84705882352941,3.479823720623645,0.04428411933227407,0.996078431372549,80.0,0.0,56,17
476.7918167643422,2447.977471907092,72.93725490196078,3.5728047243839915,0.087321238207314,1.0,81.0,0.0,56,209
13.024317453299435,1851.2395269149995,70.95686274509804,3.5077485325887965,0.08407154137221538,1.0,81.0,0.0,56,260
99.96002070869766,1593.8156925908881,68.17254901960784,3.4880391906207175,0.1186397701503469,1.0,80.0,0.0,56,217
102.00788071209888,1609.4283932418641,69.1686274509804,3.536447838981439,0.1189738341507963,1.0,81.0,0.0,56,203
171.99560834414612,1517.0070366304021,78.58039215686274,3.641490784725816,0.01389687796590017,1.0,81.0,0.0,56,29
181.98673064681975,1656.0179699358566,80.09019607843138,3.592320174539031,0.013048200839380898,1.0,81.0,0.0,56,145
355.2529827662395,2171.0301590808663,70.99607843137255,3.596316915976873,0.11901923548263314,1.0,81.0,0.0,56,186
468.38855145542055,1189.8376690350676,68.43921568627451,3.6059485577509283,0.15858747759056321,1.0,81.0,0.0,56,40
1212.220617095508,691.0402856519843,71.93725490196078,3.5799387735447135,0.10976359413859142,1.0,81.0,0.0,57,149
1060.9777024977247,70.01511780766508,77.56078431372549,3.6609380475510473,0.018124690850627886,1.0,81.0,0.0,57,244
1321.3539000778903,326.04389673973515,70.48627450980392,3.5809169925002498,0.13515622269545294,1.0,81.0,0.0,57,99
1172.0427609938768,1843.9837052780729,77.49411764705883,3.6528762480210175,0.04107859469475012,1.0,81.0,0.0,57,5
1571.1532959828346,1067.5478602932412,65.79607843137255,3.49222182902734,0.1592443507890838,1.0,81.0,0.0,57,52
1407.1400905167877,1527.9365329965267,74.51764705882353,3.5065308128158863,0.02992395539509522,0.996078431372549,79.0,0.0,57,121
1710.1786596498764,1425.9839974224037,73.02745098039216,3.4835868742535308,0.04520231070849346,0.996078431372549,79.0,0.0,57,17
709.0866985243922,1518.0618600010503,74.67843137254901,3.7100088018881703,0.04544610025601926,1.0,81.0,0.0,57,11
630.9968339016074,2031.0098879688262,80.50980392156863,3.5987631148959913,0.01158312705063779,1.0,81.0,0.0,57,180
26.023640802715416,1885.7387601977014,65.85490196078432,3.4840364655800227,0.15076873011217998,1.0,79.0,0.0,57,260
103.01244933410538,1610.2391430225825,67.72549019607843,3.516122186261496,0.13615586444715372,1.0,80.0,0.0,57,203
172.00818016064653,1517.0086236633322,79.58039215686274,3.6204043489544846,0.0019283649091868611,1.0,81.0,0.0,57,29
182.97885492812637,1659.0211450718737,79.93333333333334,3.5898896989777653,0.014098057577001477,1.0,81.0,0.0,57,145
98.84864574633099,1594.547905977807,65.73333333333333,3.490787644254796,0.15868915997042224,1.0,81.0,0.0,57,217
466.0274728500147,1201.4943938949223,66.80392156862744,3.5458504584970965,0.14629149858981744,1.0,81.0,0.0,57,40
475.74240278836726,2447.000816904477,72.00784313725491,3.55787569603935,0.11316586681149175,1.0,81.0,0.0,57,209
356.2839316987741,2170.040608581436,71.65490196078431,3.6080397674114426,0.11566380905756198,1.0,81.0,0.0,57,186
1074.047723897793,89.98381893594141,76.58431372549019,3.6779850973825576,0.028744237736947727,1.0,81.0,0.0,58,244
1172.2368065713965,1872.792899741195,69.70196078431373,3.7503834993882164,0.09255233428340544,1.0,81.0,0.0,58,5
1208.96763899277,697.9969085016205,78.6470588235294,3.637398200556151,0.03845237947183279,1.0,81.0,0.0,58,149
707.989847715736,1512.0616906661141,75.70980392156862,3.7004329726705483,0.0008756478037942349,1.0,81.0,0.0,58,11
1564.8637698179682,1073.0106283029947,66.7843137254902,3.4425492063539105,0.1504454724113926,1.0,78.0,0.0,58,52
1711.026706386537,1425.975384132957,75.03529411764706,3.50930909720267,0.02900129653742842,0.996078431372549,81.0,0.0,58,17
1323.2579784337217,326.0385578912972,72.00784313725491,3.552100280600463,0.11257345007629857,1.0,81.0,0.0,58,99
632.0030270481399,2031.0084952641344,80.32156862745099,3.595815576362749,0.011481885499182998,1.0,81.0,0.0,58,180
48.884070692883896,1874.4939138576779,67.01176470588236,3.5374286165558826,0.1444578607460658,1.0,81.0,0.0,58,260
96.85336383365593,1569.6028506070738,66.85882352941177,3.5036074853586388,0.1528773045467182,1.0,81.0,0.0,58,217
100.99970223916151,1586.1850881372081,65.85098039215686,3.447912626052719,0.13456789217380635,1.0,78.0,0.0,58,203
174.0102341370875,1520.0322000898607,78.55294117647058,3.6342575399669257,0.011415242023534701,1.0,81.0,0.0,58,29
357.3284541035812,2171.1153137046763,70.1921568627451,3.5699689737668234,0.13603036328068033,1.0,81.0,0.0,58,186
464.07796050759686,1198.3889489557844,68.91372549019607,3.556240232483476,0.12307009765025544,1.0,81.0,0.0,58,40
475.5897719114155,2446.9670845529354,71.00784313725491,3.566255079396845,0.12874289460766283,1.0,81.0,0.0,58,209
178.00442714667963,1654.997616151788,80.6078431372549,3.600575645211647,0.012543399269431734,1.0,81.0,0.0,58,145
1074.0295822506496,96.99665200879473,78.47843137254903,3.634614662622786,0.037331601870204706,1.0,81.0,0.0,59,244
1170.649710024855,1885.0667219000277,71.0,3.6135312916136293,0.12680397214250702,1.0,81.0,0.0,59,5
1207.5826027939597,713.9285108308353,69.33725490196079,3.6593694365030465,0.1472721525296257,1.0,81.0,0.0,59,149
1302.9918918918918,315.97734643734645,79.80392156862744,3.5875843782079424,0.011438257411829637,1.0,81.0,0.0,59,99
1573.0335763848054,1068.509820063507,66.69019607843137,3.543458458599228,0.1458799736130218,1.0,81.0,0.0,59,52
1711.8382823950926,1426.0522772922209,72.2392156862745,3.4701453415048324,0.0488028087536763,0.996078431372549,79.0,0.0,59,17
709.061039432095,1510.938960567905,75.68235294117648,3.69296795711054,0.038205368855774774,1.0,81.0,0.0,59,11
632.9970725995316,2031.0048302107728,80.37647058823529,3.5967515593740256,0.01064126436734446,1.0,81.0,0.0,59,180
66.79715799895172,1872.5620522974782,67.33725490196079,3.5939838690858363,0.15126559137166015,1.0,81.0,0.0,59,260
109.87392003813383,1572.4602871953762,65.8156862745098,3.4922220161413056,0.16175965134872733,1.0,80.0,0.0,59,203
174.00439143669843,1518.9911672239134,78.58431372549019,3.6417014047301617,0.013954948162565768,1.0,81.0,0.0,59,29
191.99572130111343,1650.002820051539,80.65490196078431,3.6009566375072293,0.012737655366192525,1.0,81.0,0.0,59,145
108.85588689556849,1557.5368302245456,66.0156862745098,3.4967610057289993,0.1599401740917216,1.0,81.0,0.0,59,217
348.79544459045115,2167.9105343845818,71.62352941176471,3.5701621557934393,0.11180084054467718,1.0,81.0,0.0,59,186
445.984490659147,1183.3025496416403,66.75294117647059,3.50039022951731,0.14667311581724685,1.0,80.0,0.0,59,40
480.96978388803717,2452.9849166707877,79.29803921568627,3.5949538509204486,0.01892178332185079,1.0,81.0,0.0,59,209
1293.9316954082692,317.9053085393725,75.49803921568628,3.517874573172006,0.018343902793261143,0.996078431372549,81.0,0.0,60,99
1074.0046404845643,103.98866744822196,80.28235294117647,3.5953692917257234,0.009627502074779335,1.0,81.0,0.0,60,244
1182.0623866521582,1897.9400487071869,75.68235294117648,3.6929048169210503,0.03771262585237176,1.0,81.0,0.0,60,5
1220.0457476205097,735.9792242349811,76.63529411764706,3.6786677559830023,0.029933853069000798,1.0,81.0,0.0,60,149
1573.0,1067.71186540732,66.43137254901961,3.493618740049699,0.14742321169002856,1.0,80.0,0.0,60,52
1711.0918484500573,1426.0614758375953,75.14509803921568,3.5155580374063224,0.04118337453882964,0.996078431372549,80.0,0.0,60,17
710.0878786287994,1507.9382644758255,74.70196078431373,3.710393764940981,0.04525904049063605,1.0,81.0,0.0,60,11
632.9931979447027,2030.997553217519,80.13725490196079,3.5927706549003364,0.011417944859204741,1.0,81.0,0.0,60,180
83.97183016785735,1860.7390369983157,67.51764705882353,3.478608113912228,0.1288638747327236,1.0,80.0,0.0,60,260
107.12217492956057,1547.5618967687788,65.41568627450981,3.4865435394050563,0.1677568991976282,1.0,80.0,0.0,60,217
174.00234648027958,1519.9920619071393,78.54901960784314,3.6411006000425963,0.01423686567377171,1.0,81.0,0.0,60,29
195.0038863372533,1651.0339675970322,77.69803921568628,3.657606470855534,0.010423735606312833,1.0,81.0,0.0,60,145
107.0122830286604,1562.4548757280434,68.00392156862745,3.548708739496477,0.13193172179461468,1.0,81.0,0.0,60,203
358.21567883844403,2171.090150612201,72.3843137254902,3.602928282569627,0.10689789897254909,1.0,81.0,0.0,60,186
430.9581577715356,1171.4937382958801,67.01176470588236,3.5479592699569436,0.14173176181019004,1.0,81.0,0.0,60,40
479.93008528675756,2452.950870742046,76.78823529411764,3.6009024057794337,0.051900284422528566,1.0,81.0,0.0,60,209
1290.9752029520296,316.0040836408364,79.70588235294117,3.5857103303509796,0.012271767057979319,1.0,81.0,0.0,61,99
1072.9302067013696,120.99514832971143,77.59607843137255,3.6438658213524855,0.05124001055791001,1.0,81.0,0.0,61,244
1181.7668847732061,1910.9066208273262,70.72156862745098,3.7542922092235824,0.08017114550181456,1.0,81.0,0.0,61,5
1217.975426471395,746.8372552246174,71.49411764705883,3.458214169426384,0.03941507166572,0.996078431372549,78.0,0.0,61,149
723.7463615090463,1506.254665829576,68.70980392156862,3.7582320276014354,0.10021583236148111,1.0,81.0,0.0,61,11
1568.71186540732,1073.0,66.43137254901961,3.493618740049699,0.17786789585457097,1.0,80.0,0.0,61,52
1710.9821345827113,1425.022962467178,76.1686274509804,3.529175403690777,0.0351809636892178,0.996078431372549,81.0,0.0,61,17
632.994718396762,2029.0394886223407,79.44705882352942,3.5821334072411117,0.006022253478803489,1.0,81.0,0.0,61,180
98.02643223102002,1835.4789240801117,67.35686274509804,3.5547320809979235,0.14119969654472808,1.0,81.0,0.0,61,260
106.00415632396236,1547.6351093921376,67.93333333333334,3.518376888276333,0.13270992599762482,1.0,81.0,0.0,61,217
108.0380487804878,1563.1762410329986,68.33333333333333,3.503619771958173,0.12337605846091386,1.0,80.0,0.0,61,203
174.00513818218099,1519.9900229472214,78.61176470588235,3.6421203174886676,0.014120669404788134,1.0,81.0,0.0,61,29
194.9248779463489,1649.0357499081317,74.70196078431373,3.712147753933205,0.022137964834340253,1.0,81.0,0.0,61,145
358.26703489007986,2172.1643880564366,71.70980392156862,3.589277906757735,0.11722831092865285,1.0,81.0,0.0,61,186
401.9627847661005,1183.4524375398528,67.65098039215687,3.526993713626659,0.13187627750434222,1.0,81.0,0.0,61,40
478.0133992583436,2453.9597033374534,79.31372549019608,3.5799468959054535,0.0070903703217877695,1.0,81.0,0.0,61,209
1089.9527057753523,127.0057096660098,77.61176470588235,3.6565102491670465,0.04024237638207424,1.0,81.0,0.0,62,244
1183.1721589989752,1917.0773421066824,72.70980392156862,3.726303155013489,0.06974625197885213,1.0,81.0,0.0,62,5
1225.928683187806,750.0307373946399,77.69803921568628,3.553685149336495,0.02274353211900173,0.996078431372549,81.0,0.0,62,149
1293.161089238845,322.92186132983375,71.71764705882353,3.753862111533394,0.04534421866719076,1.0,81.0,0.0,62,99
1575.1436129108959,1068.536943470249,65.97254901960784,3.495787667368294,0.15954200024594586,1.0,81.0,0.0,62,52
721.8669761123061,1520.7191780821918,69.27843137254902,3.556111645476793,0.11646970380429449,1.0,81.0,0.0,62,11
1711.0696968137129,1425.0445771349152,76.1843137254902,3.531560635609061,0.03475777004734786,0.996078431372549,81.0,0.0,62,17
633.0014664906878,2029.9864594026494,80.2235294117647,3.5945119564027186,0.009963491770714407,1.0,81.0,0.0,62,180
104.01960556844547,1545.648897911833,67.6078431372549,3.511936886684566,0.13359570292695952,1.0,81.0,0.0,62,217
104.98039443155453,1806.648897911833,67.6078431372549,3.511936886684566,0.13359570292695958,1.0,81.0,0.0,62,260
106.00563647524973,1561.1998995479657,70.27058823529411,3.500073743772005,0.09628392011474593,1.0,81.0,0.0,62,203
171.00986144667422,1521.0076919284058,79.53333333333333,3.6198070128823585,0.0019353587478261657,1.0,81.0,0.0,62,29
195.97717842323652,1650.1164485583572,73.71764705882353,3.719211660567847,0.006733407343697617,1.0,81.0,0.0,62,145
358.2686810499429,2171.101461877072,72.16078431372549,3.6390675853305847,0.11562039021345298,1.0,81.0,0.0,62,186
375.0126050420168,1175.7535014005603,67.2,3.4718757997122323,0.1294573665778125,1.0,80.0,0.0,62,40
480.0043023369512,2452.9948665297743,80.21176470588236,3.594027454418145,0.010829534162207196,1.0,81.0,0.0,62,209
1179.7941160144323,1918.1583680266444,70.6470588235294,3.7473350693686913,0.08035350144768383,1.0,81.0,0.0,63,5
1230.0724464942737,761.9652277556097,75.67450980392157,3.6943728752789884,0.043058832341002024,1.0,81.0,0.0,63,149
1301.059493481193,312.0210300214796,78.50588235294117,3.5663170517428937,0.018835284610566827,1.0,81.0,0.0,63,99
1575.1211587049768,1068.5849344849873,66.74117647058823,3.4821023425025563,0.14629246433037843,1.0,81.0,0.0,63,52
1711.9389426275654,1425.9649419110497,76.62352941176471,3.536420437710643,0.02749810841969649,0.996078431372549,81.0,0.0,63,17
1093.008084791718,134.0089721469066,79.54901960784314,3.620090191531664,0.024145737841053592,1.0,81.0,0.0,63,244
101.0,1777.6134641873277,68.32941176470588,3.5234766228085608,0.12694389471604892,1.0,81.0,0.0,63,260
633.0088731144632,2030.00280981958,79.55294117647058,3.620320959384661,0.024311549857628387,1.0,81.0,0.0,63,180
708.061039432095,1515.061039432095,75.68235294117648,3.69296795711054,0.038205368855774795,1.0,81.0,0.0,63,11
102.98436588496091,1544.670400186676,67.2235294117647,3.506731363854795,0.13916804129798416,1.0,81.0,0.0,63,217
170.00301791277258,1521.9974688473521,80.56470588235294,3.599890206875431,0.01312879986912364,1.0,81.0,0.0,63,29
197.0416711648494,1652.2578538270539,72.65098039215687,3.592089801759675,0.07576963078552743,1.0,81.0,0.0,63,145
105.14240245196275,1559.4904514912178,66.53333333333333,3.504808841733456,0.15459287882944345,1.0,81.0,0.0,63,203
350.87892115303094,2167.9236434930053,74.00784313725491,3.5833797493633743,0.08470127751491811,1.0,81.0,0.0,63,186
477.9828002562713,2454.0383914050562,79.57254901960785,3.584047912371507,0.008459153388103638,1.0,81.0,0.0,63,209
348.9877169713396,1164.5451242719566,68.00392156862745,3.548708739496477,0.13193172179461465,1.0,81.0,0.0,63,40
1307.9848250386863,316.9855238855888,78.56078431372549,3.6392646224838385,0.011927966580683846,1.0,81.0,0.0,64,99
1092.008108636186,135.00058616647127,80.28235294117647,3.595158700321892,0.01045111624454006,1.0,81.0,0.0,64,244
1175.6929943933374,1919.0821947634859,72.04313725490196,3.608335628113987,0.11702437780108464,1.0,81.0,0.0,64,5
1227.927767546552,766.9966748516472,76.65882352941176,3.6721804070730597,0.04752571385321838,1.0,81.0,0.0,64,149
1574.0356049905838,1068.780131826742,66.63529411764706,3.462172839724796,0.13279995766448974,1.0,79.0,0.0,64,52
1711.9584493246728,1426.0365501598103,76.07058823529412,3.527432154689691,0.03258487816187043,0.996078431372549,81.0,0.0,64,17
711.9121213712006,1504.0617355241745,74.70196078431373,3.710393764940981,0.04525904049063603,1.0,81.0,0.0,64,11
632.992485605543,2030.9932663218503,80.3686274509804,3.5965539821475523,0.012025365178291635,1.0,81.0,0.0,64,180
92.02666666666667,1750.4787190684133,67.3529411764706,3.554630823464065,0.1412043367245493,1.0,81.0,0.0,64,260
102.0,1545.4004580796818,65.06274509803922,3.564325750823463,0.1592452723476692,1.0,81.0,0.0,64,217
103.0,1560.28813459268,66.43137254901961,3.493618740049699,0.1474232116900286,1.0,80.0,0.0,64,203
168.99614728115094,1518.0044379419653,80.41176470588235,3.5973519752514354,0.014765431949906909,1.0,81.0,0.0,64,29
199.0806581274452,1652.2553727423763,73.17254901960784,3.6159634396034184,0.07976956596407758,1.0,81.0,0.0,64,145
335.0414624062371,1159.524954225976,66.39607843137254,3.539169683458783,0.1486454805313966,1.0,81.0,0.0,64,40
361.18594018932873,2172.1139199655768,72.90980392156862,3.54928267218761,0.08903339403335356,1.0,81.0,0.0,64,186
478.02128082736675,2454.945505171042,78.87058823529412,3.572871909734956,0.008988499602885211,1.0,81.0,0.0,64,209
1091.008084791718,133.0089721469066,79.54901960784314,3.620090191531664,0.024145737841053592,1.0,81.0,0.0,65,244
1183.4055216112242,1919.025514822358,69.31764705882352,3.569589123170871,0.15095876359565324,1.0,81.0,0.0,65,5
1228.002730088728,769.0872578358797,74.69411764705882,3.7157494157701114,0.013128536176359049,1.0,81.0,0.0,65,149
1572.9782647638383,1069.560458589598,65.67450980392157,3.527515129717566,0.15677838213292228,1.0,81.0,0.0,65,52
1711.9384543713443,1427.0439981365496,75.7607843137255,3.522461258769214,0.03023916939984739,0.996078431372549,81.0,0.0,65,17
728.8415857605178,1512.895900755124,72.70588235294117,3.728104000567943,0.07107802626471348,1.0,81.0,0.0,65,11
635.9880658842095,2030.9806687050004,79.52156862745097,3.582816162463443,0.009085178174533094,1.0,81.0,0.0,65,180
94.03464886825304,1550.5318049912942,67.56862745098039,3.558759720561946,0.1389872097862758,1.0,81.0,0.0,65,203
78.85552127597649,1718.5750625764015,67.3686274509804,3.511318215227991,0.14795617003028078,1.0,81.0,0.0,65,260
91.97519371202408,1534.7920731367412,70.34901960784313,3.498775398356281,0.08980772660269512,1.0,81.0,0.0,65,217
169.0005845958981,1517.9969308715351,80.49803921568628,3.5986267496592883,0.014253237735088962,1.0,81.0,0.0,65,29
200.11768279213607,1653.3707753479125,71.01176470588236,3.5843137500137545,0.10518793440280973,1.0,81.0,0.0,65,145
327.97333333333336,1159.4787190684133,67.3529411764706,3.554630823464065,0.14120433672454935,1.0,81.0,0.0,65,40
364.10487310727234,2173.110098101941,73.55294117647058,3.552803704231614,0.07853156552238741,1.0,81.0,0.0,65,186
477.0073983341499,2454.987506124449,80.03921568627452,3.591159049930959,0.011220716178789667,1.0,81.0,0.0,65,209
1222.9299350017914,771.9771226777215,76.62352941176471,3.6715278413349295,0.053594714357578975,1.0,81.0,0.0,66,149
1089.9957127545551,133.00258209100653,80.49411764705883,3.5987279465777195,0.011545113059183579,1.0,81.0,0.0,66,244
1181.1997481935625,1922.1028574556601,71.63921568627451,3.7360938421411296,0.08095020625938198,1.0,81.0,0.0,66,5
1572.9803944315545,1069.648897911833,67.6078431372549,3.511936886684566,0.13359570292695958,1.0,81.0,0.0,66,52
1711.1185142437437,1429.0469545144535,74.74901960784314,3.510228483010463,0.041737609001286556,0.996078431372549,79.0,0.0,66,17
719.0510160655389,1523.8969571230982,73.71764705882353,3.732176496097293,0.022661464496984907,1.0,81.0,0.0,66,11
635.9655588516265,2030.981849263412,77.99607843137255,3.5585928237172366,0.001503181991440983,1.0,81.0,0.0,66,180
50.99704098239385,2316.0083838832174,79.51764705882353,3.5828081552407953,0.01655382536763194,1.0,81.0,0.0,66,292
67.80814395045861,1689.5250335923351,67.12549019607843,3.546600115369271,0.15356072147457525,1.0,81.0,0.0,66,260
94.0122830286604,1534.5451242719566,68.00392156862745,3.548708739496477,0.13193172179461465,1.0,81.0,0.0,66,217
94.99793412142775,1549.469700447607,68.33725490196079,3.555119259387483,0.13098349925443187,1.0,81.0,0.0,66,203
162.98506142506142,1520.020393120393,79.80392156862744,3.5873583664222966,0.015217075549998692,1.0,81.0,0.0,66,29
200.039958905591,1653.2512706823834,72.52549019607844,3.589920763911747,0.0771953888604263,1.0,81.0,0.0,66,145
311.0,1170.28813459268,66.43137254901961,3.493618740049699,0.1474232116900286,1.0,80.0,0.0,66,40
519.6271751820759,192.14788458331017,70.53725490196078,3.548173739792383,0.12466481113831597,1.0,81.0,0.0,66,294
478.00362194704127,2454.007146003622,80.12156862745098,3.5926659723115857,0.009716013980231523,1.0,81.0,0.0,66,209
365.0740663029794,2174.0629983214435,74.7607843137255,3.5720434396675538,0.069799606636626,1.0,81.0,0.0,66,186
1089.9957102466608,132.99795261772448,80.44705882352942,3.5979856355624267,0.010737123695918291,1.0,81.0,0.0,67,244
1184.1390450175973,1923.0094552713138,74.65490196078431,3.6954006159054607,0.07211087560016229,1.0,81.0,0.0,67,5
1227.0010724906158,774.005411202652,80.44313725490196,3.5979446187305406,0.01184126870476411,1.0,81.0,0.0,67,149
1711.0656529698942,1429.003051261188,77.11372549019607,3.544031701291045,0.022300886830935864,0.996078431372549,81.0,0.0,67,17
712.0338464728139,1523.073135334059,75.65882352941176,3.6942858427353675,0.02625748110353049,1.0,81.0,0.0,67,11
1572.9803944315545,1069.648897911833,67.6078431372549,3.511936886684566,0.13359570292695958,1.0,81.0,0.0,67,52
635.0018300524285,2030.9779899099813,79.28627450980392,3.5797514767198093,0.004649905492349137,1.0,81.0,0.0,67,180
51.96613102595797,2317.035797280593,79.31372549019608,3.580437163853264,0.017616931037186846,1.0,81.0,0.0,67,292
62.86551724137931,1660.5407847800238,65.96078431372548,3.5038114120789925,0.15929860791808675,1.0,81.0,0.0,67,260
95.0217352361617,1534.560458589598,65.67450980392157,3.527515129717566,0.15677838213292225,1.0,81.0,0.0,67,217
161.9774808215788,1520.9948032665181,79.23529411764706,3.578331223207881,0.019671594591290652,1.0,81.0,0.0,67,29
201.04497799989136,1653.221902330382,72.1921568627451,3.594097986078358,0.08661552243904007,1.0,81.0,0.0,67,145
96.0,1550.4182541939153,68.96078431372548,3.532448391781936,0.12036601190449935,1.0,81.0,0.0,67,203
303.0,1161.6134641873277,68.32941176470588,3.5234766228085608,0.12694389471604892,1.0,81.0,0.0,67,40
364.132857592612,2176.138367089936,74.73725490196078,3.577126468353478,0.06477771165427296,1.0,81.0,0.0,67,186
478.99970738844183,2453.9927822482323,80.41176470588235,3.5973926454313494,0.011654636689857318,1.0,81.0,0.0,67,209
525.6538891997761,209.14689423614996,70.07843137254902,3.540081472604899,0.13033755036571235,1.0,81.0,0.0,67,294
1229.0031555073465,774.0011340104526,79.53725490196078,3.61973820654978,0.025867858872436436,1.0,81.0,0.0,68,149
710.8240709927898,1525.177648363838,70.70588235294117,3.7539182709422474,0.0713890525731703,1.0,81.0,0.0,68,11
1091.0039454456892,141.98928397467122,80.50980392156863,3.598742812360697,0.011381162163000997,1.0,81.0,0.0,68,244
1175.2102763385146,1935.0512737478412,72.65882352941176,3.7126086336984256,0.09150292462544288,1.0,81.0,0.0,68,5
1572.993446616018,1069.8423128225947,67.61960784313726,3.4788696960032857,0.12329011121890336,1.0,79.0,0.0,68,52
1711.924141465915,1428.011071245515,76.50980392156863,3.5352656953400086,0.0305294714969638,0.996078431372549,81.0,0.0,68,17
634.9948212083847,2030.9564488286067,79.50980392156863,3.5832326331925244,0.005700099874995329,1.0,81.0,0.0,68,180
44.992791290702236,2318.0132404864653,79.96862745098039,3.5900742049678254,0.01393374205356753,1.0,81.0,0.0,68,292
63.98755066589462,1635.7608569774175,67.72549019607843,3.516122186261496,0.1361558644471537,1.0,80.0,0.0,68,260
94.97665833035607,1534.7387757532451,65.85882352941177,3.4841463706165436,0.15081999205706423,1.0,79.0,0.0,68,217
97.02730585926548,1550.355368657135,69.94117647058823,3.54719867597998,0.11032965472558103,1.0,81.0,0.0,68,203
160.99619252172215,1516.9992677926389,80.33725490196079,3.5962993660341533,0.014347409053259087,1.0,81.0,0.0,68,29
200.08527089273963,1652.2792827374424,71.51372549019608,3.599279740772595,0.09709357709388844,1.0,81.0,0.0,68,145
366.2253163188061,2176.1701092246135,72.52549019607844,3.565444321344564,0.10515396761672649,1.0,81.0,0.0,68,186
477.99479269011596,2454.0327667518177,79.82745098039216,3.588281126982198,0.006911066492621324,1.0,81.0,0.0,68,209
536.6344476744187,225.03499552772809,70.14901960784314,3.5510823137860994,0.13755951856122445,1.0,81.0,0.0,68,294
271.91072093641924,1158.9103484969407,73.70588235294117,3.7281169615161414,0.03934653105215291,1.0,81.0,0.0,68,40
1100.999066614266,140.0197484771075,79.82745098039216,3.5878703867837802,0.010234900183887573,1.0,81.0,0.0,69,244
1158.0028871391075,1943.9121784776903,74.70588235294117,3.715852399533398,0.012975329803699465,1.0,81.0,0.0,69,5
1224.9972689587905,773.0035601072909,80.41176470588235,3.5974536498391188,0.011721169365090366,1.0,81.0,0.0,69,149
1572.9646913434945,1069.7801447654917,66.63921568627451,3.4622834342641076,0.13285157376746373,1.0,79.0,0.0,69,52
1711.9457236842106,1428.038908305921,76.29803921568627,3.5314974296174615,0.031335747448917484,0.996078431372549,81.0,0.0,69,17
708.061039432095,1515.938960567905,75.68235294117648,3.69296795711054,0.038205368855774774,1.0,81.0,0.0,69,11
635.0189933052318,2030.0355070666997,79.07843137254902,3.576218388439809,0.005660540551207366,1.0,81.0,0.0,69,180
45.014839847193656,2317.979674796748,80.07058823529412,3.5919692536012513,0.01302682562078648,1.0,81.0,0.0,69,292
59.942642219087915,1615.697519981194,66.72941176470589,3.489195156433687,0.14489781778650354,1.0,80.0,0.0,69,260
103.98460207612457,1529.6272202998846,68.0,3.517127314216248,0.12777072293952513,1.0,81.0,0.0,69,217
160.99688261081343,1516.9961519727228,80.50980392156863,3.5989187638615596,0.01365812766453196,1.0,81.0,0.0,69,29
195.84207402611418,1640.8968382432286,72.68235294117648,3.7276798790498837,0.070991714439532,1.0,81.0,0.0,69,145
268.0219482247007,1159.0704491967665,76.65098039215687,3.671804009520986,0.03252894669871471,1.0,81.0,0.0,69,40
107.02786828019549,1545.2246334652082,67.40392156862745,3.5095534366419185,0.13643964468727832,1.0,80.0,0.0,69,203
358.187759225779,2177.0990109539507,73.74901960784314,3.601530214682368,0.091035766353767,1.0,81.0,0.0,69,186
477.0066063126988,2455.005676535356,80.13725490196079,3.5927706549003364,0.011408877640655322,1.0,81.0,0.0,69,209
537.5721338768012,242.2183822263046,68.30980392156863,3.5569634812839386,0.15058597276566094,1.0,81.0,0.0,69,294
1152.1604058721935,1941.8994494818653,72.65882352941176,3.727240954048139,0.0702265491736757,1.0,81.0,0.0,70,5
1228.912878986916,776.0586411644159,74.6313725490196,3.7095425885375155,0.045320016073195815,1.0,81.0,0.0,70,149
1566.780131826742,1075.9643950094162,66.63529411764706,3.462172839724796,0.16307099820648696,1.0,79.0,0.0,70,52
1711.9390054791688,1428.9387987180812,75.86666666666666,3.5269047576367454,0.03464411765089048,0.996078431372549,81.0,0.0,70,17
1092.994824724148,138.0139146567718,80.32156862745099,3.5959852951785436,0.01023827932465364,1.0,81.0,0.0,70,244
45.98862856582688,2316.0196549357906,80.00784313725491,3.590859934760957,0.013601538304713957,1.0,81.0,0.0,70,292
636.0052581973313,2029.9674587033087,79.05490196078432,3.57506508078688,0.009886385587021146,1.0,81.0,0.0,70,180
712.9108273476988,1504.090023942538,73.70588235294117,3.7282382668789973,0.03931472101322013,1.0,81.0,0.0,70,11
62.930672511246975,1583.559695466605,67.99215686274509,3.5628431982510214,0.13352469796752933,1.0,81.0,0.0,70,260
121.00655338398191,1519.8423128225947,67.61960784313726,3.4788696960032857,0.12329011121890329,1.0,79.0,0.0,70,217
160.99814932060585,1517.9974674913553,80.52156862745097,3.599163309102957,0.013655771217678182,1.0,81.0,0.0,70,29
196.00212981204407,1636.847771684149,73.65098039215687,3.7164200328547095,0.04496449836030331,1.0,81.0,0.0,70,145
267.9779449391055,1159.0694913519599,76.63529411764706,3.671517803898194,0.03262675074052994,1.0,81.0,0.0,70,40
123.0126050420168,1537.2464985994397,67.2,3.4718757997122323,0.12945736657781254,1.0,80.0,0.0,70,203
349.82906895999145,2175.965439880348,73.41568627450981,3.611487171775935,0.09442579156084721,1.0,81.0,0.0,70,186
478.0138351681047,2456.0392244371715,79.08235294117647,3.575997983625714,0.007172892810839193,1.0,81.0,0.0,70,209
555.3154694032687,252.95737633707986,72.2235294117647,3.6170684282674226,0.10825474940889801,1.0,81.0,0.0,70,294
1238.090511959938,779.1507112034521,73.61176470588235,3.703029671292227,0.06373283503906324,1.0,81.0,0.00012071094571460965,71,149
1094.9961484081712,142.0014626298084,80.43529411764706,3.5977406113703805,0.010710028186312193,1.0,81.0,0.00012071094571460965,71,244
1151.0459137286596,1926.980098999899,77.63921568627451,3.655393992848628,0.04130892807292563,1.0,81.0,0.00012071094571460965,71,5
1163.71186540732,751.0,66.43137254901961,3.493618740049699,0.17786789585457097,1.0,80.0,0.00012221983281371249,71,303
1577.1762410329986,1082.0380487804878,68.33333333333333,3.503619771958173,0.1526006205120422,1.0,80.0,0.00012221983281371249,71,52
1710.9609929078015,1429.997173399116,76.30588235294118,3.5314396335626306,0.0348396463198703,0.996078431372549,81.0,0.00012071094571460965,71,17
721.0618535048569,1501.9119978997112,74.68627450980392,3.7103164132704918,0.0362726769267676,1.0,81.0,0.00012071094571460965,71,11
636.0080544921195,2029.9594789439666,78.87450980392157,3.572623050316526,0.004997069920631902,1.0,81.0,0.00012071094571460965,71,180
571.0023112885434,250.91548038031203,74.65490196078431,3.714951073739095,0.01354922644213171,1.0,81.0,0.00012071094571460965,71,294
46.988234714974894,2313.026041153884,79.66274509803921,3.585534808113699,0.01391275688272105,1.0,81.0,0.00012071094571460965,71,292
72.0122830286604,1553.5451242719566,68.00392156862745,3.548708739496477,0.13193172179461465,1.0,81.0,0.00012071094571460965,71,260
127.90959551225274,1514.5985237673458,66.41176470588235,3.4775758943514536,0.15455380462125667,1.0,80.0,0.00012221983281371249,71,217
133.14963910568628,1531.5054867672086,66.82745098039216,3.509458076686377,0.1498814549839038,1.0,81.0,0.00012071094571460965,71,203
160.99332911330768,1517.0041388713055,80.53725490196078,3.599245726655413,0.01357331124539734,1.0,81.0,0.00012071094571460965,71,29
191.77295108874057,1635.956505088084,71.67843137254901,3.734873932462588,0.08806463168430634,1.0,81.0,0.00012071094571460965,71,145
272.08805923125396,1154.9126233984457,74.68235294117648,3.703139616078912,0.05140630646199536,1.0,81.0,0.00012071094571460965,71,40
349.8032602886157,2175.9292891501873,73.37254901960785,3.5823965356358225,0.09629559560832732,1.0,81.0,0.00012071094571460965,71,186
478.00429079916137,2454.9934175240137,80.42745098039215,3.5975094456195467,0.010995406901235946,1.0,81.0,0.00012071094571460965,71,209
1237.0735865678603,784.9663678291962,75.67450980392157,3.6943728752789884,0.04266819405264618,1.0,81.0,0.0,72,149
1151.951976376729,1935.9520281821478,75.69803921568628,3.696518508063204,0.019752454220047167,1.0,81.0,0.0,72,5
1095.998244073749,136.98687932884596,80.4,3.597066028211877,0.011249241213958533,1.0,81.0,0.0,72,244
1161.4907161803715,767.1422340111995,66.52941176470588,3.5047019067745615,0.1770959872880726,1.0,81.0,0.0,72,303
1577.4188243526942,1085.1513296011196,67.24705882352941,3.5085868872548067,0.16733274818145447,1.0,81.0,0.0,72,52
1710.992658227848,1429.0487088607595,77.45098039215686,3.5497691135471996,0.027964333618783553,0.996078431372549,81.0,0.0,72,17
721.0619552661976,1501.9126850782316,74.69019607843137,3.710296839300602,0.03620524050612706,1.0,81.0,0.0,72,11
636.9951212372542,2027.003512709177,80.38039215686274,3.596833374436738,0.01062154969327018,1.0,81.0,0.0,72,180
588.3177853830867,244.95782733495253,71.04313725490196,3.5439470381773557,0.12423950362301978,1.0,81.0,0.0,72,294
72.97646383467278,1539.6111940298508,68.31372549019608,3.5217301483302017,0.1246313064786133,1.0,81.0,0.0,72,260
139.00999887018415,1503.8484352050616,69.41960784313726,3.488849517023449,0.10744133161290999,1.0,80.0,0.0,72,217
140.02238233036084,1521.2119529912006,66.40392156862745,3.4577709929618674,0.1318675057733712,1.0,79.0,0.0,72,203
161.9970945979219,1515.992071699414,79.63529411764706,3.62159769474868,0.0011211011510719245,1.0,81.0,0.0,72,29
189.70069812901426,1633.8980731639208,70.2156862745098,3.6039786881734903,0.13308770255829647,1.0,81.0,0.0,72,145
54.97419386551317,2314.021578843885,79.78039215686275,3.5874009445234303,0.016053585087089893,1.0,81.0,0.0,72,292
350.83967819960037,2175.952623830056,74.58039215686274,3.59117238338409,0.07669461608544256,1.0,81.0,0.0,72,186
478.99452777642057,2456.0075243074216,80.26274509803922,3.595054229328016,0.010569129749788004,1.0,81.0,0.0,72,209
271.93702029229314,1158.1355798549048,74.59607843137255,3.6872318462276192,0.057382581484981966,1.0,81.0,0.0,72,40
1150.953733558524,1935.9815753109167,76.62352941176471,3.6786997393580156,0.02969286266402681,1.0,81.0,0.0,73,5
1155.002017484869,766.9300605245461,75.8078431372549,3.5244073850886557,0.02873659984935558,0.996078431372549,81.0,0.0,73,303
1237.110730948678,790.0033696215655,75.6470588235294,3.67991620929243,0.061637203740922394,1.0,81.0,0.0,73,149
1577.396620511617,1086.14773527341,66.83921568627451,3.503292446772498,0.17345195165844343,1.0,81.0,0.0,73,52
1710.970948329529,1428.9886387217266,75.5921568627451,3.5194225860618116,0.03179920998830147,0.996078431372549,81.0,0.0,73,17
1096.003787878788,141.0340417158599,79.71764705882353,3.5862277008568153,0.007940749159523017,1.0,81.0,0.0,73,244
575.9044366874083,240.96701573329287,77.51764705882353,3.5569857349435057,0.03088910957794009,1.0,81.0,0.0,73,294
638.1097219340112,2023.9793525627724,75.5921568627451,3.6790391281436676,0.06590474747749014,1.0,81.0,0.0,73,180
723.0015276203617,1505.0044843049327,79.58039215686274,3.6204655988718084,0.0006095104163475074,1.0,81.0,0.0,73,11
56.00496192581675,2313.987963645296,79.82352941176471,3.587951671874251,0.01440948846528851,1.0,81.0,0.0,73,292
91.88370361887311,1513.5203275309207,68.48627450980392,3.5416344433697087,0.1327151394536789,1.0,81.0,0.0,73,260
158.00580667767935,1513.9931421134304,78.34117647058824,3.5813684717087786,0.03317067334419958,1.0,81.0,0.0,73,29
195.0348831182294,1632.928004975898,75.65882352941176,3.6943139034085952,0.026394066374866333,1.0,81.0,0.0,73,145
143.93078429114362,1497.802430035702,68.10196078431373,3.4551218642220984,0.11655397233076698,1.0,80.0,0.0,73,217
351.84,2176.9283989501314,74.70588235294117,3.5936806594930912,0.0771803101233203,1.0,81.0,0.0,73,186
478.01084928816886,2456.0186057928327,79.88235294117646,3.5890385676335,0.00904721600086086,1.0,81.0,0.0,73,209
271.91643893210005,1155.9377759091865,74.61960784313726,3.7090841220138024,0.04586361273607866,1.0,81.0,0.0,73,40
1154.9844437921925,765.9913413560317,80.16470588235295,3.5932583713825004,0.014316318119127062,1.0,81.0,0.0002090955624034193,74,303
1237.9118063940364,794.0619455089507,74.70196078431373,3.7104503581728614,0.04521937974899599,1.0,81.0,0.0002090955624034193,74,149
1577.3865358126723,1086.0,68.32941176470588,3.5234766228085608,0.1566485950463124,1.0,81.0,0.0002090955624034193,74,52
1710.9746725780972,1429.0601335167914,76.95294117647059,3.54143505062646,0.02500068741977523,0.996078431372549,81.0,0.0002090955624034193,74,17
1092.995608470772,140.99175368400506,80.3686274509804,3.5966557338782685,0.011159776907076374,1.0,81.0,0.0002090955624034193,74,244
1151.0023116528318,1934.915414521383,74.64313725490196,3.7149963467636646,0.013561185917578692,1.0,81.0,0.0002090955624034193,74,5
721.9772939346811,1506.1108864696735,75.6470588235294,3.6798316841170644,0.042855605232484786,1.0,81.0,0.0002090955624034193,74,11
54.985927923510665,2313.0203481245403,79.98039215686275,3.5902130593083528,0.013267449440770353,1.0,81.0,0.0002090955624034193,74,292
108.00999887018416,1501.8484352050616,69.41960784313726,3.488849517023449,0.10744133161290999,1.0,80.0,0.00021170925837665295,74,260
161.99580835404785,1519.0053126675439,80.45882352941176,3.597905463153762,0.01358624329473169,1.0,81.0,0.0002090955624034193,74,29
196.10934492052144,1636.2723722567516,71.29803921568627,3.578471216250181,0.10073107392800203,1.0,81.0,0.0002090955624034193,74,145
271.8459669582119,1155.949951409135,72.63529411764706,3.734146563285305,0.05736178089334022,1.0,81.0,0.0002090955624034193,74,40
361.1558027758276,2181.0724739428633,72.6156862745098,3.5731729513592128,0.09615622571823135,1.0,81.0,0.0002090955624034193,74,186
478.00553460351665,2458.0004408091295,80.06666666666666,3.59155267599956,0.010408413671631395,1.0,81.0,0.0002090955624034193,74,209
560.7067953710306,243.09773487632316,71.50196078431372,3.581842359868032,0.11810215901743663,1.0,81.0,0.0002090955624034193,74,294
635.0079293836027,2029.0075802912427,78.63529411764706,3.6424380402855134,0.012609608251213818,1.0,81.0,0.0002090955624034193,74,180
1094.0065872938421,136.99692592954034,80.3686274509804,3.5966896504821526,0.010549368318689318,1.0,81.0,0.0,75,244
1139.6757737085356,761.896331831744,67.03137254901961,3.480512143478954,0.16819495792849462,1.0,80.0,0.0,75,303
1152.073730569948,1936.009067357513,75.68627450980392,3.694793984875689,0.034779648529899586,1.0,81.0,0.0,75,5
1235.9262732500906,800.008911455365,75.69019607843137,3.6947613715453387,0.03482999089539208,1.0,81.0,0.0,75,149
1578.485648476258,1088.1461729270022,66.4,3.5015267838609936,0.17642151098597772,1.0,81.0,0.0,75,52
1710.9909692647134,1428.980809687516,76.42745098039215,3.532887932269792,0.03210621437537613,0.996078431372549,81.0,0.0,75,17
352.69514457174034,2177.918439716312,71.88235294117646,3.6053016063386094,0.11526396241251263,1.0,81.0,0.0,75,186
633.993096306524,2029.998865821786,79.52549019607844,3.619638126481,0.024134172258111593,1.0,81.0,0.0,75,180
63.993470790378005,2318.0164457535593,79.88235294117646,3.588737633303288,0.01397569335664232,1.0,81.0,0.0,75,292
118.9919373284538,1481.712202653248,68.58039215686274,3.527259549112732,0.12366318346163732,1.0,81.0,0.0,75,260
162.03040774015204,1520.1490617192069,73.76862745098039,3.569223253444304,0.06174540960607215,1.0,81.0,0.0,75,29
195.06156587721316,1636.4507932858128,68.21960784313725,3.5671545887720852,0.13309679722010573,1.0,81.0,0.0,75,145
725.0732200228003,1505.0350813555808,75.67843137254901,3.6946488461534535,0.042850103893874524,1.0,81.0,0.0,75,11
479.00361010830323,2457.995658112987,80.3843137254902,3.596806673381613,0.01129901777991979,1.0,81.0,0.0,75,209
572.9591497506674,239.08376567773132,77.85490196078432,3.5632175653081086,0.012765728180649659,1.0,80.0,0.0,75,294
271.8483541067434,1157.0547565782465,73.62352941176471,3.7087922680240335,0.06943446496955444,1.0,81.0,0.0,75,40
1095.0048775729197,141.9967320261438,80.4,3.5971067075764034,0.01054888763928541,1.0,81.0,0.00031939381231151244,76,244
1140.0029833620194,769.4551348250144,68.3529411764706,3.5697540537955534,0.128172419680093,1.0,81.0,0.00031939381231151244,76,303
1149.8568692135789,1935.977599233798,73.70196078431373,3.719099569371035,0.05944311405317359,1.0,81.0,0.00031939381231151244,76,5
1235.9527486576324,801.0216824341601,76.68627450980392,3.6795300579286216,0.029895114706929883,1.0,81.0,0.00031939381231151244,76,149
1579.28813459268,1087.0,66.43137254901961,3.493618740049699,0.1778678958545709,1.0,80.0,0.0003233862401090259,76,52
1711.917774596032,1428.9856310083862,76.69019607843137,3.538158006383348,0.029376866718532593,0.996078431372549,81.0,0.00031939381231151244,76,17
635.0205161483552,2030.0046423401388,78.56078431372549,3.639772094172806,0.028361847771414914,1.0,81.0,0.00031939381231151244,76,180
732.4387855611565,1504.9960020858682,67.68235294117648,3.5442784495941795,0.1655453539576122,1.0,81.0,0.00031939381231151244,76,11
68.00517215900695,2331.999261120142,79.61176470588235,3.5843883729140438,0.015243157182166381,1.0,81.0,0.00031939381231151244,76,292
123.98710242194339,1471.7534870148818,67.19607843137256,3.4717669902273753,0.12940581277272056,1.0,80.0,0.0003233862401090259,76,260
165.01359458418185,1520.3089327976222,71.25098039215686,3.567470031255884,0.09829146028631529,1.0,81.0,0.00031939381231151244,76,29
197.3767460272578,1633.11157609003,69.34509803921569,3.578203477065306,0.1449535672772937,1.0,81.0,0.00031939381231151244,76,145
275.0827024784818,1155.9850150368143,75.6313725490196,3.692148562556099,0.05008592744336704,1.0,81.0,0.00031939381231151244,76,40
352.8296575896468,2177.9377190617415,72.72549019607843,3.572354230463503,0.0984364374051509,1.0,81.0,0.00031939381231151244,76,186
478.99452510143226,2455.9930586107444,80.2235294117647,3.594328360501179,0.009586232305727952,1.0,81.0,0.00031939381231151244,76,209
558.2471333406137,235.95271377088565,71.81960784313725,3.548660165497218,0.11336346654700313,1.0,81.0,0.00031939381231151244,76,294
1098.0041961454012,139.99590143937544,80.37254901960785,3.5966697344660523,0.010517044831989336,1.0,81.0,0.0,77,244
1133.45543758967,785.0542324246771,68.33333333333333,3.569317679109635,0.16195335679314662,1.0,81.0,0.0,77,303
1148.8879079300016,1935.9678385621946,74.62352941176471,3.701945238598515,0.05498747834575442,1.0,81.0,0.0,77,5
1235.0155962364493,804.0469421149519,76.69019607843137,3.6778026535358705,0.0232117508382653,1.0,81.0,0.0,77,149
1579.3588406140716,1089.1580819157134,66.16078431372549,3.492279604158267,0.17897753580243853,1.0,80.0,0.0,77,52
1711.0459875599063,1428.9194452941776,76.91764705882353,3.541031034198015,0.018536364890596877,1.0,81.0,0.0,77,17
727.6767351094519,1512.9711522144917,69.32941176470588,3.5389679795868108,0.14604510653769603,1.0,81.0,0.0,77,11
558.3837536590858,239.8595473992344,69.66274509803921,3.5921303059750915,0.13873404541330572,1.0,81.0,0.0,77,294
633.9917635900764,2029.995507412769,78.56078431372549,3.641602518988666,0.012073475663968094,1.0,81.0,0.0,77,180
123.99684128970738,1454.6611240240777,65.8,3.5168703612856245,0.15928870866392683,1.0,80.0,0.0,77,260
163.9933203315456,1518.9984397854705,80.43137254901961,3.597625035987101,0.013993996981445473,1.0,81.0,0.0,77,29
195.20462219117476,1635.4374199557574,67.36470588235294,3.594563559220838,0.1515130303285218,1.0,81.0,0.0,77,145
60.990781582990536,2330.028993408336,79.12549019607843,3.576901052990628,0.016364280415400938,1.0,81.0,0.0,77,292
272.95066262174674,1154.8851455638937,73.68235294117648,3.7259991789201368,0.027270469462926952,1.0,81.0,0.0,77,40
353.68596930445193,2177.8839120496355,72.05490196078432,3.591114477330013,0.11363900713088441,1.0,81.0,0.0,77,186
479.01213901125794,2458.002006852668,80.11764705882354,3.592256587591083,0.01165408420732492,1.0,81.0,0.0,77,209
1098.005954123963,138.9984382625671,80.3529411764706,3.596362242083118,0.010555463454100194,1.0,81.0,0.0,78,244
1123.545063392806,782.0553037691469,68.35686274509804,3.569852541609685,0.16213791324320329,1.0,81.0,0.0,78,303
1148.8874494766296,1936.0160638408124,75.67843137254901,3.6786674287297316,0.05880236987267412,1.0,81.0,0.0,78,5
1231.031567923399,810.0033413125873,78.63529411764706,3.637197282169268,0.03866303707450849,1.0,81.0,0.0,78,149
1580.3865358126723,1091.0,68.32941176470588,3.5234766228085608,0.1566485950463124,1.0,81.0,0.0,78,52
1711.9850548329507,1428.0569242540168,76.88235294117646,3.5401655684411906,0.02759554933537079,0.996078431372549,81.0,0.0,78,17
729.8663677620427,1515.1608070424845,71.72156862745098,3.7466590727536313,0.06040186451173485,1.0,81.0,0.0,78,11
59.99472958329228,2331.007831740715,79.6156862745098,3.584602411128381,0.01600790519590626,1.0,81.0,0.0,78,292
130.02353616532722,1432.6111940298508,68.31372549019608,3.5217301483302017,0.12463130647861329,1.0,81.0,0.0,78,260
162.99565578171524,1519.9983892224338,80.34117647058824,3.5962455270678113,0.014328789203587232,1.0,81.0,0.0,78,29
194.15963904840032,1629.866557287394,71.70588235294117,3.74625143059585,0.06569022620481557,1.0,81.0,0.0,78,145
634.9955180981146,2030.9894772738344,80.49803921568628,3.598633518391143,0.011467872098593927,1.0,81.0,0.0,78,180
275.10789778104953,1155.9577768429908,74.58039215686274,3.7013255335956714,0.05527242626421244,1.0,81.0,0.0,78,40
353.79437751004014,2178.9516465863453,73.23529411764706,3.5796464641871553,0.09041168977962291,1.0,81.0,0.0,78,186
479.0197518610422,2457.05205955335,79.01960784313725,3.5752457445600907,0.005530296651836639,1.0,81.0,0.0,78,209
560.3485972446874,239.9119303921022,70.30980392156863,3.5718562646788694,0.13553009259962007,1.0,81.0,0.0,78,294
1097.9973226238287,140.03713619911747,79.09411764705882,3.57615490866725,0.0050265419927066094,1.0,81.0,0.0002090775290075111,79,244
1127.8226781258663,781.1773218741337,70.72549019607843,3.7541585850164525,0.07131597903344689,1.0,81.0,0.0002090775290075111,79,303
1146.9998539221892,1929.9933778059112,80.53725490196078,3.599347189408262,0.011379019219319487,1.0,81.0,0.0002090775290075111,79,5
1225.997335175681,809.992597710225,79.46666666666667,3.618789519147614,0.025413154621286144,1.0,81.0,0.0002090775290075111,79,149
1581.245396621266,1094.097971590577,67.08627450980393,3.4522860639073025,0.15668486092388864,1.0,80.0,0.00021169099956292253,79,52
1711.9607663769884,1428.9546678863649,77.16470588235295,3.5452913585049024,0.026293018179671324,0.996078431372549,81.0,0.0002090775290075111,79,17
729.0893322692206,1513.9106677307796,73.70588235294117,3.7281811824940223,0.039288719028068575,1.0,81.0,0.0002090775290075111,79,11
636.0066377080385,2029.004343794231,80.34901960784313,3.596280365349923,0.010998352318110272,1.0,81.0,0.0002090775290075111,79,180
146.98487114588127,1420.8158076392085,68.17254901960784,3.487973222664539,0.11926464270858518,1.0,80.0,0.00021169099956292253,79,260
162.00190699721284,1519.0061610679184,80.2,3.59367881243897,0.014098847743848137,1.0,81.0,0.0002090775290075111,79,29
193.06237857705435,1632.140614334471,74.68627450980392,3.6887289035827866,0.056970306218181756,1.0,81.0,0.0002090775290075111,79,145
272.9520232112326,1155.9520232112325,75.69019607843137,3.6964226962272564,0.01982529239598152,1.0,81.0,0.0002090775290075111,79,40
60.01248402634425,2331.987761722206,79.78823529411764,3.5870670518412107,0.013623064153388141,1.0,81.0,0.0002090775290075111,79,292
478.9982895958559,2457.005277818502,80.24705882352941,3.594719122689649,0.010135962366937246,1.0,81.0,0.0002090775290075111,79,209
553.0424501276108,256.98374915360176,75.29019607843138,3.5467824302575606,0.054566191188887954,1.0,81.0,0.0002090775290075111,79,294
353.69280611397244,2179.966661128648,70.81176470588235,3.5397488935807644,0.1259289909698233,1.0,81.0,0.0002090775290075111,79,186
1098.0031836214919,138.00798354312582,80.06666666666666,3.5917708648839857,0.010145630294059113,1.0,81.0,0.0003194026085363479,80,244
1127.7785593697242,783.206921778278,69.68627450980392,3.7556335474474127,0.08670649515304711,1.0,81.0,0.0003194026085363479,80,303
1146.9926568429353,1928.0060618007983,79.57254901960785,3.620712079242257,0.0248488435868757,1.0,81.0,0.0003194026085363479,80,5
1711.960621658088,1428.9948028584279,78.47450980392156,3.566301280367057,0.022104996889514762,1.0,81.0,0.0003194026085363479,80,17
729.2314008321775,1513.9062413314841,70.68627450980392,3.75378865480062,0.08046575879026566,1.0,81.0,0.0003194026085363479,80,11
1228.983055842051,812.0140464613722,79.84705882352941,3.588073220639197,0.01252512078373584,1.0,81.0,0.0003194026085363479,80,149
636.9970988838079,2029.9833308747602,79.75294117647059,3.586304830547907,0.012433181565467478,1.0,81.0,0.0003194026085363479,80,180
60.01291375983375,2331.984711295829,79.25882352941177,3.5789753241517523,0.016859085229484608,1.0,81.0,0.0003194026085363479,80,292
164.99439359267734,1407.5197368421052,68.54901960784314,3.559087700964658,0.12901691760448453,1.0,81.0,0.0003194026085363479,80,260
194.11120579463145,1631.0895291861953,73.6313725490196,3.7198224756171525,0.057844532202401426,1.0,81.0,0.0003194026085363479,80,145
176.88678293052206,1500.5918241462457,69.93333333333334,3.5888479390361354,0.11338671014704417,1.0,81.0,0.0003194026085363479,80,29
353.74184694866,2179.941018189646,72.87058823529412,3.605424404443015,0.10365663384476596,1.0,81.0,0.0003194026085363479,80,186
480.00293226468574,2459.984507868244,80.24313725490197,3.5950380665619277,0.010102341815148255,1.0,81.0,0.0003194026085363479,80,209
549.7793812237073,277.0458490867458,73.64313725490196,3.586247999851457,0.09019434431317308,1.0,81.0,0.0003194026085363479,80,294
274.02152902071083,1158.0469956532856,76.68627450980392,3.679418872884353,0.014346417141656841,1.0,81.0,0.0003194026085363479,80,40
1228.0032795031057,813.0170931677019,78.92156862745098,3.5734563187636423,0.013455090817474778,1.0,81.0,0.0003415308214294475,81,149
1098.001755926251,137.01312067115404,80.4,3.597066028211877,0.01124924121395857,1.0,81.0,0.0003415308214294475,81,244
1121.5477619619276,779.9647287486423,68.6,3.5905132342804125,0.15843887389665617,1.0,81.0,0.0003415308214294475,81,303
1145.9918241188493,1927.9910264719078,78.66274509803921,3.6428494973361563,0.012792717046667266,1.0,81.0,0.0003415308214294475,81,5
1712.0288778054862,1429.0244389027432,78.62745098039215,3.568908409012509,0.022574528005551868,0.996078431372549,81.0,0.0003415308214294475,81,17
719.1740481740482,1519.8237873237874,70.65882352941176,3.7533941423686894,0.07180343172579871,1.0,81.0,0.0003415308214294475,81,11
640.0018489684702,2035.0038925652004,80.59607843137255,3.600460050186031,0.012187299325668787,1.0,81.0,0.0003415308214294475,81,180
62.040382889620105,2326.967693688304,78.65882352941176,3.570047451709623,0.022510726313537167,0.996078431372549,81.0,0.0003415308214294475,81,292
166.0058921114353,1417.4802356844575,68.55294117647058,3.5591868124579364,0.12906713786337995,1.0,81.0,0.0003415308214294475,81,260
186.93669583118887,1482.62469262881,68.5764705882353,3.550081206277844,0.1256798744939419,1.0,81.0,0.0003415308214294475,81,29
190.9160609869392,1625.7057216241324,71.7607843137255,3.603565217631019,0.09351031306570808,1.0,81.0,0.0003415308214294475,81,145
272.95223292923015,1155.952025696819,75.69411764705882,3.6964390697947405,0.019788833377702604,1.0,81.0,0.0003415308214294475,81,40
479.00419062469547,2457.992252217133,80.47843137254903,3.5985370447841647,0.01137544271510506,1.0,81.0,0.0003415308214294475,81,209
550.6898564958803,278.1077099361598,71.87058823529412,3.5881740731829046,0.11374842029445108,1.0,81.0,0.0003415308214294475,81,294
352.8031373808759,2177.9534746760896,73.24705882352941,3.57994975680804,0.09563736495760182,1.0,81.0,0.0003415308214294475,81,186
1098.995371498173,143.01008526187576,80.49019607843137,3.598470374722964,0.011402310665911628,1.0,81.0,0.00024151679127378277,82,244
1118.7460725506999,782.2497572122251,68.6470588235294,3.7572361869649176,0.10053680263008087,1.0,81.0,0.00024151679127378277,82,303
1145.991729027176,1928.0033970066956,79.65490196078431,3.621620941429806,0.025276907929311906,1.0,81.0,0.00024151679127378277,82,5
1226.9938289744343,814.0087667744148,80.07058823529412,3.5918533544855777,0.01051150769281489,1.0,81.0,0.00024151679127378277,82,149
1712.060454158103,1429.0270690260163,78.23137254901961,3.5633802886666794,0.02670682446492117,0.996078431372549,81.0,0.00024151679127378277,82,17
697.0000572540937,1525.8012710408793,68.49411764705883,3.4946098751248074,0.1192369616990341,1.0,80.0,0.00024453575338868736,82,11
640.0052121389255,2034.0044814652442,80.50588235294117,3.5989928825464492,0.012309789095478202,1.0,81.0,0.00024151679127378277,82,180
62.01618892024358,2326.9902965493343,79.21176470588236,3.5782470115722216,0.01661709295691307,1.0,81.0,0.00024151679127378277,82,292
169.0082271610581,1416.4022167628407,68.63921568627451,3.527983317106188,0.1237663372052541,1.0,81.0,0.00024151679127378277,82,260
192.12267864072288,1629.2203558955596,70.74117647058823,3.7527675173165944,0.06206586011298728,1.0,81.0,0.00024151679127378277,82,145
200.8985593266066,1490.07840069066,72.67843137254901,3.7493142235229193,0.02776280985476844,1.0,81.0,0.00024151679127378277,82,29
360.71848453958546,2153.8688413183827,69.24705882352941,3.5554679525395594,0.14105828241288448,1.0,81.0,0.00024151679127378277,82,186
274.0864879074658,1153.916614090431,74.58823529411765,3.7016991011617266,0.051244512102742834,1.0,81.0,0.00024151679127378277,82,40
481.00224007791576,2457.990942293645,80.52941176470588,3.599109810670842,0.01138643704092347,1.0,81.0,0.00024151679127378277,82,209
561.1489407005216,273.96566592143085,73.67058823529412,3.553705014987352,0.08068330131051508,1.0,81.0,0.00024151679127378277,82,294
1119.533924485126,777.9383867276888,68.54901960784314,3.573324766318271,0.15959875789367786,1.0,81.0,0.00012075931818827401,83,303
1141.95304107627,1924.9795385953246,76.66274509803921,3.6790798334489963,0.02978499694003561,1.0,81.0,0.00012075931818827401,83,5
1228.0022371364653,812.9957202606751,80.63529411764706,3.6008677314523028,0.01214332150346432,1.0,81.0,0.00012075931818827401,83,149
670.976658330356,1540.2612242467549,65.85882352941177,3.4841463706165436,0.1508199920570643,1.0,79.0,0.00012381651668726465,83,11
1712.0685516271594,1429.0266673362796,78.08627450980393,3.5605591355818107,0.025259694032458875,0.996078431372549,81.0,0.00012075931818827401,83,17
1095.99481814144,142.99328825938903,79.46274509803922,3.6186947079342855,0.024034576941215073,1.0,81.0,0.00012075931818827401,83,244
640.9982939312698,2032.994686814526,80.45098039215686,3.597938587098086,0.011909294335114293,1.0,81.0,0.00012075931818827401,83,180
65.98286727057896,2325.003101614809,79.65490196078431,3.585072822767356,0.013731621803463623,1.0,81.0,0.00012075931818827401,83,292
168.9917728389419,1417.4022167628407,68.63921568627451,3.527983317106188,0.1237663372052541,1.0,81.0,0.00012075931818827401,83,260
188.86453652854053,1624.7548122261053,70.69411764705882,3.738898806721436,0.08070823718989939,1.0,81.0,0.00012075931818827401,83,145
276.0749199348979,1156.0354386517563,74.69411764705882,3.712130499749104,0.02199694183002463,1.0,81.0,0.00012075931818827401,83,40
202.01528805922112,1493.2519579444265,73.10588235294118,3.6281836143514785,0.07192069067927034,1.0,81.0,0.00012075931818827401,83,29
360.48348891481913,2142.876487747958,67.2156862745098,3.5414201872728692,0.17058079324787662,1.0,81.0,0.00012075931818827401,83,186
563.1864561516568,276.9462971913431,73.02352941176471,3.5760812674047533,0.09626745487785708,1.0,81.0,0.00012075931818827401,83,294
479.99536879052306,2457.0077024326038,80.44313725490196,3.597836222825741,0.01144390001852092,1.0,81.0,0.00012075931818827401,83,209
1229.0062087316448,812.0062580072928,79.58431372549019,3.6206281855048603,0.024937157732899624,1.0,81.0,0.0002091704632589626,84,149
1097.996249025721,142.0104247856586,80.50196078431372,3.5987150755312385,0.011347144890222587,1.0,81.0,0.0002091704632589626,84,244
1118.5716067581359,774.0078807120989,69.1686274509804,3.536447838981439,0.1483066973187017,1.0,81.0,0.0002091704632589626,84,303
1143.0469956532856,1925.021529020711,76.68627450980392,3.679418872884353,0.02998607130836102,1.0,81.0,0.0002091704632589626,84,5
1712.9465931863726,1429.0095190380762,78.27450980392157,3.562693583672652,0.020933559466940678,1.0,81.0,0.0002091704632589626,84,17
203.08839337980947,1489.910542280879,73.69019607843137,3.7278357108108815,0.03957346102501203,1.0,81.0,0.0002091704632589626,84,29
641.015509340853,1533.3025496416403,66.75294117647059,3.50039022951731,0.14667311581724685,1.0,80.0,0.000211785095494442,84,11
169.00999887018415,1418.1515647949384,69.41960784313726,3.488849517023449,0.10744133161291002,1.0,80.0,0.000211785095494442,84,260
188.93246824958587,1622.6466040861403,71.01960784313725,3.6136971772397755,0.09923745721806285,1.0,81.0,0.0002091704632589626,84,145
65.01161181934974,2325.0035082518034,79.36470588235294,3.5803705487188076,0.014943775395373107,1.0,81.0,0.0002091704632589626,84,292
362.9024968863057,2141.945495522211,66.12156862745098,3.4432282999642405,0.16824491641856198,1.0,77.0,0.00022003646758838856,84,186
274.88486299547753,1158.0294227188083,73.70588235294117,3.726389715785679,0.043268353438460576,1.0,81.0,0.0002091704632589626,84,40
638.0050153381701,2034.0072065053319,80.53725490196078,3.5993201329538302,0.011918604518960563,1.0,81.0,0.0002091704632589626,84,180
480.00472755629204,2458.9982941807193,80.46274509803922,3.5978787438305275,0.010720982361721771,1.0,81.0,0.0002091704632589626,84,209
563.2231782451668,276.93791162099,73.83529411764705,3.5898805558024947,0.09145428874673622,1.0,81.0,0.0002091704632589626,84,294
1145.071969309463,1924.9965217391305,76.66666666666667,3.6721736526256983,0.04750804339913314,1.0,81.0,0.00012077340070396094,85,5
1096.0005436125525,141.00513960958736,79.3529411764706,3.6168960777799306,0.02489197423046026,1.0,81.0,0.00012077340070396094,85,244
1126.4018607273752,772.9248942768537,69.54901960784314,3.581827705182615,0.14681934126511254,1.0,81.0,0.00012077340070396094,85,303
1229.007582471689,812.0032003938946,79.6470588235294,3.6215953297744377,0.025311221234820755,1.0,81.0,0.00012077340070396094,85,149
1712.981783981784,1429.995643995644,79.2235294117647,3.5781957469491243,0.017866305557860583,1.0,81.0,0.00012077340070396094,85,17
633.9115853658536,2032.944070647603,74.60392156862746,3.708893001995651,0.044528176165525166,1.0,81.0,0.00012077340070396094,85,180
67.01629447852761,2324.983509202454,79.90196078431373,3.5891178402450987,0.013822360227133117,1.0,81.0,0.00012077340070396094,85,292
168.95713473564524,1418.309664582149,68.98039215686275,3.5323647758417778,0.11701466953677672,1.0,81.0,0.00012077340070396094,85,260
188.9196253539534,1622.6929318231323,72.0156862745098,3.6077631753763155,0.09265839510501112,1.0,81.0,0.00012077340070396094,85,145
203.9743726074011,1486.811303700553,73.75686274509803,3.6167926199612332,0.0637322820553196,1.0,81.0,0.00012077340070396094,85,29
273.9105907397552,1161.911761575306,73.68627450980392,3.727749314903454,0.03937089214881281,1.0,81.0,0.00012077340070396094,85,40
365.7241052382081,2141.961128229438,66.18039215686275,3.491040915624942,0.18076056923382097,1.0,79.0,0.00012383095572253557,85,186
480.9955244210936,2460.003551274567,80.61176470588235,3.6003056560908306,0.012754161257710726,1.0,81.0,0.00012077340070396094,85,209
565.1864561516568,278.9462971913431,73.02352941176471,3.5760812674047533,0.09626745487785708,1.0,81.0,0.00012077340070396094,85,294
610.0041563239623,1527.3648906078624,67.93333333333334,3.518376888276333,0.13270992599762488,1.0,81.0,0.00012077340070396094,85,11
1120.7874096450535,775.0504908835904,72.69803921568628,3.713387094770915,0.09121960195491384,1.0,81.0,0.0,86,303
1096.983751846381,140.03111767602167,79.6470588235294,3.5852836687940495,0.00892076545612348,1.0,81.0,0.0,86,244
1144.0066826251746,1925.0090764013564,78.63529411764706,3.6424585774350735,0.013068400602061783,1.0,81.0,0.0,86,5
1227.0036004932183,812.001035758323,79.50980392156863,3.619429688505772,0.0014963748388461687,1.0,81.0,0.0,86,149
1712.9615557891575,1429.9812284126747,78.34117647058824,3.5639805345762574,0.02125184781357834,1.0,81.0,0.0,86,17
635.8135730482669,2035.9278155706727,72.63529411764706,3.7195148956928317,0.07713757644980755,1.0,81.0,0.0,86,180
66.98717321061392,2325.012728874963,80.10196078431373,3.59235619195666,0.013387430070952094,1.0,81.0,0.0,86,292
168.9917728389419,1418.4022167628407,68.63921568627451,3.527983317106188,0.1237663372052541,1.0,81.0,0.0,86,260
189.97722313873663,1628.1423021659305,73.69019607843137,3.71911742067969,0.033493404284844264,1.0,81.0,0.0,86,145
208.06103582309066,1496.140403403719,74.65882352941176,3.6883176872549726,0.05687416569206153,1.0,81.0,0.0,86,29
263.9785965285912,1149.8587477371952,73.65490196078431,3.718469473768116,0.033499712078634135,1.0,81.0,0.0,86,40
367.5613443423654,2137.7910222118853,67.44313725490196,3.5957165921931913,0.1711759624500498,1.0,81.0,0.0,86,186
481.0010721247563,2459.994493177388,80.47058823529412,3.598102976464093,0.011180190202123734,1.0,81.0,0.0,86,209
558.763211215158,282.0686709380647,71.61176470588235,3.549859217697635,0.10708552841185273,1.0,81.0,0.0,86,294
584.0151288541188,1517.1841923607915,68.17254901960784,3.487973222664539,0.11926464270858522,1.0,80.0,0.0,86,11
1141.9525928198834,1923.9786744400124,76.68235294117648,3.679401763968914,0.030033136515747537,1.0,81.0,0.0,87,5
1127.3652825127144,780.0207343653943,70.1686274509804,3.5515146882401853,0.13819970986223815,1.0,81.0,0.0,87,303
1228.0719805009594,810.9679510449619,75.61960784313726,3.6938118830344893,0.0426984895811908,1.0,81.0,0.0,87,149
1087.971651417429,130.00509974501276,78.43529411764706,3.6339633618838567,0.037160790522213924,1.0,81.0,0.0,87,244
1713.0105796673556,1430.0226355673653,79.69411764705882,3.5855770194962884,0.014635432977508111,1.0,81.0,0.0,87,17
637.6931409907457,2037.000163309744,72.03921568627452,3.6198208360551236,0.11458599072738726,1.0,81.0,0.0,87,180
67.00121796745591,2325.9968332846147,80.49411764705883,3.5987076398875164,0.012455201029342961,1.0,81.0,0.0,87,292
169.04184222846442,1407.4937382958801,67.01176470588236,3.5479592699569436,0.14173176181018998,1.0,81.0,0.0,87,260
188.02188922415996,1629.0721116964148,76.67843137254901,3.6723306464175307,0.03232510893825994,1.0,81.0,0.0,87,145
209.06458139662055,1488.7977251599498,71.71372549019608,3.7428848304548894,0.04858121333175603,1.0,81.0,0.0,87,29
366.81417513863215,2137.9605475970425,67.89019607843137,3.463601333284975,0.14898841258114223,1.0,79.0,0.0,87,186
264.995206391478,1154.1798668442077,73.62745098039215,3.7017791814013155,0.055519921818418284,1.0,81.0,0.0,87,40
569.0281698321427,1501.2609630016843,67.51764705882353,3.478608113912228,0.12886387473272362,1.0,80.0,0.0,87,11
558.8243374272786,282.04562594268475,72.8,3.57226019190791,0.0981842746097099,1.0,81.0,0.0,87,294
481.00336306477556,2460.0028269240142,80.45882352941176,3.598068020959685,0.011577471980911549,1.0,81.0,0.0,87,209
1081.9132758978617,113.9595702719535,75.56078431372549,3.68196712053309,0.04525973291716989,1.0,81.0,0.00017077187085573633,88,244
1126.5213112845,781.973622918365,67.34901960784313,3.554529551253232,0.1706914534400897,1.0,81.0,0.00017077187085573633,88,303
1144.1431384025966,1923.0225615920822,73.69803921568628,3.71913413418091,0.05939410926310863,1.0,81.0,0.00017077187085573633,88,5
1713.0045355945572,1430.996253204496,79.54509803921569,3.583056822608953,0.01654806482135537,1.0,81.0,0.00017077187085573633,88,17
1227.0208461380864,811.959229666052,76.56470588235294,3.6775995952572464,0.014720937158701958,1.0,81.0,0.00017077187085573633,88,149
66.99665189561792,2325.993402264894,79.6470588235294,3.5850227316174283,0.015352670092193087,1.0,81.0,0.00017077187085573633,88,292
169.03647130444406,1407.6932868448725,70.85882352941177,3.540855996460388,0.09830977963449876,1.0,81.0,0.00017077187085573633,88,260
206.9150998668442,1491.089640479361,73.62745098039215,3.7269022346060523,0.039698648326097305,1.0,81.0,0.00017077187085573633,88,29
274.9102905182505,1152.9105033521337,73.70196078431373,3.728094831360732,0.03942664509821863,1.0,81.0,0.00017077187085573633,88,40
178.93541860337945,1627.2160551211243,71.71372549019608,3.7373581592921172,0.056571147246648905,1.0,81.0,0.00017077187085573633,88,145
482.0096963134321,2461.014618299946,79.67450980392157,3.620244086950732,0.01720758126964854,1.0,81.0,0.00017077187085573633,88,209
562.9505026159544,1484.4905649285756,66.70980392156862,3.543816943355185,0.1447069957170088,1.0,81.0,0.00017077187085573633,88,11
567.2472149410223,280.9532000873744,71.81176470588235,3.5485307908010935,0.11326857075707955,1.0,81.0,0.00017077187085573633,88,294
637.6406424893664,2038.0340832773675,70.07058823529412,3.5498622895060494,0.13934594551609192,1.0,81.0,0.00017077187085573633,88,180
367.59863384760337,2129.9090802025676,66.59607843137255,3.499566741358556,0.1722512463149929,1.0,81.0,0.00017077187085573633,88,186
1226.9958577839143,811.998076828246,79.52549019607844,3.619638126481,0.0016908349989373803,1.0,81.0,0.0,89,149
1144.0881538297647,1922.0848513902206,73.62352941176471,3.7267942550128472,0.03950393864433899,1.0,81.0,0.0,89,5
1069.9526905944397,112.97153243561517,76.5921568627451,3.6762093773065945,0.031713015509646184,1.0,81.0,0.0,89,244
1117.6347174872856,782.9637288325043,70.1686274509804,3.5515146882401853,0.1377504851471119,1.0,81.0,0.0,89,303
1713.017543859649,1431.0063393778564,79.8,3.587384867590267,0.015045581943275443,1.0,81.0,0.0,89,17
168.96837631056957,1408.5990365542646,69.19607843137256,3.5672783236955103,0.1219105766969004,1.0,81.0,0.0,89,260
180.00924009088615,1625.9542539762685,77.66666666666667,3.657454785945349,0.019006618150029974,1.0,81.0,0.0,89,145
209.13347550306213,1487.8389654418197,71.71764705882353,3.746491505418767,0.06050913393954022,1.0,81.0,0.0,89,29
274.9663142620232,1151.9262023217248,75.67058823529412,3.6943493672225753,0.02639041585090068,1.0,81.0,0.0,89,40
65.99335139128294,2326.006648608717,79.62745098039215,3.584763510505218,0.01635913483164628,1.0,81.0,0.0,89,292
361.625,2127.875,66.16470588235295,3.493406374675718,0.17775243564884155,1.0,80.0,0.0,89,186
638.5490809542432,2038.0278786524386,70.1921568627451,3.5852183635819257,0.1387965195447575,1.0,81.0,0.0,89,180
557.637521457445,284.1232626391273,70.81960784313725,3.5806544707489905,0.12790833705293655,1.0,81.0,0.0,89,294
480.99314730822323,2460.9903372115955,79.54509803921569,3.6197776695056216,0.02417577440184146,1.0,81.0,0.0,89,209
574.027236440479,1459.5058112232919,66.8078431372549,3.5459533169570885,0.14628680060225596,1.0,81.0,0.0,89,11
1052.8876736471077,110.02156334231806,75.65490196078431,3.6800776051278636,0.0659328980416406,1.0,81.0,0.0007443541095073481,90,244
1117.5977602559708,782.9920580505085,68.63529411764706,3.527881663887845,0.15327807307680785,1.0,81.0,0.0007443541095073481,90,303
1142.9120642587147,1919.9380512389753,74.69803921568628,3.710370892910403,0.04525350785318241,1.0,81.0,0.0007443541095073481,90,5
1227.0088718024545,813.0080339100004,79.56470588235294,3.620461726359105,0.024497873496163503,1.0,81.0,0.0007443541095073481,90,149
1713.0139770658004,1431.0032974063683,79.68235294117648,3.5853887585351476,0.015364625359388295,1.0,81.0,0.0007443541095073481,90,17
60.00394691400661,2324.9782426365387,79.48627450980392,3.5823653577030425,0.013221550119265582,1.0,81.0,0.0007443541095073481,90,292
170.03464886825304,1409.4681950087058,67.56862745098039,3.558759720561946,0.13898720978627582,1.0,81.0,0.0007443541095073481,90,260
276.0622240908135,1154.0832457431154,74.61960784313726,3.709169135230147,0.036274014775268225,1.0,81.0,0.0007443541095073481,90,40
360.5094350714244,2128.8755511139852,66.70980392156862,3.5332261498582245,0.17570658360589572,1.0,81.0,0.0007443541095073481,90,186
210.07409461483002,1488.3352004880483,70.70980392156862,3.6083420008222165,0.1023254577803142,1.0,81.0,0.0007443541095073481,90,29
483.0087771793337,2459.9932176341513,78.63529411764706,3.642376428142053,0.012477634798374609,1.0,81.0,0.0007443541095073481,90,209
568.310941752858,279.920195971693,72.03921568627452,3.608101933774509,0.11560335460071035,1.0,81.0,0.0007443541095073481,90,294
598.0,1469.28813459268,66.43137254901961,3.493618740049699,0.1474232116900286,1.0,80.0,0.0007536586009832593,90,11
639.5355291949787,2039.1126338822987,68.10196078431373,3.5340759050409867,0.16125066886764122,1.0,81.0,0.0007443541095073481,90,180
1048.8889234760052,100.01805447470817,75.58823529411765,3.6790076483019973,0.06566073975305074,1.0,81.0,0.0012836836733908041,91,244
1119.6724368997097,780.8827339736431,70.22745098039216,3.5705969228584205,0.13630872586883797,1.0,81.0,0.0012836836733908041,91,303
1146.087938642572,1922.0590985501156,74.65098039215687,3.7096289466228547,0.04496335922543964,1.0,81.0,0.0012836836733908041,91,5
1225.991573593937,814.0085759872358,78.65098039215687,3.642827673431275,0.012777167439846126,1.0,81.0,0.0012836836733908041,91,149
1713.9836492192871,1430.9854659726996,79.86666666666666,3.588576975600561,0.014660712700018137,1.0,81.0,0.0012836836733908041,91,17
638.4452651624445,2039.0345663338912,67.95686274509804,3.5656461271738538,0.16213007860421358,1.0,81.0,0.0012836836733908041,91,180
56.000048730568686,2302.0029238341212,80.47450980392156,3.5982184568956708,0.012650819201395156,1.0,81.0,0.0012836836733908041,91,292
170.0,1420.4182541939153,68.96078431372548,3.532448391781936,0.12036601190449935,1.0,81.0,0.0012836836733908041,91,260
210.18691537662053,1487.1612056233248,71.69019607843137,3.7239697005943397,0.08287164101867377,1.0,81.0,0.0012836836733908041,91,29
270.91330147560785,1146.9381399989497,74.67843137254901,3.7100088018881703,0.045446100256019306,1.0,81.0,0.0012836836733908041,91,40
483.0375222137598,2461.0255902513327,77.23529411764706,3.6491121240977393,0.03901293367630148,1.0,81.0,0.0012836836733908041,91,209
558.6842134003167,283.0981816196145,71.8156862745098,3.587148590925455,0.11155815078222703,1.0,81.0,0.0012836836733908041,91,294
585.555977666494,1475.9356472687505,68.12941176470588,3.5656831865236507,0.16297042174559162,1.0,81.0,0.0012836836733908041,91,11
358.56760868293253,2127.868702826049,67.02352941176471,3.4850164493799247,0.16370368754913164,1.0,81.0,0.0012836836733908041,91,186
1227.0036483922752,813.9955246388091,80.6156862745098,3.600501821650601,0.012355226226715515,1.0,81.0,0.0006390652089268089,92,149
1137.4245969384785,789.1449275362319,67.37647058823529,3.511486800416934,0.16816228087236007,1.0,81.0,0.0006390652089268089,92,303
1050.044838742291,70.99519765443333,77.5764705882353,3.6559940630726584,0.040793014101581,1.0,81.0,0.0006390652089268089,92,244
1142.9106591417315,1920.913587477372,73.65490196078431,3.727179168106359,0.03917418624369845,1.0,81.0,0.0006390652089268089,92,5
1714.006276355791,1431.009218397568,79.97647058823529,3.5903010795361094,0.014681562260715505,1.0,81.0,0.0006390652089268089,92,17
66.9943043520592,2293.003212929608,80.55686274509804,3.599517757810578,0.013017552939979929,1.0,81.0,0.0006390652089268089,92,292
169.98039443155452,1409.648897911833,67.6078431372549,3.511936886684566,0.13359570292695958,1.0,81.0,0.0006390652089268089,92,260
212.12742187921637,1484.9618435965244,72.66274509803921,3.74750893208689,0.039214978422711544,1.0,81.0,0.0006390652089268089,92,29
269.91197445449706,1146.9104310803618,73.68627450980392,3.727756453225041,0.03948433938136919,1.0,81.0,0.0006390652089268089,92,40
348.5831325301205,2113.8604760505436,66.72549019607843,3.4803761183757103,0.16521738801100724,1.0,81.0,0.0006390652089268089,92,186
481.9901960784314,2459.9963543206227,79.6,3.618951169503121,0.01718809410513054,1.0,81.0,0.0006390652089268089,92,209
558.803368375885,282.03867195880713,73.11372549019607,3.5778421891895227,0.09443727469642614,1.0,81.0,0.0006390652089268089,92,294
599.3025496416402,1465.984490659147,66.75294117647059,3.50039022951731,0.17695673241614363,1.0,80.0,0.0006470535652410195,92,11
644.0318898766848,2033.690737023229,68.37254901960785,3.4904104772482767,0.11632820884729814,1.0,81.0,0.0006390652089268089,92,180
1142.955248004849,1921.99065562178,77.63921568627451,3.6569827150313667,0.041592675340942534,1.0,81.0,0.0005123582479209497,93,5
1125.4681950087058,795.965351131747,67.56862745098039,3.558759720561946,0.16852023926796234,1.0,81.0,0.0005123582479209497,93,303
1046.97552919982,47.9947955762398,78.36470588235294,3.6328594822556988,0.03800356641583788,1.0,81.0,0.0005123582479209497,93,244
1227.9965906877069,814.0070134424313,80.51764705882353,3.599210359964213,0.011633036334352463,1.0,81.0,0.0005123582479209497,93,149
1713.9978476740205,1431.0014674949862,80.1686274509804,3.5932453603033543,0.012907606040090216,1.0,81.0,0.0005123582479209497,93,17
640.5716067581359,2038.9921192879012,69.1686274509804,3.536447838981439,0.1483066973187017,1.0,81.0,0.0005123582479209497,93,180
75.00761941975188,2312.988717397675,80.29019607843138,3.595370287759705,0.012687084238350488,1.0,81.0,0.0005123582479209497,93,292
171.03464886825304,1410.4681950087058,67.56862745098039,3.558759720561946,0.13898720978627582,1.0,81.0,0.0005123582479209497,93,260
207.90635581459895,1486.2284762697752,70.6470588235294,3.752996767243892,0.060978404923133986,1.0,81.0,0.0005123582479209497,93,29
269.9247690046199,1146.9383137337254,74.69803921568628,3.7120896282029405,0.03360594328003358,1.0,81.0,0.0005123582479209497,93,40
481.99400449662755,2460.9996502623035,78.49019607843137,3.6403997880778456,0.011420194384339829,1.0,81.0,0.0005123582479209497,93,209
558.7793812237073,282.0458490867458,73.64313725490196,3.586247999851457,0.09019434431317308,1.0,81.0,0.0005123582479209497,93,294
599.0770612434093,1483.424995654441,67.68235294117648,3.558643484502811,0.13607748874839865,1.0,81.0,0.0005123582479209497,93,11
344.61281008779684,2104.8873961463673,66.55294117647058,3.5092745624624944,0.1758637248905324,1.0,81.0,0.0005123582479209497,93,186
1227.9998535442296,814.0027826596368,80.32941176470588,3.5960473212477333,0.010832902989074359,1.0,81.0,0.0002091671338909883,94,149
1046.993433720069,50.99560602320415,79.43137254901961,3.618215524854783,0.023354329759593798,1.0,81.0,0.0002091671338909883,94,244
1129.3392666028276,794.0193206781952,69.61960784313726,3.5428829188962347,0.1428926081678349,1.0,81.0,0.0002091671338909883,94,303
1142.979673357941,1920.9851848106387,77.55686274509804,3.66092701521205,0.01868365978521745,1.0,81.0,0.0002091671338909883,94,5
1714.0137060326194,1431.0159658086068,79.82745098039216,3.5879046169295963,0.014792853821257437,1.0,81.0,0.0002091671338909883,94,17
77.99269572037845,2328.0116182165793,79.99607843137255,3.5905028029455295,0.014267292818983595,1.0,81.0,0.0002091671338909883,94,292
170.98067932180476,1409.6607333971724,69.61960784313726,3.5428829188962347,0.11394121429493484,1.0,81.0,0.0002091671338909883,94,260
211.03245590230665,1488.260841248304,72.25490196078431,3.663276258265143,0.08506359485669798,1.0,81.0,0.0002091671338909883,94,29
341.5633177570094,2097.874941588785,67.13725490196079,3.4875362189523815,0.16455944996278898,1.0,81.0,0.0002091671338909883,94,186
483.0019447685725,2460.9971314663553,80.65882352941176,3.6011863834490945,0.01230920402058692,1.0,81.0,0.0002091671338909883,94,209
558.8140409303325,282.0380297577483,73.00784313725491,3.5758946592062983,0.0976686412381376,1.0,81.0,0.0002091671338909883,94,294
593.0631028471819,1477.5871005229517,67.49019607843137,3.556696101528595,0.1406317744576563,1.0,81.0,0.0002091671338909883,94,11
655.5316308763784,2037.1081253627394,67.56862745098039,3.548347771774949,0.170264604625781,1.0,81.0,0.0002091671338909883,94,180
272.1270238602471,1149.059384320409,73.6313725490196,3.7178962398023008,0.055384918607737664,1.0,81.0,0.0002091671338909883,94,40
1144.0465068633478,1922.0149047326368,76.56470588235294,3.6776135225253426,0.029194502191381113,1.0,81.0,0.0004979230784034961,95,5
1043.996444574323,50.990356516656924,80.51764705882353,3.5988652777988173,0.011298312753053059,1.0,81.0,0.0004979230784034961,95,244
1227.9961949363383,814.0040977608663,80.38823529411765,3.5969969750337394,0.010739908675302428,1.0,81.0,0.0004979230784034961,95,149
1118.2453596924768,784.1008786381109,71.41176470588235,3.613302957778344,0.1200053979133279,1.0,81.0,0.0004979230784034961,95,303
1714.018672809253,1431.0146049794157,80.0156862745098,3.5911206905580446,0.015214104622061905,1.0,81.0,0.0004979230784034961,95,17
647.9885305076851,2032.5746390312063,67.35686274509804,3.538044281212068,0.1370545363621041,1.0,81.0,0.0004979230784034961,95,180
66.013187029474,2342.9924715839197,79.69803921568628,3.5858593180932417,0.014520397963540238,1.0,81.0,0.0004979230784034961,95,292
170.96868524061708,1410.4372553534424,68.12549019607843,3.569125931163382,0.13185611268879044,1.0,81.0,0.0004979230784034961,95,260
208.9499487622027,1490.1584596300092,72.70980392156862,3.7354684015323807,0.034274546857201715,1.0,81.0,0.0004979230784034961,95,29
272.0736711221635,1149.008755569371,75.69411764705882,3.6947357723831478,0.03486635839619946,1.0,81.0,0.0004979230784034961,95,40
341.4864800899355,2095.784923968996,66.27843137254902,3.5673011558095933,0.18479026677478502,1.0,81.0,0.0004979230784034961,95,186
483.00938123752496,2460.9960578842315,78.58823529411765,3.6417475680367244,0.011945068912256081,1.0,81.0,0.0004979230784034961,95,209
557.7757118572035,282.05152996175093,73.81960784313725,3.5892186388877256,0.09067074325621596,1.0,81.0,0.0004979230784034961,95,294
588.7851501700583,1464.530639303626,68.02745098039216,3.6060788527781846,0.14525763728017635,1.0,81.0,0.0004979230784034961,95,11
1143.9539871020575,1924.9815743678985,76.61960784313726,3.6786199662614925,0.029739436744770475,1.0,81.0,0.0,96,5
1041.0022784810126,71.02121518987342,77.45098039215686,3.6575290822277506,0.002328784038450785,1.0,81.0,0.0,96,244
1228.013895732729,815.0049768404455,79.58431372549019,3.6190082693265877,0.016641385189931607,1.0,81.0,0.0,96,149
1113.5628383491471,782.795273298795,67.3686274509804,3.5946208785802853,0.17134035892320532,1.0,81.0,0.0,96,303
1715.0040207904285,1431.018044522899,79.97647058823529,3.5901781612038497,0.014339403957851368,1.0,81.0,0.0,96,17
67.0156908894773,2340.984946552908,79.97647058823529,3.5902805934396413,0.013050354215751429,1.0,81.0,0.0,96,292
171.93928591962285,1409.5491864543208,68.2078431372549,3.566914215325426,0.13293719381110486,1.0,81.0,0.0,96,260
210.064807219032,1486.7980311730928,71.70588235294117,3.7428703530349687,0.04855005803124388,1.0,81.0,0.0,96,29
272.11610088326063,1149.0494306693627,73.70196078431373,3.726360343984058,0.04403072504923518,1.0,81.0,0.0,96,40
337.7801447654917,2093.9646913434945,66.63921568627451,3.4622834342641076,0.1631208703018709,1.0,79.0,0.0,96,186
484.04730489925333,2460.978418737854,76.68235294117648,3.6793392174156665,0.02997197723829062,1.0,81.0,0.0,96,209
569.1980632389921,277.9506714461506,73.29803921568627,3.58067743163251,0.09588670643762284,1.0,81.0,0.0,96,294
599.0355181680103,1472.4897768430892,67.12941176470588,3.5504311565441604,0.1421183804829401,1.0,81.0,0.0,96,11
647.9917728389419,2032.5977832371593,68.63921568627451,3.527983317106188,0.12376633720525412,1.0,81.0,0.0,96,180
1039.0050194931773,70.99195906432749,80.47058823529412,3.598231642788676,0.011250282837848489,1.0,81.0,0.0002091597527735288,97,244
1113.5826593518466,786.9289067360444,69.33725490196079,3.6594621691522637,0.14724285794535896,1.0,81.0,0.0002091597527735288,97,303
1146.0050295857989,1927.9926035502958,79.52941176470588,3.619664678749645,0.024859536857490042,1.0,81.0,0.0002091597527735288,97,5
1227.9952539387416,814.0217731676289,80.14901960784314,3.5934125505826358,0.01067657655159372,1.0,81.0,0.0002091597527735288,97,149
1714.9903169014085,1431.9867468701095,80.18823529411765,3.5936702634550812,0.013278985537916267,1.0,81.0,0.0002091597527735288,97,17
60.997443084034025,2345.9876087918574,79.75294117647059,3.586483067796952,0.014728266780733428,1.0,81.0,0.0002091597527735288,97,292
163.8918746372606,1413.4683691236216,67.56862745098039,3.548347771774949,0.14212602375225505,1.0,81.0,0.0002091597527735288,97,260
211.1319877475112,1490.202330160814,71.69411764705882,3.7296360253118555,0.07509380215945663,1.0,81.0,0.0002091597527735288,97,29
334.7241052382081,2090.961128229438,66.18039215686275,3.491040915624942,0.18076056923382097,1.0,79.0,0.0002144549393506927,97,186
269.91728842464295,1147.910946493285,73.58431372549019,3.726335836697135,0.040105329003190866,1.0,81.0,0.0002091597527735288,97,40
590.9664236151947,1483.490179936493,66.69019607843137,3.543458458599228,0.14587997361302188,1.0,81.0,0.0002091597527735288,97,11
583.3711886875828,258.88323022536457,70.99607843137255,3.584039347836527,0.1279041137367678,1.0,81.0,0.0002091597527735288,97,294
653.4599228954486,2039.1575464641235,68.15294117647059,3.5250658090222573,0.16069669513680326,1.0,81.0,0.0002091597527735288,97,180
484.00867527546495,2460.9910754350103,78.65490196078431,3.6427916077525064,0.012821887651965428,1.0,81.0,0.0002091597527735288,97,209
1039.9771636437124,73.01808720254635,77.61960784313726,3.661896803966493,0.01817747508594484,1.0,81.0,0.0004831184786784582,98,244
1120.2879359634076,788.0471698113207,68.58823529411765,3.527357752743209,0.1519727637868536,1.0,81.0,0.0004831184786784582,98,303
1148.0582205615028,1932.9840941223995,77.66274509803921,3.6520414270005723,0.04764525605262352,1.0,81.0,0.0004831184786784582,98,5
1228.00316394081,814.992503894081,80.56470588235294,3.5996941393952158,0.011733258044922095,1.0,81.0,0.0004831184786784582,98,149
1715.993759141882,1430.9991711360312,80.43137254901961,3.5976656931662605,0.013902334105741005,1.0,81.0,0.0004831184786784582,98,17
60.989263653299346,2348.02039415629,79.99215686274509,3.590529371385375,0.01349011690422229,1.0,81.0,0.0004831184786784582,98,292
169.9917728389419,1411.5977832371593,68.63921568627451,3.527983317106188,0.12376633720525412,1.0,81.0,0.0004831184786784582,98,260
211.09207388096954,1486.7668755893283,70.70196078431373,3.7539041743234165,0.06031179643359343,1.0,81.0,0.0004831184786784582,98,29
272.08968418810247,1150.0846248069447,73.63529411764706,3.726875229662571,0.03907144455195802,1.0,81.0,0.0004831184786784582,98,40
333.65441044373915,2088.8562189352656,65.48627450980392,3.4629604870760513,0.18324624959738442,1.0,80.0,0.0004891574774631808,98,186
654.3888059701493,2038.0235361653272,68.31372549019608,3.5217301483302017,0.15417907888961158,1.0,81.0,0.0004831184786784582,98,180
585.4665636092981,249.8837169357609,68.49411764705883,3.5558072261020546,0.1572197638525648,1.0,81.0,0.0004831184786784582,98,294
484.0092204944179,2460.9920753588517,78.68235294117648,3.6430386303908358,0.012884261108407322,1.0,81.0,0.0004831184786784582,98,209
594.0658423953523,1458.9985103530464,78.97647058823529,3.5796707118509214,0.03303834886114445,1.0,80.0,0.0004891574774631808,98,11
1040.9939319190923,72.00118401578688,79.49019607843137,3.6190241729614803,0.024247066389113742,1.0,81.0,0.00017079221887887077,99,244
1110.6501627933087,785.9554283148086,69.85882352941177,3.5472875736113973,0.14077928516706567,1.0,81.0,0.00017079221887887077,99,303
1148.926517075193,1942.9663678291963,75.67450980392157,3.6944009294747353,0.04261347689925597,1.0,81.0,0.00017079221887887077,99,5
1228.0064976305632,814.0132883873174,80.27058823529411,3.595184352723774,0.011062504014435634,1.0,81.0,0.00017079221887887077,99,149
1715.9937594461508,1430.998927404807,80.43529411764706,3.5977473870507732,0.013950221477732002,1.0,81.0,0.00017079221887887077,99,17
53.01716443529008,2354.982198028542,79.96470588235294,3.590271512247524,0.013505247508231991,1.0,81.0,0.00017079221887887077,99,292
162.96672494501155,1418.4161073825503,69.53333333333333,3.573538376313683,0.12020230457196888,1.0,81.0,0.00017079221887887077,99,260
211.04178489957158,1491.362710732766,70.48235294117647,3.6743898268676625,0.10447486182822091,1.0,81.0,0.00017079221887887077,99,29
270.9912403462396,1147.9275903177318,75.65882352941176,3.6941735979109884,0.009141899989035399,1.0,81.0,0.00017079221887887077,99,40
485.0191005558363,2462.00252652855,77.6078431372549,3.6616637895816293,0.017579284365893434,1.0,81.0,0.00017079221887887077,99,209
591.9177177177177,1452.156096096096,65.29411764705883,3.4250534289250134,0.14440846196608192,1.0,77.0,0.0001796645453333916,99,11
654.436430105031,2038.01972958858,67.58039215686274,3.5422117342543995,0.16538324614597813,1.0,81.0,0.00017079221887887077,99,180
333.50914221882533,2089.876006819919,66.70196078431373,3.5330178739688716,0.17566997940709872,1.0,81.0,0.00017079221887887077,99,186
1155.1421881651768,1948.0226160068114,73.69411764705882,3.719111469619698,0.0594271521363443,1.0,81.0,0.00027005561763759894,100,5
1110.5716067581359,785.9921192879011,69.1686274509804,3.536447838981439,0.1483066973187017,1.0,81.0,0.00027005561763759894,100,303
1045.9908346134152,68.02887864823349,76.58823529411765,3.6814462640356544,0.011819860887884994,1.0,81.0,0.00027005561763759894,100,244
1228.9946404209707,814.9930325472617,80.48627450980392,3.598497109365501,0.011639780024394935,1.0,81.0,0.00027005561763759894,100,149
1715.9974674913553,1431.0034091462524,80.52156862745097,3.599163309102957,0.013627625063678098,1.0,81.0,0.00027005561763759894,100,17
332.66951549804395,2089.8388203430636,65.15686274509804,3.4557779796274355,0.1819706569485655,1.0,80.0,0.00027343131596727126,100,186
52.00049195651104,2355.9925714566834,79.71372549019608,3.586233606624233,0.015157385738908558,1.0,81.0,0.00027005561763759894,100,292
141.97223024074822,1393.3674730096416,67.92549019607843,3.516553019895401,0.13036557037458188,1.0,81.0,0.00027005561763759894,100,260
209.98772366668598,1482.7606115003764,67.72156862745098,3.5160181259052643,0.13617337344180847,1.0,80.0,0.00027343131596727126,100,29
649.9764638346728,2031.6111940298508,68.31372549019608,3.5217301483302017,0.1246313064786133,1.0,81.0,0.00027005561763759894,100,180
269.9172975215182,1149.0149849631857,75.6313725490196,3.692148562556099,0.050085927443367,1.0,81.0,0.00027005561763759894,100,40
485.0353312956535,2460.9521317929857,75.69803921568628,3.6947312079023935,0.019079932348435472,1.0,81.0,0.00027005561763759894,100,209
587.8439039039039,1446.9177177177178,65.29411764705883,3.4250534289250134,0.172861693719585,1.0,77.0,0.0002840844943162908,100,11
